method,group,capture,segment_id,raw_stem,raw_valid,raw_C,raw_P,threshold_C,threshold_P,capture_trigger,raw_bad,stem,valid,selection_outcome,retry_rank,C,P,L_px,ring_px,Dxy_mm,sharpness,chosen_model_candidate,chosen_shape
S5_CPAG39_reproduced,GP_IIa_14.0mm_closed_R10_single_refY,GP_IIa_14.0mm_closed_R10_single_refY_004,1,GP_IIa_14.0mm_closed_R10_single_refY_004-raw01-01,True,0.7215785430802714,0.661648370796306,0.08503077259013787,0.3175049108502854,False,False,GP_IIa_14.0mm_closed_R10_single_refY_004-raw01-01,True,raw_kept,,0.7215785430802714,0.661648370796306,309.20584106445364,216.1426696777344,14.305636250605888,21.27318983740159,A,ellipse
S5_CPAG39_reproduced,GP_IIa_14.0mm_closed_R10_single_refY,GP_IIa_14.0mm_closed_R10_single_refY_004,2,GP_IIa_14.0mm_closed_R10_single_refY_004-raw02-11,True,0.6789004197761194,0.6680658159838818,0.08503077259013787,0.3175049108502854,False,False,GP_IIa_14.0mm_closed_R10_single_refY_004-raw02-11,True,raw_kept,,0.6789004197761194,0.6680658159838818,324.37747192382835,228.4602203369141,14.19842244069726,19.39027124866909,A,ellipse
S5_CPAG39_reproduced,GP_IIa_14.0mm_closed_R10_single_refY,GP_IIa_14.0mm_closed_R10_single_refY_004,3,GP_IIa_14.0mm_closed_R10_single_refY_004-raw03-04,True,0.7177854274239817,0.6654917495866995,0.08503077259013787,0.3175049108502854,False,False,GP_IIa_14.0mm_closed_R10_single_refY_004-raw03-04,True,raw_kept,,0.7177854274239817,0.6654917495866995,330.0680541992194,236.9160614013672,13.93185638182798,17.31454426171573,A,ellipse
S5_CPAG39_reproduced,GP_IIa_14.0mm_closed_R10_single_refY,GP_IIa_14.0mm_closed_R10_single_refY_004,4,GP_IIa_14.0mm_closed_R10_single_refY_004-raw04-22,True,0.994395048287264,0.2482255766875765,0.08503077259013787,0.3175049108502854,False,True,GP_IIa_14.0mm_closed_R10_single_refY_004-raw04-22,True,raw_kept,,0.994395048287264,0.2482255766875765,509.9019555865165,266.8399353027344,19.108907180929386,14.22788949787352,A,circle
S5_CPAG39_reproduced,GP_IIa_14.0mm_closed_R10_single_refY,GP_IIa_14.0mm_closed_R10_single_refY_004,5,GP_IIa_14.0mm_closed_R10_single_refY_004-raw05-14,True,0.9938862264962028,0.2556009382076997,0.08503077259013787,0.3175049108502854,False,True,GP_IIa_14.0mm_closed_R10_single_refY_004-raw05-14,True,raw_kept,,0.9938862264962028,0.2556009382076997,566.1057358243272,297.1871643066406,19.048794962093748,13.786705698267616,A,circle
S5_CPAG39_reproduced,GP_IIa_14.0mm_closed_R10_single_refY,GP_IIa_14.0mm_closed_R10_single_refY_005,1,GP_IIa_14.0mm_closed_R10_single_refY_005-raw01-16,True,0.030419661488523,0.6149732620320856,0.08503077259013787,0.3175049108502854,False,True,GP_IIa_14.0mm_closed_R10_single_refY_005-raw01-16,True,raw_kept,,0.030419661488523,0.6149732620320856,88.49064636230476,233.70021057128903,3.786502637117268,16.14871286496292,B,ellipse
S5_CPAG39_reproduced,GP_IIa_14.0mm_closed_R10_single_refY,GP_IIa_14.0mm_closed_R10_single_refY_005,2,GP_IIa_14.0mm_closed_R10_single_refY_005-raw02-23,True,0.9954524783992724,0.4191072583155727,0.08503077259013787,0.3175049108502854,False,False,GP_IIa_14.0mm_closed_R10_single_refY_005-raw02-23,True,raw_kept,,0.9954524783992724,0.4191072583155727,393.0165690769501,232.48146057128903,16.905286473646942,19.658792185577365,A,circle
S5_CPAG39_reproduced,GP_IIa_14.0mm_closed_R10_single_refY,GP_IIa_14.0mm_closed_R10_single_refY_005,3,GP_IIa_14.0mm_closed_R10_single_refY_005-raw03-09,True,0.9962680695128256,0.3654663316894637,0.08503077259013787,0.3175049108502854,False,False,GP_IIa_14.0mm_closed_R10_single_refY_005-raw03-09,True,raw_kept,,0.9962680695128256,0.3654663316894637,417.8025911373125,237.9478912353516,17.55857507155076,18.70948619017306,A,circle
S5_CPAG39_reproduced,GP_IIa_14.0mm_closed_R10_single_refY,GP_IIa_14.0mm_closed_R10_single_refY_005,4,GP_IIa_14.0mm_closed_R10_single_refY_005-raw04-20,True,0.8002965983872463,0.2855818994290561,0.08503077259013787,0.3175049108502854,False,True,GP_IIa_14.0mm_closed_R10_single_refY_005-raw04-20,True,raw_kept,,0.8002965983872463,0.2855818994290561,566.7159423828132,262.50390625,21.588857494680138,16.62574811770121,A,ellipse
S5_CPAG39_reproduced,GP_IIa_14.0mm_closed_R10_single_refY,GP_IIa_14.0mm_closed_R10_single_refY_005,5,GP_IIa_14.0mm_closed_R10_single_refY_005-raw05-04,True,0.7156303901437372,0.9942507017922696,0.08503077259013787,0.3175049108502854,False,False,GP_IIa_14.0mm_closed_R10_single_refY_005-raw05-04,True,raw_kept,,0.7156303901437372,0.9942507017922696,272.561398665067,273.0774230957031,9.981103365309853,20.75117325732856,A,circle
S5_CPAG39_reproduced,GP_IIa_14.0mm_closed_R5_single_refY,GP_IIa_14.0mm_closed_R5_single_refY_004,1,GP_IIa_14.0mm_closed_R5_single_refY_004-raw01-10,True,0.7149060882214521,0.8899330002271179,0.08503077259013787,0.3175049108502854,False,False,GP_IIa_14.0mm_closed_R5_single_refY_004-raw01-10,True,raw_kept,,0.7149060882214521,0.8899330002271179,331.2182922363285,112.9689483642578,14.65970503542025,19.319281011115184,A,ellipse
S5_CPAG39_reproduced,GP_IIa_14.0mm_closed_R5_single_refY,GP_IIa_14.0mm_closed_R5_single_refY_004,2,GP_IIa_14.0mm_closed_R5_single_refY_004-raw02-01,True,0.6468443370137452,0.6623754519001852,0.08503077259013787,0.3175049108502854,False,False,GP_IIa_14.0mm_closed_R5_single_refY_004-raw02-01,True,raw_kept,,0.6468443370137452,0.6623754519001852,355.7749633789068,105.98719787597656,16.783864962409176,9.185083480824366,A,ellipse
S5_CPAG39_reproduced,GP_IIa_14.0mm_closed_R5_single_refY,GP_IIa_14.0mm_closed_R5_single_refY_004,3,GP_IIa_14.0mm_closed_R5_single_refY_004-raw03-01,True,0.6343215548991722,0.6322784569100118,0.08503077259013787,0.3175049108502854,False,False,GP_IIa_14.0mm_closed_R5_single_refY_004-raw03-01,True,raw_kept,,0.6343215548991722,0.6322784569100118,381.02102661132886,114.71360778808594,16.607490338687644,10.506796518843853,A,ellipse
S5_CPAG39_reproduced,GP_IIa_14.0mm_closed_R5_single_refY,GP_IIa_14.0mm_closed_R5_single_refY_004,4,GP_IIa_14.0mm_closed_R5_single_refY_004-raw04-16,True,0.7340088582170263,0.7299864314789688,0.08503077259013787,0.3175049108502854,False,False,GP_IIa_14.0mm_closed_R5_single_refY_004-raw04-16,True,raw_kept,,0.7340088582170263,0.7299864314789688,420.78741455078136,138.7677764892578,15.16156795174112,10.505636635503649,B,ellipse
S5_CPAG39_reproduced,GP_IIa_14.0mm_closed_R5_single_refY,GP_IIa_14.0mm_closed_R5_single_refY_004,5,GP_IIa_14.0mm_closed_R5_single_refY_004-raw05-14,True,0.7032277463297295,0.7094176911376862,0.08503077259013787,0.3175049108502854,False,False,GP_IIa_14.0mm_closed_R5_single_refY_004-raw05-14,True,raw_kept,,0.7032277463297295,0.7094176911376862,423.34213256836017,135.64784240722656,15.6044550748345,9.416144652631552,A,ellipse
S5_CPAG39_reproduced,GP_IIa_14.0mm_closed_R5_single_refY,GP_IIa_14.0mm_closed_R5_single_refY_005,1,GP_IIa_14.0mm_closed_R5_single_refY_005-raw01-12,True,0.8660016000783712,0.8475166410650281,0.08503077259013787,0.3175049108502854,False,False,GP_IIa_14.0mm_closed_R5_single_refY_005-raw01-12,True,raw_kept,,0.8660016000783712,0.8475166410650281,340.7199707031256,116.29557037353516,14.648879987808249,12.92599923508138,A,ellipse
S5_CPAG39_reproduced,GP_IIa_14.0mm_closed_R5_single_refY,GP_IIa_14.0mm_closed_R5_single_refY_005,2,GP_IIa_14.0mm_closed_R5_single_refY_005-raw02-24,True,0.8751106283691367,0.808649230095018,0.08503077259013787,0.3175049108502854,False,False,GP_IIa_14.0mm_closed_R5_single_refY_005-raw02-24,True,raw_kept,,0.8751106283691367,0.808649230095018,316.44329833984415,108.62914276123048,14.5653040379502,12.300424093288848,A,ellipse
S5_CPAG39_reproduced,GP_IIa_14.0mm_closed_R5_single_refY,GP_IIa_14.0mm_closed_R5_single_refY_005,3,GP_IIa_14.0mm_closed_R5_single_refY_005-raw03-20,True,0.839887535843295,0.9941142829909928,0.08503077259013787,0.3175049108502854,False,False,GP_IIa_14.0mm_closed_R5_single_refY_005-raw03-20,True,raw_kept,,0.839887535843295,0.9941142829909928,274.0683312472296,106.94412231445312,12.813622914281,20.56699978236329,A,circle
S5_CPAG39_reproduced,GP_IIa_14.0mm_closed_R5_single_refY,GP_IIa_14.0mm_closed_R5_single_refY_005,4,GP_IIa_14.0mm_closed_R5_single_refY_005-raw04-08,True,0.987810630790422,0.7193084834780071,0.08503077259013787,0.3175049108502854,False,False,GP_IIa_14.0mm_closed_R5_single_refY_005-raw04-08,True,raw_kept,,0.987810630790422,0.7193084834780071,331.83204102438407,110.79039764404295,14.975667931553188,22.32708351697451,B,circle
S5_CPAG39_reproduced,GP_IIa_14.0mm_closed_R5_single_refY,GP_IIa_14.0mm_closed_R5_single_refY_005,5,GP_IIa_14.0mm_closed_R5_single_refY_005-raw05-24,True,0.845037510761284,0.7836686431688953,0.08503077259013787,0.3175049108502854,False,False,GP_IIa_14.0mm_closed_R5_single_refY_005-raw05-24,True,raw_kept,,0.845037510761284,0.7836686431688953,343.9058227539065,119.56922912597656,14.381033701888787,24.897114998353555,B,ellipse
S5_CPAG39_reproduced,GP_IIa_22.0mm_closed_R10_single_refY,GP_IIa_22.0mm_closed_R10_single_refY_005,1,GP_IIa_22.0mm_closed_R10_single_refY_005-raw01-21,True,0.5705258065491489,0.6062101799341875,0.08503077259013787,0.3175049108502854,False,False,GP_IIa_22.0mm_closed_R10_single_refY_005-raw01-21,True,raw_kept,,0.5705258065491489,0.6062101799341875,430.6736755371098,186.12234497070312,23.1392783926562,26.33966459671657,B,ellipse
S5_CPAG39_reproduced,GP_IIa_22.0mm_closed_R10_single_refY,GP_IIa_22.0mm_closed_R10_single_refY_005,2,GP_IIa_22.0mm_closed_R10_single_refY_005-raw02-06,True,0.5920108736691082,0.6260292812004944,0.08503077259013787,0.3175049108502854,False,False,GP_IIa_22.0mm_closed_R10_single_refY_005-raw02-06,True,raw_kept,,0.5920108736691082,0.6260292812004944,423.026824951172,184.33563232421875,22.94872779708326,29.03789129604646,B,ellipse
S5_CPAG39_reproduced,GP_IIa_22.0mm_closed_R10_single_refY,GP_IIa_22.0mm_closed_R10_single_refY_005,3,GP_IIa_22.0mm_closed_R10_single_refY_005-raw03-20,True,0.6246233978450697,0.6486206996999622,0.08503077259013787,0.3175049108502854,False,False,GP_IIa_22.0mm_closed_R10_single_refY_005-raw03-20,True,raw_kept,,0.6246233978450697,0.6486206996999622,449.2968139648443,199.27316284179688,22.546779885334622,24.06417200554623,A,ellipse
S5_CPAG39_reproduced,GP_IIa_22.0mm_closed_R10_single_refY,GP_IIa_22.0mm_closed_R10_single_refY_005,4,GP_IIa_22.0mm_closed_R10_single_refY_005-raw04-06,True,0.6257747543461829,0.6511049087874777,0.08503077259013787,0.3175049108502854,False,False,GP_IIa_22.0mm_closed_R10_single_refY_005-raw04-06,True,raw_kept,,0.6257747543461829,0.6511049087874777,452.75241088867256,200.4140167236328,22.59085558436808,26.989337022304536,A,ellipse
S5_CPAG39_reproduced,GP_IIa_22.0mm_closed_R10_single_refY,GP_IIa_22.0mm_closed_R10_single_refY_005,5,GP_IIa_22.0mm_closed_R10_single_refY_005-raw05-01,True,0.6226137270964464,0.6514940356678871,0.08503077259013787,0.3175049108502854,False,False,GP_IIa_22.0mm_closed_R10_single_refY_005-raw05-01,True,raw_kept,,0.6226137270964464,0.6514940356678871,497.6199645996104,223.5740661621093,22.257499411349187,22.842523288001527,B,ellipse
S5_CPAG39_reproduced,GP_IIa_22.0mm_closed_R10_single_refY,GP_IIa_22.0mm_closed_R10_single_refY_006,1,GP_IIa_22.0mm_closed_R10_single_refY_006-raw01-12,True,0.7628253196042212,0.7714655154434921,0.08503077259013787,0.3175049108502854,False,False,GP_IIa_22.0mm_closed_R10_single_refY_006-raw01-12,True,raw_kept,,0.7628253196042212,0.7714655154434921,473.5792236328134,227.02691650390625,20.86004738670113,23.011179376191272,A,ellipse
S5_CPAG39_reproduced,GP_IIa_22.0mm_closed_R10_single_refY,GP_IIa_22.0mm_closed_R10_single_refY_006,2,GP_IIa_22.0mm_closed_R10_single_refY_006-raw02-14,True,0.7927459791453406,0.7923755667137913,0.08503077259013787,0.3175049108502854,False,False,GP_IIa_22.0mm_closed_R10_single_refY_006-raw02-14,True,raw_kept,,0.7927459791453406,0.7923755667137913,478.2180175781251,230.1972045898437,20.774275622946632,23.05516599087068,A,ellipse
S5_CPAG39_reproduced,GP_IIa_22.0mm_closed_R10_single_refY,GP_IIa_22.0mm_closed_R10_single_refY_006,3,GP_IIa_22.0mm_closed_R10_single_refY_006-raw03-18,True,0.8116765648026403,0.8048605232592476,0.08503077259013787,0.3175049108502854,False,False,GP_IIa_22.0mm_closed_R10_single_refY_006-raw03-18,True,raw_kept,,0.8116765648026403,0.8048605232592476,473.602478027344,225.2893218994141,21.021967398827503,24.914084835333888,A,ellipse
S5_CPAG39_reproduced,GP_IIa_22.0mm_closed_R10_single_refY,GP_IIa_22.0mm_closed_R10_single_refY_006,4,GP_IIa_22.0mm_closed_R10_single_refY_006-raw04-23,True,0.845845753325477,0.8527684600688483,0.08503077259013787,0.3175049108502854,False,False,GP_IIa_22.0mm_closed_R10_single_refY_006-raw04-23,True,raw_kept,,0.845845753325477,0.8527684600688483,492.5685729980469,239.19583129882807,20.59269052990641,28.87214193835672,A,ellipse
S5_CPAG39_reproduced,GP_IIa_22.0mm_closed_R10_single_refY,GP_IIa_22.0mm_closed_R10_single_refY_006,5,GP_IIa_22.0mm_closed_R10_single_refY_006-raw05-21,True,0.8619040183957645,0.8928080774642059,0.08503077259013787,0.3175049108502854,False,False,GP_IIa_22.0mm_closed_R10_single_refY_006-raw05-21,True,raw_kept,,0.8619040183957645,0.8928080774642059,514.6663818359375,251.6222381591797,20.45393068598144,41.19340725262959,A,ellipse
S5_CPAG39_reproduced,GP_IIa_22.0mm_closed_R5_single_refY,GP_IIa_22.0mm_closed_R5_single_refY_004,1,GP_IIa_22.0mm_closed_R5_single_refY_004-raw01-08,True,0.677314676064198,0.677356347462395,0.08503077259013787,0.3175049108502854,False,False,GP_IIa_22.0mm_closed_R5_single_refY_004-raw01-08,True,raw_kept,,0.677314676064198,0.677356347462395,468.2661743164065,104.93380737304688,22.31245515812116,15.06349500782224,B,ellipse
S5_CPAG39_reproduced,GP_IIa_22.0mm_closed_R5_single_refY,GP_IIa_22.0mm_closed_R5_single_refY_004,2,GP_IIa_22.0mm_closed_R5_single_refY_004-raw02-01,True,0.6462695888058391,0.6548096141554133,0.08503077259013787,0.3175049108502854,False,False,GP_IIa_22.0mm_closed_R5_single_refY_004-raw02-01,True,raw_kept,,0.6462695888058391,0.6548096141554133,495.2263183593751,109.19932556152344,22.675337773966472,12.517698116583878,A,ellipse
S5_CPAG39_reproduced,GP_IIa_22.0mm_closed_R5_single_refY,GP_IIa_22.0mm_closed_R5_single_refY_004,3,GP_IIa_22.0mm_closed_R5_single_refY_004-raw03-01,True,0.6670206934356585,0.6761940646642983,0.08503077259013787,0.3175049108502854,False,False,GP_IIa_22.0mm_closed_R5_single_refY_004-raw03-01,True,raw_kept,,0.6670206934356585,0.6761940646642983,520.5323486328134,115.1669921875,22.599025065504403,8.906290998440022,B,ellipse
S5_CPAG39_reproduced,GP_IIa_22.0mm_closed_R5_single_refY,GP_IIa_22.0mm_closed_R5_single_refY_004,4,GP_IIa_22.0mm_closed_R5_single_refY_004-raw04-17,True,0.7862670770411906,0.7856306712166466,0.08503077259013787,0.3175049108502854,False,False,GP_IIa_22.0mm_closed_R5_single_refY_004-raw04-17,True,raw_kept,,0.7862670770411906,0.7856306712166466,527.3537597656258,125.23149871826172,21.055156456764674,14.224070956741144,A,ellipse
S5_CPAG39_reproduced,GP_IIa_22.0mm_closed_R5_single_refY,GP_IIa_22.0mm_closed_R5_single_refY_004,5,GP_IIa_22.0mm_closed_R5_single_refY_004-raw05-15,True,0.7703911909158189,0.7644145493077792,0.08503077259013787,0.3175049108502854,False,False,GP_IIa_22.0mm_closed_R5_single_refY_004-raw05-15,True,raw_kept,,0.7703911909158189,0.7644145493077792,511.0504455566413,120.01179504394533,21.29167576276593,14.573216433432073,A,ellipse
S5_CPAG39_reproduced,GP_IIa_22.0mm_closed_R5_single_refY,GP_IIa_22.0mm_closed_R5_single_refY_005,1,GP_IIa_22.0mm_closed_R5_single_refY_005-raw01-02,True,0.817709431702194,0.817642938446721,0.08503077259013787,0.3175049108502854,False,False,GP_IIa_22.0mm_closed_R5_single_refY_005-raw01-02,True,raw_kept,,0.817709431702194,0.817642938446721,464.0957031250001,111.92654418945312,20.732155472407225,32.16849820375324,A,ellipse
S5_CPAG39_reproduced,GP_IIa_22.0mm_closed_R5_single_refY,GP_IIa_22.0mm_closed_R5_single_refY_005,2,GP_IIa_22.0mm_closed_R5_single_refY_005-raw02-06,True,0.8435985341056863,0.8385661588713992,0.08503077259013787,0.3175049108502854,False,False,GP_IIa_22.0mm_closed_R5_single_refY_005-raw02-06,True,raw_kept,,0.8435985341056863,0.8385661588713992,440.509857177735,107.02770233154295,20.579244792771203,21.78303269133273,B,ellipse
S5_CPAG39_reproduced,GP_IIa_22.0mm_closed_R5_single_refY,GP_IIa_22.0mm_closed_R5_single_refY_005,3,GP_IIa_22.0mm_closed_R5_single_refY_005-raw03-11,True,0.8484246792692325,0.8439807683331,0.08503077259013787,0.3175049108502854,False,False,GP_IIa_22.0mm_closed_R5_single_refY_005-raw03-11,True,raw_kept,,0.8484246792692325,0.8439807683331,437.3185424804688,107.6265869140625,20.31647360654752,23.253618403953983,A,ellipse
S5_CPAG39_reproduced,GP_IIa_22.0mm_closed_R5_single_refY,GP_IIa_22.0mm_closed_R5_single_refY_005,4,GP_IIa_22.0mm_closed_R5_single_refY_005-raw04-13,True,0.8688617153066298,0.864718793104944,0.08503077259013787,0.3175049108502854,False,False,GP_IIa_22.0mm_closed_R5_single_refY_005-raw04-13,True,raw_kept,,0.8688617153066298,0.864718793104944,447.5188293457035,110.12163543701172,20.3192963657754,23.5670328432248,B,ellipse
S5_CPAG39_reproduced,GP_IIa_22.0mm_closed_R5_single_refY,GP_IIa_22.0mm_closed_R5_single_refY_005,5,GP_IIa_22.0mm_closed_R5_single_refY_005-raw05-07,True,0.8805303396537215,0.878893117079839,0.08503077259013787,0.3175049108502854,False,False,GP_IIa_22.0mm_closed_R5_single_refY_005-raw05-07,True,raw_kept,,0.8805303396537215,0.878893117079839,429.5764160156251,104.55651092529295,20.542786490004584,25.73809337382376,A,ellipse
S5_CPAG39_reproduced,GP_IIa_4.5mm_closed_R10_single_refY,GP_IIa_4.5mm_closed_R10_single_refY_004,1,GP_IIa_4.5mm_closed_R10_single_refY_004-raw01-10,True,0.7890295358649789,0.7830820770519263,0.08503077259013787,0.3175049108502854,False,False,GP_IIa_4.5mm_closed_R10_single_refY_004-raw01-10,True,raw_kept,,0.7890295358649789,0.7830820770519263,112.52364349365236,238.80572509765625,4.711932406462926,22.44295346001048,B,ellipse
S5_CPAG39_reproduced,GP_IIa_4.5mm_closed_R10_single_refY,GP_IIa_4.5mm_closed_R10_single_refY_004,2,GP_IIa_4.5mm_closed_R10_single_refY_004-raw02-08,True,0.7811504021854606,0.7676360924683072,0.08503077259013787,0.3175049108502854,False,False,GP_IIa_4.5mm_closed_R10_single_refY_004-raw02-08,True,raw_kept,,0.7811504021854606,0.7676360924683072,109.06516265869143,225.74468994140625,4.831350083450473,25.021522343519003,B,ellipse
S5_CPAG39_reproduced,GP_IIa_4.5mm_closed_R10_single_refY,GP_IIa_4.5mm_closed_R10_single_refY_004,3,GP_IIa_4.5mm_closed_R10_single_refY_004-raw03-03,True,0.7606837606837606,0.7560856069269727,0.08503077259013787,0.3175049108502854,False,False,GP_IIa_4.5mm_closed_R10_single_refY_004-raw03-03,True,raw_kept,,0.7606837606837606,0.7560856069269727,106.0762939453126,220.16622924804688,4.8180092972298345,23.805530424441823,B,ellipse
S5_CPAG39_reproduced,GP_IIa_4.5mm_closed_R10_single_refY,GP_IIa_4.5mm_closed_R10_single_refY_004,4,GP_IIa_4.5mm_closed_R10_single_refY_004-raw04-24,True,0.8417556655379005,0.8555732062483452,0.08503077259013787,0.3175049108502854,False,False,GP_IIa_4.5mm_closed_R10_single_refY_004-raw04-24,True,raw_kept,,0.8417556655379005,0.8555732062483452,110.46022796630862,233.28396606445312,4.73501157536862,21.331017449268288,B,ellipse
S5_CPAG39_reproduced,GP_IIa_4.5mm_closed_R10_single_refY,GP_IIa_4.5mm_closed_R10_single_refY_004,5,GP_IIa_4.5mm_closed_R10_single_refY_004-raw05-12,True,0.8452101279039416,0.8416948271380297,0.08503077259013787,0.3175049108502854,False,False,GP_IIa_4.5mm_closed_R10_single_refY_004-raw05-12,True,raw_kept,,0.8452101279039416,0.8416948271380297,111.14038848876967,230.9590301513672,4.812125701079093,24.26862629296574,A,ellipse
S5_CPAG39_reproduced,GP_IIa_4.5mm_closed_R10_single_refY,GP_IIa_4.5mm_closed_R10_single_refY_005,1,GP_IIa_4.5mm_closed_R10_single_refY_005-raw01-13,True,0.8401701854379064,0.8411830895354445,0.08503077259013787,0.3175049108502854,False,False,GP_IIa_4.5mm_closed_R10_single_refY_005-raw01-13,True,raw_kept,,0.8401701854379064,0.8411830895354445,141.6630859375002,305.506103515625,4.636996914539703,21.974909604756608,B,ellipse
S5_CPAG39_reproduced,GP_IIa_4.5mm_closed_R10_single_refY,GP_IIa_4.5mm_closed_R10_single_refY_005,2,GP_IIa_4.5mm_closed_R10_single_refY_005-raw02-22,True,0.8233793517406963,0.8207928197456993,0.08503077259013787,0.3175049108502854,False,False,GP_IIa_4.5mm_closed_R10_single_refY_005-raw02-22,True,raw_kept,,0.8233793517406963,0.8207928197456993,150.7341461181641,317.1341247558594,4.753009353194152,18.88532854289183,B,ellipse
S5_CPAG39_reproduced,GP_IIa_4.5mm_closed_R10_single_refY,GP_IIa_4.5mm_closed_R10_single_refY_005,3,GP_IIa_4.5mm_closed_R10_single_refY_005-raw03-18,True,0.783214664444781,0.7797300354422744,0.08503077259013787,0.3175049108502854,False,False,GP_IIa_4.5mm_closed_R10_single_refY_005-raw03-18,True,raw_kept,,0.783214664444781,0.7797300354422744,153.8599853515628,323.9744873046875,4.74913894089636,20.33617828225973,B,ellipse
S5_CPAG39_reproduced,GP_IIa_4.5mm_closed_R10_single_refY,GP_IIa_4.5mm_closed_R10_single_refY_005,4,GP_IIa_4.5mm_closed_R10_single_refY_005-raw04-04,True,0.7775450356095518,0.7723143075109231,0.08503077259013787,0.3175049108502854,False,False,GP_IIa_4.5mm_closed_R10_single_refY_005-raw04-04,True,raw_kept,,0.7775450356095518,0.7723143075109231,161.2966003417974,328.6015930175781,4.908576335878218,19.353659775429,B,ellipse
S5_CPAG39_reproduced,GP_IIa_4.5mm_closed_R10_single_refY,GP_IIa_4.5mm_closed_R10_single_refY_005,5,GP_IIa_4.5mm_closed_R10_single_refY_005-raw05-24,True,0.8214511041009463,0.8279809220985691,0.08503077259013787,0.3175049108502854,False,False,GP_IIa_4.5mm_closed_R10_single_refY_005-raw05-24,True,raw_kept,,0.8214511041009463,0.8279809220985691,162.90890502929696,342.124267578125,4.761688090193608,16.118230236702196,B,ellipse
S5_CPAG39_reproduced,GP_IIa_5.2mm_closed_R10_single_refY,GP_IIa_5.2mm_closed_R10_single_refY_001,1,GP_IIa_5.2mm_closed_R10_single_refY_001-raw01-22,True,0.9695588348914472,0.9630112807919576,0.08503077259013787,0.3175049108502854,False,False,GP_IIa_5.2mm_closed_R10_single_refY_001-raw01-22,True,raw_kept,,0.9695588348914472,0.9630112807919576,127.73822948658815,267.8896789550781,4.76831470271044,32.20063363256454,B,circle
S5_CPAG39_reproduced,GP_IIa_5.2mm_closed_R10_single_refY,GP_IIa_5.2mm_closed_R10_single_refY_001,2,GP_IIa_5.2mm_closed_R10_single_refY_001-raw02-18,True,0.9792081781166074,0.9850108932461874,0.08503077259013787,0.3175049108502854,False,False,GP_IIa_5.2mm_closed_R10_single_refY_001-raw02-18,True,raw_kept,,0.9792081781166074,0.9850108932461874,120.3602831819464,240.34445190429688,5.0078244880756655,50.03594174797153,A,circle
S5_CPAG39_reproduced,GP_IIa_5.2mm_closed_R10_single_refY,GP_IIa_5.2mm_closed_R10_single_refY_001,3,GP_IIa_5.2mm_closed_R10_single_refY_001-raw03-09,True,0.9624021337004216,0.9748148148148148,0.08503077259013787,0.3175049108502854,False,False,GP_IIa_5.2mm_closed_R10_single_refY_001-raw03-09,True,raw_kept,,0.9624021337004216,0.9748148148148148,120.71222888461976,241.86477661132807,4.990897416972863,57.94078735057219,A,circle
S5_CPAG39_reproduced,GP_IIa_5.2mm_closed_R10_single_refY,GP_IIa_5.2mm_closed_R10_single_refY_001,4,GP_IIa_5.2mm_closed_R10_single_refY_001-raw04-24,True,0.9702979429941888,0.9798789007918024,0.08503077259013787,0.3175049108502854,False,False,GP_IIa_5.2mm_closed_R10_single_refY_001-raw04-24,True,raw_kept,,0.9702979429941888,0.9798789007918024,116.43881636490444,229.662109375,5.070005526021675,89.30799479098852,B,circle
S5_CPAG39_reproduced,GP_IIa_5.2mm_closed_R10_single_refY,GP_IIa_5.2mm_closed_R10_single_refY_001,5,GP_IIa_5.2mm_closed_R10_single_refY_001-raw05-15,True,0.9628783552255854,0.9740972556571978,0.08503077259013787,0.3175049108502854,False,False,GP_IIa_5.2mm_closed_R10_single_refY_001-raw05-15,True,raw_kept,,0.9628783552255854,0.9740972556571978,114.95846496234094,224.7654724121093,5.114596282455848,92.95773280706996,A,circle
S5_CPAG39_reproduced,GP_IIa_5.2mm_closed_R10_single_refY,GP_IIa_5.2mm_closed_R10_single_refY_004,1,GP_IIa_5.2mm_closed_R10_single_refY_004-raw01-13,True,0.7701778385772914,0.7758520167488206,0.08503077259013787,0.3175049108502854,False,False,GP_IIa_5.2mm_closed_R10_single_refY_004-raw01-13,True,raw_kept,,0.7701778385772914,0.7758520167488206,185.8727111816409,354.732421875,5.2398004726824245,30.81253129789446,B,ellipse
S5_CPAG39_reproduced,GP_IIa_5.2mm_closed_R10_single_refY,GP_IIa_5.2mm_closed_R10_single_refY_004,2,GP_IIa_5.2mm_closed_R10_single_refY_004-raw02-03,True,0.8329286061194755,0.8256107834877844,0.08503077259013787,0.3175049108502854,False,False,GP_IIa_5.2mm_closed_R10_single_refY_004-raw02-03,True,raw_kept,,0.8329286061194755,0.8256107834877844,165.46694946289088,315.4718017578125,5.245063062400725,29.571792534679844,A,ellipse
S5_CPAG39_reproduced,GP_IIa_5.2mm_closed_R10_single_refY,GP_IIa_5.2mm_closed_R10_single_refY_004,3,GP_IIa_5.2mm_closed_R10_single_refY_004-raw03-23,True,0.8020431328036323,0.8062528525787311,0.08503077259013787,0.3175049108502854,False,False,GP_IIa_5.2mm_closed_R10_single_refY_004-raw03-23,True,raw_kept,,0.8020431328036323,0.8062528525787311,149.2817382812501,278.7842102050781,5.354741510340057,24.16636567878253,A,ellipse
S5_CPAG39_reproduced,GP_IIa_5.2mm_closed_R10_single_refY,GP_IIa_5.2mm_closed_R10_single_refY_004,4,GP_IIa_5.2mm_closed_R10_single_refY_004-raw04-07,True,0.824382056759231,0.8296353166986564,0.08503077259013787,0.3175049108502854,False,False,GP_IIa_5.2mm_closed_R10_single_refY_004-raw04-07,True,raw_kept,,0.824382056759231,0.8296353166986564,146.22888183593756,270.70635986328125,5.401752729776632,25.019052464236747,A,ellipse
S5_CPAG39_reproduced,GP_IIa_5.2mm_closed_R10_single_refY,GP_IIa_5.2mm_closed_R10_single_refY_004,5,GP_IIa_5.2mm_closed_R10_single_refY_004-raw05-09,True,0.8097316168448614,0.806914546640574,0.08503077259013787,0.3175049108502854,False,False,GP_IIa_5.2mm_closed_R10_single_refY_004-raw05-09,True,raw_kept,,0.8097316168448614,0.806914546640574,177.87922668457043,321.58551025390625,5.53131969609348,14.333585465484193,A,ellipse
S5_CPAG39_reproduced,GP_IIa_9.5mm_closed_R10_single_refY,GP_IIa_9.5mm_closed_R10_single_refY_004,1,GP_IIa_9.5mm_closed_R10_single_refY_004-raw01-07,False,,,0.08503077259013787,0.3175049108502854,False,False,GP_IIa_9.5mm_closed_R10_single_refY_004-raw01-07,False,raw_invalid,,,,,271.9020080566406,,32.94807059393992,none,none
S5_CPAG39_reproduced,GP_IIa_9.5mm_closed_R10_single_refY,GP_IIa_9.5mm_closed_R10_single_refY_004,2,GP_IIa_9.5mm_closed_R10_single_refY_004-raw02-03,False,,,0.08503077259013787,0.3175049108502854,False,False,GP_IIa_9.5mm_closed_R10_single_refY_004-raw02-03,False,raw_invalid,,,,,254.45106506347656,,23.51716238309012,none,none
S5_CPAG39_reproduced,GP_IIa_9.5mm_closed_R10_single_refY,GP_IIa_9.5mm_closed_R10_single_refY_004,3,GP_IIa_9.5mm_closed_R10_single_refY_004-raw03-16,False,,,0.08503077259013787,0.3175049108502854,False,False,GP_IIa_9.5mm_closed_R10_single_refY_004-raw03-16,False,raw_invalid,,,,,313.1588134765625,,18.199359633603507,none,none
S5_CPAG39_reproduced,GP_IIa_9.5mm_closed_R10_single_refY,GP_IIa_9.5mm_closed_R10_single_refY_004,4,GP_IIa_9.5mm_closed_R10_single_refY_004-raw04-16,False,,,0.08503077259013787,0.3175049108502854,False,False,GP_IIa_9.5mm_closed_R10_single_refY_004-raw04-16,False,raw_invalid,,,,,268.1309814453125,,18.39777096591056,none,none
S5_CPAG39_reproduced,GP_IIa_9.5mm_closed_R10_single_refY,GP_IIa_9.5mm_closed_R10_single_refY_004,5,GP_IIa_9.5mm_closed_R10_single_refY_004-raw05-19,False,,,0.08503077259013787,0.3175049108502854,False,False,GP_IIa_9.5mm_closed_R10_single_refY_004-raw05-19,False,raw_invalid,,,,,296.9621887207031,,19.300745440531365,none,none
S5_CPAG39_reproduced,GP_IIa_9.5mm_closed_R10_single_refY,GP_IIa_9.5mm_closed_R10_single_refY_005,1,GP_IIa_9.5mm_closed_R10_single_refY_005-raw01-03,False,,,0.08503077259013787,0.3175049108502854,False,False,GP_IIa_9.5mm_closed_R10_single_refY_005-raw01-03,False,raw_invalid,,,,,233.60401916503903,,49.401531570429896,none,none
S5_CPAG39_reproduced,GP_IIa_9.5mm_closed_R10_single_refY,GP_IIa_9.5mm_closed_R10_single_refY_005,2,GP_IIa_9.5mm_closed_R10_single_refY_005-raw02-09,False,,,0.08503077259013787,0.3175049108502854,False,False,GP_IIa_9.5mm_closed_R10_single_refY_005-raw02-09,False,raw_invalid,,,,,239.5057678222656,,31.081090952437588,none,none
S5_CPAG39_reproduced,GP_IIa_9.5mm_closed_R10_single_refY,GP_IIa_9.5mm_closed_R10_single_refY_005,3,GP_IIa_9.5mm_closed_R10_single_refY_005-raw03-20,False,,,0.08503077259013787,0.3175049108502854,False,False,GP_IIa_9.5mm_closed_R10_single_refY_005-raw03-20,False,raw_invalid,,,,,255.09405517578125,,35.1073068169064,none,none
S5_CPAG39_reproduced,GP_IIa_9.5mm_closed_R10_single_refY,GP_IIa_9.5mm_closed_R10_single_refY_005,4,GP_IIa_9.5mm_closed_R10_single_refY_005-raw04-11,False,,,0.08503077259013787,0.3175049108502854,False,False,GP_IIa_9.5mm_closed_R10_single_refY_005-raw04-11,False,raw_invalid,,,,,257.9886474609375,,30.49840378508273,none,none
S5_CPAG39_reproduced,GP_IIa_9.5mm_closed_R10_single_refY,GP_IIa_9.5mm_closed_R10_single_refY_005,5,GP_IIa_9.5mm_closed_R10_single_refY_005-raw05-19,False,,,0.08503077259013787,0.3175049108502854,False,False,GP_IIa_9.5mm_closed_R10_single_refY_005-raw05-19,False,raw_invalid,,,,,286.2943725585937,,25.103631726299103,none,none
S5_CPAG39_reproduced,GP_IIa_9.5mm_closed_R5_single_refY,GP_IIa_9.5mm_closed_R5_single_refY_004,1,GP_IIa_9.5mm_closed_R5_single_refY_004-raw01-08,True,0.6637595980661674,0.6879927911691822,0.08503077259013787,0.3175049108502854,False,False,GP_IIa_9.5mm_closed_R5_single_refY_004-raw01-08,True,raw_kept,,0.6637595980661674,0.6879927911691822,260.3958129882818,130.47543334960938,9.97872957013102,10.11657966512044,A,ellipse
S5_CPAG39_reproduced,GP_IIa_9.5mm_closed_R5_single_refY,GP_IIa_9.5mm_closed_R5_single_refY_004,2,GP_IIa_9.5mm_closed_R5_single_refY_004-raw02-24,True,0.7744368218751521,0.7786199095022625,0.08503077259013787,0.3175049108502854,False,False,GP_IIa_9.5mm_closed_R5_single_refY_004-raw02-24,True,raw_kept,,0.7744368218751521,0.7786199095022625,239.0985107421875,126.85842895507812,9.42383224794841,9.871791993501446,A,ellipse
S5_CPAG39_reproduced,GP_IIa_9.5mm_closed_R5_single_refY,GP_IIa_9.5mm_closed_R5_single_refY_004,3,GP_IIa_9.5mm_closed_R5_single_refY_004-raw03-20,True,0.9888288618258402,0.2804023959453233,0.08503077259013787,0.3175049108502854,False,True,GP_IIa_9.5mm_closed_R5_single_refY_004-raw03-20,True,raw_kept,,0.9888288618258402,0.2804023959453233,333.67739929641,132.9623260498047,12.5478174611439,10.724727612331764,B,circle
S5_CPAG39_reproduced,GP_IIa_9.5mm_closed_R5_single_refY,GP_IIa_9.5mm_closed_R5_single_refY_004,4,GP_IIa_9.5mm_closed_R5_single_refY_004-raw04-01,True,0.7507347289415381,0.7337224728044575,0.08503077259013787,0.3175049108502854,False,False,GP_IIa_9.5mm_closed_R5_single_refY_004-raw04-01,True,raw_kept,,0.7507347289415381,0.7337224728044575,261.5211486816412,133.93927001953125,9.762676347403758,10.223561885549993,A,ellipse
S5_CPAG39_reproduced,GP_IIa_9.5mm_closed_R5_single_refY,GP_IIa_9.5mm_closed_R5_single_refY_004,5,GP_IIa_9.5mm_closed_R5_single_refY_004-raw05-03,True,0.9840289608177172,0.3765129365902732,0.08503077259013787,0.3175049108502854,False,False,GP_IIa_9.5mm_closed_R5_single_refY_004-raw05-03,True,raw_kept,,0.9840289608177172,0.3765129365902732,344.6555763901661,153.119384765625,11.254472349066686,8.73162526579963,A,circle
S5_CPAG39_reproduced,GP_IIa_9.5mm_closed_R5_single_refY,GP_IIa_9.5mm_closed_R5_single_refY_005,1,GP_IIa_9.5mm_closed_R5_single_refY_005-raw01-16,True,0.7729353423612436,0.4378611756891398,0.08503077259013787,0.3175049108502854,False,False,GP_IIa_9.5mm_closed_R5_single_refY_005-raw01-16,True,raw_kept,,0.7729353423612436,0.4378611756891398,222.799819946289,98.5361099243164,11.305490957447835,25.17994004651175,A,ellipse
S5_CPAG39_reproduced,GP_IIa_9.5mm_closed_R5_single_refY,GP_IIa_9.5mm_closed_R5_single_refY_005,2,GP_IIa_9.5mm_closed_R5_single_refY_005-raw02-07,True,0.7492492492492493,0.3241115316020705,0.08503077259013787,0.3175049108502854,False,False,GP_IIa_9.5mm_closed_R5_single_refY_005-raw02-07,True,raw_kept,,0.7492492492492493,0.3241115316020705,257.5806884765628,102.45785522460938,12.570080054471712,32.407035183207185,B,ellipse
S5_CPAG39_reproduced,GP_IIa_9.5mm_closed_R5_single_refY,GP_IIa_9.5mm_closed_R5_single_refY_005,3,GP_IIa_9.5mm_closed_R5_single_refY_005-raw03-12,True,0.9907565287624518,0.6618388816832397,0.08503077259013787,0.3175049108502854,False,False,GP_IIa_9.5mm_closed_R5_single_refY_005-raw03-12,True,raw_kept,,0.9907565287624518,0.6618388816832397,190.0133072413741,104.44189453125,9.096603814694316,35.06480576445851,B,circle
S5_CPAG39_reproduced,GP_IIa_9.5mm_closed_R5_single_refY,GP_IIa_9.5mm_closed_R5_single_refY_005,4,GP_IIa_9.5mm_closed_R5_single_refY_005-raw04-09,True,0.9895099026518966,0.9540849428557168,0.08503077259013787,0.3175049108502854,False,False,GP_IIa_9.5mm_closed_R5_single_refY_005-raw04-09,True,raw_kept,,0.9895099026518966,0.9540849428557168,245.013718204938,144.76229858398438,8.462621849804073,12.946877868641751,A,circle
S5_CPAG39_reproduced,GP_IIa_9.5mm_closed_R5_single_refY,GP_IIa_9.5mm_closed_R5_single_refY_005,5,GP_IIa_9.5mm_closed_R5_single_refY_005-raw05-11,True,0.872798985772644,0.5425574389314363,0.08503077259013787,0.3175049108502854,False,False,GP_IIa_9.5mm_closed_R5_single_refY_005-raw05-11,True,raw_kept,,0.872798985772644,0.5425574389314363,283.2573242187506,142.02061462402344,9.972401716772874,11.051002359347873,A,ellipse
S5_CPAG39_reproduced,GP_Ip_10.3mm_closed_R5_single_refY,GP_Ip_10.3mm_closed_R5_single_refY_004,1,GP_Ip_10.3mm_closed_R5_single_refY_004-raw01-05,True,0.9459126210018772,0.9884267915838368,0.08503077259013787,0.3175049108502854,False,False,GP_Ip_10.3mm_closed_R5_single_refY_004-raw01-05,True,raw_kept,,0.9459126210018772,0.9884267915838368,271.27506993730105,89.2156982421875,15.20332605596438,23.44101887002521,A,circle
S5_CPAG39_reproduced,GP_Ip_10.3mm_closed_R5_single_refY,GP_Ip_10.3mm_closed_R5_single_refY_004,2,GP_Ip_10.3mm_closed_R5_single_refY_004-raw02-19,True,0.9422728338984496,0.9871892003581514,0.08503077259013787,0.3175049108502854,False,False,GP_Ip_10.3mm_closed_R5_single_refY_004-raw02-19,True,raw_kept,,0.9422728338984496,0.9871892003581514,253.35496233211515,91.35826110839844,13.866012731541815,19.42275818532308,B,circle
S5_CPAG39_reproduced,GP_Ip_10.3mm_closed_R5_single_refY,GP_Ip_10.3mm_closed_R5_single_refY_004,3,GP_Ip_10.3mm_closed_R5_single_refY_004-raw03-24,True,0.933109465415405,0.9947853064457572,0.08503077259013787,0.3175049108502854,False,False,GP_Ip_10.3mm_closed_R5_single_refY_004-raw03-24,True,raw_kept,,0.933109465415405,0.9947853064457572,212.73640861742413,76.6474838256836,13.877585929711804,20.736016685993285,B,circle
S5_CPAG39_reproduced,GP_Ip_10.3mm_closed_R5_single_refY,GP_Ip_10.3mm_closed_R5_single_refY_004,4,GP_Ip_10.3mm_closed_R5_single_refY_004-raw04-15,True,0.937924991237294,0.9945078158005914,0.08503077259013787,0.3175049108502854,False,False,GP_Ip_10.3mm_closed_R5_single_refY_004-raw04-15,True,raw_kept,,0.937924991237294,0.9945078158005914,195.77729671790613,67.44853210449219,14.51308802499995,32.20617726906552,A,circle
S5_CPAG39_reproduced,GP_Ip_10.3mm_closed_R5_single_refY,GP_Ip_10.3mm_closed_R5_single_refY_004,5,GP_Ip_10.3mm_closed_R5_single_refY_004-raw05-07,True,0.9349372316365664,0.9895422963971062,0.08503077259013787,0.3175049108502854,False,False,GP_Ip_10.3mm_closed_R5_single_refY_004-raw05-07,True,raw_kept,,0.9349372316365664,0.9895422963971062,203.55848613562355,66.78132629394531,15.24067410997788,33.23021701139757,B,circle
S5_CPAG39_reproduced,GP_Ip_10.3mm_closed_R5_single_refY,GP_Ip_10.3mm_closed_R5_single_refY_005,1,GP_Ip_10.3mm_closed_R5_single_refY_005-raw01-05,True,0.979385473404394,0.9940234013300036,0.08503077259013787,0.3175049108502854,False,False,GP_Ip_10.3mm_closed_R5_single_refY_005-raw01-05,True,raw_kept,,0.979385473404394,0.9940234013300036,244.57614690091452,121.26893615722656,10.08403943545026,53.1042990342882,B,circle
S5_CPAG39_reproduced,GP_Ip_10.3mm_closed_R5_single_refY,GP_Ip_10.3mm_closed_R5_single_refY_005,2,GP_Ip_10.3mm_closed_R5_single_refY_005-raw02-02,True,0.9769807609564202,0.9808658678005412,0.08503077259013787,0.3175049108502854,False,False,GP_Ip_10.3mm_closed_R5_single_refY_005-raw02-02,True,raw_kept,,0.9769807609564202,0.9808658678005412,223.35701169791577,105.57347869873048,10.578272803499148,39.3236759485127,A,circle
S5_CPAG39_reproduced,GP_Ip_10.3mm_closed_R5_single_refY,GP_Ip_10.3mm_closed_R5_single_refY_005,3,GP_Ip_10.3mm_closed_R5_single_refY_005-raw03-07,True,0.9305245766212308,0.9949175232001451,0.08503077259013787,0.3175049108502854,False,False,GP_Ip_10.3mm_closed_R5_single_refY_005-raw03-07,True,raw_kept,,0.9305245766212308,0.9949175232001451,255.5652355179226,113.38224792480467,11.270072705182807,16.267752704355445,A,circle
S5_CPAG39_reproduced,GP_Ip_10.3mm_closed_R5_single_refY,GP_Ip_10.3mm_closed_R5_single_refY_005,4,GP_Ip_10.3mm_closed_R5_single_refY_005-raw04-24,True,0.9909015950641152,0.9810694566398286,0.08503077259013787,0.3175049108502854,False,False,GP_Ip_10.3mm_closed_R5_single_refY_005-raw04-24,True,raw_kept,,0.9909015950641152,0.9810694566398286,337.733374466764,174.07135009765625,9.701004050272797,16.396148640327695,B,circle
S5_CPAG39_reproduced,GP_Ip_10.3mm_closed_R5_single_refY,GP_Ip_10.3mm_closed_R5_single_refY_005,5,GP_Ip_10.3mm_closed_R5_single_refY_005-raw05-22,True,0.9919384083238026,0.9882029157988694,0.08503077259013787,0.3175049108502854,False,False,GP_Ip_10.3mm_closed_R5_single_refY_005-raw05-22,True,raw_kept,,0.9919384083238026,0.9882029157988694,338.3406892867416,177.4269561767578,9.534647287463946,21.690962395928217,B,circle
S5_CPAG39_reproduced,GP_Ip_12.0mm_closed_R10_single_refY,GP_Ip_12.0mm_closed_R10_single_refY_004,1,GP_Ip_12.0mm_closed_R10_single_refY_004-raw01-01,False,,,0.08503077259013787,0.3175049108502854,False,False,GP_Ip_12.0mm_closed_R10_single_refY_004-raw01-01,False,raw_invalid,,,,,,,17.876395051969133,,
S5_CPAG39_reproduced,GP_Ip_12.0mm_closed_R10_single_refY,GP_Ip_12.0mm_closed_R10_single_refY_004,2,GP_Ip_12.0mm_closed_R10_single_refY_004-raw02-21,True,0.8829749890302765,0.9963601866372384,0.08503077259013787,0.3175049108502854,False,False,GP_Ip_12.0mm_closed_R10_single_refY_004-raw02-21,True,raw_kept,,0.8829749890302765,0.9963601866372384,304.3153758553154,295.98748779296875,10.28135946301119,26.020224596884223,A,circle
S5_CPAG39_reproduced,GP_Ip_12.0mm_closed_R10_single_refY,GP_Ip_12.0mm_closed_R10_single_refY_004,3,GP_Ip_12.0mm_closed_R10_single_refY_004-raw03-15,True,0.907080551267506,0.9963858305409288,0.08503077259013787,0.3175049108502854,False,False,GP_Ip_12.0mm_closed_R10_single_refY_004-raw03-15,True,raw_kept,,0.907080551267506,0.9963858305409288,276.3303304316105,249.7813873291016,11.06288716650969,37.36072076982925,A,circle
S5_CPAG39_reproduced,GP_Ip_12.0mm_closed_R10_single_refY,GP_Ip_12.0mm_closed_R10_single_refY_004,4,GP_Ip_12.0mm_closed_R10_single_refY_004-raw04-20,True,0.9263016980201508,0.9837058746336556,0.08503077259013787,0.3175049108502854,False,False,GP_Ip_12.0mm_closed_R10_single_refY_004-raw04-20,True,raw_kept,,0.9263016980201508,0.9837058746336556,299.73006839083314,252.76974487304688,11.857830079362213,46.07975129012,B,circle
S5_CPAG39_reproduced,GP_Ip_12.0mm_closed_R10_single_refY,GP_Ip_12.0mm_closed_R10_single_refY_004,5,GP_Ip_12.0mm_closed_R10_single_refY_004-raw05-15,True,0.9625586594429116,0.8152695994694427,0.08503077259013787,0.3175049108502854,False,False,GP_Ip_12.0mm_closed_R10_single_refY_004-raw05-15,True,raw_kept,,0.9625586594429116,0.8152695994694427,317.12099953636897,237.3516998291016,13.360805916481851,48.53684343328476,A,circle
S5_CPAG39_reproduced,GP_Ip_12.0mm_closed_R10_single_refY,GP_Ip_12.0mm_closed_R10_single_refY_005,1,GP_Ip_12.0mm_closed_R10_single_refY_005-raw01-11,True,0.110923955466086,0.9443780698260984,0.08503077259013787,0.3175049108502854,True,False,GP_Ip_12.0mm_closed_R10_single_refY_005-raw01-11,True,raw_kept,,0.110923955466086,0.9443780698260984,120.89037322998064,291.96649169921875,4.140556422293852,47.27358393774973,B,ellipse
S5_CPAG39_reproduced,GP_Ip_12.0mm_closed_R10_single_refY,GP_Ip_12.0mm_closed_R10_single_refY_005,2,GP_Ip_12.0mm_closed_R10_single_refY_005-raw02-16,True,0.079369756638702,0.9048525214081828,0.08503077259013787,0.3175049108502854,True,True,GP_Ip_12.0mm_closed_R10_single_refY_005-raw02-09,True,retry,7.0,0.0927926273436065,0.9853160246861036,97.44265276842305,270.5061950683594,3.602233684289493,53.52779359095891,B,circle
S5_CPAG39_reproduced,GP_Ip_12.0mm_closed_R10_single_refY,GP_Ip_12.0mm_closed_R10_single_refY_005,3,GP_Ip_12.0mm_closed_R10_single_refY_005-raw03-24,True,0.0615487081039785,0.8631166285527605,0.08503077259013787,0.3175049108502854,True,True,GP_Ip_12.0mm_closed_R10_single_refY_005-raw03-23,True,retry,2.0,0.314474965906877,0.671252119157181,275.96206665039125,253.1969146728516,10.899108585385145,64.46177491825128,A,ellipse
S5_CPAG39_reproduced,GP_Ip_12.0mm_closed_R10_single_refY,GP_Ip_12.0mm_closed_R10_single_refY_005,4,GP_Ip_12.0mm_closed_R10_single_refY_005-raw04-02,True,0.2659147125754427,0.6502027065608406,0.08503077259013787,0.3175049108502854,True,False,GP_Ip_12.0mm_closed_R10_single_refY_005-raw04-02,True,raw_kept,,0.2659147125754427,0.6502027065608406,262.8321533203129,251.7867584228516,10.438680531361037,71.5027294072987,A,ellipse
S5_CPAG39_reproduced,GP_Ip_12.0mm_closed_R10_single_refY,GP_Ip_12.0mm_closed_R10_single_refY_005,5,GP_Ip_12.0mm_closed_R10_single_refY_005-raw05-07,True,0.0392015068447075,0.7948609941027801,0.08503077259013787,0.3175049108502854,True,True,GP_Ip_12.0mm_closed_R10_single_refY_005-raw05-05,True,retry,4.0,0.9983993260320136,0.4268212124681821,455.1146335940205,273.9764404296875,16.611451440140144,68.3349145417202,A,circle
S5_CPAG39_reproduced,GP_Ip_12.0mm_closed_R5_single_refY,GP_Ip_12.0mm_closed_R5_single_refY_004,1,GP_Ip_12.0mm_closed_R5_single_refY_004-raw01-15,True,0.8959668365143795,0.997252528470176,0.08503077259013787,0.3175049108502854,False,False,GP_Ip_12.0mm_closed_R5_single_refY_004-raw01-15,True,raw_kept,,0.8959668365143795,0.997252528470176,272.9891207009265,121.74609375,11.21141189390014,37.64553531942369,B,circle
S5_CPAG39_reproduced,GP_Ip_12.0mm_closed_R5_single_refY,GP_Ip_12.0mm_closed_R5_single_refY_004,2,GP_Ip_12.0mm_closed_R5_single_refY_004-raw02-22,True,0.9161940887069516,0.9953388387536184,0.08503077259013787,0.3175049108502854,False,False,GP_Ip_12.0mm_closed_R5_single_refY_004-raw02-22,True,raw_kept,,0.9161940887069516,0.9953388387536184,266.61637649380435,117.15496826171876,11.378790863490966,42.75125615426053,B,circle
S5_CPAG39_reproduced,GP_Ip_12.0mm_closed_R5_single_refY,GP_Ip_12.0mm_closed_R5_single_refY_004,3,GP_Ip_12.0mm_closed_R5_single_refY_004-raw03-12,True,0.9280723836625988,0.9897281089185136,0.08503077259013787,0.3175049108502854,False,False,GP_Ip_12.0mm_closed_R5_single_refY_004-raw03-12,True,raw_kept,,0.9280723836625988,0.9897281089185136,271.56732204662427,119.97825622558594,11.317355768866012,50.53032309502026,A,circle
S5_CPAG39_reproduced,GP_Ip_12.0mm_closed_R5_single_refY,GP_Ip_12.0mm_closed_R5_single_refY_004,4,GP_Ip_12.0mm_closed_R5_single_refY_004-raw04-23,True,0.9645972911746276,0.979304237824162,0.08503077259013787,0.3175049108502854,False,False,GP_Ip_12.0mm_closed_R5_single_refY_004-raw04-23,True,raw_kept,,0.9645972911746276,0.979304237824162,241.7554023107841,103.37979888916016,11.692584281866552,61.78719075407687,A,circle
S5_CPAG39_reproduced,GP_Ip_12.0mm_closed_R5_single_refY,GP_Ip_12.0mm_closed_R5_single_refY_004,5,GP_Ip_12.0mm_closed_R5_single_refY_004-raw05-02,True,0.9566931026195626,0.9730194017784964,0.08503077259013787,0.3175049108502854,False,False,GP_Ip_12.0mm_closed_R5_single_refY_004-raw05-02,True,raw_kept,,0.9566931026195626,0.9730194017784964,241.46448087324288,102.74778747558594,11.750349414123274,61.30417312112972,A,circle
S5_CPAG39_reproduced,GP_Ip_12.0mm_closed_R5_single_refY,GP_Ip_12.0mm_closed_R5_single_refY_005,1,GP_Ip_12.0mm_closed_R5_single_refY_005-raw01-22,True,0.9687887044835274,0.9933501490483834,0.08503077259013787,0.3175049108502854,False,False,GP_Ip_12.0mm_closed_R5_single_refY_005-raw01-22,True,raw_kept,,0.9687887044835274,0.9933501490483834,340.14414728771925,168.29150390625,10.10580271114584,58.924686149285165,A,circle
S5_CPAG39_reproduced,GP_Ip_12.0mm_closed_R5_single_refY,GP_Ip_12.0mm_closed_R5_single_refY_005,2,GP_Ip_12.0mm_closed_R5_single_refY_005-raw02-19,True,0.9770504360122556,0.9952752837265184,0.08503077259013787,0.3175049108502854,False,False,GP_Ip_12.0mm_closed_R5_single_refY_005-raw02-19,True,raw_kept,,0.9770504360122556,0.9952752837265184,328.01584276252663,162.05836486816406,10.120299653441831,75.15026536726658,B,circle
S5_CPAG39_reproduced,GP_Ip_12.0mm_closed_R5_single_refY,GP_Ip_12.0mm_closed_R5_single_refY_005,3,GP_Ip_12.0mm_closed_R5_single_refY_005-raw03-17,True,0.9746554337481054,0.9872117768796737,0.08503077259013787,0.3175049108502854,False,False,GP_Ip_12.0mm_closed_R5_single_refY_005-raw03-17,True,raw_kept,,0.9746554337481054,0.9872117768796737,305.1760155018362,147.90380859375,10.316705783421307,89.5195318099964,A,circle
S5_CPAG39_reproduced,GP_Ip_12.0mm_closed_R5_single_refY,GP_Ip_12.0mm_closed_R5_single_refY_005,4,GP_Ip_12.0mm_closed_R5_single_refY_005-raw04-06,True,0.9622540796095777,0.9922280345895164,0.08503077259013787,0.3175049108502854,False,False,GP_Ip_12.0mm_closed_R5_single_refY_005-raw04-06,True,raw_kept,,0.9622540796095777,0.9922280345895164,294.57142182242336,143.82125854492188,10.240885972028089,93.0225888721784,B,circle
S5_CPAG39_reproduced,GP_Ip_12.0mm_closed_R5_single_refY,GP_Ip_12.0mm_closed_R5_single_refY_005,5,GP_Ip_12.0mm_closed_R5_single_refY_005-raw05-24,True,0.9929710005761476,0.9873220686123912,0.08503077259013787,0.3175049108502854,False,False,GP_Ip_12.0mm_closed_R5_single_refY_005-raw05-24,True,raw_kept,,0.9929710005761476,0.9873220686123912,289.743062862911,137.9694061279297,10.500264913594366,95.44535944364571,A,circle
S5_CPAG39_reproduced,GP_Ip_2.9mm_closed_R10_single_refY,GP_Ip_2.9mm_closed_R10_single_refY_004,1,GP_Ip_2.9mm_closed_R10_single_refY_004-raw01-06,True,0.9668830088201033,0.9782791715777068,0.08503077259013787,0.3175049108502854,False,False,GP_Ip_2.9mm_closed_R10_single_refY_004-raw01-06,True,raw_kept,,0.9668830088201033,0.9782791715777068,86.60584256621597,278.9648742675781,3.1045429211688136,16.349388015064186,A,circle
S5_CPAG39_reproduced,GP_Ip_2.9mm_closed_R10_single_refY,GP_Ip_2.9mm_closed_R10_single_refY_004,2,GP_Ip_2.9mm_closed_R10_single_refY_004-raw02-24,True,0.9094710947109472,0.8906287641532161,0.08503077259013787,0.3175049108502854,False,False,GP_Ip_2.9mm_closed_R10_single_refY_004-raw02-24,True,raw_kept,,0.9094710947109472,0.8906287641532161,77.13466644287124,235.8119201660156,3.2710249078404083,21.066217362085983,A,ellipse
S5_CPAG39_reproduced,GP_Ip_2.9mm_closed_R10_single_refY,GP_Ip_2.9mm_closed_R10_single_refY_004,3,GP_Ip_2.9mm_closed_R10_single_refY_004-raw03-02,True,0.957099849473156,0.9641142279504676,0.08503077259013787,0.3175049108502854,False,False,GP_Ip_2.9mm_closed_R10_single_refY_004-raw03-02,True,raw_kept,,0.957099849473156,0.9641142279504676,70.27024584054544,237.1334381103516,2.9633208374368825,22.200853841559084,B,circle
S5_CPAG39_reproduced,GP_Ip_2.9mm_closed_R10_single_refY,GP_Ip_2.9mm_closed_R10_single_refY_004,4,GP_Ip_2.9mm_closed_R10_single_refY_004-raw04-02,True,0.9649457493740312,0.9728332732299556,0.08503077259013787,0.3175049108502854,False,False,GP_Ip_2.9mm_closed_R10_single_refY_004-raw04-02,True,raw_kept,,0.9649457493740312,0.9728332732299556,102.52708751577528,337.1045227050781,3.041403499812219,11.591217219976732,A,circle
S5_CPAG39_reproduced,GP_Ip_2.9mm_closed_R10_single_refY,GP_Ip_2.9mm_closed_R10_single_refY_004,5,GP_Ip_2.9mm_closed_R10_single_refY_004-raw05-21,True,0.971898687372897,0.9794131346064276,0.08503077259013787,0.3175049108502854,False,False,GP_Ip_2.9mm_closed_R10_single_refY_004-raw05-21,True,raw_kept,,0.971898687372897,0.9794131346064276,116.569601969157,379.84228515625,3.068894815678699,13.086373779945609,A,circle
S5_CPAG39_reproduced,GP_Ip_2.9mm_closed_R10_single_refY,GP_Ip_2.9mm_closed_R10_single_refY_005,1,GP_Ip_2.9mm_closed_R10_single_refY_005-raw01-02,True,0.9874272846687934,0.9710278649197268,0.08503077259013787,0.3175049108502854,False,False,GP_Ip_2.9mm_closed_R10_single_refY_005-raw01-02,True,raw_kept,,0.9874272846687934,0.9710278649197268,81.57929700824155,274.6623840332031,2.970166347874544,20.501131528547056,A,circle
S5_CPAG39_reproduced,GP_Ip_2.9mm_closed_R10_single_refY,GP_Ip_2.9mm_closed_R10_single_refY_005,2,GP_Ip_2.9mm_closed_R10_single_refY_005-raw02-05,True,0.9747814391392065,0.9762586293988889,0.08503077259013787,0.3175049108502854,False,False,GP_Ip_2.9mm_closed_R10_single_refY_005-raw02-05,True,raw_kept,,0.9747814391392065,0.9762586293988889,86.16812232699436,277.0986022949219,3.1096556104344284,17.64127700842282,B,circle
S5_CPAG39_reproduced,GP_Ip_2.9mm_closed_R10_single_refY,GP_Ip_2.9mm_closed_R10_single_refY_005,3,GP_Ip_2.9mm_closed_R10_single_refY_005-raw03-06,True,0.9876617514294312,0.967428150331614,0.08503077259013787,0.3175049108502854,False,False,GP_Ip_2.9mm_closed_R10_single_refY_005-raw03-06,True,raw_kept,,0.9876617514294312,0.967428150331614,91.17108806735078,295.38629150390625,3.08650369667358,13.589136684360032,B,circle
S5_CPAG39_reproduced,GP_Ip_2.9mm_closed_R10_single_refY,GP_Ip_2.9mm_closed_R10_single_refY_005,4,GP_Ip_2.9mm_closed_R10_single_refY_005-raw04-23,True,0.9871125611745514,0.9754957278736096,0.08503077259013787,0.3175049108502854,False,False,GP_Ip_2.9mm_closed_R10_single_refY_005-raw04-23,True,raw_kept,,0.9871125611745514,0.9754957278736096,87.45235514492393,288.84649658203125,3.027641192805247,14.238406134480606,B,circle
S5_CPAG39_reproduced,GP_Ip_2.9mm_closed_R10_single_refY,GP_Ip_2.9mm_closed_R10_single_refY_005,5,GP_Ip_2.9mm_closed_R10_single_refY_005-raw05-24,True,0.9893489348934892,0.971997052321297,0.08503077259013787,0.3175049108502854,False,False,GP_Ip_2.9mm_closed_R10_single_refY_005-raw05-24,True,raw_kept,,0.9893489348934892,0.971997052321297,91.28289444770888,299.7926940917969,3.044867211465724,20.234794911691885,A,circle
S5_CPAG39_reproduced,GP_Ip_2.9mm_closed_R5_single_refY,GP_Ip_2.9mm_closed_R5_single_refY_004,1,GP_Ip_2.9mm_closed_R5_single_refY_004-raw01-24,False,,,0.08503077259013787,0.3175049108502854,False,False,GP_Ip_2.9mm_closed_R5_single_refY_004-raw01-24,False,raw_invalid,,,,,,,16.24986219057506,,
S5_CPAG39_reproduced,GP_Ip_2.9mm_closed_R5_single_refY,GP_Ip_2.9mm_closed_R5_single_refY_004,2,GP_Ip_2.9mm_closed_R5_single_refY_004-raw02-10,True,0.3467202141900937,0.9045387994143484,0.08503077259013787,0.3175049108502854,False,False,GP_Ip_2.9mm_closed_R5_single_refY_004-raw02-10,True,raw_kept,,0.3467202141900937,0.9045387994143484,76.78722381591814,142.42886352539062,2.6956342245274323,14.315435053242576,A,ellipse
S5_CPAG39_reproduced,GP_Ip_2.9mm_closed_R5_single_refY,GP_Ip_2.9mm_closed_R5_single_refY_004,3,GP_Ip_2.9mm_closed_R5_single_refY_004-raw03-06,False,,,0.08503077259013787,0.3175049108502854,False,False,GP_Ip_2.9mm_closed_R5_single_refY_004-raw03-06,False,raw_invalid,,,,,157.84503173828125,,11.725422085391145,none,none
S5_CPAG39_reproduced,GP_Ip_2.9mm_closed_R5_single_refY,GP_Ip_2.9mm_closed_R5_single_refY_004,4,GP_Ip_2.9mm_closed_R5_single_refY_004-raw04-12,False,,,0.08503077259013787,0.3175049108502854,False,False,GP_Ip_2.9mm_closed_R5_single_refY_004-raw04-12,False,raw_invalid,,,,,160.1263427734375,,10.87784181488414,none,none
S5_CPAG39_reproduced,GP_Ip_2.9mm_closed_R5_single_refY,GP_Ip_2.9mm_closed_R5_single_refY_004,5,GP_Ip_2.9mm_closed_R5_single_refY_004-raw05-23,True,0.1905267347751094,0.8017492711370262,0.08503077259013787,0.3175049108502854,False,False,GP_Ip_2.9mm_closed_R5_single_refY_004-raw05-23,True,raw_kept,,0.1905267347751094,0.8017492711370262,69.94005584716804,140.54388427734375,2.488192787853758,8.77762361954583,A,ellipse
S5_CPAG39_reproduced,GP_Ip_2.9mm_closed_R5_single_refY,GP_Ip_2.9mm_closed_R5_single_refY_005,1,GP_Ip_2.9mm_closed_R5_single_refY_005-raw01-19,False,,,0.08503077259013787,0.3175049108502854,False,False,GP_Ip_2.9mm_closed_R5_single_refY_005-raw01-19,False,raw_invalid,,,,,104.24262237548828,,20.86589942149292,none,none
S5_CPAG39_reproduced,GP_Ip_2.9mm_closed_R5_single_refY,GP_Ip_2.9mm_closed_R5_single_refY_005,2,GP_Ip_2.9mm_closed_R5_single_refY_005-raw02-09,True,0.7770713292271011,0.9885210891617724,0.08503077259013787,0.3175049108502854,False,False,GP_Ip_2.9mm_closed_R5_single_refY_005-raw02-09,True,raw_kept,,0.7770713292271011,0.9885210891617724,69.22784853564801,104.23252868652344,3.3208370461705323,31.89147442567496,A,circle
S5_CPAG39_reproduced,GP_Ip_2.9mm_closed_R5_single_refY,GP_Ip_2.9mm_closed_R5_single_refY_005,3,GP_Ip_2.9mm_closed_R5_single_refY_005-raw03-01,False,,,0.08503077259013787,0.3175049108502854,False,False,GP_Ip_2.9mm_closed_R5_single_refY_005-raw03-01,False,raw_invalid,,,,,107.68077087402344,,17.722869773430293,none,none
S5_CPAG39_reproduced,GP_Ip_2.9mm_closed_R5_single_refY,GP_Ip_2.9mm_closed_R5_single_refY_005,4,GP_Ip_2.9mm_closed_R5_single_refY_005-raw04-11,True,0.9180521164956964,0.9873856390352092,0.08503077259013787,0.3175049108502854,False,False,GP_Ip_2.9mm_closed_R5_single_refY_005-raw04-11,True,raw_kept,,0.9180521164956964,0.9873856390352092,129.94329833984395,152.77239990234375,4.252839466517088,19.82489836670557,B,ellipse
S5_CPAG39_reproduced,GP_Ip_2.9mm_closed_R5_single_refY,GP_Ip_2.9mm_closed_R5_single_refY_005,5,GP_Ip_2.9mm_closed_R5_single_refY_005-raw05-24,True,0.9778794813119756,0.9780244173140954,0.08503077259013787,0.3175049108502854,False,False,GP_Ip_2.9mm_closed_R5_single_refY_005-raw05-24,True,raw_kept,,0.9778794813119756,0.9780244173140954,108.80156427934384,156.6206512451172,3.473410543704907,22.76024629361071,B,circle
S5_CPAG39_reproduced,GP_Ip_20.0mm_closed_R10_single_refY,GP_Ip_20.0mm_closed_R10_single_refY_004,1,GP_Ip_20.0mm_closed_R10_single_refY_004-raw01-11,True,0.8777493654403231,0.9906852295941024,0.08503077259013787,0.3175049108502854,False,False,GP_Ip_20.0mm_closed_R10_single_refY_004-raw01-11,True,raw_kept,,0.8777493654403231,0.9906852295941024,363.4660523942712,195.70899963378903,18.571759759356446,48.07777225813568,B,circle
S5_CPAG39_reproduced,GP_Ip_20.0mm_closed_R10_single_refY,GP_Ip_20.0mm_closed_R10_single_refY_004,2,GP_Ip_20.0mm_closed_R10_single_refY_004-raw02-14,True,0.8799740974583131,0.9757390163114804,0.08503077259013787,0.3175049108502854,False,False,GP_Ip_20.0mm_closed_R10_single_refY_004-raw02-14,True,raw_kept,,0.8799740974583131,0.9757390163114804,345.11649209783474,178.5100860595703,19.33316484888513,47.497089815097375,B,circle
S5_CPAG39_reproduced,GP_Ip_20.0mm_closed_R10_single_refY,GP_Ip_20.0mm_closed_R10_single_refY_004,3,GP_Ip_20.0mm_closed_R10_single_refY_004-raw03-04,True,0.8927623579169971,0.9574067940953824,0.08503077259013787,0.3175049108502854,False,False,GP_Ip_20.0mm_closed_R10_single_refY_004-raw03-04,True,raw_kept,,0.8927623579169971,0.9574067940953824,349.0168544450308,180.71829223632807,19.31275744840569,45.49196721982485,B,circle
S5_CPAG39_reproduced,GP_Ip_20.0mm_closed_R10_single_refY,GP_Ip_20.0mm_closed_R10_single_refY_004,4,GP_Ip_20.0mm_closed_R10_single_refY_004-raw04-20,True,0.906683686343194,0.9748742044053452,0.08503077259013787,0.3175049108502854,False,False,GP_Ip_20.0mm_closed_R10_single_refY_004-raw04-20,True,raw_kept,,0.906683686343194,0.9748742044053452,416.06967797783767,223.1058959960937,18.64897725451064,45.9586196857028,A,circle
S5_CPAG39_reproduced,GP_Ip_20.0mm_closed_R10_single_refY,GP_Ip_20.0mm_closed_R10_single_refY_004,5,GP_Ip_20.0mm_closed_R10_single_refY_004-raw05-19,True,0.903768675507806,0.9859485900633032,0.08503077259013787,0.3175049108502854,False,False,GP_Ip_20.0mm_closed_R10_single_refY_004-raw05-19,True,raw_kept,,0.903768675507806,0.9859485900633032,393.86227179167753,209.0308990478516,18.842299085242608,46.20706153963818,A,circle
S5_CPAG39_reproduced,GP_Ip_20.0mm_closed_R10_single_refY,GP_Ip_20.0mm_closed_R10_single_refY_005,1,GP_Ip_20.0mm_closed_R10_single_refY_005-raw01-02,True,0.9428139564176848,0.9892679223798452,0.08503077259013787,0.3175049108502854,False,False,GP_Ip_20.0mm_closed_R10_single_refY_005-raw01-02,True,raw_kept,,0.9428139564176848,0.9892679223798452,405.1974098278935,230.8193206787109,17.554744058531742,33.068821611150106,A,circle
S5_CPAG39_reproduced,GP_Ip_20.0mm_closed_R10_single_refY,GP_Ip_20.0mm_closed_R10_single_refY_005,2,GP_Ip_20.0mm_closed_R10_single_refY_005-raw02-06,True,0.9210764887196622,0.9831136738056012,0.08503077259013787,0.3175049108502854,False,False,GP_Ip_20.0mm_closed_R10_single_refY_005-raw02-06,True,raw_kept,,0.9210764887196622,0.9831136738056012,393.3960538007432,222.69058227539065,17.665590065872156,33.13685175949734,B,circle
S5_CPAG39_reproduced,GP_Ip_20.0mm_closed_R10_single_refY,GP_Ip_20.0mm_closed_R10_single_refY_005,3,GP_Ip_20.0mm_closed_R10_single_refY_005-raw03-01,True,0.9283629395451128,0.9774830602773682,0.08503077259013787,0.3175049108502854,False,False,GP_Ip_20.0mm_closed_R10_single_refY_005-raw03-01,True,raw_kept,,0.9283629395451128,0.9774830602773682,410.03061818041294,232.6180725097656,17.626773954254944,33.57882012933683,B,circle
S5_CPAG39_reproduced,GP_Ip_20.0mm_closed_R10_single_refY,GP_Ip_20.0mm_closed_R10_single_refY_005,4,GP_Ip_20.0mm_closed_R10_single_refY_005-raw04-11,True,0.9715382811584008,0.9840832568105295,0.08503077259013787,0.3175049108502854,False,False,GP_Ip_20.0mm_closed_R10_single_refY_005-raw04-11,True,raw_kept,,0.9715382811584008,0.9840832568105295,443.2021488839158,258.9148864746094,17.117677354074345,34.768498215847245,B,circle
S5_CPAG39_reproduced,GP_Ip_20.0mm_closed_R10_single_refY,GP_Ip_20.0mm_closed_R10_single_refY_005,5,GP_Ip_20.0mm_closed_R10_single_refY_005-raw05-23,True,0.9782786430208028,0.9829376854599406,0.08503077259013787,0.3175049108502854,False,False,GP_Ip_20.0mm_closed_R10_single_refY_005-raw05-23,True,raw_kept,,0.9782786430208028,0.9829376854599406,383.1460549397341,219.2478790283203,17.47547372580252,46.05542407845274,A,circle
S5_CPAG39_reproduced,GP_Ip_4.0mm_closed_R10_single_refY,GP_Ip_4.0mm_closed_R10_single_refY_004,1,GP_Ip_4.0mm_closed_R10_single_refY_004-raw01-05,True,0.922907881451565,0.909404810674782,0.08503077259013787,0.3175049108502854,False,False,GP_Ip_4.0mm_closed_R10_single_refY_004-raw01-05,True,raw_kept,,0.922907881451565,0.909404810674782,157.8210601806644,360.2731018066406,4.380595148215283,10.996249917941626,B,ellipse
S5_CPAG39_reproduced,GP_Ip_4.0mm_closed_R10_single_refY,GP_Ip_4.0mm_closed_R10_single_refY_004,2,GP_Ip_4.0mm_closed_R10_single_refY_004-raw02-15,True,0.9605220228384992,0.9697608538111864,0.08503077259013787,0.3175049108502854,False,False,GP_Ip_4.0mm_closed_R10_single_refY_004-raw02-15,True,raw_kept,,0.9605220228384992,0.9697608538111864,138.49272382707954,337.0346374511719,4.109154028631362,16.40804357409888,B,circle
S5_CPAG39_reproduced,GP_Ip_4.0mm_closed_R10_single_refY,GP_Ip_4.0mm_closed_R10_single_refY_004,3,GP_Ip_4.0mm_closed_R10_single_refY_004-raw03-05,True,0.9620885988057214,0.971464628759728,0.08503077259013787,0.3175049108502854,False,False,GP_Ip_4.0mm_closed_R10_single_refY_004-raw03-05,True,raw_kept,,0.9620885988057214,0.971464628759728,134.77706698678597,325.0312805175781,4.146587576806991,21.093308130842367,A,circle
S5_CPAG39_reproduced,GP_Ip_4.0mm_closed_R10_single_refY,GP_Ip_4.0mm_closed_R10_single_refY_004,4,GP_Ip_4.0mm_closed_R10_single_refY_004-raw04-23,True,0.9708747614743396,0.9750365626103182,0.08503077259013787,0.3175049108502854,False,False,GP_Ip_4.0mm_closed_R10_single_refY_004-raw04-23,True,raw_kept,,0.9708747614743396,0.9750365626103182,158.32796094812483,384.3470153808594,4.119401338169188,31.6680282681677,B,circle
S5_CPAG39_reproduced,GP_Ip_4.0mm_closed_R10_single_refY,GP_Ip_4.0mm_closed_R10_single_refY_004,5,GP_Ip_4.0mm_closed_R10_single_refY_004-raw05-06,True,0.9652497245684908,0.9613221780277054,0.08503077259013787,0.3175049108502854,False,False,GP_Ip_4.0mm_closed_R10_single_refY_004-raw05-06,True,raw_kept,,0.9652497245684908,0.9613221780277054,165.88228713637218,400.3786315917969,4.143135373555505,36.294752967400015,A,circle
S5_CPAG39_reproduced,GP_Ip_4.0mm_closed_R10_single_refY,GP_Ip_4.0mm_closed_R10_single_refY_005,1,GP_Ip_4.0mm_closed_R10_single_refY_005-raw01-24,True,0.9571004791967748,0.9656204435576702,0.08503077259013787,0.3175049108502854,False,False,GP_Ip_4.0mm_closed_R10_single_refY_005-raw01-24,True,raw_kept,,0.9571004791967748,0.9656204435576702,128.6812433907229,321.8753356933594,3.997859702842012,26.40641682716181,A,circle
S5_CPAG39_reproduced,GP_Ip_4.0mm_closed_R10_single_refY,GP_Ip_4.0mm_closed_R10_single_refY_005,2,GP_Ip_4.0mm_closed_R10_single_refY_005-raw02-16,True,0.9654304958208229,0.969679680495558,0.08503077259013787,0.3175049108502854,False,False,GP_Ip_4.0mm_closed_R10_single_refY_005-raw02-16,True,raw_kept,,0.9654304958208229,0.969679680495558,124.40098204747233,315.3992004394531,3.944238979494605,44.60823346533127,B,circle
S5_CPAG39_reproduced,GP_Ip_4.0mm_closed_R10_single_refY,GP_Ip_4.0mm_closed_R10_single_refY_005,3,GP_Ip_4.0mm_closed_R10_single_refY_005-raw03-19,True,0.9668216664572076,0.9602446483180428,0.08503077259013787,0.3175049108502854,False,False,GP_Ip_4.0mm_closed_R10_single_refY_005-raw03-19,True,raw_kept,,0.9668216664572076,0.9602446483180428,141.41244736435027,352.7115783691406,4.009294166588162,52.128015381140784,B,circle
S5_CPAG39_reproduced,GP_Ip_4.0mm_closed_R10_single_refY,GP_Ip_4.0mm_closed_R10_single_refY_005,4,GP_Ip_4.0mm_closed_R10_single_refY_005-raw04-07,True,0.9619832881412208,0.9723138878013312,0.08503077259013787,0.3175049108502854,False,False,GP_Ip_4.0mm_closed_R10_single_refY_005-raw04-07,True,raw_kept,,0.9619832881412208,0.9723138878013312,150.70896992197916,369.9772033691406,4.073466379808567,48.27230613026091,B,circle
S5_CPAG39_reproduced,GP_Ip_4.0mm_closed_R10_single_refY,GP_Ip_4.0mm_closed_R10_single_refY_005,5,GP_Ip_4.0mm_closed_R10_single_refY_005-raw05-24,True,0.9598890301699226,0.9587807412538968,0.08503077259013787,0.3175049108502854,False,False,GP_Ip_4.0mm_closed_R10_single_refY_005-raw05-24,True,raw_kept,,0.9598890301699226,0.9587807412538968,104.16840044486602,258.0690002441406,4.036455380007653,82.26448131629098,A,circle
S5_CPAG39_reproduced,GP_Ip_4.0mm_closed_R5_single_refY,GP_Ip_4.0mm_closed_R5_single_refY_005,1,GP_Ip_4.0mm_closed_R5_single_refY_005-raw01-24,False,,,0.08503077259013787,0.3175049108502854,False,False,GP_Ip_4.0mm_closed_R5_single_refY_005-raw01-24,False,raw_invalid,,,,,181.8080291748047,,12.249875155271129,none,none
S5_CPAG39_reproduced,GP_Ip_4.0mm_closed_R5_single_refY,GP_Ip_4.0mm_closed_R5_single_refY_005,2,GP_Ip_4.0mm_closed_R5_single_refY_005-raw02-20,False,,,0.08503077259013787,0.3175049108502854,False,False,GP_Ip_4.0mm_closed_R5_single_refY_005-raw02-20,False,raw_invalid,,,,,173.4949188232422,,16.60109876966005,none,none
S5_CPAG39_reproduced,GP_Ip_4.0mm_closed_R5_single_refY,GP_Ip_4.0mm_closed_R5_single_refY_005,3,GP_Ip_4.0mm_closed_R5_single_refY_005-raw03-02,False,,,0.08503077259013787,0.3175049108502854,False,False,GP_Ip_4.0mm_closed_R5_single_refY_005-raw03-02,False,raw_invalid,,,,,178.80052185058594,,18.46926852386852,none,none
S5_CPAG39_reproduced,GP_Ip_4.0mm_closed_R5_single_refY,GP_Ip_4.0mm_closed_R5_single_refY_005,4,GP_Ip_4.0mm_closed_R5_single_refY_005-raw04-20,False,,,0.08503077259013787,0.3175049108502854,False,False,GP_Ip_4.0mm_closed_R5_single_refY_005-raw04-20,False,raw_invalid,,,,,204.3455352783203,,21.644804193115235,none,none
S5_CPAG39_reproduced,GP_Ip_4.0mm_closed_R5_single_refY,GP_Ip_4.0mm_closed_R5_single_refY_005,5,GP_Ip_4.0mm_closed_R5_single_refY_005-raw05-23,True,0.4563251762754044,0.991260473916569,0.08503077259013787,0.3175049108502854,False,False,GP_Ip_4.0mm_closed_R5_single_refY_005-raw05-23,True,raw_kept,,0.4563251762754044,0.991260473916569,117.9392525339417,199.38951110839844,2.957508945137626,31.552053093350963,B,circle
S5_CPAG39_reproduced,GP_Ip_4.0mm_closed_R5_single_refY,GP_Ip_4.0mm_closed_R5_single_refY_006,1,GP_Ip_4.0mm_closed_R5_single_refY_006-raw01-18,False,,,0.08503077259013787,0.3175049108502854,False,False,GP_Ip_4.0mm_closed_R5_single_refY_006-raw01-18,False,raw_invalid,,,,,197.72238159179688,,14.811412519874107,none,none
S5_CPAG39_reproduced,GP_Ip_4.0mm_closed_R5_single_refY,GP_Ip_4.0mm_closed_R5_single_refY_006,2,GP_Ip_4.0mm_closed_R5_single_refY_006-raw02-21,False,,,0.08503077259013787,0.3175049108502854,False,False,GP_Ip_4.0mm_closed_R5_single_refY_006-raw02-21,False,raw_invalid,,,,,199.0535583496093,,22.945541949706616,none,none
S5_CPAG39_reproduced,GP_Ip_4.0mm_closed_R5_single_refY,GP_Ip_4.0mm_closed_R5_single_refY_006,3,GP_Ip_4.0mm_closed_R5_single_refY_006-raw03-24,True,0.4237790846330861,0.9961533838201708,0.08503077259013787,0.3175049108502854,False,False,GP_Ip_4.0mm_closed_R5_single_refY_006-raw03-24,True,raw_kept,,0.4237790846330861,0.9961533838201708,102.06944146918428,172.1593475341797,2.9643886007676583,41.856937309518266,B,circle
S5_CPAG39_reproduced,GP_Ip_4.0mm_closed_R5_single_refY,GP_Ip_4.0mm_closed_R5_single_refY_006,4,GP_Ip_4.0mm_closed_R5_single_refY_006-raw04-15,False,,,0.08503077259013787,0.3175049108502854,False,False,GP_Ip_4.0mm_closed_R5_single_refY_006-raw04-15,False,raw_invalid,,,,,157.75328063964844,,51.29480897585554,none,none
S5_CPAG39_reproduced,GP_Ip_4.0mm_closed_R5_single_refY,GP_Ip_4.0mm_closed_R5_single_refY_006,5,GP_Ip_4.0mm_closed_R5_single_refY_006-raw05-06,False,,,0.08503077259013787,0.3175049108502854,False,False,GP_Ip_4.0mm_closed_R5_single_refY_006-raw05-06,False,raw_invalid,,,,,152.7147674560547,,46.75881926054307,none,none
S5_CPAG39_reproduced,GP_Ip_4.0mm_closed_R5_single_refY,GP_Ip_4.0mm_closed_R5_single_refY_007,1,GP_Ip_4.0mm_closed_R5_single_refY_007-raw01-17,True,0.7323426014701182,0.993680008870163,0.08503077259013787,0.3175049108502854,False,False,GP_Ip_4.0mm_closed_R5_single_refY_007-raw01-17,True,raw_kept,,0.7323426014701182,0.993680008870163,107.59720303710398,145.9283905029297,3.686643930844409,35.69502661542421,A,circle
S5_CPAG39_reproduced,GP_Ip_4.0mm_closed_R5_single_refY,GP_Ip_4.0mm_closed_R5_single_refY_007,2,GP_Ip_4.0mm_closed_R5_single_refY_007-raw02-16,True,0.8225468316764726,0.991228796028134,0.08503077259013787,0.3175049108502854,False,False,GP_Ip_4.0mm_closed_R5_single_refY_007-raw02-16,True,raw_kept,,0.8225468316764726,0.991228796028134,123.6052222017042,157.34222412109375,3.927910098263733,41.8810546558333,B,circle
S5_CPAG39_reproduced,GP_Ip_4.0mm_closed_R5_single_refY,GP_Ip_4.0mm_closed_R5_single_refY_007,3,GP_Ip_4.0mm_closed_R5_single_refY_007-raw03-20,True,0.0061154598825831,0.2766990291262136,0.08503077259013787,0.3175049108502854,False,True,GP_Ip_4.0mm_closed_R5_single_refY_007-raw03-20,True,raw_kept,,0.0061154598825831,0.2766990291262136,39.443962217975134,138.417724609375,1.424816161705044,53.69209528261823,A,circle
S5_CPAG39_reproduced,GP_Ip_4.0mm_closed_R5_single_refY,GP_Ip_4.0mm_closed_R5_single_refY_007,4,GP_Ip_4.0mm_closed_R5_single_refY_007-raw04-24,True,0.8290486909133988,0.9901018505235978,0.08503077259013787,0.3175049108502854,False,False,GP_Ip_4.0mm_closed_R5_single_refY_007-raw04-24,True,raw_kept,,0.8290486909133988,0.9901018505235978,93.08380293457915,118.8223876953125,3.9169303335860857,56.64243279901081,B,circle
S5_CPAG39_reproduced,GP_Ip_4.0mm_closed_R5_single_refY,GP_Ip_4.0mm_closed_R5_single_refY_007,5,GP_Ip_4.0mm_closed_R5_single_refY_007-raw05-24,False,,,0.08503077259013787,0.3175049108502854,False,False,GP_Ip_4.0mm_closed_R5_single_refY_007-raw05-24,False,raw_invalid,,,,,97.9869384765625,,84.05750262261725,none,none
S5_CPAG39_reproduced,GP_Ip_4.7mm_closed_R5_single_refY,GP_Ip_4.7mm_closed_R5_single_refY_004,1,GP_Ip_4.7mm_closed_R5_single_refY_004-raw01-23,True,0.7588857169746211,0.8560392215124053,0.08503077259013787,0.3175049108502854,False,False,GP_Ip_4.7mm_closed_R5_single_refY_004-raw01-23,True,raw_kept,,0.7588857169746211,0.8560392215124053,193.87165832519543,34.679656982421875,27.9517843015955,29.717648018466114,A,ellipse
S5_CPAG39_reproduced,GP_Ip_4.7mm_closed_R5_single_refY,GP_Ip_4.7mm_closed_R5_single_refY_004,2,GP_Ip_4.7mm_closed_R5_single_refY_004-raw02-12,True,0.8420076538121872,0.8071290411715943,0.08503077259013787,0.3175049108502854,False,False,GP_Ip_4.7mm_closed_R5_single_refY_004-raw02-12,True,raw_kept,,0.8420076538121872,0.8071290411715943,224.4856719970704,36.67051315307617,30.60847158860101,31.27815917137996,A,ellipse
S5_CPAG39_reproduced,GP_Ip_4.7mm_closed_R5_single_refY,GP_Ip_4.7mm_closed_R5_single_refY_004,3,GP_Ip_4.7mm_closed_R5_single_refY_004-raw03-11,True,0.8831753801291398,0.884658898065392,0.08503077259013787,0.3175049108502854,False,False,GP_Ip_4.7mm_closed_R5_single_refY_004-raw03-11,True,raw_kept,,0.8831753801291398,0.884658898065392,299.1902160644532,43.326290130615234,34.52755995984056,28.005153843557103,A,ellipse
S5_CPAG39_reproduced,GP_Ip_4.7mm_closed_R5_single_refY,GP_Ip_4.7mm_closed_R5_single_refY_004,4,GP_Ip_4.7mm_closed_R5_single_refY_004-raw04-09,True,0.926576516267238,0.9350833242566168,0.08503077259013787,0.3175049108502854,False,False,GP_Ip_4.7mm_closed_R5_single_refY_004-raw04-09,True,raw_kept,,0.926576516267238,0.9350833242566168,251.2393798828126,24.79712677001953,50.65896993085676,23.750727560932265,B,ellipse
S5_CPAG39_reproduced,GP_Ip_4.7mm_closed_R5_single_refY,GP_Ip_4.7mm_closed_R5_single_refY_004,5,GP_Ip_4.7mm_closed_R5_single_refY_004-raw05-23,True,0.8531259705200793,0.8672690763052209,0.08503077259013787,0.3175049108502854,False,False,GP_Ip_4.7mm_closed_R5_single_refY_004-raw05-23,True,raw_kept,,0.8531259705200793,0.8672690763052209,248.68501281738284,48.00404357910156,25.90250677607992,26.44147952185736,A,ellipse
S5_CPAG39_reproduced,GP_Ip_4.7mm_closed_R5_single_refY,GP_Ip_4.7mm_closed_R5_single_refY_005,1,GP_Ip_4.7mm_closed_R5_single_refY_005-raw01-16,True,0.8745925639467432,0.042152466367713,0.08503077259013787,0.3175049108502854,False,True,GP_Ip_4.7mm_closed_R5_single_refY_005-raw01-16,True,raw_kept,,0.8745925639467432,0.042152466367713,301.05761718750006,21.96868133544922,68.51972874259545,14.53093160883468,A,ellipse
S5_CPAG39_reproduced,GP_Ip_4.7mm_closed_R5_single_refY,GP_Ip_4.7mm_closed_R5_single_refY_005,2,GP_Ip_4.7mm_closed_R5_single_refY_005-raw02-16,False,,,0.08503077259013787,0.3175049108502854,False,False,GP_Ip_4.7mm_closed_R5_single_refY_005-raw02-16,False,raw_invalid,,,,,,,25.66523870204878,,
S5_CPAG39_reproduced,GP_Ip_4.7mm_closed_R5_single_refY,GP_Ip_4.7mm_closed_R5_single_refY_005,3,GP_Ip_4.7mm_closed_R5_single_refY_005-raw03-24,False,,,0.08503077259013787,0.3175049108502854,False,False,GP_Ip_4.7mm_closed_R5_single_refY_005-raw03-24,False,raw_invalid,,,,,,,20.334904374562964,,
S5_CPAG39_reproduced,GP_Ip_4.7mm_closed_R5_single_refY,GP_Ip_4.7mm_closed_R5_single_refY_005,4,GP_Ip_4.7mm_closed_R5_single_refY_005-raw04-24,False,,,0.08503077259013787,0.3175049108502854,False,False,GP_Ip_4.7mm_closed_R5_single_refY_005-raw04-24,False,raw_invalid,,,,,,,23.88188150431313,,
S5_CPAG39_reproduced,GP_Ip_4.7mm_closed_R5_single_refY,GP_Ip_4.7mm_closed_R5_single_refY_005,5,GP_Ip_4.7mm_closed_R5_single_refY_005-raw05-19,True,0.7629571984435798,0.9921761280931588,0.08503077259013787,0.3175049108502854,False,False,GP_Ip_4.7mm_closed_R5_single_refY_005-raw05-19,True,raw_kept,,0.7629571984435798,0.9921761280931588,176.6308277796027,13.373971939086914,66.03529175329713,31.852306845865133,B,circle
S5_CPAG39_reproduced,GP_Ip_5.6mm_closed_R10_single_refY,GP_Ip_5.6mm_closed_R10_single_refY_004,1,GP_Ip_5.6mm_closed_R10_single_refY_004-raw01-24,False,,,0.08503077259013787,0.3175049108502854,False,False,GP_Ip_5.6mm_closed_R10_single_refY_004-raw01-24,False,raw_invalid,,,,,,,18.31037868395087,,
S5_CPAG39_reproduced,GP_Ip_5.6mm_closed_R10_single_refY,GP_Ip_5.6mm_closed_R10_single_refY_004,2,GP_Ip_5.6mm_closed_R10_single_refY_004-raw02-10,False,,,0.08503077259013787,0.3175049108502854,False,False,GP_Ip_5.6mm_closed_R10_single_refY_004-raw02-10,False,raw_invalid,,,,,,,19.63157794330621,,
S5_CPAG39_reproduced,GP_Ip_5.6mm_closed_R10_single_refY,GP_Ip_5.6mm_closed_R10_single_refY_004,3,GP_Ip_5.6mm_closed_R10_single_refY_004-raw03-20,False,,,0.08503077259013787,0.3175049108502854,False,False,GP_Ip_5.6mm_closed_R10_single_refY_004-raw03-20,False,raw_invalid,,,,,,,29.61291224308249,,
S5_CPAG39_reproduced,GP_Ip_5.6mm_closed_R10_single_refY,GP_Ip_5.6mm_closed_R10_single_refY_004,4,GP_Ip_5.6mm_closed_R10_single_refY_004-raw04-03,False,,,0.08503077259013787,0.3175049108502854,False,False,GP_Ip_5.6mm_closed_R10_single_refY_004-raw04-03,False,raw_invalid,,,,,,,27.04684230696596,,
S5_CPAG39_reproduced,GP_Ip_5.6mm_closed_R10_single_refY,GP_Ip_5.6mm_closed_R10_single_refY_004,5,GP_Ip_5.6mm_closed_R10_single_refY_004-raw05-08,False,,,0.08503077259013787,0.3175049108502854,False,False,GP_Ip_5.6mm_closed_R10_single_refY_004-raw05-08,False,raw_invalid,,,,,,,26.693181213939344,,
S5_CPAG39_reproduced,GP_Ip_5.6mm_closed_R10_single_refY,GP_Ip_5.6mm_closed_R10_single_refY_005,1,GP_Ip_5.6mm_closed_R10_single_refY_005-raw01-08,True,0.9890026863666892,0.9705882352941176,0.08503077259013787,0.3175049108502854,False,False,GP_Ip_5.6mm_closed_R10_single_refY_005-raw01-08,True,raw_kept,,0.9890026863666892,0.9705882352941176,125.79833889628614,208.0327911376953,6.047043747685962,32.35971889518339,B,circle
S5_CPAG39_reproduced,GP_Ip_5.6mm_closed_R10_single_refY,GP_Ip_5.6mm_closed_R10_single_refY_005,2,GP_Ip_5.6mm_closed_R10_single_refY_005-raw02-06,True,0.9833431977678194,0.9768385460693152,0.08503077259013787,0.3175049108502854,False,False,GP_Ip_5.6mm_closed_R10_single_refY_005-raw02-06,True,raw_kept,,0.9833431977678194,0.9768385460693152,124.5099578399212,207.247802734375,6.007781805026067,34.583199774159304,B,circle
S5_CPAG39_reproduced,GP_Ip_5.6mm_closed_R10_single_refY,GP_Ip_5.6mm_closed_R10_single_refY_005,3,GP_Ip_5.6mm_closed_R10_single_refY_005-raw03-19,True,0.9557072683373574,0.9669947395214662,0.08503077259013787,0.3175049108502854,False,False,GP_Ip_5.6mm_closed_R10_single_refY_005-raw03-19,True,raw_kept,,0.9557072683373574,0.9669947395214662,121.27200532704109,212.7000274658203,5.701550995169882,40.09862488503988,B,circle
S5_CPAG39_reproduced,GP_Ip_5.6mm_closed_R10_single_refY,GP_Ip_5.6mm_closed_R10_single_refY_005,4,GP_Ip_5.6mm_closed_R10_single_refY_005-raw04-19,True,0.911112700228833,0.9775211223936128,0.08503077259013787,0.3175049108502854,False,False,GP_Ip_5.6mm_closed_R10_single_refY_005-raw04-19,True,raw_kept,,0.911112700228833,0.9775211223936128,127.90555470387066,230.62977600097656,5.545925462084688,63.34334281279836,B,circle
S5_CPAG39_reproduced,GP_Ip_5.6mm_closed_R10_single_refY,GP_Ip_5.6mm_closed_R10_single_refY_005,5,GP_Ip_5.6mm_closed_R10_single_refY_005-raw05-23,True,0.8676580481243461,0.8869174355334752,0.08503077259013787,0.3175049108502854,False,False,GP_Ip_5.6mm_closed_R10_single_refY_005-raw05-23,True,raw_kept,,0.8676580481243461,0.8869174355334752,144.0246734619141,223.93760681152344,6.4314643490466565,83.9360863379479,B,ellipse
S5_CPAG39_reproduced,GP_Ip_6.2mm_closed_R10_single_refY,GP_Ip_6.2mm_closed_R10_single_refY_004,1,GP_Ip_6.2mm_closed_R10_single_refY_004-raw01-06,False,,,0.08503077259013787,0.3175049108502854,False,False,GP_Ip_6.2mm_closed_R10_single_refY_004-raw01-06,False,raw_invalid,,,,,,,15.694601765007445,,
S5_CPAG39_reproduced,GP_Ip_6.2mm_closed_R10_single_refY,GP_Ip_6.2mm_closed_R10_single_refY_004,2,GP_Ip_6.2mm_closed_R10_single_refY_004-raw02-10,False,,,0.08503077259013787,0.3175049108502854,False,False,GP_Ip_6.2mm_closed_R10_single_refY_004-raw02-10,False,raw_invalid,,,,,,,13.926881347486702,,
S5_CPAG39_reproduced,GP_Ip_6.2mm_closed_R10_single_refY,GP_Ip_6.2mm_closed_R10_single_refY_004,3,GP_Ip_6.2mm_closed_R10_single_refY_004-raw03-23,False,,,0.08503077259013787,0.3175049108502854,False,False,GP_Ip_6.2mm_closed_R10_single_refY_004-raw03-23,False,raw_invalid,,,,,,,16.42434014643445,,
S5_CPAG39_reproduced,GP_Ip_6.2mm_closed_R10_single_refY,GP_Ip_6.2mm_closed_R10_single_refY_004,4,GP_Ip_6.2mm_closed_R10_single_refY_004-raw04-18,False,,,0.08503077259013787,0.3175049108502854,False,False,GP_Ip_6.2mm_closed_R10_single_refY_004-raw04-18,False,raw_invalid,,,,,,,23.52800764069263,,
S5_CPAG39_reproduced,GP_Ip_6.2mm_closed_R10_single_refY,GP_Ip_6.2mm_closed_R10_single_refY_004,5,GP_Ip_6.2mm_closed_R10_single_refY_004-raw05-21,False,,,0.08503077259013787,0.3175049108502854,False,False,GP_Ip_6.2mm_closed_R10_single_refY_004-raw05-21,False,raw_invalid,,,,,,,26.94042747749988,,
S5_CPAG39_reproduced,GP_Ip_6.2mm_closed_R10_single_refY,GP_Ip_6.2mm_closed_R10_single_refY_005,1,GP_Ip_6.2mm_closed_R10_single_refY_005-raw01-05,False,,,0.08503077259013787,0.3175049108502854,False,False,GP_Ip_6.2mm_closed_R10_single_refY_005-raw01-05,False,raw_invalid,,,,,,,28.661250847709336,,
S5_CPAG39_reproduced,GP_Ip_6.2mm_closed_R10_single_refY,GP_Ip_6.2mm_closed_R10_single_refY_005,2,GP_Ip_6.2mm_closed_R10_single_refY_005-raw02-23,False,,,0.08503077259013787,0.3175049108502854,False,False,GP_Ip_6.2mm_closed_R10_single_refY_005-raw02-23,False,raw_invalid,,,,,,,30.028000558159665,,
S5_CPAG39_reproduced,GP_Ip_6.2mm_closed_R10_single_refY,GP_Ip_6.2mm_closed_R10_single_refY_005,3,GP_Ip_6.2mm_closed_R10_single_refY_005-raw03-24,False,,,0.08503077259013787,0.3175049108502854,False,False,GP_Ip_6.2mm_closed_R10_single_refY_005-raw03-24,False,raw_invalid,,,,,,,33.0403243144459,,
S5_CPAG39_reproduced,GP_Ip_6.2mm_closed_R10_single_refY,GP_Ip_6.2mm_closed_R10_single_refY_005,4,GP_Ip_6.2mm_closed_R10_single_refY_005-raw04-06,False,,,0.08503077259013787,0.3175049108502854,False,False,GP_Ip_6.2mm_closed_R10_single_refY_005-raw04-06,False,raw_invalid,,,,,,,42.13797823755712,,
S5_CPAG39_reproduced,GP_Ip_6.2mm_closed_R10_single_refY,GP_Ip_6.2mm_closed_R10_single_refY_005,5,GP_Ip_6.2mm_closed_R10_single_refY_005-raw05-04,True,0.9276851066503314,0.9899073640197528,0.08503077259013787,0.3175049108502854,False,False,GP_Ip_6.2mm_closed_R10_single_refY_005-raw05-04,True,raw_kept,,0.9276851066503314,0.9899073640197528,193.7653095743109,296.0475769042969,6.545073315595795,46.84400018522357,B,circle
S5_CPAG39_reproduced,GP_Ip_6.2mm_closed_R5_single_refY,GP_Ip_6.2mm_closed_R5_single_refY_004,1,GP_Ip_6.2mm_closed_R5_single_refY_004-raw01-10,True,0.8901225619399051,0.9901350607561707,0.08503077259013787,0.3175049108502854,False,False,GP_Ip_6.2mm_closed_R5_single_refY_004-raw01-10,True,raw_kept,,0.8901225619399051,0.9901350607561707,217.0473753075275,189.4000396728516,5.7298661521515575,13.84989335935616,A,circle
S5_CPAG39_reproduced,GP_Ip_6.2mm_closed_R5_single_refY,GP_Ip_6.2mm_closed_R5_single_refY_004,2,GP_Ip_6.2mm_closed_R5_single_refY_004-raw02-22,True,0.8891067751740367,0.9886900742741392,0.08503077259013787,0.3175049108502854,False,False,GP_Ip_6.2mm_closed_R5_single_refY_004-raw02-22,True,raw_kept,,0.8891067751740367,0.9886900742741392,225.881352798584,183.1988677978516,6.164922183029788,11.714622034477896,A,circle
S5_CPAG39_reproduced,GP_Ip_6.2mm_closed_R5_single_refY,GP_Ip_6.2mm_closed_R5_single_refY_004,3,GP_Ip_6.2mm_closed_R5_single_refY_004-raw03-11,True,0.8774794388001935,0.993006993006993,0.08503077259013787,0.3175049108502854,False,False,GP_Ip_6.2mm_closed_R5_single_refY_004-raw03-11,True,raw_kept,,0.8774794388001935,0.993006993006993,230.75720143344563,192.41807556152344,5.99624543484387,13.407191823884006,A,circle
S5_CPAG39_reproduced,GP_Ip_6.2mm_closed_R5_single_refY,GP_Ip_6.2mm_closed_R5_single_refY_004,4,GP_Ip_6.2mm_closed_R5_single_refY_004-raw04-13,True,0.8861406186723155,0.9950433205722344,0.08503077259013787,0.3175049108502854,False,False,GP_Ip_6.2mm_closed_R5_single_refY_004-raw04-13,True,raw_kept,,0.8861406186723155,0.9950433205722344,232.94669560478096,186.19044494628903,6.255602849866426,13.62083709998897,A,circle
S5_CPAG39_reproduced,GP_Ip_6.2mm_closed_R5_single_refY,GP_Ip_6.2mm_closed_R5_single_refY_004,5,GP_Ip_6.2mm_closed_R5_single_refY_004-raw05-04,True,0.9025428444246606,0.996347298827483,0.08503077259013787,0.3175049108502854,False,False,GP_Ip_6.2mm_closed_R5_single_refY_004-raw05-04,True,raw_kept,,0.9025428444246606,0.996347298827483,241.9801379727913,200.79298400878903,6.025612378025104,14.108408911015076,A,circle
S5_CPAG39_reproduced,GP_Ip_6.2mm_closed_R5_single_refY,GP_Ip_6.2mm_closed_R5_single_refY_005,1,GP_Ip_6.2mm_closed_R5_single_refY_005-raw01-12,True,0.8736357435197817,0.9955167002914144,0.08503077259013787,0.3175049108502854,False,False,GP_Ip_6.2mm_closed_R5_single_refY_005-raw01-12,True,raw_kept,,0.8736357435197817,0.9955167002914144,176.82313723715953,134.48037719726562,6.574309981960502,19.08395261716372,B,circle
S5_CPAG39_reproduced,GP_Ip_6.2mm_closed_R5_single_refY,GP_Ip_6.2mm_closed_R5_single_refY_005,2,GP_Ip_6.2mm_closed_R5_single_refY_005-raw02-02,True,0.8976871468926554,0.9921001390820584,0.08503077259013787,0.3175049108502854,False,False,GP_Ip_6.2mm_closed_R5_single_refY_005-raw02-02,True,raw_kept,,0.8976871468926554,0.9921001390820584,201.7324490605473,154.9801483154297,6.50833191390303,16.957860642693376,A,circle
S5_CPAG39_reproduced,GP_Ip_6.2mm_closed_R5_single_refY,GP_Ip_6.2mm_closed_R5_single_refY_005,3,GP_Ip_6.2mm_closed_R5_single_refY_005-raw03-12,True,0.9044497980585277,0.9875836158709796,0.08503077259013787,0.3175049108502854,False,False,GP_Ip_6.2mm_closed_R5_single_refY_005-raw03-12,True,raw_kept,,0.9044497980585277,0.9875836158709796,239.1507020472347,182.34539794921875,6.557629222807004,15.231390410807109,A,circle
S5_CPAG39_reproduced,GP_Ip_6.2mm_closed_R5_single_refY,GP_Ip_6.2mm_closed_R5_single_refY_005,4,GP_Ip_6.2mm_closed_R5_single_refY_005-raw04-20,True,0.8997541138641952,0.996139562157936,0.08503077259013787,0.3175049108502854,False,False,GP_Ip_6.2mm_closed_R5_single_refY_005-raw04-20,True,raw_kept,,0.8997541138641952,0.996139562157936,211.78239686296007,175.98939514160156,6.016907913472836,20.548281236055164,A,circle
S5_CPAG39_reproduced,GP_Ip_6.2mm_closed_R5_single_refY,GP_Ip_6.2mm_closed_R5_single_refY_005,5,GP_Ip_6.2mm_closed_R5_single_refY_005-raw05-04,True,0.9101123595505618,0.9957325746799432,0.08503077259013787,0.3175049108502854,False,False,GP_Ip_6.2mm_closed_R5_single_refY_005-raw05-04,True,raw_kept,,0.9101123595505618,0.9957325746799432,221.96244770930863,180.97879028320312,6.132277913947052,19.31831597142631,A,circle
S5_CPAG39_reproduced,GP_Ip_6.4mm_closed_R10_single_refY,GP_Ip_6.4mm_closed_R10_single_refY_005,1,GP_Ip_6.4mm_closed_R10_single_refY_005-raw01-24,False,,,0.08503077259013787,0.3175049108502854,False,False,GP_Ip_6.4mm_closed_R10_single_refY_005-raw01-24,False,raw_invalid,,,,,,,27.87360134310192,,
S5_CPAG39_reproduced,GP_Ip_6.4mm_closed_R10_single_refY,GP_Ip_6.4mm_closed_R10_single_refY_005,2,GP_Ip_6.4mm_closed_R10_single_refY_005-raw02-01,False,,,0.08503077259013787,0.3175049108502854,False,False,GP_Ip_6.4mm_closed_R10_single_refY_005-raw02-01,False,raw_invalid,,,,,,,29.12487302412693,,
S5_CPAG39_reproduced,GP_Ip_6.4mm_closed_R10_single_refY,GP_Ip_6.4mm_closed_R10_single_refY_005,3,GP_Ip_6.4mm_closed_R10_single_refY_005-raw03-20,False,,,0.08503077259013787,0.3175049108502854,False,False,GP_Ip_6.4mm_closed_R10_single_refY_005-raw03-20,False,raw_invalid,,,,,,,46.44099876708871,,
S5_CPAG39_reproduced,GP_Ip_6.4mm_closed_R10_single_refY,GP_Ip_6.4mm_closed_R10_single_refY_005,4,GP_Ip_6.4mm_closed_R10_single_refY_005-raw04-24,False,,,0.08503077259013787,0.3175049108502854,False,False,GP_Ip_6.4mm_closed_R10_single_refY_005-raw04-24,False,raw_invalid,,,,,,,49.54778738309009,,
S5_CPAG39_reproduced,GP_Ip_6.4mm_closed_R10_single_refY,GP_Ip_6.4mm_closed_R10_single_refY_005,5,GP_Ip_6.4mm_closed_R10_single_refY_005-raw05-18,False,,,0.08503077259013787,0.3175049108502854,False,False,GP_Ip_6.4mm_closed_R10_single_refY_005-raw05-18,False,raw_invalid,,,,,,,62.23938047450972,,
S5_CPAG39_reproduced,GP_Ip_6.4mm_closed_R10_single_refY,GP_Ip_6.4mm_closed_R10_single_refY_006,1,GP_Ip_6.4mm_closed_R10_single_refY_006-raw01-17,False,,,0.08503077259013787,0.3175049108502854,False,False,GP_Ip_6.4mm_closed_R10_single_refY_006-raw01-17,False,raw_invalid,,,,,,,50.86576449921101,,
S5_CPAG39_reproduced,GP_Ip_6.4mm_closed_R10_single_refY,GP_Ip_6.4mm_closed_R10_single_refY_006,2,GP_Ip_6.4mm_closed_R10_single_refY_006-raw02-19,False,,,0.08503077259013787,0.3175049108502854,False,False,GP_Ip_6.4mm_closed_R10_single_refY_006-raw02-19,False,raw_invalid,,,,,,,45.81053915970297,,
S5_CPAG39_reproduced,GP_Ip_6.4mm_closed_R10_single_refY,GP_Ip_6.4mm_closed_R10_single_refY_006,3,GP_Ip_6.4mm_closed_R10_single_refY_006-raw03-21,False,,,0.08503077259013787,0.3175049108502854,False,False,GP_Ip_6.4mm_closed_R10_single_refY_006-raw03-21,False,raw_invalid,,,,,,,30.280617954729816,,
S5_CPAG39_reproduced,GP_Ip_6.4mm_closed_R10_single_refY,GP_Ip_6.4mm_closed_R10_single_refY_006,4,GP_Ip_6.4mm_closed_R10_single_refY_006-raw04-11,False,,,0.08503077259013787,0.3175049108502854,False,False,GP_Ip_6.4mm_closed_R10_single_refY_006-raw04-11,False,raw_invalid,,,,,,,28.02268306446665,,
S5_CPAG39_reproduced,GP_Ip_6.4mm_closed_R10_single_refY,GP_Ip_6.4mm_closed_R10_single_refY_006,5,GP_Ip_6.4mm_closed_R10_single_refY_006-raw05-09,False,,,0.08503077259013787,0.3175049108502854,False,False,GP_Ip_6.4mm_closed_R10_single_refY_006-raw05-09,False,raw_invalid,,,,,,,22.65524724154532,,
S5_CPAG39_reproduced,GP_Ip_7.1mm_closed_R10_single_refY,GP_Ip_7.1mm_closed_R10_single_refY_004,1,GP_Ip_7.1mm_closed_R10_single_refY_004-raw01-04,False,,,0.08503077259013787,0.3175049108502854,False,False,GP_Ip_7.1mm_closed_R10_single_refY_004-raw01-04,False,raw_invalid,,,,,,,38.99647094432221,,
S5_CPAG39_reproduced,GP_Ip_7.1mm_closed_R10_single_refY,GP_Ip_7.1mm_closed_R10_single_refY_004,2,GP_Ip_7.1mm_closed_R10_single_refY_004-raw02-03,False,,,0.08503077259013787,0.3175049108502854,False,False,GP_Ip_7.1mm_closed_R10_single_refY_004-raw02-03,False,raw_invalid,,,,,,,29.73974602133668,,
S5_CPAG39_reproduced,GP_Ip_7.1mm_closed_R10_single_refY,GP_Ip_7.1mm_closed_R10_single_refY_004,3,GP_Ip_7.1mm_closed_R10_single_refY_004-raw03-07,False,,,0.08503077259013787,0.3175049108502854,False,False,GP_Ip_7.1mm_closed_R10_single_refY_004-raw03-07,False,raw_invalid,,,,,,,22.338628413146225,,
S5_CPAG39_reproduced,GP_Ip_7.1mm_closed_R10_single_refY,GP_Ip_7.1mm_closed_R10_single_refY_004,4,GP_Ip_7.1mm_closed_R10_single_refY_004-raw04-13,False,,,0.08503077259013787,0.3175049108502854,False,False,GP_Ip_7.1mm_closed_R10_single_refY_004-raw04-13,False,raw_invalid,,,,,,,18.10215493207391,,
S5_CPAG39_reproduced,GP_Ip_7.1mm_closed_R10_single_refY,GP_Ip_7.1mm_closed_R10_single_refY_004,5,GP_Ip_7.1mm_closed_R10_single_refY_004-raw05-20,False,,,0.08503077259013787,0.3175049108502854,False,False,GP_Ip_7.1mm_closed_R10_single_refY_004-raw05-20,False,raw_invalid,,,,,,,19.457035580741035,,
S5_CPAG39_reproduced,GP_Ip_7.1mm_closed_R10_single_refY,GP_Ip_7.1mm_closed_R10_single_refY_005,1,GP_Ip_7.1mm_closed_R10_single_refY_005-raw01-14,False,,,0.08503077259013787,0.3175049108502854,False,False,GP_Ip_7.1mm_closed_R10_single_refY_005-raw01-14,False,raw_invalid,,,,,,,66.41250855388876,,
S5_CPAG39_reproduced,GP_Ip_7.1mm_closed_R10_single_refY,GP_Ip_7.1mm_closed_R10_single_refY_005,2,GP_Ip_7.1mm_closed_R10_single_refY_005-raw02-06,False,,,0.08503077259013787,0.3175049108502854,False,False,GP_Ip_7.1mm_closed_R10_single_refY_005-raw02-06,False,raw_invalid,,,,,,,49.28965169265064,,
S5_CPAG39_reproduced,GP_Ip_7.1mm_closed_R10_single_refY,GP_Ip_7.1mm_closed_R10_single_refY_005,3,GP_Ip_7.1mm_closed_R10_single_refY_005-raw03-01,False,,,0.08503077259013787,0.3175049108502854,False,False,GP_Ip_7.1mm_closed_R10_single_refY_005-raw03-01,False,raw_invalid,,,,,,,39.972830944201405,,
S5_CPAG39_reproduced,GP_Ip_7.1mm_closed_R10_single_refY,GP_Ip_7.1mm_closed_R10_single_refY_005,4,GP_Ip_7.1mm_closed_R10_single_refY_005-raw04-18,False,,,0.08503077259013787,0.3175049108502854,False,False,GP_Ip_7.1mm_closed_R10_single_refY_005-raw04-18,False,raw_invalid,,,,,,,32.48310415470334,,
S5_CPAG39_reproduced,GP_Ip_7.1mm_closed_R10_single_refY,GP_Ip_7.1mm_closed_R10_single_refY_005,5,GP_Ip_7.1mm_closed_R10_single_refY_005-raw05-16,False,,,0.08503077259013787,0.3175049108502854,False,False,GP_Ip_7.1mm_closed_R10_single_refY_005-raw05-16,False,raw_invalid,,,,,,,39.389015729596885,,
S5_CPAG39_reproduced,GP_Ip_8.8mm_closed_R10_single_refY,GP_Ip_8.8mm_closed_R10_single_refY_004,1,GP_Ip_8.8mm_closed_R10_single_refY_004-raw01-01,False,,,0.08503077259013787,0.3175049108502854,False,False,GP_Ip_8.8mm_closed_R10_single_refY_004-raw01-01,False,raw_invalid,,,,,,,32.29997488134761,,
S5_CPAG39_reproduced,GP_Ip_8.8mm_closed_R10_single_refY,GP_Ip_8.8mm_closed_R10_single_refY_004,2,GP_Ip_8.8mm_closed_R10_single_refY_004-raw02-14,False,,,0.08503077259013787,0.3175049108502854,False,False,GP_Ip_8.8mm_closed_R10_single_refY_004-raw02-14,False,raw_invalid,,,,,,,19.99407334798177,,
S5_CPAG39_reproduced,GP_Ip_8.8mm_closed_R10_single_refY,GP_Ip_8.8mm_closed_R10_single_refY_004,3,GP_Ip_8.8mm_closed_R10_single_refY_004-raw03-04,False,,,0.08503077259013787,0.3175049108502854,False,False,GP_Ip_8.8mm_closed_R10_single_refY_004-raw03-04,False,raw_invalid,,,,,,,17.873463466898595,,
S5_CPAG39_reproduced,GP_Ip_8.8mm_closed_R10_single_refY,GP_Ip_8.8mm_closed_R10_single_refY_004,4,GP_Ip_8.8mm_closed_R10_single_refY_004-raw04-24,False,,,0.08503077259013787,0.3175049108502854,False,False,GP_Ip_8.8mm_closed_R10_single_refY_004-raw04-24,False,raw_invalid,,,,,,,22.18018771687143,,
S5_CPAG39_reproduced,GP_Ip_8.8mm_closed_R10_single_refY,GP_Ip_8.8mm_closed_R10_single_refY_004,5,GP_Ip_8.8mm_closed_R10_single_refY_004-raw05-09,False,,,0.08503077259013787,0.3175049108502854,False,False,GP_Ip_8.8mm_closed_R10_single_refY_004-raw05-09,False,raw_invalid,,,,,,,25.902915460279264,,
S5_CPAG39_reproduced,GP_Ip_8.8mm_closed_R10_single_refY,GP_Ip_8.8mm_closed_R10_single_refY_005,1,GP_Ip_8.8mm_closed_R10_single_refY_005-raw01-01,False,,,0.08503077259013787,0.3175049108502854,False,False,GP_Ip_8.8mm_closed_R10_single_refY_005-raw01-01,False,raw_invalid,,,,,,,43.43882466505899,,
S5_CPAG39_reproduced,GP_Ip_8.8mm_closed_R10_single_refY,GP_Ip_8.8mm_closed_R10_single_refY_005,2,GP_Ip_8.8mm_closed_R10_single_refY_005-raw02-11,False,,,0.08503077259013787,0.3175049108502854,False,False,GP_Ip_8.8mm_closed_R10_single_refY_005-raw02-11,False,raw_invalid,,,,,,,32.0777634710512,,
S5_CPAG39_reproduced,GP_Ip_8.8mm_closed_R10_single_refY,GP_Ip_8.8mm_closed_R10_single_refY_005,3,GP_Ip_8.8mm_closed_R10_single_refY_005-raw03-11,False,,,0.08503077259013787,0.3175049108502854,False,False,GP_Ip_8.8mm_closed_R10_single_refY_005-raw03-11,False,raw_invalid,,,,,,,27.053618182795727,,
S5_CPAG39_reproduced,GP_Ip_8.8mm_closed_R10_single_refY,GP_Ip_8.8mm_closed_R10_single_refY_005,4,GP_Ip_8.8mm_closed_R10_single_refY_005-raw04-01,False,,,0.08503077259013787,0.3175049108502854,False,False,GP_Ip_8.8mm_closed_R10_single_refY_005-raw04-01,False,raw_invalid,,,,,,,24.922702815019345,,
S5_CPAG39_reproduced,GP_Ip_8.8mm_closed_R10_single_refY,GP_Ip_8.8mm_closed_R10_single_refY_005,5,GP_Ip_8.8mm_closed_R10_single_refY_005-raw05-17,False,,,0.08503077259013787,0.3175049108502854,False,False,GP_Ip_8.8mm_closed_R10_single_refY_005-raw05-17,False,raw_invalid,,,,,,,21.61590287280494,,
S5_CPAG39_reproduced,GP_Ip_8.8mm_closed_R5_single_refY,GP_Ip_8.8mm_closed_R5_single_refY_004,1,GP_Ip_8.8mm_closed_R5_single_refY_004-raw01-23,True,0.9939529992314848,0.9478217862589128,0.08503077259013787,0.3175049108502854,False,False,GP_Ip_8.8mm_closed_R5_single_refY_004-raw01-23,True,raw_kept,,0.9939529992314848,0.9478217862589128,286.5019800585854,151.27967834472656,9.46928176981321,31.83248986383014,A,circle
S5_CPAG39_reproduced,GP_Ip_8.8mm_closed_R5_single_refY,GP_Ip_8.8mm_closed_R5_single_refY_004,2,GP_Ip_8.8mm_closed_R5_single_refY_004-raw02-24,True,0.9930833314918348,0.9057856869172805,0.08503077259013787,0.3175049108502854,False,False,GP_Ip_8.8mm_closed_R5_single_refY_004-raw02-24,True,raw_kept,,0.9930833314918348,0.9057856869172805,291.64666844870186,143.30447387695312,10.17576983322659,46.36926302718056,A,circle
S5_CPAG39_reproduced,GP_Ip_8.8mm_closed_R5_single_refY,GP_Ip_8.8mm_closed_R5_single_refY_004,3,GP_Ip_8.8mm_closed_R5_single_refY_004-raw03-01,True,0.979276707648738,0.9863538424706728,0.08503077259013787,0.3175049108502854,False,False,GP_Ip_8.8mm_closed_R5_single_refY_004-raw03-01,True,raw_kept,,0.979276707648738,0.9863538424706728,265.3891680803669,140.97752380371094,9.41246380699236,49.30253772065785,B,circle
S5_CPAG39_reproduced,GP_Ip_8.8mm_closed_R5_single_refY,GP_Ip_8.8mm_closed_R5_single_refY_004,4,GP_Ip_8.8mm_closed_R5_single_refY_004-raw04-09,True,0.9569722262196,0.9906335411356448,0.08503077259013787,0.3175049108502854,False,False,GP_Ip_8.8mm_closed_R5_single_refY_004-raw04-09,True,raw_kept,,0.9569722262196,0.9906335411356448,222.01401608991807,84.46418762207031,13.142494016713082,26.332080328477463,B,circle
S5_CPAG39_reproduced,GP_Ip_8.8mm_closed_R5_single_refY,GP_Ip_8.8mm_closed_R5_single_refY_004,5,GP_Ip_8.8mm_closed_R5_single_refY_004-raw05-02,True,0.9527371029511152,0.992102167702907,0.08503077259013787,0.3175049108502854,False,False,GP_Ip_8.8mm_closed_R5_single_refY_004-raw05-02,True,raw_kept,,0.9527371029511152,0.992102167702907,248.01341531714144,90.5932388305664,13.688296086918406,18.11359020396928,A,circle
S5_CPAG39_reproduced,GP_Ip_8.8mm_closed_R5_single_refY,GP_Ip_8.8mm_closed_R5_single_refY_005,1,GP_Ip_8.8mm_closed_R5_single_refY_005-raw01-13,True,0.9610149219728898,0.9863514578408196,0.08503077259013787,0.3175049108502854,False,False,GP_Ip_8.8mm_closed_R5_single_refY_005-raw01-13,True,raw_kept,,0.9610149219728898,0.9863514578408196,236.76518727101524,147.11476135253906,8.046955488839131,33.44238007855829,A,circle
S5_CPAG39_reproduced,GP_Ip_8.8mm_closed_R5_single_refY,GP_Ip_8.8mm_closed_R5_single_refY_005,2,GP_Ip_8.8mm_closed_R5_single_refY_005-raw02-01,True,0.9399591772648768,0.9930438524149308,0.08503077259013787,0.3175049108502854,False,False,GP_Ip_8.8mm_closed_R5_single_refY_005-raw02-01,True,raw_kept,,0.9399591772648768,0.9930438524149308,219.07468805766288,135.1746368408203,8.103394733571271,26.286388722436232,B,circle
S5_CPAG39_reproduced,GP_Ip_8.8mm_closed_R5_single_refY,GP_Ip_8.8mm_closed_R5_single_refY_005,3,GP_Ip_8.8mm_closed_R5_single_refY_005-raw03-14,True,0.8927815510977729,0.8527751492805169,0.08503077259013787,0.3175049108502854,False,False,GP_Ip_8.8mm_closed_R5_single_refY_005-raw03-14,True,raw_kept,,0.8927815510977729,0.8527751492805169,259.81451416015653,124.75924682617188,10.412635566891408,28.43866197246856,A,ellipse
S5_CPAG39_reproduced,GP_Ip_8.8mm_closed_R5_single_refY,GP_Ip_8.8mm_closed_R5_single_refY_005,4,GP_Ip_8.8mm_closed_R5_single_refY_005-raw04-24,True,0.9616987497519348,0.989675387172981,0.08503077259013787,0.3175049108502854,False,False,GP_Ip_8.8mm_closed_R5_single_refY_005-raw04-24,True,raw_kept,,0.9616987497519348,0.989675387172981,198.9844998838508,121.08055877685548,8.217029302390632,48.962269880713926,B,circle
S5_CPAG39_reproduced,GP_Ip_8.8mm_closed_R5_single_refY,GP_Ip_8.8mm_closed_R5_single_refY_005,5,GP_Ip_8.8mm_closed_R5_single_refY_005-raw05-23,True,0.9886339266566588,0.9754211332312404,0.08503077259013787,0.3175049108502854,False,False,GP_Ip_8.8mm_closed_R5_single_refY_005-raw05-23,True,raw_kept,,0.9886339266566588,0.9754211332312404,222.6579622908575,125.4199676513672,8.876495763010585,74.163477032121,B,circle
S5_CPAG39_reproduced,GP_Ip_9.7mm_closed_R5_single_refY,GP_Ip_9.7mm_closed_R5_single_refY_004,1,GP_Ip_9.7mm_closed_R5_single_refY_004-raw01-04,True,0.8706636500754148,0.9941006068551372,0.08503077259013787,0.3175049108502854,False,False,GP_Ip_9.7mm_closed_R5_single_refY_004-raw01-04,True,raw_kept,,0.8706636500754148,0.9941006068551372,263.4970900843308,128.58705139160156,10.245864075453092,30.55125805656528,B,circle
S5_CPAG39_reproduced,GP_Ip_9.7mm_closed_R5_single_refY,GP_Ip_9.7mm_closed_R5_single_refY_004,2,GP_Ip_9.7mm_closed_R5_single_refY_004-raw02-05,True,0.8625756722511615,0.996456619490665,0.08503077259013787,0.3175049108502854,False,False,GP_Ip_9.7mm_closed_R5_single_refY_004-raw02-05,True,raw_kept,,0.8625756722511615,0.996456619490665,264.99590344057367,118.3262176513672,11.19768334949018,18.600275511334274,A,circle
S5_CPAG39_reproduced,GP_Ip_9.7mm_closed_R5_single_refY,GP_Ip_9.7mm_closed_R5_single_refY_004,3,GP_Ip_9.7mm_closed_R5_single_refY_004-raw03-23,True,0.8858454280796447,0.9888462286158632,0.08503077259013787,0.3175049108502854,False,False,GP_Ip_9.7mm_closed_R5_single_refY_004-raw03-23,True,raw_kept,,0.8858454280796447,0.9888462286158632,245.6889873555019,120.2222137451172,10.2181194182793,22.98672606164321,A,circle
S5_CPAG39_reproduced,GP_Ip_9.7mm_closed_R5_single_refY,GP_Ip_9.7mm_closed_R5_single_refY_004,4,GP_Ip_9.7mm_closed_R5_single_refY_004-raw04-15,True,0.8711091259317161,0.99072864977801,0.08503077259013787,0.3175049108502854,False,False,GP_Ip_9.7mm_closed_R5_single_refY_004-raw04-15,True,raw_kept,,0.8711091259317161,0.99072864977801,211.17834315395032,105.02454376220705,10.053761510837544,30.31347112864625,A,circle
S5_CPAG39_reproduced,GP_Ip_9.7mm_closed_R5_single_refY,GP_Ip_9.7mm_closed_R5_single_refY_004,5,GP_Ip_9.7mm_closed_R5_single_refY_004-raw05-10,True,0.8961765335126379,0.9886592217520982,0.08503077259013787,0.3175049108502854,False,False,GP_Ip_9.7mm_closed_R5_single_refY_004-raw05-10,True,raw_kept,,0.8961765335126379,0.9886592217520982,205.2462507554524,92.74362182617188,11.065248839437317,40.33118775360555,B,circle
S5_CPAG39_reproduced,GP_Ip_9.7mm_closed_R5_single_refY,GP_Ip_9.7mm_closed_R5_single_refY_005,1,GP_Ip_9.7mm_closed_R5_single_refY_005-raw01-09,True,0.9180951961798296,0.9905982470444352,0.08503077259013787,0.3175049108502854,False,False,GP_Ip_9.7mm_closed_R5_single_refY_005-raw01-09,True,raw_kept,,0.9180951961798296,0.9905982470444352,253.12228062097992,139.7646942138672,9.055301199087264,50.25955722497543,B,circle
S5_CPAG39_reproduced,GP_Ip_9.7mm_closed_R5_single_refY,GP_Ip_9.7mm_closed_R5_single_refY_005,2,GP_Ip_9.7mm_closed_R5_single_refY_005-raw02-01,True,0.9067318154755796,0.9942125817531644,0.08503077259013787,0.3175049108502854,False,False,GP_Ip_9.7mm_closed_R5_single_refY_005-raw02-01,True,raw_kept,,0.9067318154755796,0.9942125817531644,257.71508716430446,140.85195922851562,9.148438139443687,30.54638304951867,A,circle
S5_CPAG39_reproduced,GP_Ip_9.7mm_closed_R5_single_refY,GP_Ip_9.7mm_closed_R5_single_refY_005,3,GP_Ip_9.7mm_closed_R5_single_refY_005-raw03-01,True,0.8810354996572777,0.9981137413939452,0.08503077259013787,0.3175049108502854,False,False,GP_Ip_9.7mm_closed_R5_single_refY_005-raw03-01,True,raw_kept,,0.8810354996572777,0.9981137413939452,286.67496236353907,154.01039123535156,9.307000653139555,19.18435572108398,B,circle
S5_CPAG39_reproduced,GP_Ip_9.7mm_closed_R5_single_refY,GP_Ip_9.7mm_closed_R5_single_refY_005,4,GP_Ip_9.7mm_closed_R5_single_refY_005-raw04-18,True,0.8874986266922203,0.9945479327578374,0.08503077259013787,0.3175049108502854,False,False,GP_Ip_9.7mm_closed_R5_single_refY_005-raw04-18,True,raw_kept,,0.8874986266922203,0.9945479327578374,327.1629628280001,172.28311157226562,9.494922625969885,12.244125826460053,B,circle
S5_CPAG39_reproduced,GP_Ip_9.7mm_closed_R5_single_refY,GP_Ip_9.7mm_closed_R5_single_refY_005,5,GP_Ip_9.7mm_closed_R5_single_refY_005-raw05-01,True,0.8870931377784106,0.994839030179254,0.08503077259013787,0.3175049108502854,False,False,GP_Ip_9.7mm_closed_R5_single_refY_005-raw05-01,True,raw_kept,,0.8870931377784106,0.994839030179254,331.24278918871727,176.83631896972656,9.365801977743718,13.05042402432289,B,circle
S5_CPAG39_reproduced,GP_Is_10.5mm_closed_R10_single_refY,GP_Is_10.5mm_closed_R10_single_refY_004,1,GP_Is_10.5mm_closed_R10_single_refY_004-raw01-02,False,,,0.08503077259013787,0.3175049108502854,False,False,GP_Is_10.5mm_closed_R10_single_refY_004-raw01-02,False,raw_invalid,,,,,254.26705932617188,,19.35438367059025,none,none
S5_CPAG39_reproduced,GP_Is_10.5mm_closed_R10_single_refY,GP_Is_10.5mm_closed_R10_single_refY_004,2,GP_Is_10.5mm_closed_R10_single_refY_004-raw02-22,False,,,0.08503077259013787,0.3175049108502854,False,False,GP_Is_10.5mm_closed_R10_single_refY_004-raw02-22,False,raw_invalid,,,,,247.7382202148437,,15.762493729992856,none,none
S5_CPAG39_reproduced,GP_Is_10.5mm_closed_R10_single_refY,GP_Is_10.5mm_closed_R10_single_refY_004,3,GP_Is_10.5mm_closed_R10_single_refY_004-raw03-12,False,,,0.08503077259013787,0.3175049108502854,False,False,GP_Is_10.5mm_closed_R10_single_refY_004-raw03-12,False,raw_invalid,,,,,245.8598480224609,,21.57210382221245,none,none
S5_CPAG39_reproduced,GP_Is_10.5mm_closed_R10_single_refY,GP_Is_10.5mm_closed_R10_single_refY_004,4,GP_Is_10.5mm_closed_R10_single_refY_004-raw04-05,False,,,0.08503077259013787,0.3175049108502854,False,False,GP_Is_10.5mm_closed_R10_single_refY_004-raw04-05,False,raw_invalid,,,,,237.6018218994141,,22.02832573784604,none,none
S5_CPAG39_reproduced,GP_Is_10.5mm_closed_R10_single_refY,GP_Is_10.5mm_closed_R10_single_refY_004,5,GP_Is_10.5mm_closed_R10_single_refY_004-raw05-19,False,,,0.08503077259013787,0.3175049108502854,False,False,GP_Is_10.5mm_closed_R10_single_refY_004-raw05-19,False,raw_invalid,,,,,219.7953186035156,,25.941971566654725,none,none
S5_CPAG39_reproduced,GP_Is_10.5mm_closed_R10_single_refY,GP_Is_10.5mm_closed_R10_single_refY_005,1,GP_Is_10.5mm_closed_R10_single_refY_005-raw01-03,False,,,0.08503077259013787,0.3175049108502854,False,False,GP_Is_10.5mm_closed_R10_single_refY_005-raw01-03,False,raw_invalid,,,,,248.45594787597656,,20.3583897370468,none,none
S5_CPAG39_reproduced,GP_Is_10.5mm_closed_R10_single_refY,GP_Is_10.5mm_closed_R10_single_refY_005,2,GP_Is_10.5mm_closed_R10_single_refY_005-raw02-01,False,,,0.08503077259013787,0.3175049108502854,False,False,GP_Is_10.5mm_closed_R10_single_refY_005-raw02-01,False,raw_invalid,,,,,269.07818603515625,,17.424005952792697,none,none
S5_CPAG39_reproduced,GP_Is_10.5mm_closed_R10_single_refY,GP_Is_10.5mm_closed_R10_single_refY_005,3,GP_Is_10.5mm_closed_R10_single_refY_005-raw03-04,False,,,0.08503077259013787,0.3175049108502854,False,False,GP_Is_10.5mm_closed_R10_single_refY_005-raw03-04,False,raw_invalid,,,,,287.18121337890625,,11.832737491691262,none,none
S5_CPAG39_reproduced,GP_Is_10.5mm_closed_R10_single_refY,GP_Is_10.5mm_closed_R10_single_refY_005,4,GP_Is_10.5mm_closed_R10_single_refY_005-raw04-15,False,,,0.08503077259013787,0.3175049108502854,False,False,GP_Is_10.5mm_closed_R10_single_refY_005-raw04-15,False,raw_invalid,,,,,276.918212890625,,16.116792218804065,none,none
S5_CPAG39_reproduced,GP_Is_10.5mm_closed_R10_single_refY,GP_Is_10.5mm_closed_R10_single_refY_005,5,GP_Is_10.5mm_closed_R10_single_refY_005-raw05-21,False,,,0.08503077259013787,0.3175049108502854,False,False,GP_Is_10.5mm_closed_R10_single_refY_005-raw05-21,False,raw_invalid,,,,,310.8389892578125,,16.300349168546692,none,none
S5_CPAG39_reproduced,GP_Is_10.5mm_closed_R5_single_refY,GP_Is_10.5mm_closed_R5_single_refY_004,1,GP_Is_10.5mm_closed_R5_single_refY_004-raw01-01,True,0.7299905838041432,0.8161855182205395,0.08503077259013787,0.3175049108502854,False,False,GP_Is_10.5mm_closed_R5_single_refY_004-raw01-01,True,raw_kept,,0.7299905838041432,0.8161855182205395,244.83027648925784,107.36202239990234,11.402089445433198,30.26529119824893,B,ellipse
S5_CPAG39_reproduced,GP_Is_10.5mm_closed_R5_single_refY,GP_Is_10.5mm_closed_R5_single_refY_004,2,GP_Is_10.5mm_closed_R5_single_refY_004-raw02-23,True,0.788324053635555,0.8144504112058283,0.08503077259013787,0.3175049108502854,False,False,GP_Is_10.5mm_closed_R5_single_refY_004-raw02-23,True,raw_kept,,0.788324053635555,0.8144504112058283,267.5710754394531,119.51017761230467,11.194489071360236,23.51318962492296,A,ellipse
S5_CPAG39_reproduced,GP_Is_10.5mm_closed_R5_single_refY,GP_Is_10.5mm_closed_R5_single_refY_004,3,GP_Is_10.5mm_closed_R5_single_refY_004-raw03-02,True,0.7386085498742666,0.8130250387407226,0.08503077259013787,0.3175049108502854,False,False,GP_Is_10.5mm_closed_R5_single_refY_004-raw03-02,True,raw_kept,,0.7386085498742666,0.8130250387407226,265.52099609375057,117.94171142578124,11.256450024503753,21.369278063539817,A,ellipse
S5_CPAG39_reproduced,GP_Is_10.5mm_closed_R5_single_refY,GP_Is_10.5mm_closed_R5_single_refY_004,4,GP_Is_10.5mm_closed_R5_single_refY_004-raw04-20,True,0.7321812596006144,0.8024310595065312,0.08503077259013787,0.3175049108502854,False,False,GP_Is_10.5mm_closed_R5_single_refY_004-raw04-20,True,raw_kept,,0.7321812596006144,0.8024310595065312,249.6914978027349,108.31401824951172,11.526278031138412,19.66416641753397,B,ellipse
S5_CPAG39_reproduced,GP_Is_10.5mm_closed_R5_single_refY,GP_Is_10.5mm_closed_R5_single_refY_004,5,GP_Is_10.5mm_closed_R5_single_refY_004-raw05-04,True,0.748083356565375,0.8136331281664783,0.08503077259013787,0.3175049108502854,False,False,GP_Is_10.5mm_closed_R5_single_refY_004-raw05-04,True,raw_kept,,0.748083356565375,0.8136331281664783,259.14160156250034,113.40701293945312,11.425289973066,24.192684460745912,B,ellipse
S5_CPAG39_reproduced,GP_Is_10.5mm_closed_R5_single_refY,GP_Is_10.5mm_closed_R5_single_refY_005,1,GP_Is_10.5mm_closed_R5_single_refY_005-raw01-09,True,0.818691017720144,0.8730991085474568,0.08503077259013787,0.3175049108502854,False,False,GP_Is_10.5mm_closed_R5_single_refY_005-raw01-09,True,raw_kept,,0.818691017720144,0.8730991085474568,257.97021484375,117.93988800048828,10.936512625935425,18.37692032161289,A,ellipse
S5_CPAG39_reproduced,GP_Is_10.5mm_closed_R5_single_refY,GP_Is_10.5mm_closed_R5_single_refY_005,2,GP_Is_10.5mm_closed_R5_single_refY_005-raw02-19,True,0.7835804168934712,0.845930676439151,0.08503077259013787,0.3175049108502854,False,False,GP_Is_10.5mm_closed_R5_single_refY_005-raw02-19,True,raw_kept,,0.7835804168934712,0.845930676439151,270.5096130371094,120.88265228271484,11.188934389214667,16.948789015404984,A,ellipse
S5_CPAG39_reproduced,GP_Is_10.5mm_closed_R5_single_refY,GP_Is_10.5mm_closed_R5_single_refY_005,3,GP_Is_10.5mm_closed_R5_single_refY_005-raw03-09,True,0.7790276992651215,0.8483598030376587,0.08503077259013787,0.3175049108502854,False,False,GP_Is_10.5mm_closed_R5_single_refY_005-raw03-09,True,raw_kept,,0.7790276992651215,0.8483598030376587,286.9363403320316,131.74789428710938,10.8895987250745,18.144327229742352,A,ellipse
S5_CPAG39_reproduced,GP_Is_10.5mm_closed_R5_single_refY,GP_Is_10.5mm_closed_R5_single_refY_005,4,GP_Is_10.5mm_closed_R5_single_refY_005-raw04-05,True,0.8217636022514071,0.8823987329879472,0.08503077259013787,0.3175049108502854,False,False,GP_Is_10.5mm_closed_R5_single_refY_005-raw04-05,True,raw_kept,,0.8217636022514071,0.8823987329879472,318.5919189453125,149.64671325683594,10.644801747116189,14.304953282409244,A,ellipse
S5_CPAG39_reproduced,GP_Is_10.5mm_closed_R5_single_refY,GP_Is_10.5mm_closed_R5_single_refY_005,5,GP_Is_10.5mm_closed_R5_single_refY_005-raw05-11,True,0.9964901196869188,0.7282024233367032,0.08503077259013787,0.3175049108502854,False,False,GP_Is_10.5mm_closed_R5_single_refY_005-raw05-11,True,raw_kept,,0.9964901196869188,0.7282024233367032,375.173169089372,173.68246459960938,10.800548286617747,11.824065751901085,B,circle
S5_CPAG39_reproduced,GP_Is_14.0mm_closed_R10_single_refY,GP_Is_14.0mm_closed_R10_single_refY_004,1,GP_Is_14.0mm_closed_R10_single_refY_004-raw01-19,True,0.912572671620529,0.5805965906908499,0.08503077259013787,0.3175049108502854,False,False,GP_Is_14.0mm_closed_R10_single_refY_004-raw01-19,True,raw_kept,,0.912572671620529,0.5805965906908499,559.9132690429694,353.6158752441406,15.83394039242152,57.7220429201185,A,ellipse
S5_CPAG39_reproduced,GP_Is_14.0mm_closed_R10_single_refY,GP_Is_14.0mm_closed_R10_single_refY_004,2,GP_Is_14.0mm_closed_R10_single_refY_004-raw02-21,True,0.9898935941067504,0.6737013456807988,0.08503077259013787,0.3175049108502854,False,False,GP_Is_14.0mm_closed_R10_single_refY_004-raw02-21,True,raw_kept,,0.9898935941067504,0.6737013456807988,545.7529985023255,376.7468872070313,14.485932519527912,58.618489189990974,A,circle
S5_CPAG39_reproduced,GP_Is_14.0mm_closed_R10_single_refY,GP_Is_14.0mm_closed_R10_single_refY_004,3,GP_Is_14.0mm_closed_R10_single_refY_004-raw03-01,True,0.992602862408074,0.9964576729144948,0.08503077259013787,0.3175049108502854,False,False,GP_Is_14.0mm_closed_R10_single_refY_004-raw03-01,True,raw_kept,,0.992602862408074,0.9964576729144948,454.60488626118536,376.9538269042969,12.059962091235173,56.95724028721445,A,circle
S5_CPAG39_reproduced,GP_Is_14.0mm_closed_R10_single_refY,GP_Is_14.0mm_closed_R10_single_refY_004,4,GP_Is_14.0mm_closed_R10_single_refY_004-raw04-02,True,0.9873943061050344,0.7784647040501382,0.08503077259013787,0.3175049108502854,False,False,GP_Is_14.0mm_closed_R10_single_refY_004-raw04-02,True,raw_kept,,0.9873943061050344,0.7784647040501382,491.63095865994165,359.4049987792969,13.67902395152388,40.80553013776144,A,circle
S5_CPAG39_reproduced,GP_Is_14.0mm_closed_R10_single_refY,GP_Is_14.0mm_closed_R10_single_refY_004,5,GP_Is_14.0mm_closed_R10_single_refY_004-raw05-03,True,0.9884102544868067,0.798383483909505,0.08503077259013787,0.3175049108502854,False,False,GP_Is_14.0mm_closed_R10_single_refY_004-raw05-03,True,raw_kept,,0.9884102544868067,0.798383483909505,498.9365097825738,365.7313232421875,13.642159642207549,30.75826842103063,A,circle
S5_CPAG39_reproduced,GP_Is_14.0mm_closed_R10_single_refY,GP_Is_14.0mm_closed_R10_single_refY_005,1,GP_Is_14.0mm_closed_R10_single_refY_005-raw01-21,True,0.776585258144138,0.8435804174041585,0.08503077259013787,0.3175049108502854,False,False,GP_Is_14.0mm_closed_R10_single_refY_005-raw01-21,True,raw_kept,,0.776585258144138,0.8435804174041585,507.7839965820316,396.5304260253906,12.805675510749252,31.19077948308758,A,ellipse
S5_CPAG39_reproduced,GP_Is_14.0mm_closed_R10_single_refY,GP_Is_14.0mm_closed_R10_single_refY_005,2,GP_Is_14.0mm_closed_R10_single_refY_005-raw02-12,True,0.9911606050074796,0.5509565372902995,0.08503077259013787,0.3175049108502854,False,False,GP_Is_14.0mm_closed_R10_single_refY_005-raw02-12,True,raw_kept,,0.9911606050074796,0.5509565372902995,648.386882542499,413.2045593261719,15.691668155836554,33.45573629555407,A,circle
S5_CPAG39_reproduced,GP_Is_14.0mm_closed_R10_single_refY,GP_Is_14.0mm_closed_R10_single_refY_005,3,GP_Is_14.0mm_closed_R10_single_refY_005-raw03-10,True,0.9932532098559572,0.598696559629885,0.08503077259013787,0.3175049108502854,False,False,GP_Is_14.0mm_closed_R10_single_refY_005-raw03-10,True,raw_kept,,0.9932532098559572,0.598696559629885,648.7776746827259,445.1145324707031,14.575522193839554,36.50593615595381,B,circle
S5_CPAG39_reproduced,GP_Is_14.0mm_closed_R10_single_refY,GP_Is_14.0mm_closed_R10_single_refY_005,4,GP_Is_14.0mm_closed_R10_single_refY_005-raw04-17,True,0.9953664456341234,0.6467754156081472,0.08503077259013787,0.3175049108502854,False,False,GP_Is_14.0mm_closed_R10_single_refY_005-raw04-17,True,raw_kept,,0.9953664456341234,0.6467754156081472,665.2560380755917,474.5574645996094,14.018450613496825,40.51047168316193,A,circle
S5_CPAG39_reproduced,GP_Is_14.0mm_closed_R10_single_refY,GP_Is_14.0mm_closed_R10_single_refY_005,5,GP_Is_14.0mm_closed_R10_single_refY_005-raw05-14,True,0.740377404270337,0.9969332859754144,0.08503077259013787,0.3175049108502854,False,False,GP_Is_14.0mm_closed_R10_single_refY_005-raw05-14,True,raw_kept,,0.740377404270337,0.9969332859754144,458.0198486032992,510.5452270507813,8.971190490783728,40.27850995160209,A,circle
S5_CPAG39_reproduced,GP_Is_14.0mm_closed_R5_single_refY,GP_Is_14.0mm_closed_R5_single_refY_004,1,GP_Is_14.0mm_closed_R5_single_refY_004-raw01-01,True,0.7821723118419005,0.8342656080837243,0.08503077259013787,0.3175049108502854,False,False,GP_Is_14.0mm_closed_R5_single_refY_004-raw01-01,True,raw_kept,,0.7821723118419005,0.8342656080837243,280.0571899414064,101.95941925048828,13.733757606709055,38.91050324840781,A,ellipse
S5_CPAG39_reproduced,GP_Is_14.0mm_closed_R5_single_refY,GP_Is_14.0mm_closed_R5_single_refY_004,2,GP_Is_14.0mm_closed_R5_single_refY_004-raw02-01,True,0.7732290004590063,0.8504054575878491,0.08503077259013787,0.3175049108502854,False,False,GP_Is_14.0mm_closed_R5_single_refY_004-raw02-01,True,raw_kept,,0.7732290004590063,0.8504054575878491,303.8102722167975,111.23707580566406,13.65598070680887,38.20407968494628,B,ellipse
S5_CPAG39_reproduced,GP_Is_14.0mm_closed_R5_single_refY,GP_Is_14.0mm_closed_R5_single_refY_004,3,GP_Is_14.0mm_closed_R5_single_refY_004-raw03-01,True,0.8204213081461721,0.8589411230189486,0.08503077259013787,0.3175049108502854,False,False,GP_Is_14.0mm_closed_R5_single_refY_004-raw03-01,True,raw_kept,,0.8204213081461721,0.8589411230189486,407.37057495117256,155.38258361816406,13.108630499806887,43.479668854936,B,ellipse
S5_CPAG39_reproduced,GP_Is_14.0mm_closed_R5_single_refY,GP_Is_14.0mm_closed_R5_single_refY_004,4,GP_Is_14.0mm_closed_R5_single_refY_004-raw04-01,True,0.7700799744931849,0.8511084998041519,0.08503077259013787,0.3175049108502854,False,False,GP_Is_14.0mm_closed_R5_single_refY_004-raw04-01,True,raw_kept,,0.7700799744931849,0.8511084998041519,390.2116699218757,146.30955505371094,13.33513965573289,26.29581359833142,B,ellipse
S5_CPAG39_reproduced,GP_Is_14.0mm_closed_R5_single_refY,GP_Is_14.0mm_closed_R5_single_refY_004,5,GP_Is_14.0mm_closed_R5_single_refY_004-raw05-20,True,0.761585078752715,0.8520503597122302,0.08503077259013787,0.3175049108502854,False,False,GP_Is_14.0mm_closed_R5_single_refY_004-raw05-20,True,raw_kept,,0.761585078752715,0.8520503597122302,366.03283691406347,135.1721954345703,13.539501808685188,21.53085537940014,B,ellipse
S5_CPAG39_reproduced,GP_Is_14.0mm_closed_R5_single_refY,GP_Is_14.0mm_closed_R5_single_refY_005,1,GP_Is_14.0mm_closed_R5_single_refY_005-raw01-01,True,0.7856373883857893,0.8044671375230554,0.08503077259013787,0.3175049108502854,False,False,GP_Is_14.0mm_closed_R5_single_refY_005-raw01-01,True,raw_kept,,0.7856373883857893,0.8044671375230554,316.24609375000045,101.33092498779295,15.604618915108947,39.718860459386576,B,ellipse
S5_CPAG39_reproduced,GP_Is_14.0mm_closed_R5_single_refY,GP_Is_14.0mm_closed_R5_single_refY_005,2,GP_Is_14.0mm_closed_R5_single_refY_005-raw02-23,True,0.6873758594346829,0.7622800221361372,0.08503077259013787,0.3175049108502854,False,False,GP_Is_14.0mm_closed_R5_single_refY_005-raw02-23,True,raw_kept,,0.6873758594346829,0.7622800221361372,343.29891967773455,112.98681640625,15.191990118713726,27.60396592702866,B,ellipse
S5_CPAG39_reproduced,GP_Is_14.0mm_closed_R5_single_refY,GP_Is_14.0mm_closed_R5_single_refY_005,3,GP_Is_14.0mm_closed_R5_single_refY_005-raw03-19,True,0.7828884903470831,0.8433652530779754,0.08503077259013787,0.3175049108502854,False,False,GP_Is_14.0mm_closed_R5_single_refY_005-raw03-19,True,raw_kept,,0.7828884903470831,0.8433652530779754,359.89028930664153,127.9253387451172,14.066419242543432,47.704824057567286,A,ellipse
S5_CPAG39_reproduced,GP_Is_14.0mm_closed_R5_single_refY,GP_Is_14.0mm_closed_R5_single_refY_005,4,GP_Is_14.0mm_closed_R5_single_refY_005-raw04-15,True,0.941270223131052,0.993888168639402,0.08503077259013787,0.3175049108502854,False,False,GP_Is_14.0mm_closed_R5_single_refY_005-raw04-15,True,raw_kept,,0.941270223131052,0.993888168639402,321.7436164373594,135.24188232421875,11.895117507534945,46.81261066385434,A,circle
S5_CPAG39_reproduced,GP_Is_14.0mm_closed_R5_single_refY,GP_Is_14.0mm_closed_R5_single_refY_005,5,GP_Is_14.0mm_closed_R5_single_refY_005-raw05-16,True,0.8636004179964414,0.8846847392905308,0.08503077259013787,0.3175049108502854,False,False,GP_Is_14.0mm_closed_R5_single_refY_005-raw05-16,True,raw_kept,,0.8636004179964414,0.8846847392905308,363.5113525390631,131.1981201171875,13.853527482496336,48.06153645727368,A,ellipse
S5_CPAG39_reproduced,GP_Is_18.0mm_closed_R10_single_refY,GP_Is_18.0mm_closed_R10_single_refY_004,1,GP_Is_18.0mm_closed_R10_single_refY_004-raw01-02,True,0.7961700158912156,0.8683953868285665,0.08503077259013787,0.3175049108502854,False,False,GP_Is_18.0mm_closed_R10_single_refY_004-raw01-02,True,raw_kept,,0.7961700158912156,0.8683953868285665,431.8280639648443,254.73971557617188,16.95173691264169,21.607690608253005,B,ellipse
S5_CPAG39_reproduced,GP_Is_18.0mm_closed_R10_single_refY,GP_Is_18.0mm_closed_R10_single_refY_004,2,GP_Is_18.0mm_closed_R10_single_refY_004-raw02-15,True,0.8242416131334761,0.8786898803969803,0.08503077259013787,0.3175049108502854,False,False,GP_Is_18.0mm_closed_R10_single_refY_004-raw02-15,True,raw_kept,,0.8242416131334761,0.8786898803969803,454.57577514648455,268.96978759765625,16.90062587350779,22.53057767443128,B,ellipse
S5_CPAG39_reproduced,GP_Is_18.0mm_closed_R10_single_refY,GP_Is_18.0mm_closed_R10_single_refY_004,3,GP_Is_18.0mm_closed_R10_single_refY_004-raw03-02,True,0.8509477991781795,0.8952029447269992,0.08503077259013787,0.3175049108502854,False,False,GP_Is_18.0mm_closed_R10_single_refY_004-raw03-02,True,raw_kept,,0.8509477991781795,0.8952029447269992,461.9627990722663,274.4659729003906,16.83133228467346,16.455613063500255,B,ellipse
S5_CPAG39_reproduced,GP_Is_18.0mm_closed_R10_single_refY,GP_Is_18.0mm_closed_R10_single_refY_004,4,GP_Is_18.0mm_closed_R10_single_refY_004-raw04-15,True,0.8829266942909123,0.9388518285662962,0.08503077259013787,0.3175049108502854,False,False,GP_Is_18.0mm_closed_R10_single_refY_004-raw04-15,True,raw_kept,,0.8829266942909123,0.9388518285662962,500.7540893554697,295.4107666015625,16.95111167125688,12.358500409613711,A,ellipse
S5_CPAG39_reproduced,GP_Is_18.0mm_closed_R10_single_refY,GP_Is_18.0mm_closed_R10_single_refY_004,5,GP_Is_18.0mm_closed_R10_single_refY_004-raw05-04,True,0.8647680547116757,0.9148920265780732,0.08503077259013787,0.3175049108502854,False,False,GP_Is_18.0mm_closed_R10_single_refY_004-raw05-04,True,raw_kept,,0.8647680547116757,0.9148920265780732,499.6681823730469,291.8041687011719,17.12340795531069,12.125452417490209,A,ellipse
S5_CPAG39_reproduced,GP_Is_18.0mm_closed_R10_single_refY,GP_Is_18.0mm_closed_R10_single_refY_005,1,GP_Is_18.0mm_closed_R10_single_refY_005-raw01-19,True,0.8657639300161609,0.914265754480632,0.08503077259013787,0.3175049108502854,False,False,GP_Is_18.0mm_closed_R10_single_refY_005-raw01-19,True,raw_kept,,0.8657639300161609,0.914265754480632,423.30838012695415,260.5247802734375,16.248296215149427,22.33704629175634,A,ellipse
S5_CPAG39_reproduced,GP_Is_18.0mm_closed_R10_single_refY,GP_Is_18.0mm_closed_R10_single_refY_005,2,GP_Is_18.0mm_closed_R10_single_refY_005-raw02-24,True,0.7877436229614385,0.9968327292269344,0.08503077259013787,0.3175049108502854,False,False,GP_Is_18.0mm_closed_R10_single_refY_005-raw02-24,True,raw_kept,,0.7877436229614385,0.9968327292269344,377.7085296420345,284.41851806640625,13.280025935366355,26.87844264150431,B,circle
S5_CPAG39_reproduced,GP_Is_18.0mm_closed_R10_single_refY,GP_Is_18.0mm_closed_R10_single_refY_005,3,GP_Is_18.0mm_closed_R10_single_refY_005-raw03-23,True,0.8235404425553194,0.9977114779477342,0.08503077259013787,0.3175049108502854,False,False,GP_Is_18.0mm_closed_R10_single_refY_005-raw03-23,True,raw_kept,,0.8235404425553194,0.9977114779477342,444.78425642858895,332.74560546875,13.367096337816566,30.67787632977401,A,circle
S5_CPAG39_reproduced,GP_Is_18.0mm_closed_R10_single_refY,GP_Is_18.0mm_closed_R10_single_refY_005,4,GP_Is_18.0mm_closed_R10_single_refY_005-raw04-03,True,0.9056470731262536,0.929501485451108,0.08503077259013787,0.3175049108502854,False,False,GP_Is_18.0mm_closed_R10_single_refY_005-raw04-03,True,raw_kept,,0.9056470731262536,0.929501485451108,533.1918945312506,339.6563415527344,15.697981438938264,21.91576591562226,B,ellipse
S5_CPAG39_reproduced,GP_Is_18.0mm_closed_R10_single_refY,GP_Is_18.0mm_closed_R10_single_refY_005,5,GP_Is_18.0mm_closed_R10_single_refY_005-raw05-19,True,0.9927448856553104,0.9831047794414562,0.08503077259013787,0.3175049108502854,False,False,GP_Is_18.0mm_closed_R10_single_refY_005-raw05-19,True,raw_kept,,0.9927448856553104,0.9831047794414562,505.24061541135165,335.30938720703125,15.067893554062628,20.83676091427156,A,circle
S5_CPAG39_reproduced,GP_Is_18.0mm_closed_R5_single_refY,GP_Is_18.0mm_closed_R5_single_refY_004,1,GP_Is_18.0mm_closed_R5_single_refY_004-raw01-08,True,0.827015739138207,0.8731578716112307,0.08503077259013787,0.3175049108502854,False,False,GP_Is_18.0mm_closed_R5_single_refY_004-raw01-08,True,raw_kept,,0.827015739138207,0.8731578716112307,467.19345092773455,119.50194549560548,19.54752489552209,21.99051924005084,B,ellipse
S5_CPAG39_reproduced,GP_Is_18.0mm_closed_R5_single_refY,GP_Is_18.0mm_closed_R5_single_refY_004,2,GP_Is_18.0mm_closed_R5_single_refY_004-raw02-22,True,0.857951431702973,0.8983646364121337,0.08503077259013787,0.3175049108502854,False,False,GP_Is_18.0mm_closed_R5_single_refY_004-raw02-22,True,raw_kept,,0.857951431702973,0.8983646364121337,448.6722717285167,118.95655059814452,18.85866181696067,24.202061601803628,A,ellipse
S5_CPAG39_reproduced,GP_Is_18.0mm_closed_R5_single_refY,GP_Is_18.0mm_closed_R5_single_refY_004,3,GP_Is_18.0mm_closed_R5_single_refY_004-raw03-11,True,0.8702098892024573,0.8997492525798052,0.08503077259013787,0.3175049108502854,False,False,GP_Is_18.0mm_closed_R5_single_refY_004-raw03-11,True,raw_kept,,0.8702098892024573,0.8997492525798052,433.7564697265634,117.427734375,18.469081092094537,25.8523312650033,A,ellipse
S5_CPAG39_reproduced,GP_Is_18.0mm_closed_R5_single_refY,GP_Is_18.0mm_closed_R5_single_refY_004,4,GP_Is_18.0mm_closed_R5_single_refY_004-raw04-02,True,0.881826560536238,0.909809915666184,0.08503077259013787,0.3175049108502854,False,False,GP_Is_18.0mm_closed_R5_single_refY_004-raw04-02,True,raw_kept,,0.881826560536238,0.909809915666184,447.5407409667976,123.13348388671876,18.17299108415257,16.380819167825912,B,ellipse
S5_CPAG39_reproduced,GP_Is_18.0mm_closed_R5_single_refY,GP_Is_18.0mm_closed_R5_single_refY_004,5,GP_Is_18.0mm_closed_R5_single_refY_004-raw05-01,True,0.8825953661355983,0.9129617252595464,0.08503077259013787,0.3175049108502854,False,False,GP_Is_18.0mm_closed_R5_single_refY_004-raw05-01,True,raw_kept,,0.8825953661355983,0.9129617252595464,446.20913696289085,124.25519561767578,17.955351273030214,14.69115016087661,B,ellipse
S5_CPAG39_reproduced,GP_Is_18.0mm_closed_R5_single_refY,GP_Is_18.0mm_closed_R5_single_refY_005,1,GP_Is_18.0mm_closed_R5_single_refY_005-raw01-07,True,0.9958464119493452,0.965866714370244,0.08503077259013787,0.3175049108502854,False,False,GP_Is_18.0mm_closed_R5_single_refY_005-raw01-07,True,raw_kept,,0.9958464119493452,0.965866714370244,471.1376673189352,149.73934936523438,15.731925820305468,70.14939386189305,B,circle
S5_CPAG39_reproduced,GP_Is_18.0mm_closed_R5_single_refY,GP_Is_18.0mm_closed_R5_single_refY_005,2,GP_Is_18.0mm_closed_R5_single_refY_005-raw02-22,True,0.984038701371847,0.9954829408938012,0.08503077259013787,0.3175049108502854,False,False,GP_Is_18.0mm_closed_R5_single_refY_005-raw02-22,True,raw_kept,,0.984038701371847,0.9954829408938012,378.7634835945818,117.25668334960938,16.151040297859623,67.81324409314851,A,circle
S5_CPAG39_reproduced,GP_Is_18.0mm_closed_R5_single_refY,GP_Is_18.0mm_closed_R5_single_refY_005,3,GP_Is_18.0mm_closed_R5_single_refY_005-raw03-21,True,0.993437750829772,0.960737441875696,0.08503077259013787,0.3175049108502854,False,False,GP_Is_18.0mm_closed_R5_single_refY_005-raw03-21,True,raw_kept,,0.993437750829772,0.960737441875696,371.69560746892654,112.53988647460938,16.51394981426368,90.44329727381832,B,circle
S5_CPAG39_reproduced,GP_Is_18.0mm_closed_R5_single_refY,GP_Is_18.0mm_closed_R5_single_refY_005,4,GP_Is_18.0mm_closed_R5_single_refY_005-raw04-03,True,0.9899902290739332,0.9726546019762408,0.08503077259013787,0.3175049108502854,False,False,GP_Is_18.0mm_closed_R5_single_refY_005-raw04-03,True,raw_kept,,0.9899902290739332,0.9726546019762408,370.41446891815406,112.3915786743164,16.47874659682132,88.0292491179996,A,circle
S5_CPAG39_reproduced,GP_Is_18.0mm_closed_R5_single_refY,GP_Is_18.0mm_closed_R5_single_refY_005,5,GP_Is_18.0mm_closed_R5_single_refY_005-raw05-01,True,0.991687676843299,0.9742671083169968,0.08503077259013787,0.3175049108502854,False,False,GP_Is_18.0mm_closed_R5_single_refY_005-raw05-01,True,raw_kept,,0.991687676843299,0.9742671083169968,368.36786993095,111.53626251220705,16.513368012965,77.86879553874334,B,circle
S5_CPAG39_reproduced,GP_Is_4.8mm_closed_R10_single_refY,GP_Is_4.8mm_closed_R10_single_refY_004,1,GP_Is_4.8mm_closed_R10_single_refY_004-raw01-01,True,0.8037450775536447,0.7995043568630587,0.08503077259013787,0.3175049108502854,False,False,GP_Is_4.8mm_closed_R10_single_refY_004-raw01-01,True,raw_kept,,0.8037450775536447,0.7995043568630587,147.41882324218784,295.1936950683594,4.993969237996396,23.20345457842321,B,ellipse
S5_CPAG39_reproduced,GP_Is_4.8mm_closed_R10_single_refY,GP_Is_4.8mm_closed_R10_single_refY_004,2,GP_Is_4.8mm_closed_R10_single_refY_004-raw02-12,True,0.8474238026124818,0.841015484335614,0.08503077259013787,0.3175049108502854,False,False,GP_Is_4.8mm_closed_R10_single_refY_004-raw02-12,True,raw_kept,,0.8474238026124818,0.841015484335614,133.2359924316407,268.3162841796875,4.965631990580729,27.85266161032665,B,ellipse
S5_CPAG39_reproduced,GP_Is_4.8mm_closed_R10_single_refY,GP_Is_4.8mm_closed_R10_single_refY_004,3,GP_Is_4.8mm_closed_R10_single_refY_004-raw03-09,True,0.7942957297641811,0.7976638131050484,0.08503077259013787,0.3175049108502854,False,False,GP_Is_4.8mm_closed_R10_single_refY_004-raw03-09,True,raw_kept,,0.7942957297641811,0.7976638131050484,147.03190612792986,291.3860778808594,5.045948220904618,18.71450911908562,B,ellipse
S5_CPAG39_reproduced,GP_Is_4.8mm_closed_R10_single_refY,GP_Is_4.8mm_closed_R10_single_refY_004,4,GP_Is_4.8mm_closed_R10_single_refY_004-raw04-08,True,0.8385164874810592,0.8393037700418894,0.08503077259013787,0.3175049108502854,False,False,GP_Is_4.8mm_closed_R10_single_refY_004-raw04-08,True,raw_kept,,0.8385164874810592,0.8393037700418894,150.97157287597682,297.596435546875,5.073030280034947,15.964044004340227,A,ellipse
S5_CPAG39_reproduced,GP_Is_4.8mm_closed_R10_single_refY,GP_Is_4.8mm_closed_R10_single_refY_004,5,GP_Is_4.8mm_closed_R10_single_refY_004-raw05-17,True,0.8720555595331854,0.8626062322946175,0.08503077259013787,0.3175049108502854,False,False,GP_Is_4.8mm_closed_R10_single_refY_004-raw05-17,True,raw_kept,,0.8720555595331854,0.8626062322946175,147.04035949707054,293.5547180175781,5.008959164071943,15.413394629837558,B,ellipse
S5_CPAG39_reproduced,GP_Is_4.8mm_closed_R10_single_refY,GP_Is_4.8mm_closed_R10_single_refY_005,1,GP_Is_4.8mm_closed_R10_single_refY_005-raw01-06,True,0.8665729577769368,0.8607098748858938,0.08503077259013787,0.3175049108502854,False,False,GP_Is_4.8mm_closed_R10_single_refY_005-raw01-06,True,raw_kept,,0.8665729577769368,0.8607098748858938,170.39302062988295,343.11962890625,4.965994547529632,37.02976816078,A,ellipse
S5_CPAG39_reproduced,GP_Is_4.8mm_closed_R10_single_refY,GP_Is_4.8mm_closed_R10_single_refY_005,2,GP_Is_4.8mm_closed_R10_single_refY_005-raw02-05,True,0.9649548924358085,0.9583596576876688,0.08503077259013787,0.3175049108502854,False,False,GP_Is_4.8mm_closed_R10_single_refY_005-raw02-05,True,raw_kept,,0.9649548924358085,0.9583596576876688,147.7527096717177,315.6539611816406,4.680844463937974,30.94614899020608,A,circle
S5_CPAG39_reproduced,GP_Is_4.8mm_closed_R10_single_refY,GP_Is_4.8mm_closed_R10_single_refY_005,3,GP_Is_4.8mm_closed_R10_single_refY_005-raw03-17,True,0.9656958613034516,0.9716534595543264,0.08503077259013787,0.3175049108502854,False,False,GP_Is_4.8mm_closed_R10_single_refY_005-raw03-17,True,raw_kept,,0.9656958613034516,0.9716534595543264,154.48422562659496,329.8173217773437,4.683933057066223,30.094835726409485,A,circle
S5_CPAG39_reproduced,GP_Is_4.8mm_closed_R10_single_refY,GP_Is_4.8mm_closed_R10_single_refY_005,4,GP_Is_4.8mm_closed_R10_single_refY_005-raw04-24,True,0.9889442037887114,0.9813305960094952,0.08503077259013787,0.3175049108502854,False,False,GP_Is_4.8mm_closed_R10_single_refY_005-raw04-24,True,raw_kept,,0.9889442037887114,0.9813305960094952,139.07683826652843,287.0113220214844,4.845691706061598,47.10275111160163,B,circle
S5_CPAG39_reproduced,GP_Is_4.8mm_closed_R10_single_refY,GP_Is_4.8mm_closed_R10_single_refY_005,5,GP_Is_4.8mm_closed_R10_single_refY_005-raw05-06,True,0.9745522439665306,0.9880810488676997,0.08503077259013787,0.3175049108502854,False,False,GP_Is_4.8mm_closed_R10_single_refY_005-raw05-06,True,raw_kept,,0.9745522439665306,0.9880810488676997,134.67460518216407,278.1162414550781,4.842385488799903,72.5477274002452,B,circle
S5_CPAG39_reproduced,GP_Is_4.8mm_closed_R5_single_refY,GP_Is_4.8mm_closed_R5_single_refY_004,1,GP_Is_4.8mm_closed_R5_single_refY_004-raw01-17,False,,,0.08503077259013787,0.3175049108502854,False,False,GP_Is_4.8mm_closed_R5_single_refY_004-raw01-17,False,raw_invalid,,,,,146.91380310058594,,19.53769964983433,none,none
S5_CPAG39_reproduced,GP_Is_4.8mm_closed_R5_single_refY,GP_Is_4.8mm_closed_R5_single_refY_004,2,GP_Is_4.8mm_closed_R5_single_refY_004-raw02-07,False,,,0.08503077259013787,0.3175049108502854,False,False,GP_Is_4.8mm_closed_R5_single_refY_004-raw02-07,False,raw_invalid,,,,,159.166259765625,,14.0354142581092,none,none
S5_CPAG39_reproduced,GP_Is_4.8mm_closed_R5_single_refY,GP_Is_4.8mm_closed_R5_single_refY_004,3,GP_Is_4.8mm_closed_R5_single_refY_004-raw03-10,False,,,0.08503077259013787,0.3175049108502854,False,False,GP_Is_4.8mm_closed_R5_single_refY_004-raw03-10,False,raw_invalid,,,,,142.1036376953125,,12.857812217312098,none,none
S5_CPAG39_reproduced,GP_Is_4.8mm_closed_R5_single_refY,GP_Is_4.8mm_closed_R5_single_refY_004,4,GP_Is_4.8mm_closed_R5_single_refY_004-raw04-07,False,,,0.08503077259013787,0.3175049108502854,False,False,GP_Is_4.8mm_closed_R5_single_refY_004-raw04-07,False,raw_invalid,,,,,147.306396484375,,11.089278237603034,none,none
S5_CPAG39_reproduced,GP_Is_4.8mm_closed_R5_single_refY,GP_Is_4.8mm_closed_R5_single_refY_004,5,GP_Is_4.8mm_closed_R5_single_refY_004-raw05-24,False,,,0.08503077259013787,0.3175049108502854,False,False,GP_Is_4.8mm_closed_R5_single_refY_004-raw05-24,False,raw_invalid,,,,,137.4628143310547,,12.261948366499537,none,none
S5_CPAG39_reproduced,GP_Is_4.8mm_closed_R5_single_refY,GP_Is_4.8mm_closed_R5_single_refY_005,1,GP_Is_4.8mm_closed_R5_single_refY_005-raw01-14,False,,,0.08503077259013787,0.3175049108502854,False,False,GP_Is_4.8mm_closed_R5_single_refY_005-raw01-14,False,raw_invalid,,,,,144.76255798339844,,37.84731210665171,none,none
S5_CPAG39_reproduced,GP_Is_4.8mm_closed_R5_single_refY,GP_Is_4.8mm_closed_R5_single_refY_005,2,GP_Is_4.8mm_closed_R5_single_refY_005-raw02-04,False,,,0.08503077259013787,0.3175049108502854,False,False,GP_Is_4.8mm_closed_R5_single_refY_005-raw02-04,False,raw_invalid,,,,,137.17068481445312,,34.8988550698916,none,none
S5_CPAG39_reproduced,GP_Is_4.8mm_closed_R5_single_refY,GP_Is_4.8mm_closed_R5_single_refY_005,3,GP_Is_4.8mm_closed_R5_single_refY_005-raw03-10,False,,,0.08503077259013787,0.3175049108502854,False,False,GP_Is_4.8mm_closed_R5_single_refY_005-raw03-10,False,raw_invalid,,,,,148.41929626464844,,21.0592553665538,none,none
S5_CPAG39_reproduced,GP_Is_4.8mm_closed_R5_single_refY,GP_Is_4.8mm_closed_R5_single_refY_005,4,GP_Is_4.8mm_closed_R5_single_refY_005-raw04-24,False,,,0.08503077259013787,0.3175049108502854,False,False,GP_Is_4.8mm_closed_R5_single_refY_005-raw04-24,False,raw_invalid,,,,,163.23133850097656,,25.31031244807773,none,none
S5_CPAG39_reproduced,GP_Is_4.8mm_closed_R5_single_refY,GP_Is_4.8mm_closed_R5_single_refY_005,5,GP_Is_4.8mm_closed_R5_single_refY_005-raw05-20,False,,,0.08503077259013787,0.3175049108502854,False,False,GP_Is_4.8mm_closed_R5_single_refY_005-raw05-20,False,raw_invalid,,,,,163.19125366210938,,38.33129908430311,none,none
S5_CPAG39_reproduced,GP_Is_6.5mm_closed_R10_single_refY,GP_Is_6.5mm_closed_R10_single_refY_004,1,GP_Is_6.5mm_closed_R10_single_refY_004-raw01-07,True,0.8394209855246381,0.885101524912338,0.08503077259013787,0.3175049108502854,False,False,GP_Is_6.5mm_closed_R10_single_refY_004-raw01-07,True,raw_kept,,0.8394209855246381,0.885101524912338,145.62940979003932,281.9202575683594,5.165624174939865,37.97121944263129,A,ellipse
S5_CPAG39_reproduced,GP_Is_6.5mm_closed_R10_single_refY,GP_Is_6.5mm_closed_R10_single_refY_004,2,GP_Is_6.5mm_closed_R10_single_refY_004-raw02-04,True,0.8161340607950117,0.875524109014675,0.08503077259013787,0.3175049108502854,False,False,GP_Is_6.5mm_closed_R10_single_refY_004-raw02-04,True,raw_kept,,0.8161340607950117,0.875524109014675,144.4510650634769,270.7782897949219,5.334661991287367,32.34348176913673,B,ellipse
S5_CPAG39_reproduced,GP_Is_6.5mm_closed_R10_single_refY,GP_Is_6.5mm_closed_R10_single_refY_004,3,GP_Is_6.5mm_closed_R10_single_refY_004-raw03-23,True,0.8165820642978003,0.8707141297226468,0.08503077259013787,0.3175049108502854,False,False,GP_Is_6.5mm_closed_R10_single_refY_004-raw03-23,True,raw_kept,,0.8165820642978003,0.8707141297226468,154.6516571044924,281.49658203125,5.493908877633325,36.73592824003313,B,ellipse
S5_CPAG39_reproduced,GP_Is_6.5mm_closed_R10_single_refY,GP_Is_6.5mm_closed_R10_single_refY_004,4,GP_Is_6.5mm_closed_R10_single_refY_004-raw04-01,True,0.8064272471331456,0.8893111254851229,0.08503077259013787,0.3175049108502854,False,False,GP_Is_6.5mm_closed_R10_single_refY_004-raw04-01,True,raw_kept,,0.8064272471331456,0.8893111254851229,153.67091369628918,279.6712646484375,5.494697994427924,35.315176084277084,B,ellipse
S5_CPAG39_reproduced,GP_Is_6.5mm_closed_R10_single_refY,GP_Is_6.5mm_closed_R10_single_refY_004,5,GP_Is_6.5mm_closed_R10_single_refY_004-raw05-13,True,0.7822315285671553,0.8126742712294043,0.08503077259013787,0.3175049108502854,False,False,GP_Is_6.5mm_closed_R10_single_refY_004-raw05-13,True,raw_kept,,0.7822315285671553,0.8126742712294043,173.06407165527372,304.7319641113281,5.679222793708891,32.31299478917534,A,ellipse
S5_CPAG39_reproduced,GP_Is_6.5mm_closed_R10_single_refY,GP_Is_6.5mm_closed_R10_single_refY_005,1,GP_Is_6.5mm_closed_R10_single_refY_005-raw01-24,True,0.8154818660168803,0.8379113901084945,0.08503077259013787,0.3175049108502854,False,False,GP_Is_6.5mm_closed_R10_single_refY_005-raw01-24,True,raw_kept,,0.8154818660168803,0.8379113901084945,211.7820587158205,357.4974365234375,5.924016148908411,50.51783138651904,A,ellipse
S5_CPAG39_reproduced,GP_Is_6.5mm_closed_R10_single_refY,GP_Is_6.5mm_closed_R10_single_refY_005,2,GP_Is_6.5mm_closed_R10_single_refY_005-raw02-06,True,0.8088011063437467,0.8300520397394374,0.08503077259013787,0.3175049108502854,False,False,GP_Is_6.5mm_closed_R10_single_refY_005-raw02-06,True,raw_kept,,0.8088011063437467,0.8300520397394374,213.774841308594,356.0856628417969,6.003466682778814,52.3099312540643,B,ellipse
S5_CPAG39_reproduced,GP_Is_6.5mm_closed_R10_single_refY,GP_Is_6.5mm_closed_R10_single_refY_005,3,GP_Is_6.5mm_closed_R10_single_refY_005-raw03-05,True,0.8239589574595566,0.8425426000382922,0.08503077259013787,0.3175049108502854,False,False,GP_Is_6.5mm_closed_R10_single_refY_005-raw03-05,True,raw_kept,,0.8239589574595566,0.8425426000382922,206.9673156738286,350.1836853027344,5.910250087604868,47.138276795111786,A,ellipse
S5_CPAG39_reproduced,GP_Is_6.5mm_closed_R10_single_refY,GP_Is_6.5mm_closed_R10_single_refY_005,4,GP_Is_6.5mm_closed_R10_single_refY_005-raw04-21,True,0.8928006329113924,0.9218916046758768,0.08503077259013787,0.3175049108502854,False,False,GP_Is_6.5mm_closed_R10_single_refY_005-raw04-21,True,raw_kept,,0.8928006329113924,0.9218916046758768,191.3945159912113,349.5992126464844,5.474683839884662,49.19782439007111,B,ellipse
S5_CPAG39_reproduced,GP_Is_6.5mm_closed_R10_single_refY,GP_Is_6.5mm_closed_R10_single_refY_005,5,GP_Is_6.5mm_closed_R10_single_refY_005-raw05-12,True,0.8914689337224548,0.908648042765994,0.08503077259013787,0.3175049108502854,False,False,GP_Is_6.5mm_closed_R10_single_refY_005-raw05-12,True,raw_kept,,0.8914689337224548,0.908648042765994,185.0584106445315,345.2357177734375,5.360349497961757,47.38644850915861,A,ellipse
S5_CPAG39_reproduced,GP_Is_7.0mm_closed_R5_single_refY,GP_Is_7.0mm_closed_R5_single_refY_004,1,GP_Is_7.0mm_closed_R5_single_refY_004-raw01-01,True,0.8898931412700655,0.9308879093198992,0.08503077259013787,0.3175049108502854,False,False,GP_Is_7.0mm_closed_R5_single_refY_004-raw01-01,True,raw_kept,,0.8898931412700655,0.9308879093198992,198.48799133300784,103.3488311767578,9.60281742294372,23.81259912832284,B,ellipse
S5_CPAG39_reproduced,GP_Is_7.0mm_closed_R5_single_refY,GP_Is_7.0mm_closed_R5_single_refY_004,2,GP_Is_7.0mm_closed_R5_single_refY_004-raw02-22,True,0.991520662001328,0.956303150238006,0.08503077259013787,0.3175049108502854,False,False,GP_Is_7.0mm_closed_R5_single_refY_004-raw02-22,True,raw_kept,,0.991520662001328,0.956303150238006,189.95491935301047,112.50965881347656,8.44171608714616,34.221390986614445,A,circle
S5_CPAG39_reproduced,GP_Is_7.0mm_closed_R5_single_refY,GP_Is_7.0mm_closed_R5_single_refY_004,3,GP_Is_7.0mm_closed_R5_single_refY_004-raw03-14,True,0.8828216785002809,0.9322043661079432,0.08503077259013787,0.3175049108502854,False,False,GP_Is_7.0mm_closed_R5_single_refY_004-raw03-14,True,raw_kept,,0.8828216785002809,0.9322043661079432,190.3407135009768,111.06397247314452,8.568967472642909,39.65914156001411,B,ellipse
S5_CPAG39_reproduced,GP_Is_7.0mm_closed_R5_single_refY,GP_Is_7.0mm_closed_R5_single_refY_004,4,GP_Is_7.0mm_closed_R5_single_refY_004-raw04-10,True,0.9156946420104316,0.9327983432565364,0.08503077259013787,0.3175049108502854,False,False,GP_Is_7.0mm_closed_R5_single_refY_004-raw04-10,True,raw_kept,,0.9156946420104316,0.9327983432565364,204.9303131103516,111.57984161376952,9.18312439534159,34.86971829967735,B,ellipse
S5_CPAG39_reproduced,GP_Is_7.0mm_closed_R5_single_refY,GP_Is_7.0mm_closed_R5_single_refY_004,5,GP_Is_7.0mm_closed_R5_single_refY_004-raw05-01,True,0.9935499774043794,0.9445650785540938,0.08503077259013787,0.3175049108502854,False,False,GP_Is_7.0mm_closed_R5_single_refY_004-raw05-01,True,raw_kept,,0.9935499774043794,0.9445650785540938,224.1723747925228,134.11746215820312,8.357314967982767,24.245035752867462,A,circle
S5_CPAG39_reproduced,GP_Is_7.0mm_closed_R5_single_refY,GP_Is_7.0mm_closed_R5_single_refY_005,1,GP_Is_7.0mm_closed_R5_single_refY_005-raw01-20,True,0.979978700745474,0.9898516152508794,0.08503077259013787,0.3175049108502854,False,False,GP_Is_7.0mm_closed_R5_single_refY_005-raw01-20,True,raw_kept,,0.979978700745474,0.9898516152508794,228.24576054386927,161.7405548095703,7.055922394126831,67.3659338363353,B,circle
S5_CPAG39_reproduced,GP_Is_7.0mm_closed_R5_single_refY,GP_Is_7.0mm_closed_R5_single_refY_005,2,GP_Is_7.0mm_closed_R5_single_refY_005-raw02-12,True,0.9686647963014186,0.9856081922597906,0.08503077259013787,0.3175049108502854,False,False,GP_Is_7.0mm_closed_R5_single_refY_005-raw02-12,True,raw_kept,,0.9686647963014186,0.9856081922597906,218.42958854998625,155.57838439941406,7.01992083904198,46.44363565647337,B,circle
S5_CPAG39_reproduced,GP_Is_7.0mm_closed_R5_single_refY,GP_Is_7.0mm_closed_R5_single_refY_005,3,GP_Is_7.0mm_closed_R5_single_refY_005-raw03-09,True,0.97532414910859,0.9878087758549838,0.08503077259013787,0.3175049108502854,False,False,GP_Is_7.0mm_closed_R5_single_refY_005-raw03-09,True,raw_kept,,0.97532414910859,0.9878087758549838,209.2435240051285,147.33782958984375,7.100807870850842,39.26911774820281,B,circle
S5_CPAG39_reproduced,GP_Is_7.0mm_closed_R5_single_refY,GP_Is_7.0mm_closed_R5_single_refY_005,4,GP_Is_7.0mm_closed_R5_single_refY_005-raw04-03,True,0.9869014573213046,0.9831949005215376,0.08503077259013787,0.3175049108502854,False,False,GP_Is_7.0mm_closed_R5_single_refY_005-raw04-03,True,raw_kept,,0.9869014573213046,0.9831949005215376,201.20742624711824,135.20240783691406,7.4409705221308355,31.952659589409546,B,circle
S5_CPAG39_reproduced,GP_Is_7.0mm_closed_R5_single_refY,GP_Is_7.0mm_closed_R5_single_refY_005,5,GP_Is_7.0mm_closed_R5_single_refY_005-raw05-03,True,0.977580337125301,0.994284107946027,0.08503077259013787,0.3175049108502854,False,False,GP_Is_7.0mm_closed_R5_single_refY_005-raw05-03,True,raw_kept,,0.977580337125301,0.994284107946027,202.56914530151928,136.12709045410156,7.440442039338958,20.649430651134924,A,circle
S5_CPAG39_reproduced,GP_Is_7mm_closed_R10_single_refY,GP_Is_7mm_closed_R10_single_refY_004,1,GP_Is_7mm_closed_R10_single_refY_004-raw01-19,True,0.8643379032920121,0.9602441929720072,0.08503077259013787,0.3175049108502854,False,False,GP_Is_7mm_closed_R10_single_refY_004-raw01-19,True,raw_kept,,0.8643379032920121,0.9602441929720072,209.20217895507807,275.7588195800781,7.586418424391591,30.832789526102264,A,ellipse
S5_CPAG39_reproduced,GP_Is_7mm_closed_R10_single_refY,GP_Is_7mm_closed_R10_single_refY_004,2,GP_Is_7mm_closed_R10_single_refY_004-raw02-03,True,0.8602423768569195,0.9579841850584208,0.08503077259013787,0.3175049108502854,False,False,GP_Is_7mm_closed_R10_single_refY_004-raw02-03,True,raw_kept,,0.8602423768569195,0.9579841850584208,195.62416076660188,258.4045715332031,7.570460522656243,26.299340176010123,A,ellipse
S5_CPAG39_reproduced,GP_Is_7mm_closed_R10_single_refY,GP_Is_7mm_closed_R10_single_refY_004,3,GP_Is_7mm_closed_R10_single_refY_004-raw03-01,True,0.8519730435121343,0.955243976043456,0.08503077259013787,0.3175049108502854,False,False,GP_Is_7mm_closed_R10_single_refY_004-raw03-01,True,raw_kept,,0.8519730435121343,0.955243976043456,205.4046173095705,283.1093444824219,7.255310406129098,22.85911129369736,B,ellipse
S5_CPAG39_reproduced,GP_Is_7mm_closed_R10_single_refY,GP_Is_7mm_closed_R10_single_refY_004,4,GP_Is_7mm_closed_R10_single_refY_004-raw04-09,True,0.807710092725547,0.9788402004276642,0.08503077259013787,0.3175049108502854,False,False,GP_Is_7mm_closed_R10_single_refY_004-raw04-09,True,raw_kept,,0.807710092725547,0.9788402004276642,257.90658569336017,356.42742919921875,7.235879300108722,13.225333647320587,A,ellipse
S5_CPAG39_reproduced,GP_Is_7mm_closed_R10_single_refY,GP_Is_7mm_closed_R10_single_refY_004,5,GP_Is_7mm_closed_R10_single_refY_004-raw05-08,True,0.7890098268188428,0.9890043316269348,0.08503077259013787,0.3175049108502854,False,False,GP_Is_7mm_closed_R10_single_refY_004-raw05-08,True,raw_kept,,0.7890098268188428,0.9890043316269348,272.0162353515633,367.4015502929688,7.403785725309397,14.003358836967564,A,ellipse
S5_CPAG39_reproduced,GP_Is_7mm_closed_R10_single_refY,GP_Is_7mm_closed_R10_single_refY_005,1,GP_Is_7mm_closed_R10_single_refY_005-raw01-02,True,0.8582354411397151,0.945704977996228,0.08503077259013787,0.3175049108502854,False,False,GP_Is_7mm_closed_R10_single_refY_005-raw01-02,True,raw_kept,,0.8582354411397151,0.945704977996228,235.49328613281324,335.80157470703125,7.012870214747137,18.48881828161051,B,ellipse
S5_CPAG39_reproduced,GP_Is_7mm_closed_R10_single_refY,GP_Is_7mm_closed_R10_single_refY_005,2,GP_Is_7mm_closed_R10_single_refY_005-raw02-20,True,0.8512863534675615,0.9230344658407948,0.08503077259013787,0.3175049108502854,False,False,GP_Is_7mm_closed_R10_single_refY_005-raw02-20,True,raw_kept,,0.8512863534675615,0.9230344658407948,236.7170562744148,332.2528991699219,7.124604687146806,17.74473120963838,A,ellipse
S5_CPAG39_reproduced,GP_Is_7mm_closed_R10_single_refY,GP_Is_7mm_closed_R10_single_refY_005,3,GP_Is_7mm_closed_R10_single_refY_005-raw03-10,True,0.8569600562023284,0.9124274907107917,0.08503077259013787,0.3175049108502854,False,False,GP_Is_7mm_closed_R10_single_refY_005-raw03-10,True,raw_kept,,0.8569600562023284,0.9124274907107917,238.92463684082065,336.69873046875,7.0960955661517,18.63956478469165,B,ellipse
S5_CPAG39_reproduced,GP_Is_7mm_closed_R10_single_refY,GP_Is_7mm_closed_R10_single_refY_005,4,GP_Is_7mm_closed_R10_single_refY_005-raw04-02,True,0.8925821117090369,0.9869200584750328,0.08503077259013787,0.3175049108502854,False,False,GP_Is_7mm_closed_R10_single_refY_005-raw04-02,True,raw_kept,,0.8925821117090369,0.9869200584750328,222.91572663852972,347.05535888671875,6.4230596338750345,15.266386233478125,A,circle
S5_CPAG39_reproduced,GP_Is_7mm_closed_R10_single_refY,GP_Is_7mm_closed_R10_single_refY_005,5,GP_Is_7mm_closed_R10_single_refY_005-raw05-07,True,0.9561961074156196,0.9442160321128816,0.08503077259013787,0.3175049108502854,False,False,GP_Is_7mm_closed_R10_single_refY_005-raw05-07,True,raw_kept,,0.9561961074156196,0.9442160321128816,227.4801109403144,328.80682373046875,6.918351278706586,18.85177950906635,B,circle
S5_CPAG39_reproduced,GP_Is_8.8mm_closed_R10_single_refY,GP_Is_8.8mm_closed_R10_single_refY_004,1,GP_Is_8.8mm_closed_R10_single_refY_004-raw01-11,False,,,0.08503077259013787,0.3175049108502854,False,False,GP_Is_8.8mm_closed_R10_single_refY_004-raw01-11,False,raw_invalid,,,,,309.9153137207031,,35.33124673918618,none,none
S5_CPAG39_reproduced,GP_Is_8.8mm_closed_R10_single_refY,GP_Is_8.8mm_closed_R10_single_refY_004,2,GP_Is_8.8mm_closed_R10_single_refY_004-raw02-19,False,,,0.08503077259013787,0.3175049108502854,False,False,GP_Is_8.8mm_closed_R10_single_refY_004-raw02-19,False,raw_invalid,,,,,262.0577697753906,,23.27195737944708,none,none
S5_CPAG39_reproduced,GP_Is_8.8mm_closed_R10_single_refY,GP_Is_8.8mm_closed_R10_single_refY_004,3,GP_Is_8.8mm_closed_R10_single_refY_004-raw03-01,False,,,0.08503077259013787,0.3175049108502854,False,False,GP_Is_8.8mm_closed_R10_single_refY_004-raw03-01,False,raw_invalid,,,,,270.19219970703125,,19.50093526865641,none,none
S5_CPAG39_reproduced,GP_Is_8.8mm_closed_R10_single_refY,GP_Is_8.8mm_closed_R10_single_refY_004,4,GP_Is_8.8mm_closed_R10_single_refY_004-raw04-10,False,,,0.08503077259013787,0.3175049108502854,False,False,GP_Is_8.8mm_closed_R10_single_refY_004-raw04-10,False,raw_invalid,,,,,268.7230834960937,,18.850854901801213,none,none
S5_CPAG39_reproduced,GP_Is_8.8mm_closed_R10_single_refY,GP_Is_8.8mm_closed_R10_single_refY_004,5,GP_Is_8.8mm_closed_R10_single_refY_004-raw05-14,False,,,0.08503077259013787,0.3175049108502854,False,False,GP_Is_8.8mm_closed_R10_single_refY_004-raw05-14,False,raw_invalid,,,,,268.5443115234375,,14.62941256061013,none,none
S5_CPAG39_reproduced,GP_Is_8.8mm_closed_R10_single_refY,GP_Is_8.8mm_closed_R10_single_refY_005,1,GP_Is_8.8mm_closed_R10_single_refY_005-raw01-13,False,,,0.08503077259013787,0.3175049108502854,False,False,GP_Is_8.8mm_closed_R10_single_refY_005-raw01-13,False,raw_invalid,,,,,243.81944274902344,,43.069433587980846,none,none
S5_CPAG39_reproduced,GP_Is_8.8mm_closed_R10_single_refY,GP_Is_8.8mm_closed_R10_single_refY_005,2,GP_Is_8.8mm_closed_R10_single_refY_005-raw02-24,False,,,0.08503077259013787,0.3175049108502854,False,False,GP_Is_8.8mm_closed_R10_single_refY_005-raw02-24,False,raw_invalid,,,,,223.8788146972656,,50.73067366954543,none,none
S5_CPAG39_reproduced,GP_Is_8.8mm_closed_R10_single_refY,GP_Is_8.8mm_closed_R10_single_refY_005,3,GP_Is_8.8mm_closed_R10_single_refY_005-raw03-01,False,,,0.08503077259013787,0.3175049108502854,False,False,GP_Is_8.8mm_closed_R10_single_refY_005-raw03-01,False,raw_invalid,,,,,224.0464782714844,,47.92005748254161,none,none
S5_CPAG39_reproduced,GP_Is_8.8mm_closed_R10_single_refY,GP_Is_8.8mm_closed_R10_single_refY_005,4,GP_Is_8.8mm_closed_R10_single_refY_005-raw04-18,False,,,0.08503077259013787,0.3175049108502854,False,False,GP_Is_8.8mm_closed_R10_single_refY_005-raw04-18,False,raw_invalid,,,,,261.6031188964844,,37.097278597791714,none,none
S5_CPAG39_reproduced,GP_Is_8.8mm_closed_R10_single_refY,GP_Is_8.8mm_closed_R10_single_refY_005,5,GP_Is_8.8mm_closed_R10_single_refY_005-raw05-24,True,0.8630076769706579,0.9978217857726308,0.08503077259013787,0.3175049108502854,False,False,GP_Is_8.8mm_closed_R10_single_refY_005-raw05-24,True,raw_kept,,0.8630076769706579,0.9978217857726308,263.13994805212485,311.2996826171875,8.452946236238652,61.93907972016039,A,circle
S5_CPAG39_reproduced,GP_Is_8.8mm_closed_R5_single_refY,GP_Is_8.8mm_closed_R5_single_refY_004,1,GP_Is_8.8mm_closed_R5_single_refY_004-raw01-18,True,0.9943639841508404,0.2758821147917077,0.08503077259013787,0.3175049108502854,False,True,GP_Is_8.8mm_closed_R5_single_refY_004-raw01-18,True,raw_kept,,0.9943639841508404,0.2758821147917077,392.0158696694447,142.96514892578125,13.710189952411222,34.502070306052666,A,circle
S5_CPAG39_reproduced,GP_Is_8.8mm_closed_R5_single_refY,GP_Is_8.8mm_closed_R5_single_refY_004,2,GP_Is_8.8mm_closed_R5_single_refY_004-raw02-14,True,0.7062859383167799,0.764935267508969,0.08503077259013787,0.3175049108502854,False,False,GP_Is_8.8mm_closed_R5_single_refY_004-raw02-14,True,raw_kept,,0.7062859383167799,0.764935267508969,286.5238342285161,144.72862243652344,9.898658240673235,25.162639972167547,A,ellipse
S5_CPAG39_reproduced,GP_Is_8.8mm_closed_R5_single_refY,GP_Is_8.8mm_closed_R5_single_refY_004,3,GP_Is_8.8mm_closed_R5_single_refY_004-raw03-03,True,0.9943001899936668,0.31782954046029,0.08503077259013787,0.3175049108502854,False,False,GP_Is_8.8mm_closed_R5_single_refY_004-raw03-03,True,raw_kept,,0.9943001899936668,0.31782954046029,394.9665287294813,150.4698944091797,13.124436960639777,18.064668912052817,B,circle
S5_CPAG39_reproduced,GP_Is_8.8mm_closed_R5_single_refY,GP_Is_8.8mm_closed_R5_single_refY_004,4,GP_Is_8.8mm_closed_R5_single_refY_004-raw04-05,True,0.744934315504164,0.7989462592202318,0.08503077259013787,0.3175049108502854,False,False,GP_Is_8.8mm_closed_R5_single_refY_004-raw04-05,True,raw_kept,,0.744934315504164,0.7989462592202318,338.01983642578216,178.36114501953125,9.475713905872457,14.62854910357322,A,ellipse
S5_CPAG39_reproduced,GP_Is_8.8mm_closed_R5_single_refY,GP_Is_8.8mm_closed_R5_single_refY_004,5,GP_Is_8.8mm_closed_R5_single_refY_004-raw05-03,True,0.8095724657165905,0.8392823595716701,0.08503077259013787,0.3175049108502854,False,False,GP_Is_8.8mm_closed_R5_single_refY_004-raw05-03,True,raw_kept,,0.8095724657165905,0.8392823595716701,300.7814025878911,159.03250122070312,9.456601646806469,14.73687594493231,B,ellipse
S5_CPAG39_reproduced,GP_Is_8.8mm_closed_R5_single_refY,GP_Is_8.8mm_closed_R5_single_refY_005,1,GP_Is_8.8mm_closed_R5_single_refY_005-raw01-23,True,0.8766102592972812,0.8849716521600256,0.08503077259013787,0.3175049108502854,False,False,GP_Is_8.8mm_closed_R5_single_refY_005-raw01-23,True,raw_kept,,0.8766102592972812,0.8849716521600256,276.33605957031307,151.86769104003906,9.097921278643067,43.40366210824352,A,ellipse
S5_CPAG39_reproduced,GP_Is_8.8mm_closed_R5_single_refY,GP_Is_8.8mm_closed_R5_single_refY_005,2,GP_Is_8.8mm_closed_R5_single_refY_005-raw02-06,True,0.8551623122253637,0.8574826560951437,0.08503077259013787,0.3175049108502854,False,False,GP_Is_8.8mm_closed_R5_single_refY_005-raw02-06,True,raw_kept,,0.8551623122253637,0.8574826560951437,278.7686462402352,150.80612182617188,9.242617039166346,26.731852171484626,A,ellipse
S5_CPAG39_reproduced,GP_Is_8.8mm_closed_R5_single_refY,GP_Is_8.8mm_closed_R5_single_refY_005,3,GP_Is_8.8mm_closed_R5_single_refY_005-raw03-08,True,0.9911215563389476,0.7323776223776224,0.08503077259013787,0.3175049108502854,False,False,GP_Is_8.8mm_closed_R5_single_refY_005-raw03-08,True,raw_kept,,0.9911215563389476,0.7323776223776224,325.19431117769847,176.27394104003906,9.224117565506551,22.60556422706416,A,circle
S5_CPAG39_reproduced,GP_Is_8.8mm_closed_R5_single_refY,GP_Is_8.8mm_closed_R5_single_refY_005,4,GP_Is_8.8mm_closed_R5_single_refY_005-raw04-24,True,0.9909593169261678,0.9817181685811356,0.08503077259013787,0.3175049108502854,False,False,GP_Is_8.8mm_closed_R5_single_refY_005-raw04-24,True,raw_kept,,0.9909593169261678,0.9817181685811356,282.1563123941641,166.7183380126953,8.4620658938154,25.42069349312488,A,circle
S5_CPAG39_reproduced,GP_Is_8.8mm_closed_R5_single_refY,GP_Is_8.8mm_closed_R5_single_refY_005,5,GP_Is_8.8mm_closed_R5_single_refY_005-raw05-02,True,0.996118511072017,0.9617369414726245,0.08503077259013787,0.3175049108502854,False,False,GP_Is_8.8mm_closed_R5_single_refY_005-raw05-02,True,raw_kept,,0.996118511072017,0.9617369414726245,285.46278650567035,166.97390747070312,8.548125597281029,23.662784160679944,A,circle
S5_CPAG39_reproduced,GP_Is_9.79mm_closed_R10_single_refY,GP_Is_9.79mm_closed_R10_single_refY_004,1,GP_Is_9.79mm_closed_R10_single_refY_004-raw01-22,False,,,0.08503077259013787,0.3175049108502854,False,False,GP_Is_9.79mm_closed_R10_single_refY_004-raw01-22,False,raw_invalid,,,,,206.98699951171875,,69.75255424923367,none,none
S5_CPAG39_reproduced,GP_Is_9.79mm_closed_R10_single_refY,GP_Is_9.79mm_closed_R10_single_refY_004,2,GP_Is_9.79mm_closed_R10_single_refY_004-raw02-02,False,,,0.08503077259013787,0.3175049108502854,False,False,GP_Is_9.79mm_closed_R10_single_refY_004-raw02-02,False,raw_invalid,,,,,214.16241455078125,,47.60931286719873,none,none
S5_CPAG39_reproduced,GP_Is_9.79mm_closed_R10_single_refY,GP_Is_9.79mm_closed_R10_single_refY_004,3,GP_Is_9.79mm_closed_R10_single_refY_004-raw03-15,False,,,0.08503077259013787,0.3175049108502854,False,False,GP_Is_9.79mm_closed_R10_single_refY_004-raw03-15,False,raw_invalid,,,,,184.7167053222656,,43.89560327282187,none,none
S5_CPAG39_reproduced,GP_Is_9.79mm_closed_R10_single_refY,GP_Is_9.79mm_closed_R10_single_refY_004,4,GP_Is_9.79mm_closed_R10_single_refY_004-raw04-04,False,,,0.08503077259013787,0.3175049108502854,False,False,GP_Is_9.79mm_closed_R10_single_refY_004-raw04-04,False,raw_invalid,,,,,189.69461059570312,,45.33537901323107,none,none
S5_CPAG39_reproduced,GP_Is_9.79mm_closed_R10_single_refY,GP_Is_9.79mm_closed_R10_single_refY_004,5,GP_Is_9.79mm_closed_R10_single_refY_004-raw05-12,False,,,0.08503077259013787,0.3175049108502854,False,False,GP_Is_9.79mm_closed_R10_single_refY_004-raw05-12,False,raw_invalid,,,,,197.19546508789065,,56.20367181801501,none,none
S5_CPAG39_reproduced,GP_Is_9.79mm_closed_R10_single_refY,GP_Is_9.79mm_closed_R10_single_refY_005,1,GP_Is_9.79mm_closed_R10_single_refY_005-raw01-03,False,,,0.08503077259013787,0.3175049108502854,False,False,GP_Is_9.79mm_closed_R10_single_refY_005-raw01-03,False,raw_invalid,,,,,233.093017578125,,14.399154349714443,none,none
S5_CPAG39_reproduced,GP_Is_9.79mm_closed_R10_single_refY,GP_Is_9.79mm_closed_R10_single_refY_005,2,GP_Is_9.79mm_closed_R10_single_refY_005-raw02-10,False,,,0.08503077259013787,0.3175049108502854,False,False,GP_Is_9.79mm_closed_R10_single_refY_005-raw02-10,False,raw_invalid,,,,,260.9122009277344,,12.76416979131698,none,none
S5_CPAG39_reproduced,GP_Is_9.79mm_closed_R10_single_refY,GP_Is_9.79mm_closed_R10_single_refY_005,3,GP_Is_9.79mm_closed_R10_single_refY_005-raw03-21,False,,,0.08503077259013787,0.3175049108502854,False,False,GP_Is_9.79mm_closed_R10_single_refY_005-raw03-21,False,raw_invalid,,,,,239.21766662597656,,13.175154443094458,none,none
S5_CPAG39_reproduced,GP_Is_9.79mm_closed_R10_single_refY,GP_Is_9.79mm_closed_R10_single_refY_005,4,GP_Is_9.79mm_closed_R10_single_refY_005-raw04-23,False,,,0.08503077259013787,0.3175049108502854,False,False,GP_Is_9.79mm_closed_R10_single_refY_005-raw04-23,False,raw_invalid,,,,,227.79327392578125,,13.011638192560634,none,none
S5_CPAG39_reproduced,GP_Is_9.79mm_closed_R10_single_refY,GP_Is_9.79mm_closed_R10_single_refY_005,5,GP_Is_9.79mm_closed_R10_single_refY_005-raw05-22,False,,,0.08503077259013787,0.3175049108502854,False,False,GP_Is_9.79mm_closed_R10_single_refY_005-raw05-22,False,raw_invalid,,,,,261.3434753417969,,13.841427231395391,none,none
S6_NDG_FCP39,GP_IIa_14.0mm_closed_R10_single_refY,GP_IIa_14.0mm_closed_R10_single_refY_004,1,GP_IIa_14.0mm_closed_R10_single_refY_004-raw01-01,True,0.7215785430802714,0.661648370796306,0.08503077259013787,0.3175049108502854,False,False,GP_IIa_14.0mm_closed_R10_single_refY_004-raw01-01,True,raw_kept,,0.7215785430802714,0.661648370796306,309.20584106445364,216.1426696777344,14.305636250605888,21.27318983740159,A,ellipse
S6_NDG_FCP39,GP_IIa_14.0mm_closed_R10_single_refY,GP_IIa_14.0mm_closed_R10_single_refY_004,2,GP_IIa_14.0mm_closed_R10_single_refY_004-raw02-11,True,0.6789004197761194,0.6680658159838818,0.08503077259013787,0.3175049108502854,False,False,GP_IIa_14.0mm_closed_R10_single_refY_004-raw02-11,True,raw_kept,,0.6789004197761194,0.6680658159838818,324.37747192382835,228.4602203369141,14.19842244069726,19.39027124866909,A,ellipse
S6_NDG_FCP39,GP_IIa_14.0mm_closed_R10_single_refY,GP_IIa_14.0mm_closed_R10_single_refY_004,3,GP_IIa_14.0mm_closed_R10_single_refY_004-raw03-04,True,0.7177854274239817,0.6654917495866995,0.08503077259013787,0.3175049108502854,False,False,GP_IIa_14.0mm_closed_R10_single_refY_004-raw03-04,True,raw_kept,,0.7177854274239817,0.6654917495866995,330.0680541992194,236.9160614013672,13.93185638182798,17.31454426171573,A,ellipse
S6_NDG_FCP39,GP_IIa_14.0mm_closed_R10_single_refY,GP_IIa_14.0mm_closed_R10_single_refY_004,4,GP_IIa_14.0mm_closed_R10_single_refY_004-raw04-22,True,0.994395048287264,0.2482255766875765,0.08503077259013787,0.3175049108502854,False,True,GP_IIa_14.0mm_closed_R10_single_refY_004-raw04-22,True,raw_kept,,0.994395048287264,0.2482255766875765,509.9019555865165,266.8399353027344,19.108907180929386,14.22788949787352,A,circle
S6_NDG_FCP39,GP_IIa_14.0mm_closed_R10_single_refY,GP_IIa_14.0mm_closed_R10_single_refY_004,5,GP_IIa_14.0mm_closed_R10_single_refY_004-raw05-14,True,0.9938862264962028,0.2556009382076997,0.08503077259013787,0.3175049108502854,False,True,GP_IIa_14.0mm_closed_R10_single_refY_004-raw05-14,True,raw_kept,,0.9938862264962028,0.2556009382076997,566.1057358243272,297.1871643066406,19.048794962093748,13.786705698267616,A,circle
S6_NDG_FCP39,GP_IIa_14.0mm_closed_R10_single_refY,GP_IIa_14.0mm_closed_R10_single_refY_005,1,GP_IIa_14.0mm_closed_R10_single_refY_005-raw01-16,True,0.030419661488523,0.6149732620320856,0.08503077259013787,0.3175049108502854,False,True,GP_IIa_14.0mm_closed_R10_single_refY_005-raw01-16,True,raw_kept,,0.030419661488523,0.6149732620320856,88.49064636230476,233.70021057128903,3.786502637117268,16.14871286496292,B,ellipse
S6_NDG_FCP39,GP_IIa_14.0mm_closed_R10_single_refY,GP_IIa_14.0mm_closed_R10_single_refY_005,2,GP_IIa_14.0mm_closed_R10_single_refY_005-raw02-23,True,0.9954524783992724,0.4191072583155727,0.08503077259013787,0.3175049108502854,False,False,GP_IIa_14.0mm_closed_R10_single_refY_005-raw02-23,True,raw_kept,,0.9954524783992724,0.4191072583155727,393.0165690769501,232.48146057128903,16.905286473646942,19.658792185577365,A,circle
S6_NDG_FCP39,GP_IIa_14.0mm_closed_R10_single_refY,GP_IIa_14.0mm_closed_R10_single_refY_005,3,GP_IIa_14.0mm_closed_R10_single_refY_005-raw03-09,True,0.9962680695128256,0.3654663316894637,0.08503077259013787,0.3175049108502854,False,False,GP_IIa_14.0mm_closed_R10_single_refY_005-raw03-09,True,raw_kept,,0.9962680695128256,0.3654663316894637,417.8025911373125,237.9478912353516,17.55857507155076,18.70948619017306,A,circle
S6_NDG_FCP39,GP_IIa_14.0mm_closed_R10_single_refY,GP_IIa_14.0mm_closed_R10_single_refY_005,4,GP_IIa_14.0mm_closed_R10_single_refY_005-raw04-20,True,0.8002965983872463,0.2855818994290561,0.08503077259013787,0.3175049108502854,False,True,GP_IIa_14.0mm_closed_R10_single_refY_005-raw04-20,True,raw_kept,,0.8002965983872463,0.2855818994290561,566.7159423828132,262.50390625,21.588857494680138,16.62574811770121,A,ellipse
S6_NDG_FCP39,GP_IIa_14.0mm_closed_R10_single_refY,GP_IIa_14.0mm_closed_R10_single_refY_005,5,GP_IIa_14.0mm_closed_R10_single_refY_005-raw05-04,True,0.7156303901437372,0.9942507017922696,0.08503077259013787,0.3175049108502854,False,False,GP_IIa_14.0mm_closed_R10_single_refY_005-raw05-04,True,raw_kept,,0.7156303901437372,0.9942507017922696,272.561398665067,273.0774230957031,9.981103365309853,20.75117325732856,A,circle
S6_NDG_FCP39,GP_IIa_14.0mm_closed_R5_single_refY,GP_IIa_14.0mm_closed_R5_single_refY_004,1,GP_IIa_14.0mm_closed_R5_single_refY_004-raw01-10,True,0.7149060882214521,0.8899330002271179,0.08503077259013787,0.3175049108502854,False,False,GP_IIa_14.0mm_closed_R5_single_refY_004-raw01-10,True,raw_kept,,0.7149060882214521,0.8899330002271179,331.2182922363285,112.9689483642578,14.65970503542025,19.319281011115184,A,ellipse
S6_NDG_FCP39,GP_IIa_14.0mm_closed_R5_single_refY,GP_IIa_14.0mm_closed_R5_single_refY_004,2,GP_IIa_14.0mm_closed_R5_single_refY_004-raw02-01,True,0.6468443370137452,0.6623754519001852,0.08503077259013787,0.3175049108502854,False,False,GP_IIa_14.0mm_closed_R5_single_refY_004-raw02-01,True,raw_kept,,0.6468443370137452,0.6623754519001852,355.7749633789068,105.98719787597656,16.783864962409176,9.185083480824366,A,ellipse
S6_NDG_FCP39,GP_IIa_14.0mm_closed_R5_single_refY,GP_IIa_14.0mm_closed_R5_single_refY_004,3,GP_IIa_14.0mm_closed_R5_single_refY_004-raw03-01,True,0.6343215548991722,0.6322784569100118,0.08503077259013787,0.3175049108502854,False,False,GP_IIa_14.0mm_closed_R5_single_refY_004-raw03-01,True,raw_kept,,0.6343215548991722,0.6322784569100118,381.02102661132886,114.71360778808594,16.607490338687644,10.506796518843853,A,ellipse
S6_NDG_FCP39,GP_IIa_14.0mm_closed_R5_single_refY,GP_IIa_14.0mm_closed_R5_single_refY_004,4,GP_IIa_14.0mm_closed_R5_single_refY_004-raw04-16,True,0.7340088582170263,0.7299864314789688,0.08503077259013787,0.3175049108502854,False,False,GP_IIa_14.0mm_closed_R5_single_refY_004-raw04-16,True,raw_kept,,0.7340088582170263,0.7299864314789688,420.78741455078136,138.7677764892578,15.16156795174112,10.505636635503649,B,ellipse
S6_NDG_FCP39,GP_IIa_14.0mm_closed_R5_single_refY,GP_IIa_14.0mm_closed_R5_single_refY_004,5,GP_IIa_14.0mm_closed_R5_single_refY_004-raw05-14,True,0.7032277463297295,0.7094176911376862,0.08503077259013787,0.3175049108502854,False,False,GP_IIa_14.0mm_closed_R5_single_refY_004-raw05-14,True,raw_kept,,0.7032277463297295,0.7094176911376862,423.34213256836017,135.64784240722656,15.6044550748345,9.416144652631552,A,ellipse
S6_NDG_FCP39,GP_IIa_14.0mm_closed_R5_single_refY,GP_IIa_14.0mm_closed_R5_single_refY_005,1,GP_IIa_14.0mm_closed_R5_single_refY_005-raw01-12,True,0.8660016000783712,0.8475166410650281,0.08503077259013787,0.3175049108502854,False,False,GP_IIa_14.0mm_closed_R5_single_refY_005-raw01-12,True,raw_kept,,0.8660016000783712,0.8475166410650281,340.7199707031256,116.29557037353516,14.648879987808249,12.92599923508138,A,ellipse
S6_NDG_FCP39,GP_IIa_14.0mm_closed_R5_single_refY,GP_IIa_14.0mm_closed_R5_single_refY_005,2,GP_IIa_14.0mm_closed_R5_single_refY_005-raw02-24,True,0.8751106283691367,0.808649230095018,0.08503077259013787,0.3175049108502854,False,False,GP_IIa_14.0mm_closed_R5_single_refY_005-raw02-24,True,raw_kept,,0.8751106283691367,0.808649230095018,316.44329833984415,108.62914276123048,14.5653040379502,12.300424093288848,A,ellipse
S6_NDG_FCP39,GP_IIa_14.0mm_closed_R5_single_refY,GP_IIa_14.0mm_closed_R5_single_refY_005,3,GP_IIa_14.0mm_closed_R5_single_refY_005-raw03-20,True,0.839887535843295,0.9941142829909928,0.08503077259013787,0.3175049108502854,False,False,GP_IIa_14.0mm_closed_R5_single_refY_005-raw03-20,True,raw_kept,,0.839887535843295,0.9941142829909928,274.0683312472296,106.94412231445312,12.813622914281,20.56699978236329,A,circle
S6_NDG_FCP39,GP_IIa_14.0mm_closed_R5_single_refY,GP_IIa_14.0mm_closed_R5_single_refY_005,4,GP_IIa_14.0mm_closed_R5_single_refY_005-raw04-08,True,0.987810630790422,0.7193084834780071,0.08503077259013787,0.3175049108502854,False,False,GP_IIa_14.0mm_closed_R5_single_refY_005-raw04-08,True,raw_kept,,0.987810630790422,0.7193084834780071,331.83204102438407,110.79039764404295,14.975667931553188,22.32708351697451,B,circle
S6_NDG_FCP39,GP_IIa_14.0mm_closed_R5_single_refY,GP_IIa_14.0mm_closed_R5_single_refY_005,5,GP_IIa_14.0mm_closed_R5_single_refY_005-raw05-24,True,0.845037510761284,0.7836686431688953,0.08503077259013787,0.3175049108502854,False,False,GP_IIa_14.0mm_closed_R5_single_refY_005-raw05-24,True,raw_kept,,0.845037510761284,0.7836686431688953,343.9058227539065,119.56922912597656,14.381033701888787,24.897114998353555,B,ellipse
S6_NDG_FCP39,GP_IIa_22.0mm_closed_R10_single_refY,GP_IIa_22.0mm_closed_R10_single_refY_005,1,GP_IIa_22.0mm_closed_R10_single_refY_005-raw01-21,True,0.5705258065491489,0.6062101799341875,0.08503077259013787,0.3175049108502854,False,False,GP_IIa_22.0mm_closed_R10_single_refY_005-raw01-21,True,raw_kept,,0.5705258065491489,0.6062101799341875,430.6736755371098,186.12234497070312,23.1392783926562,26.33966459671657,B,ellipse
S6_NDG_FCP39,GP_IIa_22.0mm_closed_R10_single_refY,GP_IIa_22.0mm_closed_R10_single_refY_005,2,GP_IIa_22.0mm_closed_R10_single_refY_005-raw02-06,True,0.5920108736691082,0.6260292812004944,0.08503077259013787,0.3175049108502854,False,False,GP_IIa_22.0mm_closed_R10_single_refY_005-raw02-06,True,raw_kept,,0.5920108736691082,0.6260292812004944,423.026824951172,184.33563232421875,22.94872779708326,29.03789129604646,B,ellipse
S6_NDG_FCP39,GP_IIa_22.0mm_closed_R10_single_refY,GP_IIa_22.0mm_closed_R10_single_refY_005,3,GP_IIa_22.0mm_closed_R10_single_refY_005-raw03-20,True,0.6246233978450697,0.6486206996999622,0.08503077259013787,0.3175049108502854,False,False,GP_IIa_22.0mm_closed_R10_single_refY_005-raw03-20,True,raw_kept,,0.6246233978450697,0.6486206996999622,449.2968139648443,199.27316284179688,22.546779885334622,24.06417200554623,A,ellipse
S6_NDG_FCP39,GP_IIa_22.0mm_closed_R10_single_refY,GP_IIa_22.0mm_closed_R10_single_refY_005,4,GP_IIa_22.0mm_closed_R10_single_refY_005-raw04-06,True,0.6257747543461829,0.6511049087874777,0.08503077259013787,0.3175049108502854,False,False,GP_IIa_22.0mm_closed_R10_single_refY_005-raw04-06,True,raw_kept,,0.6257747543461829,0.6511049087874777,452.75241088867256,200.4140167236328,22.59085558436808,26.989337022304536,A,ellipse
S6_NDG_FCP39,GP_IIa_22.0mm_closed_R10_single_refY,GP_IIa_22.0mm_closed_R10_single_refY_005,5,GP_IIa_22.0mm_closed_R10_single_refY_005-raw05-01,True,0.6226137270964464,0.6514940356678871,0.08503077259013787,0.3175049108502854,False,False,GP_IIa_22.0mm_closed_R10_single_refY_005-raw05-01,True,raw_kept,,0.6226137270964464,0.6514940356678871,497.6199645996104,223.5740661621093,22.257499411349187,22.842523288001527,B,ellipse
S6_NDG_FCP39,GP_IIa_22.0mm_closed_R10_single_refY,GP_IIa_22.0mm_closed_R10_single_refY_006,1,GP_IIa_22.0mm_closed_R10_single_refY_006-raw01-12,True,0.7628253196042212,0.7714655154434921,0.08503077259013787,0.3175049108502854,False,False,GP_IIa_22.0mm_closed_R10_single_refY_006-raw01-12,True,raw_kept,,0.7628253196042212,0.7714655154434921,473.5792236328134,227.02691650390625,20.86004738670113,23.011179376191272,A,ellipse
S6_NDG_FCP39,GP_IIa_22.0mm_closed_R10_single_refY,GP_IIa_22.0mm_closed_R10_single_refY_006,2,GP_IIa_22.0mm_closed_R10_single_refY_006-raw02-14,True,0.7927459791453406,0.7923755667137913,0.08503077259013787,0.3175049108502854,False,False,GP_IIa_22.0mm_closed_R10_single_refY_006-raw02-14,True,raw_kept,,0.7927459791453406,0.7923755667137913,478.2180175781251,230.1972045898437,20.774275622946632,23.05516599087068,A,ellipse
S6_NDG_FCP39,GP_IIa_22.0mm_closed_R10_single_refY,GP_IIa_22.0mm_closed_R10_single_refY_006,3,GP_IIa_22.0mm_closed_R10_single_refY_006-raw03-18,True,0.8116765648026403,0.8048605232592476,0.08503077259013787,0.3175049108502854,False,False,GP_IIa_22.0mm_closed_R10_single_refY_006-raw03-18,True,raw_kept,,0.8116765648026403,0.8048605232592476,473.602478027344,225.2893218994141,21.021967398827503,24.914084835333888,A,ellipse
S6_NDG_FCP39,GP_IIa_22.0mm_closed_R10_single_refY,GP_IIa_22.0mm_closed_R10_single_refY_006,4,GP_IIa_22.0mm_closed_R10_single_refY_006-raw04-23,True,0.845845753325477,0.8527684600688483,0.08503077259013787,0.3175049108502854,False,False,GP_IIa_22.0mm_closed_R10_single_refY_006-raw04-23,True,raw_kept,,0.845845753325477,0.8527684600688483,492.5685729980469,239.19583129882807,20.59269052990641,28.87214193835672,A,ellipse
S6_NDG_FCP39,GP_IIa_22.0mm_closed_R10_single_refY,GP_IIa_22.0mm_closed_R10_single_refY_006,5,GP_IIa_22.0mm_closed_R10_single_refY_006-raw05-21,True,0.8619040183957645,0.8928080774642059,0.08503077259013787,0.3175049108502854,False,False,GP_IIa_22.0mm_closed_R10_single_refY_006-raw05-21,True,raw_kept,,0.8619040183957645,0.8928080774642059,514.6663818359375,251.6222381591797,20.45393068598144,41.19340725262959,A,ellipse
S6_NDG_FCP39,GP_IIa_22.0mm_closed_R5_single_refY,GP_IIa_22.0mm_closed_R5_single_refY_004,1,GP_IIa_22.0mm_closed_R5_single_refY_004-raw01-08,True,0.677314676064198,0.677356347462395,0.08503077259013787,0.3175049108502854,False,False,GP_IIa_22.0mm_closed_R5_single_refY_004-raw01-08,True,raw_kept,,0.677314676064198,0.677356347462395,468.2661743164065,104.93380737304688,22.31245515812116,15.06349500782224,B,ellipse
S6_NDG_FCP39,GP_IIa_22.0mm_closed_R5_single_refY,GP_IIa_22.0mm_closed_R5_single_refY_004,2,GP_IIa_22.0mm_closed_R5_single_refY_004-raw02-01,True,0.6462695888058391,0.6548096141554133,0.08503077259013787,0.3175049108502854,False,False,GP_IIa_22.0mm_closed_R5_single_refY_004-raw02-01,True,raw_kept,,0.6462695888058391,0.6548096141554133,495.2263183593751,109.19932556152344,22.675337773966472,12.517698116583878,A,ellipse
S6_NDG_FCP39,GP_IIa_22.0mm_closed_R5_single_refY,GP_IIa_22.0mm_closed_R5_single_refY_004,3,GP_IIa_22.0mm_closed_R5_single_refY_004-raw03-01,True,0.6670206934356585,0.6761940646642983,0.08503077259013787,0.3175049108502854,False,False,GP_IIa_22.0mm_closed_R5_single_refY_004-raw03-01,True,raw_kept,,0.6670206934356585,0.6761940646642983,520.5323486328134,115.1669921875,22.599025065504403,8.906290998440022,B,ellipse
S6_NDG_FCP39,GP_IIa_22.0mm_closed_R5_single_refY,GP_IIa_22.0mm_closed_R5_single_refY_004,4,GP_IIa_22.0mm_closed_R5_single_refY_004-raw04-17,True,0.7862670770411906,0.7856306712166466,0.08503077259013787,0.3175049108502854,False,False,GP_IIa_22.0mm_closed_R5_single_refY_004-raw04-17,True,raw_kept,,0.7862670770411906,0.7856306712166466,527.3537597656258,125.23149871826172,21.055156456764674,14.224070956741144,A,ellipse
S6_NDG_FCP39,GP_IIa_22.0mm_closed_R5_single_refY,GP_IIa_22.0mm_closed_R5_single_refY_004,5,GP_IIa_22.0mm_closed_R5_single_refY_004-raw05-15,True,0.7703911909158189,0.7644145493077792,0.08503077259013787,0.3175049108502854,False,False,GP_IIa_22.0mm_closed_R5_single_refY_004-raw05-15,True,raw_kept,,0.7703911909158189,0.7644145493077792,511.0504455566413,120.01179504394533,21.29167576276593,14.573216433432073,A,ellipse
S6_NDG_FCP39,GP_IIa_22.0mm_closed_R5_single_refY,GP_IIa_22.0mm_closed_R5_single_refY_005,1,GP_IIa_22.0mm_closed_R5_single_refY_005-raw01-02,True,0.817709431702194,0.817642938446721,0.08503077259013787,0.3175049108502854,False,False,GP_IIa_22.0mm_closed_R5_single_refY_005-raw01-02,True,raw_kept,,0.817709431702194,0.817642938446721,464.0957031250001,111.92654418945312,20.732155472407225,32.16849820375324,A,ellipse
S6_NDG_FCP39,GP_IIa_22.0mm_closed_R5_single_refY,GP_IIa_22.0mm_closed_R5_single_refY_005,2,GP_IIa_22.0mm_closed_R5_single_refY_005-raw02-06,True,0.8435985341056863,0.8385661588713992,0.08503077259013787,0.3175049108502854,False,False,GP_IIa_22.0mm_closed_R5_single_refY_005-raw02-06,True,raw_kept,,0.8435985341056863,0.8385661588713992,440.509857177735,107.02770233154295,20.579244792771203,21.78303269133273,B,ellipse
S6_NDG_FCP39,GP_IIa_22.0mm_closed_R5_single_refY,GP_IIa_22.0mm_closed_R5_single_refY_005,3,GP_IIa_22.0mm_closed_R5_single_refY_005-raw03-11,True,0.8484246792692325,0.8439807683331,0.08503077259013787,0.3175049108502854,False,False,GP_IIa_22.0mm_closed_R5_single_refY_005-raw03-11,True,raw_kept,,0.8484246792692325,0.8439807683331,437.3185424804688,107.6265869140625,20.31647360654752,23.253618403953983,A,ellipse
S6_NDG_FCP39,GP_IIa_22.0mm_closed_R5_single_refY,GP_IIa_22.0mm_closed_R5_single_refY_005,4,GP_IIa_22.0mm_closed_R5_single_refY_005-raw04-13,True,0.8688617153066298,0.864718793104944,0.08503077259013787,0.3175049108502854,False,False,GP_IIa_22.0mm_closed_R5_single_refY_005-raw04-13,True,raw_kept,,0.8688617153066298,0.864718793104944,447.5188293457035,110.12163543701172,20.3192963657754,23.5670328432248,B,ellipse
S6_NDG_FCP39,GP_IIa_22.0mm_closed_R5_single_refY,GP_IIa_22.0mm_closed_R5_single_refY_005,5,GP_IIa_22.0mm_closed_R5_single_refY_005-raw05-07,True,0.8805303396537215,0.878893117079839,0.08503077259013787,0.3175049108502854,False,False,GP_IIa_22.0mm_closed_R5_single_refY_005-raw05-07,True,raw_kept,,0.8805303396537215,0.878893117079839,429.5764160156251,104.55651092529295,20.542786490004584,25.73809337382376,A,ellipse
S6_NDG_FCP39,GP_IIa_4.5mm_closed_R10_single_refY,GP_IIa_4.5mm_closed_R10_single_refY_004,1,GP_IIa_4.5mm_closed_R10_single_refY_004-raw01-10,True,0.7890295358649789,0.7830820770519263,0.08503077259013787,0.3175049108502854,False,False,GP_IIa_4.5mm_closed_R10_single_refY_004-raw01-10,True,raw_kept,,0.7890295358649789,0.7830820770519263,112.52364349365236,238.80572509765625,4.711932406462926,22.44295346001048,B,ellipse
S6_NDG_FCP39,GP_IIa_4.5mm_closed_R10_single_refY,GP_IIa_4.5mm_closed_R10_single_refY_004,2,GP_IIa_4.5mm_closed_R10_single_refY_004-raw02-08,True,0.7811504021854606,0.7676360924683072,0.08503077259013787,0.3175049108502854,False,False,GP_IIa_4.5mm_closed_R10_single_refY_004-raw02-08,True,raw_kept,,0.7811504021854606,0.7676360924683072,109.06516265869143,225.74468994140625,4.831350083450473,25.021522343519003,B,ellipse
S6_NDG_FCP39,GP_IIa_4.5mm_closed_R10_single_refY,GP_IIa_4.5mm_closed_R10_single_refY_004,3,GP_IIa_4.5mm_closed_R10_single_refY_004-raw03-03,True,0.7606837606837606,0.7560856069269727,0.08503077259013787,0.3175049108502854,False,False,GP_IIa_4.5mm_closed_R10_single_refY_004-raw03-03,True,raw_kept,,0.7606837606837606,0.7560856069269727,106.0762939453126,220.16622924804688,4.8180092972298345,23.805530424441823,B,ellipse
S6_NDG_FCP39,GP_IIa_4.5mm_closed_R10_single_refY,GP_IIa_4.5mm_closed_R10_single_refY_004,4,GP_IIa_4.5mm_closed_R10_single_refY_004-raw04-24,True,0.8417556655379005,0.8555732062483452,0.08503077259013787,0.3175049108502854,False,False,GP_IIa_4.5mm_closed_R10_single_refY_004-raw04-24,True,raw_kept,,0.8417556655379005,0.8555732062483452,110.46022796630862,233.28396606445312,4.73501157536862,21.331017449268288,B,ellipse
S6_NDG_FCP39,GP_IIa_4.5mm_closed_R10_single_refY,GP_IIa_4.5mm_closed_R10_single_refY_004,5,GP_IIa_4.5mm_closed_R10_single_refY_004-raw05-12,True,0.8452101279039416,0.8416948271380297,0.08503077259013787,0.3175049108502854,False,False,GP_IIa_4.5mm_closed_R10_single_refY_004-raw05-12,True,raw_kept,,0.8452101279039416,0.8416948271380297,111.14038848876967,230.9590301513672,4.812125701079093,24.26862629296574,A,ellipse
S6_NDG_FCP39,GP_IIa_4.5mm_closed_R10_single_refY,GP_IIa_4.5mm_closed_R10_single_refY_005,1,GP_IIa_4.5mm_closed_R10_single_refY_005-raw01-13,True,0.8401701854379064,0.8411830895354445,0.08503077259013787,0.3175049108502854,False,False,GP_IIa_4.5mm_closed_R10_single_refY_005-raw01-13,True,raw_kept,,0.8401701854379064,0.8411830895354445,141.6630859375002,305.506103515625,4.636996914539703,21.974909604756608,B,ellipse
S6_NDG_FCP39,GP_IIa_4.5mm_closed_R10_single_refY,GP_IIa_4.5mm_closed_R10_single_refY_005,2,GP_IIa_4.5mm_closed_R10_single_refY_005-raw02-22,True,0.8233793517406963,0.8207928197456993,0.08503077259013787,0.3175049108502854,False,False,GP_IIa_4.5mm_closed_R10_single_refY_005-raw02-22,True,raw_kept,,0.8233793517406963,0.8207928197456993,150.7341461181641,317.1341247558594,4.753009353194152,18.88532854289183,B,ellipse
S6_NDG_FCP39,GP_IIa_4.5mm_closed_R10_single_refY,GP_IIa_4.5mm_closed_R10_single_refY_005,3,GP_IIa_4.5mm_closed_R10_single_refY_005-raw03-18,True,0.783214664444781,0.7797300354422744,0.08503077259013787,0.3175049108502854,False,False,GP_IIa_4.5mm_closed_R10_single_refY_005-raw03-18,True,raw_kept,,0.783214664444781,0.7797300354422744,153.8599853515628,323.9744873046875,4.74913894089636,20.33617828225973,B,ellipse
S6_NDG_FCP39,GP_IIa_4.5mm_closed_R10_single_refY,GP_IIa_4.5mm_closed_R10_single_refY_005,4,GP_IIa_4.5mm_closed_R10_single_refY_005-raw04-04,True,0.7775450356095518,0.7723143075109231,0.08503077259013787,0.3175049108502854,False,False,GP_IIa_4.5mm_closed_R10_single_refY_005-raw04-04,True,raw_kept,,0.7775450356095518,0.7723143075109231,161.2966003417974,328.6015930175781,4.908576335878218,19.353659775429,B,ellipse
S6_NDG_FCP39,GP_IIa_4.5mm_closed_R10_single_refY,GP_IIa_4.5mm_closed_R10_single_refY_005,5,GP_IIa_4.5mm_closed_R10_single_refY_005-raw05-24,True,0.8214511041009463,0.8279809220985691,0.08503077259013787,0.3175049108502854,False,False,GP_IIa_4.5mm_closed_R10_single_refY_005-raw05-24,True,raw_kept,,0.8214511041009463,0.8279809220985691,162.90890502929696,342.124267578125,4.761688090193608,16.118230236702196,B,ellipse
S6_NDG_FCP39,GP_IIa_5.2mm_closed_R10_single_refY,GP_IIa_5.2mm_closed_R10_single_refY_001,1,GP_IIa_5.2mm_closed_R10_single_refY_001-raw01-22,True,0.9695588348914472,0.9630112807919576,0.08503077259013787,0.3175049108502854,False,False,GP_IIa_5.2mm_closed_R10_single_refY_001-raw01-22,True,raw_kept,,0.9695588348914472,0.9630112807919576,127.73822948658815,267.8896789550781,4.76831470271044,32.20063363256454,B,circle
S6_NDG_FCP39,GP_IIa_5.2mm_closed_R10_single_refY,GP_IIa_5.2mm_closed_R10_single_refY_001,2,GP_IIa_5.2mm_closed_R10_single_refY_001-raw02-18,True,0.9792081781166074,0.9850108932461874,0.08503077259013787,0.3175049108502854,False,False,GP_IIa_5.2mm_closed_R10_single_refY_001-raw02-18,True,raw_kept,,0.9792081781166074,0.9850108932461874,120.3602831819464,240.34445190429688,5.0078244880756655,50.03594174797153,A,circle
S6_NDG_FCP39,GP_IIa_5.2mm_closed_R10_single_refY,GP_IIa_5.2mm_closed_R10_single_refY_001,3,GP_IIa_5.2mm_closed_R10_single_refY_001-raw03-09,True,0.9624021337004216,0.9748148148148148,0.08503077259013787,0.3175049108502854,False,False,GP_IIa_5.2mm_closed_R10_single_refY_001-raw03-09,True,raw_kept,,0.9624021337004216,0.9748148148148148,120.71222888461976,241.86477661132807,4.990897416972863,57.94078735057219,A,circle
S6_NDG_FCP39,GP_IIa_5.2mm_closed_R10_single_refY,GP_IIa_5.2mm_closed_R10_single_refY_001,4,GP_IIa_5.2mm_closed_R10_single_refY_001-raw04-24,True,0.9702979429941888,0.9798789007918024,0.08503077259013787,0.3175049108502854,False,False,GP_IIa_5.2mm_closed_R10_single_refY_001-raw04-24,True,raw_kept,,0.9702979429941888,0.9798789007918024,116.43881636490444,229.662109375,5.070005526021675,89.30799479098852,B,circle
S6_NDG_FCP39,GP_IIa_5.2mm_closed_R10_single_refY,GP_IIa_5.2mm_closed_R10_single_refY_001,5,GP_IIa_5.2mm_closed_R10_single_refY_001-raw05-15,True,0.9628783552255854,0.9740972556571978,0.08503077259013787,0.3175049108502854,False,False,GP_IIa_5.2mm_closed_R10_single_refY_001-raw05-15,True,raw_kept,,0.9628783552255854,0.9740972556571978,114.95846496234094,224.7654724121093,5.114596282455848,92.95773280706996,A,circle
S6_NDG_FCP39,GP_IIa_5.2mm_closed_R10_single_refY,GP_IIa_5.2mm_closed_R10_single_refY_004,1,GP_IIa_5.2mm_closed_R10_single_refY_004-raw01-13,True,0.7701778385772914,0.7758520167488206,0.08503077259013787,0.3175049108502854,False,False,GP_IIa_5.2mm_closed_R10_single_refY_004-raw01-13,True,raw_kept,,0.7701778385772914,0.7758520167488206,185.8727111816409,354.732421875,5.2398004726824245,30.81253129789446,B,ellipse
S6_NDG_FCP39,GP_IIa_5.2mm_closed_R10_single_refY,GP_IIa_5.2mm_closed_R10_single_refY_004,2,GP_IIa_5.2mm_closed_R10_single_refY_004-raw02-03,True,0.8329286061194755,0.8256107834877844,0.08503077259013787,0.3175049108502854,False,False,GP_IIa_5.2mm_closed_R10_single_refY_004-raw02-03,True,raw_kept,,0.8329286061194755,0.8256107834877844,165.46694946289088,315.4718017578125,5.245063062400725,29.571792534679844,A,ellipse
S6_NDG_FCP39,GP_IIa_5.2mm_closed_R10_single_refY,GP_IIa_5.2mm_closed_R10_single_refY_004,3,GP_IIa_5.2mm_closed_R10_single_refY_004-raw03-23,True,0.8020431328036323,0.8062528525787311,0.08503077259013787,0.3175049108502854,False,False,GP_IIa_5.2mm_closed_R10_single_refY_004-raw03-23,True,raw_kept,,0.8020431328036323,0.8062528525787311,149.2817382812501,278.7842102050781,5.354741510340057,24.16636567878253,A,ellipse
S6_NDG_FCP39,GP_IIa_5.2mm_closed_R10_single_refY,GP_IIa_5.2mm_closed_R10_single_refY_004,4,GP_IIa_5.2mm_closed_R10_single_refY_004-raw04-07,True,0.824382056759231,0.8296353166986564,0.08503077259013787,0.3175049108502854,False,False,GP_IIa_5.2mm_closed_R10_single_refY_004-raw04-07,True,raw_kept,,0.824382056759231,0.8296353166986564,146.22888183593756,270.70635986328125,5.401752729776632,25.019052464236747,A,ellipse
S6_NDG_FCP39,GP_IIa_5.2mm_closed_R10_single_refY,GP_IIa_5.2mm_closed_R10_single_refY_004,5,GP_IIa_5.2mm_closed_R10_single_refY_004-raw05-09,True,0.8097316168448614,0.806914546640574,0.08503077259013787,0.3175049108502854,False,False,GP_IIa_5.2mm_closed_R10_single_refY_004-raw05-09,True,raw_kept,,0.8097316168448614,0.806914546640574,177.87922668457043,321.58551025390625,5.53131969609348,14.333585465484193,A,ellipse
S6_NDG_FCP39,GP_IIa_9.5mm_closed_R10_single_refY,GP_IIa_9.5mm_closed_R10_single_refY_004,1,GP_IIa_9.5mm_closed_R10_single_refY_004-raw01-07,False,,,0.08503077259013787,0.3175049108502854,False,False,GP_IIa_9.5mm_closed_R10_single_refY_004-raw01-07,False,raw_invalid,,,,,271.9020080566406,,32.94807059393992,none,none
S6_NDG_FCP39,GP_IIa_9.5mm_closed_R10_single_refY,GP_IIa_9.5mm_closed_R10_single_refY_004,2,GP_IIa_9.5mm_closed_R10_single_refY_004-raw02-03,False,,,0.08503077259013787,0.3175049108502854,False,False,GP_IIa_9.5mm_closed_R10_single_refY_004-raw02-03,False,raw_invalid,,,,,254.45106506347656,,23.51716238309012,none,none
S6_NDG_FCP39,GP_IIa_9.5mm_closed_R10_single_refY,GP_IIa_9.5mm_closed_R10_single_refY_004,3,GP_IIa_9.5mm_closed_R10_single_refY_004-raw03-16,False,,,0.08503077259013787,0.3175049108502854,False,False,GP_IIa_9.5mm_closed_R10_single_refY_004-raw03-16,False,raw_invalid,,,,,313.1588134765625,,18.199359633603507,none,none
S6_NDG_FCP39,GP_IIa_9.5mm_closed_R10_single_refY,GP_IIa_9.5mm_closed_R10_single_refY_004,4,GP_IIa_9.5mm_closed_R10_single_refY_004-raw04-16,False,,,0.08503077259013787,0.3175049108502854,False,False,GP_IIa_9.5mm_closed_R10_single_refY_004-raw04-16,False,raw_invalid,,,,,268.1309814453125,,18.39777096591056,none,none
S6_NDG_FCP39,GP_IIa_9.5mm_closed_R10_single_refY,GP_IIa_9.5mm_closed_R10_single_refY_004,5,GP_IIa_9.5mm_closed_R10_single_refY_004-raw05-19,False,,,0.08503077259013787,0.3175049108502854,False,False,GP_IIa_9.5mm_closed_R10_single_refY_004-raw05-19,False,raw_invalid,,,,,296.9621887207031,,19.300745440531365,none,none
S6_NDG_FCP39,GP_IIa_9.5mm_closed_R10_single_refY,GP_IIa_9.5mm_closed_R10_single_refY_005,1,GP_IIa_9.5mm_closed_R10_single_refY_005-raw01-03,False,,,0.08503077259013787,0.3175049108502854,False,False,GP_IIa_9.5mm_closed_R10_single_refY_005-raw01-03,False,raw_invalid,,,,,233.60401916503903,,49.401531570429896,none,none
S6_NDG_FCP39,GP_IIa_9.5mm_closed_R10_single_refY,GP_IIa_9.5mm_closed_R10_single_refY_005,2,GP_IIa_9.5mm_closed_R10_single_refY_005-raw02-09,False,,,0.08503077259013787,0.3175049108502854,False,False,GP_IIa_9.5mm_closed_R10_single_refY_005-raw02-09,False,raw_invalid,,,,,239.5057678222656,,31.081090952437588,none,none
S6_NDG_FCP39,GP_IIa_9.5mm_closed_R10_single_refY,GP_IIa_9.5mm_closed_R10_single_refY_005,3,GP_IIa_9.5mm_closed_R10_single_refY_005-raw03-20,False,,,0.08503077259013787,0.3175049108502854,False,False,GP_IIa_9.5mm_closed_R10_single_refY_005-raw03-20,False,raw_invalid,,,,,255.09405517578125,,35.1073068169064,none,none
S6_NDG_FCP39,GP_IIa_9.5mm_closed_R10_single_refY,GP_IIa_9.5mm_closed_R10_single_refY_005,4,GP_IIa_9.5mm_closed_R10_single_refY_005-raw04-11,False,,,0.08503077259013787,0.3175049108502854,False,False,GP_IIa_9.5mm_closed_R10_single_refY_005-raw04-11,False,raw_invalid,,,,,257.9886474609375,,30.49840378508273,none,none
S6_NDG_FCP39,GP_IIa_9.5mm_closed_R10_single_refY,GP_IIa_9.5mm_closed_R10_single_refY_005,5,GP_IIa_9.5mm_closed_R10_single_refY_005-raw05-19,False,,,0.08503077259013787,0.3175049108502854,False,False,GP_IIa_9.5mm_closed_R10_single_refY_005-raw05-19,False,raw_invalid,,,,,286.2943725585937,,25.103631726299103,none,none
S6_NDG_FCP39,GP_IIa_9.5mm_closed_R5_single_refY,GP_IIa_9.5mm_closed_R5_single_refY_004,1,GP_IIa_9.5mm_closed_R5_single_refY_004-raw01-08,True,0.6637595980661674,0.6879927911691822,0.08503077259013787,0.3175049108502854,False,False,GP_IIa_9.5mm_closed_R5_single_refY_004-raw01-08,True,raw_kept,,0.6637595980661674,0.6879927911691822,260.3958129882818,130.47543334960938,9.97872957013102,10.11657966512044,A,ellipse
S6_NDG_FCP39,GP_IIa_9.5mm_closed_R5_single_refY,GP_IIa_9.5mm_closed_R5_single_refY_004,2,GP_IIa_9.5mm_closed_R5_single_refY_004-raw02-24,True,0.7744368218751521,0.7786199095022625,0.08503077259013787,0.3175049108502854,False,False,GP_IIa_9.5mm_closed_R5_single_refY_004-raw02-24,True,raw_kept,,0.7744368218751521,0.7786199095022625,239.0985107421875,126.85842895507812,9.42383224794841,9.871791993501446,A,ellipse
S6_NDG_FCP39,GP_IIa_9.5mm_closed_R5_single_refY,GP_IIa_9.5mm_closed_R5_single_refY_004,3,GP_IIa_9.5mm_closed_R5_single_refY_004-raw03-20,True,0.9888288618258402,0.2804023959453233,0.08503077259013787,0.3175049108502854,False,True,GP_IIa_9.5mm_closed_R5_single_refY_004-raw03-20,True,raw_kept,,0.9888288618258402,0.2804023959453233,333.67739929641,132.9623260498047,12.5478174611439,10.724727612331764,B,circle
S6_NDG_FCP39,GP_IIa_9.5mm_closed_R5_single_refY,GP_IIa_9.5mm_closed_R5_single_refY_004,4,GP_IIa_9.5mm_closed_R5_single_refY_004-raw04-01,True,0.7507347289415381,0.7337224728044575,0.08503077259013787,0.3175049108502854,False,False,GP_IIa_9.5mm_closed_R5_single_refY_004-raw04-01,True,raw_kept,,0.7507347289415381,0.7337224728044575,261.5211486816412,133.93927001953125,9.762676347403758,10.223561885549993,A,ellipse
S6_NDG_FCP39,GP_IIa_9.5mm_closed_R5_single_refY,GP_IIa_9.5mm_closed_R5_single_refY_004,5,GP_IIa_9.5mm_closed_R5_single_refY_004-raw05-03,True,0.9840289608177172,0.3765129365902732,0.08503077259013787,0.3175049108502854,False,False,GP_IIa_9.5mm_closed_R5_single_refY_004-raw05-03,True,raw_kept,,0.9840289608177172,0.3765129365902732,344.6555763901661,153.119384765625,11.254472349066686,8.73162526579963,A,circle
S6_NDG_FCP39,GP_IIa_9.5mm_closed_R5_single_refY,GP_IIa_9.5mm_closed_R5_single_refY_005,1,GP_IIa_9.5mm_closed_R5_single_refY_005-raw01-16,True,0.7729353423612436,0.4378611756891398,0.08503077259013787,0.3175049108502854,False,False,GP_IIa_9.5mm_closed_R5_single_refY_005-raw01-16,True,raw_kept,,0.7729353423612436,0.4378611756891398,222.799819946289,98.5361099243164,11.305490957447835,25.17994004651175,A,ellipse
S6_NDG_FCP39,GP_IIa_9.5mm_closed_R5_single_refY,GP_IIa_9.5mm_closed_R5_single_refY_005,2,GP_IIa_9.5mm_closed_R5_single_refY_005-raw02-07,True,0.7492492492492493,0.3241115316020705,0.08503077259013787,0.3175049108502854,False,False,GP_IIa_9.5mm_closed_R5_single_refY_005-raw02-07,True,raw_kept,,0.7492492492492493,0.3241115316020705,257.5806884765628,102.45785522460938,12.570080054471712,32.407035183207185,B,ellipse
S6_NDG_FCP39,GP_IIa_9.5mm_closed_R5_single_refY,GP_IIa_9.5mm_closed_R5_single_refY_005,3,GP_IIa_9.5mm_closed_R5_single_refY_005-raw03-12,True,0.9907565287624518,0.6618388816832397,0.08503077259013787,0.3175049108502854,False,False,GP_IIa_9.5mm_closed_R5_single_refY_005-raw03-12,True,raw_kept,,0.9907565287624518,0.6618388816832397,190.0133072413741,104.44189453125,9.096603814694316,35.06480576445851,B,circle
S6_NDG_FCP39,GP_IIa_9.5mm_closed_R5_single_refY,GP_IIa_9.5mm_closed_R5_single_refY_005,4,GP_IIa_9.5mm_closed_R5_single_refY_005-raw04-09,True,0.9895099026518966,0.9540849428557168,0.08503077259013787,0.3175049108502854,False,False,GP_IIa_9.5mm_closed_R5_single_refY_005-raw04-09,True,raw_kept,,0.9895099026518966,0.9540849428557168,245.013718204938,144.76229858398438,8.462621849804073,12.946877868641751,A,circle
S6_NDG_FCP39,GP_IIa_9.5mm_closed_R5_single_refY,GP_IIa_9.5mm_closed_R5_single_refY_005,5,GP_IIa_9.5mm_closed_R5_single_refY_005-raw05-11,True,0.872798985772644,0.5425574389314363,0.08503077259013787,0.3175049108502854,False,False,GP_IIa_9.5mm_closed_R5_single_refY_005-raw05-11,True,raw_kept,,0.872798985772644,0.5425574389314363,283.2573242187506,142.02061462402344,9.972401716772874,11.051002359347873,A,ellipse
S6_NDG_FCP39,GP_Ip_10.3mm_closed_R5_single_refY,GP_Ip_10.3mm_closed_R5_single_refY_004,1,GP_Ip_10.3mm_closed_R5_single_refY_004-raw01-05,True,0.9459126210018772,0.9884267915838368,0.08503077259013787,0.3175049108502854,False,False,GP_Ip_10.3mm_closed_R5_single_refY_004-raw01-05,True,raw_kept,,0.9459126210018772,0.9884267915838368,271.27506993730105,89.2156982421875,15.20332605596438,23.44101887002521,A,circle
S6_NDG_FCP39,GP_Ip_10.3mm_closed_R5_single_refY,GP_Ip_10.3mm_closed_R5_single_refY_004,2,GP_Ip_10.3mm_closed_R5_single_refY_004-raw02-19,True,0.9422728338984496,0.9871892003581514,0.08503077259013787,0.3175049108502854,False,False,GP_Ip_10.3mm_closed_R5_single_refY_004-raw02-19,True,raw_kept,,0.9422728338984496,0.9871892003581514,253.35496233211515,91.35826110839844,13.866012731541815,19.42275818532308,B,circle
S6_NDG_FCP39,GP_Ip_10.3mm_closed_R5_single_refY,GP_Ip_10.3mm_closed_R5_single_refY_004,3,GP_Ip_10.3mm_closed_R5_single_refY_004-raw03-24,True,0.933109465415405,0.9947853064457572,0.08503077259013787,0.3175049108502854,False,False,GP_Ip_10.3mm_closed_R5_single_refY_004-raw03-24,True,raw_kept,,0.933109465415405,0.9947853064457572,212.73640861742413,76.6474838256836,13.877585929711804,20.736016685993285,B,circle
S6_NDG_FCP39,GP_Ip_10.3mm_closed_R5_single_refY,GP_Ip_10.3mm_closed_R5_single_refY_004,4,GP_Ip_10.3mm_closed_R5_single_refY_004-raw04-15,True,0.937924991237294,0.9945078158005914,0.08503077259013787,0.3175049108502854,False,False,GP_Ip_10.3mm_closed_R5_single_refY_004-raw04-15,True,raw_kept,,0.937924991237294,0.9945078158005914,195.77729671790613,67.44853210449219,14.51308802499995,32.20617726906552,A,circle
S6_NDG_FCP39,GP_Ip_10.3mm_closed_R5_single_refY,GP_Ip_10.3mm_closed_R5_single_refY_004,5,GP_Ip_10.3mm_closed_R5_single_refY_004-raw05-07,True,0.9349372316365664,0.9895422963971062,0.08503077259013787,0.3175049108502854,False,False,GP_Ip_10.3mm_closed_R5_single_refY_004-raw05-07,True,raw_kept,,0.9349372316365664,0.9895422963971062,203.55848613562355,66.78132629394531,15.24067410997788,33.23021701139757,B,circle
S6_NDG_FCP39,GP_Ip_10.3mm_closed_R5_single_refY,GP_Ip_10.3mm_closed_R5_single_refY_005,1,GP_Ip_10.3mm_closed_R5_single_refY_005-raw01-05,True,0.979385473404394,0.9940234013300036,0.08503077259013787,0.3175049108502854,False,False,GP_Ip_10.3mm_closed_R5_single_refY_005-raw01-05,True,raw_kept,,0.979385473404394,0.9940234013300036,244.57614690091452,121.26893615722656,10.08403943545026,53.1042990342882,B,circle
S6_NDG_FCP39,GP_Ip_10.3mm_closed_R5_single_refY,GP_Ip_10.3mm_closed_R5_single_refY_005,2,GP_Ip_10.3mm_closed_R5_single_refY_005-raw02-02,True,0.9769807609564202,0.9808658678005412,0.08503077259013787,0.3175049108502854,False,False,GP_Ip_10.3mm_closed_R5_single_refY_005-raw02-02,True,raw_kept,,0.9769807609564202,0.9808658678005412,223.35701169791577,105.57347869873048,10.578272803499148,39.3236759485127,A,circle
S6_NDG_FCP39,GP_Ip_10.3mm_closed_R5_single_refY,GP_Ip_10.3mm_closed_R5_single_refY_005,3,GP_Ip_10.3mm_closed_R5_single_refY_005-raw03-07,True,0.9305245766212308,0.9949175232001451,0.08503077259013787,0.3175049108502854,False,False,GP_Ip_10.3mm_closed_R5_single_refY_005-raw03-07,True,raw_kept,,0.9305245766212308,0.9949175232001451,255.5652355179226,113.38224792480467,11.270072705182807,16.267752704355445,A,circle
S6_NDG_FCP39,GP_Ip_10.3mm_closed_R5_single_refY,GP_Ip_10.3mm_closed_R5_single_refY_005,4,GP_Ip_10.3mm_closed_R5_single_refY_005-raw04-24,True,0.9909015950641152,0.9810694566398286,0.08503077259013787,0.3175049108502854,False,False,GP_Ip_10.3mm_closed_R5_single_refY_005-raw04-24,True,raw_kept,,0.9909015950641152,0.9810694566398286,337.733374466764,174.07135009765625,9.701004050272797,16.396148640327695,B,circle
S6_NDG_FCP39,GP_Ip_10.3mm_closed_R5_single_refY,GP_Ip_10.3mm_closed_R5_single_refY_005,5,GP_Ip_10.3mm_closed_R5_single_refY_005-raw05-22,True,0.9919384083238026,0.9882029157988694,0.08503077259013787,0.3175049108502854,False,False,GP_Ip_10.3mm_closed_R5_single_refY_005-raw05-22,True,raw_kept,,0.9919384083238026,0.9882029157988694,338.3406892867416,177.4269561767578,9.534647287463946,21.690962395928217,B,circle
S6_NDG_FCP39,GP_Ip_12.0mm_closed_R10_single_refY,GP_Ip_12.0mm_closed_R10_single_refY_004,1,GP_Ip_12.0mm_closed_R10_single_refY_004-raw01-01,False,,,0.08503077259013787,0.3175049108502854,False,False,GP_Ip_12.0mm_closed_R10_single_refY_004-raw01-01,False,raw_invalid,,,,,,,17.876395051969133,,
S6_NDG_FCP39,GP_Ip_12.0mm_closed_R10_single_refY,GP_Ip_12.0mm_closed_R10_single_refY_004,2,GP_Ip_12.0mm_closed_R10_single_refY_004-raw02-21,True,0.8829749890302765,0.9963601866372384,0.08503077259013787,0.3175049108502854,False,False,GP_Ip_12.0mm_closed_R10_single_refY_004-raw02-21,True,raw_kept,,0.8829749890302765,0.9963601866372384,304.3153758553154,295.98748779296875,10.28135946301119,26.020224596884223,A,circle
S6_NDG_FCP39,GP_Ip_12.0mm_closed_R10_single_refY,GP_Ip_12.0mm_closed_R10_single_refY_004,3,GP_Ip_12.0mm_closed_R10_single_refY_004-raw03-15,True,0.907080551267506,0.9963858305409288,0.08503077259013787,0.3175049108502854,False,False,GP_Ip_12.0mm_closed_R10_single_refY_004-raw03-15,True,raw_kept,,0.907080551267506,0.9963858305409288,276.3303304316105,249.7813873291016,11.06288716650969,37.36072076982925,A,circle
S6_NDG_FCP39,GP_Ip_12.0mm_closed_R10_single_refY,GP_Ip_12.0mm_closed_R10_single_refY_004,4,GP_Ip_12.0mm_closed_R10_single_refY_004-raw04-20,True,0.9263016980201508,0.9837058746336556,0.08503077259013787,0.3175049108502854,False,False,GP_Ip_12.0mm_closed_R10_single_refY_004-raw04-20,True,raw_kept,,0.9263016980201508,0.9837058746336556,299.73006839083314,252.76974487304688,11.857830079362213,46.07975129012,B,circle
S6_NDG_FCP39,GP_Ip_12.0mm_closed_R10_single_refY,GP_Ip_12.0mm_closed_R10_single_refY_004,5,GP_Ip_12.0mm_closed_R10_single_refY_004-raw05-15,True,0.9625586594429116,0.8152695994694427,0.08503077259013787,0.3175049108502854,False,False,GP_Ip_12.0mm_closed_R10_single_refY_004-raw05-15,True,raw_kept,,0.9625586594429116,0.8152695994694427,317.12099953636897,237.3516998291016,13.360805916481851,48.53684343328476,A,circle
S6_NDG_FCP39,GP_Ip_12.0mm_closed_R10_single_refY,GP_Ip_12.0mm_closed_R10_single_refY_005,1,GP_Ip_12.0mm_closed_R10_single_refY_005-raw01-11,True,0.110923955466086,0.9443780698260984,0.08503077259013787,0.3175049108502854,True,False,GP_Ip_12.0mm_closed_R10_single_refY_005-raw01-11,True,raw_kept,,0.110923955466086,0.9443780698260984,120.89037322998064,291.96649169921875,4.140556422293852,47.27358393774973,B,ellipse
S6_NDG_FCP39,GP_Ip_12.0mm_closed_R10_single_refY,GP_Ip_12.0mm_closed_R10_single_refY_005,2,GP_Ip_12.0mm_closed_R10_single_refY_005-raw02-16,True,0.079369756638702,0.9048525214081828,0.08503077259013787,0.3175049108502854,True,True,GP_Ip_12.0mm_closed_R10_single_refY_005-raw02-09,True,retry,7.0,0.0927926273436065,0.9853160246861036,97.44265276842305,270.5061950683594,3.602233684289493,53.52779359095891,B,circle
S6_NDG_FCP39,GP_Ip_12.0mm_closed_R10_single_refY,GP_Ip_12.0mm_closed_R10_single_refY_005,3,GP_Ip_12.0mm_closed_R10_single_refY_005-raw03-24,True,0.0615487081039785,0.8631166285527605,0.08503077259013787,0.3175049108502854,True,True,GP_Ip_12.0mm_closed_R10_single_refY_005-raw03-23,True,retry,2.0,0.314474965906877,0.671252119157181,275.96206665039125,253.1969146728516,10.899108585385145,64.46177491825128,A,ellipse
S6_NDG_FCP39,GP_Ip_12.0mm_closed_R10_single_refY,GP_Ip_12.0mm_closed_R10_single_refY_005,4,GP_Ip_12.0mm_closed_R10_single_refY_005-raw04-02,True,0.2659147125754427,0.6502027065608406,0.08503077259013787,0.3175049108502854,True,False,GP_Ip_12.0mm_closed_R10_single_refY_005-raw04-02,True,raw_kept,,0.2659147125754427,0.6502027065608406,262.8321533203129,251.7867584228516,10.438680531361037,71.5027294072987,A,ellipse
S6_NDG_FCP39,GP_Ip_12.0mm_closed_R10_single_refY,GP_Ip_12.0mm_closed_R10_single_refY_005,5,GP_Ip_12.0mm_closed_R10_single_refY_005-raw05-07,True,0.0392015068447075,0.7948609941027801,0.08503077259013787,0.3175049108502854,True,True,GP_Ip_12.0mm_closed_R10_single_refY_005-raw05-05,True,retry,4.0,0.9983993260320136,0.4268212124681821,455.1146335940205,273.9764404296875,16.611451440140144,68.3349145417202,A,circle
S6_NDG_FCP39,GP_Ip_12.0mm_closed_R5_single_refY,GP_Ip_12.0mm_closed_R5_single_refY_004,1,GP_Ip_12.0mm_closed_R5_single_refY_004-raw01-15,True,0.8959668365143795,0.997252528470176,0.08503077259013787,0.3175049108502854,False,False,GP_Ip_12.0mm_closed_R5_single_refY_004-raw01-15,True,raw_kept,,0.8959668365143795,0.997252528470176,272.9891207009265,121.74609375,11.21141189390014,37.64553531942369,B,circle
S6_NDG_FCP39,GP_Ip_12.0mm_closed_R5_single_refY,GP_Ip_12.0mm_closed_R5_single_refY_004,2,GP_Ip_12.0mm_closed_R5_single_refY_004-raw02-22,True,0.9161940887069516,0.9953388387536184,0.08503077259013787,0.3175049108502854,False,False,GP_Ip_12.0mm_closed_R5_single_refY_004-raw02-22,True,raw_kept,,0.9161940887069516,0.9953388387536184,266.61637649380435,117.15496826171876,11.378790863490966,42.75125615426053,B,circle
S6_NDG_FCP39,GP_Ip_12.0mm_closed_R5_single_refY,GP_Ip_12.0mm_closed_R5_single_refY_004,3,GP_Ip_12.0mm_closed_R5_single_refY_004-raw03-12,True,0.9280723836625988,0.9897281089185136,0.08503077259013787,0.3175049108502854,False,False,GP_Ip_12.0mm_closed_R5_single_refY_004-raw03-12,True,raw_kept,,0.9280723836625988,0.9897281089185136,271.56732204662427,119.97825622558594,11.317355768866012,50.53032309502026,A,circle
S6_NDG_FCP39,GP_Ip_12.0mm_closed_R5_single_refY,GP_Ip_12.0mm_closed_R5_single_refY_004,4,GP_Ip_12.0mm_closed_R5_single_refY_004-raw04-23,True,0.9645972911746276,0.979304237824162,0.08503077259013787,0.3175049108502854,False,False,GP_Ip_12.0mm_closed_R5_single_refY_004-raw04-23,True,raw_kept,,0.9645972911746276,0.979304237824162,241.7554023107841,103.37979888916016,11.692584281866552,61.78719075407687,A,circle
S6_NDG_FCP39,GP_Ip_12.0mm_closed_R5_single_refY,GP_Ip_12.0mm_closed_R5_single_refY_004,5,GP_Ip_12.0mm_closed_R5_single_refY_004-raw05-02,True,0.9566931026195626,0.9730194017784964,0.08503077259013787,0.3175049108502854,False,False,GP_Ip_12.0mm_closed_R5_single_refY_004-raw05-02,True,raw_kept,,0.9566931026195626,0.9730194017784964,241.46448087324288,102.74778747558594,11.750349414123274,61.30417312112972,A,circle
S6_NDG_FCP39,GP_Ip_12.0mm_closed_R5_single_refY,GP_Ip_12.0mm_closed_R5_single_refY_005,1,GP_Ip_12.0mm_closed_R5_single_refY_005-raw01-22,True,0.9687887044835274,0.9933501490483834,0.08503077259013787,0.3175049108502854,False,False,GP_Ip_12.0mm_closed_R5_single_refY_005-raw01-22,True,raw_kept,,0.9687887044835274,0.9933501490483834,340.14414728771925,168.29150390625,10.10580271114584,58.924686149285165,A,circle
S6_NDG_FCP39,GP_Ip_12.0mm_closed_R5_single_refY,GP_Ip_12.0mm_closed_R5_single_refY_005,2,GP_Ip_12.0mm_closed_R5_single_refY_005-raw02-19,True,0.9770504360122556,0.9952752837265184,0.08503077259013787,0.3175049108502854,False,False,GP_Ip_12.0mm_closed_R5_single_refY_005-raw02-19,True,raw_kept,,0.9770504360122556,0.9952752837265184,328.01584276252663,162.05836486816406,10.120299653441831,75.15026536726658,B,circle
S6_NDG_FCP39,GP_Ip_12.0mm_closed_R5_single_refY,GP_Ip_12.0mm_closed_R5_single_refY_005,3,GP_Ip_12.0mm_closed_R5_single_refY_005-raw03-17,True,0.9746554337481054,0.9872117768796737,0.08503077259013787,0.3175049108502854,False,False,GP_Ip_12.0mm_closed_R5_single_refY_005-raw03-17,True,raw_kept,,0.9746554337481054,0.9872117768796737,305.1760155018362,147.90380859375,10.316705783421307,89.5195318099964,A,circle
S6_NDG_FCP39,GP_Ip_12.0mm_closed_R5_single_refY,GP_Ip_12.0mm_closed_R5_single_refY_005,4,GP_Ip_12.0mm_closed_R5_single_refY_005-raw04-06,True,0.9622540796095777,0.9922280345895164,0.08503077259013787,0.3175049108502854,False,False,GP_Ip_12.0mm_closed_R5_single_refY_005-raw04-06,True,raw_kept,,0.9622540796095777,0.9922280345895164,294.57142182242336,143.82125854492188,10.240885972028089,93.0225888721784,B,circle
S6_NDG_FCP39,GP_Ip_12.0mm_closed_R5_single_refY,GP_Ip_12.0mm_closed_R5_single_refY_005,5,GP_Ip_12.0mm_closed_R5_single_refY_005-raw05-24,True,0.9929710005761476,0.9873220686123912,0.08503077259013787,0.3175049108502854,False,False,GP_Ip_12.0mm_closed_R5_single_refY_005-raw05-24,True,raw_kept,,0.9929710005761476,0.9873220686123912,289.743062862911,137.9694061279297,10.500264913594366,95.44535944364571,A,circle
S6_NDG_FCP39,GP_Ip_2.9mm_closed_R10_single_refY,GP_Ip_2.9mm_closed_R10_single_refY_004,1,GP_Ip_2.9mm_closed_R10_single_refY_004-raw01-06,True,0.9668830088201033,0.9782791715777068,0.08503077259013787,0.3175049108502854,False,False,GP_Ip_2.9mm_closed_R10_single_refY_004-raw01-06,True,raw_kept,,0.9668830088201033,0.9782791715777068,86.60584256621597,278.9648742675781,3.1045429211688136,16.349388015064186,A,circle
S6_NDG_FCP39,GP_Ip_2.9mm_closed_R10_single_refY,GP_Ip_2.9mm_closed_R10_single_refY_004,2,GP_Ip_2.9mm_closed_R10_single_refY_004-raw02-24,True,0.9094710947109472,0.8906287641532161,0.08503077259013787,0.3175049108502854,False,False,GP_Ip_2.9mm_closed_R10_single_refY_004-raw02-24,True,raw_kept,,0.9094710947109472,0.8906287641532161,77.13466644287124,235.8119201660156,3.2710249078404083,21.066217362085983,A,ellipse
S6_NDG_FCP39,GP_Ip_2.9mm_closed_R10_single_refY,GP_Ip_2.9mm_closed_R10_single_refY_004,3,GP_Ip_2.9mm_closed_R10_single_refY_004-raw03-02,True,0.957099849473156,0.9641142279504676,0.08503077259013787,0.3175049108502854,False,False,GP_Ip_2.9mm_closed_R10_single_refY_004-raw03-02,True,raw_kept,,0.957099849473156,0.9641142279504676,70.27024584054544,237.1334381103516,2.9633208374368825,22.200853841559084,B,circle
S6_NDG_FCP39,GP_Ip_2.9mm_closed_R10_single_refY,GP_Ip_2.9mm_closed_R10_single_refY_004,4,GP_Ip_2.9mm_closed_R10_single_refY_004-raw04-02,True,0.9649457493740312,0.9728332732299556,0.08503077259013787,0.3175049108502854,False,False,GP_Ip_2.9mm_closed_R10_single_refY_004-raw04-02,True,raw_kept,,0.9649457493740312,0.9728332732299556,102.52708751577528,337.1045227050781,3.041403499812219,11.591217219976732,A,circle
S6_NDG_FCP39,GP_Ip_2.9mm_closed_R10_single_refY,GP_Ip_2.9mm_closed_R10_single_refY_004,5,GP_Ip_2.9mm_closed_R10_single_refY_004-raw05-21,True,0.971898687372897,0.9794131346064276,0.08503077259013787,0.3175049108502854,False,False,GP_Ip_2.9mm_closed_R10_single_refY_004-raw05-21,True,raw_kept,,0.971898687372897,0.9794131346064276,116.569601969157,379.84228515625,3.068894815678699,13.086373779945609,A,circle
S6_NDG_FCP39,GP_Ip_2.9mm_closed_R10_single_refY,GP_Ip_2.9mm_closed_R10_single_refY_005,1,GP_Ip_2.9mm_closed_R10_single_refY_005-raw01-02,True,0.9874272846687934,0.9710278649197268,0.08503077259013787,0.3175049108502854,False,False,GP_Ip_2.9mm_closed_R10_single_refY_005-raw01-02,True,raw_kept,,0.9874272846687934,0.9710278649197268,81.57929700824155,274.6623840332031,2.970166347874544,20.501131528547056,A,circle
S6_NDG_FCP39,GP_Ip_2.9mm_closed_R10_single_refY,GP_Ip_2.9mm_closed_R10_single_refY_005,2,GP_Ip_2.9mm_closed_R10_single_refY_005-raw02-05,True,0.9747814391392065,0.9762586293988889,0.08503077259013787,0.3175049108502854,False,False,GP_Ip_2.9mm_closed_R10_single_refY_005-raw02-05,True,raw_kept,,0.9747814391392065,0.9762586293988889,86.16812232699436,277.0986022949219,3.1096556104344284,17.64127700842282,B,circle
S6_NDG_FCP39,GP_Ip_2.9mm_closed_R10_single_refY,GP_Ip_2.9mm_closed_R10_single_refY_005,3,GP_Ip_2.9mm_closed_R10_single_refY_005-raw03-06,True,0.9876617514294312,0.967428150331614,0.08503077259013787,0.3175049108502854,False,False,GP_Ip_2.9mm_closed_R10_single_refY_005-raw03-06,True,raw_kept,,0.9876617514294312,0.967428150331614,91.17108806735078,295.38629150390625,3.08650369667358,13.589136684360032,B,circle
S6_NDG_FCP39,GP_Ip_2.9mm_closed_R10_single_refY,GP_Ip_2.9mm_closed_R10_single_refY_005,4,GP_Ip_2.9mm_closed_R10_single_refY_005-raw04-23,True,0.9871125611745514,0.9754957278736096,0.08503077259013787,0.3175049108502854,False,False,GP_Ip_2.9mm_closed_R10_single_refY_005-raw04-23,True,raw_kept,,0.9871125611745514,0.9754957278736096,87.45235514492393,288.84649658203125,3.027641192805247,14.238406134480606,B,circle
S6_NDG_FCP39,GP_Ip_2.9mm_closed_R10_single_refY,GP_Ip_2.9mm_closed_R10_single_refY_005,5,GP_Ip_2.9mm_closed_R10_single_refY_005-raw05-24,True,0.9893489348934892,0.971997052321297,0.08503077259013787,0.3175049108502854,False,False,GP_Ip_2.9mm_closed_R10_single_refY_005-raw05-24,True,raw_kept,,0.9893489348934892,0.971997052321297,91.28289444770888,299.7926940917969,3.044867211465724,20.234794911691885,A,circle
S6_NDG_FCP39,GP_Ip_2.9mm_closed_R5_single_refY,GP_Ip_2.9mm_closed_R5_single_refY_004,1,GP_Ip_2.9mm_closed_R5_single_refY_004-raw01-24,False,,,0.08503077259013787,0.3175049108502854,False,False,GP_Ip_2.9mm_closed_R5_single_refY_004-raw01-24,False,raw_invalid,,,,,,,16.24986219057506,,
S6_NDG_FCP39,GP_Ip_2.9mm_closed_R5_single_refY,GP_Ip_2.9mm_closed_R5_single_refY_004,2,GP_Ip_2.9mm_closed_R5_single_refY_004-raw02-10,True,0.3467202141900937,0.9045387994143484,0.08503077259013787,0.3175049108502854,False,False,GP_Ip_2.9mm_closed_R5_single_refY_004-raw02-10,True,raw_kept,,0.3467202141900937,0.9045387994143484,76.78722381591814,142.42886352539062,2.6956342245274323,14.315435053242576,A,ellipse
S6_NDG_FCP39,GP_Ip_2.9mm_closed_R5_single_refY,GP_Ip_2.9mm_closed_R5_single_refY_004,3,GP_Ip_2.9mm_closed_R5_single_refY_004-raw03-06,False,,,0.08503077259013787,0.3175049108502854,False,False,GP_Ip_2.9mm_closed_R5_single_refY_004-raw03-06,False,raw_invalid,,,,,157.84503173828125,,11.725422085391145,none,none
S6_NDG_FCP39,GP_Ip_2.9mm_closed_R5_single_refY,GP_Ip_2.9mm_closed_R5_single_refY_004,4,GP_Ip_2.9mm_closed_R5_single_refY_004-raw04-12,False,,,0.08503077259013787,0.3175049108502854,False,False,GP_Ip_2.9mm_closed_R5_single_refY_004-raw04-12,False,raw_invalid,,,,,160.1263427734375,,10.87784181488414,none,none
S6_NDG_FCP39,GP_Ip_2.9mm_closed_R5_single_refY,GP_Ip_2.9mm_closed_R5_single_refY_004,5,GP_Ip_2.9mm_closed_R5_single_refY_004-raw05-23,True,0.1905267347751094,0.8017492711370262,0.08503077259013787,0.3175049108502854,False,False,GP_Ip_2.9mm_closed_R5_single_refY_004-raw05-23,True,raw_kept,,0.1905267347751094,0.8017492711370262,69.94005584716804,140.54388427734375,2.488192787853758,8.77762361954583,A,ellipse
S6_NDG_FCP39,GP_Ip_2.9mm_closed_R5_single_refY,GP_Ip_2.9mm_closed_R5_single_refY_005,1,GP_Ip_2.9mm_closed_R5_single_refY_005-raw01-19,False,,,0.08503077259013787,0.3175049108502854,False,False,GP_Ip_2.9mm_closed_R5_single_refY_005-raw01-19,False,raw_invalid,,,,,104.24262237548828,,20.86589942149292,none,none
S6_NDG_FCP39,GP_Ip_2.9mm_closed_R5_single_refY,GP_Ip_2.9mm_closed_R5_single_refY_005,2,GP_Ip_2.9mm_closed_R5_single_refY_005-raw02-09,True,0.7770713292271011,0.9885210891617724,0.08503077259013787,0.3175049108502854,False,False,GP_Ip_2.9mm_closed_R5_single_refY_005-raw02-09,True,raw_kept,,0.7770713292271011,0.9885210891617724,69.22784853564801,104.23252868652344,3.3208370461705323,31.89147442567496,A,circle
S6_NDG_FCP39,GP_Ip_2.9mm_closed_R5_single_refY,GP_Ip_2.9mm_closed_R5_single_refY_005,3,GP_Ip_2.9mm_closed_R5_single_refY_005-raw03-01,False,,,0.08503077259013787,0.3175049108502854,False,False,GP_Ip_2.9mm_closed_R5_single_refY_005-raw03-01,False,raw_invalid,,,,,107.68077087402344,,17.722869773430293,none,none
S6_NDG_FCP39,GP_Ip_2.9mm_closed_R5_single_refY,GP_Ip_2.9mm_closed_R5_single_refY_005,4,GP_Ip_2.9mm_closed_R5_single_refY_005-raw04-11,True,0.9180521164956964,0.9873856390352092,0.08503077259013787,0.3175049108502854,False,False,GP_Ip_2.9mm_closed_R5_single_refY_005-raw04-11,True,raw_kept,,0.9180521164956964,0.9873856390352092,129.94329833984395,152.77239990234375,4.252839466517088,19.82489836670557,B,ellipse
S6_NDG_FCP39,GP_Ip_2.9mm_closed_R5_single_refY,GP_Ip_2.9mm_closed_R5_single_refY_005,5,GP_Ip_2.9mm_closed_R5_single_refY_005-raw05-24,True,0.9778794813119756,0.9780244173140954,0.08503077259013787,0.3175049108502854,False,False,GP_Ip_2.9mm_closed_R5_single_refY_005-raw05-24,True,raw_kept,,0.9778794813119756,0.9780244173140954,108.80156427934384,156.6206512451172,3.473410543704907,22.76024629361071,B,circle
S6_NDG_FCP39,GP_Ip_20.0mm_closed_R10_single_refY,GP_Ip_20.0mm_closed_R10_single_refY_004,1,GP_Ip_20.0mm_closed_R10_single_refY_004-raw01-11,True,0.8777493654403231,0.9906852295941024,0.08503077259013787,0.3175049108502854,False,False,GP_Ip_20.0mm_closed_R10_single_refY_004-raw01-11,True,raw_kept,,0.8777493654403231,0.9906852295941024,363.4660523942712,195.70899963378903,18.571759759356446,48.07777225813568,B,circle
S6_NDG_FCP39,GP_Ip_20.0mm_closed_R10_single_refY,GP_Ip_20.0mm_closed_R10_single_refY_004,2,GP_Ip_20.0mm_closed_R10_single_refY_004-raw02-14,True,0.8799740974583131,0.9757390163114804,0.08503077259013787,0.3175049108502854,False,False,GP_Ip_20.0mm_closed_R10_single_refY_004-raw02-14,True,raw_kept,,0.8799740974583131,0.9757390163114804,345.11649209783474,178.5100860595703,19.33316484888513,47.497089815097375,B,circle
S6_NDG_FCP39,GP_Ip_20.0mm_closed_R10_single_refY,GP_Ip_20.0mm_closed_R10_single_refY_004,3,GP_Ip_20.0mm_closed_R10_single_refY_004-raw03-04,True,0.8927623579169971,0.9574067940953824,0.08503077259013787,0.3175049108502854,False,False,GP_Ip_20.0mm_closed_R10_single_refY_004-raw03-04,True,raw_kept,,0.8927623579169971,0.9574067940953824,349.0168544450308,180.71829223632807,19.31275744840569,45.49196721982485,B,circle
S6_NDG_FCP39,GP_Ip_20.0mm_closed_R10_single_refY,GP_Ip_20.0mm_closed_R10_single_refY_004,4,GP_Ip_20.0mm_closed_R10_single_refY_004-raw04-20,True,0.906683686343194,0.9748742044053452,0.08503077259013787,0.3175049108502854,False,False,GP_Ip_20.0mm_closed_R10_single_refY_004-raw04-20,True,raw_kept,,0.906683686343194,0.9748742044053452,416.06967797783767,223.1058959960937,18.64897725451064,45.9586196857028,A,circle
S6_NDG_FCP39,GP_Ip_20.0mm_closed_R10_single_refY,GP_Ip_20.0mm_closed_R10_single_refY_004,5,GP_Ip_20.0mm_closed_R10_single_refY_004-raw05-19,True,0.903768675507806,0.9859485900633032,0.08503077259013787,0.3175049108502854,False,False,GP_Ip_20.0mm_closed_R10_single_refY_004-raw05-19,True,raw_kept,,0.903768675507806,0.9859485900633032,393.86227179167753,209.0308990478516,18.842299085242608,46.20706153963818,A,circle
S6_NDG_FCP39,GP_Ip_20.0mm_closed_R10_single_refY,GP_Ip_20.0mm_closed_R10_single_refY_005,1,GP_Ip_20.0mm_closed_R10_single_refY_005-raw01-02,True,0.9428139564176848,0.9892679223798452,0.08503077259013787,0.3175049108502854,False,False,GP_Ip_20.0mm_closed_R10_single_refY_005-raw01-02,True,raw_kept,,0.9428139564176848,0.9892679223798452,405.1974098278935,230.8193206787109,17.554744058531742,33.068821611150106,A,circle
S6_NDG_FCP39,GP_Ip_20.0mm_closed_R10_single_refY,GP_Ip_20.0mm_closed_R10_single_refY_005,2,GP_Ip_20.0mm_closed_R10_single_refY_005-raw02-06,True,0.9210764887196622,0.9831136738056012,0.08503077259013787,0.3175049108502854,False,False,GP_Ip_20.0mm_closed_R10_single_refY_005-raw02-06,True,raw_kept,,0.9210764887196622,0.9831136738056012,393.3960538007432,222.69058227539065,17.665590065872156,33.13685175949734,B,circle
S6_NDG_FCP39,GP_Ip_20.0mm_closed_R10_single_refY,GP_Ip_20.0mm_closed_R10_single_refY_005,3,GP_Ip_20.0mm_closed_R10_single_refY_005-raw03-01,True,0.9283629395451128,0.9774830602773682,0.08503077259013787,0.3175049108502854,False,False,GP_Ip_20.0mm_closed_R10_single_refY_005-raw03-01,True,raw_kept,,0.9283629395451128,0.9774830602773682,410.03061818041294,232.6180725097656,17.626773954254944,33.57882012933683,B,circle
S6_NDG_FCP39,GP_Ip_20.0mm_closed_R10_single_refY,GP_Ip_20.0mm_closed_R10_single_refY_005,4,GP_Ip_20.0mm_closed_R10_single_refY_005-raw04-11,True,0.9715382811584008,0.9840832568105295,0.08503077259013787,0.3175049108502854,False,False,GP_Ip_20.0mm_closed_R10_single_refY_005-raw04-11,True,raw_kept,,0.9715382811584008,0.9840832568105295,443.2021488839158,258.9148864746094,17.117677354074345,34.768498215847245,B,circle
S6_NDG_FCP39,GP_Ip_20.0mm_closed_R10_single_refY,GP_Ip_20.0mm_closed_R10_single_refY_005,5,GP_Ip_20.0mm_closed_R10_single_refY_005-raw05-23,True,0.9782786430208028,0.9829376854599406,0.08503077259013787,0.3175049108502854,False,False,GP_Ip_20.0mm_closed_R10_single_refY_005-raw05-23,True,raw_kept,,0.9782786430208028,0.9829376854599406,383.1460549397341,219.2478790283203,17.47547372580252,46.05542407845274,A,circle
S6_NDG_FCP39,GP_Ip_4.0mm_closed_R10_single_refY,GP_Ip_4.0mm_closed_R10_single_refY_004,1,GP_Ip_4.0mm_closed_R10_single_refY_004-raw01-05,True,0.922907881451565,0.909404810674782,0.08503077259013787,0.3175049108502854,False,False,GP_Ip_4.0mm_closed_R10_single_refY_004-raw01-05,True,raw_kept,,0.922907881451565,0.909404810674782,157.8210601806644,360.2731018066406,4.380595148215283,10.996249917941626,B,ellipse
S6_NDG_FCP39,GP_Ip_4.0mm_closed_R10_single_refY,GP_Ip_4.0mm_closed_R10_single_refY_004,2,GP_Ip_4.0mm_closed_R10_single_refY_004-raw02-15,True,0.9605220228384992,0.9697608538111864,0.08503077259013787,0.3175049108502854,False,False,GP_Ip_4.0mm_closed_R10_single_refY_004-raw02-15,True,raw_kept,,0.9605220228384992,0.9697608538111864,138.49272382707954,337.0346374511719,4.109154028631362,16.40804357409888,B,circle
S6_NDG_FCP39,GP_Ip_4.0mm_closed_R10_single_refY,GP_Ip_4.0mm_closed_R10_single_refY_004,3,GP_Ip_4.0mm_closed_R10_single_refY_004-raw03-05,True,0.9620885988057214,0.971464628759728,0.08503077259013787,0.3175049108502854,False,False,GP_Ip_4.0mm_closed_R10_single_refY_004-raw03-05,True,raw_kept,,0.9620885988057214,0.971464628759728,134.77706698678597,325.0312805175781,4.146587576806991,21.093308130842367,A,circle
S6_NDG_FCP39,GP_Ip_4.0mm_closed_R10_single_refY,GP_Ip_4.0mm_closed_R10_single_refY_004,4,GP_Ip_4.0mm_closed_R10_single_refY_004-raw04-23,True,0.9708747614743396,0.9750365626103182,0.08503077259013787,0.3175049108502854,False,False,GP_Ip_4.0mm_closed_R10_single_refY_004-raw04-23,True,raw_kept,,0.9708747614743396,0.9750365626103182,158.32796094812483,384.3470153808594,4.119401338169188,31.6680282681677,B,circle
S6_NDG_FCP39,GP_Ip_4.0mm_closed_R10_single_refY,GP_Ip_4.0mm_closed_R10_single_refY_004,5,GP_Ip_4.0mm_closed_R10_single_refY_004-raw05-06,True,0.9652497245684908,0.9613221780277054,0.08503077259013787,0.3175049108502854,False,False,GP_Ip_4.0mm_closed_R10_single_refY_004-raw05-06,True,raw_kept,,0.9652497245684908,0.9613221780277054,165.88228713637218,400.3786315917969,4.143135373555505,36.294752967400015,A,circle
S6_NDG_FCP39,GP_Ip_4.0mm_closed_R10_single_refY,GP_Ip_4.0mm_closed_R10_single_refY_005,1,GP_Ip_4.0mm_closed_R10_single_refY_005-raw01-24,True,0.9571004791967748,0.9656204435576702,0.08503077259013787,0.3175049108502854,False,False,GP_Ip_4.0mm_closed_R10_single_refY_005-raw01-24,True,raw_kept,,0.9571004791967748,0.9656204435576702,128.6812433907229,321.8753356933594,3.997859702842012,26.40641682716181,A,circle
S6_NDG_FCP39,GP_Ip_4.0mm_closed_R10_single_refY,GP_Ip_4.0mm_closed_R10_single_refY_005,2,GP_Ip_4.0mm_closed_R10_single_refY_005-raw02-16,True,0.9654304958208229,0.969679680495558,0.08503077259013787,0.3175049108502854,False,False,GP_Ip_4.0mm_closed_R10_single_refY_005-raw02-16,True,raw_kept,,0.9654304958208229,0.969679680495558,124.40098204747233,315.3992004394531,3.944238979494605,44.60823346533127,B,circle
S6_NDG_FCP39,GP_Ip_4.0mm_closed_R10_single_refY,GP_Ip_4.0mm_closed_R10_single_refY_005,3,GP_Ip_4.0mm_closed_R10_single_refY_005-raw03-19,True,0.9668216664572076,0.9602446483180428,0.08503077259013787,0.3175049108502854,False,False,GP_Ip_4.0mm_closed_R10_single_refY_005-raw03-19,True,raw_kept,,0.9668216664572076,0.9602446483180428,141.41244736435027,352.7115783691406,4.009294166588162,52.128015381140784,B,circle
S6_NDG_FCP39,GP_Ip_4.0mm_closed_R10_single_refY,GP_Ip_4.0mm_closed_R10_single_refY_005,4,GP_Ip_4.0mm_closed_R10_single_refY_005-raw04-07,True,0.9619832881412208,0.9723138878013312,0.08503077259013787,0.3175049108502854,False,False,GP_Ip_4.0mm_closed_R10_single_refY_005-raw04-07,True,raw_kept,,0.9619832881412208,0.9723138878013312,150.70896992197916,369.9772033691406,4.073466379808567,48.27230613026091,B,circle
S6_NDG_FCP39,GP_Ip_4.0mm_closed_R10_single_refY,GP_Ip_4.0mm_closed_R10_single_refY_005,5,GP_Ip_4.0mm_closed_R10_single_refY_005-raw05-24,True,0.9598890301699226,0.9587807412538968,0.08503077259013787,0.3175049108502854,False,False,GP_Ip_4.0mm_closed_R10_single_refY_005-raw05-24,True,raw_kept,,0.9598890301699226,0.9587807412538968,104.16840044486602,258.0690002441406,4.036455380007653,82.26448131629098,A,circle
S6_NDG_FCP39,GP_Ip_4.0mm_closed_R5_single_refY,GP_Ip_4.0mm_closed_R5_single_refY_005,1,GP_Ip_4.0mm_closed_R5_single_refY_005-raw01-24,False,,,0.08503077259013787,0.3175049108502854,False,False,GP_Ip_4.0mm_closed_R5_single_refY_005-raw01-24,False,raw_invalid,,,,,181.8080291748047,,12.249875155271129,none,none
S6_NDG_FCP39,GP_Ip_4.0mm_closed_R5_single_refY,GP_Ip_4.0mm_closed_R5_single_refY_005,2,GP_Ip_4.0mm_closed_R5_single_refY_005-raw02-20,False,,,0.08503077259013787,0.3175049108502854,False,False,GP_Ip_4.0mm_closed_R5_single_refY_005-raw02-20,False,raw_invalid,,,,,173.4949188232422,,16.60109876966005,none,none
S6_NDG_FCP39,GP_Ip_4.0mm_closed_R5_single_refY,GP_Ip_4.0mm_closed_R5_single_refY_005,3,GP_Ip_4.0mm_closed_R5_single_refY_005-raw03-02,False,,,0.08503077259013787,0.3175049108502854,False,False,GP_Ip_4.0mm_closed_R5_single_refY_005-raw03-02,False,raw_invalid,,,,,178.80052185058594,,18.46926852386852,none,none
S6_NDG_FCP39,GP_Ip_4.0mm_closed_R5_single_refY,GP_Ip_4.0mm_closed_R5_single_refY_005,4,GP_Ip_4.0mm_closed_R5_single_refY_005-raw04-20,False,,,0.08503077259013787,0.3175049108502854,False,False,GP_Ip_4.0mm_closed_R5_single_refY_005-raw04-20,False,raw_invalid,,,,,204.3455352783203,,21.644804193115235,none,none
S6_NDG_FCP39,GP_Ip_4.0mm_closed_R5_single_refY,GP_Ip_4.0mm_closed_R5_single_refY_005,5,GP_Ip_4.0mm_closed_R5_single_refY_005-raw05-23,True,0.4563251762754044,0.991260473916569,0.08503077259013787,0.3175049108502854,False,False,GP_Ip_4.0mm_closed_R5_single_refY_005-raw05-23,True,raw_kept,,0.4563251762754044,0.991260473916569,117.9392525339417,199.38951110839844,2.957508945137626,31.552053093350963,B,circle
S6_NDG_FCP39,GP_Ip_4.0mm_closed_R5_single_refY,GP_Ip_4.0mm_closed_R5_single_refY_006,1,GP_Ip_4.0mm_closed_R5_single_refY_006-raw01-18,False,,,0.08503077259013787,0.3175049108502854,False,False,GP_Ip_4.0mm_closed_R5_single_refY_006-raw01-18,False,raw_invalid,,,,,197.72238159179688,,14.811412519874107,none,none
S6_NDG_FCP39,GP_Ip_4.0mm_closed_R5_single_refY,GP_Ip_4.0mm_closed_R5_single_refY_006,2,GP_Ip_4.0mm_closed_R5_single_refY_006-raw02-21,False,,,0.08503077259013787,0.3175049108502854,False,False,GP_Ip_4.0mm_closed_R5_single_refY_006-raw02-21,False,raw_invalid,,,,,199.0535583496093,,22.945541949706616,none,none
S6_NDG_FCP39,GP_Ip_4.0mm_closed_R5_single_refY,GP_Ip_4.0mm_closed_R5_single_refY_006,3,GP_Ip_4.0mm_closed_R5_single_refY_006-raw03-24,True,0.4237790846330861,0.9961533838201708,0.08503077259013787,0.3175049108502854,False,False,GP_Ip_4.0mm_closed_R5_single_refY_006-raw03-24,True,raw_kept,,0.4237790846330861,0.9961533838201708,102.06944146918428,172.1593475341797,2.9643886007676583,41.856937309518266,B,circle
S6_NDG_FCP39,GP_Ip_4.0mm_closed_R5_single_refY,GP_Ip_4.0mm_closed_R5_single_refY_006,4,GP_Ip_4.0mm_closed_R5_single_refY_006-raw04-15,False,,,0.08503077259013787,0.3175049108502854,False,False,GP_Ip_4.0mm_closed_R5_single_refY_006-raw04-15,False,raw_invalid,,,,,157.75328063964844,,51.29480897585554,none,none
S6_NDG_FCP39,GP_Ip_4.0mm_closed_R5_single_refY,GP_Ip_4.0mm_closed_R5_single_refY_006,5,GP_Ip_4.0mm_closed_R5_single_refY_006-raw05-06,False,,,0.08503077259013787,0.3175049108502854,False,False,GP_Ip_4.0mm_closed_R5_single_refY_006-raw05-06,False,raw_invalid,,,,,152.7147674560547,,46.75881926054307,none,none
S6_NDG_FCP39,GP_Ip_4.0mm_closed_R5_single_refY,GP_Ip_4.0mm_closed_R5_single_refY_007,1,GP_Ip_4.0mm_closed_R5_single_refY_007-raw01-17,True,0.7323426014701182,0.993680008870163,0.08503077259013787,0.3175049108502854,False,False,GP_Ip_4.0mm_closed_R5_single_refY_007-raw01-17,True,raw_kept,,0.7323426014701182,0.993680008870163,107.59720303710398,145.9283905029297,3.686643930844409,35.69502661542421,A,circle
S6_NDG_FCP39,GP_Ip_4.0mm_closed_R5_single_refY,GP_Ip_4.0mm_closed_R5_single_refY_007,2,GP_Ip_4.0mm_closed_R5_single_refY_007-raw02-16,True,0.8225468316764726,0.991228796028134,0.08503077259013787,0.3175049108502854,False,False,GP_Ip_4.0mm_closed_R5_single_refY_007-raw02-16,True,raw_kept,,0.8225468316764726,0.991228796028134,123.6052222017042,157.34222412109375,3.927910098263733,41.8810546558333,B,circle
S6_NDG_FCP39,GP_Ip_4.0mm_closed_R5_single_refY,GP_Ip_4.0mm_closed_R5_single_refY_007,3,GP_Ip_4.0mm_closed_R5_single_refY_007-raw03-20,True,0.0061154598825831,0.2766990291262136,0.08503077259013787,0.3175049108502854,False,True,GP_Ip_4.0mm_closed_R5_single_refY_007-raw03-20,True,raw_kept,,0.0061154598825831,0.2766990291262136,39.443962217975134,138.417724609375,1.424816161705044,53.69209528261823,A,circle
S6_NDG_FCP39,GP_Ip_4.0mm_closed_R5_single_refY,GP_Ip_4.0mm_closed_R5_single_refY_007,4,GP_Ip_4.0mm_closed_R5_single_refY_007-raw04-24,True,0.8290486909133988,0.9901018505235978,0.08503077259013787,0.3175049108502854,False,False,GP_Ip_4.0mm_closed_R5_single_refY_007-raw04-24,True,raw_kept,,0.8290486909133988,0.9901018505235978,93.08380293457915,118.8223876953125,3.9169303335860857,56.64243279901081,B,circle
S6_NDG_FCP39,GP_Ip_4.0mm_closed_R5_single_refY,GP_Ip_4.0mm_closed_R5_single_refY_007,5,GP_Ip_4.0mm_closed_R5_single_refY_007-raw05-24,False,,,0.08503077259013787,0.3175049108502854,False,False,GP_Ip_4.0mm_closed_R5_single_refY_007-raw05-24,False,raw_invalid,,,,,97.9869384765625,,84.05750262261725,none,none
S6_NDG_FCP39,GP_Ip_4.7mm_closed_R5_single_refY,GP_Ip_4.7mm_closed_R5_single_refY_004,1,GP_Ip_4.7mm_closed_R5_single_refY_004-raw01-23,True,0.7588857169746211,0.8560392215124053,0.08503077259013787,0.3175049108502854,False,False,GP_Ip_4.7mm_closed_R5_single_refY_004-raw01-23,True,raw_kept,,0.7588857169746211,0.8560392215124053,193.87165832519543,34.679656982421875,27.9517843015955,29.717648018466114,A,ellipse
S6_NDG_FCP39,GP_Ip_4.7mm_closed_R5_single_refY,GP_Ip_4.7mm_closed_R5_single_refY_004,2,GP_Ip_4.7mm_closed_R5_single_refY_004-raw02-12,True,0.8420076538121872,0.8071290411715943,0.08503077259013787,0.3175049108502854,False,False,GP_Ip_4.7mm_closed_R5_single_refY_004-raw02-12,True,raw_kept,,0.8420076538121872,0.8071290411715943,224.4856719970704,36.67051315307617,30.60847158860101,31.27815917137996,A,ellipse
S6_NDG_FCP39,GP_Ip_4.7mm_closed_R5_single_refY,GP_Ip_4.7mm_closed_R5_single_refY_004,3,GP_Ip_4.7mm_closed_R5_single_refY_004-raw03-11,True,0.8831753801291398,0.884658898065392,0.08503077259013787,0.3175049108502854,False,False,GP_Ip_4.7mm_closed_R5_single_refY_004-raw03-11,True,raw_kept,,0.8831753801291398,0.884658898065392,299.1902160644532,43.326290130615234,34.52755995984056,28.005153843557103,A,ellipse
S6_NDG_FCP39,GP_Ip_4.7mm_closed_R5_single_refY,GP_Ip_4.7mm_closed_R5_single_refY_004,4,GP_Ip_4.7mm_closed_R5_single_refY_004-raw04-09,True,0.926576516267238,0.9350833242566168,0.08503077259013787,0.3175049108502854,False,False,GP_Ip_4.7mm_closed_R5_single_refY_004-raw04-09,True,raw_kept,,0.926576516267238,0.9350833242566168,251.2393798828126,24.79712677001953,50.65896993085676,23.750727560932265,B,ellipse
S6_NDG_FCP39,GP_Ip_4.7mm_closed_R5_single_refY,GP_Ip_4.7mm_closed_R5_single_refY_004,5,GP_Ip_4.7mm_closed_R5_single_refY_004-raw05-23,True,0.8531259705200793,0.8672690763052209,0.08503077259013787,0.3175049108502854,False,False,GP_Ip_4.7mm_closed_R5_single_refY_004-raw05-23,True,raw_kept,,0.8531259705200793,0.8672690763052209,248.68501281738284,48.00404357910156,25.90250677607992,26.44147952185736,A,ellipse
S6_NDG_FCP39,GP_Ip_4.7mm_closed_R5_single_refY,GP_Ip_4.7mm_closed_R5_single_refY_005,1,GP_Ip_4.7mm_closed_R5_single_refY_005-raw01-16,True,0.8745925639467432,0.042152466367713,0.08503077259013787,0.3175049108502854,False,True,GP_Ip_4.7mm_closed_R5_single_refY_005-raw01-16,True,raw_kept,,0.8745925639467432,0.042152466367713,301.05761718750006,21.96868133544922,68.51972874259545,14.53093160883468,A,ellipse
S6_NDG_FCP39,GP_Ip_4.7mm_closed_R5_single_refY,GP_Ip_4.7mm_closed_R5_single_refY_005,2,GP_Ip_4.7mm_closed_R5_single_refY_005-raw02-16,False,,,0.08503077259013787,0.3175049108502854,False,False,GP_Ip_4.7mm_closed_R5_single_refY_005-raw02-16,False,raw_invalid,,,,,,,25.66523870204878,,
S6_NDG_FCP39,GP_Ip_4.7mm_closed_R5_single_refY,GP_Ip_4.7mm_closed_R5_single_refY_005,3,GP_Ip_4.7mm_closed_R5_single_refY_005-raw03-24,False,,,0.08503077259013787,0.3175049108502854,False,False,GP_Ip_4.7mm_closed_R5_single_refY_005-raw03-24,False,raw_invalid,,,,,,,20.334904374562964,,
S6_NDG_FCP39,GP_Ip_4.7mm_closed_R5_single_refY,GP_Ip_4.7mm_closed_R5_single_refY_005,4,GP_Ip_4.7mm_closed_R5_single_refY_005-raw04-24,False,,,0.08503077259013787,0.3175049108502854,False,False,GP_Ip_4.7mm_closed_R5_single_refY_005-raw04-24,False,raw_invalid,,,,,,,23.88188150431313,,
S6_NDG_FCP39,GP_Ip_4.7mm_closed_R5_single_refY,GP_Ip_4.7mm_closed_R5_single_refY_005,5,GP_Ip_4.7mm_closed_R5_single_refY_005-raw05-19,True,0.7629571984435798,0.9921761280931588,0.08503077259013787,0.3175049108502854,False,False,GP_Ip_4.7mm_closed_R5_single_refY_005-raw05-19,True,raw_kept,,0.7629571984435798,0.9921761280931588,176.6308277796027,13.373971939086914,66.03529175329713,31.852306845865133,B,circle
S6_NDG_FCP39,GP_Ip_5.6mm_closed_R10_single_refY,GP_Ip_5.6mm_closed_R10_single_refY_004,1,GP_Ip_5.6mm_closed_R10_single_refY_004-raw01-24,False,,,0.08503077259013787,0.3175049108502854,False,False,GP_Ip_5.6mm_closed_R10_single_refY_004-raw01-24,False,raw_invalid,,,,,,,18.31037868395087,,
S6_NDG_FCP39,GP_Ip_5.6mm_closed_R10_single_refY,GP_Ip_5.6mm_closed_R10_single_refY_004,2,GP_Ip_5.6mm_closed_R10_single_refY_004-raw02-10,False,,,0.08503077259013787,0.3175049108502854,False,False,GP_Ip_5.6mm_closed_R10_single_refY_004-raw02-10,False,raw_invalid,,,,,,,19.63157794330621,,
S6_NDG_FCP39,GP_Ip_5.6mm_closed_R10_single_refY,GP_Ip_5.6mm_closed_R10_single_refY_004,3,GP_Ip_5.6mm_closed_R10_single_refY_004-raw03-20,False,,,0.08503077259013787,0.3175049108502854,False,False,GP_Ip_5.6mm_closed_R10_single_refY_004-raw03-20,False,raw_invalid,,,,,,,29.61291224308249,,
S6_NDG_FCP39,GP_Ip_5.6mm_closed_R10_single_refY,GP_Ip_5.6mm_closed_R10_single_refY_004,4,GP_Ip_5.6mm_closed_R10_single_refY_004-raw04-03,False,,,0.08503077259013787,0.3175049108502854,False,False,GP_Ip_5.6mm_closed_R10_single_refY_004-raw04-03,False,raw_invalid,,,,,,,27.04684230696596,,
S6_NDG_FCP39,GP_Ip_5.6mm_closed_R10_single_refY,GP_Ip_5.6mm_closed_R10_single_refY_004,5,GP_Ip_5.6mm_closed_R10_single_refY_004-raw05-08,False,,,0.08503077259013787,0.3175049108502854,False,False,GP_Ip_5.6mm_closed_R10_single_refY_004-raw05-08,False,raw_invalid,,,,,,,26.693181213939344,,
S6_NDG_FCP39,GP_Ip_5.6mm_closed_R10_single_refY,GP_Ip_5.6mm_closed_R10_single_refY_005,1,GP_Ip_5.6mm_closed_R10_single_refY_005-raw01-08,True,0.9890026863666892,0.9705882352941176,0.08503077259013787,0.3175049108502854,False,False,GP_Ip_5.6mm_closed_R10_single_refY_005-raw01-08,True,raw_kept,,0.9890026863666892,0.9705882352941176,125.79833889628614,208.0327911376953,6.047043747685962,32.35971889518339,B,circle
S6_NDG_FCP39,GP_Ip_5.6mm_closed_R10_single_refY,GP_Ip_5.6mm_closed_R10_single_refY_005,2,GP_Ip_5.6mm_closed_R10_single_refY_005-raw02-06,True,0.9833431977678194,0.9768385460693152,0.08503077259013787,0.3175049108502854,False,False,GP_Ip_5.6mm_closed_R10_single_refY_005-raw02-06,True,raw_kept,,0.9833431977678194,0.9768385460693152,124.5099578399212,207.247802734375,6.007781805026067,34.583199774159304,B,circle
S6_NDG_FCP39,GP_Ip_5.6mm_closed_R10_single_refY,GP_Ip_5.6mm_closed_R10_single_refY_005,3,GP_Ip_5.6mm_closed_R10_single_refY_005-raw03-19,True,0.9557072683373574,0.9669947395214662,0.08503077259013787,0.3175049108502854,False,False,GP_Ip_5.6mm_closed_R10_single_refY_005-raw03-19,True,raw_kept,,0.9557072683373574,0.9669947395214662,121.27200532704109,212.7000274658203,5.701550995169882,40.09862488503988,B,circle
S6_NDG_FCP39,GP_Ip_5.6mm_closed_R10_single_refY,GP_Ip_5.6mm_closed_R10_single_refY_005,4,GP_Ip_5.6mm_closed_R10_single_refY_005-raw04-19,True,0.911112700228833,0.9775211223936128,0.08503077259013787,0.3175049108502854,False,False,GP_Ip_5.6mm_closed_R10_single_refY_005-raw04-19,True,raw_kept,,0.911112700228833,0.9775211223936128,127.90555470387066,230.62977600097656,5.545925462084688,63.34334281279836,B,circle
S6_NDG_FCP39,GP_Ip_5.6mm_closed_R10_single_refY,GP_Ip_5.6mm_closed_R10_single_refY_005,5,GP_Ip_5.6mm_closed_R10_single_refY_005-raw05-23,True,0.8676580481243461,0.8869174355334752,0.08503077259013787,0.3175049108502854,False,False,GP_Ip_5.6mm_closed_R10_single_refY_005-raw05-23,True,raw_kept,,0.8676580481243461,0.8869174355334752,144.0246734619141,223.93760681152344,6.4314643490466565,83.9360863379479,B,ellipse
S6_NDG_FCP39,GP_Ip_6.2mm_closed_R10_single_refY,GP_Ip_6.2mm_closed_R10_single_refY_004,1,GP_Ip_6.2mm_closed_R10_single_refY_004-raw01-06,False,,,0.08503077259013787,0.3175049108502854,False,False,GP_Ip_6.2mm_closed_R10_single_refY_004-raw01-06,False,raw_invalid,,,,,,,15.694601765007445,,
S6_NDG_FCP39,GP_Ip_6.2mm_closed_R10_single_refY,GP_Ip_6.2mm_closed_R10_single_refY_004,2,GP_Ip_6.2mm_closed_R10_single_refY_004-raw02-10,False,,,0.08503077259013787,0.3175049108502854,False,False,GP_Ip_6.2mm_closed_R10_single_refY_004-raw02-10,False,raw_invalid,,,,,,,13.926881347486702,,
S6_NDG_FCP39,GP_Ip_6.2mm_closed_R10_single_refY,GP_Ip_6.2mm_closed_R10_single_refY_004,3,GP_Ip_6.2mm_closed_R10_single_refY_004-raw03-23,False,,,0.08503077259013787,0.3175049108502854,False,False,GP_Ip_6.2mm_closed_R10_single_refY_004-raw03-23,False,raw_invalid,,,,,,,16.42434014643445,,
S6_NDG_FCP39,GP_Ip_6.2mm_closed_R10_single_refY,GP_Ip_6.2mm_closed_R10_single_refY_004,4,GP_Ip_6.2mm_closed_R10_single_refY_004-raw04-18,False,,,0.08503077259013787,0.3175049108502854,False,False,GP_Ip_6.2mm_closed_R10_single_refY_004-raw04-18,False,raw_invalid,,,,,,,23.52800764069263,,
S6_NDG_FCP39,GP_Ip_6.2mm_closed_R10_single_refY,GP_Ip_6.2mm_closed_R10_single_refY_004,5,GP_Ip_6.2mm_closed_R10_single_refY_004-raw05-21,False,,,0.08503077259013787,0.3175049108502854,False,False,GP_Ip_6.2mm_closed_R10_single_refY_004-raw05-21,False,raw_invalid,,,,,,,26.94042747749988,,
S6_NDG_FCP39,GP_Ip_6.2mm_closed_R10_single_refY,GP_Ip_6.2mm_closed_R10_single_refY_005,1,GP_Ip_6.2mm_closed_R10_single_refY_005-raw01-05,False,,,0.08503077259013787,0.3175049108502854,False,False,GP_Ip_6.2mm_closed_R10_single_refY_005-raw01-05,False,raw_invalid,,,,,,,28.661250847709336,,
S6_NDG_FCP39,GP_Ip_6.2mm_closed_R10_single_refY,GP_Ip_6.2mm_closed_R10_single_refY_005,2,GP_Ip_6.2mm_closed_R10_single_refY_005-raw02-23,False,,,0.08503077259013787,0.3175049108502854,False,False,GP_Ip_6.2mm_closed_R10_single_refY_005-raw02-23,False,raw_invalid,,,,,,,30.028000558159665,,
S6_NDG_FCP39,GP_Ip_6.2mm_closed_R10_single_refY,GP_Ip_6.2mm_closed_R10_single_refY_005,3,GP_Ip_6.2mm_closed_R10_single_refY_005-raw03-24,False,,,0.08503077259013787,0.3175049108502854,False,False,GP_Ip_6.2mm_closed_R10_single_refY_005-raw03-24,False,raw_invalid,,,,,,,33.0403243144459,,
S6_NDG_FCP39,GP_Ip_6.2mm_closed_R10_single_refY,GP_Ip_6.2mm_closed_R10_single_refY_005,4,GP_Ip_6.2mm_closed_R10_single_refY_005-raw04-06,False,,,0.08503077259013787,0.3175049108502854,False,False,GP_Ip_6.2mm_closed_R10_single_refY_005-raw04-06,False,raw_invalid,,,,,,,42.13797823755712,,
S6_NDG_FCP39,GP_Ip_6.2mm_closed_R10_single_refY,GP_Ip_6.2mm_closed_R10_single_refY_005,5,GP_Ip_6.2mm_closed_R10_single_refY_005-raw05-04,True,0.9276851066503314,0.9899073640197528,0.08503077259013787,0.3175049108502854,False,False,GP_Ip_6.2mm_closed_R10_single_refY_005-raw05-04,True,raw_kept,,0.9276851066503314,0.9899073640197528,193.7653095743109,296.0475769042969,6.545073315595795,46.84400018522357,B,circle
S6_NDG_FCP39,GP_Ip_6.2mm_closed_R5_single_refY,GP_Ip_6.2mm_closed_R5_single_refY_004,1,GP_Ip_6.2mm_closed_R5_single_refY_004-raw01-10,True,0.8901225619399051,0.9901350607561707,0.08503077259013787,0.3175049108502854,False,False,GP_Ip_6.2mm_closed_R5_single_refY_004-raw01-10,True,raw_kept,,0.8901225619399051,0.9901350607561707,217.0473753075275,189.4000396728516,5.7298661521515575,13.84989335935616,A,circle
S6_NDG_FCP39,GP_Ip_6.2mm_closed_R5_single_refY,GP_Ip_6.2mm_closed_R5_single_refY_004,2,GP_Ip_6.2mm_closed_R5_single_refY_004-raw02-22,True,0.8891067751740367,0.9886900742741392,0.08503077259013787,0.3175049108502854,False,False,GP_Ip_6.2mm_closed_R5_single_refY_004-raw02-22,True,raw_kept,,0.8891067751740367,0.9886900742741392,225.881352798584,183.1988677978516,6.164922183029788,11.714622034477896,A,circle
S6_NDG_FCP39,GP_Ip_6.2mm_closed_R5_single_refY,GP_Ip_6.2mm_closed_R5_single_refY_004,3,GP_Ip_6.2mm_closed_R5_single_refY_004-raw03-11,True,0.8774794388001935,0.993006993006993,0.08503077259013787,0.3175049108502854,False,False,GP_Ip_6.2mm_closed_R5_single_refY_004-raw03-11,True,raw_kept,,0.8774794388001935,0.993006993006993,230.75720143344563,192.41807556152344,5.99624543484387,13.407191823884006,A,circle
S6_NDG_FCP39,GP_Ip_6.2mm_closed_R5_single_refY,GP_Ip_6.2mm_closed_R5_single_refY_004,4,GP_Ip_6.2mm_closed_R5_single_refY_004-raw04-13,True,0.8861406186723155,0.9950433205722344,0.08503077259013787,0.3175049108502854,False,False,GP_Ip_6.2mm_closed_R5_single_refY_004-raw04-13,True,raw_kept,,0.8861406186723155,0.9950433205722344,232.94669560478096,186.19044494628903,6.255602849866426,13.62083709998897,A,circle
S6_NDG_FCP39,GP_Ip_6.2mm_closed_R5_single_refY,GP_Ip_6.2mm_closed_R5_single_refY_004,5,GP_Ip_6.2mm_closed_R5_single_refY_004-raw05-04,True,0.9025428444246606,0.996347298827483,0.08503077259013787,0.3175049108502854,False,False,GP_Ip_6.2mm_closed_R5_single_refY_004-raw05-04,True,raw_kept,,0.9025428444246606,0.996347298827483,241.9801379727913,200.79298400878903,6.025612378025104,14.108408911015076,A,circle
S6_NDG_FCP39,GP_Ip_6.2mm_closed_R5_single_refY,GP_Ip_6.2mm_closed_R5_single_refY_005,1,GP_Ip_6.2mm_closed_R5_single_refY_005-raw01-12,True,0.8736357435197817,0.9955167002914144,0.08503077259013787,0.3175049108502854,False,False,GP_Ip_6.2mm_closed_R5_single_refY_005-raw01-12,True,raw_kept,,0.8736357435197817,0.9955167002914144,176.82313723715953,134.48037719726562,6.574309981960502,19.08395261716372,B,circle
S6_NDG_FCP39,GP_Ip_6.2mm_closed_R5_single_refY,GP_Ip_6.2mm_closed_R5_single_refY_005,2,GP_Ip_6.2mm_closed_R5_single_refY_005-raw02-02,True,0.8976871468926554,0.9921001390820584,0.08503077259013787,0.3175049108502854,False,False,GP_Ip_6.2mm_closed_R5_single_refY_005-raw02-02,True,raw_kept,,0.8976871468926554,0.9921001390820584,201.7324490605473,154.9801483154297,6.50833191390303,16.957860642693376,A,circle
S6_NDG_FCP39,GP_Ip_6.2mm_closed_R5_single_refY,GP_Ip_6.2mm_closed_R5_single_refY_005,3,GP_Ip_6.2mm_closed_R5_single_refY_005-raw03-12,True,0.9044497980585277,0.9875836158709796,0.08503077259013787,0.3175049108502854,False,False,GP_Ip_6.2mm_closed_R5_single_refY_005-raw03-12,True,raw_kept,,0.9044497980585277,0.9875836158709796,239.1507020472347,182.34539794921875,6.557629222807004,15.231390410807109,A,circle
S6_NDG_FCP39,GP_Ip_6.2mm_closed_R5_single_refY,GP_Ip_6.2mm_closed_R5_single_refY_005,4,GP_Ip_6.2mm_closed_R5_single_refY_005-raw04-20,True,0.8997541138641952,0.996139562157936,0.08503077259013787,0.3175049108502854,False,False,GP_Ip_6.2mm_closed_R5_single_refY_005-raw04-20,True,raw_kept,,0.8997541138641952,0.996139562157936,211.78239686296007,175.98939514160156,6.016907913472836,20.548281236055164,A,circle
S6_NDG_FCP39,GP_Ip_6.2mm_closed_R5_single_refY,GP_Ip_6.2mm_closed_R5_single_refY_005,5,GP_Ip_6.2mm_closed_R5_single_refY_005-raw05-04,True,0.9101123595505618,0.9957325746799432,0.08503077259013787,0.3175049108502854,False,False,GP_Ip_6.2mm_closed_R5_single_refY_005-raw05-04,True,raw_kept,,0.9101123595505618,0.9957325746799432,221.96244770930863,180.97879028320312,6.132277913947052,19.31831597142631,A,circle
S6_NDG_FCP39,GP_Ip_6.4mm_closed_R10_single_refY,GP_Ip_6.4mm_closed_R10_single_refY_005,1,GP_Ip_6.4mm_closed_R10_single_refY_005-raw01-24,False,,,0.08503077259013787,0.3175049108502854,False,False,GP_Ip_6.4mm_closed_R10_single_refY_005-raw01-24,False,raw_invalid,,,,,,,27.87360134310192,,
S6_NDG_FCP39,GP_Ip_6.4mm_closed_R10_single_refY,GP_Ip_6.4mm_closed_R10_single_refY_005,2,GP_Ip_6.4mm_closed_R10_single_refY_005-raw02-01,False,,,0.08503077259013787,0.3175049108502854,False,False,GP_Ip_6.4mm_closed_R10_single_refY_005-raw02-01,False,raw_invalid,,,,,,,29.12487302412693,,
S6_NDG_FCP39,GP_Ip_6.4mm_closed_R10_single_refY,GP_Ip_6.4mm_closed_R10_single_refY_005,3,GP_Ip_6.4mm_closed_R10_single_refY_005-raw03-20,False,,,0.08503077259013787,0.3175049108502854,False,False,GP_Ip_6.4mm_closed_R10_single_refY_005-raw03-20,False,raw_invalid,,,,,,,46.44099876708871,,
S6_NDG_FCP39,GP_Ip_6.4mm_closed_R10_single_refY,GP_Ip_6.4mm_closed_R10_single_refY_005,4,GP_Ip_6.4mm_closed_R10_single_refY_005-raw04-24,False,,,0.08503077259013787,0.3175049108502854,False,False,GP_Ip_6.4mm_closed_R10_single_refY_005-raw04-24,False,raw_invalid,,,,,,,49.54778738309009,,
S6_NDG_FCP39,GP_Ip_6.4mm_closed_R10_single_refY,GP_Ip_6.4mm_closed_R10_single_refY_005,5,GP_Ip_6.4mm_closed_R10_single_refY_005-raw05-18,False,,,0.08503077259013787,0.3175049108502854,False,False,GP_Ip_6.4mm_closed_R10_single_refY_005-raw05-18,False,raw_invalid,,,,,,,62.23938047450972,,
S6_NDG_FCP39,GP_Ip_6.4mm_closed_R10_single_refY,GP_Ip_6.4mm_closed_R10_single_refY_006,1,GP_Ip_6.4mm_closed_R10_single_refY_006-raw01-17,False,,,0.08503077259013787,0.3175049108502854,False,False,GP_Ip_6.4mm_closed_R10_single_refY_006-raw01-17,False,raw_invalid,,,,,,,50.86576449921101,,
S6_NDG_FCP39,GP_Ip_6.4mm_closed_R10_single_refY,GP_Ip_6.4mm_closed_R10_single_refY_006,2,GP_Ip_6.4mm_closed_R10_single_refY_006-raw02-19,False,,,0.08503077259013787,0.3175049108502854,False,False,GP_Ip_6.4mm_closed_R10_single_refY_006-raw02-19,False,raw_invalid,,,,,,,45.81053915970297,,
S6_NDG_FCP39,GP_Ip_6.4mm_closed_R10_single_refY,GP_Ip_6.4mm_closed_R10_single_refY_006,3,GP_Ip_6.4mm_closed_R10_single_refY_006-raw03-21,False,,,0.08503077259013787,0.3175049108502854,False,False,GP_Ip_6.4mm_closed_R10_single_refY_006-raw03-21,False,raw_invalid,,,,,,,30.280617954729816,,
S6_NDG_FCP39,GP_Ip_6.4mm_closed_R10_single_refY,GP_Ip_6.4mm_closed_R10_single_refY_006,4,GP_Ip_6.4mm_closed_R10_single_refY_006-raw04-11,False,,,0.08503077259013787,0.3175049108502854,False,False,GP_Ip_6.4mm_closed_R10_single_refY_006-raw04-11,False,raw_invalid,,,,,,,28.02268306446665,,
S6_NDG_FCP39,GP_Ip_6.4mm_closed_R10_single_refY,GP_Ip_6.4mm_closed_R10_single_refY_006,5,GP_Ip_6.4mm_closed_R10_single_refY_006-raw05-09,False,,,0.08503077259013787,0.3175049108502854,False,False,GP_Ip_6.4mm_closed_R10_single_refY_006-raw05-09,False,raw_invalid,,,,,,,22.65524724154532,,
S6_NDG_FCP39,GP_Ip_7.1mm_closed_R10_single_refY,GP_Ip_7.1mm_closed_R10_single_refY_004,1,GP_Ip_7.1mm_closed_R10_single_refY_004-raw01-04,False,,,0.08503077259013787,0.3175049108502854,False,False,GP_Ip_7.1mm_closed_R10_single_refY_004-raw01-04,False,raw_invalid,,,,,,,38.99647094432221,,
S6_NDG_FCP39,GP_Ip_7.1mm_closed_R10_single_refY,GP_Ip_7.1mm_closed_R10_single_refY_004,2,GP_Ip_7.1mm_closed_R10_single_refY_004-raw02-03,False,,,0.08503077259013787,0.3175049108502854,False,False,GP_Ip_7.1mm_closed_R10_single_refY_004-raw02-03,False,raw_invalid,,,,,,,29.73974602133668,,
S6_NDG_FCP39,GP_Ip_7.1mm_closed_R10_single_refY,GP_Ip_7.1mm_closed_R10_single_refY_004,3,GP_Ip_7.1mm_closed_R10_single_refY_004-raw03-07,False,,,0.08503077259013787,0.3175049108502854,False,False,GP_Ip_7.1mm_closed_R10_single_refY_004-raw03-07,False,raw_invalid,,,,,,,22.338628413146225,,
S6_NDG_FCP39,GP_Ip_7.1mm_closed_R10_single_refY,GP_Ip_7.1mm_closed_R10_single_refY_004,4,GP_Ip_7.1mm_closed_R10_single_refY_004-raw04-13,False,,,0.08503077259013787,0.3175049108502854,False,False,GP_Ip_7.1mm_closed_R10_single_refY_004-raw04-13,False,raw_invalid,,,,,,,18.10215493207391,,
S6_NDG_FCP39,GP_Ip_7.1mm_closed_R10_single_refY,GP_Ip_7.1mm_closed_R10_single_refY_004,5,GP_Ip_7.1mm_closed_R10_single_refY_004-raw05-20,False,,,0.08503077259013787,0.3175049108502854,False,False,GP_Ip_7.1mm_closed_R10_single_refY_004-raw05-20,False,raw_invalid,,,,,,,19.457035580741035,,
S6_NDG_FCP39,GP_Ip_7.1mm_closed_R10_single_refY,GP_Ip_7.1mm_closed_R10_single_refY_005,1,GP_Ip_7.1mm_closed_R10_single_refY_005-raw01-14,False,,,0.08503077259013787,0.3175049108502854,False,False,GP_Ip_7.1mm_closed_R10_single_refY_005-raw01-14,False,raw_invalid,,,,,,,66.41250855388876,,
S6_NDG_FCP39,GP_Ip_7.1mm_closed_R10_single_refY,GP_Ip_7.1mm_closed_R10_single_refY_005,2,GP_Ip_7.1mm_closed_R10_single_refY_005-raw02-06,False,,,0.08503077259013787,0.3175049108502854,False,False,GP_Ip_7.1mm_closed_R10_single_refY_005-raw02-06,False,raw_invalid,,,,,,,49.28965169265064,,
S6_NDG_FCP39,GP_Ip_7.1mm_closed_R10_single_refY,GP_Ip_7.1mm_closed_R10_single_refY_005,3,GP_Ip_7.1mm_closed_R10_single_refY_005-raw03-01,False,,,0.08503077259013787,0.3175049108502854,False,False,GP_Ip_7.1mm_closed_R10_single_refY_005-raw03-01,False,raw_invalid,,,,,,,39.972830944201405,,
S6_NDG_FCP39,GP_Ip_7.1mm_closed_R10_single_refY,GP_Ip_7.1mm_closed_R10_single_refY_005,4,GP_Ip_7.1mm_closed_R10_single_refY_005-raw04-18,False,,,0.08503077259013787,0.3175049108502854,False,False,GP_Ip_7.1mm_closed_R10_single_refY_005-raw04-18,False,raw_invalid,,,,,,,32.48310415470334,,
S6_NDG_FCP39,GP_Ip_7.1mm_closed_R10_single_refY,GP_Ip_7.1mm_closed_R10_single_refY_005,5,GP_Ip_7.1mm_closed_R10_single_refY_005-raw05-16,False,,,0.08503077259013787,0.3175049108502854,False,False,GP_Ip_7.1mm_closed_R10_single_refY_005-raw05-16,False,raw_invalid,,,,,,,39.389015729596885,,
S6_NDG_FCP39,GP_Ip_8.8mm_closed_R10_single_refY,GP_Ip_8.8mm_closed_R10_single_refY_004,1,GP_Ip_8.8mm_closed_R10_single_refY_004-raw01-01,False,,,0.08503077259013787,0.3175049108502854,False,False,GP_Ip_8.8mm_closed_R10_single_refY_004-raw01-01,False,raw_invalid,,,,,,,32.29997488134761,,
S6_NDG_FCP39,GP_Ip_8.8mm_closed_R10_single_refY,GP_Ip_8.8mm_closed_R10_single_refY_004,2,GP_Ip_8.8mm_closed_R10_single_refY_004-raw02-14,False,,,0.08503077259013787,0.3175049108502854,False,False,GP_Ip_8.8mm_closed_R10_single_refY_004-raw02-14,False,raw_invalid,,,,,,,19.99407334798177,,
S6_NDG_FCP39,GP_Ip_8.8mm_closed_R10_single_refY,GP_Ip_8.8mm_closed_R10_single_refY_004,3,GP_Ip_8.8mm_closed_R10_single_refY_004-raw03-04,False,,,0.08503077259013787,0.3175049108502854,False,False,GP_Ip_8.8mm_closed_R10_single_refY_004-raw03-04,False,raw_invalid,,,,,,,17.873463466898595,,
S6_NDG_FCP39,GP_Ip_8.8mm_closed_R10_single_refY,GP_Ip_8.8mm_closed_R10_single_refY_004,4,GP_Ip_8.8mm_closed_R10_single_refY_004-raw04-24,False,,,0.08503077259013787,0.3175049108502854,False,False,GP_Ip_8.8mm_closed_R10_single_refY_004-raw04-24,False,raw_invalid,,,,,,,22.18018771687143,,
S6_NDG_FCP39,GP_Ip_8.8mm_closed_R10_single_refY,GP_Ip_8.8mm_closed_R10_single_refY_004,5,GP_Ip_8.8mm_closed_R10_single_refY_004-raw05-09,False,,,0.08503077259013787,0.3175049108502854,False,False,GP_Ip_8.8mm_closed_R10_single_refY_004-raw05-09,False,raw_invalid,,,,,,,25.902915460279264,,
S6_NDG_FCP39,GP_Ip_8.8mm_closed_R10_single_refY,GP_Ip_8.8mm_closed_R10_single_refY_005,1,GP_Ip_8.8mm_closed_R10_single_refY_005-raw01-01,False,,,0.08503077259013787,0.3175049108502854,False,False,GP_Ip_8.8mm_closed_R10_single_refY_005-raw01-01,False,raw_invalid,,,,,,,43.43882466505899,,
S6_NDG_FCP39,GP_Ip_8.8mm_closed_R10_single_refY,GP_Ip_8.8mm_closed_R10_single_refY_005,2,GP_Ip_8.8mm_closed_R10_single_refY_005-raw02-11,False,,,0.08503077259013787,0.3175049108502854,False,False,GP_Ip_8.8mm_closed_R10_single_refY_005-raw02-11,False,raw_invalid,,,,,,,32.0777634710512,,
S6_NDG_FCP39,GP_Ip_8.8mm_closed_R10_single_refY,GP_Ip_8.8mm_closed_R10_single_refY_005,3,GP_Ip_8.8mm_closed_R10_single_refY_005-raw03-11,False,,,0.08503077259013787,0.3175049108502854,False,False,GP_Ip_8.8mm_closed_R10_single_refY_005-raw03-11,False,raw_invalid,,,,,,,27.053618182795727,,
S6_NDG_FCP39,GP_Ip_8.8mm_closed_R10_single_refY,GP_Ip_8.8mm_closed_R10_single_refY_005,4,GP_Ip_8.8mm_closed_R10_single_refY_005-raw04-01,False,,,0.08503077259013787,0.3175049108502854,False,False,GP_Ip_8.8mm_closed_R10_single_refY_005-raw04-01,False,raw_invalid,,,,,,,24.922702815019345,,
S6_NDG_FCP39,GP_Ip_8.8mm_closed_R10_single_refY,GP_Ip_8.8mm_closed_R10_single_refY_005,5,GP_Ip_8.8mm_closed_R10_single_refY_005-raw05-17,False,,,0.08503077259013787,0.3175049108502854,False,False,GP_Ip_8.8mm_closed_R10_single_refY_005-raw05-17,False,raw_invalid,,,,,,,21.61590287280494,,
S6_NDG_FCP39,GP_Ip_8.8mm_closed_R5_single_refY,GP_Ip_8.8mm_closed_R5_single_refY_004,1,GP_Ip_8.8mm_closed_R5_single_refY_004-raw01-23,True,0.9939529992314848,0.9478217862589128,0.08503077259013787,0.3175049108502854,False,False,GP_Ip_8.8mm_closed_R5_single_refY_004-raw01-23,True,raw_kept,,0.9939529992314848,0.9478217862589128,286.5019800585854,151.27967834472656,9.46928176981321,31.83248986383014,A,circle
S6_NDG_FCP39,GP_Ip_8.8mm_closed_R5_single_refY,GP_Ip_8.8mm_closed_R5_single_refY_004,2,GP_Ip_8.8mm_closed_R5_single_refY_004-raw02-24,True,0.9930833314918348,0.9057856869172805,0.08503077259013787,0.3175049108502854,False,False,GP_Ip_8.8mm_closed_R5_single_refY_004-raw02-24,True,raw_kept,,0.9930833314918348,0.9057856869172805,291.64666844870186,143.30447387695312,10.17576983322659,46.36926302718056,A,circle
S6_NDG_FCP39,GP_Ip_8.8mm_closed_R5_single_refY,GP_Ip_8.8mm_closed_R5_single_refY_004,3,GP_Ip_8.8mm_closed_R5_single_refY_004-raw03-01,True,0.979276707648738,0.9863538424706728,0.08503077259013787,0.3175049108502854,False,False,GP_Ip_8.8mm_closed_R5_single_refY_004-raw03-01,True,raw_kept,,0.979276707648738,0.9863538424706728,265.3891680803669,140.97752380371094,9.41246380699236,49.30253772065785,B,circle
S6_NDG_FCP39,GP_Ip_8.8mm_closed_R5_single_refY,GP_Ip_8.8mm_closed_R5_single_refY_004,4,GP_Ip_8.8mm_closed_R5_single_refY_004-raw04-09,True,0.9569722262196,0.9906335411356448,0.08503077259013787,0.3175049108502854,False,False,GP_Ip_8.8mm_closed_R5_single_refY_004-raw04-09,True,raw_kept,,0.9569722262196,0.9906335411356448,222.01401608991807,84.46418762207031,13.142494016713082,26.332080328477463,B,circle
S6_NDG_FCP39,GP_Ip_8.8mm_closed_R5_single_refY,GP_Ip_8.8mm_closed_R5_single_refY_004,5,GP_Ip_8.8mm_closed_R5_single_refY_004-raw05-02,True,0.9527371029511152,0.992102167702907,0.08503077259013787,0.3175049108502854,False,False,GP_Ip_8.8mm_closed_R5_single_refY_004-raw05-02,True,raw_kept,,0.9527371029511152,0.992102167702907,248.01341531714144,90.5932388305664,13.688296086918406,18.11359020396928,A,circle
S6_NDG_FCP39,GP_Ip_8.8mm_closed_R5_single_refY,GP_Ip_8.8mm_closed_R5_single_refY_005,1,GP_Ip_8.8mm_closed_R5_single_refY_005-raw01-13,True,0.9610149219728898,0.9863514578408196,0.08503077259013787,0.3175049108502854,False,False,GP_Ip_8.8mm_closed_R5_single_refY_005-raw01-13,True,raw_kept,,0.9610149219728898,0.9863514578408196,236.76518727101524,147.11476135253906,8.046955488839131,33.44238007855829,A,circle
S6_NDG_FCP39,GP_Ip_8.8mm_closed_R5_single_refY,GP_Ip_8.8mm_closed_R5_single_refY_005,2,GP_Ip_8.8mm_closed_R5_single_refY_005-raw02-01,True,0.9399591772648768,0.9930438524149308,0.08503077259013787,0.3175049108502854,False,False,GP_Ip_8.8mm_closed_R5_single_refY_005-raw02-01,True,raw_kept,,0.9399591772648768,0.9930438524149308,219.07468805766288,135.1746368408203,8.103394733571271,26.286388722436232,B,circle
S6_NDG_FCP39,GP_Ip_8.8mm_closed_R5_single_refY,GP_Ip_8.8mm_closed_R5_single_refY_005,3,GP_Ip_8.8mm_closed_R5_single_refY_005-raw03-14,True,0.8927815510977729,0.8527751492805169,0.08503077259013787,0.3175049108502854,False,False,GP_Ip_8.8mm_closed_R5_single_refY_005-raw03-14,True,raw_kept,,0.8927815510977729,0.8527751492805169,259.81451416015653,124.75924682617188,10.412635566891408,28.43866197246856,A,ellipse
S6_NDG_FCP39,GP_Ip_8.8mm_closed_R5_single_refY,GP_Ip_8.8mm_closed_R5_single_refY_005,4,GP_Ip_8.8mm_closed_R5_single_refY_005-raw04-24,True,0.9616987497519348,0.989675387172981,0.08503077259013787,0.3175049108502854,False,False,GP_Ip_8.8mm_closed_R5_single_refY_005-raw04-24,True,raw_kept,,0.9616987497519348,0.989675387172981,198.9844998838508,121.08055877685548,8.217029302390632,48.962269880713926,B,circle
S6_NDG_FCP39,GP_Ip_8.8mm_closed_R5_single_refY,GP_Ip_8.8mm_closed_R5_single_refY_005,5,GP_Ip_8.8mm_closed_R5_single_refY_005-raw05-23,True,0.9886339266566588,0.9754211332312404,0.08503077259013787,0.3175049108502854,False,False,GP_Ip_8.8mm_closed_R5_single_refY_005-raw05-23,True,raw_kept,,0.9886339266566588,0.9754211332312404,222.6579622908575,125.4199676513672,8.876495763010585,74.163477032121,B,circle
S6_NDG_FCP39,GP_Ip_9.7mm_closed_R5_single_refY,GP_Ip_9.7mm_closed_R5_single_refY_004,1,GP_Ip_9.7mm_closed_R5_single_refY_004-raw01-04,True,0.8706636500754148,0.9941006068551372,0.08503077259013787,0.3175049108502854,False,False,GP_Ip_9.7mm_closed_R5_single_refY_004-raw01-04,True,raw_kept,,0.8706636500754148,0.9941006068551372,263.4970900843308,128.58705139160156,10.245864075453092,30.55125805656528,B,circle
S6_NDG_FCP39,GP_Ip_9.7mm_closed_R5_single_refY,GP_Ip_9.7mm_closed_R5_single_refY_004,2,GP_Ip_9.7mm_closed_R5_single_refY_004-raw02-05,True,0.8625756722511615,0.996456619490665,0.08503077259013787,0.3175049108502854,False,False,GP_Ip_9.7mm_closed_R5_single_refY_004-raw02-05,True,raw_kept,,0.8625756722511615,0.996456619490665,264.99590344057367,118.3262176513672,11.19768334949018,18.600275511334274,A,circle
S6_NDG_FCP39,GP_Ip_9.7mm_closed_R5_single_refY,GP_Ip_9.7mm_closed_R5_single_refY_004,3,GP_Ip_9.7mm_closed_R5_single_refY_004-raw03-23,True,0.8858454280796447,0.9888462286158632,0.08503077259013787,0.3175049108502854,False,False,GP_Ip_9.7mm_closed_R5_single_refY_004-raw03-23,True,raw_kept,,0.8858454280796447,0.9888462286158632,245.6889873555019,120.2222137451172,10.2181194182793,22.98672606164321,A,circle
S6_NDG_FCP39,GP_Ip_9.7mm_closed_R5_single_refY,GP_Ip_9.7mm_closed_R5_single_refY_004,4,GP_Ip_9.7mm_closed_R5_single_refY_004-raw04-15,True,0.8711091259317161,0.99072864977801,0.08503077259013787,0.3175049108502854,False,False,GP_Ip_9.7mm_closed_R5_single_refY_004-raw04-15,True,raw_kept,,0.8711091259317161,0.99072864977801,211.17834315395032,105.02454376220705,10.053761510837544,30.31347112864625,A,circle
S6_NDG_FCP39,GP_Ip_9.7mm_closed_R5_single_refY,GP_Ip_9.7mm_closed_R5_single_refY_004,5,GP_Ip_9.7mm_closed_R5_single_refY_004-raw05-10,True,0.8961765335126379,0.9886592217520982,0.08503077259013787,0.3175049108502854,False,False,GP_Ip_9.7mm_closed_R5_single_refY_004-raw05-10,True,raw_kept,,0.8961765335126379,0.9886592217520982,205.2462507554524,92.74362182617188,11.065248839437317,40.33118775360555,B,circle
S6_NDG_FCP39,GP_Ip_9.7mm_closed_R5_single_refY,GP_Ip_9.7mm_closed_R5_single_refY_005,1,GP_Ip_9.7mm_closed_R5_single_refY_005-raw01-09,True,0.9180951961798296,0.9905982470444352,0.08503077259013787,0.3175049108502854,False,False,GP_Ip_9.7mm_closed_R5_single_refY_005-raw01-09,True,raw_kept,,0.9180951961798296,0.9905982470444352,253.12228062097992,139.7646942138672,9.055301199087264,50.25955722497543,B,circle
S6_NDG_FCP39,GP_Ip_9.7mm_closed_R5_single_refY,GP_Ip_9.7mm_closed_R5_single_refY_005,2,GP_Ip_9.7mm_closed_R5_single_refY_005-raw02-01,True,0.9067318154755796,0.9942125817531644,0.08503077259013787,0.3175049108502854,False,False,GP_Ip_9.7mm_closed_R5_single_refY_005-raw02-01,True,raw_kept,,0.9067318154755796,0.9942125817531644,257.71508716430446,140.85195922851562,9.148438139443687,30.54638304951867,A,circle
S6_NDG_FCP39,GP_Ip_9.7mm_closed_R5_single_refY,GP_Ip_9.7mm_closed_R5_single_refY_005,3,GP_Ip_9.7mm_closed_R5_single_refY_005-raw03-01,True,0.8810354996572777,0.9981137413939452,0.08503077259013787,0.3175049108502854,False,False,GP_Ip_9.7mm_closed_R5_single_refY_005-raw03-01,True,raw_kept,,0.8810354996572777,0.9981137413939452,286.67496236353907,154.01039123535156,9.307000653139555,19.18435572108398,B,circle
S6_NDG_FCP39,GP_Ip_9.7mm_closed_R5_single_refY,GP_Ip_9.7mm_closed_R5_single_refY_005,4,GP_Ip_9.7mm_closed_R5_single_refY_005-raw04-18,True,0.8874986266922203,0.9945479327578374,0.08503077259013787,0.3175049108502854,False,False,GP_Ip_9.7mm_closed_R5_single_refY_005-raw04-18,True,raw_kept,,0.8874986266922203,0.9945479327578374,327.1629628280001,172.28311157226562,9.494922625969885,12.244125826460053,B,circle
S6_NDG_FCP39,GP_Ip_9.7mm_closed_R5_single_refY,GP_Ip_9.7mm_closed_R5_single_refY_005,5,GP_Ip_9.7mm_closed_R5_single_refY_005-raw05-01,True,0.8870931377784106,0.994839030179254,0.08503077259013787,0.3175049108502854,False,False,GP_Ip_9.7mm_closed_R5_single_refY_005-raw05-01,True,raw_kept,,0.8870931377784106,0.994839030179254,331.24278918871727,176.83631896972656,9.365801977743718,13.05042402432289,B,circle
S6_NDG_FCP39,GP_Is_10.5mm_closed_R10_single_refY,GP_Is_10.5mm_closed_R10_single_refY_004,1,GP_Is_10.5mm_closed_R10_single_refY_004-raw01-02,False,,,0.08503077259013787,0.3175049108502854,False,False,GP_Is_10.5mm_closed_R10_single_refY_004-raw01-02,False,raw_invalid,,,,,254.26705932617188,,19.35438367059025,none,none
S6_NDG_FCP39,GP_Is_10.5mm_closed_R10_single_refY,GP_Is_10.5mm_closed_R10_single_refY_004,2,GP_Is_10.5mm_closed_R10_single_refY_004-raw02-22,False,,,0.08503077259013787,0.3175049108502854,False,False,GP_Is_10.5mm_closed_R10_single_refY_004-raw02-22,False,raw_invalid,,,,,247.7382202148437,,15.762493729992856,none,none
S6_NDG_FCP39,GP_Is_10.5mm_closed_R10_single_refY,GP_Is_10.5mm_closed_R10_single_refY_004,3,GP_Is_10.5mm_closed_R10_single_refY_004-raw03-12,False,,,0.08503077259013787,0.3175049108502854,False,False,GP_Is_10.5mm_closed_R10_single_refY_004-raw03-12,False,raw_invalid,,,,,245.8598480224609,,21.57210382221245,none,none
S6_NDG_FCP39,GP_Is_10.5mm_closed_R10_single_refY,GP_Is_10.5mm_closed_R10_single_refY_004,4,GP_Is_10.5mm_closed_R10_single_refY_004-raw04-05,False,,,0.08503077259013787,0.3175049108502854,False,False,GP_Is_10.5mm_closed_R10_single_refY_004-raw04-05,False,raw_invalid,,,,,237.6018218994141,,22.02832573784604,none,none
S6_NDG_FCP39,GP_Is_10.5mm_closed_R10_single_refY,GP_Is_10.5mm_closed_R10_single_refY_004,5,GP_Is_10.5mm_closed_R10_single_refY_004-raw05-19,False,,,0.08503077259013787,0.3175049108502854,False,False,GP_Is_10.5mm_closed_R10_single_refY_004-raw05-19,False,raw_invalid,,,,,219.7953186035156,,25.941971566654725,none,none
S6_NDG_FCP39,GP_Is_10.5mm_closed_R10_single_refY,GP_Is_10.5mm_closed_R10_single_refY_005,1,GP_Is_10.5mm_closed_R10_single_refY_005-raw01-03,False,,,0.08503077259013787,0.3175049108502854,False,False,GP_Is_10.5mm_closed_R10_single_refY_005-raw01-03,False,raw_invalid,,,,,248.45594787597656,,20.3583897370468,none,none
S6_NDG_FCP39,GP_Is_10.5mm_closed_R10_single_refY,GP_Is_10.5mm_closed_R10_single_refY_005,2,GP_Is_10.5mm_closed_R10_single_refY_005-raw02-01,False,,,0.08503077259013787,0.3175049108502854,False,False,GP_Is_10.5mm_closed_R10_single_refY_005-raw02-01,False,raw_invalid,,,,,269.07818603515625,,17.424005952792697,none,none
S6_NDG_FCP39,GP_Is_10.5mm_closed_R10_single_refY,GP_Is_10.5mm_closed_R10_single_refY_005,3,GP_Is_10.5mm_closed_R10_single_refY_005-raw03-04,False,,,0.08503077259013787,0.3175049108502854,False,False,GP_Is_10.5mm_closed_R10_single_refY_005-raw03-04,False,raw_invalid,,,,,287.18121337890625,,11.832737491691262,none,none
S6_NDG_FCP39,GP_Is_10.5mm_closed_R10_single_refY,GP_Is_10.5mm_closed_R10_single_refY_005,4,GP_Is_10.5mm_closed_R10_single_refY_005-raw04-15,False,,,0.08503077259013787,0.3175049108502854,False,False,GP_Is_10.5mm_closed_R10_single_refY_005-raw04-15,False,raw_invalid,,,,,276.918212890625,,16.116792218804065,none,none
S6_NDG_FCP39,GP_Is_10.5mm_closed_R10_single_refY,GP_Is_10.5mm_closed_R10_single_refY_005,5,GP_Is_10.5mm_closed_R10_single_refY_005-raw05-21,False,,,0.08503077259013787,0.3175049108502854,False,False,GP_Is_10.5mm_closed_R10_single_refY_005-raw05-21,False,raw_invalid,,,,,310.8389892578125,,16.300349168546692,none,none
S6_NDG_FCP39,GP_Is_10.5mm_closed_R5_single_refY,GP_Is_10.5mm_closed_R5_single_refY_004,1,GP_Is_10.5mm_closed_R5_single_refY_004-raw01-01,True,0.7299905838041432,0.8161855182205395,0.08503077259013787,0.3175049108502854,False,False,GP_Is_10.5mm_closed_R5_single_refY_004-raw01-01,True,raw_kept,,0.7299905838041432,0.8161855182205395,244.83027648925784,107.36202239990234,11.402089445433198,30.26529119824893,B,ellipse
S6_NDG_FCP39,GP_Is_10.5mm_closed_R5_single_refY,GP_Is_10.5mm_closed_R5_single_refY_004,2,GP_Is_10.5mm_closed_R5_single_refY_004-raw02-23,True,0.788324053635555,0.8144504112058283,0.08503077259013787,0.3175049108502854,False,False,GP_Is_10.5mm_closed_R5_single_refY_004-raw02-23,True,raw_kept,,0.788324053635555,0.8144504112058283,267.5710754394531,119.51017761230467,11.194489071360236,23.51318962492296,A,ellipse
S6_NDG_FCP39,GP_Is_10.5mm_closed_R5_single_refY,GP_Is_10.5mm_closed_R5_single_refY_004,3,GP_Is_10.5mm_closed_R5_single_refY_004-raw03-02,True,0.7386085498742666,0.8130250387407226,0.08503077259013787,0.3175049108502854,False,False,GP_Is_10.5mm_closed_R5_single_refY_004-raw03-02,True,raw_kept,,0.7386085498742666,0.8130250387407226,265.52099609375057,117.94171142578124,11.256450024503753,21.369278063539817,A,ellipse
S6_NDG_FCP39,GP_Is_10.5mm_closed_R5_single_refY,GP_Is_10.5mm_closed_R5_single_refY_004,4,GP_Is_10.5mm_closed_R5_single_refY_004-raw04-20,True,0.7321812596006144,0.8024310595065312,0.08503077259013787,0.3175049108502854,False,False,GP_Is_10.5mm_closed_R5_single_refY_004-raw04-20,True,raw_kept,,0.7321812596006144,0.8024310595065312,249.6914978027349,108.31401824951172,11.526278031138412,19.66416641753397,B,ellipse
S6_NDG_FCP39,GP_Is_10.5mm_closed_R5_single_refY,GP_Is_10.5mm_closed_R5_single_refY_004,5,GP_Is_10.5mm_closed_R5_single_refY_004-raw05-04,True,0.748083356565375,0.8136331281664783,0.08503077259013787,0.3175049108502854,False,False,GP_Is_10.5mm_closed_R5_single_refY_004-raw05-04,True,raw_kept,,0.748083356565375,0.8136331281664783,259.14160156250034,113.40701293945312,11.425289973066,24.192684460745912,B,ellipse
S6_NDG_FCP39,GP_Is_10.5mm_closed_R5_single_refY,GP_Is_10.5mm_closed_R5_single_refY_005,1,GP_Is_10.5mm_closed_R5_single_refY_005-raw01-09,True,0.818691017720144,0.8730991085474568,0.08503077259013787,0.3175049108502854,False,False,GP_Is_10.5mm_closed_R5_single_refY_005-raw01-09,True,raw_kept,,0.818691017720144,0.8730991085474568,257.97021484375,117.93988800048828,10.936512625935425,18.37692032161289,A,ellipse
S6_NDG_FCP39,GP_Is_10.5mm_closed_R5_single_refY,GP_Is_10.5mm_closed_R5_single_refY_005,2,GP_Is_10.5mm_closed_R5_single_refY_005-raw02-19,True,0.7835804168934712,0.845930676439151,0.08503077259013787,0.3175049108502854,False,False,GP_Is_10.5mm_closed_R5_single_refY_005-raw02-19,True,raw_kept,,0.7835804168934712,0.845930676439151,270.5096130371094,120.88265228271484,11.188934389214667,16.948789015404984,A,ellipse
S6_NDG_FCP39,GP_Is_10.5mm_closed_R5_single_refY,GP_Is_10.5mm_closed_R5_single_refY_005,3,GP_Is_10.5mm_closed_R5_single_refY_005-raw03-09,True,0.7790276992651215,0.8483598030376587,0.08503077259013787,0.3175049108502854,False,False,GP_Is_10.5mm_closed_R5_single_refY_005-raw03-09,True,raw_kept,,0.7790276992651215,0.8483598030376587,286.9363403320316,131.74789428710938,10.8895987250745,18.144327229742352,A,ellipse
S6_NDG_FCP39,GP_Is_10.5mm_closed_R5_single_refY,GP_Is_10.5mm_closed_R5_single_refY_005,4,GP_Is_10.5mm_closed_R5_single_refY_005-raw04-05,True,0.8217636022514071,0.8823987329879472,0.08503077259013787,0.3175049108502854,False,False,GP_Is_10.5mm_closed_R5_single_refY_005-raw04-05,True,raw_kept,,0.8217636022514071,0.8823987329879472,318.5919189453125,149.64671325683594,10.644801747116189,14.304953282409244,A,ellipse
S6_NDG_FCP39,GP_Is_10.5mm_closed_R5_single_refY,GP_Is_10.5mm_closed_R5_single_refY_005,5,GP_Is_10.5mm_closed_R5_single_refY_005-raw05-11,True,0.9964901196869188,0.7282024233367032,0.08503077259013787,0.3175049108502854,False,False,GP_Is_10.5mm_closed_R5_single_refY_005-raw05-11,True,raw_kept,,0.9964901196869188,0.7282024233367032,375.173169089372,173.68246459960938,10.800548286617747,11.824065751901085,B,circle
S6_NDG_FCP39,GP_Is_14.0mm_closed_R10_single_refY,GP_Is_14.0mm_closed_R10_single_refY_004,1,GP_Is_14.0mm_closed_R10_single_refY_004-raw01-19,True,0.912572671620529,0.5805965906908499,0.08503077259013787,0.3175049108502854,False,False,GP_Is_14.0mm_closed_R10_single_refY_004-raw01-19,True,raw_kept,,0.912572671620529,0.5805965906908499,559.9132690429694,353.6158752441406,15.83394039242152,57.7220429201185,A,ellipse
S6_NDG_FCP39,GP_Is_14.0mm_closed_R10_single_refY,GP_Is_14.0mm_closed_R10_single_refY_004,2,GP_Is_14.0mm_closed_R10_single_refY_004-raw02-21,True,0.9898935941067504,0.6737013456807988,0.08503077259013787,0.3175049108502854,False,False,GP_Is_14.0mm_closed_R10_single_refY_004-raw02-21,True,raw_kept,,0.9898935941067504,0.6737013456807988,545.7529985023255,376.7468872070313,14.485932519527912,58.618489189990974,A,circle
S6_NDG_FCP39,GP_Is_14.0mm_closed_R10_single_refY,GP_Is_14.0mm_closed_R10_single_refY_004,3,GP_Is_14.0mm_closed_R10_single_refY_004-raw03-01,True,0.992602862408074,0.9964576729144948,0.08503077259013787,0.3175049108502854,False,False,GP_Is_14.0mm_closed_R10_single_refY_004-raw03-01,True,raw_kept,,0.992602862408074,0.9964576729144948,454.60488626118536,376.9538269042969,12.059962091235173,56.95724028721445,A,circle
S6_NDG_FCP39,GP_Is_14.0mm_closed_R10_single_refY,GP_Is_14.0mm_closed_R10_single_refY_004,4,GP_Is_14.0mm_closed_R10_single_refY_004-raw04-02,True,0.9873943061050344,0.7784647040501382,0.08503077259013787,0.3175049108502854,False,False,GP_Is_14.0mm_closed_R10_single_refY_004-raw04-02,True,raw_kept,,0.9873943061050344,0.7784647040501382,491.63095865994165,359.4049987792969,13.67902395152388,40.80553013776144,A,circle
S6_NDG_FCP39,GP_Is_14.0mm_closed_R10_single_refY,GP_Is_14.0mm_closed_R10_single_refY_004,5,GP_Is_14.0mm_closed_R10_single_refY_004-raw05-03,True,0.9884102544868067,0.798383483909505,0.08503077259013787,0.3175049108502854,False,False,GP_Is_14.0mm_closed_R10_single_refY_004-raw05-03,True,raw_kept,,0.9884102544868067,0.798383483909505,498.9365097825738,365.7313232421875,13.642159642207549,30.75826842103063,A,circle
S6_NDG_FCP39,GP_Is_14.0mm_closed_R10_single_refY,GP_Is_14.0mm_closed_R10_single_refY_005,1,GP_Is_14.0mm_closed_R10_single_refY_005-raw01-21,True,0.776585258144138,0.8435804174041585,0.08503077259013787,0.3175049108502854,False,False,GP_Is_14.0mm_closed_R10_single_refY_005-raw01-21,True,raw_kept,,0.776585258144138,0.8435804174041585,507.7839965820316,396.5304260253906,12.805675510749252,31.19077948308758,A,ellipse
S6_NDG_FCP39,GP_Is_14.0mm_closed_R10_single_refY,GP_Is_14.0mm_closed_R10_single_refY_005,2,GP_Is_14.0mm_closed_R10_single_refY_005-raw02-12,True,0.9911606050074796,0.5509565372902995,0.08503077259013787,0.3175049108502854,False,False,GP_Is_14.0mm_closed_R10_single_refY_005-raw02-12,True,raw_kept,,0.9911606050074796,0.5509565372902995,648.386882542499,413.2045593261719,15.691668155836554,33.45573629555407,A,circle
S6_NDG_FCP39,GP_Is_14.0mm_closed_R10_single_refY,GP_Is_14.0mm_closed_R10_single_refY_005,3,GP_Is_14.0mm_closed_R10_single_refY_005-raw03-10,True,0.9932532098559572,0.598696559629885,0.08503077259013787,0.3175049108502854,False,False,GP_Is_14.0mm_closed_R10_single_refY_005-raw03-10,True,raw_kept,,0.9932532098559572,0.598696559629885,648.7776746827259,445.1145324707031,14.575522193839554,36.50593615595381,B,circle
S6_NDG_FCP39,GP_Is_14.0mm_closed_R10_single_refY,GP_Is_14.0mm_closed_R10_single_refY_005,4,GP_Is_14.0mm_closed_R10_single_refY_005-raw04-17,True,0.9953664456341234,0.6467754156081472,0.08503077259013787,0.3175049108502854,False,False,GP_Is_14.0mm_closed_R10_single_refY_005-raw04-17,True,raw_kept,,0.9953664456341234,0.6467754156081472,665.2560380755917,474.5574645996094,14.018450613496825,40.51047168316193,A,circle
S6_NDG_FCP39,GP_Is_14.0mm_closed_R10_single_refY,GP_Is_14.0mm_closed_R10_single_refY_005,5,GP_Is_14.0mm_closed_R10_single_refY_005-raw05-14,True,0.740377404270337,0.9969332859754144,0.08503077259013787,0.3175049108502854,False,False,GP_Is_14.0mm_closed_R10_single_refY_005-raw05-14,True,raw_kept,,0.740377404270337,0.9969332859754144,458.0198486032992,510.5452270507813,8.971190490783728,40.27850995160209,A,circle
S6_NDG_FCP39,GP_Is_14.0mm_closed_R5_single_refY,GP_Is_14.0mm_closed_R5_single_refY_004,1,GP_Is_14.0mm_closed_R5_single_refY_004-raw01-01,True,0.7821723118419005,0.8342656080837243,0.08503077259013787,0.3175049108502854,False,False,GP_Is_14.0mm_closed_R5_single_refY_004-raw01-01,True,raw_kept,,0.7821723118419005,0.8342656080837243,280.0571899414064,101.95941925048828,13.733757606709055,38.91050324840781,A,ellipse
S6_NDG_FCP39,GP_Is_14.0mm_closed_R5_single_refY,GP_Is_14.0mm_closed_R5_single_refY_004,2,GP_Is_14.0mm_closed_R5_single_refY_004-raw02-01,True,0.7732290004590063,0.8504054575878491,0.08503077259013787,0.3175049108502854,False,False,GP_Is_14.0mm_closed_R5_single_refY_004-raw02-01,True,raw_kept,,0.7732290004590063,0.8504054575878491,303.8102722167975,111.23707580566406,13.65598070680887,38.20407968494628,B,ellipse
S6_NDG_FCP39,GP_Is_14.0mm_closed_R5_single_refY,GP_Is_14.0mm_closed_R5_single_refY_004,3,GP_Is_14.0mm_closed_R5_single_refY_004-raw03-01,True,0.8204213081461721,0.8589411230189486,0.08503077259013787,0.3175049108502854,False,False,GP_Is_14.0mm_closed_R5_single_refY_004-raw03-01,True,raw_kept,,0.8204213081461721,0.8589411230189486,407.37057495117256,155.38258361816406,13.108630499806887,43.479668854936,B,ellipse
S6_NDG_FCP39,GP_Is_14.0mm_closed_R5_single_refY,GP_Is_14.0mm_closed_R5_single_refY_004,4,GP_Is_14.0mm_closed_R5_single_refY_004-raw04-01,True,0.7700799744931849,0.8511084998041519,0.08503077259013787,0.3175049108502854,False,False,GP_Is_14.0mm_closed_R5_single_refY_004-raw04-01,True,raw_kept,,0.7700799744931849,0.8511084998041519,390.2116699218757,146.30955505371094,13.33513965573289,26.29581359833142,B,ellipse
S6_NDG_FCP39,GP_Is_14.0mm_closed_R5_single_refY,GP_Is_14.0mm_closed_R5_single_refY_004,5,GP_Is_14.0mm_closed_R5_single_refY_004-raw05-20,True,0.761585078752715,0.8520503597122302,0.08503077259013787,0.3175049108502854,False,False,GP_Is_14.0mm_closed_R5_single_refY_004-raw05-20,True,raw_kept,,0.761585078752715,0.8520503597122302,366.03283691406347,135.1721954345703,13.539501808685188,21.53085537940014,B,ellipse
S6_NDG_FCP39,GP_Is_14.0mm_closed_R5_single_refY,GP_Is_14.0mm_closed_R5_single_refY_005,1,GP_Is_14.0mm_closed_R5_single_refY_005-raw01-01,True,0.7856373883857893,0.8044671375230554,0.08503077259013787,0.3175049108502854,False,False,GP_Is_14.0mm_closed_R5_single_refY_005-raw01-01,True,raw_kept,,0.7856373883857893,0.8044671375230554,316.24609375000045,101.33092498779295,15.604618915108947,39.718860459386576,B,ellipse
S6_NDG_FCP39,GP_Is_14.0mm_closed_R5_single_refY,GP_Is_14.0mm_closed_R5_single_refY_005,2,GP_Is_14.0mm_closed_R5_single_refY_005-raw02-23,True,0.6873758594346829,0.7622800221361372,0.08503077259013787,0.3175049108502854,False,False,GP_Is_14.0mm_closed_R5_single_refY_005-raw02-23,True,raw_kept,,0.6873758594346829,0.7622800221361372,343.29891967773455,112.98681640625,15.191990118713726,27.60396592702866,B,ellipse
S6_NDG_FCP39,GP_Is_14.0mm_closed_R5_single_refY,GP_Is_14.0mm_closed_R5_single_refY_005,3,GP_Is_14.0mm_closed_R5_single_refY_005-raw03-19,True,0.7828884903470831,0.8433652530779754,0.08503077259013787,0.3175049108502854,False,False,GP_Is_14.0mm_closed_R5_single_refY_005-raw03-19,True,raw_kept,,0.7828884903470831,0.8433652530779754,359.89028930664153,127.9253387451172,14.066419242543432,47.704824057567286,A,ellipse
S6_NDG_FCP39,GP_Is_14.0mm_closed_R5_single_refY,GP_Is_14.0mm_closed_R5_single_refY_005,4,GP_Is_14.0mm_closed_R5_single_refY_005-raw04-15,True,0.941270223131052,0.993888168639402,0.08503077259013787,0.3175049108502854,False,False,GP_Is_14.0mm_closed_R5_single_refY_005-raw04-15,True,raw_kept,,0.941270223131052,0.993888168639402,321.7436164373594,135.24188232421875,11.895117507534945,46.81261066385434,A,circle
S6_NDG_FCP39,GP_Is_14.0mm_closed_R5_single_refY,GP_Is_14.0mm_closed_R5_single_refY_005,5,GP_Is_14.0mm_closed_R5_single_refY_005-raw05-16,True,0.8636004179964414,0.8846847392905308,0.08503077259013787,0.3175049108502854,False,False,GP_Is_14.0mm_closed_R5_single_refY_005-raw05-16,True,raw_kept,,0.8636004179964414,0.8846847392905308,363.5113525390631,131.1981201171875,13.853527482496336,48.06153645727368,A,ellipse
S6_NDG_FCP39,GP_Is_18.0mm_closed_R10_single_refY,GP_Is_18.0mm_closed_R10_single_refY_004,1,GP_Is_18.0mm_closed_R10_single_refY_004-raw01-02,True,0.7961700158912156,0.8683953868285665,0.08503077259013787,0.3175049108502854,False,False,GP_Is_18.0mm_closed_R10_single_refY_004-raw01-02,True,raw_kept,,0.7961700158912156,0.8683953868285665,431.8280639648443,254.73971557617188,16.95173691264169,21.607690608253005,B,ellipse
S6_NDG_FCP39,GP_Is_18.0mm_closed_R10_single_refY,GP_Is_18.0mm_closed_R10_single_refY_004,2,GP_Is_18.0mm_closed_R10_single_refY_004-raw02-15,True,0.8242416131334761,0.8786898803969803,0.08503077259013787,0.3175049108502854,False,False,GP_Is_18.0mm_closed_R10_single_refY_004-raw02-15,True,raw_kept,,0.8242416131334761,0.8786898803969803,454.57577514648455,268.96978759765625,16.90062587350779,22.53057767443128,B,ellipse
S6_NDG_FCP39,GP_Is_18.0mm_closed_R10_single_refY,GP_Is_18.0mm_closed_R10_single_refY_004,3,GP_Is_18.0mm_closed_R10_single_refY_004-raw03-02,True,0.8509477991781795,0.8952029447269992,0.08503077259013787,0.3175049108502854,False,False,GP_Is_18.0mm_closed_R10_single_refY_004-raw03-02,True,raw_kept,,0.8509477991781795,0.8952029447269992,461.9627990722663,274.4659729003906,16.83133228467346,16.455613063500255,B,ellipse
S6_NDG_FCP39,GP_Is_18.0mm_closed_R10_single_refY,GP_Is_18.0mm_closed_R10_single_refY_004,4,GP_Is_18.0mm_closed_R10_single_refY_004-raw04-15,True,0.8829266942909123,0.9388518285662962,0.08503077259013787,0.3175049108502854,False,False,GP_Is_18.0mm_closed_R10_single_refY_004-raw04-15,True,raw_kept,,0.8829266942909123,0.9388518285662962,500.7540893554697,295.4107666015625,16.95111167125688,12.358500409613711,A,ellipse
S6_NDG_FCP39,GP_Is_18.0mm_closed_R10_single_refY,GP_Is_18.0mm_closed_R10_single_refY_004,5,GP_Is_18.0mm_closed_R10_single_refY_004-raw05-04,True,0.8647680547116757,0.9148920265780732,0.08503077259013787,0.3175049108502854,False,False,GP_Is_18.0mm_closed_R10_single_refY_004-raw05-04,True,raw_kept,,0.8647680547116757,0.9148920265780732,499.6681823730469,291.8041687011719,17.12340795531069,12.125452417490209,A,ellipse
S6_NDG_FCP39,GP_Is_18.0mm_closed_R10_single_refY,GP_Is_18.0mm_closed_R10_single_refY_005,1,GP_Is_18.0mm_closed_R10_single_refY_005-raw01-19,True,0.8657639300161609,0.914265754480632,0.08503077259013787,0.3175049108502854,False,False,GP_Is_18.0mm_closed_R10_single_refY_005-raw01-19,True,raw_kept,,0.8657639300161609,0.914265754480632,423.30838012695415,260.5247802734375,16.248296215149427,22.33704629175634,A,ellipse
S6_NDG_FCP39,GP_Is_18.0mm_closed_R10_single_refY,GP_Is_18.0mm_closed_R10_single_refY_005,2,GP_Is_18.0mm_closed_R10_single_refY_005-raw02-24,True,0.7877436229614385,0.9968327292269344,0.08503077259013787,0.3175049108502854,False,False,GP_Is_18.0mm_closed_R10_single_refY_005-raw02-24,True,raw_kept,,0.7877436229614385,0.9968327292269344,377.7085296420345,284.41851806640625,13.280025935366355,26.87844264150431,B,circle
S6_NDG_FCP39,GP_Is_18.0mm_closed_R10_single_refY,GP_Is_18.0mm_closed_R10_single_refY_005,3,GP_Is_18.0mm_closed_R10_single_refY_005-raw03-23,True,0.8235404425553194,0.9977114779477342,0.08503077259013787,0.3175049108502854,False,False,GP_Is_18.0mm_closed_R10_single_refY_005-raw03-23,True,raw_kept,,0.8235404425553194,0.9977114779477342,444.78425642858895,332.74560546875,13.367096337816566,30.67787632977401,A,circle
S6_NDG_FCP39,GP_Is_18.0mm_closed_R10_single_refY,GP_Is_18.0mm_closed_R10_single_refY_005,4,GP_Is_18.0mm_closed_R10_single_refY_005-raw04-03,True,0.9056470731262536,0.929501485451108,0.08503077259013787,0.3175049108502854,False,False,GP_Is_18.0mm_closed_R10_single_refY_005-raw04-03,True,raw_kept,,0.9056470731262536,0.929501485451108,533.1918945312506,339.6563415527344,15.697981438938264,21.91576591562226,B,ellipse
S6_NDG_FCP39,GP_Is_18.0mm_closed_R10_single_refY,GP_Is_18.0mm_closed_R10_single_refY_005,5,GP_Is_18.0mm_closed_R10_single_refY_005-raw05-19,True,0.9927448856553104,0.9831047794414562,0.08503077259013787,0.3175049108502854,False,False,GP_Is_18.0mm_closed_R10_single_refY_005-raw05-19,True,raw_kept,,0.9927448856553104,0.9831047794414562,505.24061541135165,335.30938720703125,15.067893554062628,20.83676091427156,A,circle
S6_NDG_FCP39,GP_Is_18.0mm_closed_R5_single_refY,GP_Is_18.0mm_closed_R5_single_refY_004,1,GP_Is_18.0mm_closed_R5_single_refY_004-raw01-08,True,0.827015739138207,0.8731578716112307,0.08503077259013787,0.3175049108502854,False,False,GP_Is_18.0mm_closed_R5_single_refY_004-raw01-08,True,raw_kept,,0.827015739138207,0.8731578716112307,467.19345092773455,119.50194549560548,19.54752489552209,21.99051924005084,B,ellipse
S6_NDG_FCP39,GP_Is_18.0mm_closed_R5_single_refY,GP_Is_18.0mm_closed_R5_single_refY_004,2,GP_Is_18.0mm_closed_R5_single_refY_004-raw02-22,True,0.857951431702973,0.8983646364121337,0.08503077259013787,0.3175049108502854,False,False,GP_Is_18.0mm_closed_R5_single_refY_004-raw02-22,True,raw_kept,,0.857951431702973,0.8983646364121337,448.6722717285167,118.95655059814452,18.85866181696067,24.202061601803628,A,ellipse
S6_NDG_FCP39,GP_Is_18.0mm_closed_R5_single_refY,GP_Is_18.0mm_closed_R5_single_refY_004,3,GP_Is_18.0mm_closed_R5_single_refY_004-raw03-11,True,0.8702098892024573,0.8997492525798052,0.08503077259013787,0.3175049108502854,False,False,GP_Is_18.0mm_closed_R5_single_refY_004-raw03-11,True,raw_kept,,0.8702098892024573,0.8997492525798052,433.7564697265634,117.427734375,18.469081092094537,25.8523312650033,A,ellipse
S6_NDG_FCP39,GP_Is_18.0mm_closed_R5_single_refY,GP_Is_18.0mm_closed_R5_single_refY_004,4,GP_Is_18.0mm_closed_R5_single_refY_004-raw04-02,True,0.881826560536238,0.909809915666184,0.08503077259013787,0.3175049108502854,False,False,GP_Is_18.0mm_closed_R5_single_refY_004-raw04-02,True,raw_kept,,0.881826560536238,0.909809915666184,447.5407409667976,123.13348388671876,18.17299108415257,16.380819167825912,B,ellipse
S6_NDG_FCP39,GP_Is_18.0mm_closed_R5_single_refY,GP_Is_18.0mm_closed_R5_single_refY_004,5,GP_Is_18.0mm_closed_R5_single_refY_004-raw05-01,True,0.8825953661355983,0.9129617252595464,0.08503077259013787,0.3175049108502854,False,False,GP_Is_18.0mm_closed_R5_single_refY_004-raw05-01,True,raw_kept,,0.8825953661355983,0.9129617252595464,446.20913696289085,124.25519561767578,17.955351273030214,14.69115016087661,B,ellipse
S6_NDG_FCP39,GP_Is_18.0mm_closed_R5_single_refY,GP_Is_18.0mm_closed_R5_single_refY_005,1,GP_Is_18.0mm_closed_R5_single_refY_005-raw01-07,True,0.9958464119493452,0.965866714370244,0.08503077259013787,0.3175049108502854,False,False,GP_Is_18.0mm_closed_R5_single_refY_005-raw01-07,True,raw_kept,,0.9958464119493452,0.965866714370244,471.1376673189352,149.73934936523438,15.731925820305468,70.14939386189305,B,circle
S6_NDG_FCP39,GP_Is_18.0mm_closed_R5_single_refY,GP_Is_18.0mm_closed_R5_single_refY_005,2,GP_Is_18.0mm_closed_R5_single_refY_005-raw02-22,True,0.984038701371847,0.9954829408938012,0.08503077259013787,0.3175049108502854,False,False,GP_Is_18.0mm_closed_R5_single_refY_005-raw02-22,True,raw_kept,,0.984038701371847,0.9954829408938012,378.7634835945818,117.25668334960938,16.151040297859623,67.81324409314851,A,circle
S6_NDG_FCP39,GP_Is_18.0mm_closed_R5_single_refY,GP_Is_18.0mm_closed_R5_single_refY_005,3,GP_Is_18.0mm_closed_R5_single_refY_005-raw03-21,True,0.993437750829772,0.960737441875696,0.08503077259013787,0.3175049108502854,False,False,GP_Is_18.0mm_closed_R5_single_refY_005-raw03-21,True,raw_kept,,0.993437750829772,0.960737441875696,371.69560746892654,112.53988647460938,16.51394981426368,90.44329727381832,B,circle
S6_NDG_FCP39,GP_Is_18.0mm_closed_R5_single_refY,GP_Is_18.0mm_closed_R5_single_refY_005,4,GP_Is_18.0mm_closed_R5_single_refY_005-raw04-03,True,0.9899902290739332,0.9726546019762408,0.08503077259013787,0.3175049108502854,False,False,GP_Is_18.0mm_closed_R5_single_refY_005-raw04-03,True,raw_kept,,0.9899902290739332,0.9726546019762408,370.41446891815406,112.3915786743164,16.47874659682132,88.0292491179996,A,circle
S6_NDG_FCP39,GP_Is_18.0mm_closed_R5_single_refY,GP_Is_18.0mm_closed_R5_single_refY_005,5,GP_Is_18.0mm_closed_R5_single_refY_005-raw05-01,True,0.991687676843299,0.9742671083169968,0.08503077259013787,0.3175049108502854,False,False,GP_Is_18.0mm_closed_R5_single_refY_005-raw05-01,True,raw_kept,,0.991687676843299,0.9742671083169968,368.36786993095,111.53626251220705,16.513368012965,77.86879553874334,B,circle
S6_NDG_FCP39,GP_Is_4.8mm_closed_R10_single_refY,GP_Is_4.8mm_closed_R10_single_refY_004,1,GP_Is_4.8mm_closed_R10_single_refY_004-raw01-01,True,0.8037450775536447,0.7995043568630587,0.08503077259013787,0.3175049108502854,False,False,GP_Is_4.8mm_closed_R10_single_refY_004-raw01-01,True,raw_kept,,0.8037450775536447,0.7995043568630587,147.41882324218784,295.1936950683594,4.993969237996396,23.20345457842321,B,ellipse
S6_NDG_FCP39,GP_Is_4.8mm_closed_R10_single_refY,GP_Is_4.8mm_closed_R10_single_refY_004,2,GP_Is_4.8mm_closed_R10_single_refY_004-raw02-12,True,0.8474238026124818,0.841015484335614,0.08503077259013787,0.3175049108502854,False,False,GP_Is_4.8mm_closed_R10_single_refY_004-raw02-12,True,raw_kept,,0.8474238026124818,0.841015484335614,133.2359924316407,268.3162841796875,4.965631990580729,27.85266161032665,B,ellipse
S6_NDG_FCP39,GP_Is_4.8mm_closed_R10_single_refY,GP_Is_4.8mm_closed_R10_single_refY_004,3,GP_Is_4.8mm_closed_R10_single_refY_004-raw03-09,True,0.7942957297641811,0.7976638131050484,0.08503077259013787,0.3175049108502854,False,False,GP_Is_4.8mm_closed_R10_single_refY_004-raw03-09,True,raw_kept,,0.7942957297641811,0.7976638131050484,147.03190612792986,291.3860778808594,5.045948220904618,18.71450911908562,B,ellipse
S6_NDG_FCP39,GP_Is_4.8mm_closed_R10_single_refY,GP_Is_4.8mm_closed_R10_single_refY_004,4,GP_Is_4.8mm_closed_R10_single_refY_004-raw04-08,True,0.8385164874810592,0.8393037700418894,0.08503077259013787,0.3175049108502854,False,False,GP_Is_4.8mm_closed_R10_single_refY_004-raw04-08,True,raw_kept,,0.8385164874810592,0.8393037700418894,150.97157287597682,297.596435546875,5.073030280034947,15.964044004340227,A,ellipse
S6_NDG_FCP39,GP_Is_4.8mm_closed_R10_single_refY,GP_Is_4.8mm_closed_R10_single_refY_004,5,GP_Is_4.8mm_closed_R10_single_refY_004-raw05-17,True,0.8720555595331854,0.8626062322946175,0.08503077259013787,0.3175049108502854,False,False,GP_Is_4.8mm_closed_R10_single_refY_004-raw05-17,True,raw_kept,,0.8720555595331854,0.8626062322946175,147.04035949707054,293.5547180175781,5.008959164071943,15.413394629837558,B,ellipse
S6_NDG_FCP39,GP_Is_4.8mm_closed_R10_single_refY,GP_Is_4.8mm_closed_R10_single_refY_005,1,GP_Is_4.8mm_closed_R10_single_refY_005-raw01-06,True,0.8665729577769368,0.8607098748858938,0.08503077259013787,0.3175049108502854,False,False,GP_Is_4.8mm_closed_R10_single_refY_005-raw01-06,True,raw_kept,,0.8665729577769368,0.8607098748858938,170.39302062988295,343.11962890625,4.965994547529632,37.02976816078,A,ellipse
S6_NDG_FCP39,GP_Is_4.8mm_closed_R10_single_refY,GP_Is_4.8mm_closed_R10_single_refY_005,2,GP_Is_4.8mm_closed_R10_single_refY_005-raw02-05,True,0.9649548924358085,0.9583596576876688,0.08503077259013787,0.3175049108502854,False,False,GP_Is_4.8mm_closed_R10_single_refY_005-raw02-05,True,raw_kept,,0.9649548924358085,0.9583596576876688,147.7527096717177,315.6539611816406,4.680844463937974,30.94614899020608,A,circle
S6_NDG_FCP39,GP_Is_4.8mm_closed_R10_single_refY,GP_Is_4.8mm_closed_R10_single_refY_005,3,GP_Is_4.8mm_closed_R10_single_refY_005-raw03-17,True,0.9656958613034516,0.9716534595543264,0.08503077259013787,0.3175049108502854,False,False,GP_Is_4.8mm_closed_R10_single_refY_005-raw03-17,True,raw_kept,,0.9656958613034516,0.9716534595543264,154.48422562659496,329.8173217773437,4.683933057066223,30.094835726409485,A,circle
S6_NDG_FCP39,GP_Is_4.8mm_closed_R10_single_refY,GP_Is_4.8mm_closed_R10_single_refY_005,4,GP_Is_4.8mm_closed_R10_single_refY_005-raw04-24,True,0.9889442037887114,0.9813305960094952,0.08503077259013787,0.3175049108502854,False,False,GP_Is_4.8mm_closed_R10_single_refY_005-raw04-24,True,raw_kept,,0.9889442037887114,0.9813305960094952,139.07683826652843,287.0113220214844,4.845691706061598,47.10275111160163,B,circle
S6_NDG_FCP39,GP_Is_4.8mm_closed_R10_single_refY,GP_Is_4.8mm_closed_R10_single_refY_005,5,GP_Is_4.8mm_closed_R10_single_refY_005-raw05-06,True,0.9745522439665306,0.9880810488676997,0.08503077259013787,0.3175049108502854,False,False,GP_Is_4.8mm_closed_R10_single_refY_005-raw05-06,True,raw_kept,,0.9745522439665306,0.9880810488676997,134.67460518216407,278.1162414550781,4.842385488799903,72.5477274002452,B,circle
S6_NDG_FCP39,GP_Is_4.8mm_closed_R5_single_refY,GP_Is_4.8mm_closed_R5_single_refY_004,1,GP_Is_4.8mm_closed_R5_single_refY_004-raw01-17,False,,,0.08503077259013787,0.3175049108502854,False,False,GP_Is_4.8mm_closed_R5_single_refY_004-raw01-17,False,raw_invalid,,,,,146.91380310058594,,19.53769964983433,none,none
S6_NDG_FCP39,GP_Is_4.8mm_closed_R5_single_refY,GP_Is_4.8mm_closed_R5_single_refY_004,2,GP_Is_4.8mm_closed_R5_single_refY_004-raw02-07,False,,,0.08503077259013787,0.3175049108502854,False,False,GP_Is_4.8mm_closed_R5_single_refY_004-raw02-07,False,raw_invalid,,,,,159.166259765625,,14.0354142581092,none,none
S6_NDG_FCP39,GP_Is_4.8mm_closed_R5_single_refY,GP_Is_4.8mm_closed_R5_single_refY_004,3,GP_Is_4.8mm_closed_R5_single_refY_004-raw03-10,False,,,0.08503077259013787,0.3175049108502854,False,False,GP_Is_4.8mm_closed_R5_single_refY_004-raw03-10,False,raw_invalid,,,,,142.1036376953125,,12.857812217312098,none,none
S6_NDG_FCP39,GP_Is_4.8mm_closed_R5_single_refY,GP_Is_4.8mm_closed_R5_single_refY_004,4,GP_Is_4.8mm_closed_R5_single_refY_004-raw04-07,False,,,0.08503077259013787,0.3175049108502854,False,False,GP_Is_4.8mm_closed_R5_single_refY_004-raw04-07,False,raw_invalid,,,,,147.306396484375,,11.089278237603034,none,none
S6_NDG_FCP39,GP_Is_4.8mm_closed_R5_single_refY,GP_Is_4.8mm_closed_R5_single_refY_004,5,GP_Is_4.8mm_closed_R5_single_refY_004-raw05-24,False,,,0.08503077259013787,0.3175049108502854,False,False,GP_Is_4.8mm_closed_R5_single_refY_004-raw05-24,False,raw_invalid,,,,,137.4628143310547,,12.261948366499537,none,none
S6_NDG_FCP39,GP_Is_4.8mm_closed_R5_single_refY,GP_Is_4.8mm_closed_R5_single_refY_005,1,GP_Is_4.8mm_closed_R5_single_refY_005-raw01-14,False,,,0.08503077259013787,0.3175049108502854,False,False,GP_Is_4.8mm_closed_R5_single_refY_005-raw01-14,False,raw_invalid,,,,,144.76255798339844,,37.84731210665171,none,none
S6_NDG_FCP39,GP_Is_4.8mm_closed_R5_single_refY,GP_Is_4.8mm_closed_R5_single_refY_005,2,GP_Is_4.8mm_closed_R5_single_refY_005-raw02-04,False,,,0.08503077259013787,0.3175049108502854,False,False,GP_Is_4.8mm_closed_R5_single_refY_005-raw02-04,False,raw_invalid,,,,,137.17068481445312,,34.8988550698916,none,none
S6_NDG_FCP39,GP_Is_4.8mm_closed_R5_single_refY,GP_Is_4.8mm_closed_R5_single_refY_005,3,GP_Is_4.8mm_closed_R5_single_refY_005-raw03-10,False,,,0.08503077259013787,0.3175049108502854,False,False,GP_Is_4.8mm_closed_R5_single_refY_005-raw03-10,False,raw_invalid,,,,,148.41929626464844,,21.0592553665538,none,none
S6_NDG_FCP39,GP_Is_4.8mm_closed_R5_single_refY,GP_Is_4.8mm_closed_R5_single_refY_005,4,GP_Is_4.8mm_closed_R5_single_refY_005-raw04-24,False,,,0.08503077259013787,0.3175049108502854,False,False,GP_Is_4.8mm_closed_R5_single_refY_005-raw04-24,False,raw_invalid,,,,,163.23133850097656,,25.31031244807773,none,none
S6_NDG_FCP39,GP_Is_4.8mm_closed_R5_single_refY,GP_Is_4.8mm_closed_R5_single_refY_005,5,GP_Is_4.8mm_closed_R5_single_refY_005-raw05-20,False,,,0.08503077259013787,0.3175049108502854,False,False,GP_Is_4.8mm_closed_R5_single_refY_005-raw05-20,False,raw_invalid,,,,,163.19125366210938,,38.33129908430311,none,none
S6_NDG_FCP39,GP_Is_6.5mm_closed_R10_single_refY,GP_Is_6.5mm_closed_R10_single_refY_004,1,GP_Is_6.5mm_closed_R10_single_refY_004-raw01-07,True,0.8394209855246381,0.885101524912338,0.08503077259013787,0.3175049108502854,False,False,GP_Is_6.5mm_closed_R10_single_refY_004-raw01-07,True,raw_kept,,0.8394209855246381,0.885101524912338,145.62940979003932,281.9202575683594,5.165624174939865,37.97121944263129,A,ellipse
S6_NDG_FCP39,GP_Is_6.5mm_closed_R10_single_refY,GP_Is_6.5mm_closed_R10_single_refY_004,2,GP_Is_6.5mm_closed_R10_single_refY_004-raw02-04,True,0.8161340607950117,0.875524109014675,0.08503077259013787,0.3175049108502854,False,False,GP_Is_6.5mm_closed_R10_single_refY_004-raw02-04,True,raw_kept,,0.8161340607950117,0.875524109014675,144.4510650634769,270.7782897949219,5.334661991287367,32.34348176913673,B,ellipse
S6_NDG_FCP39,GP_Is_6.5mm_closed_R10_single_refY,GP_Is_6.5mm_closed_R10_single_refY_004,3,GP_Is_6.5mm_closed_R10_single_refY_004-raw03-23,True,0.8165820642978003,0.8707141297226468,0.08503077259013787,0.3175049108502854,False,False,GP_Is_6.5mm_closed_R10_single_refY_004-raw03-23,True,raw_kept,,0.8165820642978003,0.8707141297226468,154.6516571044924,281.49658203125,5.493908877633325,36.73592824003313,B,ellipse
S6_NDG_FCP39,GP_Is_6.5mm_closed_R10_single_refY,GP_Is_6.5mm_closed_R10_single_refY_004,4,GP_Is_6.5mm_closed_R10_single_refY_004-raw04-01,True,0.8064272471331456,0.8893111254851229,0.08503077259013787,0.3175049108502854,False,False,GP_Is_6.5mm_closed_R10_single_refY_004-raw04-01,True,raw_kept,,0.8064272471331456,0.8893111254851229,153.67091369628918,279.6712646484375,5.494697994427924,35.315176084277084,B,ellipse
S6_NDG_FCP39,GP_Is_6.5mm_closed_R10_single_refY,GP_Is_6.5mm_closed_R10_single_refY_004,5,GP_Is_6.5mm_closed_R10_single_refY_004-raw05-13,True,0.7822315285671553,0.8126742712294043,0.08503077259013787,0.3175049108502854,False,False,GP_Is_6.5mm_closed_R10_single_refY_004-raw05-13,True,raw_kept,,0.7822315285671553,0.8126742712294043,173.06407165527372,304.7319641113281,5.679222793708891,32.31299478917534,A,ellipse
S6_NDG_FCP39,GP_Is_6.5mm_closed_R10_single_refY,GP_Is_6.5mm_closed_R10_single_refY_005,1,GP_Is_6.5mm_closed_R10_single_refY_005-raw01-24,True,0.8154818660168803,0.8379113901084945,0.08503077259013787,0.3175049108502854,False,False,GP_Is_6.5mm_closed_R10_single_refY_005-raw01-24,True,raw_kept,,0.8154818660168803,0.8379113901084945,211.7820587158205,357.4974365234375,5.924016148908411,50.51783138651904,A,ellipse
S6_NDG_FCP39,GP_Is_6.5mm_closed_R10_single_refY,GP_Is_6.5mm_closed_R10_single_refY_005,2,GP_Is_6.5mm_closed_R10_single_refY_005-raw02-06,True,0.8088011063437467,0.8300520397394374,0.08503077259013787,0.3175049108502854,False,False,GP_Is_6.5mm_closed_R10_single_refY_005-raw02-06,True,raw_kept,,0.8088011063437467,0.8300520397394374,213.774841308594,356.0856628417969,6.003466682778814,52.3099312540643,B,ellipse
S6_NDG_FCP39,GP_Is_6.5mm_closed_R10_single_refY,GP_Is_6.5mm_closed_R10_single_refY_005,3,GP_Is_6.5mm_closed_R10_single_refY_005-raw03-05,True,0.8239589574595566,0.8425426000382922,0.08503077259013787,0.3175049108502854,False,False,GP_Is_6.5mm_closed_R10_single_refY_005-raw03-05,True,raw_kept,,0.8239589574595566,0.8425426000382922,206.9673156738286,350.1836853027344,5.910250087604868,47.138276795111786,A,ellipse
S6_NDG_FCP39,GP_Is_6.5mm_closed_R10_single_refY,GP_Is_6.5mm_closed_R10_single_refY_005,4,GP_Is_6.5mm_closed_R10_single_refY_005-raw04-21,True,0.8928006329113924,0.9218916046758768,0.08503077259013787,0.3175049108502854,False,False,GP_Is_6.5mm_closed_R10_single_refY_005-raw04-21,True,raw_kept,,0.8928006329113924,0.9218916046758768,191.3945159912113,349.5992126464844,5.474683839884662,49.19782439007111,B,ellipse
S6_NDG_FCP39,GP_Is_6.5mm_closed_R10_single_refY,GP_Is_6.5mm_closed_R10_single_refY_005,5,GP_Is_6.5mm_closed_R10_single_refY_005-raw05-12,True,0.8914689337224548,0.908648042765994,0.08503077259013787,0.3175049108502854,False,False,GP_Is_6.5mm_closed_R10_single_refY_005-raw05-12,True,raw_kept,,0.8914689337224548,0.908648042765994,185.0584106445315,345.2357177734375,5.360349497961757,47.38644850915861,A,ellipse
S6_NDG_FCP39,GP_Is_7.0mm_closed_R5_single_refY,GP_Is_7.0mm_closed_R5_single_refY_004,1,GP_Is_7.0mm_closed_R5_single_refY_004-raw01-01,True,0.8898931412700655,0.9308879093198992,0.08503077259013787,0.3175049108502854,False,False,GP_Is_7.0mm_closed_R5_single_refY_004-raw01-01,True,raw_kept,,0.8898931412700655,0.9308879093198992,198.48799133300784,103.3488311767578,9.60281742294372,23.81259912832284,B,ellipse
S6_NDG_FCP39,GP_Is_7.0mm_closed_R5_single_refY,GP_Is_7.0mm_closed_R5_single_refY_004,2,GP_Is_7.0mm_closed_R5_single_refY_004-raw02-22,True,0.991520662001328,0.956303150238006,0.08503077259013787,0.3175049108502854,False,False,GP_Is_7.0mm_closed_R5_single_refY_004-raw02-22,True,raw_kept,,0.991520662001328,0.956303150238006,189.95491935301047,112.50965881347656,8.44171608714616,34.221390986614445,A,circle
S6_NDG_FCP39,GP_Is_7.0mm_closed_R5_single_refY,GP_Is_7.0mm_closed_R5_single_refY_004,3,GP_Is_7.0mm_closed_R5_single_refY_004-raw03-14,True,0.8828216785002809,0.9322043661079432,0.08503077259013787,0.3175049108502854,False,False,GP_Is_7.0mm_closed_R5_single_refY_004-raw03-14,True,raw_kept,,0.8828216785002809,0.9322043661079432,190.3407135009768,111.06397247314452,8.568967472642909,39.65914156001411,B,ellipse
S6_NDG_FCP39,GP_Is_7.0mm_closed_R5_single_refY,GP_Is_7.0mm_closed_R5_single_refY_004,4,GP_Is_7.0mm_closed_R5_single_refY_004-raw04-10,True,0.9156946420104316,0.9327983432565364,0.08503077259013787,0.3175049108502854,False,False,GP_Is_7.0mm_closed_R5_single_refY_004-raw04-10,True,raw_kept,,0.9156946420104316,0.9327983432565364,204.9303131103516,111.57984161376952,9.18312439534159,34.86971829967735,B,ellipse
S6_NDG_FCP39,GP_Is_7.0mm_closed_R5_single_refY,GP_Is_7.0mm_closed_R5_single_refY_004,5,GP_Is_7.0mm_closed_R5_single_refY_004-raw05-01,True,0.9935499774043794,0.9445650785540938,0.08503077259013787,0.3175049108502854,False,False,GP_Is_7.0mm_closed_R5_single_refY_004-raw05-01,True,raw_kept,,0.9935499774043794,0.9445650785540938,224.1723747925228,134.11746215820312,8.357314967982767,24.245035752867462,A,circle
S6_NDG_FCP39,GP_Is_7.0mm_closed_R5_single_refY,GP_Is_7.0mm_closed_R5_single_refY_005,1,GP_Is_7.0mm_closed_R5_single_refY_005-raw01-20,True,0.979978700745474,0.9898516152508794,0.08503077259013787,0.3175049108502854,False,False,GP_Is_7.0mm_closed_R5_single_refY_005-raw01-20,True,raw_kept,,0.979978700745474,0.9898516152508794,228.24576054386927,161.7405548095703,7.055922394126831,67.3659338363353,B,circle
S6_NDG_FCP39,GP_Is_7.0mm_closed_R5_single_refY,GP_Is_7.0mm_closed_R5_single_refY_005,2,GP_Is_7.0mm_closed_R5_single_refY_005-raw02-12,True,0.9686647963014186,0.9856081922597906,0.08503077259013787,0.3175049108502854,False,False,GP_Is_7.0mm_closed_R5_single_refY_005-raw02-12,True,raw_kept,,0.9686647963014186,0.9856081922597906,218.42958854998625,155.57838439941406,7.01992083904198,46.44363565647337,B,circle
S6_NDG_FCP39,GP_Is_7.0mm_closed_R5_single_refY,GP_Is_7.0mm_closed_R5_single_refY_005,3,GP_Is_7.0mm_closed_R5_single_refY_005-raw03-09,True,0.97532414910859,0.9878087758549838,0.08503077259013787,0.3175049108502854,False,False,GP_Is_7.0mm_closed_R5_single_refY_005-raw03-09,True,raw_kept,,0.97532414910859,0.9878087758549838,209.2435240051285,147.33782958984375,7.100807870850842,39.26911774820281,B,circle
S6_NDG_FCP39,GP_Is_7.0mm_closed_R5_single_refY,GP_Is_7.0mm_closed_R5_single_refY_005,4,GP_Is_7.0mm_closed_R5_single_refY_005-raw04-03,True,0.9869014573213046,0.9831949005215376,0.08503077259013787,0.3175049108502854,False,False,GP_Is_7.0mm_closed_R5_single_refY_005-raw04-03,True,raw_kept,,0.9869014573213046,0.9831949005215376,201.20742624711824,135.20240783691406,7.4409705221308355,31.952659589409546,B,circle
S6_NDG_FCP39,GP_Is_7.0mm_closed_R5_single_refY,GP_Is_7.0mm_closed_R5_single_refY_005,5,GP_Is_7.0mm_closed_R5_single_refY_005-raw05-03,True,0.977580337125301,0.994284107946027,0.08503077259013787,0.3175049108502854,False,False,GP_Is_7.0mm_closed_R5_single_refY_005-raw05-03,True,raw_kept,,0.977580337125301,0.994284107946027,202.56914530151928,136.12709045410156,7.440442039338958,20.649430651134924,A,circle
S6_NDG_FCP39,GP_Is_7mm_closed_R10_single_refY,GP_Is_7mm_closed_R10_single_refY_004,1,GP_Is_7mm_closed_R10_single_refY_004-raw01-19,True,0.8643379032920121,0.9602441929720072,0.08503077259013787,0.3175049108502854,False,False,GP_Is_7mm_closed_R10_single_refY_004-raw01-19,True,raw_kept,,0.8643379032920121,0.9602441929720072,209.20217895507807,275.7588195800781,7.586418424391591,30.832789526102264,A,ellipse
S6_NDG_FCP39,GP_Is_7mm_closed_R10_single_refY,GP_Is_7mm_closed_R10_single_refY_004,2,GP_Is_7mm_closed_R10_single_refY_004-raw02-03,True,0.8602423768569195,0.9579841850584208,0.08503077259013787,0.3175049108502854,False,False,GP_Is_7mm_closed_R10_single_refY_004-raw02-03,True,raw_kept,,0.8602423768569195,0.9579841850584208,195.62416076660188,258.4045715332031,7.570460522656243,26.299340176010123,A,ellipse
S6_NDG_FCP39,GP_Is_7mm_closed_R10_single_refY,GP_Is_7mm_closed_R10_single_refY_004,3,GP_Is_7mm_closed_R10_single_refY_004-raw03-01,True,0.8519730435121343,0.955243976043456,0.08503077259013787,0.3175049108502854,False,False,GP_Is_7mm_closed_R10_single_refY_004-raw03-01,True,raw_kept,,0.8519730435121343,0.955243976043456,205.4046173095705,283.1093444824219,7.255310406129098,22.85911129369736,B,ellipse
S6_NDG_FCP39,GP_Is_7mm_closed_R10_single_refY,GP_Is_7mm_closed_R10_single_refY_004,4,GP_Is_7mm_closed_R10_single_refY_004-raw04-09,True,0.807710092725547,0.9788402004276642,0.08503077259013787,0.3175049108502854,False,False,GP_Is_7mm_closed_R10_single_refY_004-raw04-09,True,raw_kept,,0.807710092725547,0.9788402004276642,257.90658569336017,356.42742919921875,7.235879300108722,13.225333647320587,A,ellipse
S6_NDG_FCP39,GP_Is_7mm_closed_R10_single_refY,GP_Is_7mm_closed_R10_single_refY_004,5,GP_Is_7mm_closed_R10_single_refY_004-raw05-08,True,0.7890098268188428,0.9890043316269348,0.08503077259013787,0.3175049108502854,False,False,GP_Is_7mm_closed_R10_single_refY_004-raw05-08,True,raw_kept,,0.7890098268188428,0.9890043316269348,272.0162353515633,367.4015502929688,7.403785725309397,14.003358836967564,A,ellipse
S6_NDG_FCP39,GP_Is_7mm_closed_R10_single_refY,GP_Is_7mm_closed_R10_single_refY_005,1,GP_Is_7mm_closed_R10_single_refY_005-raw01-02,True,0.8582354411397151,0.945704977996228,0.08503077259013787,0.3175049108502854,False,False,GP_Is_7mm_closed_R10_single_refY_005-raw01-02,True,raw_kept,,0.8582354411397151,0.945704977996228,235.49328613281324,335.80157470703125,7.012870214747137,18.48881828161051,B,ellipse
S6_NDG_FCP39,GP_Is_7mm_closed_R10_single_refY,GP_Is_7mm_closed_R10_single_refY_005,2,GP_Is_7mm_closed_R10_single_refY_005-raw02-20,True,0.8512863534675615,0.9230344658407948,0.08503077259013787,0.3175049108502854,False,False,GP_Is_7mm_closed_R10_single_refY_005-raw02-20,True,raw_kept,,0.8512863534675615,0.9230344658407948,236.7170562744148,332.2528991699219,7.124604687146806,17.74473120963838,A,ellipse
S6_NDG_FCP39,GP_Is_7mm_closed_R10_single_refY,GP_Is_7mm_closed_R10_single_refY_005,3,GP_Is_7mm_closed_R10_single_refY_005-raw03-10,True,0.8569600562023284,0.9124274907107917,0.08503077259013787,0.3175049108502854,False,False,GP_Is_7mm_closed_R10_single_refY_005-raw03-10,True,raw_kept,,0.8569600562023284,0.9124274907107917,238.92463684082065,336.69873046875,7.0960955661517,18.63956478469165,B,ellipse
S6_NDG_FCP39,GP_Is_7mm_closed_R10_single_refY,GP_Is_7mm_closed_R10_single_refY_005,4,GP_Is_7mm_closed_R10_single_refY_005-raw04-02,True,0.8925821117090369,0.9869200584750328,0.08503077259013787,0.3175049108502854,False,False,GP_Is_7mm_closed_R10_single_refY_005-raw04-02,True,raw_kept,,0.8925821117090369,0.9869200584750328,222.91572663852972,347.05535888671875,6.4230596338750345,15.266386233478125,A,circle
S6_NDG_FCP39,GP_Is_7mm_closed_R10_single_refY,GP_Is_7mm_closed_R10_single_refY_005,5,GP_Is_7mm_closed_R10_single_refY_005-raw05-07,True,0.9561961074156196,0.9442160321128816,0.08503077259013787,0.3175049108502854,False,False,GP_Is_7mm_closed_R10_single_refY_005-raw05-07,True,raw_kept,,0.9561961074156196,0.9442160321128816,227.4801109403144,328.80682373046875,6.918351278706586,18.85177950906635,B,circle
S6_NDG_FCP39,GP_Is_8.8mm_closed_R10_single_refY,GP_Is_8.8mm_closed_R10_single_refY_004,1,GP_Is_8.8mm_closed_R10_single_refY_004-raw01-11,False,,,0.08503077259013787,0.3175049108502854,False,False,GP_Is_8.8mm_closed_R10_single_refY_004-raw01-11,False,raw_invalid,,,,,309.9153137207031,,35.33124673918618,none,none
S6_NDG_FCP39,GP_Is_8.8mm_closed_R10_single_refY,GP_Is_8.8mm_closed_R10_single_refY_004,2,GP_Is_8.8mm_closed_R10_single_refY_004-raw02-19,False,,,0.08503077259013787,0.3175049108502854,False,False,GP_Is_8.8mm_closed_R10_single_refY_004-raw02-19,False,raw_invalid,,,,,262.0577697753906,,23.27195737944708,none,none
S6_NDG_FCP39,GP_Is_8.8mm_closed_R10_single_refY,GP_Is_8.8mm_closed_R10_single_refY_004,3,GP_Is_8.8mm_closed_R10_single_refY_004-raw03-01,False,,,0.08503077259013787,0.3175049108502854,False,False,GP_Is_8.8mm_closed_R10_single_refY_004-raw03-01,False,raw_invalid,,,,,270.19219970703125,,19.50093526865641,none,none
S6_NDG_FCP39,GP_Is_8.8mm_closed_R10_single_refY,GP_Is_8.8mm_closed_R10_single_refY_004,4,GP_Is_8.8mm_closed_R10_single_refY_004-raw04-10,False,,,0.08503077259013787,0.3175049108502854,False,False,GP_Is_8.8mm_closed_R10_single_refY_004-raw04-10,False,raw_invalid,,,,,268.7230834960937,,18.850854901801213,none,none
S6_NDG_FCP39,GP_Is_8.8mm_closed_R10_single_refY,GP_Is_8.8mm_closed_R10_single_refY_004,5,GP_Is_8.8mm_closed_R10_single_refY_004-raw05-14,False,,,0.08503077259013787,0.3175049108502854,False,False,GP_Is_8.8mm_closed_R10_single_refY_004-raw05-14,False,raw_invalid,,,,,268.5443115234375,,14.62941256061013,none,none
S6_NDG_FCP39,GP_Is_8.8mm_closed_R10_single_refY,GP_Is_8.8mm_closed_R10_single_refY_005,1,GP_Is_8.8mm_closed_R10_single_refY_005-raw01-13,False,,,0.08503077259013787,0.3175049108502854,False,False,GP_Is_8.8mm_closed_R10_single_refY_005-raw01-13,False,raw_invalid,,,,,243.81944274902344,,43.069433587980846,none,none
S6_NDG_FCP39,GP_Is_8.8mm_closed_R10_single_refY,GP_Is_8.8mm_closed_R10_single_refY_005,2,GP_Is_8.8mm_closed_R10_single_refY_005-raw02-24,False,,,0.08503077259013787,0.3175049108502854,False,False,GP_Is_8.8mm_closed_R10_single_refY_005-raw02-24,False,raw_invalid,,,,,223.8788146972656,,50.73067366954543,none,none
S6_NDG_FCP39,GP_Is_8.8mm_closed_R10_single_refY,GP_Is_8.8mm_closed_R10_single_refY_005,3,GP_Is_8.8mm_closed_R10_single_refY_005-raw03-01,False,,,0.08503077259013787,0.3175049108502854,False,False,GP_Is_8.8mm_closed_R10_single_refY_005-raw03-01,False,raw_invalid,,,,,224.0464782714844,,47.92005748254161,none,none
S6_NDG_FCP39,GP_Is_8.8mm_closed_R10_single_refY,GP_Is_8.8mm_closed_R10_single_refY_005,4,GP_Is_8.8mm_closed_R10_single_refY_005-raw04-18,False,,,0.08503077259013787,0.3175049108502854,False,False,GP_Is_8.8mm_closed_R10_single_refY_005-raw04-18,False,raw_invalid,,,,,261.6031188964844,,37.097278597791714,none,none
S6_NDG_FCP39,GP_Is_8.8mm_closed_R10_single_refY,GP_Is_8.8mm_closed_R10_single_refY_005,5,GP_Is_8.8mm_closed_R10_single_refY_005-raw05-24,True,0.8630076769706579,0.9978217857726308,0.08503077259013787,0.3175049108502854,False,False,GP_Is_8.8mm_closed_R10_single_refY_005-raw05-24,True,raw_kept,,0.8630076769706579,0.9978217857726308,263.13994805212485,311.2996826171875,8.452946236238652,61.93907972016039,A,circle
S6_NDG_FCP39,GP_Is_8.8mm_closed_R5_single_refY,GP_Is_8.8mm_closed_R5_single_refY_004,1,GP_Is_8.8mm_closed_R5_single_refY_004-raw01-18,True,0.9943639841508404,0.2758821147917077,0.08503077259013787,0.3175049108502854,False,True,GP_Is_8.8mm_closed_R5_single_refY_004-raw01-18,True,raw_kept,,0.9943639841508404,0.2758821147917077,392.0158696694447,142.96514892578125,13.710189952411222,34.502070306052666,A,circle
S6_NDG_FCP39,GP_Is_8.8mm_closed_R5_single_refY,GP_Is_8.8mm_closed_R5_single_refY_004,2,GP_Is_8.8mm_closed_R5_single_refY_004-raw02-14,True,0.7062859383167799,0.764935267508969,0.08503077259013787,0.3175049108502854,False,False,GP_Is_8.8mm_closed_R5_single_refY_004-raw02-14,True,raw_kept,,0.7062859383167799,0.764935267508969,286.5238342285161,144.72862243652344,9.898658240673235,25.162639972167547,A,ellipse
S6_NDG_FCP39,GP_Is_8.8mm_closed_R5_single_refY,GP_Is_8.8mm_closed_R5_single_refY_004,3,GP_Is_8.8mm_closed_R5_single_refY_004-raw03-03,True,0.9943001899936668,0.31782954046029,0.08503077259013787,0.3175049108502854,False,False,GP_Is_8.8mm_closed_R5_single_refY_004-raw03-03,True,raw_kept,,0.9943001899936668,0.31782954046029,394.9665287294813,150.4698944091797,13.124436960639777,18.064668912052817,B,circle
S6_NDG_FCP39,GP_Is_8.8mm_closed_R5_single_refY,GP_Is_8.8mm_closed_R5_single_refY_004,4,GP_Is_8.8mm_closed_R5_single_refY_004-raw04-05,True,0.744934315504164,0.7989462592202318,0.08503077259013787,0.3175049108502854,False,False,GP_Is_8.8mm_closed_R5_single_refY_004-raw04-05,True,raw_kept,,0.744934315504164,0.7989462592202318,338.01983642578216,178.36114501953125,9.475713905872457,14.62854910357322,A,ellipse
S6_NDG_FCP39,GP_Is_8.8mm_closed_R5_single_refY,GP_Is_8.8mm_closed_R5_single_refY_004,5,GP_Is_8.8mm_closed_R5_single_refY_004-raw05-03,True,0.8095724657165905,0.8392823595716701,0.08503077259013787,0.3175049108502854,False,False,GP_Is_8.8mm_closed_R5_single_refY_004-raw05-03,True,raw_kept,,0.8095724657165905,0.8392823595716701,300.7814025878911,159.03250122070312,9.456601646806469,14.73687594493231,B,ellipse
S6_NDG_FCP39,GP_Is_8.8mm_closed_R5_single_refY,GP_Is_8.8mm_closed_R5_single_refY_005,1,GP_Is_8.8mm_closed_R5_single_refY_005-raw01-23,True,0.8766102592972812,0.8849716521600256,0.08503077259013787,0.3175049108502854,False,False,GP_Is_8.8mm_closed_R5_single_refY_005-raw01-23,True,raw_kept,,0.8766102592972812,0.8849716521600256,276.33605957031307,151.86769104003906,9.097921278643067,43.40366210824352,A,ellipse
S6_NDG_FCP39,GP_Is_8.8mm_closed_R5_single_refY,GP_Is_8.8mm_closed_R5_single_refY_005,2,GP_Is_8.8mm_closed_R5_single_refY_005-raw02-06,True,0.8551623122253637,0.8574826560951437,0.08503077259013787,0.3175049108502854,False,False,GP_Is_8.8mm_closed_R5_single_refY_005-raw02-06,True,raw_kept,,0.8551623122253637,0.8574826560951437,278.7686462402352,150.80612182617188,9.242617039166346,26.731852171484626,A,ellipse
S6_NDG_FCP39,GP_Is_8.8mm_closed_R5_single_refY,GP_Is_8.8mm_closed_R5_single_refY_005,3,GP_Is_8.8mm_closed_R5_single_refY_005-raw03-08,True,0.9911215563389476,0.7323776223776224,0.08503077259013787,0.3175049108502854,False,False,GP_Is_8.8mm_closed_R5_single_refY_005-raw03-08,True,raw_kept,,0.9911215563389476,0.7323776223776224,325.19431117769847,176.27394104003906,9.224117565506551,22.60556422706416,A,circle
S6_NDG_FCP39,GP_Is_8.8mm_closed_R5_single_refY,GP_Is_8.8mm_closed_R5_single_refY_005,4,GP_Is_8.8mm_closed_R5_single_refY_005-raw04-24,True,0.9909593169261678,0.9817181685811356,0.08503077259013787,0.3175049108502854,False,False,GP_Is_8.8mm_closed_R5_single_refY_005-raw04-24,True,raw_kept,,0.9909593169261678,0.9817181685811356,282.1563123941641,166.7183380126953,8.4620658938154,25.42069349312488,A,circle
S6_NDG_FCP39,GP_Is_8.8mm_closed_R5_single_refY,GP_Is_8.8mm_closed_R5_single_refY_005,5,GP_Is_8.8mm_closed_R5_single_refY_005-raw05-02,True,0.996118511072017,0.9617369414726245,0.08503077259013787,0.3175049108502854,False,False,GP_Is_8.8mm_closed_R5_single_refY_005-raw05-02,True,raw_kept,,0.996118511072017,0.9617369414726245,285.46278650567035,166.97390747070312,8.548125597281029,23.662784160679944,A,circle
S6_NDG_FCP39,GP_Is_9.79mm_closed_R10_single_refY,GP_Is_9.79mm_closed_R10_single_refY_004,1,GP_Is_9.79mm_closed_R10_single_refY_004-raw01-22,False,,,0.08503077259013787,0.3175049108502854,False,False,GP_Is_9.79mm_closed_R10_single_refY_004-raw01-22,False,raw_invalid,,,,,206.98699951171875,,69.75255424923367,none,none
S6_NDG_FCP39,GP_Is_9.79mm_closed_R10_single_refY,GP_Is_9.79mm_closed_R10_single_refY_004,2,GP_Is_9.79mm_closed_R10_single_refY_004-raw02-02,False,,,0.08503077259013787,0.3175049108502854,False,False,GP_Is_9.79mm_closed_R10_single_refY_004-raw02-02,False,raw_invalid,,,,,214.16241455078125,,47.60931286719873,none,none
S6_NDG_FCP39,GP_Is_9.79mm_closed_R10_single_refY,GP_Is_9.79mm_closed_R10_single_refY_004,3,GP_Is_9.79mm_closed_R10_single_refY_004-raw03-15,False,,,0.08503077259013787,0.3175049108502854,False,False,GP_Is_9.79mm_closed_R10_single_refY_004-raw03-15,False,raw_invalid,,,,,184.7167053222656,,43.89560327282187,none,none
S6_NDG_FCP39,GP_Is_9.79mm_closed_R10_single_refY,GP_Is_9.79mm_closed_R10_single_refY_004,4,GP_Is_9.79mm_closed_R10_single_refY_004-raw04-04,False,,,0.08503077259013787,0.3175049108502854,False,False,GP_Is_9.79mm_closed_R10_single_refY_004-raw04-04,False,raw_invalid,,,,,189.69461059570312,,45.33537901323107,none,none
S6_NDG_FCP39,GP_Is_9.79mm_closed_R10_single_refY,GP_Is_9.79mm_closed_R10_single_refY_004,5,GP_Is_9.79mm_closed_R10_single_refY_004-raw05-12,False,,,0.08503077259013787,0.3175049108502854,False,False,GP_Is_9.79mm_closed_R10_single_refY_004-raw05-12,False,raw_invalid,,,,,197.19546508789065,,56.20367181801501,none,none
S6_NDG_FCP39,GP_Is_9.79mm_closed_R10_single_refY,GP_Is_9.79mm_closed_R10_single_refY_005,1,GP_Is_9.79mm_closed_R10_single_refY_005-raw01-03,False,,,0.08503077259013787,0.3175049108502854,False,False,GP_Is_9.79mm_closed_R10_single_refY_005-raw01-03,False,raw_invalid,,,,,233.093017578125,,14.399154349714443,none,none
S6_NDG_FCP39,GP_Is_9.79mm_closed_R10_single_refY,GP_Is_9.79mm_closed_R10_single_refY_005,2,GP_Is_9.79mm_closed_R10_single_refY_005-raw02-10,False,,,0.08503077259013787,0.3175049108502854,False,False,GP_Is_9.79mm_closed_R10_single_refY_005-raw02-10,False,raw_invalid,,,,,260.9122009277344,,12.76416979131698,none,none
S6_NDG_FCP39,GP_Is_9.79mm_closed_R10_single_refY,GP_Is_9.79mm_closed_R10_single_refY_005,3,GP_Is_9.79mm_closed_R10_single_refY_005-raw03-21,False,,,0.08503077259013787,0.3175049108502854,False,False,GP_Is_9.79mm_closed_R10_single_refY_005-raw03-21,False,raw_invalid,,,,,239.21766662597656,,13.175154443094458,none,none
S6_NDG_FCP39,GP_Is_9.79mm_closed_R10_single_refY,GP_Is_9.79mm_closed_R10_single_refY_005,4,GP_Is_9.79mm_closed_R10_single_refY_005-raw04-23,False,,,0.08503077259013787,0.3175049108502854,False,False,GP_Is_9.79mm_closed_R10_single_refY_005-raw04-23,False,raw_invalid,,,,,227.79327392578125,,13.011638192560634,none,none
S6_NDG_FCP39,GP_Is_9.79mm_closed_R10_single_refY,GP_Is_9.79mm_closed_R10_single_refY_005,5,GP_Is_9.79mm_closed_R10_single_refY_005-raw05-22,False,,,0.08503077259013787,0.3175049108502854,False,False,GP_Is_9.79mm_closed_R10_single_refY_005-raw05-22,False,raw_invalid,,,,,261.3434753417969,,13.841427231395391,none,none
