geometry,stem,group,capture,bin,frame_index,ring_px,ring_mm,valid,L_px,Dxy_i_mm,fit_reason,fit_shape,residual,angular_coverage,edge_inlier_fraction,supported_arc_count,supported_arc_length_fraction,supported_arc_ids,uncertain_inlier_fraction,C_diag,P_diag,trusted_arc_count,trusted_point_count,uncertain_point_count,cut_point_count,small_fit_failure,candidate_count,near_optimal_count,diameter_spread,best_score,edge_loss,tangent_loss,occlusion_loss,background_loss,occlusion_endpoint_count,ellipse_cx,ellipse_cy,ellipse_major_diameter_px,ellipse_minor_diameter_px,ellipse_angle_deg,ellipse_axis_ratio
G3_occlusion_aware_amodal,GP_IIa_14.0mm_closed_R10_single_refY_004-raw01-01,GP_IIa_14.0mm_closed_R10_single_refY,GP_IIa_14.0mm_closed_R10_single_refY_004,1,53,216.1426696777344,10.0,True,302.03811747491966,13.974016233132222,ok,ellipse,3.092992846034776,0.9722222222222222,0.65527950310559,2.0,,A1|A4,,0.9708744078863142,0.9837679296074572,4,644,0,548,False,3,3.0,3.9845866610192825e-07,0.1943371231777405,0.0370709426271097,0.4030788521688772,0.5,0.0047154574767294,4.0,190.589492379474,157.5126249964665,302.03811747491966,177.62901122168677,11.54446182288919,1.7003873150989186
G3_occlusion_aware_amodal,GP_IIa_14.0mm_closed_R10_single_refY_004-raw02-17,GP_IIa_14.0mm_closed_R10_single_refY,GP_IIa_14.0mm_closed_R10_single_refY_004,2,373,227.06301879882807,10.0,True,306.8574478936894,13.514197490942244,ok,ellipse,3.133919752361772,0.9722222222222222,0.6257763975155279,2.0,,A1|A4,,0.968502508917236,0.9829146865806744,4,644,0,534,False,3,3.0,7.448366543401752e-08,0.2063332149201598,0.0355224235430037,0.471087527046557,0.5,0.0045522456224134,4.0,202.61084805670265,161.73145920885392,306.8574478936894,185.12026371679917,0.1907463449148849,1.6576113372608758
G3_occlusion_aware_amodal,GP_IIa_14.0mm_closed_R10_single_refY_004-raw03-02,GP_IIa_14.0mm_closed_R10_single_refY,GP_IIa_14.0mm_closed_R10_single_refY_004,3,445,236.00230407714844,10.0,True,307.546523493256,13.031505124319464,ok,ellipse,3.052821555042004,0.9722222222222222,0.6345864661654136,2.0,,A1|A6,,0.9553542731921112,0.9876689501944084,6,665,0,529,False,3,3.0,1.2400686195309478e-06,0.1523388760121787,0.0336090705836028,0.4979067802589413,0.12,0.0032812839336788,10.0,209.26341180984423,165.68283704073903,307.546523493256,187.8355967414101,177.72677290838382,1.6373175736048038
G3_occlusion_aware_amodal,GP_IIa_14.0mm_closed_R10_single_refY_004-raw04-11,GP_IIa_14.0mm_closed_R10_single_refY,GP_IIa_14.0mm_closed_R10_single_refY_004,4,709,256.7765197753906,10.0,True,325.1380321247686,12.662296085684767,ok,ellipse,4.581271829455307,0.9722222222222222,0.5596816976127321,2.0,,A1|A5,,0.952202972473837,0.9848078888489904,5,754,0,594,False,3,3.0,3.99433051866896e-06,0.1264912484199813,0.0432254417065676,0.2838820482176654,0.1666666666666666,0.0042554201996589,6.0,215.9148801132708,188.55218625726152,325.1380321247686,229.40069572750167,169.01107446156465,1.4173367307961022
G3_occlusion_aware_amodal,GP_IIa_14.0mm_closed_R10_single_refY_004-raw05-14,GP_IIa_14.0mm_closed_R10_single_refY,GP_IIa_14.0mm_closed_R10_single_refY_004,5,927,297.1871643066406,10.0,True,352.4824515841464,11.860621652570822,ok,ellipse,5.004238204181943,0.9722222222222222,0.5790671217292378,2.0,,A1|A5,,0.9336878472830328,0.9851102827604672,5,879,0,666,False,3,3.0,5.548940620013363e-06,0.0996795750332038,0.0392964533940703,0.2933273297105446,0.0,0.0049075877057844,8.0,231.57304088998796,216.70351546630576,352.4824515841464,277.0976251951896,161.79601044297712,1.2720515065253817
G3_occlusion_aware_amodal,GP_IIa_14.0mm_closed_R10_single_refY_005-raw01-16,GP_IIa_14.0mm_closed_R10_single_refY,GP_IIa_14.0mm_closed_R10_single_refY_005,1,155,233.70021057128903,10.0,True,298.5312374734975,12.774110761121122,ok,ellipse,3.261715180101903,0.9722222222222222,0.7237026647966339,2.0,,A1|A4,0.0,0.954555993507999,0.987720172327892,4,713,2,686,False,3,3.0,3.761730268842246e-07,0.1299935612813031,0.0316577662306813,0.353708091246196,0.175,0.0038405051468073,8.0,190.5918226491202,187.68075948198384,298.5312374734975,237.1042405495619,10.523196812313444,1.2590716926089542
G3_occlusion_aware_amodal,GP_IIa_14.0mm_closed_R10_single_refY_005-raw02-23,GP_IIa_14.0mm_closed_R10_single_refY,GP_IIa_14.0mm_closed_R10_single_refY_005,2,377,232.48146057128903,10.0,True,280.51598229082794,12.066165689147905,ok,ellipse,4.510865450907921,1.0,0.532033426183844,2.0,,A1|A6,,0.935243292405639,0.98263078604555,6,718,0,534,False,3,3.0,3.6862575023602485e-05,0.0867385639820159,0.0423410417589884,0.2093707706150618,0.0,0.0072096231429003,6.0,187.69593798738495,197.98157399259892,280.51598229082794,242.8608692422059,143.07478698601136,1.155048086446024
G3_occlusion_aware_amodal,GP_IIa_14.0mm_closed_R10_single_refY_005-raw03-04,GP_IIa_14.0mm_closed_R10_single_refY,GP_IIa_14.0mm_closed_R10_single_refY_005,3,413,238.28582763671875,10.0,True,291.9566356059508,12.252370965639487,ok,ellipse,4.013962285100183,1.0,0.56,2.0,,A1|A2,,0.942987308818744,0.9810711502059904,2,750,0,568,False,3,3.0,5.84025768377483e-07,0.0831138116314708,0.0370194229018344,0.2184693976812341,0.0,0.0068585976953987,4.0,195.06050246298904,199.73568505935123,291.9566356059508,247.69863652145247,152.75266082360105,1.178676797361641
G3_occlusion_aware_amodal,GP_IIa_14.0mm_closed_R10_single_refY_005-raw04-20,GP_IIa_14.0mm_closed_R10_single_refY,GP_IIa_14.0mm_closed_R10_single_refY_005,4,699,262.50390625,10.0,True,319.97032253157727,12.189164233878037,ok,ellipse,4.434040622004436,1.0,0.5607940446650124,2.0,,A1|A5,,0.927685605709519,0.985313751668892,5,806,0,606,False,3,3.0,2.546953660765405e-07,0.0780727463194838,0.0369983847728234,0.1961263918703094,0.0,0.0052830947788527,6.0,206.5898291437366,220.6055386758292,319.97032253157727,255.67487369153693,129.9853992830321,1.251473474540993
G3_occlusion_aware_amodal,GP_IIa_14.0mm_closed_R10_single_refY_005-raw05-04,GP_IIa_14.0mm_closed_R10_single_refY,GP_IIa_14.0mm_closed_R10_single_refY_005,5,757,273.0774230957031,10.0,True,336.24835611889887,12.313297536906108,ok,ellipse,4.865460434040667,1.0,0.5797438882421421,4.0,,A1|A2|A3|A8,,0.931564681724846,0.986369321433871,8,859,0,660,False,3,3.0,5.980517349262991e-06,0.0952079087505436,0.0381913416301679,0.1878731259184032,0.1166666666666666,0.0055484055334142,12.0,208.19274558152392,231.1288412761402,336.24835611889887,273.78231562396314,130.0130328355179,1.228159515535445
G3_occlusion_aware_amodal,GP_IIa_14.0mm_closed_R5_single_refY_004-raw01-11,GP_IIa_14.0mm_closed_R5_single_refY,GP_IIa_14.0mm_closed_R5_single_refY_004,1,142,114.76056671142578,5.0,True,317.7544773649872,13.844236154915702,ok,ellipse,6.282400238518194,0.9166666666666666,0.2363636363636363,0.0,,,0.0145985401459854,0.908279781188592,0.8852670602773582,4,715,274,116,False,6,6.0,8.71128678177749e-06,0.3300447585573236,0.1350448645505106,0.5339747844599574,0.35,0.1020141060423472,4.0,224.22394936610257,169.82147490962103,317.7544773649872,191.06805716130293,10.264664010379532,1.663043431151516
G3_occlusion_aware_amodal,GP_IIa_14.0mm_closed_R5_single_refY_004-raw02-18,GP_IIa_14.0mm_closed_R5_single_refY,GP_IIa_14.0mm_closed_R5_single_refY_004,2,407,110.65530395507812,5.0,True,399.6481356305891,18.05824580233547,ok,ellipse,1.0576470439808134,0.8055555555555556,0.6949404761904762,1.0,,A1,0.0,0.9879146787458,0.9847626675820508,1,672,518,0,False,1,1.0,0.0,0.3113420010300904,0.0271314070222002,0.7886362821445453,0.8,0.018523821654232,2.0,237.44548981984573,179.24666232763954,399.6481356305891,210.29135041395497,170.84578047578557,1.9004497086726984
G3_occlusion_aware_amodal,GP_IIa_14.0mm_closed_R5_single_refY_004-raw03-16,GP_IIa_14.0mm_closed_R5_single_refY,GP_IIa_14.0mm_closed_R5_single_refY_004,3,595,116.0587921142578,5.0,True,388.2117131418779,16.72478689764798,ok,ellipse,1.4039653915175287,0.8055555555555556,0.6551724137931034,1.0,,A1,0.0,0.9891231468375176,0.9711274233013364,2,696,511,0,False,3,3.0,3.021830750876735e-09,0.3462427569096057,0.0326035577271005,0.8435048305578507,0.9,0.028394951631243,2.0,222.44090319030477,189.62544648860148,388.2117131418779,220.30422254138995,154.71057947984227,1.7621619261925046
G3_occlusion_aware_amodal,GP_IIa_14.0mm_closed_R5_single_refY_004-raw04-16,GP_IIa_14.0mm_closed_R5_single_refY,GP_IIa_14.0mm_closed_R5_single_refY_004,4,800,138.7677764892578,5.0,True,418.60176729081473,15.082815977930556,ok,ellipse,2.4286050133270423,1.0,0.5454545454545454,1.0,,A4,0.0108695652173913,0.9692151207704588,0.9915797079298032,4,968,460,112,False,4,4.0,2.556125383352879e-07,0.1974149834153586,0.0424460249455097,0.5278562683358677,0.3,0.0125648708647866,6.0,225.71965841797424,237.1020513784409,418.60176729081473,288.31440156630873,137.34799411565714,1.4518933671599528
G3_occlusion_aware_amodal,GP_IIa_14.0mm_closed_R5_single_refY_004-raw05-14,GP_IIa_14.0mm_closed_R5_single_refY,GP_IIa_14.0mm_closed_R5_single_refY_004,5,990,135.64784240722656,5.0,True,427.5692893346555,15.760268712975748,ok,ellipse,2.7793376312008826,1.0,0.4978813559322034,1.0,,A3,0.0212389380530973,0.973919182147386,0.9894130834913298,3,944,565,0,False,2,2.0,5.1727575993172784e-08,0.1609709585412127,0.0512725443428053,0.3958850101992491,0.1666666666666666,0.0157754633101644,6.0,245.35817384979893,205.43109746121144,427.5692893346555,276.8980725414336,153.57496066348963,1.5441396374136056
G3_occlusion_aware_amodal,GP_IIa_14.0mm_closed_R5_single_refY_005-raw01-09,GP_IIa_14.0mm_closed_R5_single_refY,GP_IIa_14.0mm_closed_R5_single_refY_005,1,117,116.111328125,5.0,True,326.22863489002464,14.048096777379993,ok,ellipse,4.5395643620364,1.0,0.3725714285714285,1.0,,A3,0.0389610389610389,0.9301801801801802,0.9461377074194164,3,875,154,431,False,5,5.0,1.505302857784069e-05,0.2014816387359014,0.0871615636085796,0.3417637593134003,0.2,0.0456209236132619,4.0,202.95952142122505,200.13392785263463,326.22863489002464,271.86405733296914,19.965708673788185,1.1999697131367084
G3_occlusion_aware_amodal,GP_IIa_14.0mm_closed_R5_single_refY_005-raw02-11,GP_IIa_14.0mm_closed_R5_single_refY,GP_IIa_14.0mm_closed_R5_single_refY_005,2,326,109.9199676513672,5.0,True,319.1234682363988,14.51617367867873,ok,ellipse,3.5349044919744537,1.0,0.3645833333333333,1.0,,A4,0.0,0.9512132316529662,0.9728653813048718,4,768,337,219,False,3,3.0,1.132566269987221e-05,0.2137025246877821,0.0728584357181726,0.3504120110804634,0.4,0.0307476764386194,4.0,186.82572100105145,180.34706055461072,319.1234682363988,252.95006084449736,26.96276671627234,1.2616066079248027
G3_occlusion_aware_amodal,GP_IIa_14.0mm_closed_R5_single_refY_005-raw03-20,GP_IIa_14.0mm_closed_R5_single_refY,GP_IIa_14.0mm_closed_R5_single_refY_005,3,592,106.94412231445312,5.0,False,,,insufficient_multiarc_or_occlusion_endpoints,none,,,,,,,,,,1,845,0,0,True,0,,,,,,,,,,,,,,
G3_occlusion_aware_amodal,GP_IIa_14.0mm_closed_R5_single_refY_005-raw04-08,GP_IIa_14.0mm_closed_R5_single_refY,GP_IIa_14.0mm_closed_R5_single_refY_005,4,688,110.79039764404295,5.0,True,316.69523720578434,14.292539964667805,ok,ellipse,2.343809003648269,1.0,0.5375153751537516,1.0,,A4,0.0,0.9680547955544654,0.985480610181952,4,813,118,509,False,1,1.0,0.0,0.2599387210135736,0.0462871184119097,0.3272644347029526,0.95,0.0162820447459238,4.0,196.1067866807188,181.1867516298894,316.69523720578434,269.8809455313164,160.8929184423563,1.1734627525567036
G3_occlusion_aware_amodal,GP_IIa_14.0mm_closed_R5_single_refY_005-raw05-24,GP_IIa_14.0mm_closed_R5_single_refY,GP_IIa_14.0mm_closed_R5_single_refY_005,5,1011,119.56922912597656,5.0,True,344.18416714259706,14.392673167607745,ok,ellipse,2.8313185074488194,1.0,0.4808153477218225,1.0,,A7,0.0,0.9665477801008486,0.9817852698269036,7,834,62,534,False,2,2.0,2.770603888815228e-07,0.1805406966505793,0.0523275728269221,0.3524178472057538,0.3399999999999999,0.0192272982357325,10.0,201.970022708516,207.353924714281,344.18416714259706,266.3389928402924,136.68915482249312,1.2922785487477748
G3_occlusion_aware_amodal,GP_IIa_22.0mm_closed_R10_single_refY_005-raw01-20,GP_IIa_22.0mm_closed_R10_single_refY,GP_IIa_22.0mm_closed_R10_single_refY_005,1,231,186.12355041503903,10.0,True,427.4618160710535,22.96656253965989,ok,ellipse,2.434405491066795,1.0,0.6181015452538632,1.0,,A1,0.0,0.9769372973300604,0.9832625892340344,2,906,6,515,False,3,3.0,8.771661795900144e-08,0.1788590935921637,0.0392826179123012,0.4431985971562719,0.3,0.0169621607103088,4.0,253.67444528125944,183.5193774464624,427.4618160710535,218.4253687257624,11.660105216327906,1.957015426206013
G3_occlusion_aware_amodal,GP_IIa_22.0mm_closed_R10_single_refY_005-raw02-06,GP_IIa_22.0mm_closed_R10_single_refY,GP_IIa_22.0mm_closed_R10_single_refY_005,2,321,184.33563232421875,10.0,True,419.64749978890205,22.76540322116372,ok,ellipse,2.19343375889279,1.0,0.6782511210762332,2.0,,A1|A3,0.0,0.9801555538775202,0.9873051117439784,3,892,2,539,False,3,3.0,6.318947600124645e-08,0.1601143661998824,0.0339941923746124,0.3447456066375109,0.35,0.0133458642793366,4.0,249.95223661388172,184.02962960733905,419.64749978890205,224.4063934569982,7.597633725371622,1.870033617688869
G3_occlusion_aware_amodal,GP_IIa_22.0mm_closed_R10_single_refY_005-raw03-19,GP_IIa_22.0mm_closed_R10_single_refY,GP_IIa_22.0mm_closed_R10_single_refY_005,3,654,198.9358062744141,10.0,True,447.0086269508112,22.46999347790628,ok,ellipse,2.099425637884795,1.0,0.7962382445141066,2.0,,A1|A3,0.0,0.9889676204143868,0.9863440801655592,3,957,1,593,False,3,3.0,1.650651614493883e-08,0.1565328894522328,0.0295073362391952,0.3916423365436688,0.3,0.010563102583725,4.0,265.7440127142045,196.89704387867252,447.0086269508112,249.1517822632198,177.85197173069213,1.794121731300974
G3_occlusion_aware_amodal,GP_IIa_22.0mm_closed_R10_single_refY_005-raw04-05,GP_IIa_22.0mm_closed_R10_single_refY,GP_IIa_22.0mm_closed_R10_single_refY_005,4,744,199.9667053222656,10.0,True,448.1499073297403,22.41122623926336,ok,ellipse,1.9128724502803809,1.0,0.7927083333333333,2.0,,A1|A4,,0.9849375785824052,0.990411126353104,4,960,0,596,False,3,3.0,6.468195136676507e-10,0.1615545975156036,0.0267039133103424,0.3935702471336591,0.35,0.0103903850815125,4.0,267.0360330895445,197.57272135153403,448.1499073297403,250.74805713333504,174.58811637055973,1.7872517635956675
G3_occlusion_aware_amodal,GP_IIa_22.0mm_closed_R10_single_refY_005-raw05-01,GP_IIa_22.0mm_closed_R10_single_refY,GP_IIa_22.0mm_closed_R10_single_refY_005,5,924,223.5740661621093,10.0,True,496.8216675540875,22.221793255477657,ok,ellipse,1.8743233472824177,1.0,0.765639589169001,2.0,,A1|A3,0.0,0.98379252776424,0.99250381443071,3,1071,3,645,False,3,3.0,1.119634423674084e-08,0.1524248343519318,0.0236776624349577,0.4031898538512245,0.3,0.0088834318477975,4.0,286.39199108552026,217.95288487518232,496.8216675540875,276.9830597221733,167.32248094331135,1.7936897225860036
G3_occlusion_aware_amodal,GP_IIa_22.0mm_closed_R10_single_refY_006-raw01-09,GP_IIa_22.0mm_closed_R10_single_refY,GP_IIa_22.0mm_closed_R10_single_refY_006,1,86,226.8495483398437,10.0,True,478.39768363074353,21.08876509262673,ok,ellipse,2.9061483539465813,1.0,0.7272727272727273,2.0,,A1|A2,0.0,0.9655813697826964,0.9920745344175452,2,1111,3,946,False,3,3.0,6.445607474113489e-07,0.0660750296812357,0.029827825740507,0.1664405854817276,0.0,0.0084545338410946,4.0,273.74127960881094,232.35061915772133,478.39768363074353,326.2521525265927,15.096240279136312,1.466343378659393
G3_occlusion_aware_amodal,GP_IIa_22.0mm_closed_R10_single_refY_006-raw02-15,GP_IIa_22.0mm_closed_R10_single_refY,GP_IIa_22.0mm_closed_R10_single_refY_006,2,264,230.0719146728516,10.0,True,482.2686178063248,20.961646643923565,ok,ellipse,2.6936386978511284,1.0,0.664612676056338,1.0,,A3,0.0,0.9686553564455244,0.9919026763990269,3,1136,4,1011,False,3,3.0,1.1744795020919879e-07,0.0728933838410321,0.0266441445743182,0.2165491335554059,0.0,0.008398321587522,6.0,280.626143474174,235.48747121059824,482.2686178063248,346.3204351057831,6.046921183145437,1.392550276910505
G3_occlusion_aware_amodal,GP_IIa_22.0mm_closed_R10_single_refY_006-raw03-18,GP_IIa_22.0mm_closed_R10_single_refY,GP_IIa_22.0mm_closed_R10_single_refY_006,3,424,225.2893218994141,10.0,True,474.2196060314839,21.04936008654732,ok,ellipse,1.5598281846805278,1.0,0.7368421052631579,1.0,,A6,0.0,0.9784417716045568,0.993031598604354,6,1121,4,1042,False,3,3.0,1.534158029310422e-07,0.0623979365708478,0.0155276224796206,0.1472231647654774,0.1,0.0069305175375189,4.0,276.5205070939291,232.4208224005845,474.2196060314839,354.7667471709862,168.287661862088,1.336708160539424
G3_occlusion_aware_amodal,GP_IIa_22.0mm_closed_R10_single_refY_006-raw04-23,GP_IIa_22.0mm_closed_R10_single_refY,GP_IIa_22.0mm_closed_R10_single_refY_006,4,595,239.19583129882807,10.0,True,495.5652129387075,20.717970302734766,ok,ellipse,1.6431287919015882,1.0,0.8634840871021775,2.0,,A2|A3,0.8,0.9881076168249494,0.9928550572797692,3,1194,5,1223,False,2,2.0,1.0253365631134212e-05,0.0747602039260138,0.014986331520652,0.0880399930286038,0.2666666666666666,0.0061882108561172,6.0,280.1118135377801,254.918556996053,495.5652129387075,398.5413308058778,154.14787542530053,1.2434474786759022
G3_occlusion_aware_amodal,GP_IIa_22.0mm_closed_R10_single_refY_006-raw05-20,GP_IIa_22.0mm_closed_R10_single_refY,GP_IIa_22.0mm_closed_R10_single_refY_006,5,723,251.070068359375,10.0,True,515.7384116096396,20.54161274498979,ok,ellipse,2.747278915513479,1.0,0.7702127659574468,1.0,,A13,0.0,0.9768293812853244,0.9904128147912018,13,1175,58,1230,False,3,3.0,3.1876900775412185e-08,0.0569498082380831,0.0233864277425283,0.0529746805482818,0.1333333333333333,0.0084812696739952,6.0,291.6145360807762,212.42300825823705,515.7384116096396,406.9340966182571,152.84257712404377,1.2673757640256211
G3_occlusion_aware_amodal,GP_IIa_22.0mm_closed_R5_single_refY_004-raw01-08,GP_IIa_22.0mm_closed_R5_single_refY,GP_IIa_22.0mm_closed_R5_single_refY_004,1,129,104.93380737304688,5.0,True,468.99827363946633,22.34733902164368,ok,ellipse,1.316113095828388,1.0,0.7114093959731543,1.0,,A3,0.0380952380952381,0.9886010148507176,0.9952112556680934,3,1043,105,350,False,2,2.0,6.596865453402198e-10,0.1156786020536753,0.0321138924899829,0.2191222333314603,0.2333333333333333,0.0135436082782867,6.0,266.8639734777773,198.7748983289314,468.99827363946633,286.9983358034073,19.21157629963637,1.6341498020418077
G3_occlusion_aware_amodal,GP_IIa_22.0mm_closed_R5_single_refY_004-raw02-01,GP_IIa_22.0mm_closed_R5_single_refY,GP_IIa_22.0mm_closed_R5_single_refY_004,2,290,109.19932556152344,5.0,True,492.8763349384694,22.56773713592125,ok,ellipse,1.3908420797986742,0.9166666666666666,0.6911917098445596,1.0,,A5,0.018018018018018,0.9911399074959504,0.9923992528415864,5,965,333,197,False,1,1.0,0.0,0.1372951040235522,0.0342063465405572,0.255874694996682,0.3,0.0197537670961675,4.0,286.78521883607937,203.53232337150135,492.8763349384694,288.55910659120656,9.09769776588837,1.7080602333466233
G3_occlusion_aware_amodal,GP_IIa_22.0mm_closed_R5_single_refY_004-raw03-04,GP_IIa_22.0mm_closed_R5_single_refY,GP_IIa_22.0mm_closed_R5_single_refY_004,3,545,118.00830841064452,5.0,True,529.3028825456449,22.42650918712352,ok,ellipse,1.4891316377320192,1.0,0.6883928571428571,1.0,,A13,0.0220588235294117,0.9926729627363092,0.9919401801011064,13,1120,272,233,False,2,2.0,1.5954517293108607e-11,0.0883198212444853,0.0331957107351065,0.1916046756976521,0.0833333333333333,0.0122947867709951,12.0,306.75355850559,220.65491201639568,529.3028825456449,315.04468578156064,0.8315471203507996,1.6800882745650956
G3_occlusion_aware_amodal,GP_IIa_22.0mm_closed_R5_single_refY_004-raw04-19,GP_IIa_22.0mm_closed_R5_single_refY,GP_IIa_22.0mm_closed_R5_single_refY_004,4,914,124.1602554321289,5.0,True,524.331788618002,21.115122016828614,ok,ellipse,1.262697318509236,1.0,0.8027628549501151,1.0,,A1,,0.9906490229650016,0.9942020271431026,1,1303,0,0,False,1,1.0,0.0,0.0441567053268557,0.0237100742413461,0.081049010364664,0.0,0.0121052257502194,2.0,301.9413458272871,245.53233507917136,524.331788618002,384.2741707996822,168.1147972207625,1.3644731508413823
G3_occlusion_aware_amodal,GP_IIa_22.0mm_closed_R5_single_refY_004-raw05-15,GP_IIa_22.0mm_closed_R5_single_refY,GP_IIa_22.0mm_closed_R5_single_refY_004,5,1103,120.01179504394533,5.0,False,,,insufficient_multiarc_or_occlusion_endpoints,none,,,,,,,,,,1,1258,0,0,True,0,,,,,,,,,,,,,,
G3_occlusion_aware_amodal,GP_IIa_22.0mm_closed_R5_single_refY_005-raw01-11,GP_IIa_22.0mm_closed_R5_single_refY,GP_IIa_22.0mm_closed_R5_single_refY_005,1,85,112.6552276611328,5.0,True,464.6142680968523,20.62107004454392,ok,ellipse,1.0747503971526604,1.0,0.9076133447390932,1.0,,A1,1.0,0.9910427212666112,0.9960429965387092,1,1169,4,0,False,1,1.0,0.0,0.1063390710633132,0.0216336208957679,0.105622140792269,0.4,0.0102314914545472,2.0,275.39898710438734,225.42840081665557,464.6142680968523,356.7173362924708,0.6685085576894494,1.302471791603415
G3_occlusion_aware_amodal,GP_IIa_22.0mm_closed_R5_single_refY_005-raw02-22,GP_IIa_22.0mm_closed_R5_single_refY,GP_IIa_22.0mm_closed_R5_single_refY_005,2,263,108.5654296875,5.0,True,440.84704358388257,20.303288295953788,ok,ellipse,1.2832067135936094,1.0,0.8697214734950584,1.0,,A1,1.0,0.9901040368513851,0.995215448635588,1,1113,5,0,False,1,1.0,0.0,0.1359470154927225,0.0267272480573152,0.2260643157934994,0.4,0.0114482979334498,2.0,256.99553833712326,223.8372740707453,440.84704358388257,342.54462950125395,9.262896174380217,1.2869769531221589
G3_occlusion_aware_amodal,GP_IIa_22.0mm_closed_R5_single_refY_005-raw03-11,GP_IIa_22.0mm_closed_R5_single_refY,GP_IIa_22.0mm_closed_R5_single_refY_005,3,329,107.6265869140625,5.0,False,,,insufficient_multiarc_or_occlusion_endpoints,none,,,,,,,,,,1,1123,0,0,True,0,,,,,,,,,,,,,,
G3_occlusion_aware_amodal,GP_IIa_22.0mm_closed_R5_single_refY_005-raw04-13,GP_IIa_22.0mm_closed_R5_single_refY,GP_IIa_22.0mm_closed_R5_single_refY_005,4,461,110.12163543701172,5.0,False,,,insufficient_multiarc_or_occlusion_endpoints,none,,,,,,,,,,1,1160,0,0,True,0,,,,,,,,,,,,,,
G3_occlusion_aware_amodal,GP_IIa_22.0mm_closed_R5_single_refY_005-raw05-01,GP_IIa_22.0mm_closed_R5_single_refY,GP_IIa_22.0mm_closed_R5_single_refY_005,5,522,107.92416381835938,5.0,False,,,insufficient_multiarc_or_occlusion_endpoints,none,,,,,,,,,,1,1152,0,0,True,0,,,,,,,,,,,,,,
G3_occlusion_aware_amodal,GP_IIa_4.5mm_closed_R10_single_refY_004-raw01-11,GP_IIa_4.5mm_closed_R10_single_refY,GP_IIa_4.5mm_closed_R10_single_refY_004,1,131,239.62838745117188,10.0,False,,,insufficient_multiarc_or_occlusion_endpoints,none,,,,,,,,,,1,277,0,0,True,0,,,,,,,,,,,,,,
G3_occlusion_aware_amodal,GP_IIa_4.5mm_closed_R10_single_refY_004-raw02-08,GP_IIa_4.5mm_closed_R10_single_refY,GP_IIa_4.5mm_closed_R10_single_refY_004,2,297,225.74468994140625,10.0,False,,,insufficient_multiarc_or_occlusion_endpoints,none,,,,,,,,,,1,264,0,0,True,0,,,,,,,,,,,,,,
G3_occlusion_aware_amodal,GP_IIa_4.5mm_closed_R10_single_refY_004-raw03-18,GP_IIa_4.5mm_closed_R10_single_refY,GP_IIa_4.5mm_closed_R10_single_refY_004,3,567,240.9759826660156,10.0,False,,,insufficient_multiarc_or_occlusion_endpoints,none,,,,,,,,,,1,282,0,0,True,0,,,,,,,,,,,,,,
G3_occlusion_aware_amodal,GP_IIa_4.5mm_closed_R10_single_refY_004-raw04-04,GP_IIa_4.5mm_closed_R10_single_refY,GP_IIa_4.5mm_closed_R10_single_refY_004,4,646,242.3861083984375,10.0,False,,,insufficient_multiarc_or_occlusion_endpoints,none,,,,,,,,,,1,284,0,0,True,0,,,,,,,,,,,,,,
G3_occlusion_aware_amodal,GP_IIa_4.5mm_closed_R10_single_refY_004-raw05-05,GP_IIa_4.5mm_closed_R10_single_refY,GP_IIa_4.5mm_closed_R10_single_refY_004,5,844,235.0023803710937,10.0,False,,,insufficient_multiarc_or_occlusion_endpoints,none,,,,,,,,,,1,284,0,0,True,0,,,,,,,,,,,,,,
G3_occlusion_aware_amodal,GP_IIa_4.5mm_closed_R10_single_refY_005-raw01-14,GP_IIa_4.5mm_closed_R10_single_refY,GP_IIa_4.5mm_closed_R10_single_refY_005,1,99,306.81011962890625,10.0,False,,,insufficient_multiarc_or_occlusion_endpoints,none,,,,,,,,,,1,365,0,0,True,0,,,,,,,,,,,,,,
G3_occlusion_aware_amodal,GP_IIa_4.5mm_closed_R10_single_refY_005-raw02-24,GP_IIa_4.5mm_closed_R10_single_refY,GP_IIa_4.5mm_closed_R10_single_refY_005,2,272,317.6537475585937,10.0,False,,,insufficient_multiarc_or_occlusion_endpoints,none,,,,,,,,,,1,380,0,0,True,0,,,,,,,,,,,,,,
G3_occlusion_aware_amodal,GP_IIa_4.5mm_closed_R10_single_refY_005-raw03-19,GP_IIa_4.5mm_closed_R10_single_refY,GP_IIa_4.5mm_closed_R10_single_refY_005,3,369,324.2088317871094,10.0,False,,,insufficient_multiarc_or_occlusion_endpoints,none,,,,,,,,,,1,382,0,0,True,0,,,,,,,,,,,,,,
G3_occlusion_aware_amodal,GP_IIa_4.5mm_closed_R10_single_refY_005-raw04-05,GP_IIa_4.5mm_closed_R10_single_refY,GP_IIa_4.5mm_closed_R10_single_refY_005,4,419,328.9477844238281,10.0,False,,,insufficient_multiarc_or_occlusion_endpoints,none,,,,,,,,,,1,392,0,0,True,0,,,,,,,,,,,,,,
G3_occlusion_aware_amodal,GP_IIa_4.5mm_closed_R10_single_refY_005-raw05-21,GP_IIa_4.5mm_closed_R10_single_refY,GP_IIa_4.5mm_closed_R10_single_refY_005,5,625,343.1153564453125,10.0,False,,,insufficient_multiarc_or_occlusion_endpoints,none,,,,,,,,,,1,417,0,0,True,0,,,,,,,,,,,,,,
G3_occlusion_aware_amodal,GP_IIa_5.2mm_closed_R10_single_refY_001-raw01-23,GP_IIa_5.2mm_closed_R10_single_refY,GP_IIa_5.2mm_closed_R10_single_refY_001,1,187,267.3274230957031,10.0,False,,,insufficient_multiarc_or_occlusion_endpoints,none,,,,,,,,,,1,367,0,0,True,0,,,,,,,,,,,,,,
G3_occlusion_aware_amodal,GP_IIa_5.2mm_closed_R10_single_refY_001-raw02-19,GP_IIa_5.2mm_closed_R10_single_refY,GP_IIa_5.2mm_closed_R10_single_refY_001,2,318,241.021240234375,10.0,False,,,insufficient_multiarc_or_occlusion_endpoints,none,,,,,,,,,,1,351,0,0,True,0,,,,,,,,,,,,,,
G3_occlusion_aware_amodal,GP_IIa_5.2mm_closed_R10_single_refY_001-raw03-09,GP_IIa_5.2mm_closed_R10_single_refY,GP_IIa_5.2mm_closed_R10_single_refY_001,3,409,241.86477661132807,10.0,False,,,insufficient_multiarc_or_occlusion_endpoints,none,,,,,,,,,,1,345,0,0,True,0,,,,,,,,,,,,,,
G3_occlusion_aware_amodal,GP_IIa_5.2mm_closed_R10_single_refY_001-raw04-17,GP_IIa_5.2mm_closed_R10_single_refY,GP_IIa_5.2mm_closed_R10_single_refY_001,4,619,239.1234436035156,10.0,False,,,insufficient_multiarc_or_occlusion_endpoints,none,,,,,,,,,,1,358,0,0,True,0,,,,,,,,,,,,,,
G3_occlusion_aware_amodal,GP_IIa_5.2mm_closed_R10_single_refY_001-raw05-15,GP_IIa_5.2mm_closed_R10_single_refY,GP_IIa_5.2mm_closed_R10_single_refY_001,5,764,224.7654724121093,10.0,False,,,insufficient_multiarc_or_occlusion_endpoints,none,,,,,,,,,,1,326,0,0,True,0,,,,,,,,,,,,,,
G3_occlusion_aware_amodal,GP_IIa_5.2mm_closed_R10_single_refY_004-raw01-12,GP_IIa_5.2mm_closed_R10_single_refY,GP_IIa_5.2mm_closed_R10_single_refY_004,1,136,355.09344482421875,10.0,False,,,insufficient_multiarc_or_occlusion_endpoints,none,,,,,,,,,,1,455,0,0,True,0,,,,,,,,,,,,,,
G3_occlusion_aware_amodal,GP_IIa_5.2mm_closed_R10_single_refY_004-raw02-01,GP_IIa_5.2mm_closed_R10_single_refY,GP_IIa_5.2mm_closed_R10_single_refY_004,2,236,321.0717163085937,10.0,False,,,insufficient_multiarc_or_occlusion_endpoints,none,,,,,,,,,,1,423,0,0,True,0,,,,,,,,,,,,,,
G3_occlusion_aware_amodal,GP_IIa_5.2mm_closed_R10_single_refY_004-raw03-23,GP_IIa_5.2mm_closed_R10_single_refY,GP_IIa_5.2mm_closed_R10_single_refY_004,3,591,278.7842102050781,10.0,False,,,insufficient_multiarc_or_occlusion_endpoints,none,,,,,,,,,,1,374,0,0,True,0,,,,,,,,,,,,,,
G3_occlusion_aware_amodal,GP_IIa_5.2mm_closed_R10_single_refY_004-raw04-06,GP_IIa_5.2mm_closed_R10_single_refY,GP_IIa_5.2mm_closed_R10_single_refY_004,4,645,277.2237243652344,10.0,False,,,insufficient_multiarc_or_occlusion_endpoints,none,,,,,,,,,,1,379,0,0,True,0,,,,,,,,,,,,,,
G3_occlusion_aware_amodal,GP_IIa_5.2mm_closed_R10_single_refY_004-raw05-04,GP_IIa_5.2mm_closed_R10_single_refY,GP_IIa_5.2mm_closed_R10_single_refY_004,5,814,325.1730041503906,10.0,False,,,insufficient_multiarc_or_occlusion_endpoints,none,,,,,,,,,,1,449,0,0,True,0,,,,,,,,,,,,,,
G3_occlusion_aware_amodal,GP_IIa_9.5mm_closed_R5_single_refY_004-raw01-10,GP_IIa_9.5mm_closed_R5_single_refY,GP_IIa_9.5mm_closed_R5_single_refY_004,1,112,130.74203491210938,5.0,True,257.38992952599745,9.843426779269056,ok,ellipse,1.7616064814175207,0.9444444444444444,0.7760910815939279,2.0,,A1|A2,0.1587301587301587,0.9729680448557232,0.984267095903214,2,527,63,374,False,3,3.0,2.634036946017829e-09,0.1548524698683567,0.0333445386404716,0.4043962620886681,0.25,0.0089390823147184,4.0,164.33024218365446,155.9077809767549,257.38992952599745,154.75223540587842,14.610324288057967,1.6632388466048629
G3_occlusion_aware_amodal,GP_IIa_9.5mm_closed_R5_single_refY_004-raw02-24,GP_IIa_9.5mm_closed_R5_single_refY,GP_IIa_9.5mm_closed_R5_single_refY_004,2,385,126.85842895507812,5.0,True,236.26522697490924,9.312161159530564,ok,ellipse,2.515317306676836,1.0,0.574468085106383,1.0,,A1,0.6666666666666666,0.9654551646961514,0.9817997977755308,5,517,12,408,False,2,2.0,1.063623464420232e-07,0.1742908941054533,0.045282896322844,0.4006930612035733,0.3,0.0110553872625559,4.0,156.8100409513696,155.42938501453918,236.26522697490924,160.4417786726103,11.91066482897702,1.472591671132122
G3_occlusion_aware_amodal,GP_IIa_9.5mm_closed_R5_single_refY_004-raw03-02,GP_IIa_9.5mm_closed_R5_single_refY,GP_IIa_9.5mm_closed_R5_single_refY_004,3,399,128.65020751953125,5.0,True,237.2434565519308,9.220484798515123,ok,ellipse,2.435249850387014,0.9722222222222222,0.5852713178294574,2.0,,A1|A4,1.0,0.9741956945302476,0.9786694027432769,4,516,1,427,False,3,3.0,3.206217743131732e-07,0.1736818625138811,0.0434536427885332,0.4101949544861306,0.3,0.009112082366062,4.0,156.89238325031658,155.61879051499486,237.2434565519308,162.03659263913266,11.860928298142513,1.4641350616418436
G3_occlusion_aware_amodal,GP_IIa_9.5mm_closed_R5_single_refY_004-raw04-01,GP_IIa_9.5mm_closed_R5_single_refY,GP_IIa_9.5mm_closed_R5_single_refY_004,4,564,133.93927001953125,5.0,True,256.04487633176564,9.558245176878623,ok,ellipse,1.4992530126520882,0.9722222222222222,0.7472324723247232,1.0,,A1,0.1176470588235294,0.9802414432337117,0.9904925605629264,5,542,17,427,False,2,2.0,3.0872450652651704e-09,0.1668456909042268,0.0253206714894075,0.5481359388652767,0.2,0.0054223761193255,8.0,166.79376353773242,162.3306560898774,256.04487633176564,165.41898793061247,177.29711242399557,1.5478566247737386
G3_occlusion_aware_amodal,GP_IIa_9.5mm_closed_R5_single_refY_004-raw05-03,GP_IIa_9.5mm_closed_R5_single_refY,GP_IIa_9.5mm_closed_R5_single_refY_004,5,751,153.119384765625,5.0,True,276.99880136528407,9.04519051553392,ok,ellipse,2.032071919515978,1.0,0.6890343698854338,1.0,,A1,0.2857142857142857,0.970293867120954,0.9896937086092716,7,611,14,462,False,2,2.0,1.5509166014129846e-09,0.180998275973748,0.0297632017343641,0.6341973178185695,0.15,0.0054160305019142,12.0,178.41746517278912,185.6680210202404,276.99880136528407,194.2451045817989,168.26919849959484,1.426027193640994
G3_occlusion_aware_amodal,GP_IIa_9.5mm_closed_R5_single_refY_005-raw01-16,GP_IIa_9.5mm_closed_R5_single_refY,GP_IIa_9.5mm_closed_R5_single_refY_005,1,264,98.5361099243164,5.0,True,144.601822141499,7.337504101418491,ok,ellipse,2.72817717792848,0.9166666666666666,0.4444444444444444,1.0,,A1,0.0,0.9335304215144,0.9926735527263992,2,360,1,226,False,4,4.0,0.0002322678021241,0.2036396932663472,0.0596266372653893,0.5618049303679411,0.2,0.0047201997924847,4.0,114.00815291594482,133.4094608214124,144.601822141499,130.84650789696477,175.77666935230468,1.1051255739692023
G3_occlusion_aware_amodal,GP_IIa_9.5mm_closed_R5_single_refY_005-raw02-07,GP_IIa_9.5mm_closed_R5_single_refY,GP_IIa_9.5mm_closed_R5_single_refY_005,2,447,102.45785522460938,5.0,True,155.07624249896347,7.567806399958471,ok,ellipse,3.071296464168243,0.9444444444444444,0.4155844155844156,1.0,,A1,0.0,0.9471137804471138,0.9852791878172588,4,385,2,246,False,3,3.0,3.055080742644475e-05,0.2265568508020575,0.0625456057969216,0.6096979211054497,0.2666666666666666,0.0059190308115599,6.0,120.34992582553024,141.19406605859228,155.07624249896347,140.78107870330578,174.41334909034703,1.1015417975719914
G3_occlusion_aware_amodal,GP_IIa_9.5mm_closed_R5_single_refY_005-raw03-12,GP_IIa_9.5mm_closed_R5_single_refY,GP_IIa_9.5mm_closed_R5_single_refY_005,3,801,104.44189453125,5.0,True,153.00989575900198,7.325120654203567,ok,ellipse,4.3304197705740135,1.0,0.3653333333333333,1.0,,A2,0.0,0.9076550300637172,0.9685318686348552,2,375,1,231,False,4,4.0,7.040384983276331e-05,0.1605776255919305,0.0856584838175058,0.355760634581157,0.0,0.0107628995948378,4.0,113.69485350746471,146.54848758368874,153.00989575900198,123.99612687642907,112.0109198237744,1.2339893157427988
G3_occlusion_aware_amodal,GP_IIa_9.5mm_closed_R5_single_refY_005-raw04-08,GP_IIa_9.5mm_closed_R5_single_refY,GP_IIa_9.5mm_closed_R5_single_refY_005,4,1045,145.50306701660156,5.0,True,230.32128398025387,7.914653921142939,ok,ellipse,2.78958522087938,1.0,0.5665467625899281,1.0,,A1,1.0,0.9561370716510904,0.9832135523613964,9,556,8,430,False,2,2.0,2.660089041139964e-08,0.1637382756992086,0.0386717349044702,0.4418332656059722,0.2333333333333333,0.004856821924411,6.0,157.51199710306255,191.62673232707775,230.32128398025387,201.2486369267428,6.37114566268437,1.1444613364715306
G3_occlusion_aware_amodal,GP_IIa_9.5mm_closed_R5_single_refY_005-raw05-11,GP_IIa_9.5mm_closed_R5_single_refY,GP_IIa_9.5mm_closed_R5_single_refY_005,5,1375,142.02061462402344,5.0,True,221.3096753327505,7.791463088602736,ok,ellipse,3.3229905899111776,0.9444444444444444,0.502835538752363,1.0,,A1,0.3333333333333333,0.9540310841902616,0.9783755879316278,3,529,3,456,False,5,5.0,8.907523919309252e-05,0.1452557037918118,0.0492186626298769,0.3566587794755531,0.15,0.0063008150480693,4.0,165.67483113414042,176.81941161695127,221.3096753327505,189.21521761577955,118.91239881816652,1.1696187976917478
G3_occlusion_aware_amodal,GP_Ip_10.3mm_closed_R5_single_refY_005-raw01-10,GP_Ip_10.3mm_closed_R5_single_refY,GP_Ip_10.3mm_closed_R5_single_refY_005,1,127,104.58844757080078,5.0,True,212.8073419196389,10.173558689432678,ok,ellipse,0.7521942653621747,0.8888888888888888,0.8008474576271186,15.0,,A1|A2|A3|A4|A5|A6|A7|A8|A9|A10|A11|A12|A13|A14|A15,0.2842105263157894,0.980946213102461,0.9938457082865728,15,472,95,264,False,3,3.0,1.3818236445821912e-05,0.0740651094577902,0.0181284289818876,0.1973818607365957,0.0875,0.0095294523673813,16.0,146.23043120813463,173.48970382266722,212.8073419196389,205.96175053933524,177.6797701089913,1.0332371975008838
G3_occlusion_aware_amodal,GP_Ip_10.3mm_closed_R5_single_refY_005-raw02-02,GP_Ip_10.3mm_closed_R5_single_refY,GP_Ip_10.3mm_closed_R5_single_refY_005,2,257,105.57347869873048,5.0,True,222.84366285482145,10.553960407553625,ok,ellipse,1.5873571647003648,0.9444444444444444,0.6232179226069247,9.0,,A1|A2|A3|A4|A5|A10|A11|A12|A13,0.4732142857142857,0.9702194357366772,0.9859320046893316,13,491,112,258,False,3,3.0,0.0001760241932355,0.1110163190335813,0.0384670404171327,0.2913778770327539,0.06,0.0150677234568509,20.0,153.300413686435,178.7738301614156,222.84366285482145,213.67932298051227,13.150447778730124,1.0428882858036057
G3_occlusion_aware_amodal,GP_Ip_10.3mm_closed_R5_single_refY_005-raw03-08,GP_Ip_10.3mm_closed_R5_single_refY,GP_Ip_10.3mm_closed_R5_single_refY_005,3,501,114.40756225585938,5.0,True,285.6207842738882,12.482600740811613,ok,ellipse,2.407349706818891,0.7222222222222222,0.4626593806921675,1.0,,A1,0.0,0.960601454336305,0.9787753163190396,1,549,472,0,False,1,1.0,0.0,0.3000807502864117,0.0603775798624516,0.6256182833633861,0.7,0.0273700392893796,2.0,170.99365129452,198.65734776536797,285.6207842738882,256.5721144506589,115.25936435128725,1.1132183436435592
G3_occlusion_aware_amodal,GP_Ip_10.3mm_closed_R5_single_refY_005-raw04-24,GP_Ip_10.3mm_closed_R5_single_refY,GP_Ip_10.3mm_closed_R5_single_refY_005,4,826,174.07135009765625,5.0,True,334.67581139962226,9.613179055940709,ok,ellipse,1.398026593257193,0.9444444444444444,0.8144208037825059,2.0,,A1|A4,0.1428571428571428,0.9841204401353388,0.995236433696922,4,846,42,443,False,3,3.0,2.9402479986770373e-06,0.2030661464730518,0.0204774726565019,0.676246076159587,0.3,0.0066841673846641,4.0,209.79553577738,238.03981195644133,334.67581139962226,314.7326556019433,5.004429502848397,1.063365384693039
G3_occlusion_aware_amodal,GP_Ip_10.3mm_closed_R5_single_refY_005-raw05-22,GP_Ip_10.3mm_closed_R5_single_refY,GP_Ip_10.3mm_closed_R5_single_refY_005,5,1007,177.4269561767578,5.0,True,337.6732884277106,9.515839523598398,ok,ellipse,1.5853617497343298,0.9444444444444444,0.8707093821510298,2.0,,A1|A5,0.4,0.9896370889006668,0.9898466577341076,5,874,10,487,False,3,3.0,7.414893776659427e-07,0.1964152552607271,0.0215949850884521,0.7495742617006307,0.15,0.0068726223775681,8.0,211.3802378674505,248.52285678573008,337.6732884277106,323.57298883271227,178.46320356624852,1.043576874713384
G3_occlusion_aware_amodal,GP_Ip_12.0mm_closed_R10_single_refY_004-raw02-21,GP_Ip_12.0mm_closed_R10_single_refY,GP_Ip_12.0mm_closed_R10_single_refY_004,2,479,295.98748779296875,10.0,True,342.91107924586754,11.585323481164174,ok,ellipse,5.947267251414041,1.0,0.5,1.0,,A3,,0.9207254643849642,0.956543438736587,3,922,0,536,False,6,6.0,7.194223626791152e-08,0.1827766556561241,0.0499244102034686,0.4035897975101461,0.3,0.0203836741446462,4.0,201.06661773508804,225.09397875792797,342.91107924586754,284.74908811010164,125.75253145731756,1.204256988220018
G3_occlusion_aware_amodal,GP_Ip_12.0mm_closed_R10_single_refY_004-raw03-10,GP_Ip_12.0mm_closed_R10_single_refY,GP_Ip_12.0mm_closed_R10_single_refY_004,3,602,262.34100341796875,10.0,True,305.64417804781533,11.650644545292632,ok,ellipse,5.086868395624121,1.0,0.5201958384332925,1.0,,A3,,0.9268806656130216,0.95866028283903,3,817,0,489,False,6,6.0,1.400111618312144e-07,0.1720065721683706,0.0467088270227609,0.4445037975797796,0.1999999999999999,0.0182771017990107,6.0,187.1153247757734,209.17560635666896,305.64417804781533,258.4323946547554,124.05189770914151,1.1826852374917278
G3_occlusion_aware_amodal,GP_Ip_12.0mm_closed_R10_single_refY_004-raw04-23,GP_Ip_12.0mm_closed_R10_single_refY,GP_Ip_12.0mm_closed_R10_single_refY_004,4,952,254.37161254882807,10.0,True,301.6207608992191,11.857485113096937,ok,ellipse,5.178279909863676,0.9722222222222222,0.5024330900243309,1.0,,A4,0.0,0.9244624406590338,0.9737953277175412,4,822,4,515,False,6,6.0,0.0001591612608345,0.1771928381742609,0.0492995733479019,0.3930715379903219,0.3,0.0122255920808414,4.0,202.74837874526483,207.60432816264748,301.6207608992191,270.7575994782847,118.51632080919286,1.1139881631407715
G3_occlusion_aware_amodal,GP_Ip_12.0mm_closed_R10_single_refY_004-raw05-17,GP_Ip_12.0mm_closed_R10_single_refY,GP_Ip_12.0mm_closed_R10_single_refY_004,5,1125,237.5599822998047,10.0,True,275.56779484316286,11.599924876884003,ok,ellipse,3.611912912456865,1.0,0.6269633507853403,2.0,,A1|A4,0.8,0.9349430047646812,0.9825039651070578,4,764,5,473,False,4,4.0,1.7724237244219023e-05,0.1690294234458667,0.0365094520422224,0.4997311234222709,0.1999999999999999,0.0073535620548289,6.0,196.17672185838737,198.74444749570367,275.56779484316286,257.419904317198,114.30734739549848,1.070499173613252
G3_occlusion_aware_amodal,GP_Ip_12.0mm_closed_R10_single_refY_005-raw01-11,GP_Ip_12.0mm_closed_R10_single_refY,GP_Ip_12.0mm_closed_R10_single_refY_005,1,108,291.96649169921875,10.0,True,375.20985920099866,12.85112743648461,ok,ellipse,7.743494071090437,1.0,0.437875751503006,1.0,,A7,,0.944195664379716,0.96121600211249,7,998,0,475,False,6,6.0,1.806550745874924e-07,0.1716687372535263,0.056385357180673,0.3517445734129727,0.2666666666666666,0.0140984725435963,6.0,236.71651064541624,242.43318587880188,375.20985920099866,288.47984667769714,137.2470128278453,1.3006449619345517
G3_occlusion_aware_amodal,GP_Ip_12.0mm_closed_R10_single_refY_005-raw02-13,GP_Ip_12.0mm_closed_R10_single_refY,GP_Ip_12.0mm_closed_R10_single_refY_005,2,276,267.0149841308594,10.0,True,328.87698732334115,12.316798938975062,ok,ellipse,5.674615260411628,1.0,0.5436654366543665,1.0,,A4,,0.9408004686342412,0.9737438329768988,4,813,0,438,False,6,6.0,2.2419355495264218e-07,0.166462166060319,0.0449835407909313,0.3141196867840793,0.3666666666666667,0.0104419654644908,6.0,196.2581367018583,226.6763074143827,328.87698732334115,262.3232530351935,122.5626472682969,1.2537088630843518
G3_occlusion_aware_amodal,GP_Ip_12.0mm_closed_R10_single_refY_005-raw03-12,GP_Ip_12.0mm_closed_R10_single_refY,GP_Ip_12.0mm_closed_R10_single_refY_005,3,424,254.5769500732422,10.0,True,305.59794506755134,12.004148253784576,ok,ellipse,4.3522093537805215,1.0,0.6047430830039525,1.0,,A3,,0.9513568667464632,0.9813162229269612,3,759,0,414,False,6,6.0,6.418958226801716e-05,0.1301819714547184,0.036522023939768,0.3045219070196883,0.2,0.007873046031465,4.0,194.4127354036491,216.2876109201987,305.59794506755134,248.1066789347083,117.4201072941392,1.2317199455479892
G3_occlusion_aware_amodal,GP_Ip_12.0mm_closed_R10_single_refY_005-raw04-02,GP_Ip_12.0mm_closed_R10_single_refY,GP_Ip_12.0mm_closed_R10_single_refY_005,4,514,251.7867584228516,10.0,True,297.22659669023864,11.804695312494362,ok,ellipse,3.7657398447418258,1.0,0.5816733067729084,1.0,,A2,,0.9464727416641932,0.9740718198417528,2,753,0,447,False,4,4.0,3.774956852628232e-08,0.147287033866634,0.0325222525926788,0.367890228609759,0.25,0.0105335301485809,4.0,198.64582526148,214.13641792502708,297.22659669023864,252.7408742737879,111.41420232048527,1.1760131697901006
G3_occlusion_aware_amodal,GP_Ip_12.0mm_closed_R10_single_refY_005-raw05-07,GP_Ip_12.0mm_closed_R10_single_refY,GP_Ip_12.0mm_closed_R10_single_refY_005,5,702,274.8748779296875,10.0,True,302.80494122901007,11.016100980551125,ok,ellipse,3.3459758529493757,0.9722222222222222,0.6126237623762376,2.0,,A1|A8,,0.93859944166022,0.98820008182425,8,808,0,541,False,4,4.0,0.0006770873495315,0.1073182208629534,0.0268481557478015,0.3678624346396508,0.0333333333333333,0.0054216519634905,6.0,223.84542143631623,226.3151402354534,302.80494122901007,286.7598966010143,80.72430712704731,1.0559528888738587
G3_occlusion_aware_amodal,GP_Ip_12.0mm_closed_R5_single_refY_004-raw01-12,GP_Ip_12.0mm_closed_R5_single_refY,GP_Ip_12.0mm_closed_R5_single_refY_004,1,149,118.22157287597656,5.0,True,291.9848845064075,12.349052605344792,ok,ellipse,3.573354590276437,0.9444444444444444,0.3838630806845965,4.0,,A3|A4|A5|A6,0.4166666666666667,0.9245072319909244,0.9680485260595758,6,818,24,320,False,3,3.0,2.4337897248610968e-05,0.1629944154140599,0.0740160414520643,0.2694342433504467,0.1399999999999999,0.0402615008340178,10.0,176.20371718825749,214.37621845933796,291.9848845064075,262.7786921610477,126.4797344525998,1.111143685605454
G3_occlusion_aware_amodal,GP_Ip_12.0mm_closed_R5_single_refY_004-raw02-23,GP_Ip_12.0mm_closed_R5_single_refY,GP_Ip_12.0mm_closed_R5_single_refY_004,2,445,116.84446716308594,5.0,True,284.1669904709637,12.160053332877842,ok,ellipse,2.919466399327757,1.0,0.4430217669654289,2.0,,A1|A4,0.25,0.9315582928065794,0.9767284229552644,4,781,24,326,False,2,2.0,1.0281779588588734e-05,0.2415784608382395,0.0614129032126446,0.5857673411618121,0.35,0.0300345411235214,4.0,169.13602382276417,211.30418611971743,284.1669904709637,256.9100120664446,129.3907701315689,1.1060954307902553
G3_occlusion_aware_amodal,GP_Ip_12.0mm_closed_R5_single_refY_004-raw03-12,GP_Ip_12.0mm_closed_R5_single_refY,GP_Ip_12.0mm_closed_R5_single_refY_004,3,555,119.97825622558594,5.0,True,288.1693399286333,12.009231880600536,ok,ellipse,2.1124166200526044,0.9444444444444444,0.5332480818414322,2.0,,A1|A3,0.2162162162162162,0.9457669786023094,0.9819825153434768,3,782,37,330,False,3,3.0,5.743646889681449e-05,0.1911904744097723,0.043751593962289,0.4754618418264409,0.3,0.0209900345205576,4.0,174.46797371337925,214.56204906721956,288.1693399286333,261.83365004246826,130.91782178995174,1.1005817620534777
G3_occlusion_aware_amodal,GP_Ip_12.0mm_closed_R5_single_refY_004-raw04-21,GP_Ip_12.0mm_closed_R5_single_refY,GP_Ip_12.0mm_closed_R5_single_refY_004,4,834,103.8210906982422,5.0,True,248.68430106147093,11.97657910300115,ok,ellipse,1.5556775463133303,0.9444444444444444,0.6454545454545455,2.0,,A1|A2,0.0,0.9618841103481508,0.9883367787050508,2,660,38,261,False,3,3.0,2.662101452832707e-06,0.2103358315985456,0.0382359057835992,0.5674520614037974,0.35,0.0174557529548198,4.0,159.5901684631682,189.98303665361317,248.68430106147093,232.1708295302774,131.79767023059838,1.0711263838123128
G3_occlusion_aware_amodal,GP_Ip_12.0mm_closed_R5_single_refY_004-raw05-16,GP_Ip_12.0mm_closed_R5_single_refY,GP_Ip_12.0mm_closed_R5_single_refY_004,5,996,103.65282440185548,5.0,True,251.21895077504257,12.118287766143377,ok,ellipse,1.980184513300007,0.9166666666666666,0.5039370078740157,4.0,,A1|A2|A3|A5,0.0588235294117647,0.9563356768322792,0.9780184377478192,5,635,68,242,False,3,3.0,2.013776630878726e-05,0.1593310166786795,0.0501148665741334,0.3022720948816158,0.2666666666666666,0.0250335175092083,6.0,160.56062505427855,191.84559610761124,251.21895077504257,233.70193321579532,127.2055645330493,1.0749545256995046
G3_occlusion_aware_amodal,GP_Ip_12.0mm_closed_R5_single_refY_005-raw01-02,GP_Ip_12.0mm_closed_R5_single_refY,GP_Ip_12.0mm_closed_R5_single_refY_005,1,58,162.05740356445312,5.0,True,337.7878153197422,10.421856943592148,ok,ellipse,3.513121340244312,0.9444444444444444,0.5307150050352467,2.0,,A1|A5,0.6,0.9452776765439712,0.983338839854628,5,993,5,595,False,3,3.0,9.789468223358965e-07,0.1862182895308469,0.0458007835855088,0.4550137198851854,0.3,0.0126136056237171,4.0,206.2897728556665,230.16638305708952,337.7878153197422,317.54131024828814,170.85631149631402,1.063760224002424
G3_occlusion_aware_amodal,GP_Ip_12.0mm_closed_R5_single_refY_005-raw02-23,GP_Ip_12.0mm_closed_R5_single_refY,GP_Ip_12.0mm_closed_R5_single_refY_005,2,397,162.31809997558594,5.0,True,334.6353787315347,10.308011823138232,ok,ellipse,2.65850579529098,1.0,0.6286579212916246,2.0,,A1|A4,0.0,0.9614378989497672,0.9859480986223308,4,991,3,603,False,2,2.0,9.423747831609237e-08,0.1622058148995035,0.0348834343060741,0.4270630179548679,0.25,0.0125993628641595,4.0,204.4589768329317,242.49660498227897,334.6353787315347,316.51401684057106,158.05810790285125,1.0572529522447387
G3_occlusion_aware_amodal,GP_Ip_12.0mm_closed_R5_single_refY_005-raw03-16,GP_Ip_12.0mm_closed_R5_single_refY,GP_Ip_12.0mm_closed_R5_single_refY_005,3,525,147.95938110351562,5.0,True,310.8715178303044,10.505299343365456,ok,ellipse,2.360880962531554,0.9722222222222222,0.6099635479951397,2.0,,A1|A4,0.0,0.95978170189099,0.9842397422460308,4,823,4,555,False,2,2.0,1.9793753028112165e-05,0.1781547319526874,0.0337564064297653,0.5118877181229557,0.25,0.0129165197095169,4.0,193.21633684606795,227.5927960567362,310.8715178303044,286.15494578994804,160.68682566750914,1.086374785423068
G3_occlusion_aware_amodal,GP_Ip_12.0mm_closed_R5_single_refY_005-raw04-06,GP_Ip_12.0mm_closed_R5_single_refY,GP_Ip_12.0mm_closed_R5_single_refY_005,4,631,143.82125854492188,5.0,True,301.23264503075586,10.472465895459653,ok,ellipse,2.6434618787207924,0.9722222222222222,0.6081424936386769,2.0,,A1|A6,0.0,0.9685831935336282,0.9815903432982572,6,786,2,571,False,4,4.0,0.000113524014613,0.1489726843666364,0.0389822815951801,0.4265870870816933,0.1333333333333333,0.0133513867289074,6.0,188.00548852450325,216.29430301518173,301.23264503075586,273.0282826721467,156.47221529315988,1.1033019805954574
G3_occlusion_aware_amodal,GP_Ip_12.0mm_closed_R5_single_refY_005-raw05-24,GP_Ip_12.0mm_closed_R5_single_refY,GP_Ip_12.0mm_closed_R5_single_refY_005,5,951,137.9694061279297,5.0,True,290.8563389881878,10.540609949371545,ok,ellipse,1.3849341754232136,0.9444444444444444,0.7218453188602443,1.0,,A1,0.3636363636363636,0.984847320914154,0.9927740279100584,2,737,11,450,False,2,2.0,1.1410082878766565e-06,0.1604234461483424,0.0223884078951498,0.4905206106193283,0.25,0.0069454746552198,4.0,188.437827107537,209.76855776772103,290.8563389881878,273.1251851236768,146.98794882777204,1.0649195124809967
G3_occlusion_aware_amodal,GP_Ip_2.9mm_closed_R10_single_refY_004-raw01-07,GP_Ip_2.9mm_closed_R10_single_refY,GP_Ip_2.9mm_closed_R10_single_refY_004,1,88,278.91912841796875,10.0,False,,,insufficient_multiarc_or_occlusion_endpoints,none,,,,,,,,,,1,248,0,0,True,0,,,,,,,,,,,,,,
G3_occlusion_aware_amodal,GP_Ip_2.9mm_closed_R10_single_refY_004-raw02-19,GP_Ip_2.9mm_closed_R10_single_refY,GP_Ip_2.9mm_closed_R10_single_refY_004,2,338,239.09678649902344,10.0,False,,,insufficient_multiarc_or_occlusion_endpoints,none,,,,,,,,,,1,207,0,0,True,0,,,,,,,,,,,,,,
G3_occlusion_aware_amodal,GP_Ip_2.9mm_closed_R10_single_refY_004-raw03-08,GP_Ip_2.9mm_closed_R10_single_refY,GP_Ip_2.9mm_closed_R10_single_refY_004,3,429,249.66238403320312,10.0,False,,,insufficient_multiarc_or_occlusion_endpoints,none,,,,,,,,,,1,215,0,0,True,0,,,,,,,,,,,,,,
G3_occlusion_aware_amodal,GP_Ip_2.9mm_closed_R10_single_refY_004-raw04-03,GP_Ip_2.9mm_closed_R10_single_refY,GP_Ip_2.9mm_closed_R10_single_refY_004,4,561,348.3050231933594,10.0,False,,,insufficient_multiarc_or_occlusion_endpoints,none,,,,,,,,,,1,305,0,0,True,0,,,,,,,,,,,,,,
G3_occlusion_aware_amodal,GP_Ip_2.9mm_closed_R10_single_refY_004-raw05-17,GP_Ip_2.9mm_closed_R10_single_refY,GP_Ip_2.9mm_closed_R10_single_refY_004,5,826,392.3292541503906,10.0,False,,,insufficient_multiarc_or_occlusion_endpoints,none,,,,,,,,,,1,339,0,0,True,0,,,,,,,,,,,,,,
G3_occlusion_aware_amodal,GP_Ip_2.9mm_closed_R10_single_refY_005-raw01-02,GP_Ip_2.9mm_closed_R10_single_refY,GP_Ip_2.9mm_closed_R10_single_refY_005,1,59,274.6623840332031,10.0,False,,,insufficient_multiarc_or_occlusion_endpoints,none,,,,,,,,,,1,230,0,0,True,0,,,,,,,,,,,,,,
G3_occlusion_aware_amodal,GP_Ip_2.9mm_closed_R10_single_refY_005-raw02-11,GP_Ip_2.9mm_closed_R10_single_refY,GP_Ip_2.9mm_closed_R10_single_refY_005,2,313,281.0140686035156,10.0,False,,,insufficient_multiarc_or_occlusion_endpoints,none,,,,,,,,,,1,245,0,0,True,0,,,,,,,,,,,,,,
G3_occlusion_aware_amodal,GP_Ip_2.9mm_closed_R10_single_refY_005-raw03-11,GP_Ip_2.9mm_closed_R10_single_refY,GP_Ip_2.9mm_closed_R10_single_refY_005,3,498,301.3808288574219,10.0,False,,,insufficient_multiarc_or_occlusion_endpoints,none,,,,,,,,,,1,260,0,0,True,0,,,,,,,,,,,,,,
G3_occlusion_aware_amodal,GP_Ip_2.9mm_closed_R10_single_refY_005-raw04-20,GP_Ip_2.9mm_closed_R10_single_refY,GP_Ip_2.9mm_closed_R10_single_refY_005,4,752,302.7303466796875,10.0,False,,,insufficient_multiarc_or_occlusion_endpoints,none,,,,,,,,,,1,260,0,0,True,0,,,,,,,,,,,,,,
G3_occlusion_aware_amodal,GP_Ip_2.9mm_closed_R10_single_refY_005-raw05-20,GP_Ip_2.9mm_closed_R10_single_refY,GP_Ip_2.9mm_closed_R10_single_refY_005,5,941,303.7883605957031,10.0,False,,,insufficient_multiarc_or_occlusion_endpoints,none,,,,,,,,,,1,268,0,0,True,0,,,,,,,,,,,,,,
G3_occlusion_aware_amodal,GP_Ip_2.9mm_closed_R5_single_refY_004-raw02-10,GP_Ip_2.9mm_closed_R5_single_refY,GP_Ip_2.9mm_closed_R5_single_refY_004,2,199,142.42886352539062,5.0,True,111.75428750577127,3.9231615256780095,ok,ellipse,1.3527697870430724,0.8611111111111112,0.9454545454545454,7.0,,A1|A2|A3|A4|A8|A9|A10,0.4333333333333333,0.9377510040160644,0.9937789543348776,10,220,90,6,False,2,2.0,1.4496083423130918e-05,0.1290151546291826,0.0224756196117773,0.2602105768675494,0.3571428571428571,0.0026456887784765,14.0,146.17381978210798,129.03388242096017,111.75428750577127,95.50150895622816,7.943093650844162,1.1701834738233543
G3_occlusion_aware_amodal,GP_Ip_2.9mm_closed_R5_single_refY_004-raw03-22,GP_Ip_2.9mm_closed_R5_single_refY,GP_Ip_2.9mm_closed_R5_single_refY_004,3,381,157.16404724121094,5.0,True,117.96769285433548,3.753011421030727,ok,ellipse,0.8922116343388826,0.8333333333333334,0.956140350877193,13.0,,A1|A2|A3|A4|A5|A6|A7|A8|A9|A10|A11|A13|A14,0.6635514018691588,0.9540308413039236,0.9914197460244824,14,228,107,0,False,2,2.0,1.9332755888229182e-08,0.0658884178838017,0.0134285416143748,0.1734647288702168,0.1111111111111111,0.003143610939191,18.0,153.01041834289057,144.29969817646085,117.96769285433548,105.22425595680672,159.3536808170482,1.1211074079987773
G3_occlusion_aware_amodal,GP_Ip_2.9mm_closed_R5_single_refY_004-raw04-07,GP_Ip_2.9mm_closed_R5_single_refY,GP_Ip_2.9mm_closed_R5_single_refY_004,4,426,160.09523010253906,5.0,True,107.06754283555188,3.343870481555772,ok,ellipse,1.267171433099395,0.8055555555555556,0.90625,13.0,,A1|A2|A3|A4|A6|A7|A8|A9|A10|A11|A12|A13|A14,0.591304347826087,0.9460687245195109,0.9909811423886308,14,192,115,0,False,2,2.0,7.679973181300538e-06,0.0714822662118056,0.0197783268779378,0.1290892193998769,0.1666666666666666,0.0025317012968354,12.0,148.00180259958375,136.89647041438354,107.06754283555188,96.4615243027902,164.69995810735657,1.109950766478349
G3_occlusion_aware_amodal,GP_Ip_2.9mm_closed_R5_single_refY_004-raw05-23,GP_Ip_2.9mm_closed_R5_single_refY,GP_Ip_2.9mm_closed_R5_single_refY_004,5,632,140.54388427734375,5.0,True,101.37499754957416,3.606524683405104,ok,ellipse,0.6391553466144533,0.6111111111111112,0.9930555555555556,6.0,,A1|A2|A3|A4|A5|A6,0.7819548872180451,0.9839458670558576,0.9934019954940456,6,144,133,0,False,2,2.0,6.334245102808535e-05,0.1137600200974129,0.0113526188533238,0.1162426300498641,0.525,0.0011682149546177,8.0,136.8151606168709,140.23680286415944,101.37499754957416,93.2104559217014,7.212384170703075,1.0875925511482438
G3_occlusion_aware_amodal,GP_Ip_2.9mm_closed_R5_single_refY_005-raw03-20,GP_Ip_2.9mm_closed_R5_single_refY,GP_Ip_2.9mm_closed_R5_single_refY_005,3,396,127.55258178710938,5.0,True,92.98117870503104,3.6448175882562897,ok,ellipse,0.4617710708155862,0.5277777777777778,1.0,9.0,,A1|A2|A3|A4|A5|A6|A7|A8|A9,0.7986577181208053,0.965594495119219,0.9963656187534072,9,106,149,0,False,3,3.0,0.0028167782007115,0.1127558916471612,0.0085606720758379,0.1806013044841531,0.45,0.0016427390699791,8.0,138.06282345321387,131.86782938618734,92.98117870503104,83.52017948428752,25.68234012999025,1.1132780039406331
G3_occlusion_aware_amodal,GP_Ip_2.9mm_closed_R5_single_refY_005-raw04-10,GP_Ip_2.9mm_closed_R5_single_refY,GP_Ip_2.9mm_closed_R5_single_refY_005,4,471,152.08389282226562,5.0,True,104.99213869009264,3.4517836419663706,ok,ellipse,0.86311273486575,0.8333333333333334,0.8909090909090909,3.0,,A1|A2|A5,0.85,0.942388815234422,0.987763603228326,5,220,80,0,False,4,4.0,0.0010416346886882,0.1710907122937551,0.012435214769298,0.1694549443454885,0.8200000000000001,0.0050414533010267,10.0,146.0655089800569,161.503629096409,104.99213869009264,96.58826552794336,28.72509846765433,1.08700718577163
G3_occlusion_aware_amodal,GP_Ip_2.9mm_closed_R5_single_refY_005-raw05-24,GP_Ip_2.9mm_closed_R5_single_refY,GP_Ip_2.9mm_closed_R5_single_refY_005,5,679,156.6206512451172,5.0,True,109.98375102820148,3.511150992983447,ok,ellipse,0.9411106071451482,0.9166666666666666,0.9382239382239382,4.0,,A1|A2|A3|A4,0.5531914893617021,0.9764628963713632,0.9783765801729872,4,259,47,0,False,2,2.0,0.0023080164590078,0.1539624118360487,0.0126556204828925,0.2836008866340419,0.55,0.0059617543609936,8.0,159.5188621497668,173.01819291457377,109.98375102820148,106.58859530743568,152.11336974043792,1.0318528986236573
G3_occlusion_aware_amodal,GP_Ip_20.0mm_closed_R10_single_refY_004-raw01-11,GP_Ip_20.0mm_closed_R10_single_refY,GP_Ip_20.0mm_closed_R10_single_refY_004,1,124,195.70899963378903,10.0,True,375.2111197078897,19.171888896779677,ok,ellipse,5.012196072382285,0.9722222222222222,0.3732793522267206,1.0,,A2,0.7142857142857143,0.8951207314656677,0.9518205760628736,2,1235,7,484,False,4,4.0,0.0002239567231041,0.243341394494051,0.0736272839249516,0.6121979517664404,0.2,0.0493557720451751,4.0,224.77928889699652,248.12843774947484,375.2111197078897,359.6556744811079,57.09243826925791,1.043250937856672
G3_occlusion_aware_amodal,GP_Ip_20.0mm_closed_R10_single_refY_004-raw02-14,GP_Ip_20.0mm_closed_R10_single_refY,GP_Ip_20.0mm_closed_R10_single_refY_004,2,325,178.5100860595703,10.0,True,344.5426729587867,19.301019934739703,ok,ellipse,4.541007031825748,1.0,0.3980099502487562,1.0,,A2,0.4,0.8850143003615563,0.9550351401960068,2,1206,5,437,False,6,6.0,0.0003452977578383,0.2579606926102885,0.0733701624103143,0.6617732487229809,0.25,0.0421025155867942,4.0,211.6692749112393,235.91735549236293,344.5426729587867,337.0101198231145,60.82960112727477,1.0223511185350331
G3_occlusion_aware_amodal,GP_Ip_20.0mm_closed_R10_single_refY_004-raw03-03,GP_Ip_20.0mm_closed_R10_single_refY,GP_Ip_20.0mm_closed_R10_single_refY_004,3,422,180.84518432617188,10.0,True,349.5853793242422,19.330643535065384,ok,ellipse,4.637942069519176,1.0,0.3910849453322119,1.0,,A2,0.3333333333333333,0.8889359091005269,0.9506857722905504,2,1189,6,445,False,5,5.0,0.0014823572679728,0.2576270630747295,0.0751724576057924,0.5988709929964119,0.3,0.0505154481990133,4.0,218.12576461171875,237.57331666021648,349.5853793242422,341.7504153453201,31.310679177512185,1.022925982316672
G3_occlusion_aware_amodal,GP_Ip_20.0mm_closed_R10_single_refY_004-raw04-19,GP_Ip_20.0mm_closed_R10_single_refY,GP_Ip_20.0mm_closed_R10_single_refY_004,4,720,224.2517852783203,10.0,True,422.8325663465227,18.85525976177815,ok,ellipse,3.4457250674441706,1.0,0.5322230267921796,2.0,,A1|A3,0.3333333333333333,0.9073925241838852,0.9654327597816122,3,1381,6,561,False,2,2.0,8.150332338556863e-05,0.2102310517915521,0.0439004729344378,0.5407773312737024,0.3,0.0376431788639253,4.0,252.1146812633565,292.2357338418986,422.8325663465227,416.0642578131737,50.50909147035895,1.0162674596681849
G3_occlusion_aware_amodal,GP_Ip_20.0mm_closed_R10_single_refY_004-raw05-19,GP_Ip_20.0mm_closed_R10_single_refY,GP_Ip_20.0mm_closed_R10_single_refY_004,5,901,209.0308990478516,10.0,True,401.9773302221773,19.23052199714054,ok,ellipse,4.943683982913804,1.0,0.3944817300521998,1.0,,A2,0.5454545454545454,0.9114403223098876,0.9478682081981448,2,1341,11,519,False,4,4.0,6.656648242044766e-05,0.2499859923791175,0.0661541893612655,0.6078104028859476,0.3,0.0493420641161783,4.0,240.3461263268516,277.03681642268066,401.9773302221773,388.7353154504095,58.86413091607312,1.034064347244667
G3_occlusion_aware_amodal,GP_Ip_20.0mm_closed_R10_single_refY_005-raw01-22,GP_Ip_20.0mm_closed_R10_single_refY,GP_Ip_20.0mm_closed_R10_single_refY_005,1,145,216.92100524902344,10.0,True,391.445706854389,18.045541804723463,ok,ellipse,4.539675266410006,1.0,0.4834205933682373,2.0,,A1|A3,1.0,0.9283198766947748,0.956505503144654,3,1146,9,568,False,4,4.0,0.0006509233617666,0.2054139381123988,0.0540061487974574,0.557661043245925,0.1666666666666666,0.0425016590450185,6.0,233.812031133904,262.0947242998066,391.445706854389,382.6249936433983,88.12909969690605,1.0230531548056987
G3_occlusion_aware_amodal,GP_Ip_20.0mm_closed_R10_single_refY_005-raw02-07,GP_Ip_20.0mm_closed_R10_single_refY,GP_Ip_20.0mm_closed_R10_single_refY_005,2,193,224.1316375732422,10.0,True,400.3791488885644,17.863571302276668,ok,ellipse,4.390274188694804,1.0,0.5,2.0,,A1|A4,1.0,0.929271565929399,0.9605875061742202,4,1172,1,589,False,4,4.0,0.0001841181665093,0.2015991446865465,0.0500126926550124,0.5425376103671018,0.1999999999999999,0.0373683713088962,6.0,238.02619208211345,269.80775783986024,400.3791488885644,394.128232537143,94.5688709233952,1.015860108044486
G3_occlusion_aware_amodal,GP_Ip_20.0mm_closed_R10_single_refY_005-raw03-01,GP_Ip_20.0mm_closed_R10_single_refY,GP_Ip_20.0mm_closed_R10_single_refY_005,3,287,232.6180725097656,10.0,True,407.8388544752598,17.53255239693976,ok,ellipse,4.101292880861393,1.0,0.5365853658536586,2.0,,A1|A5,0.5,0.9321469287429556,0.9658853541683332,5,1189,6,612,False,4,4.0,6.220216800354589e-05,0.1994281725609467,0.0450865092173278,0.4886346327623022,0.3,0.0331849622604527,4.0,244.09733376255812,273.3400418225156,407.8388544752598,406.4644417957881,5.4818113706425695,1.0033813847858364
G3_occlusion_aware_amodal,GP_Ip_20.0mm_closed_R10_single_refY_005-raw04-10,GP_Ip_20.0mm_closed_R10_single_refY,GP_Ip_20.0mm_closed_R10_single_refY_005,4,460,258.8082580566406,10.0,True,443.3237686821766,17.129429022514206,ok,ellipse,2.34178377234365,1.0,0.7411957411957412,2.0,,A1|A6,,0.9664162972190672,0.9889426119124496,6,1221,0,770,False,3,3.0,1.181702881402124e-05,0.1439940020825237,0.0214233499093005,0.3731164729811076,0.3,0.008421021648576,4.0,261.1071902925797,287.7268836903825,443.3237686821766,426.5200078385516,22.990363025240782,1.0393973565947827
G3_occlusion_aware_amodal,GP_Ip_20.0mm_closed_R10_single_refY_005-raw05-24,GP_Ip_20.0mm_closed_R10_single_refY,GP_Ip_20.0mm_closed_R10_single_refY_005,5,664,219.2474670410156,10.0,True,383.77116766763527,17.504018306211105,ok,ellipse,2.123884943325869,1.0,0.8117001828153565,2.0,,A1|A3,1.0,0.9737949830919094,0.9923064845344638,3,1094,1,699,False,3,3.0,6.712305965584353e-08,0.1304306615204744,0.0222273972889133,0.3033240400408759,0.3,0.0072527320668168,4.0,233.00363552644413,250.463466760026,383.77116766763527,361.9584595660836,166.46467103048712,1.0602630150644934
G3_occlusion_aware_amodal,GP_Ip_4.0mm_closed_R10_single_refY_004-raw01-05,GP_Ip_4.0mm_closed_R10_single_refY,GP_Ip_4.0mm_closed_R10_single_refY_004,1,82,360.2731018066406,10.0,False,,,insufficient_multiarc_or_occlusion_endpoints,none,,,,,,,,,,1,424,0,0,True,0,,,,,,,,,,,,,,
G3_occlusion_aware_amodal,GP_Ip_4.0mm_closed_R10_single_refY_004-raw02-14,GP_Ip_4.0mm_closed_R10_single_refY,GP_Ip_4.0mm_closed_R10_single_refY_004,2,335,343.84686279296875,10.0,False,,,insufficient_multiarc_or_occlusion_endpoints,none,,,,,,,,,,1,416,0,0,True,0,,,,,,,,,,,,,,
G3_occlusion_aware_amodal,GP_Ip_4.0mm_closed_R10_single_refY_004-raw03-23,GP_Ip_4.0mm_closed_R10_single_refY,GP_Ip_4.0mm_closed_R10_single_refY_004,3,588,336.35333251953125,10.0,False,,,insufficient_multiarc_or_occlusion_endpoints,none,,,,,,,,,,1,401,0,0,True,0,,,,,,,,,,,,,,
G3_occlusion_aware_amodal,GP_Ip_4.0mm_closed_R10_single_refY_004-raw04-21,GP_Ip_4.0mm_closed_R10_single_refY,GP_Ip_4.0mm_closed_R10_single_refY_004,4,756,382.7769165039063,10.0,False,,,insufficient_multiarc_or_occlusion_endpoints,none,,,,,,,,,,1,458,0,0,True,0,,,,,,,,,,,,,,
G3_occlusion_aware_amodal,GP_Ip_4.0mm_closed_R10_single_refY_004-raw05-07,GP_Ip_4.0mm_closed_R10_single_refY,GP_Ip_4.0mm_closed_R10_single_refY_004,5,833,398.1221008300781,10.0,False,,,insufficient_multiarc_or_occlusion_endpoints,none,,,,,,,,,,1,479,0,0,True,0,,,,,,,,,,,,,,
G3_occlusion_aware_amodal,GP_Ip_4.0mm_closed_R10_single_refY_005-raw01-22,GP_Ip_4.0mm_closed_R10_single_refY,GP_Ip_4.0mm_closed_R10_single_refY_005,1,216,322.6918334960937,10.0,False,,,insufficient_multiarc_or_occlusion_endpoints,none,,,,,,,,,,1,373,0,0,True,0,,,,,,,,,,,,,,
G3_occlusion_aware_amodal,GP_Ip_4.0mm_closed_R10_single_refY_005-raw02-19,GP_Ip_4.0mm_closed_R10_single_refY,GP_Ip_4.0mm_closed_R10_single_refY_005,2,381,318.98162841796875,10.0,False,,,insufficient_multiarc_or_occlusion_endpoints,none,,,,,,,,,,1,358,0,0,True,0,,,,,,,,,,,,,,
G3_occlusion_aware_amodal,GP_Ip_4.0mm_closed_R10_single_refY_005-raw03-14,GP_Ip_4.0mm_closed_R10_single_refY,GP_Ip_4.0mm_closed_R10_single_refY_005,3,530,356.4505615234375,10.0,False,,,insufficient_multiarc_or_occlusion_endpoints,none,,,,,,,,,,1,409,0,0,True,0,,,,,,,,,,,,,,
G3_occlusion_aware_amodal,GP_Ip_4.0mm_closed_R10_single_refY_005-raw04-07,GP_Ip_4.0mm_closed_R10_single_refY,GP_Ip_4.0mm_closed_R10_single_refY_005,4,663,369.9772033691406,10.0,False,,,insufficient_multiarc_or_occlusion_endpoints,none,,,,,,,,,,1,436,0,0,True,0,,,,,,,,,,,,,,
G3_occlusion_aware_amodal,GP_Ip_4.0mm_closed_R10_single_refY_005-raw05-20,GP_Ip_4.0mm_closed_R10_single_refY,GP_Ip_4.0mm_closed_R10_single_refY_005,5,953,280.18707275390625,10.0,False,,,insufficient_multiarc_or_occlusion_endpoints,none,,,,,,,,,,1,327,0,0,True,0,,,,,,,,,,,,,,
G3_occlusion_aware_amodal,GP_Ip_4.0mm_closed_R5_single_refY_005-raw05-16,GP_Ip_4.0mm_closed_R5_single_refY,GP_Ip_4.0mm_closed_R5_single_refY_005,5,804,206.56846618652344,5.0,True,198.42752392182155,4.802948087503566,ok,ellipse,2.033223920189938,1.0,0.7518796992481203,4.0,,A1|A2|A3|A4,1.0,0.9670994336787764,0.9744873100943438,4,532,16,0,False,4,3.0,0.0001029242469798,0.1100982432435814,0.0215432159878885,0.2810548467358392,0.2,0.0066973083100715,6.0,207.8336105526465,175.45166574659086,198.42752392182155,165.9223464407936,133.5549552740985,1.1959059655212074
G3_occlusion_aware_amodal,GP_Ip_4.0mm_closed_R5_single_refY_006-raw01-24,GP_Ip_4.0mm_closed_R5_single_refY,GP_Ip_4.0mm_closed_R5_single_refY_006,1,254,215.4521484375,5.0,True,207.89791910607616,4.824688930089383,ok,ellipse,3.1598991910408,1.0,0.7414965986394558,1.0,,A1,1.0,0.9588122926371528,0.984095658230787,1,588,6,0,False,2,2.0,1.0685506352694369e-07,0.124510033909043,0.0307912142875208,0.0088843723558128,0.6000000000000001,0.0055484147153131,2.0,226.2769786762494,190.21933045948543,207.89791910607616,179.4420952583784,120.4485219769539,1.1585794225525747
G3_occlusion_aware_amodal,GP_Ip_4.0mm_closed_R5_single_refY_006-raw03-24,GP_Ip_4.0mm_closed_R5_single_refY,GP_Ip_4.0mm_closed_R5_single_refY_006,3,666,172.1593475341797,5.0,True,167.26783786506763,4.857936564607945,ok,ellipse,2.4051803885142373,0.9444444444444444,0.7551020408163265,23.0,,A1|A7|A8|A9|A10|A11|A12|A13|A14|A15|A16|A17|A18|A19|A20|A21|A22|A23|A24|A25|A26|A27|A28,0.8407079646017699,0.9575556123753516,0.9779952516069256,28,392,113,0,False,2,2.0,0.0001419425467836,0.1091658416213763,0.0296844259537983,0.1592158864100629,0.3090909090909091,0.0036417200626543,22.0,179.81276448662356,170.43677177520664,167.26783786506763,146.1090974113168,118.44477629474072,1.1448146681392886
G3_occlusion_aware_amodal,GP_Ip_4.0mm_closed_R5_single_refY_007-raw01-17,GP_Ip_4.0mm_closed_R5_single_refY,GP_Ip_4.0mm_closed_R5_single_refY_007,1,209,145.9283905029297,5.0,True,133.57230023152422,4.576638574960593,ok,ellipse,1.0972592932214005,0.7777777777777778,0.9095238095238096,16.0,,A1|A4|A5|A6|A7|A8|A9|A10|A11|A12|A13|A14|A17|A18|A19|A20,0.643312101910828,0.9846596356663472,0.9971441731920774,20,210,157,1,False,4,4.0,1.3217048784257404e-08,0.0479401928603463,0.015956900602172,0.107490093755792,0.0666666666666666,0.0013864957343312,18.0,170.5831453019997,147.7006442650251,133.57230023152422,121.8488358433104,134.91733667952005,1.0962131833847752
G3_occlusion_aware_amodal,GP_Ip_4.0mm_closed_R5_single_refY_007-raw02-16,GP_Ip_4.0mm_closed_R5_single_refY,GP_Ip_4.0mm_closed_R5_single_refY_007,2,422,157.34222412109375,5.0,True,150.72415706938168,4.789691956857726,ok,ellipse,1.5395708874367042,1.0,0.8451443569553806,8.0,,A1|A2|A3|A4|A5|A6|A7|A8,1.0,0.9700412524514777,0.9785575048732944,8,381,21,0,False,4,4.0,0.0002585700406452,0.0574611449356057,0.020299786155547,0.1080038842068134,0.0857142857142857,0.0077241116615805,14.0,172.87092003737487,162.29780061666287,150.72415706938168,123.63409227033485,113.40411028021234,1.2191148436615078
G3_occlusion_aware_amodal,GP_Ip_4.0mm_closed_R5_single_refY_007-raw03-20,GP_Ip_4.0mm_closed_R5_single_refY,GP_Ip_4.0mm_closed_R5_single_refY_007,3,681,138.417724609375,5.0,True,134.50558654729568,4.858683630542271,ok,ellipse,0.923892252914214,0.8055555555555556,0.8598130841121495,12.0,,A1|A2|A3|A7|A8|A9|A10|A11|A12|A13|A15|A16,0.64,0.9652641878669276,0.9933233026142562,16,214,150,9,False,2,2.0,0.0007067776137648,0.0967527193173488,0.0142022046935652,0.1733715082501705,0.3125,0.0028606084964273,16.0,155.5820864548174,150.29812316425705,134.50558654729568,113.30550778989928,114.5723043274416,1.1871054564859054
G3_occlusion_aware_amodal,GP_Ip_4.0mm_closed_R5_single_refY_007-raw04-22,GP_Ip_4.0mm_closed_R5_single_refY,GP_Ip_4.0mm_closed_R5_single_refY_007,4,921,131.62892150878906,5.0,True,126.8321788569458,4.817792982087033,ok,ellipse,0.7201286356392933,0.9444444444444444,0.9562043795620438,14.0,,A1|A2|A3|A4|A5|A6|A7|A8|A9|A10|A11|A12|A15|A16,0.7205882352941176,0.97818017202354,0.993064055487556,16,274,68,0,False,3,3.0,5.2171180687057576e-08,0.0502650358674688,0.0113587918716864,0.1061384566356295,0.1111111111111111,0.0028911028628279,18.0,157.2883545062032,144.59628613117394,126.8321788569458,110.41172310933936,124.02272761471288,1.1487202199656414
G3_occlusion_aware_amodal,GP_Ip_4.7mm_closed_R5_single_refY_004-raw01-23,GP_Ip_4.7mm_closed_R5_single_refY,GP_Ip_4.7mm_closed_R5_single_refY_004,1,188,34.679656982421875,5.0,True,213.64737029540635,30.802982048481343,ok,ellipse,0.8233949851145879,0.6944444444444444,0.7527472527472527,3.0,,A1|A3|A4,0.3364485981308411,0.97270759481758,0.974780391045622,4,364,214,0,False,3,3.0,0.0003103284140357,0.1297259694783896,0.0599289129741032,0.1156802989263029,0.28,0.0133171334829307,5.0,145.41475635910768,162.29081730304478,213.64737029540635,185.650557294098,36.86144792472058,1.1508038187946683
G3_occlusion_aware_amodal,GP_Ip_4.7mm_closed_R5_single_refY_004-raw02-12,GP_Ip_4.7mm_closed_R5_single_refY,GP_Ip_4.7mm_closed_R5_single_refY_004,2,273,36.67051315307617,5.0,True,222.6380190539538,30.35654534265461,ok,ellipse,1.7533880867356972,0.6944444444444444,0.5440806045340051,2.0,,A4|A6,0.2928870292887029,0.9607889314100676,0.9810012836970476,6,397,239,0,False,1,1.0,0.0,0.2606903296706307,0.1201237545774763,0.5013012155552792,0.22,0.0208752342345675,10.0,148.6031650172197,167.49412755221226,222.6380190539538,188.9823961828741,38.50232329000503,1.1780886661978394
G3_occlusion_aware_amodal,GP_Ip_4.7mm_closed_R5_single_refY_004-raw04-09,GP_Ip_4.7mm_closed_R5_single_refY,GP_Ip_4.7mm_closed_R5_single_refY_004,4,570,24.79712677001953,5.0,False,,,no_optimisation_candidate,none,,,,,,,,,,3,422,208,0,True,0,,,,,,,,,,,,,,
G3_occlusion_aware_amodal,GP_Ip_4.7mm_closed_R5_single_refY_004-raw05-23,GP_Ip_4.7mm_closed_R5_single_refY,GP_Ip_4.7mm_closed_R5_single_refY_004,5,823,48.00404357910156,5.0,True,243.0080165064604,25.31120280586668,ok,ellipse,1.09247394486473,0.7222222222222222,0.6892523364485982,2.0,,A4|A6,0.4412955465587044,0.9494732315631048,0.9739578623745366,6,428,247,0,False,3,3.0,2.7448492482773185e-06,0.2275897906071223,0.0571915739117891,0.3778225312467594,0.6,0.0138106012742324,6.0,161.36221429494728,175.30102634703405,243.0080165064604,207.7040453389501,36.555842050929584,1.1699724774734073
G3_occlusion_aware_amodal,GP_Ip_4.7mm_closed_R5_single_refY_005-raw01-16,GP_Ip_4.7mm_closed_R5_single_refY,GP_Ip_4.7mm_closed_R5_single_refY_005,1,174,21.96868133544922,5.0,False,,,no_optimisation_candidate,none,,,,,,,,,,4,331,422,0,True,0,,,,,,,,,,,,,,
G3_occlusion_aware_amodal,GP_Ip_4.7mm_closed_R5_single_refY_005-raw05-19,GP_Ip_4.7mm_closed_R5_single_refY,GP_Ip_4.7mm_closed_R5_single_refY_005,5,972,13.373971939086914,5.0,False,,,no_optimisation_candidate,none,,,,,,,,,,2,417,209,0,True,0,,,,,,,,,,,,,,
G3_occlusion_aware_amodal,GP_Ip_5.6mm_closed_R10_single_refY_005-raw01-08,GP_Ip_5.6mm_closed_R10_single_refY,GP_Ip_5.6mm_closed_R10_single_refY_005,1,78,208.0327911376953,10.0,True,125.8816978437072,6.051050757684977,ok,ellipse,1.2103464057666713,0.8333333333333334,0.9964912280701754,1.0,,A2,0.5079365079365079,0.9839657488247144,0.9762618690654672,2,285,63,0,False,2,2.0,1.239435549400139e-07,0.1537322382338766,0.0124299199087799,0.097467700295721,0.8,0.0051679379027214,2.0,165.4465517936011,137.967623958073,125.8816978437072,121.65506080865508,160.88410816506007,1.0347427966165743
G3_occlusion_aware_amodal,GP_Ip_5.6mm_closed_R10_single_refY_005-raw02-07,GP_Ip_5.6mm_closed_R10_single_refY,GP_Ip_5.6mm_closed_R10_single_refY_005,2,210,207.67135620117188,10.0,True,124.76159838784037,6.007645958982587,ok,ellipse,1.2611466789674712,1.0,1.0,10.0,,A1|A2|A3|A4|A5|A6|A7|A8|A9|A10,1.0,0.9743501165903792,0.9842100671726424,10,324,23,0,False,2,2.0,1.662934772846158e-08,0.1783616833169245,0.0128913365422411,0.0668248943276187,1.0,0.0060153368833131,4.0,162.60191196049144,142.3817046039288,124.76159838784037,116.36281545436552,159.95890382316514,1.0721775500247208
G3_occlusion_aware_amodal,GP_Ip_5.6mm_closed_R10_single_refY_005-raw03-19,GP_Ip_5.6mm_closed_R10_single_refY,GP_Ip_5.6mm_closed_R10_single_refY_005,3,418,212.7000274658203,10.0,True,127.7552858756562,6.006359632284756,ok,ellipse,1.310074520563675,0.9722222222222222,1.0,2.0,,A1|A2,1.0,0.9757722088085922,0.9742285520515428,2,341,14,0,False,3,3.0,5.633571161487346e-05,0.1483331979054727,0.0130205453259629,0.2146049029133757,0.6,0.0068333485623845,4.0,148.2310866605168,160.23320435843326,127.7552858756562,117.859773529741,170.67703226614032,1.0839600488746757
G3_occlusion_aware_amodal,GP_Ip_5.6mm_closed_R10_single_refY_005-raw04-18,GP_Ip_5.6mm_closed_R10_single_refY,GP_Ip_5.6mm_closed_R10_single_refY_005,4,550,230.26828002929688,10.0,True,139.46429404229875,6.05660032830205,ok,ellipse,1.0554429567846446,1.0,1.0,2.0,,A1|A2,1.0,0.9794753197947532,0.9853756157635468,2,371,13,0,False,3,3.0,4.1338319639999394e-09,0.1169858029949149,0.0097720758326231,0.153241035780662,0.5,0.0044729143033125,4.0,146.48727118583489,179.332960595622,139.46429404229875,124.23822338694272,172.17318416455447,1.1225554442124797
G3_occlusion_aware_amodal,GP_Ip_5.6mm_closed_R10_single_refY_005-raw05-24,GP_Ip_5.6mm_closed_R10_single_refY,GP_Ip_5.6mm_closed_R10_single_refY_005,5,723,225.9674530029297,10.0,True,146.8088272666041,6.4969014482231975,ok,ellipse,1.534733059428675,1.0,1.0,2.0,,A1|A2,1.0,0.9716575591985428,0.9799108887672946,2,378,10,0,False,3,3.0,3.9470964166778086e-08,0.1745745330994404,0.0146125399675229,0.1535724512438134,0.85,0.0049928653804423,4.0,133.89005910064296,182.10686183272392,146.8088272666041,117.00003635704644,160.7692568333829,1.2547759115098978
G3_occlusion_aware_amodal,GP_Ip_6.2mm_closed_R10_single_refY_005-raw05-04,GP_Ip_6.2mm_closed_R10_single_refY,GP_Ip_6.2mm_closed_R10_single_refY_005,5,453,296.0475769042969,10.0,True,205.47345338618436,6.940555147749364,ok,ellipse,1.590018734032085,1.0,0.964349376114082,2.0,,A1|A2,1.0,0.9809945653881192,0.9835424590338748,2,561,13,0,False,3,3.0,3.777439793228205e-06,0.1425534036487663,0.0112841729794454,0.160550106607899,0.65,0.0047405981364031,4.0,266.7102554041905,165.31457097931633,205.47345338618436,195.3661781401445,128.87854666732065,1.0517350308137237
G3_occlusion_aware_amodal,GP_Ip_6.2mm_closed_R5_single_refY_004-raw01-10,GP_Ip_6.2mm_closed_R5_single_refY,GP_Ip_6.2mm_closed_R5_single_refY_004,1,137,189.4000396728516,5.0,True,238.0316869568964,6.283834136678261,ok,ellipse,4.04979851122872,0.9166666666666666,0.465,6.0,,A2|A3|A4|A8|A9|A10,0.4848484848484848,0.9099894570374276,0.9468892261001516,10,600,33,310,False,4,4.0,0.0001306183462761,0.1949167080383062,0.058819730092214,0.5696230622021438,0.0833333333333333,0.027635330016181,12.0,154.17185731841016,195.69911670257417,238.0316869568964,198.51095470224809,127.16704617684636,1.199085900896132
G3_occlusion_aware_amodal,GP_Ip_6.2mm_closed_R5_single_refY_004-raw02-14,GP_Ip_6.2mm_closed_R5_single_refY,GP_Ip_6.2mm_closed_R5_single_refY_004,2,383,205.2457733154297,5.0,True,253.8116953227958,6.183116251868635,ok,ellipse,4.258691824232914,0.9166666666666666,0.4705882352941176,4.0,,A2|A5|A6|A7,0.6333333333333333,0.9167482577895524,0.9483117406189164,7,629,30,350,False,4,4.0,1.092377913917691e-05,0.176448740479219,0.0566052283782903,0.489509968705646,0.0833333333333333,0.026975766742284,12.0,163.05480087912142,202.01259683124923,253.8116953227958,214.05505548771748,129.63880641689047,1.1857309080810734
G3_occlusion_aware_amodal,GP_Ip_6.2mm_closed_R5_single_refY_004-raw03-11,GP_Ip_6.2mm_closed_R5_single_refY,GP_Ip_6.2mm_closed_R5_single_refY_004,3,568,192.41807556152344,5.0,True,263.647902085865,6.850913078630356,ok,ellipse,6.426924565926218,0.9444444444444444,0.3632,1.0,,A8,0.2272727272727272,0.9202044025157232,0.9455877712723064,8,625,22,326,False,5,5.0,7.065066336130845e-07,0.246511512653566,0.0792082090096062,0.5115103102055834,0.375,0.0250035474366946,8.0,161.6636471323934,208.64699973034604,263.647902085865,204.55930718335543,128.38657000844802,1.288858012456729
G3_occlusion_aware_amodal,GP_Ip_6.2mm_closed_R5_single_refY_004-raw04-14,GP_Ip_6.2mm_closed_R5_single_refY,GP_Ip_6.2mm_closed_R5_single_refY_004,4,805,186.6666259765625,5.0,True,253.37577584867947,6.7868526182203786,ok,ellipse,7.141189380092558,0.9166666666666666,0.3534482758620689,2.0,,A8|A10,0.2372881355932203,0.920336269015212,0.947013246688328,10,580,59,359,False,4,4.0,2.283944875200292e-06,0.2132681329760642,0.094579952361827,0.4496364571769526,0.1333333333333333,0.0250311119395621,12.0,175.43464638593562,201.06831323131712,253.37577584867947,211.21080319098797,124.0455251997126,1.1996345453009982
G3_occlusion_aware_amodal,GP_Ip_6.2mm_closed_R5_single_refY_004-raw05-15,GP_Ip_6.2mm_closed_R5_single_refY,GP_Ip_6.2mm_closed_R5_single_refY_004,5,1027,199.14328002929688,5.0,True,258.80674730893304,6.498003529691256,ok,ellipse,5.645431577582965,0.9166666666666666,0.4152410575427683,1.0,,A2,0.0,0.9242791933899578,0.9626980071538068,2,643,4,378,False,6,6.0,0.00014240342415,0.2211250779479825,0.0697421131644548,0.5015835359346816,0.3,0.0173321645616897,4.0,186.08075096316068,202.6423151718992,258.80674730893304,219.2499834227355,125.54417176000862,1.1804185490401071
G3_occlusion_aware_amodal,GP_Ip_6.2mm_closed_R5_single_refY_005-raw01-12,GP_Ip_6.2mm_closed_R5_single_refY,GP_Ip_6.2mm_closed_R5_single_refY_005,1,125,134.48037719726562,5.0,True,191.6473867111561,7.125477735314265,ok,ellipse,5.497128802735063,0.9444444444444444,0.3788235294117647,4.0,,A8|A9|A10|A11,0.4222222222222222,0.9203046839472488,0.9377838328792008,11,425,45,253,False,6,6.0,2.860924938683287e-05,0.2362498038767182,0.1001890866864636,0.4113662509543089,0.2857142857142857,0.0312294975492856,14.0,132.9623925658735,165.44697435158344,191.6473867111561,149.05391024503507,120.5153745853211,1.285758866681861
G3_occlusion_aware_amodal,GP_Ip_6.2mm_closed_R5_single_refY_005-raw02-13,GP_Ip_6.2mm_closed_R5_single_refY,GP_Ip_6.2mm_closed_R5_single_refY_005,2,304,170.43382263183594,5.0,True,230.26944355197028,6.75539162345108,ok,ellipse,5.462406544524278,0.9166666666666666,0.3854545454545454,3.0,,A2|A8|A10,0.7391304347826086,0.9231033823810434,0.9443541102077688,10,550,23,311,False,6,6.0,0.0004692862794512,0.1999067016892245,0.0775726930022459,0.490834213859601,0.1,0.0261919026144525,10.0,147.0803341398883,186.03346379990415,230.26944355197028,185.78391229455465,124.85583678449098,1.2394477040987557
G3_occlusion_aware_amodal,GP_Ip_6.2mm_closed_R5_single_refY_005-raw03-12,GP_Ip_6.2mm_closed_R5_single_refY,GP_Ip_6.2mm_closed_R5_single_refY_005,3,467,182.34539794921875,5.0,True,238.65536701685969,6.544046893997365,ok,ellipse,5.891637639767802,0.9444444444444444,0.404040404040404,1.0,,A4,0.6666666666666666,0.9236873804293914,0.9531413722285093,4,594,3,313,False,5,5.0,8.74988526246615e-07,0.2286748497121318,0.0767249494443308,0.5723296822449265,0.2,0.0213827537680446,4.0,150.78750216939574,193.00682176587557,238.65536701685969,194.86352284317712,125.88472828515576,1.2247308451306482
G3_occlusion_aware_amodal,GP_Ip_6.2mm_closed_R5_single_refY_005-raw04-22,GP_Ip_6.2mm_closed_R5_single_refY,GP_Ip_6.2mm_closed_R5_single_refY_005,4,710,177.58847045898438,5.0,True,239.1431418278104,6.733070598832669,ok,ellipse,5.198167863456776,0.9166666666666666,0.4362657091561939,2.0,,A2|A6,0.4285714285714285,0.9435212258040638,0.948970379605348,6,557,7,320,False,3,3.0,6.606069710287379e-08,0.1980411049094861,0.0691002136615164,0.5197646274152186,0.12,0.0199656164712169,10.0,180.22711139957207,196.57404925417532,239.1431418278104,193.01222510823325,114.60279820243674,1.2390051546927083
G3_occlusion_aware_amodal,GP_Ip_6.2mm_closed_R5_single_refY_005-raw05-01,GP_Ip_6.2mm_closed_R5_single_refY,GP_Ip_6.2mm_closed_R5_single_refY_005,5,731,179.65574645996094,5.0,True,235.7463341161508,6.561057432379168,ok,ellipse,4.878452464476684,0.9166666666666666,0.4370503597122302,1.0,,A5,0.6666666666666666,0.93806223270904,0.9526504514623926,5,556,3,328,False,5,5.0,0.0001679581263347,0.2054431824520425,0.0646218377139325,0.5200560939147779,0.1999999999999999,0.0194575027290126,6.0,182.5852519586476,193.5214985664393,235.7463341161508,196.30481308169823,113.40082934011406,1.2009197859964738
G3_occlusion_aware_amodal,GP_Ip_8.8mm_closed_R5_single_refY_004-raw01-24,GP_Ip_8.8mm_closed_R5_single_refY,GP_Ip_8.8mm_closed_R5_single_refY_004,1,205,150.3228302001953,5.0,True,277.9504690626112,9.245118279520328,ok,ellipse,1.018955436553914,0.8888888888888888,0.793205317577548,6.0,,A1|A3|A4|A5|A6|A7,0.1415094339622641,0.9867499642718606,0.9899005355776588,7,677,106,338,False,3,3.0,5.657143722103684e-08,0.1048073019589528,0.0178829505327124,0.3269639847086301,0.12,0.010090155670041,10.0,174.13836507720433,217.9928324012846,277.9504690626112,268.62479925144874,113.57584577318715,1.034716339806114
G3_occlusion_aware_amodal,GP_Ip_8.8mm_closed_R5_single_refY_004-raw02-17,GP_Ip_8.8mm_closed_R5_single_refY,GP_Ip_8.8mm_closed_R5_single_refY_004,2,323,147.01406860351562,5.0,True,276.8284172903592,9.415031497323625,ok,ellipse,1.0803197110707117,0.9166666666666666,0.8434108527131783,5.0,,A1|A4|A5|A6|A7,0.1298701298701298,0.9897876513730172,0.9864619522582092,7,645,154,294,False,3,3.0,3.795585234528746e-07,0.1006451968604653,0.0199907679483514,0.2051325996054209,0.2333333333333333,0.0132225971172275,6.0,177.73602800344105,210.6604636147711,276.8284172903592,259.3266779746615,147.02284627268165,1.0674891586642226
G3_occlusion_aware_amodal,GP_Ip_8.8mm_closed_R5_single_refY_004-raw03-04,GP_Ip_8.8mm_closed_R5_single_refY,GP_Ip_8.8mm_closed_R5_single_refY_004,3,399,143.93045043945312,5.0,True,274.04013923699085,9.51988055342989,ok,ellipse,1.2059514600971692,0.8333333333333334,0.7260726072607261,6.0,,A1|A2|A3|A4|A5|A6,0.1157024793388429,0.9864831980178308,0.9850039647371612,6,606,242,217,False,3,3.0,5.968536649155992e-07,0.0788224451622468,0.0234015258143843,0.1387990796249724,0.15,0.0147460097796228,8.0,179.4378980126832,204.23755663568213,274.04013923699085,252.11037798948456,156.27721080321038,1.086984762080762
G3_occlusion_aware_amodal,GP_Ip_8.8mm_closed_R5_single_refY_005-raw01-13,GP_Ip_8.8mm_closed_R5_single_refY,GP_Ip_8.8mm_closed_R5_single_refY_005,1,120,147.11476135253906,5.0,True,243.2662935197847,8.267909055598865,ok,ellipse,1.6335631001103252,0.9166666666666666,0.7736757624398074,2.0,,A1|A2,0.4285714285714285,0.9833124501651668,0.9896108802417832,2,623,7,365,False,3,3.0,2.698538424348481e-05,0.2055152873396453,0.0260711438681371,0.6239721141825207,0.35,0.0061420589571542,4.0,158.8865152538057,202.4621886618111,243.2662935197847,233.5924513139167,89.65140069414522,1.0414133339988272
G3_occlusion_aware_amodal,GP_Ip_8.8mm_closed_R5_single_refY_005-raw02-23,GP_Ip_8.8mm_closed_R5_single_refY,GP_Ip_8.8mm_closed_R5_single_refY_005,2,339,125.79080963134766,5.0,True,225.73619148184096,8.972682191306387,ok,ellipse,1.929586354927043,0.8611111111111112,0.615071283095723,7.0,,A1|A4|A5|A6|A7|A8|A9,0.3503649635036496,0.9630029534123028,0.9832705980761188,9,491,137,286,False,3,3.0,0.0020329993379349,0.1240900838169489,0.0385533784201113,0.3189995037489588,0.1166666666666666,0.0121051561344163,12.0,147.4120345392435,187.58736295467213,225.73619148184096,214.50664307152093,125.24610855044044,1.052350585741887
G3_occlusion_aware_amodal,GP_Ip_8.8mm_closed_R5_single_refY_005-raw03-14,GP_Ip_8.8mm_closed_R5_single_refY,GP_Ip_8.8mm_closed_R5_single_refY_005,3,436,124.75924682617188,5.0,True,237.96333261117644,9.536901619113362,ok,ellipse,2.4446822139436457,0.8611111111111112,0.5009276437847866,6.0,,A1|A3|A4|A5|A6|A12,0.1452991452991453,0.9655346706681408,0.9781891873325548,12,539,117,293,False,3,3.0,4.5133310699263e-07,0.1028375605636959,0.0495894003489041,0.1847238370124468,0.0699999999999999,0.0165811223208642,20.0,149.95970862438665,186.23971898895715,237.96333261117644,209.148919553889,132.17517629639548,1.1377698393983966
G3_occlusion_aware_amodal,GP_Ip_8.8mm_closed_R5_single_refY_005-raw04-20,GP_Ip_8.8mm_closed_R5_single_refY,GP_Ip_8.8mm_closed_R5_single_refY_005,4,630,123.69939422607422,5.0,True,206.9306045238176,8.364252946365655,ok,ellipse,1.2180625605651572,0.9166666666666666,0.753731343283582,3.0,,A1|A2|A6,0.2222222222222222,0.9751380149017488,0.9929935489383518,6,536,9,305,False,3,3.0,0.001002274149194,0.1390287683775783,0.0233955863924078,0.4357430644281853,0.175,0.006384483141524,8.0,141.47967239492732,180.37084779510133,206.9306045238176,200.12616906080083,96.22901578429487,1.0340007281154195
G3_occlusion_aware_amodal,GP_Ip_8.8mm_closed_R5_single_refY_005-raw05-23,GP_Ip_8.8mm_closed_R5_single_refY,GP_Ip_8.8mm_closed_R5_single_refY_005,5,804,125.4199676513672,5.0,True,218.53621575527265,8.712177966858627,ok,ellipse,1.0140453682862978,0.9444444444444444,0.762962962962963,2.0,,A1|A4,0.0909090909090909,0.9799842733576382,0.991232190386723,4,540,33,313,False,3,3.0,9.882712404986982e-09,0.1896132698355313,0.0201862998674977,0.7382893599254932,0.125,0.0086259942369568,8.0,156.00610901092372,179.07569618573655,218.53621575527265,202.72082328919387,17.710815156416874,1.0780156286338534
G3_occlusion_aware_amodal,GP_Ip_9.7mm_closed_R5_single_refY_004-raw01-04,GP_Ip_9.7mm_closed_R5_single_refY,GP_Ip_9.7mm_closed_R5_single_refY_004,1,83,128.58705139160156,5.0,True,315.0698640862622,12.251228279849974,ok,ellipse,4.215817323588004,0.8888888888888888,0.3555555555555555,3.0,,A2|A3|A13,0.0695652173913043,0.9456654456654456,0.953177446728267,13,675,345,124,False,2,2.0,2.5083384862743453e-06,0.1865577650353716,0.0956520259635904,0.2755975229102512,0.0999999999999999,0.0593892413992313,12.0,174.2926558123971,216.05895543799411,315.0698640862622,256.4132567257692,126.249392345375,1.22875809195476
G3_occlusion_aware_amodal,GP_Ip_9.7mm_closed_R5_single_refY_004-raw03-24,GP_Ip_9.7mm_closed_R5_single_refY,GP_Ip_9.7mm_closed_R5_single_refY_004,3,663,119.56008911132812,5.0,True,281.681814338463,11.77992658052369,ok,ellipse,3.955349235923965,0.8055555555555556,0.3259762308998302,1.0,,A9,0.053475935828877,0.9416404474742178,0.9523353402663748,9,589,187,241,False,2,2.0,2.105468845461122e-06,0.1783823481420733,0.0939024914583625,0.2089592062516603,0.15,0.0576800440953679,8.0,160.4510997556153,203.6618571511893,281.681814338463,234.84774480457284,123.68103726257569,1.1994231180412778
G3_occlusion_aware_amodal,GP_Ip_9.7mm_closed_R5_single_refY_004-raw04-15,GP_Ip_9.7mm_closed_R5_single_refY,GP_Ip_9.7mm_closed_R5_single_refY_004,4,792,105.02454376220705,5.0,True,289.9999810765269,13.806295685184544,ok,ellipse,5.718838362213882,0.8611111111111112,0.2367491166077738,0.0,,,0.0175438596491228,0.9483264007146646,0.9075041689827682,10,566,171,238,False,3,3.0,1.21139839716481e-07,0.3837376981866454,0.1533648967234706,0.6220363914873006,0.45,0.1099014947591845,8.0,150.7299728324143,172.40672669519168,289.9999810765269,204.2532136374224,120.65774751667897,1.419806209714364
G3_occlusion_aware_amodal,GP_Ip_9.7mm_closed_R5_single_refY_004-raw05-10,GP_Ip_9.7mm_closed_R5_single_refY,GP_Ip_9.7mm_closed_R5_single_refY_004,5,955,92.74362182617188,5.0,True,248.29900743622196,13.386311777946595,ok,ellipse,3.343013188936346,0.6944444444444444,0.2922755741127348,0.0,,,0.0,0.9493872062104588,0.948937248566632,1,479,367,4,False,1,1.0,0.0,0.3318933823853829,0.1061133419786925,0.4828915316423778,0.7,0.0691478116520423,2.0,143.30957640468105,174.6622794296616,248.29900743622196,198.7344779256702,117.85598372533208,1.2494007583781694
G3_occlusion_aware_amodal,GP_Ip_9.7mm_closed_R5_single_refY_005-raw01-09,GP_Ip_9.7mm_closed_R5_single_refY,GP_Ip_9.7mm_closed_R5_single_refY_005,1,67,139.7646942138672,5.0,True,269.21155964152297,9.63088572388592,ok,ellipse,2.6389106694422027,0.9444444444444444,0.5120910384068279,2.0,,A1|A3,0.2,0.9376801707633738,0.9799599693592628,3,703,50,355,False,3,3.0,0.0004088010078575,0.1654723214249411,0.0462161234180092,0.4660541238848187,0.1333333333333333,0.017272494942766,6.0,169.73162354017046,205.59540203686936,269.21155964152297,246.9335670172765,145.87582327686565,1.0902185672581637
G3_occlusion_aware_amodal,GP_Ip_9.7mm_closed_R5_single_refY_005-raw02-02,GP_Ip_9.7mm_closed_R5_single_refY,GP_Ip_9.7mm_closed_R5_single_refY_005,2,146,142.756103515625,5.0,True,276.2142978824295,9.67434285050366,ok,ellipse,2.8659537624641565,0.9444444444444444,0.4966261808367072,3.0,,A1|A3|A4,0.3043478260869565,0.9300663198443272,0.9792855868712094,4,741,23,353,False,3,3.0,0.0005148442790772,0.1720216880331539,0.0508623736324655,0.4434924766953366,0.1666666666666666,0.021316625890346,6.0,180.63338924597792,214.1417668658541,276.2142978824295,258.1772458384414,131.49223209168386,1.0698630585565818
G3_occlusion_aware_amodal,GP_Ip_9.7mm_closed_R5_single_refY_005-raw03-01,GP_Ip_9.7mm_closed_R5_single_refY,GP_Ip_9.7mm_closed_R5_single_refY_005,3,252,154.01039123535156,5.0,True,313.3191426668802,10.17201307501649,ok,ellipse,3.6825537680858993,0.9166666666666666,0.454661558109834,10.0,,A1|A4|A5|A6|A7|A8|A9|A10|A11|A12,0.1891891891891892,0.9286021711061164,0.9721301649978846,13,783,74,356,False,3,3.0,3.262759721023569e-07,0.1423393784504963,0.0630102029768741,0.2867788936096848,0.0777777777777777,0.0294478002429103,18.0,205.07939457344995,234.45321406598012,313.3191426668802,282.63217869497765,135.31115353178407,1.1085756197811452
G3_occlusion_aware_amodal,GP_Ip_9.7mm_closed_R5_single_refY_005-raw04-24,GP_Ip_9.7mm_closed_R5_single_refY,GP_Ip_9.7mm_closed_R5_single_refY_005,4,469,176.43846130371094,5.0,True,370.82700057064426,10.508678148477053,ok,ellipse,4.381268390248527,0.8888888888888888,0.3859223300970874,6.0,,A1|A3|A15|A16|A17|A18,0.0643564356435643,0.9358946943236628,0.9688204890246574,18,824,202,377,False,3,3.0,2.885539666991544e-06,0.1303692519284808,0.0684982934052794,0.2114949237520312,0.0545454545454545,0.0325433016885058,22.0,236.4297297901772,260.8330338038963,370.82700057064426,323.85044054864005,140.0749239353592,1.145056341261789
G3_occlusion_aware_amodal,GP_Ip_9.7mm_closed_R5_single_refY_005-raw05-22,GP_Ip_9.7mm_closed_R5_single_refY,GP_Ip_9.7mm_closed_R5_single_refY_005,5,573,187.770751953125,5.0,True,363.9379210541412,9.691017298183755,ok,ellipse,3.965493941031195,0.9444444444444444,0.4661105318039624,8.0,,A2|A6|A7|A8|A9|A10|A11|A12,0.2352941176470588,0.9325310162167184,0.973178404057264,12,959,34,460,False,2,2.0,1.36076280290768e-06,0.1402737403480639,0.0560628876642648,0.2963302202195851,0.0999999999999999,0.0284137389710916,12.0,234.762964916601,261.275837929551,363.9379210541412,334.96879949501164,141.34931472884273,1.0864830443993665
G3_occlusion_aware_amodal,GP_Is_10.5mm_closed_R5_single_refY_004-raw01-09,GP_Is_10.5mm_closed_R5_single_refY,GP_Is_10.5mm_closed_R5_single_refY_004,1,95,104.66658782958984,5.0,True,238.083721639428,11.373434759670284,ok,ellipse,1.0503428924464009,0.9444444444444444,0.8537549407114624,2.0,,A1|A3,0.02,0.98876831482498,0.9900593738754948,3,506,100,257,False,3,3.0,1.4521600816993653e-08,0.1412097704432932,0.0249370056132315,0.3415424015644087,0.3,0.0084693843347996,4.0,156.8550963229491,151.6949183550901,238.083721639428,161.72778260389333,177.93576285985654,1.472126296460436
G3_occlusion_aware_amodal,GP_Is_10.5mm_closed_R5_single_refY_004-raw02-22,GP_Is_10.5mm_closed_R5_single_refY,GP_Is_10.5mm_closed_R5_single_refY_004,2,337,119.36279296875,5.0,True,266.15206293424444,11.148870444239892,ok,ellipse,1.1927216702918904,0.9722222222222222,0.7610169491525424,2.0,,A1|A4,0.0344827586206896,0.9798122838794664,0.9881765255516424,4,590,58,350,False,3,3.0,1.1655867325226477e-08,0.1529668423689213,0.0242249657425931,0.4784355144113953,0.2,0.0087279249829973,6.0,170.12468204706593,165.54821526443874,266.15206293424444,183.79063992248877,12.018055984154271,1.4481263194169764
G3_occlusion_aware_amodal,GP_Is_10.5mm_closed_R5_single_refY_004-raw03-05,GP_Is_10.5mm_closed_R5_single_refY,GP_Is_10.5mm_closed_R5_single_refY_004,3,383,117.4066162109375,5.0,True,264.0020151883858,11.243063794380594,ok,ellipse,1.092180244196642,0.9166666666666666,0.8035714285714286,2.0,,A1|A2,0.0408163265306122,0.9809504509068802,0.9931364547006012,2,560,98,330,False,3,3.0,4.289310280635679e-09,0.1233846821191122,0.0225583465618644,0.3038745116774733,0.25,0.0072898092050089,4.0,169.76189983718632,164.206222910764,264.0020151883858,181.92497284229248,9.999646879753078,1.451158744529507
G3_occlusion_aware_amodal,GP_Is_10.5mm_closed_R5_single_refY_004-raw04-24,GP_Is_10.5mm_closed_R5_single_refY,GP_Is_10.5mm_closed_R5_single_refY_004,4,664,110.06497192382812,5.0,True,253.28197972225425,11.506021184357422,ok,ellipse,0.939695294912898,0.9166666666666666,0.8805394990366089,2.0,,A1|A7,0.0802919708029197,0.9886304525525748,0.9926250101304804,7,519,137,256,False,3,3.0,2.52103316453312e-09,0.0971695461703212,0.0210507289213108,0.2572500753618472,0.15,0.0061965776475455,8.0,162.77150048819598,159.05989247420214,253.28197972225425,172.4800685415112,163.88441264188347,1.4684710057457813
G3_occlusion_aware_amodal,GP_Is_10.5mm_closed_R5_single_refY_004-raw05-05,GP_Is_10.5mm_closed_R5_single_refY,GP_Is_10.5mm_closed_R5_single_refY_004,5,697,114.05237579345705,5.0,True,261.5602263780352,11.466671542717672,ok,ellipse,0.8715287890472946,0.8888888888888888,0.8946395563770795,2.0,,A1|A5,0.0873015873015873,0.9886312432844616,0.9938617962718884,5,541,126,278,False,3,3.0,1.5524115265257533e-08,0.1242420282648739,0.0187611933976798,0.2935245045387811,0.3,0.0050740970269653,4.0,166.65256657816144,162.76442434578905,261.5602263780352,178.7631927964565,163.17646791120814,1.463166003506399
G3_occlusion_aware_amodal,GP_Is_10.5mm_closed_R5_single_refY_005-raw01-07,GP_Is_10.5mm_closed_R5_single_refY,GP_Is_10.5mm_closed_R5_single_refY_005,1,82,122.33806610107422,5.0,True,264.1930083252924,10.797661625083208,ok,ellipse,1.4272135052779846,0.9722222222222222,0.7246376811594203,2.0,,A1|A4,0.3636363636363636,0.9733609680270656,0.9895382758273816,4,621,11,418,False,2,2.0,2.2112736921267244e-06,0.1800311667433699,0.0259697687298466,0.5814093247191242,0.2333333333333333,0.0079415230562813,6.0,177.0839288611943,172.8542281837896,264.1930083252924,197.8111577415767,168.78350644053637,1.3355819324936054
G3_occlusion_aware_amodal,GP_Is_10.5mm_closed_R5_single_refY_005-raw02-14,GP_Is_10.5mm_closed_R5_single_refY,GP_Is_10.5mm_closed_R5_single_refY_005,2,283,120.3318328857422,5.0,True,270.6094768577194,11.244301294515694,ok,ellipse,1.0008794718169067,0.9722222222222222,0.8300884955752212,7.0,,A1|A2|A3|A4|A5|A6|A10,0.1592920353982301,0.9797795295776454,0.994140073425586,10,565,113,347,False,3,3.0,1.2827473035203386e-07,0.0747917909792334,0.0194617983535914,0.2036406377688259,0.0833333333333333,0.0060053287767909,12.0,173.05501190073343,172.8741674893664,270.6094768577194,190.60045505608488,162.2447513576086,1.4197735088202783
G3_occlusion_aware_amodal,GP_Is_10.5mm_closed_R5_single_refY_005-raw03-09,GP_Is_10.5mm_closed_R5_single_refY,GP_Is_10.5mm_closed_R5_single_refY_005,3,407,131.74789428710938,5.0,True,286.88686844195445,10.887721203982249,ok,ellipse,1.43927439012308,0.9722222222222222,0.734920634920635,2.0,,A1|A2,0.1046511627906976,0.9765404183154324,0.9918848665440944,2,630,86,398,False,2,2.0,1.0393695526372716e-09,0.1356532696458761,0.0251564085905335,0.352283200783347,0.25,0.007257773996209,4.0,181.11890098319464,178.78568720824018,286.88686844195445,203.89892308369429,158.07272011203187,1.4070053147077983
G3_occlusion_aware_amodal,GP_Is_10.5mm_closed_R5_single_refY_005-raw04-04,GP_Is_10.5mm_closed_R5_single_refY,GP_Is_10.5mm_closed_R5_single_refY_005,4,531,149.63868713378906,5.0,True,317.710538769502,10.61592242136698,ok,ellipse,2.1887902275640463,1.0,0.640218878248974,2.0,,A6|A7,0.1,0.9631027628258102,0.9883632875605816,7,731,20,567,False,3,3.0,2.7572443293386444e-06,0.1221949836698535,0.0323571534478718,0.3982393211523677,0.05,0.0076856171185946,4.0,201.3911427346896,196.87193729920037,317.710538769502,233.38265172403467,152.4321964508127,1.3613288580900245
G3_occlusion_aware_amodal,GP_Is_10.5mm_closed_R5_single_refY_005-raw05-10,GP_Is_10.5mm_closed_R5_single_refY,GP_Is_10.5mm_closed_R5_single_refY_005,5,726,174.79135131835938,5.0,True,354.9587084129049,10.15378351776669,ok,ellipse,2.1523451440900088,1.0,0.7105882352941176,2.0,,A1|A2,0.1666666666666666,0.9574333127614344,0.9898829397803612,2,850,6,728,False,3,3.0,6.462274047218878e-08,0.101326468706834,0.0261061853583731,0.3623541972272477,0.0,0.007855554008604,4.0,219.41069184008504,232.65351015355307,354.9587084129049,278.6890868170248,160.28713323171084,1.273672795971216
G3_occlusion_aware_amodal,GP_Is_14.0mm_closed_R10_single_refY_004-raw01-20,GP_Is_14.0mm_closed_R10_single_refY,GP_Is_14.0mm_closed_R10_single_refY_004,1,209,354.1351928710937,10.0,True,409.60845189608233,11.56644298961784,ok,ellipse,3.5797462712827177,1.0,0.6367837338262476,2.0,,A1|A4,0.0,0.960676977736585,0.9889057106522134,4,1082,5,793,False,3,3.0,0.0007170313797439,0.0743883952132334,0.0220918561108675,0.2539172183261461,0.0,0.0043231298203905,6.0,259.59109912974856,286.0318184972232,409.60845189608233,387.08278758083856,140.40201440112463,1.0581934021298725
G3_occlusion_aware_amodal,GP_Is_14.0mm_closed_R10_single_refY_004-raw02-20,GP_Is_14.0mm_closed_R10_single_refY,GP_Is_14.0mm_closed_R10_single_refY_004,2,405,376.7498168945313,10.0,True,439.0458382375242,11.653511655466373,ok,ellipse,5.361898667468287,1.0,0.6515426497277677,3.0,,A1|A2|A5,1.0,0.950627925217856,1.0,5,1102,1,804,False,3,3.0,9.970794097714761e-08,0.056760024813654,0.0300741747684108,0.108429250226216,0.0333333333333333,0.0,6.0,265.9811647345967,299.5114387201493,439.0458382375242,391.8681295105666,108.43860054458872,1.1203917980925917
G3_occlusion_aware_amodal,GP_Is_14.0mm_closed_R10_single_refY_004-raw03-03,GP_Is_14.0mm_closed_R10_single_refY,GP_Is_14.0mm_closed_R10_single_refY_004,3,462,378.1007080078125,10.0,True,443.7465923890344,11.736201043555452,ok,ellipse,5.459528019325143,1.0,0.7137777777777777,2.0,,A1|A22,0.0,0.9570924646605776,1.0,22,1125,24,717,False,3,3.0,1.9040552171003863e-08,0.1153885697426145,0.0305139745456172,0.2100872616992722,0.2857142857142857,0.0,14.0,271.7556675594493,301.1634516615952,443.7465923890344,388.0131978612959,102.68275322633484,1.1436378835434913
G3_occlusion_aware_amodal,GP_Is_14.0mm_closed_R10_single_refY_004-raw04-04,GP_Is_14.0mm_closed_R10_single_refY,GP_Is_14.0mm_closed_R10_single_refY_004,4,666,356.9442443847656,10.0,True,410.47975409492176,11.499828350011098,ok,ellipse,3.938943837708352,0.9722222222222222,0.624031007751938,2.0,,A1|A9,0.3333333333333333,0.96002311255619,0.985958710754351,9,1032,6,836,False,3,3.0,0.0010112117868719,0.1065139883875767,0.0246169238656659,0.3800307471688977,0.025,0.0061169002518035,8.0,279.99737712813493,290.1077497121609,410.47975409492176,384.6178281058697,120.37720821359407,1.0672405803870677
G3_occlusion_aware_amodal,GP_Is_14.0mm_closed_R10_single_refY_004-raw05-02,GP_Is_14.0mm_closed_R10_single_refY,GP_Is_14.0mm_closed_R10_single_refY_004,5,846,364.2723388671875,10.0,True,431.37048989444537,11.84197765978936,ok,ellipse,4.718096361004138,1.0,0.702048417132216,2.0,,A1|A12,,0.9675896760848104,0.9869582029739516,12,1074,0,872,False,2,2.0,1.480267241430836e-07,0.0793992224114288,0.0290638935713079,0.2271411928013128,0.02,0.0054488293710239,10.0,290.24383629253566,294.96460813975983,431.37048989444537,390.4797637283276,127.78782551255368,1.1047191940900865
G3_occlusion_aware_amodal,GP_Is_14.0mm_closed_R10_single_refY_005-raw01-21,GP_Is_14.0mm_closed_R10_single_refY,GP_Is_14.0mm_closed_R10_single_refY_005,1,227,396.5304260253906,10.0,True,509.8968042116228,12.858957869199504,ok,ellipse,3.023055949329131,1.0,0.8861588861588862,2.0,,A1|A8,0.7777777777777778,0.9810423550378916,0.9935273578247464,8,1221,9,903,False,3,3.0,2.2012110349554653e-08,0.1514111730321112,0.019479504660956,0.5337763289441662,0.16,0.0033611502352054,10.0,294.70820897978456,285.3672277326806,509.8968042116228,388.4104478943694,177.59549130676868,1.312778291562055
G3_occlusion_aware_amodal,GP_Is_14.0mm_closed_R10_single_refY_005-raw02-12,GP_Is_14.0mm_closed_R10_single_refY,GP_Is_14.0mm_closed_R10_single_refY_005,2,355,413.2045593261719,10.0,True,533.5330232710778,12.912079773299936,ok,ellipse,3.626632235598274,0.9722222222222222,0.8684416601409554,3.0,,A1|A11|A12,0.2051282051282051,0.9810368534775842,0.9909060742760284,12,1277,39,896,False,3,3.0,4.5098447523972535e-08,0.1858173471828373,0.0231438029413983,0.4304775945277005,0.5,0.0045086438168536,12.0,304.4431332903393,288.1731089001078,533.5330232710778,389.6479638566936,174.34571317616584,1.3692693732830663
G3_occlusion_aware_amodal,GP_Is_14.0mm_closed_R10_single_refY_005-raw03-10,GP_Is_14.0mm_closed_R10_single_refY,GP_Is_14.0mm_closed_R10_single_refY_005,3,543,445.1145324707031,10.0,True,553.856812503468,12.443017967289624,ok,ellipse,3.727540133018809,1.0,0.8670694864048338,3.0,,A4|A11|A12,0.8837209302325582,0.98235060220874,0.9940710105226208,12,1324,43,994,False,4,4.0,1.1738829934059972e-06,0.1470886094938757,0.0208956124169425,0.5060760476128217,0.16,0.0027936787267681,10.0,321.2819033924374,312.470569677386,553.856812503468,439.6910202547614,172.60595409468831,1.2596500428472652
G3_occlusion_aware_amodal,GP_Is_14.0mm_closed_R10_single_refY_005-raw04-17,GP_Is_14.0mm_closed_R10_single_refY,GP_Is_14.0mm_closed_R10_single_refY_005,4,808,474.5574645996094,10.0,True,565.8932440564625,11.92465162325314,ok,ellipse,5.252208295034984,0.9722222222222222,0.6880427521710086,3.0,,A11|A24|A25,0.8987341772151899,0.9682096363995308,0.99574196444856,25,1497,79,916,False,2,2.0,3.175574008066366e-07,0.1959953422939321,0.0272883231129084,0.434786296060377,0.54,0.0021421713398521,20.0,333.65233102926663,329.84513493133977,565.8932440564625,466.55744771102434,163.51180131027488,1.2129122508552572
G3_occlusion_aware_amodal,GP_Is_14.0mm_closed_R10_single_refY_005-raw05-11,GP_Is_14.0mm_closed_R10_single_refY,GP_Is_14.0mm_closed_R10_single_refY_005,5,962,505.86328125,10.0,True,565.9364834245112,11.18753830137797,ok,ellipse,15.875752916997254,0.9444444444444444,0.4367622259696458,3.0,,A1|A22|A23,0.9058823529411764,0.8741042835637061,0.9998545844175724,23,1779,85,948,False,5,5.0,1.024200640984257e-06,0.2040014421475282,0.0749881033498628,0.2200666939883271,0.5666666666666667,0.0,18.0,345.00751230634984,329.51993534204445,565.9364834245112,454.2371368033008,155.11759444917573,1.2459053599344514
G3_occlusion_aware_amodal,GP_Is_14.0mm_closed_R5_single_refY_004-raw01-24,GP_Is_14.0mm_closed_R5_single_refY,GP_Is_14.0mm_closed_R5_single_refY_004,1,147,111.2783432006836,5.0,True,305.13167295077625,13.71029007865844,ok,ellipse,1.4371652248896591,0.9722222222222222,0.6725925925925926,5.0,,A1|A2|A6|A7|A8,0.1506849315068493,0.9654437509514384,0.989223022259871,8,675,146,344,False,3,3.0,2.694472667955504e-08,0.064549021395736,0.0306594378318838,0.1273319107048724,0.0333333333333333,0.0097805754939363,12.0,190.90260182483647,185.14396788034813,305.13167295077625,221.05237518864627,4.6276662270679765,1.3803591691352632
G3_occlusion_aware_amodal,GP_Is_14.0mm_closed_R5_single_refY_004-raw02-01,GP_Is_14.0mm_closed_R5_single_refY,GP_Is_14.0mm_closed_R5_single_refY_004,2,152,111.23707580566406,5.0,True,305.0104037803856,13.709925470948724,ok,ellipse,1.517362442125836,0.9722222222222222,0.6872246696035242,6.0,,A1|A2|A3|A7|A8|A9,0.1,0.9624707656663244,0.990450172229481,9,681,160,322,False,3,3.0,1.930260845315941e-08,0.0790596575862536,0.0324560500031137,0.1940587715656209,0.0285714285714285,0.0100175399551469,14.0,191.099197884117,184.1656284330868,305.0104037803856,219.83401652324147,4.758289052087605,1.3874577219860742
G3_occlusion_aware_amodal,GP_Is_14.0mm_closed_R5_single_refY_004-raw03-01,GP_Is_14.0mm_closed_R5_single_refY,GP_Is_14.0mm_closed_R5_single_refY_004,3,271,155.38258361816406,5.0,True,407.5706900697239,13.115069931881328,ok,ellipse,1.7845487400164646,0.9722222222222222,0.6779661016949152,2.0,,A4|A5,0.1333333333333333,0.9722172152324644,0.991837208402646,5,944,75,523,False,3,3.0,3.29969443214679e-08,0.1296196436279018,0.027191086335872,0.3973920171281538,0.1333333333333333,0.0084290110468542,6.0,242.7086929214361,231.75929763965576,407.5706900697239,300.4171452215682,170.16990400115367,1.3566825214623692
G3_occlusion_aware_amodal,GP_Is_14.0mm_closed_R5_single_refY_004-raw04-01,GP_Is_14.0mm_closed_R5_single_refY,GP_Is_14.0mm_closed_R5_single_refY_004,4,390,146.30955505371094,5.0,True,391.3112107020878,13.372715492109712,ok,ellipse,1.6055637292175569,0.9722222222222222,0.7255343082114736,2.0,,A1|A6,0.0441176470588235,0.9730982809469404,0.9908371927324546,6,889,136,431,False,3,3.0,7.375271068676094e-09,0.1221309044929328,0.026565404537187,0.3120923578472776,0.2,0.0089915096751149,4.0,234.5054190325084,225.90174243445557,391.3112107020878,283.6038268451176,5.955471738109821,1.3797811371416775
G3_occlusion_aware_amodal,GP_Is_14.0mm_closed_R5_single_refY_004-raw05-20,GP_Is_14.0mm_closed_R5_single_refY,GP_Is_14.0mm_closed_R5_single_refY_004,5,605,135.1721954345703,5.0,True,368.3028206281009,13.623468178645387,ok,ellipse,1.8083892797532195,0.9722222222222222,0.6706875753920386,5.0,,A1|A3|A4|A5|A6,0.0983606557377049,0.972660581114537,0.9922421611816532,6,829,122,418,False,3,3.0,7.1901808751971514e-09,0.0924660741815178,0.0326062137382674,0.23024427632586,0.0666666666666666,0.010888586223081,12.0,221.42791212496292,214.1257087996906,368.3028206281009,264.06148347792555,11.202038340988594,1.3947616130047586
G3_occlusion_aware_amodal,GP_Is_14.0mm_closed_R5_single_refY_005-raw01-02,GP_Is_14.0mm_closed_R5_single_refY,GP_Is_14.0mm_closed_R5_single_refY_005,1,33,99.63900756835938,5.0,True,311.3818069703951,15.625497210857164,ok,ellipse,2.4906413413937623,0.8055555555555556,0.4481658692185008,1.0,,A2,0.0,0.9783672858639192,0.9626716495741352,2,627,453,0,False,2,2.0,2.3434655318528424e-06,0.2868253787035917,0.0680453791090537,0.6685424711212584,0.45,0.0502043010579609,4.0,200.3130281216981,177.66351351494666,311.3818069703951,233.0210439236149,135.2610677430103,1.3362819156902717
G3_occlusion_aware_amodal,GP_Is_14.0mm_closed_R5_single_refY_005-raw02-11,GP_Is_14.0mm_closed_R5_single_refY,GP_Is_14.0mm_closed_R5_single_refY_005,2,181,106.37471771240234,5.0,False,,,insufficient_multiarc_or_occlusion_endpoints,none,,,,,,,,,,1,598,471,0,True,0,,,,,,,,,,,,,,
G3_occlusion_aware_amodal,GP_Is_14.0mm_closed_R5_single_refY_005-raw03-20,GP_Is_14.0mm_closed_R5_single_refY,GP_Is_14.0mm_closed_R5_single_refY_005,3,328,128.7305450439453,5.0,True,359.8465957552186,13.976737053058237,ok,ellipse,2.4659426066190315,1.0,0.5334773218142549,1.0,,A7,0.0,0.9729367031983897,0.9886275564272496,7,926,106,376,False,1,1.0,0.0,0.168017891833933,0.0460705455058453,0.4404412939422746,0.2,0.0110259643989506,6.0,215.70301798353103,201.8048489696041,359.8465957552186,275.4223663526106,144.32299013619615,1.306526410765506
G3_occlusion_aware_amodal,GP_Is_14.0mm_closed_R5_single_refY_005-raw04-13,GP_Is_14.0mm_closed_R5_single_refY,GP_Is_14.0mm_closed_R5_single_refY_005,4,404,133.76913452148438,5.0,True,332.9839943510236,12.446219209766353,ok,ellipse,9.077505875607809,1.0,0.2467248908296943,1.0,,A3,0.0,0.9101675246228464,0.9935021286130404,4,916,30,494,False,6,6.0,6.861598868733441e-06,0.2610785684016944,0.1535984167305648,0.4480907249384924,0.1,0.0081771619526603,4.0,231.67202036636309,202.7094964623045,332.9839943510236,290.181362063086,154.48761626884402,1.1475030373543849
G3_occlusion_aware_amodal,GP_Is_14.0mm_closed_R5_single_refY_005-raw05-16,GP_Is_14.0mm_closed_R5_single_refY,GP_Is_14.0mm_closed_R5_single_refY_005,5,525,131.1981201171875,5.0,True,363.779171131205,13.863734129965952,ok,ellipse,1.8189957017724625,0.9722222222222222,0.6292004634994206,2.0,,A3|A4,0.1136363636363636,0.970457819075324,0.9942906209514628,4,863,44,440,False,3,3.0,5.7696135074163024e-08,0.1542210237107405,0.0330836431938103,0.438918989816457,0.2,0.0095816644389679,4.0,216.20901192779235,211.3017100864352,363.779171131205,280.8842709960349,136.78810940380032,1.2951211893824424
G3_occlusion_aware_amodal,GP_Is_18.0mm_closed_R10_single_refY_004-raw01-01,GP_Is_18.0mm_closed_R10_single_refY,GP_Is_18.0mm_closed_R10_single_refY_004,1,48,253.4082489013672,10.0,True,429.5880639606247,16.952410421644604,ok,ellipse,3.4312098050481623,1.0,0.6769953051643193,2.0,,A1|A2,,0.9713523979441848,0.985856204748274,2,1065,0,708,False,3,3.0,3.3426129201194925e-06,0.1728086010568318,0.0340374510155444,0.4127528953879177,0.35,0.0106302027534393,4.0,254.57630011666464,245.56581087039945,429.5880639606247,332.9501018252004,7.538149296948262,1.2902475824625503
G3_occlusion_aware_amodal,GP_Is_18.0mm_closed_R10_single_refY_004-raw02-11,GP_Is_18.0mm_closed_R10_single_refY,GP_Is_18.0mm_closed_R10_single_refY_004,2,296,264.1240539550781,10.0,True,446.5954060423306,16.90854730399856,ok,ellipse,3.34451756892094,1.0,0.7335164835164835,2.0,,A1|A6,,0.9800193272283834,0.9839758263895249,6,1092,0,748,False,3,3.0,1.1901977233364369e-08,0.1599108370340321,0.0314697088706544,0.4461753966169555,0.2333333333333333,0.0120172823999616,6.0,265.75340908428245,258.2831294635374,446.5954060423306,356.0094557549144,1.440349855773718,1.2544481581123446
G3_occlusion_aware_amodal,GP_Is_18.0mm_closed_R10_single_refY_004-raw03-06,GP_Is_18.0mm_closed_R10_single_refY,GP_Is_18.0mm_closed_R10_single_refY_004,3,434,275.10406494140625,10.0,True,464.3881238198204,16.880452999439658,ok,ellipse,2.7003790136229835,1.0,0.8021201413427562,2.0,,A1|A7,0.8333333333333334,0.982816029448674,0.9903759120716726,7,1132,12,771,False,3,3.0,1.5961239375384152e-06,0.1605824387478386,0.0241222061110137,0.492749316536432,0.2333333333333333,0.0083153409415383,6.0,269.28042167230615,269.3855090556221,464.3881238198204,376.4537796376411,172.00081879492114,1.2335860308450648
G3_occlusion_aware_amodal,GP_Is_18.0mm_closed_R10_single_refY_004-raw04-22,GP_Is_18.0mm_closed_R10_single_refY,GP_Is_18.0mm_closed_R10_single_refY_004,4,726,293.1953430175781,10.0,True,499.6195883949842,17.04050218713843,ok,ellipse,2.378002682044812,1.0,0.875,2.0,,A1|A3,,0.9858263605706142,0.9930565814743684,3,1216,0,841,False,3,3.0,6.443155404841476e-09,0.1429863789634365,0.019880256736596,0.3431935738719539,0.35,0.0056211641498561,4.0,293.47202174577905,285.69886777031485,499.6195883949842,412.4070834063873,151.1807782357181,1.211471889057389
G3_occlusion_aware_amodal,GP_Is_18.0mm_closed_R10_single_refY_004-raw05-03,GP_Is_18.0mm_closed_R10_single_refY,GP_Is_18.0mm_closed_R10_single_refY_004,5,763,292.2741394042969,10.0,True,498.9322702016191,17.07069504057135,ok,ellipse,2.1545672393379087,1.0,0.8806584362139918,2.0,,A3|A4,,0.9854449152542372,0.9951788211944332,4,1215,0,844,False,3,3.0,1.1417585997659308e-08,0.1494775484523601,0.0180916895382199,0.3857306480053561,0.35,0.004970655180197,4.0,293.1474786154693,285.470968570604,498.9322702016191,411.9111450114687,150.00646026294487,1.2112618855887656
G3_occlusion_aware_amodal,GP_Is_18.0mm_closed_R10_single_refY_005-raw01-20,GP_Is_18.0mm_closed_R10_single_refY,GP_Is_18.0mm_closed_R10_single_refY_005,1,158,260.5450439453125,10.0,True,424.4352127380442,16.290281569398484,ok,ellipse,2.424384263460335,1.0,0.8572769953051643,2.0,,A1|A2,1.0,0.9811397828036266,0.9930358815761255,2,1065,2,834,False,3,3.0,9.958542354593371e-09,0.1226935459094853,0.0213054548674647,0.3109627840041832,0.25,0.0048443835462398,4.0,251.95282845256185,255.83554200866664,424.4352127380442,350.6260669441433,177.64467979421426,1.2105067271158112
G3_occlusion_aware_amodal,GP_Is_18.0mm_closed_R10_single_refY_005-raw02-20,GP_Is_18.0mm_closed_R10_single_refY,GP_Is_18.0mm_closed_R10_single_refY_005,2,306,280.68670654296875,10.0,True,459.4536315346905,16.368913127147167,ok,ellipse,2.4793017260786896,0.9722222222222222,0.8207630878438332,2.0,,A1|A3,,0.9853976775596538,0.9896911141782876,3,1127,0,847,False,3,3.0,1.6091190594123424e-08,0.1388322149480917,0.0205701137994326,0.3567732569872001,0.3,0.0054498564320546,4.0,268.77028605394,268.5891766311698,459.4536315346905,379.6291870408739,160.10062792871383,1.2102695135640928
G3_occlusion_aware_amodal,GP_Is_18.0mm_closed_R10_single_refY_005-raw03-21,GP_Is_18.0mm_closed_R10_single_refY,GP_Is_18.0mm_closed_R10_single_refY_005,3,460,325.0423278808594,10.0,True,516.796601496463,15.89936316496875,ok,ellipse,3.06046410391244,1.0,0.8051441932969603,2.0,,A1|A6,1.0,0.9827477286788888,0.9930048348935294,6,1283,5,1002,False,3,3.0,5.195997374766513e-09,0.1494898527023749,0.0213620799464631,0.4568693260834335,0.2333333333333333,0.0050111643977856,6.0,309.2775258813238,272.8670916117972,516.796601496463,441.8832377132025,158.7601512440006,1.1695320333284105
G3_occlusion_aware_amodal,GP_Is_18.0mm_closed_R10_single_refY_005-raw04-16,GP_Is_18.0mm_closed_R10_single_refY,GP_Is_18.0mm_closed_R10_single_refY_005,4,577,338.71044921875,10.0,True,513.8846580884641,15.171798191457064,ok,ellipse,2.558929158675068,1.0,0.8392993145468393,2.0,,A1|A8,1.0,0.9795599197523348,0.994125939849624,8,1313,6,1263,False,3,3.0,4.593370976044278e-09,0.0897869591144436,0.0159311907682336,0.2883085309527314,0.1,0.0034116061590392,6.0,305.306323070971,312.93644447173614,513.8846580884641,464.0282084222322,166.37536896147537,1.1074427130965845
G3_occlusion_aware_amodal,GP_Is_18.0mm_closed_R10_single_refY_005-raw05-20,GP_Is_18.0mm_closed_R10_single_refY,GP_Is_18.0mm_closed_R10_single_refY_005,5,753,332.74822998046875,10.0,True,500.5409988849464,15.042634454113443,ok,ellipse,3.0657571147134037,1.0,0.8020344287949922,2.0,,A1|A3,0.0,0.9698495238489852,0.9898057318715138,3,1278,7,1375,False,3,3.0,1.397105810732628e-07,0.0745649515297293,0.0192128838717869,0.2673149336958737,0.0,0.0053973740536217,4.0,298.1757147808432,306.7353314736626,500.5409988849464,445.57267744643065,168.44329910691488,1.1233655567786118
G3_occlusion_aware_amodal,GP_Is_18.0mm_closed_R5_single_refY_004-raw01-22,GP_Is_18.0mm_closed_R5_single_refY,GP_Is_18.0mm_closed_R5_single_refY_004,1,200,119.65711975097656,5.0,True,453.6940751648373,18.95808941870901,ok,ellipse,1.4828743274997482,1.0,0.7100478468899522,2.0,,A5|A6,0.0747126436781609,0.9934655814963984,0.9896417524897182,6,1045,174,289,False,3,3.0,3.9001371853543046e-08,0.0982280108527953,0.0312199088189937,0.2279061382910844,0.1,0.0183624982159562,10.0,266.7439839870847,248.81960314518608,453.6940751648373,361.0691649284603,13.38446617181603,1.256529549552449
G3_occlusion_aware_amodal,GP_Is_18.0mm_closed_R5_single_refY_004-raw02-15,GP_Is_18.0mm_closed_R5_single_refY,GP_Is_18.0mm_closed_R5_single_refY_004,2,324,118.54354095458984,5.0,True,447.8843726458886,18.891133546342203,ok,ellipse,1.5485537862581502,0.9722222222222222,0.6827794561933535,1.0,,A12,0.0531914893617021,0.9911641566136116,0.9925590282038248,12,993,188,335,False,1,1.0,0.0,0.0917161692440396,0.0317567282625858,0.2237957367847408,0.0666666666666666,0.0148579817843017,18.0,263.8958380741543,251.28328517028436,447.8843726458886,359.53470075743195,11.13414532449312,1.2457333651030913
G3_occlusion_aware_amodal,GP_Is_18.0mm_closed_R5_single_refY_004-raw03-10,GP_Is_18.0mm_closed_R5_single_refY,GP_Is_18.0mm_closed_R5_single_refY_004,3,461,117.28266143798828,5.0,True,432.4640226073688,18.43682677835669,ok,ellipse,1.3722016770181484,0.9722222222222222,0.7000973709834469,1.0,,A7,0.1224489795918367,0.9851198302518112,0.9961959329357064,7,1027,98,402,False,2,2.0,1.40826899775833e-09,0.0864613937984535,0.0277171474897273,0.2127073955688759,0.0833333333333333,0.0105793348427174,12.0,255.7941343857788,243.27705974344207,432.4640226073688,352.91528299079295,11.70864906504113,1.2254046323594638
G3_occlusion_aware_amodal,GP_Is_18.0mm_closed_R5_single_refY_004-raw04-20,GP_Is_18.0mm_closed_R5_single_refY,GP_Is_18.0mm_closed_R5_single_refY_004,4,708,121.9736328125,5.0,True,443.1116931235128,18.16424102923424,ok,ellipse,1.4952791957927571,1.0,0.7435129740518962,1.0,,A15,0.0729613733905579,0.9904238401438152,0.9926817354234202,15,1002,233,375,False,2,2.0,3.750254435975813e-09,0.1243376810870355,0.0284563146196931,0.3693273177943056,0.12,0.0114740083099464,10.0,261.3605138881914,250.80828665918705,443.1116931235128,370.6329296998182,174.6388728351032,1.1955540309988009
G3_occlusion_aware_amodal,GP_Is_18.0mm_closed_R5_single_refY_004-raw05-21,GP_Is_18.0mm_closed_R5_single_refY,GP_Is_18.0mm_closed_R5_single_refY_004,5,891,133.7806396484375,5.0,True,476.62565550559634,17.813700725236558,ok,ellipse,1.866598453857565,0.9722222222222222,0.6721461187214612,1.0,,A10,0.06282722513089,0.9887901634831546,0.9932784538862398,10,1095,191,403,False,2,2.0,2.8085936225968906e-08,0.0891182231481882,0.0326958573395774,0.1938844025222812,0.0857142857142857,0.0136809784200332,14.0,270.8581632643836,265.2111850798138,476.62565550559634,387.7011208953808,159.09589642423956,1.2293636252710536
G3_occlusion_aware_amodal,GP_Is_18.0mm_closed_R5_single_refY_005-raw01-06,GP_Is_18.0mm_closed_R5_single_refY,GP_Is_18.0mm_closed_R5_single_refY_005,1,81,151.55653381347656,5.0,False,,,insufficient_multiarc_or_occlusion_endpoints,none,,,,,,,,,,1,1335,0,0,True,0,,,,,,,,,,,,,,
G3_occlusion_aware_amodal,GP_Is_18.0mm_closed_R5_single_refY_005-raw02-19,GP_Is_18.0mm_closed_R5_single_refY,GP_Is_18.0mm_closed_R5_single_refY_005,2,340,119.2591781616211,5.0,False,,,insufficient_multiarc_or_occlusion_endpoints,none,,,,,,,,,,1,1085,0,0,True,0,,,,,,,,,,,,,,
G3_occlusion_aware_amodal,GP_Is_18.0mm_closed_R5_single_refY_005-raw03-19,GP_Is_18.0mm_closed_R5_single_refY,GP_Is_18.0mm_closed_R5_single_refY_005,3,508,112.91568756103516,5.0,False,,,insufficient_multiarc_or_occlusion_endpoints,none,,,,,,,,,,1,1042,0,0,True,0,,,,,,,,,,,,,,
G3_occlusion_aware_amodal,GP_Is_18.0mm_closed_R5_single_refY_005-raw04-03,GP_Is_18.0mm_closed_R5_single_refY,GP_Is_18.0mm_closed_R5_single_refY_005,4,564,112.3915786743164,5.0,False,,,insufficient_multiarc_or_occlusion_endpoints,none,,,,,,,,,,1,1041,0,0,True,0,,,,,,,,,,,,,,
G3_occlusion_aware_amodal,GP_Is_18.0mm_closed_R5_single_refY_005-raw05-01,GP_Is_18.0mm_closed_R5_single_refY,GP_Is_18.0mm_closed_R5_single_refY_005,5,718,111.53626251220705,5.0,False,,,insufficient_multiarc_or_occlusion_endpoints,none,,,,,,,,,,1,1032,0,0,True,0,,,,,,,,,,,,,,
G3_occlusion_aware_amodal,GP_Is_4.8mm_closed_R10_single_refY_004-raw01-01,GP_Is_4.8mm_closed_R10_single_refY,GP_Is_4.8mm_closed_R10_single_refY_004,1,45,295.1936950683594,10.0,False,,,insufficient_multiarc_or_occlusion_endpoints,none,,,,,,,,,,1,363,0,0,True,0,,,,,,,,,,,,,,
G3_occlusion_aware_amodal,GP_Is_4.8mm_closed_R10_single_refY_004-raw02-09,GP_Is_4.8mm_closed_R10_single_refY,GP_Is_4.8mm_closed_R10_single_refY_004,2,261,272.227783203125,10.0,False,,,insufficient_multiarc_or_occlusion_endpoints,none,,,,,,,,,,1,341,0,0,True,0,,,,,,,,,,,,,,
G3_occlusion_aware_amodal,GP_Is_4.8mm_closed_R10_single_refY_004-raw03-13,GP_Is_4.8mm_closed_R10_single_refY,GP_Is_4.8mm_closed_R10_single_refY_004,3,450,289.68414306640625,10.0,False,,,insufficient_multiarc_or_occlusion_endpoints,none,,,,,,,,,,1,369,0,0,True,0,,,,,,,,,,,,,,
G3_occlusion_aware_amodal,GP_Is_4.8mm_closed_R10_single_refY_004-raw04-13,GP_Is_4.8mm_closed_R10_single_refY,GP_Is_4.8mm_closed_R10_single_refY_004,4,612,301.9828491210937,10.0,False,,,insufficient_multiarc_or_occlusion_endpoints,none,,,,,,,,,,1,385,0,0,True,0,,,,,,,,,,,,,,
G3_occlusion_aware_amodal,GP_Is_4.8mm_closed_R10_single_refY_004-raw05-17,GP_Is_4.8mm_closed_R10_single_refY,GP_Is_4.8mm_closed_R10_single_refY_004,5,802,293.5547180175781,10.0,False,,,insufficient_multiarc_or_occlusion_endpoints,none,,,,,,,,,,1,378,0,0,True,0,,,,,,,,,,,,,,
G3_occlusion_aware_amodal,GP_Is_4.8mm_closed_R10_single_refY_005-raw01-09,GP_Is_4.8mm_closed_R10_single_refY,GP_Is_4.8mm_closed_R10_single_refY_005,1,99,340.9530944824219,10.0,False,,,insufficient_multiarc_or_occlusion_endpoints,none,,,,,,,,,,1,436,0,0,True,0,,,,,,,,,,,,,,
G3_occlusion_aware_amodal,GP_Is_4.8mm_closed_R10_single_refY_005-raw02-05,GP_Is_4.8mm_closed_R10_single_refY,GP_Is_4.8mm_closed_R10_single_refY_005,2,235,315.6539611816406,10.0,False,,,insufficient_multiarc_or_occlusion_endpoints,none,,,,,,,,,,1,416,0,0,True,0,,,,,,,,,,,,,,
G3_occlusion_aware_amodal,GP_Is_4.8mm_closed_R10_single_refY_005-raw03-18,GP_Is_4.8mm_closed_R10_single_refY,GP_Is_4.8mm_closed_R10_single_refY_005,3,486,332.95074462890625,10.0,False,,,insufficient_multiarc_or_occlusion_endpoints,none,,,,,,,,,,1,440,0,0,True,0,,,,,,,,,,,,,,
G3_occlusion_aware_amodal,GP_Is_4.8mm_closed_R10_single_refY_005-raw04-22,GP_Is_4.8mm_closed_R10_single_refY,GP_Is_4.8mm_closed_R10_single_refY_005,4,677,300.4594116210937,10.0,True,147.54679851895918,4.910706498521302,ok,ellipse,0.9050030330611294,1.0,1.0,2.0,,A1|A2,1.0,0.9867534142195652,0.9798044465137936,2,402,14,0,False,3,3.0,0.0002678285644505,0.181076680754856,0.0061639951666608,0.1181902474374789,1.0,0.0036418174305697,2.0,231.97219355780183,220.12652461966573,147.54679851895918,145.1486549063936,26.89880023925511,1.0165219830256929
G3_occlusion_aware_amodal,GP_Is_4.8mm_closed_R10_single_refY_005-raw05-08,GP_Is_4.8mm_closed_R10_single_refY,GP_Is_4.8mm_closed_R10_single_refY_005,5,745,280.6284484863281,10.0,False,,,insufficient_multiarc_or_occlusion_endpoints,none,,,,,,,,,,1,393,0,0,True,0,,,,,,,,,,,,,,
G3_occlusion_aware_amodal,GP_Is_6.5mm_closed_R10_single_refY_004-raw01-07,GP_Is_6.5mm_closed_R10_single_refY,GP_Is_6.5mm_closed_R10_single_refY_004,1,74,281.9202575683594,10.0,True,143.94948764111723,5.1060356174019415,ok,ellipse,1.407432522180269,1.0,1.0,3.0,,A1|A2|A3,1.0,0.9768994224855622,0.9791778305136646,3,355,19,0,False,3,3.0,3.80364792831001e-08,0.1420811127534548,0.0123003884808009,0.1515769620803071,0.65,0.0056152338759781,4.0,204.57103823187123,171.41740499890838,143.94948764111723,115.8723371384668,149.1798895038776,1.2423110743774712
G3_occlusion_aware_amodal,GP_Is_6.5mm_closed_R10_single_refY_004-raw02-04,GP_Is_6.5mm_closed_R10_single_refY,GP_Is_6.5mm_closed_R10_single_refY_004,2,198,270.7782897949219,10.0,True,143.07045453399704,5.283675240077542,ok,ellipse,1.473490867923133,1.0,1.0,2.0,,A1|A2,1.0,0.9784879189399844,0.9771667470654446,2,363,4,0,False,3,3.0,1.428848866068697e-05,0.1134895994184421,0.0132032837871788,0.1533471798029089,0.45,0.0060482276305185,4.0,194.9753123752532,171.7584443473424,143.07045453399704,112.36010723298412,154.08109027085317,1.2733207368459831
G3_occlusion_aware_amodal,GP_Is_6.5mm_closed_R10_single_refY_004-raw03-24,GP_Is_6.5mm_closed_R10_single_refY,GP_Is_6.5mm_closed_R10_single_refY_004,3,456,279.6789855957031,10.0,True,153.18047103221966,5.477010391250971,ok,ellipse,1.4471318148764238,0.9722222222222222,1.0,2.0,,A1|A2,1.0,0.9747235387045814,0.9857570666861442,2,367,26,0,False,3,3.0,1.6946853214023111e-09,0.0921276024736822,0.0120286339266298,0.1306572215100502,0.35,0.0041929264144067,4.0,196.78649963416424,173.30562236323732,153.18047103221966,118.7472050250117,165.65957284808417,1.289971170268431
G3_occlusion_aware_amodal,GP_Is_6.5mm_closed_R10_single_refY_004-raw04-19,GP_Is_6.5mm_closed_R10_single_refY,GP_Is_6.5mm_closed_R10_single_refY_004,4,568,301.8932800292969,10.0,True,170.70556285452406,5.654500253796909,ok,ellipse,0.8445934050406542,0.9722222222222222,1.0,2.0,,A1|A2,1.0,0.9813782469457952,0.987174133508322,2,389,41,0,False,3,3.0,1.2049712456567781e-08,0.1701477391593884,0.0065088808559296,0.062153412331956,1.0,0.0034519309630501,4.0,203.0093758788649,176.91221933520265,170.70556285452406,123.08313754007789,166.99500278962108,1.38691266948683
G3_occlusion_aware_amodal,GP_Is_6.5mm_closed_R10_single_refY_004-raw05-14,GP_Is_6.5mm_closed_R10_single_refY,GP_Is_6.5mm_closed_R10_single_refY_004,5,681,304.8157958984375,10.0,True,172.4546622558081,5.657668158157683,ok,ellipse,1.022360910567486,0.9166666666666666,1.0,2.0,,A1|A2,1.0,0.9834049665711556,0.9875950136819702,2,383,43,0,False,3,3.0,5.922667018900302e-10,0.1006534957263684,0.0078555853852367,0.0834545185002712,0.5,0.0031628761173639,4.0,203.3681232225381,178.9265904822631,172.4546622558081,121.28247734225847,167.78738643335632,1.421925623840466
G3_occlusion_aware_amodal,GP_Is_6.5mm_closed_R10_single_refY_005-raw01-22,GP_Is_6.5mm_closed_R10_single_refY,GP_Is_6.5mm_closed_R10_single_refY_005,1,160,357.4503173828125,10.0,True,220.17352189372696,6.159555921108094,ok,ellipse,1.5857583995419562,0.9444444444444444,1.0,3.0,,A1|A2|A3,1.0,0.9737109964550208,0.9827155203199772,3,510,46,0,False,3,3.0,1.2840873984826755e-06,0.1222158659636082,0.0092085035721183,0.2303461554751497,0.4333333333333333,0.0055375179898856,6.0,230.63171125736707,203.4797947126559,220.17352189372696,162.8267867325308,17.99740148152216,1.3521947236814138
G3_occlusion_aware_amodal,GP_Is_6.5mm_closed_R10_single_refY_005-raw02-12,GP_Is_6.5mm_closed_R10_single_refY,GP_Is_6.5mm_closed_R10_single_refY_005,2,242,356.2591247558594,10.0,True,217.6146815005595,6.108325833048867,ok,ellipse,1.3355077593894455,0.9444444444444444,1.0,3.0,,A1|A2|A3,1.0,0.9802257906177688,0.9870816623487242,3,491,63,0,False,3,3.0,8.658111509321948e-09,0.0811201261866202,0.0077558388249104,0.0605128396317648,0.3999999999999999,0.0036049126724481,6.0,232.7227485710778,202.2191605202054,217.6146815005595,164.26252582134916,18.77276564817092,1.324798096293952
G3_occlusion_aware_amodal,GP_Is_6.5mm_closed_R10_single_refY_005-raw03-05,GP_Is_6.5mm_closed_R10_single_refY,GP_Is_6.5mm_closed_R10_single_refY_005,3,341,350.1836853027344,10.0,True,208.91666720367533,5.965916630955167,ok,ellipse,0.7007912596717417,0.8888888888888888,1.0,1.0,,A1,1.0,0.9818004793289394,0.993934339222079,1,475,59,0,False,3,3.0,2.8199957898756543e-09,0.1916803068674448,0.004189422655321,0.1840892427572523,1.0,0.0019229590304949,2.0,239.98027936901053,203.11786266237556,208.91666720367533,159.6848111139349,9.97688210598551,1.308306442837657
G3_occlusion_aware_amodal,GP_Is_6.5mm_closed_R10_single_refY_005-raw04-13,GP_Is_6.5mm_closed_R10_single_refY,GP_Is_6.5mm_closed_R10_single_refY_005,4,528,344.303955078125,10.0,True,195.40990594579344,5.675505699649995,ok,ellipse,0.7727393558592403,0.9166666666666666,1.0,5.0,,A1|A2|A3|A4|A5,1.0,0.9869141089697836,0.9885998013902682,5,446,70,0,False,3,3.0,1.7163603826829406e-09,0.1707122934297031,0.0047680590810177,0.0754437523788024,1.0,0.0024442396369281,4.0,239.6072596300815,198.3119616483044,195.40990594579344,161.6178919991345,3.790353015501762,1.2090858476661723
G3_occlusion_aware_amodal,GP_Is_6.5mm_closed_R10_single_refY_005-raw05-11,GP_Is_6.5mm_closed_R10_single_refY,GP_Is_6.5mm_closed_R10_single_refY_005,5,657,343.0627746582031,10.0,True,186.7535824920536,5.443714570259571,ok,ellipse,0.8853851482040257,0.9166666666666666,1.0,1.0,,A1,1.0,0.9829183309254697,0.9913006213841868,1,451,46,0,False,3,3.0,4.029556675745681e-06,0.1716396223928783,0.0056619899711567,0.075584195552669,1.0,0.0024594094605365,2.0,244.92383177991712,195.89807176985377,186.7535824920536,157.4189539389369,177.89770790566942,1.1863475002158614
G3_occlusion_aware_amodal,GP_Is_7.0mm_closed_R5_single_refY_004-raw01-03,GP_Is_7.0mm_closed_R5_single_refY,GP_Is_7.0mm_closed_R5_single_refY_004,1,39,112.04906463623048,5.0,True,203.39885473097715,9.076329882418724,ok,ellipse,0.5763436035212492,0.7222222222222222,0.9418282548476454,2.0,,A1|A2,0.0902439024390243,0.98090253867695,0.9843258671568864,2,361,410,0,False,3,3.0,1.510380013195203e-08,0.1400081971762109,0.0138452357930381,0.0915243216360261,0.7,0.0081659915884786,2.0,139.1724995162828,178.68883759601633,203.39885473097715,175.21569897710606,29.20061112649887,1.1608483481697238
G3_occlusion_aware_amodal,GP_Is_7.0mm_closed_R5_single_refY_004-raw02-21,GP_Is_7.0mm_closed_R5_single_refY,GP_Is_7.0mm_closed_R5_single_refY_004,2,232,112.62174224853516,5.0,True,187.3334092223361,8.316929106323283,ok,ellipse,0.7684793518576555,0.75,0.9616438356164384,4.0,,A1|A2|A3|A4,0.1016042780748663,0.9839079289097112,0.9885089221589968,4,365,374,0,False,3,3.0,0.0003998060725791,0.1702808965343487,0.0168648389406469,0.2031627846858616,0.7333333333333334,0.0079528590186557,6.0,135.42161194324996,174.9597624372473,187.3334092223361,174.77827113653268,19.22440020426606,1.0718346623076256
G3_occlusion_aware_amodal,GP_Is_7.0mm_closed_R5_single_refY_004-raw03-12,GP_Is_7.0mm_closed_R5_single_refY,GP_Is_7.0mm_closed_R5_single_refY_004,3,300,109.5236358642578,5.0,True,187.5689309380914,8.562943033162355,ok,ellipse,0.9654816446283871,0.7222222222222222,0.923529411764706,3.0,,A1|A2|A3,0.1632653061224489,0.981290528329967,0.9857304643261608,3,340,392,0,False,3,3.0,0.0003899656397883,0.1652416699758801,0.0223588251457516,0.1357187017694541,0.75,0.0092545842178218,4.0,134.2734910705752,172.1329651458351,187.5689309380914,168.29798883670708,174.47797665052835,1.1145048864492502
G3_occlusion_aware_amodal,GP_Is_7.0mm_closed_R5_single_refY_004-raw04-02,GP_Is_7.0mm_closed_R5_single_refY,GP_Is_7.0mm_closed_R5_single_refY_004,4,365,107.59822082519533,5.0,True,199.394009610596,9.26567410136514,ok,ellipse,0.6914891933477443,0.6666666666666666,0.9263803680981596,3.0,,A1|A2|A3,0.1451990632318501,0.9771897353809216,0.9879744456971064,3,326,427,0,False,3,3.0,1.2889808361720113e-08,0.1382656574552827,0.0171707345185507,0.2526946960046297,0.4499999999999999,0.0087313821023029,4.0,145.30576895841136,178.9954602349662,199.394009610596,168.88077894649535,157.32419748078345,1.1806791208238552
G3_occlusion_aware_amodal,GP_Is_7.0mm_closed_R5_single_refY_004-raw05-01,GP_Is_7.0mm_closed_R5_single_refY,GP_Is_7.0mm_closed_R5_single_refY_004,5,470,134.11746215820312,5.0,True,215.43860656426648,8.031713510584403,ok,ellipse,0.4555693199201747,0.7222222222222222,0.9269521410579346,3.0,,A1|A4|A5,0.2006079027355623,0.9800747709625734,0.993433184905321,5,397,329,118,False,3,3.0,6.585045807889117e-08,0.1856423072236805,0.0085394825786469,0.5290829952745996,0.4666666666666666,0.0036749302574676,6.0,159.5730092228799,196.6915517428065,215.43860656426648,190.64528776774029,148.14883342429945,1.1300494708619888
G3_occlusion_aware_amodal,GP_Is_7.0mm_closed_R5_single_refY_005-raw01-19,GP_Is_7.0mm_closed_R5_single_refY,GP_Is_7.0mm_closed_R5_single_refY_005,1,202,161.57070922851562,5.0,True,230.0128346693459,7.118023921775015,ok,ellipse,1.4237193654521707,0.9166666666666666,0.7845884413309983,2.0,,A1|A7,0.3333333333333333,0.977290441436973,0.9910754127621596,7,571,9,370,False,3,3.0,7.896530847428381e-05,0.1755279770442593,0.0184641658660164,0.4336984079555413,0.4600000000000001,0.0037832273918131,10.0,186.95031153139,230.63496310864187,230.0128346693459,223.8508083726251,64.9878315899973,1.0275273801400056
G3_occlusion_aware_amodal,GP_Is_7.0mm_closed_R5_single_refY_005-raw02-12,GP_Is_7.0mm_closed_R5_single_refY,GP_Is_7.0mm_closed_R5_single_refY_005,2,341,155.57838439941406,5.0,True,220.2080373437589,7.077076876515895,ok,ellipse,2.550204082388487,0.9444444444444444,0.6592592592592592,3.0,,A1|A2|A3,0.4666666666666667,0.9627375824870588,0.9872729806307772,8,540,30,328,False,3,3.0,0.0004223484768111,0.1922531889886953,0.0345050088861923,0.4698217926401673,0.4142857142857142,0.0046884698046069,14.0,169.82872893631853,215.52693007207608,220.2080373437589,211.15840485516787,81.99118120309038,1.042857079237732
G3_occlusion_aware_amodal,GP_Is_7.0mm_closed_R5_single_refY_005-raw03-16,GP_Is_7.0mm_closed_R5_single_refY,GP_Is_7.0mm_closed_R5_single_refY_005,3,571,145.44363403320312,5.0,True,210.66043844134825,7.241995837138423,ok,ellipse,1.4879134689961149,0.9444444444444444,0.7723880597014925,4.0,,A1|A2|A4|A11,0.2,0.973526157736684,0.9906458797327394,11,536,20,326,False,3,3.0,0.0026166810755492,0.1749259683837008,0.0225400980361431,0.4856583130552107,0.3571428571428571,0.0048079404716771,14.0,164.0254084841705,210.72366131645376,210.66043844134825,210.23293037821117,32.161775973607945,1.0020334971422793
G3_occlusion_aware_amodal,GP_Is_7.0mm_closed_R5_single_refY_005-raw04-03,GP_Is_7.0mm_closed_R5_single_refY,GP_Is_7.0mm_closed_R5_single_refY_005,4,661,135.20240783691406,5.0,True,202.07743907589133,7.473144979771526,ok,ellipse,1.0485560547811943,0.8333333333333334,0.8560975609756097,6.0,,A1|A2|A8|A9|A10|A11,0.3660714285714285,0.9815666204024984,0.9893507889209124,11,410,112,313,False,3,3.0,0.005503516801743,0.135900186555828,0.017383883172594,0.3902828771067609,0.2571428571428572,0.0053951411155806,14.0,155.9992886505606,203.0054208965662,202.07743907589133,199.39805150678188,145.00826376469325,1.0134373809014794
G3_occlusion_aware_amodal,GP_Is_7.0mm_closed_R5_single_refY_005-raw05-02,GP_Is_7.0mm_closed_R5_single_refY,GP_Is_7.0mm_closed_R5_single_refY_005,5,850,136.22706604003906,5.0,True,206.49667111620076,7.5791352305682205,ok,ellipse,0.6817310268395966,0.7777777777777778,0.9106280193236715,3.0,,A1|A2|A10,0.2681159420289855,0.9743589743589745,0.9948562076221652,10,414,138,288,False,3,3.0,1.971802395134804e-05,0.1593300706223184,0.0119127947698365,0.5801198965098021,0.2,0.0039808472872042,14.0,157.02826685529857,202.76361937460945,206.49667111620076,196.4415237830344,48.75175249840839,1.0511864657712189
G3_occlusion_aware_amodal,GP_Is_7mm_closed_R10_single_refY_004-raw01-03,GP_Is_7mm_closed_R10_single_refY,GP_Is_7mm_closed_R10_single_refY_004,1,55,284.5248107910156,10.0,True,208.9400045162149,7.343472224279311,ok,ellipse,2.364559697264522,1.0,0.7821229050279329,2.0,,A1|A2,1.0,0.9533422354881784,0.9832652018395504,2,537,3,0,False,4,4.0,2.392065450877242e-06,0.1861630971853603,0.0213674900235272,0.0603908135219477,1.0,0.0077641270212672,2.0,231.96103695653656,172.80910835280935,208.9400045162149,151.14226151825707,14.013243534332643,1.3824062338181715
G3_occlusion_aware_amodal,GP_Is_7mm_closed_R10_single_refY_004-raw02-05,GP_Is_7mm_closed_R10_single_refY,GP_Is_7mm_closed_R10_single_refY_004,2,222,260.0789489746094,10.0,True,202.86184131195068,7.800010039711265,ok,ellipse,4.512606591913915,1.0,0.5772532188841202,4.0,,A1|A2|A4|A5,0.3181818181818182,0.9127124152660414,0.9729487921688332,6,466,44,0,False,6,6.0,1.902796185100682e-07,0.245501921561622,0.0462967866891746,0.3349263470975456,0.85,0.0134853298655378,8.0,219.47981540498077,163.7503432564552,202.86184131195068,127.8179080256534,21.54850403073664,1.587115956171304
G3_occlusion_aware_amodal,GP_Is_7mm_closed_R10_single_refY_004-raw03-01,GP_Is_7mm_closed_R10_single_refY,GP_Is_7mm_closed_R10_single_refY_004,3,350,283.1093444824219,10.0,False,,,insufficient_multiarc_or_occlusion_endpoints,none,,,,,,,,,,1,534,0,0,True,0,,,,,,,,,,,,,,
G3_occlusion_aware_amodal,GP_Is_7mm_closed_R10_single_refY_004-raw04-09,GP_Is_7mm_closed_R10_single_refY,GP_Is_7mm_closed_R10_single_refY_004,4,555,356.42742919921875,10.0,True,264.45748443652514,7.41967263941158,ok,ellipse,3.3559282782873603,1.0,0.7455048409405256,1.0,,A1,1.0,0.9512278225315778,0.978358208955224,1,723,12,0,False,3,3.0,1.966193407395365e-08,0.1542623287266398,0.0242679148546474,0.1089147525221434,0.7,0.0091756096216104,2.0,284.1054586762702,201.80350922222192,264.45748443652514,193.57457733130812,12.083912060048078,1.3661788034484454
G3_occlusion_aware_amodal,GP_Is_7mm_closed_R10_single_refY_004-raw05-09,GP_Is_7mm_closed_R10_single_refY,GP_Is_7mm_closed_R10_single_refY_004,5,709,369.311279296875,10.0,True,277.53457016673576,7.514922660773555,ok,ellipse,2.399225273645024,1.0,0.8517520215633423,2.0,,A1|A2,1.0,0.9650013010668748,0.9827238903239568,2,742,11,0,False,3,3.0,1.4963941235793143e-08,0.1174017290177845,0.0164930181932659,0.0427212969981515,0.6,0.0067555754996806,4.0,295.97192202554,210.0587515408889,277.53457016673576,207.2688896899872,2.9842606174381614,1.339007366623352
G3_occlusion_aware_amodal,GP_Is_7mm_closed_R10_single_refY_005-raw01-04,GP_Is_7mm_closed_R10_single_refY,GP_Is_7mm_closed_R10_single_refY_005,1,48,334.4013061523437,10.0,False,,,insufficient_multiarc_or_occlusion_endpoints,none,,,,,,,,,,1,695,0,0,True,0,,,,,,,,,,,,,,
G3_occlusion_aware_amodal,GP_Is_7mm_closed_R10_single_refY_005-raw02-23,GP_Is_7mm_closed_R10_single_refY,GP_Is_7mm_closed_R10_single_refY_005,2,267,337.2374267578125,10.0,True,240.3380237457018,7.126671142533088,ok,ellipse,2.6749529567569814,1.0,0.7986013986013986,1.0,,A1,1.0,0.9683515711273968,0.9568661521950222,1,715,1,0,False,3,3.0,0.0001012661239742,0.1923797049885828,0.0182363790418622,0.3995546111513309,0.6,0.0120925820470125,2.0,267.36626088798874,218.11682364308467,240.3380237457018,211.62068203936076,157.46497682944937,1.1357019617817872
G3_occlusion_aware_amodal,GP_Is_7mm_closed_R10_single_refY_005-raw03-09,GP_Is_7mm_closed_R10_single_refY,GP_Is_7mm_closed_R10_single_refY_005,3,318,334.56365966796875,10.0,True,236.8515511102877,7.079416555442585,ok,ellipse,2.945073538828269,1.0,0.6832946635730859,2.0,,A1|A2,,0.9456227722021386,0.953748087710352,2,862,0,0,False,6,6.0,1.5232164704585215e-06,0.2467124826328129,0.0195518409459311,0.3625198641676289,1.0,0.0133047681524455,2.0,263.96896064253787,227.97607472984205,236.8515511102877,210.7281312843222,156.2867824351222,1.1239674060921596
G3_occlusion_aware_amodal,GP_Is_7mm_closed_R10_single_refY_005-raw04-02,GP_Is_7mm_closed_R10_single_refY,GP_Is_7mm_closed_R10_single_refY_005,4,404,347.05535888671875,10.0,True,246.079373931854,7.090493422179832,ok,ellipse,2.521413574999722,1.0,0.869182389937107,1.0,,A2,,0.9627017999628874,0.9702636992706192,2,795,0,0,False,5,5.0,2.391782355963997e-06,0.2247688922163878,0.0157616207789928,0.2752538977285503,1.0,0.0113042625476712,2.0,267.53024199412573,239.1927345617632,246.079373931854,220.5988285704076,153.4785796374153,1.1155062586985312
G3_occlusion_aware_amodal,GP_Is_7mm_closed_R10_single_refY_005-raw05-07,GP_Is_7mm_closed_R10_single_refY,GP_Is_7mm_closed_R10_single_refY_005,5,552,328.80682373046875,10.0,False,,,insufficient_multiarc_or_occlusion_endpoints,none,,,,,,,,,,1,701,0,0,True,0,,,,,,,,,,,,,,
G3_occlusion_aware_amodal,GP_Is_8.8mm_closed_R10_single_refY_005-raw05-24,GP_Is_8.8mm_closed_R10_single_refY,GP_Is_8.8mm_closed_R10_single_refY_005,5,1081,311.2996826171875,10.0,True,290.4537037307928,9.330356564737349,ok,ellipse,1.9393811789978952,0.8611111111111112,0.9940298507462688,4.0,,A1|A2|A3|A4,1.0,0.9865927751699451,0.9836923696396216,4,670,145,0,False,3,3.0,2.780127081646272e-06,0.1212321896527779,0.012558356140409,0.2174619112409333,0.425,0.0040898607548066,8.0,253.0279740845896,231.87244645360656,290.4537037307928,279.739251335801,50.68825271817067,1.0383015695646165
G3_occlusion_aware_amodal,GP_Is_8.8mm_closed_R5_single_refY_004-raw01-18,GP_Is_8.8mm_closed_R5_single_refY,GP_Is_8.8mm_closed_R5_single_refY_004,1,181,142.96514892578125,5.0,True,280.52829795690224,9.811072840645076,ok,ellipse,1.6921030110747632,0.8611111111111112,0.7609108159392789,5.0,,A1|A3|A4|A7|A8,0.0189873417721519,0.9825795873753244,0.9811904052443384,8,527,158,299,False,3,3.0,3.2552865033902984e-08,0.0996546623867534,0.0309747353879961,0.2059688188204715,0.15,0.0142461806704656,12.0,178.12632898483486,176.3041464456948,280.52829795690224,183.31102816570916,19.808972167138197,1.53034054068646
G3_occlusion_aware_amodal,GP_Is_8.8mm_closed_R5_single_refY_004-raw02-02,GP_Is_8.8mm_closed_R5_single_refY,GP_Is_8.8mm_closed_R5_single_refY_004,2,243,144.62033081054688,5.0,True,289.27114001302414,10.001053738148697,ok,ellipse,0.8425430267879209,0.6666666666666666,0.9610705596107056,1.0,,A1,0.0404858299595141,0.9389181457642546,0.9861207748928846,4,411,494,99,False,1,1.0,0.0,0.1744573070307269,0.0154006909566471,0.1063267977233749,0.9,0.0079750186554421,4.0,181.3018054877533,187.74648801105823,289.27114001302414,173.72164551337858,18.57808738848925,1.6651416071853111
G3_occlusion_aware_amodal,GP_Is_8.8mm_closed_R5_single_refY_004-raw03-02,GP_Is_8.8mm_closed_R5_single_refY,GP_Is_8.8mm_closed_R5_single_refY_004,3,427,151.98292541503906,5.0,True,296.46536521842575,9.753245781025406,ok,ellipse,1.8317611167339432,0.8611111111111112,0.7486437613019892,2.0,,A1|A10,0.125,0.9802371541501976,0.9876817113149442,11,553,160,339,False,3,3.0,9.335064329887801e-08,0.0966022848185454,0.0312440491069538,0.2431079605764121,0.0888888888888888,0.0097237436085024,18.0,186.44098394549115,189.3201389169921,296.46536521842575,197.95293753894757,22.532421878722715,1.497655800940543
G3_occlusion_aware_amodal,GP_Is_8.8mm_closed_R5_single_refY_004-raw04-24,GP_Is_8.8mm_closed_R5_single_refY,GP_Is_8.8mm_closed_R5_single_refY_004,4,779,159.89418029785156,5.0,True,299.57358809093427,9.367870285612875,ok,ellipse,0.9313718965088236,0.9166666666666666,0.8111455108359134,2.0,,A1|A3,0.1612903225806451,0.9872480898756756,0.995838375490688,3,646,31,441,False,2,2.0,3.292553616477728e-08,0.1815447081698062,0.0143272292384767,0.5679412689030079,0.35,0.0032263575735082,4.0,190.4028590684828,195.0065406654377,299.57358809093427,216.5400617072036,8.89286104971228,1.383455725139698
G3_occlusion_aware_amodal,GP_Is_8.8mm_closed_R5_single_refY_004-raw05-04,GP_Is_8.8mm_closed_R5_single_refY,GP_Is_8.8mm_closed_R5_single_refY_004,5,810,159.78355407714844,5.0,True,297.5910079329976,9.312316578879935,ok,ellipse,1.0382954148956172,0.9444444444444444,0.8412942989214176,2.0,,A1|A6,0.0697674418604651,0.9872378496434492,0.9947501968676176,6,649,43,427,False,3,3.0,1.2129855274423912e-08,0.1840303468395788,0.015835725197777,0.5721787892860148,0.35,0.0035967536702823,4.0,190.8307676610076,196.05267430748876,297.5910079329976,220.2699593910014,6.545145691376916,1.3510285685609245
G3_occlusion_aware_amodal,GP_Is_8.8mm_closed_R5_single_refY_005-raw01-19,GP_Is_8.8mm_closed_R5_single_refY,GP_Is_8.8mm_closed_R5_single_refY_005,1,157,151.90443420410156,5.0,True,264.2005610957324,8.696275473458124,ok,ellipse,2.008932903179642,0.9722222222222222,0.6490066225165563,1.0,,A1,0.8,0.9752673145048588,0.9879605564898334,4,604,5,489,False,2,2.0,1.32641259732919e-07,0.15993653391683,0.0289153232718594,0.4606219928197634,0.25,0.003990891660051,4.0,177.62160051000984,187.8007126498496,264.2005610957324,211.0155439013501,171.33212058425482,1.2520431254071327
G3_occlusion_aware_amodal,GP_Is_8.8mm_closed_R5_single_refY_005-raw02-06,GP_Is_8.8mm_closed_R5_single_refY,GP_Is_8.8mm_closed_R5_single_refY_005,2,227,150.80612182617188,5.0,True,265.8634393624671,8.814742934272825,ok,ellipse,2.1571744614022594,0.9722222222222222,0.6483333333333333,1.0,,A1,0.3571428571428571,0.9774500119221992,0.9881203595154358,2,600,14,448,False,2,2.0,4.836024637557882e-07,0.207091859001685,0.0314950749487133,0.5703103633821067,0.4,0.0043848896472868,4.0,177.25321126385967,187.69004723123209,265.8634393624671,203.35347572609265,1.5909028368196516,1.3073955997711706
G3_occlusion_aware_amodal,GP_Is_8.8mm_closed_R5_single_refY_005-raw03-12,GP_Is_8.8mm_closed_R5_single_refY,GP_Is_8.8mm_closed_R5_single_refY_005,3,418,178.75733947753906,5.0,True,293.1362962071436,8.199280014569032,ok,ellipse,2.8392597270578195,1.0,0.5751445086705202,1.0,,A1,,0.9626454860018874,0.9878532238114872,3,692,0,531,False,4,4.0,1.4347924171330182e-06,0.1790690703032002,0.0335046424726644,0.5446133585339556,0.2333333333333333,0.0046907317821275,6.0,198.22315833634605,213.1062420011937,293.1362962071436,241.5863841484172,178.09564770406152,1.2133808668085242
G3_occlusion_aware_amodal,GP_Is_8.8mm_closed_R5_single_refY_005-raw04-24,GP_Is_8.8mm_closed_R5_single_refY,GP_Is_8.8mm_closed_R5_single_refY_005,4,648,166.7183380126953,5.0,True,273.12434355810507,8.19119080761551,ok,ellipse,1.9073901593214375,0.9722222222222222,0.7383900928792569,1.0,,A6,0.0,0.968943579440817,0.9923092157380512,6,646,7,622,False,3,3.0,1.4277716062973661e-08,0.1295868424791188,0.0239411135393118,0.3343028816643245,0.25,0.0036718645912629,4.0,208.15217517203035,190.1920524582721,273.12434355810507,240.23847332544665,128.13541677203344,1.1368884416282006
G3_occlusion_aware_amodal,GP_Is_8.8mm_closed_R5_single_refY_005-raw05-16,GP_Is_8.8mm_closed_R5_single_refY,GP_Is_8.8mm_closed_R5_single_refY_005,5,752,177.38632202148438,5.0,True,290.664354326091,8.192975394429983,ok,ellipse,1.844097199564072,0.9444444444444444,0.6852646638054364,1.0,,A5,0.3636363636363636,0.9699839720238964,0.9985755813953489,5,699,11,535,False,2,2.0,3.372159387919212e-09,0.1358740840725952,0.0221917079603448,0.3015138050288868,0.35,0.0025131860184944,4.0,222.4588273681208,193.4950898699041,290.664354326091,254.75219083634207,121.72862259347168,1.14096900745721
