center_stem,group,capture,bin,offset,frame_index,video,stem,image_path,center
GP_IIa_14.0mm_closed_R10_single_refY_004-raw01-01,GP_IIa_14.0mm_closed_R10_single_refY,GP_IIa_14.0mm_closed_R10_single_refY_004,1,-3,50,raw/GP_IIa_14.0mm_closed_R10_single_refY_004.mp4,GP_IIa_14.0mm_closed_R10_single_refY_004-raw01-01-nbr-3,dg3_neighbors/images/GP_IIa_14.0mm_closed_R10_single_refY_004-raw01-01-nbr-3.jpg,False
GP_IIa_14.0mm_closed_R10_single_refY_004-raw01-01,GP_IIa_14.0mm_closed_R10_single_refY,GP_IIa_14.0mm_closed_R10_single_refY_004,1,-2,51,raw/GP_IIa_14.0mm_closed_R10_single_refY_004.mp4,GP_IIa_14.0mm_closed_R10_single_refY_004-raw01-01-nbr-2,dg3_neighbors/images/GP_IIa_14.0mm_closed_R10_single_refY_004-raw01-01-nbr-2.jpg,False
GP_IIa_14.0mm_closed_R10_single_refY_004-raw01-01,GP_IIa_14.0mm_closed_R10_single_refY,GP_IIa_14.0mm_closed_R10_single_refY_004,1,-1,52,raw/GP_IIa_14.0mm_closed_R10_single_refY_004.mp4,GP_IIa_14.0mm_closed_R10_single_refY_004-raw01-01-nbr-1,dg3_neighbors/images/GP_IIa_14.0mm_closed_R10_single_refY_004-raw01-01-nbr-1.jpg,False
GP_IIa_14.0mm_closed_R10_single_refY_004-raw01-01,GP_IIa_14.0mm_closed_R10_single_refY,GP_IIa_14.0mm_closed_R10_single_refY_004,1,0,53,raw/GP_IIa_14.0mm_closed_R10_single_refY_004.mp4,GP_IIa_14.0mm_closed_R10_single_refY_004-raw01-01-nbr+0,dg3_neighbors/images/GP_IIa_14.0mm_closed_R10_single_refY_004-raw01-01-nbr+0.jpg,True
GP_IIa_14.0mm_closed_R10_single_refY_004-raw01-01,GP_IIa_14.0mm_closed_R10_single_refY,GP_IIa_14.0mm_closed_R10_single_refY_004,1,1,54,raw/GP_IIa_14.0mm_closed_R10_single_refY_004.mp4,GP_IIa_14.0mm_closed_R10_single_refY_004-raw01-01-nbr+1,dg3_neighbors/images/GP_IIa_14.0mm_closed_R10_single_refY_004-raw01-01-nbr+1.jpg,False
GP_IIa_14.0mm_closed_R10_single_refY_004-raw01-01,GP_IIa_14.0mm_closed_R10_single_refY,GP_IIa_14.0mm_closed_R10_single_refY_004,1,2,55,raw/GP_IIa_14.0mm_closed_R10_single_refY_004.mp4,GP_IIa_14.0mm_closed_R10_single_refY_004-raw01-01-nbr+2,dg3_neighbors/images/GP_IIa_14.0mm_closed_R10_single_refY_004-raw01-01-nbr+2.jpg,False
GP_IIa_14.0mm_closed_R10_single_refY_004-raw01-01,GP_IIa_14.0mm_closed_R10_single_refY,GP_IIa_14.0mm_closed_R10_single_refY_004,1,3,56,raw/GP_IIa_14.0mm_closed_R10_single_refY_004.mp4,GP_IIa_14.0mm_closed_R10_single_refY_004-raw01-01-nbr+3,dg3_neighbors/images/GP_IIa_14.0mm_closed_R10_single_refY_004-raw01-01-nbr+3.jpg,False
GP_IIa_14.0mm_closed_R10_single_refY_004-raw02-17,GP_IIa_14.0mm_closed_R10_single_refY,GP_IIa_14.0mm_closed_R10_single_refY_004,2,-3,370,raw/GP_IIa_14.0mm_closed_R10_single_refY_004.mp4,GP_IIa_14.0mm_closed_R10_single_refY_004-raw02-17-nbr-3,dg3_neighbors/images/GP_IIa_14.0mm_closed_R10_single_refY_004-raw02-17-nbr-3.jpg,False
GP_IIa_14.0mm_closed_R10_single_refY_004-raw02-17,GP_IIa_14.0mm_closed_R10_single_refY,GP_IIa_14.0mm_closed_R10_single_refY_004,2,-2,371,raw/GP_IIa_14.0mm_closed_R10_single_refY_004.mp4,GP_IIa_14.0mm_closed_R10_single_refY_004-raw02-17-nbr-2,dg3_neighbors/images/GP_IIa_14.0mm_closed_R10_single_refY_004-raw02-17-nbr-2.jpg,False
GP_IIa_14.0mm_closed_R10_single_refY_004-raw02-17,GP_IIa_14.0mm_closed_R10_single_refY,GP_IIa_14.0mm_closed_R10_single_refY_004,2,-1,372,raw/GP_IIa_14.0mm_closed_R10_single_refY_004.mp4,GP_IIa_14.0mm_closed_R10_single_refY_004-raw02-17-nbr-1,dg3_neighbors/images/GP_IIa_14.0mm_closed_R10_single_refY_004-raw02-17-nbr-1.jpg,False
GP_IIa_14.0mm_closed_R10_single_refY_004-raw02-17,GP_IIa_14.0mm_closed_R10_single_refY,GP_IIa_14.0mm_closed_R10_single_refY_004,2,0,373,raw/GP_IIa_14.0mm_closed_R10_single_refY_004.mp4,GP_IIa_14.0mm_closed_R10_single_refY_004-raw02-17-nbr+0,dg3_neighbors/images/GP_IIa_14.0mm_closed_R10_single_refY_004-raw02-17-nbr+0.jpg,True
GP_IIa_14.0mm_closed_R10_single_refY_004-raw02-17,GP_IIa_14.0mm_closed_R10_single_refY,GP_IIa_14.0mm_closed_R10_single_refY_004,2,1,374,raw/GP_IIa_14.0mm_closed_R10_single_refY_004.mp4,GP_IIa_14.0mm_closed_R10_single_refY_004-raw02-17-nbr+1,dg3_neighbors/images/GP_IIa_14.0mm_closed_R10_single_refY_004-raw02-17-nbr+1.jpg,False
GP_IIa_14.0mm_closed_R10_single_refY_004-raw02-17,GP_IIa_14.0mm_closed_R10_single_refY,GP_IIa_14.0mm_closed_R10_single_refY_004,2,2,375,raw/GP_IIa_14.0mm_closed_R10_single_refY_004.mp4,GP_IIa_14.0mm_closed_R10_single_refY_004-raw02-17-nbr+2,dg3_neighbors/images/GP_IIa_14.0mm_closed_R10_single_refY_004-raw02-17-nbr+2.jpg,False
GP_IIa_14.0mm_closed_R10_single_refY_004-raw02-17,GP_IIa_14.0mm_closed_R10_single_refY,GP_IIa_14.0mm_closed_R10_single_refY_004,2,3,376,raw/GP_IIa_14.0mm_closed_R10_single_refY_004.mp4,GP_IIa_14.0mm_closed_R10_single_refY_004-raw02-17-nbr+3,dg3_neighbors/images/GP_IIa_14.0mm_closed_R10_single_refY_004-raw02-17-nbr+3.jpg,False
GP_IIa_14.0mm_closed_R10_single_refY_004-raw03-02,GP_IIa_14.0mm_closed_R10_single_refY,GP_IIa_14.0mm_closed_R10_single_refY_004,3,-3,442,raw/GP_IIa_14.0mm_closed_R10_single_refY_004.mp4,GP_IIa_14.0mm_closed_R10_single_refY_004-raw03-02-nbr-3,dg3_neighbors/images/GP_IIa_14.0mm_closed_R10_single_refY_004-raw03-02-nbr-3.jpg,False
GP_IIa_14.0mm_closed_R10_single_refY_004-raw03-02,GP_IIa_14.0mm_closed_R10_single_refY,GP_IIa_14.0mm_closed_R10_single_refY_004,3,-2,443,raw/GP_IIa_14.0mm_closed_R10_single_refY_004.mp4,GP_IIa_14.0mm_closed_R10_single_refY_004-raw03-02-nbr-2,dg3_neighbors/images/GP_IIa_14.0mm_closed_R10_single_refY_004-raw03-02-nbr-2.jpg,False
GP_IIa_14.0mm_closed_R10_single_refY_004-raw03-02,GP_IIa_14.0mm_closed_R10_single_refY,GP_IIa_14.0mm_closed_R10_single_refY_004,3,-1,444,raw/GP_IIa_14.0mm_closed_R10_single_refY_004.mp4,GP_IIa_14.0mm_closed_R10_single_refY_004-raw03-02-nbr-1,dg3_neighbors/images/GP_IIa_14.0mm_closed_R10_single_refY_004-raw03-02-nbr-1.jpg,False
GP_IIa_14.0mm_closed_R10_single_refY_004-raw03-02,GP_IIa_14.0mm_closed_R10_single_refY,GP_IIa_14.0mm_closed_R10_single_refY_004,3,0,445,raw/GP_IIa_14.0mm_closed_R10_single_refY_004.mp4,GP_IIa_14.0mm_closed_R10_single_refY_004-raw03-02-nbr+0,dg3_neighbors/images/GP_IIa_14.0mm_closed_R10_single_refY_004-raw03-02-nbr+0.jpg,True
GP_IIa_14.0mm_closed_R10_single_refY_004-raw03-02,GP_IIa_14.0mm_closed_R10_single_refY,GP_IIa_14.0mm_closed_R10_single_refY_004,3,1,446,raw/GP_IIa_14.0mm_closed_R10_single_refY_004.mp4,GP_IIa_14.0mm_closed_R10_single_refY_004-raw03-02-nbr+1,dg3_neighbors/images/GP_IIa_14.0mm_closed_R10_single_refY_004-raw03-02-nbr+1.jpg,False
GP_IIa_14.0mm_closed_R10_single_refY_004-raw03-02,GP_IIa_14.0mm_closed_R10_single_refY,GP_IIa_14.0mm_closed_R10_single_refY_004,3,2,447,raw/GP_IIa_14.0mm_closed_R10_single_refY_004.mp4,GP_IIa_14.0mm_closed_R10_single_refY_004-raw03-02-nbr+2,dg3_neighbors/images/GP_IIa_14.0mm_closed_R10_single_refY_004-raw03-02-nbr+2.jpg,False
GP_IIa_14.0mm_closed_R10_single_refY_004-raw03-02,GP_IIa_14.0mm_closed_R10_single_refY,GP_IIa_14.0mm_closed_R10_single_refY_004,3,3,448,raw/GP_IIa_14.0mm_closed_R10_single_refY_004.mp4,GP_IIa_14.0mm_closed_R10_single_refY_004-raw03-02-nbr+3,dg3_neighbors/images/GP_IIa_14.0mm_closed_R10_single_refY_004-raw03-02-nbr+3.jpg,False
GP_IIa_14.0mm_closed_R10_single_refY_004-raw04-11,GP_IIa_14.0mm_closed_R10_single_refY,GP_IIa_14.0mm_closed_R10_single_refY_004,4,-3,706,raw/GP_IIa_14.0mm_closed_R10_single_refY_004.mp4,GP_IIa_14.0mm_closed_R10_single_refY_004-raw04-11-nbr-3,dg3_neighbors/images/GP_IIa_14.0mm_closed_R10_single_refY_004-raw04-11-nbr-3.jpg,False
GP_IIa_14.0mm_closed_R10_single_refY_004-raw04-11,GP_IIa_14.0mm_closed_R10_single_refY,GP_IIa_14.0mm_closed_R10_single_refY_004,4,-2,707,raw/GP_IIa_14.0mm_closed_R10_single_refY_004.mp4,GP_IIa_14.0mm_closed_R10_single_refY_004-raw04-11-nbr-2,dg3_neighbors/images/GP_IIa_14.0mm_closed_R10_single_refY_004-raw04-11-nbr-2.jpg,False
GP_IIa_14.0mm_closed_R10_single_refY_004-raw04-11,GP_IIa_14.0mm_closed_R10_single_refY,GP_IIa_14.0mm_closed_R10_single_refY_004,4,-1,708,raw/GP_IIa_14.0mm_closed_R10_single_refY_004.mp4,GP_IIa_14.0mm_closed_R10_single_refY_004-raw04-11-nbr-1,dg3_neighbors/images/GP_IIa_14.0mm_closed_R10_single_refY_004-raw04-11-nbr-1.jpg,False
GP_IIa_14.0mm_closed_R10_single_refY_004-raw04-11,GP_IIa_14.0mm_closed_R10_single_refY,GP_IIa_14.0mm_closed_R10_single_refY_004,4,0,709,raw/GP_IIa_14.0mm_closed_R10_single_refY_004.mp4,GP_IIa_14.0mm_closed_R10_single_refY_004-raw04-11-nbr+0,dg3_neighbors/images/GP_IIa_14.0mm_closed_R10_single_refY_004-raw04-11-nbr+0.jpg,True
GP_IIa_14.0mm_closed_R10_single_refY_004-raw04-11,GP_IIa_14.0mm_closed_R10_single_refY,GP_IIa_14.0mm_closed_R10_single_refY_004,4,1,710,raw/GP_IIa_14.0mm_closed_R10_single_refY_004.mp4,GP_IIa_14.0mm_closed_R10_single_refY_004-raw04-11-nbr+1,dg3_neighbors/images/GP_IIa_14.0mm_closed_R10_single_refY_004-raw04-11-nbr+1.jpg,False
GP_IIa_14.0mm_closed_R10_single_refY_004-raw04-11,GP_IIa_14.0mm_closed_R10_single_refY,GP_IIa_14.0mm_closed_R10_single_refY_004,4,2,711,raw/GP_IIa_14.0mm_closed_R10_single_refY_004.mp4,GP_IIa_14.0mm_closed_R10_single_refY_004-raw04-11-nbr+2,dg3_neighbors/images/GP_IIa_14.0mm_closed_R10_single_refY_004-raw04-11-nbr+2.jpg,False
GP_IIa_14.0mm_closed_R10_single_refY_004-raw04-11,GP_IIa_14.0mm_closed_R10_single_refY,GP_IIa_14.0mm_closed_R10_single_refY_004,4,3,712,raw/GP_IIa_14.0mm_closed_R10_single_refY_004.mp4,GP_IIa_14.0mm_closed_R10_single_refY_004-raw04-11-nbr+3,dg3_neighbors/images/GP_IIa_14.0mm_closed_R10_single_refY_004-raw04-11-nbr+3.jpg,False
GP_IIa_14.0mm_closed_R10_single_refY_004-raw05-14,GP_IIa_14.0mm_closed_R10_single_refY,GP_IIa_14.0mm_closed_R10_single_refY_004,5,-3,924,raw/GP_IIa_14.0mm_closed_R10_single_refY_004.mp4,GP_IIa_14.0mm_closed_R10_single_refY_004-raw05-14-nbr-3,dg3_neighbors/images/GP_IIa_14.0mm_closed_R10_single_refY_004-raw05-14-nbr-3.jpg,False
GP_IIa_14.0mm_closed_R10_single_refY_004-raw05-14,GP_IIa_14.0mm_closed_R10_single_refY,GP_IIa_14.0mm_closed_R10_single_refY_004,5,-2,925,raw/GP_IIa_14.0mm_closed_R10_single_refY_004.mp4,GP_IIa_14.0mm_closed_R10_single_refY_004-raw05-14-nbr-2,dg3_neighbors/images/GP_IIa_14.0mm_closed_R10_single_refY_004-raw05-14-nbr-2.jpg,False
GP_IIa_14.0mm_closed_R10_single_refY_004-raw05-14,GP_IIa_14.0mm_closed_R10_single_refY,GP_IIa_14.0mm_closed_R10_single_refY_004,5,-1,926,raw/GP_IIa_14.0mm_closed_R10_single_refY_004.mp4,GP_IIa_14.0mm_closed_R10_single_refY_004-raw05-14-nbr-1,dg3_neighbors/images/GP_IIa_14.0mm_closed_R10_single_refY_004-raw05-14-nbr-1.jpg,False
GP_IIa_14.0mm_closed_R10_single_refY_004-raw05-14,GP_IIa_14.0mm_closed_R10_single_refY,GP_IIa_14.0mm_closed_R10_single_refY_004,5,0,927,raw/GP_IIa_14.0mm_closed_R10_single_refY_004.mp4,GP_IIa_14.0mm_closed_R10_single_refY_004-raw05-14-nbr+0,dg3_neighbors/images/GP_IIa_14.0mm_closed_R10_single_refY_004-raw05-14-nbr+0.jpg,True
GP_IIa_14.0mm_closed_R10_single_refY_004-raw05-14,GP_IIa_14.0mm_closed_R10_single_refY,GP_IIa_14.0mm_closed_R10_single_refY_004,5,1,928,raw/GP_IIa_14.0mm_closed_R10_single_refY_004.mp4,GP_IIa_14.0mm_closed_R10_single_refY_004-raw05-14-nbr+1,dg3_neighbors/images/GP_IIa_14.0mm_closed_R10_single_refY_004-raw05-14-nbr+1.jpg,False
GP_IIa_14.0mm_closed_R10_single_refY_004-raw05-14,GP_IIa_14.0mm_closed_R10_single_refY,GP_IIa_14.0mm_closed_R10_single_refY_004,5,2,929,raw/GP_IIa_14.0mm_closed_R10_single_refY_004.mp4,GP_IIa_14.0mm_closed_R10_single_refY_004-raw05-14-nbr+2,dg3_neighbors/images/GP_IIa_14.0mm_closed_R10_single_refY_004-raw05-14-nbr+2.jpg,False
GP_IIa_14.0mm_closed_R10_single_refY_004-raw05-14,GP_IIa_14.0mm_closed_R10_single_refY,GP_IIa_14.0mm_closed_R10_single_refY_004,5,3,930,raw/GP_IIa_14.0mm_closed_R10_single_refY_004.mp4,GP_IIa_14.0mm_closed_R10_single_refY_004-raw05-14-nbr+3,dg3_neighbors/images/GP_IIa_14.0mm_closed_R10_single_refY_004-raw05-14-nbr+3.jpg,False
GP_IIa_14.0mm_closed_R10_single_refY_005-raw01-16,GP_IIa_14.0mm_closed_R10_single_refY,GP_IIa_14.0mm_closed_R10_single_refY_005,1,-3,152,raw/GP_IIa_14.0mm_closed_R10_single_refY_005.mp4,GP_IIa_14.0mm_closed_R10_single_refY_005-raw01-16-nbr-3,dg3_neighbors/images/GP_IIa_14.0mm_closed_R10_single_refY_005-raw01-16-nbr-3.jpg,False
GP_IIa_14.0mm_closed_R10_single_refY_005-raw01-16,GP_IIa_14.0mm_closed_R10_single_refY,GP_IIa_14.0mm_closed_R10_single_refY_005,1,-2,153,raw/GP_IIa_14.0mm_closed_R10_single_refY_005.mp4,GP_IIa_14.0mm_closed_R10_single_refY_005-raw01-16-nbr-2,dg3_neighbors/images/GP_IIa_14.0mm_closed_R10_single_refY_005-raw01-16-nbr-2.jpg,False
GP_IIa_14.0mm_closed_R10_single_refY_005-raw01-16,GP_IIa_14.0mm_closed_R10_single_refY,GP_IIa_14.0mm_closed_R10_single_refY_005,1,-1,154,raw/GP_IIa_14.0mm_closed_R10_single_refY_005.mp4,GP_IIa_14.0mm_closed_R10_single_refY_005-raw01-16-nbr-1,dg3_neighbors/images/GP_IIa_14.0mm_closed_R10_single_refY_005-raw01-16-nbr-1.jpg,False
GP_IIa_14.0mm_closed_R10_single_refY_005-raw01-16,GP_IIa_14.0mm_closed_R10_single_refY,GP_IIa_14.0mm_closed_R10_single_refY_005,1,0,155,raw/GP_IIa_14.0mm_closed_R10_single_refY_005.mp4,GP_IIa_14.0mm_closed_R10_single_refY_005-raw01-16-nbr+0,dg3_neighbors/images/GP_IIa_14.0mm_closed_R10_single_refY_005-raw01-16-nbr+0.jpg,True
GP_IIa_14.0mm_closed_R10_single_refY_005-raw01-16,GP_IIa_14.0mm_closed_R10_single_refY,GP_IIa_14.0mm_closed_R10_single_refY_005,1,1,156,raw/GP_IIa_14.0mm_closed_R10_single_refY_005.mp4,GP_IIa_14.0mm_closed_R10_single_refY_005-raw01-16-nbr+1,dg3_neighbors/images/GP_IIa_14.0mm_closed_R10_single_refY_005-raw01-16-nbr+1.jpg,False
GP_IIa_14.0mm_closed_R10_single_refY_005-raw01-16,GP_IIa_14.0mm_closed_R10_single_refY,GP_IIa_14.0mm_closed_R10_single_refY_005,1,2,157,raw/GP_IIa_14.0mm_closed_R10_single_refY_005.mp4,GP_IIa_14.0mm_closed_R10_single_refY_005-raw01-16-nbr+2,dg3_neighbors/images/GP_IIa_14.0mm_closed_R10_single_refY_005-raw01-16-nbr+2.jpg,False
GP_IIa_14.0mm_closed_R10_single_refY_005-raw01-16,GP_IIa_14.0mm_closed_R10_single_refY,GP_IIa_14.0mm_closed_R10_single_refY_005,1,3,158,raw/GP_IIa_14.0mm_closed_R10_single_refY_005.mp4,GP_IIa_14.0mm_closed_R10_single_refY_005-raw01-16-nbr+3,dg3_neighbors/images/GP_IIa_14.0mm_closed_R10_single_refY_005-raw01-16-nbr+3.jpg,False
GP_IIa_14.0mm_closed_R10_single_refY_005-raw02-23,GP_IIa_14.0mm_closed_R10_single_refY,GP_IIa_14.0mm_closed_R10_single_refY_005,2,-3,374,raw/GP_IIa_14.0mm_closed_R10_single_refY_005.mp4,GP_IIa_14.0mm_closed_R10_single_refY_005-raw02-23-nbr-3,dg3_neighbors/images/GP_IIa_14.0mm_closed_R10_single_refY_005-raw02-23-nbr-3.jpg,False
GP_IIa_14.0mm_closed_R10_single_refY_005-raw02-23,GP_IIa_14.0mm_closed_R10_single_refY,GP_IIa_14.0mm_closed_R10_single_refY_005,2,-2,375,raw/GP_IIa_14.0mm_closed_R10_single_refY_005.mp4,GP_IIa_14.0mm_closed_R10_single_refY_005-raw02-23-nbr-2,dg3_neighbors/images/GP_IIa_14.0mm_closed_R10_single_refY_005-raw02-23-nbr-2.jpg,False
GP_IIa_14.0mm_closed_R10_single_refY_005-raw02-23,GP_IIa_14.0mm_closed_R10_single_refY,GP_IIa_14.0mm_closed_R10_single_refY_005,2,-1,376,raw/GP_IIa_14.0mm_closed_R10_single_refY_005.mp4,GP_IIa_14.0mm_closed_R10_single_refY_005-raw02-23-nbr-1,dg3_neighbors/images/GP_IIa_14.0mm_closed_R10_single_refY_005-raw02-23-nbr-1.jpg,False
GP_IIa_14.0mm_closed_R10_single_refY_005-raw02-23,GP_IIa_14.0mm_closed_R10_single_refY,GP_IIa_14.0mm_closed_R10_single_refY_005,2,0,377,raw/GP_IIa_14.0mm_closed_R10_single_refY_005.mp4,GP_IIa_14.0mm_closed_R10_single_refY_005-raw02-23-nbr+0,dg3_neighbors/images/GP_IIa_14.0mm_closed_R10_single_refY_005-raw02-23-nbr+0.jpg,True
GP_IIa_14.0mm_closed_R10_single_refY_005-raw02-23,GP_IIa_14.0mm_closed_R10_single_refY,GP_IIa_14.0mm_closed_R10_single_refY_005,2,1,378,raw/GP_IIa_14.0mm_closed_R10_single_refY_005.mp4,GP_IIa_14.0mm_closed_R10_single_refY_005-raw02-23-nbr+1,dg3_neighbors/images/GP_IIa_14.0mm_closed_R10_single_refY_005-raw02-23-nbr+1.jpg,False
GP_IIa_14.0mm_closed_R10_single_refY_005-raw02-23,GP_IIa_14.0mm_closed_R10_single_refY,GP_IIa_14.0mm_closed_R10_single_refY_005,2,2,379,raw/GP_IIa_14.0mm_closed_R10_single_refY_005.mp4,GP_IIa_14.0mm_closed_R10_single_refY_005-raw02-23-nbr+2,dg3_neighbors/images/GP_IIa_14.0mm_closed_R10_single_refY_005-raw02-23-nbr+2.jpg,False
GP_IIa_14.0mm_closed_R10_single_refY_005-raw02-23,GP_IIa_14.0mm_closed_R10_single_refY,GP_IIa_14.0mm_closed_R10_single_refY_005,2,3,380,raw/GP_IIa_14.0mm_closed_R10_single_refY_005.mp4,GP_IIa_14.0mm_closed_R10_single_refY_005-raw02-23-nbr+3,dg3_neighbors/images/GP_IIa_14.0mm_closed_R10_single_refY_005-raw02-23-nbr+3.jpg,False
GP_IIa_14.0mm_closed_R10_single_refY_005-raw03-04,GP_IIa_14.0mm_closed_R10_single_refY,GP_IIa_14.0mm_closed_R10_single_refY_005,3,-3,410,raw/GP_IIa_14.0mm_closed_R10_single_refY_005.mp4,GP_IIa_14.0mm_closed_R10_single_refY_005-raw03-04-nbr-3,dg3_neighbors/images/GP_IIa_14.0mm_closed_R10_single_refY_005-raw03-04-nbr-3.jpg,False
GP_IIa_14.0mm_closed_R10_single_refY_005-raw03-04,GP_IIa_14.0mm_closed_R10_single_refY,GP_IIa_14.0mm_closed_R10_single_refY_005,3,-2,411,raw/GP_IIa_14.0mm_closed_R10_single_refY_005.mp4,GP_IIa_14.0mm_closed_R10_single_refY_005-raw03-04-nbr-2,dg3_neighbors/images/GP_IIa_14.0mm_closed_R10_single_refY_005-raw03-04-nbr-2.jpg,False
GP_IIa_14.0mm_closed_R10_single_refY_005-raw03-04,GP_IIa_14.0mm_closed_R10_single_refY,GP_IIa_14.0mm_closed_R10_single_refY_005,3,-1,412,raw/GP_IIa_14.0mm_closed_R10_single_refY_005.mp4,GP_IIa_14.0mm_closed_R10_single_refY_005-raw03-04-nbr-1,dg3_neighbors/images/GP_IIa_14.0mm_closed_R10_single_refY_005-raw03-04-nbr-1.jpg,False
GP_IIa_14.0mm_closed_R10_single_refY_005-raw03-04,GP_IIa_14.0mm_closed_R10_single_refY,GP_IIa_14.0mm_closed_R10_single_refY_005,3,0,413,raw/GP_IIa_14.0mm_closed_R10_single_refY_005.mp4,GP_IIa_14.0mm_closed_R10_single_refY_005-raw03-04-nbr+0,dg3_neighbors/images/GP_IIa_14.0mm_closed_R10_single_refY_005-raw03-04-nbr+0.jpg,True
GP_IIa_14.0mm_closed_R10_single_refY_005-raw03-04,GP_IIa_14.0mm_closed_R10_single_refY,GP_IIa_14.0mm_closed_R10_single_refY_005,3,1,414,raw/GP_IIa_14.0mm_closed_R10_single_refY_005.mp4,GP_IIa_14.0mm_closed_R10_single_refY_005-raw03-04-nbr+1,dg3_neighbors/images/GP_IIa_14.0mm_closed_R10_single_refY_005-raw03-04-nbr+1.jpg,False
GP_IIa_14.0mm_closed_R10_single_refY_005-raw03-04,GP_IIa_14.0mm_closed_R10_single_refY,GP_IIa_14.0mm_closed_R10_single_refY_005,3,2,415,raw/GP_IIa_14.0mm_closed_R10_single_refY_005.mp4,GP_IIa_14.0mm_closed_R10_single_refY_005-raw03-04-nbr+2,dg3_neighbors/images/GP_IIa_14.0mm_closed_R10_single_refY_005-raw03-04-nbr+2.jpg,False
GP_IIa_14.0mm_closed_R10_single_refY_005-raw03-04,GP_IIa_14.0mm_closed_R10_single_refY,GP_IIa_14.0mm_closed_R10_single_refY_005,3,3,416,raw/GP_IIa_14.0mm_closed_R10_single_refY_005.mp4,GP_IIa_14.0mm_closed_R10_single_refY_005-raw03-04-nbr+3,dg3_neighbors/images/GP_IIa_14.0mm_closed_R10_single_refY_005-raw03-04-nbr+3.jpg,False
GP_IIa_14.0mm_closed_R10_single_refY_005-raw04-20,GP_IIa_14.0mm_closed_R10_single_refY,GP_IIa_14.0mm_closed_R10_single_refY_005,4,-3,696,raw/GP_IIa_14.0mm_closed_R10_single_refY_005.mp4,GP_IIa_14.0mm_closed_R10_single_refY_005-raw04-20-nbr-3,dg3_neighbors/images/GP_IIa_14.0mm_closed_R10_single_refY_005-raw04-20-nbr-3.jpg,False
GP_IIa_14.0mm_closed_R10_single_refY_005-raw04-20,GP_IIa_14.0mm_closed_R10_single_refY,GP_IIa_14.0mm_closed_R10_single_refY_005,4,-2,697,raw/GP_IIa_14.0mm_closed_R10_single_refY_005.mp4,GP_IIa_14.0mm_closed_R10_single_refY_005-raw04-20-nbr-2,dg3_neighbors/images/GP_IIa_14.0mm_closed_R10_single_refY_005-raw04-20-nbr-2.jpg,False
GP_IIa_14.0mm_closed_R10_single_refY_005-raw04-20,GP_IIa_14.0mm_closed_R10_single_refY,GP_IIa_14.0mm_closed_R10_single_refY_005,4,-1,698,raw/GP_IIa_14.0mm_closed_R10_single_refY_005.mp4,GP_IIa_14.0mm_closed_R10_single_refY_005-raw04-20-nbr-1,dg3_neighbors/images/GP_IIa_14.0mm_closed_R10_single_refY_005-raw04-20-nbr-1.jpg,False
GP_IIa_14.0mm_closed_R10_single_refY_005-raw04-20,GP_IIa_14.0mm_closed_R10_single_refY,GP_IIa_14.0mm_closed_R10_single_refY_005,4,0,699,raw/GP_IIa_14.0mm_closed_R10_single_refY_005.mp4,GP_IIa_14.0mm_closed_R10_single_refY_005-raw04-20-nbr+0,dg3_neighbors/images/GP_IIa_14.0mm_closed_R10_single_refY_005-raw04-20-nbr+0.jpg,True
GP_IIa_14.0mm_closed_R10_single_refY_005-raw04-20,GP_IIa_14.0mm_closed_R10_single_refY,GP_IIa_14.0mm_closed_R10_single_refY_005,4,1,700,raw/GP_IIa_14.0mm_closed_R10_single_refY_005.mp4,GP_IIa_14.0mm_closed_R10_single_refY_005-raw04-20-nbr+1,dg3_neighbors/images/GP_IIa_14.0mm_closed_R10_single_refY_005-raw04-20-nbr+1.jpg,False
GP_IIa_14.0mm_closed_R10_single_refY_005-raw04-20,GP_IIa_14.0mm_closed_R10_single_refY,GP_IIa_14.0mm_closed_R10_single_refY_005,4,2,701,raw/GP_IIa_14.0mm_closed_R10_single_refY_005.mp4,GP_IIa_14.0mm_closed_R10_single_refY_005-raw04-20-nbr+2,dg3_neighbors/images/GP_IIa_14.0mm_closed_R10_single_refY_005-raw04-20-nbr+2.jpg,False
GP_IIa_14.0mm_closed_R10_single_refY_005-raw04-20,GP_IIa_14.0mm_closed_R10_single_refY,GP_IIa_14.0mm_closed_R10_single_refY_005,4,3,702,raw/GP_IIa_14.0mm_closed_R10_single_refY_005.mp4,GP_IIa_14.0mm_closed_R10_single_refY_005-raw04-20-nbr+3,dg3_neighbors/images/GP_IIa_14.0mm_closed_R10_single_refY_005-raw04-20-nbr+3.jpg,False
GP_IIa_14.0mm_closed_R10_single_refY_005-raw05-04,GP_IIa_14.0mm_closed_R10_single_refY,GP_IIa_14.0mm_closed_R10_single_refY_005,5,-3,754,raw/GP_IIa_14.0mm_closed_R10_single_refY_005.mp4,GP_IIa_14.0mm_closed_R10_single_refY_005-raw05-04-nbr-3,dg3_neighbors/images/GP_IIa_14.0mm_closed_R10_single_refY_005-raw05-04-nbr-3.jpg,False
GP_IIa_14.0mm_closed_R10_single_refY_005-raw05-04,GP_IIa_14.0mm_closed_R10_single_refY,GP_IIa_14.0mm_closed_R10_single_refY_005,5,-2,755,raw/GP_IIa_14.0mm_closed_R10_single_refY_005.mp4,GP_IIa_14.0mm_closed_R10_single_refY_005-raw05-04-nbr-2,dg3_neighbors/images/GP_IIa_14.0mm_closed_R10_single_refY_005-raw05-04-nbr-2.jpg,False
GP_IIa_14.0mm_closed_R10_single_refY_005-raw05-04,GP_IIa_14.0mm_closed_R10_single_refY,GP_IIa_14.0mm_closed_R10_single_refY_005,5,-1,756,raw/GP_IIa_14.0mm_closed_R10_single_refY_005.mp4,GP_IIa_14.0mm_closed_R10_single_refY_005-raw05-04-nbr-1,dg3_neighbors/images/GP_IIa_14.0mm_closed_R10_single_refY_005-raw05-04-nbr-1.jpg,False
GP_IIa_14.0mm_closed_R10_single_refY_005-raw05-04,GP_IIa_14.0mm_closed_R10_single_refY,GP_IIa_14.0mm_closed_R10_single_refY_005,5,0,757,raw/GP_IIa_14.0mm_closed_R10_single_refY_005.mp4,GP_IIa_14.0mm_closed_R10_single_refY_005-raw05-04-nbr+0,dg3_neighbors/images/GP_IIa_14.0mm_closed_R10_single_refY_005-raw05-04-nbr+0.jpg,True
GP_IIa_14.0mm_closed_R10_single_refY_005-raw05-04,GP_IIa_14.0mm_closed_R10_single_refY,GP_IIa_14.0mm_closed_R10_single_refY_005,5,1,758,raw/GP_IIa_14.0mm_closed_R10_single_refY_005.mp4,GP_IIa_14.0mm_closed_R10_single_refY_005-raw05-04-nbr+1,dg3_neighbors/images/GP_IIa_14.0mm_closed_R10_single_refY_005-raw05-04-nbr+1.jpg,False
GP_IIa_14.0mm_closed_R10_single_refY_005-raw05-04,GP_IIa_14.0mm_closed_R10_single_refY,GP_IIa_14.0mm_closed_R10_single_refY_005,5,2,759,raw/GP_IIa_14.0mm_closed_R10_single_refY_005.mp4,GP_IIa_14.0mm_closed_R10_single_refY_005-raw05-04-nbr+2,dg3_neighbors/images/GP_IIa_14.0mm_closed_R10_single_refY_005-raw05-04-nbr+2.jpg,False
GP_IIa_14.0mm_closed_R10_single_refY_005-raw05-04,GP_IIa_14.0mm_closed_R10_single_refY,GP_IIa_14.0mm_closed_R10_single_refY_005,5,3,760,raw/GP_IIa_14.0mm_closed_R10_single_refY_005.mp4,GP_IIa_14.0mm_closed_R10_single_refY_005-raw05-04-nbr+3,dg3_neighbors/images/GP_IIa_14.0mm_closed_R10_single_refY_005-raw05-04-nbr+3.jpg,False
GP_IIa_14.0mm_closed_R5_single_refY_004-raw01-11,GP_IIa_14.0mm_closed_R5_single_refY,GP_IIa_14.0mm_closed_R5_single_refY_004,1,-3,139,raw/GP_IIa_14.0mm_closed_R5_single_refY_004.mp4,GP_IIa_14.0mm_closed_R5_single_refY_004-raw01-11-nbr-3,dg3_neighbors/images/GP_IIa_14.0mm_closed_R5_single_refY_004-raw01-11-nbr-3.jpg,False
GP_IIa_14.0mm_closed_R5_single_refY_004-raw01-11,GP_IIa_14.0mm_closed_R5_single_refY,GP_IIa_14.0mm_closed_R5_single_refY_004,1,-2,140,raw/GP_IIa_14.0mm_closed_R5_single_refY_004.mp4,GP_IIa_14.0mm_closed_R5_single_refY_004-raw01-11-nbr-2,dg3_neighbors/images/GP_IIa_14.0mm_closed_R5_single_refY_004-raw01-11-nbr-2.jpg,False
GP_IIa_14.0mm_closed_R5_single_refY_004-raw01-11,GP_IIa_14.0mm_closed_R5_single_refY,GP_IIa_14.0mm_closed_R5_single_refY_004,1,-1,141,raw/GP_IIa_14.0mm_closed_R5_single_refY_004.mp4,GP_IIa_14.0mm_closed_R5_single_refY_004-raw01-11-nbr-1,dg3_neighbors/images/GP_IIa_14.0mm_closed_R5_single_refY_004-raw01-11-nbr-1.jpg,False
GP_IIa_14.0mm_closed_R5_single_refY_004-raw01-11,GP_IIa_14.0mm_closed_R5_single_refY,GP_IIa_14.0mm_closed_R5_single_refY_004,1,0,142,raw/GP_IIa_14.0mm_closed_R5_single_refY_004.mp4,GP_IIa_14.0mm_closed_R5_single_refY_004-raw01-11-nbr+0,dg3_neighbors/images/GP_IIa_14.0mm_closed_R5_single_refY_004-raw01-11-nbr+0.jpg,True
GP_IIa_14.0mm_closed_R5_single_refY_004-raw01-11,GP_IIa_14.0mm_closed_R5_single_refY,GP_IIa_14.0mm_closed_R5_single_refY_004,1,1,143,raw/GP_IIa_14.0mm_closed_R5_single_refY_004.mp4,GP_IIa_14.0mm_closed_R5_single_refY_004-raw01-11-nbr+1,dg3_neighbors/images/GP_IIa_14.0mm_closed_R5_single_refY_004-raw01-11-nbr+1.jpg,False
GP_IIa_14.0mm_closed_R5_single_refY_004-raw01-11,GP_IIa_14.0mm_closed_R5_single_refY,GP_IIa_14.0mm_closed_R5_single_refY_004,1,2,144,raw/GP_IIa_14.0mm_closed_R5_single_refY_004.mp4,GP_IIa_14.0mm_closed_R5_single_refY_004-raw01-11-nbr+2,dg3_neighbors/images/GP_IIa_14.0mm_closed_R5_single_refY_004-raw01-11-nbr+2.jpg,False
GP_IIa_14.0mm_closed_R5_single_refY_004-raw01-11,GP_IIa_14.0mm_closed_R5_single_refY,GP_IIa_14.0mm_closed_R5_single_refY_004,1,3,145,raw/GP_IIa_14.0mm_closed_R5_single_refY_004.mp4,GP_IIa_14.0mm_closed_R5_single_refY_004-raw01-11-nbr+3,dg3_neighbors/images/GP_IIa_14.0mm_closed_R5_single_refY_004-raw01-11-nbr+3.jpg,False
GP_IIa_14.0mm_closed_R5_single_refY_004-raw02-18,GP_IIa_14.0mm_closed_R5_single_refY,GP_IIa_14.0mm_closed_R5_single_refY_004,2,-3,404,raw/GP_IIa_14.0mm_closed_R5_single_refY_004.mp4,GP_IIa_14.0mm_closed_R5_single_refY_004-raw02-18-nbr-3,dg3_neighbors/images/GP_IIa_14.0mm_closed_R5_single_refY_004-raw02-18-nbr-3.jpg,False
GP_IIa_14.0mm_closed_R5_single_refY_004-raw02-18,GP_IIa_14.0mm_closed_R5_single_refY,GP_IIa_14.0mm_closed_R5_single_refY_004,2,-2,405,raw/GP_IIa_14.0mm_closed_R5_single_refY_004.mp4,GP_IIa_14.0mm_closed_R5_single_refY_004-raw02-18-nbr-2,dg3_neighbors/images/GP_IIa_14.0mm_closed_R5_single_refY_004-raw02-18-nbr-2.jpg,False
GP_IIa_14.0mm_closed_R5_single_refY_004-raw02-18,GP_IIa_14.0mm_closed_R5_single_refY,GP_IIa_14.0mm_closed_R5_single_refY_004,2,-1,406,raw/GP_IIa_14.0mm_closed_R5_single_refY_004.mp4,GP_IIa_14.0mm_closed_R5_single_refY_004-raw02-18-nbr-1,dg3_neighbors/images/GP_IIa_14.0mm_closed_R5_single_refY_004-raw02-18-nbr-1.jpg,False
GP_IIa_14.0mm_closed_R5_single_refY_004-raw02-18,GP_IIa_14.0mm_closed_R5_single_refY,GP_IIa_14.0mm_closed_R5_single_refY_004,2,0,407,raw/GP_IIa_14.0mm_closed_R5_single_refY_004.mp4,GP_IIa_14.0mm_closed_R5_single_refY_004-raw02-18-nbr+0,dg3_neighbors/images/GP_IIa_14.0mm_closed_R5_single_refY_004-raw02-18-nbr+0.jpg,True
GP_IIa_14.0mm_closed_R5_single_refY_004-raw02-18,GP_IIa_14.0mm_closed_R5_single_refY,GP_IIa_14.0mm_closed_R5_single_refY_004,2,1,408,raw/GP_IIa_14.0mm_closed_R5_single_refY_004.mp4,GP_IIa_14.0mm_closed_R5_single_refY_004-raw02-18-nbr+1,dg3_neighbors/images/GP_IIa_14.0mm_closed_R5_single_refY_004-raw02-18-nbr+1.jpg,False
GP_IIa_14.0mm_closed_R5_single_refY_004-raw02-18,GP_IIa_14.0mm_closed_R5_single_refY,GP_IIa_14.0mm_closed_R5_single_refY_004,2,2,409,raw/GP_IIa_14.0mm_closed_R5_single_refY_004.mp4,GP_IIa_14.0mm_closed_R5_single_refY_004-raw02-18-nbr+2,dg3_neighbors/images/GP_IIa_14.0mm_closed_R5_single_refY_004-raw02-18-nbr+2.jpg,False
GP_IIa_14.0mm_closed_R5_single_refY_004-raw02-18,GP_IIa_14.0mm_closed_R5_single_refY,GP_IIa_14.0mm_closed_R5_single_refY_004,2,3,410,raw/GP_IIa_14.0mm_closed_R5_single_refY_004.mp4,GP_IIa_14.0mm_closed_R5_single_refY_004-raw02-18-nbr+3,dg3_neighbors/images/GP_IIa_14.0mm_closed_R5_single_refY_004-raw02-18-nbr+3.jpg,False
GP_IIa_14.0mm_closed_R5_single_refY_004-raw03-16,GP_IIa_14.0mm_closed_R5_single_refY,GP_IIa_14.0mm_closed_R5_single_refY_004,3,-3,592,raw/GP_IIa_14.0mm_closed_R5_single_refY_004.mp4,GP_IIa_14.0mm_closed_R5_single_refY_004-raw03-16-nbr-3,dg3_neighbors/images/GP_IIa_14.0mm_closed_R5_single_refY_004-raw03-16-nbr-3.jpg,False
GP_IIa_14.0mm_closed_R5_single_refY_004-raw03-16,GP_IIa_14.0mm_closed_R5_single_refY,GP_IIa_14.0mm_closed_R5_single_refY_004,3,-2,593,raw/GP_IIa_14.0mm_closed_R5_single_refY_004.mp4,GP_IIa_14.0mm_closed_R5_single_refY_004-raw03-16-nbr-2,dg3_neighbors/images/GP_IIa_14.0mm_closed_R5_single_refY_004-raw03-16-nbr-2.jpg,False
GP_IIa_14.0mm_closed_R5_single_refY_004-raw03-16,GP_IIa_14.0mm_closed_R5_single_refY,GP_IIa_14.0mm_closed_R5_single_refY_004,3,-1,594,raw/GP_IIa_14.0mm_closed_R5_single_refY_004.mp4,GP_IIa_14.0mm_closed_R5_single_refY_004-raw03-16-nbr-1,dg3_neighbors/images/GP_IIa_14.0mm_closed_R5_single_refY_004-raw03-16-nbr-1.jpg,False
GP_IIa_14.0mm_closed_R5_single_refY_004-raw03-16,GP_IIa_14.0mm_closed_R5_single_refY,GP_IIa_14.0mm_closed_R5_single_refY_004,3,0,595,raw/GP_IIa_14.0mm_closed_R5_single_refY_004.mp4,GP_IIa_14.0mm_closed_R5_single_refY_004-raw03-16-nbr+0,dg3_neighbors/images/GP_IIa_14.0mm_closed_R5_single_refY_004-raw03-16-nbr+0.jpg,True
GP_IIa_14.0mm_closed_R5_single_refY_004-raw03-16,GP_IIa_14.0mm_closed_R5_single_refY,GP_IIa_14.0mm_closed_R5_single_refY_004,3,1,596,raw/GP_IIa_14.0mm_closed_R5_single_refY_004.mp4,GP_IIa_14.0mm_closed_R5_single_refY_004-raw03-16-nbr+1,dg3_neighbors/images/GP_IIa_14.0mm_closed_R5_single_refY_004-raw03-16-nbr+1.jpg,False
GP_IIa_14.0mm_closed_R5_single_refY_004-raw03-16,GP_IIa_14.0mm_closed_R5_single_refY,GP_IIa_14.0mm_closed_R5_single_refY_004,3,2,597,raw/GP_IIa_14.0mm_closed_R5_single_refY_004.mp4,GP_IIa_14.0mm_closed_R5_single_refY_004-raw03-16-nbr+2,dg3_neighbors/images/GP_IIa_14.0mm_closed_R5_single_refY_004-raw03-16-nbr+2.jpg,False
GP_IIa_14.0mm_closed_R5_single_refY_004-raw03-16,GP_IIa_14.0mm_closed_R5_single_refY,GP_IIa_14.0mm_closed_R5_single_refY_004,3,3,598,raw/GP_IIa_14.0mm_closed_R5_single_refY_004.mp4,GP_IIa_14.0mm_closed_R5_single_refY_004-raw03-16-nbr+3,dg3_neighbors/images/GP_IIa_14.0mm_closed_R5_single_refY_004-raw03-16-nbr+3.jpg,False
GP_IIa_14.0mm_closed_R5_single_refY_004-raw04-16,GP_IIa_14.0mm_closed_R5_single_refY,GP_IIa_14.0mm_closed_R5_single_refY_004,4,-3,797,raw/GP_IIa_14.0mm_closed_R5_single_refY_004.mp4,GP_IIa_14.0mm_closed_R5_single_refY_004-raw04-16-nbr-3,dg3_neighbors/images/GP_IIa_14.0mm_closed_R5_single_refY_004-raw04-16-nbr-3.jpg,False
GP_IIa_14.0mm_closed_R5_single_refY_004-raw04-16,GP_IIa_14.0mm_closed_R5_single_refY,GP_IIa_14.0mm_closed_R5_single_refY_004,4,-2,798,raw/GP_IIa_14.0mm_closed_R5_single_refY_004.mp4,GP_IIa_14.0mm_closed_R5_single_refY_004-raw04-16-nbr-2,dg3_neighbors/images/GP_IIa_14.0mm_closed_R5_single_refY_004-raw04-16-nbr-2.jpg,False
GP_IIa_14.0mm_closed_R5_single_refY_004-raw04-16,GP_IIa_14.0mm_closed_R5_single_refY,GP_IIa_14.0mm_closed_R5_single_refY_004,4,-1,799,raw/GP_IIa_14.0mm_closed_R5_single_refY_004.mp4,GP_IIa_14.0mm_closed_R5_single_refY_004-raw04-16-nbr-1,dg3_neighbors/images/GP_IIa_14.0mm_closed_R5_single_refY_004-raw04-16-nbr-1.jpg,False
GP_IIa_14.0mm_closed_R5_single_refY_004-raw04-16,GP_IIa_14.0mm_closed_R5_single_refY,GP_IIa_14.0mm_closed_R5_single_refY_004,4,0,800,raw/GP_IIa_14.0mm_closed_R5_single_refY_004.mp4,GP_IIa_14.0mm_closed_R5_single_refY_004-raw04-16-nbr+0,dg3_neighbors/images/GP_IIa_14.0mm_closed_R5_single_refY_004-raw04-16-nbr+0.jpg,True
GP_IIa_14.0mm_closed_R5_single_refY_004-raw04-16,GP_IIa_14.0mm_closed_R5_single_refY,GP_IIa_14.0mm_closed_R5_single_refY_004,4,1,801,raw/GP_IIa_14.0mm_closed_R5_single_refY_004.mp4,GP_IIa_14.0mm_closed_R5_single_refY_004-raw04-16-nbr+1,dg3_neighbors/images/GP_IIa_14.0mm_closed_R5_single_refY_004-raw04-16-nbr+1.jpg,False
GP_IIa_14.0mm_closed_R5_single_refY_004-raw04-16,GP_IIa_14.0mm_closed_R5_single_refY,GP_IIa_14.0mm_closed_R5_single_refY_004,4,2,802,raw/GP_IIa_14.0mm_closed_R5_single_refY_004.mp4,GP_IIa_14.0mm_closed_R5_single_refY_004-raw04-16-nbr+2,dg3_neighbors/images/GP_IIa_14.0mm_closed_R5_single_refY_004-raw04-16-nbr+2.jpg,False
GP_IIa_14.0mm_closed_R5_single_refY_004-raw04-16,GP_IIa_14.0mm_closed_R5_single_refY,GP_IIa_14.0mm_closed_R5_single_refY_004,4,3,803,raw/GP_IIa_14.0mm_closed_R5_single_refY_004.mp4,GP_IIa_14.0mm_closed_R5_single_refY_004-raw04-16-nbr+3,dg3_neighbors/images/GP_IIa_14.0mm_closed_R5_single_refY_004-raw04-16-nbr+3.jpg,False
GP_IIa_14.0mm_closed_R5_single_refY_004-raw05-14,GP_IIa_14.0mm_closed_R5_single_refY,GP_IIa_14.0mm_closed_R5_single_refY_004,5,-3,987,raw/GP_IIa_14.0mm_closed_R5_single_refY_004.mp4,GP_IIa_14.0mm_closed_R5_single_refY_004-raw05-14-nbr-3,dg3_neighbors/images/GP_IIa_14.0mm_closed_R5_single_refY_004-raw05-14-nbr-3.jpg,False
GP_IIa_14.0mm_closed_R5_single_refY_004-raw05-14,GP_IIa_14.0mm_closed_R5_single_refY,GP_IIa_14.0mm_closed_R5_single_refY_004,5,-2,988,raw/GP_IIa_14.0mm_closed_R5_single_refY_004.mp4,GP_IIa_14.0mm_closed_R5_single_refY_004-raw05-14-nbr-2,dg3_neighbors/images/GP_IIa_14.0mm_closed_R5_single_refY_004-raw05-14-nbr-2.jpg,False
GP_IIa_14.0mm_closed_R5_single_refY_004-raw05-14,GP_IIa_14.0mm_closed_R5_single_refY,GP_IIa_14.0mm_closed_R5_single_refY_004,5,-1,989,raw/GP_IIa_14.0mm_closed_R5_single_refY_004.mp4,GP_IIa_14.0mm_closed_R5_single_refY_004-raw05-14-nbr-1,dg3_neighbors/images/GP_IIa_14.0mm_closed_R5_single_refY_004-raw05-14-nbr-1.jpg,False
GP_IIa_14.0mm_closed_R5_single_refY_004-raw05-14,GP_IIa_14.0mm_closed_R5_single_refY,GP_IIa_14.0mm_closed_R5_single_refY_004,5,0,990,raw/GP_IIa_14.0mm_closed_R5_single_refY_004.mp4,GP_IIa_14.0mm_closed_R5_single_refY_004-raw05-14-nbr+0,dg3_neighbors/images/GP_IIa_14.0mm_closed_R5_single_refY_004-raw05-14-nbr+0.jpg,True
GP_IIa_14.0mm_closed_R5_single_refY_004-raw05-14,GP_IIa_14.0mm_closed_R5_single_refY,GP_IIa_14.0mm_closed_R5_single_refY_004,5,1,991,raw/GP_IIa_14.0mm_closed_R5_single_refY_004.mp4,GP_IIa_14.0mm_closed_R5_single_refY_004-raw05-14-nbr+1,dg3_neighbors/images/GP_IIa_14.0mm_closed_R5_single_refY_004-raw05-14-nbr+1.jpg,False
GP_IIa_14.0mm_closed_R5_single_refY_004-raw05-14,GP_IIa_14.0mm_closed_R5_single_refY,GP_IIa_14.0mm_closed_R5_single_refY_004,5,2,992,raw/GP_IIa_14.0mm_closed_R5_single_refY_004.mp4,GP_IIa_14.0mm_closed_R5_single_refY_004-raw05-14-nbr+2,dg3_neighbors/images/GP_IIa_14.0mm_closed_R5_single_refY_004-raw05-14-nbr+2.jpg,False
GP_IIa_14.0mm_closed_R5_single_refY_004-raw05-14,GP_IIa_14.0mm_closed_R5_single_refY,GP_IIa_14.0mm_closed_R5_single_refY_004,5,3,993,raw/GP_IIa_14.0mm_closed_R5_single_refY_004.mp4,GP_IIa_14.0mm_closed_R5_single_refY_004-raw05-14-nbr+3,dg3_neighbors/images/GP_IIa_14.0mm_closed_R5_single_refY_004-raw05-14-nbr+3.jpg,False
GP_IIa_14.0mm_closed_R5_single_refY_005-raw01-09,GP_IIa_14.0mm_closed_R5_single_refY,GP_IIa_14.0mm_closed_R5_single_refY_005,1,-3,114,raw/GP_IIa_14.0mm_closed_R5_single_refY_005.mp4,GP_IIa_14.0mm_closed_R5_single_refY_005-raw01-09-nbr-3,dg3_neighbors/images/GP_IIa_14.0mm_closed_R5_single_refY_005-raw01-09-nbr-3.jpg,False
GP_IIa_14.0mm_closed_R5_single_refY_005-raw01-09,GP_IIa_14.0mm_closed_R5_single_refY,GP_IIa_14.0mm_closed_R5_single_refY_005,1,-2,115,raw/GP_IIa_14.0mm_closed_R5_single_refY_005.mp4,GP_IIa_14.0mm_closed_R5_single_refY_005-raw01-09-nbr-2,dg3_neighbors/images/GP_IIa_14.0mm_closed_R5_single_refY_005-raw01-09-nbr-2.jpg,False
GP_IIa_14.0mm_closed_R5_single_refY_005-raw01-09,GP_IIa_14.0mm_closed_R5_single_refY,GP_IIa_14.0mm_closed_R5_single_refY_005,1,-1,116,raw/GP_IIa_14.0mm_closed_R5_single_refY_005.mp4,GP_IIa_14.0mm_closed_R5_single_refY_005-raw01-09-nbr-1,dg3_neighbors/images/GP_IIa_14.0mm_closed_R5_single_refY_005-raw01-09-nbr-1.jpg,False
GP_IIa_14.0mm_closed_R5_single_refY_005-raw01-09,GP_IIa_14.0mm_closed_R5_single_refY,GP_IIa_14.0mm_closed_R5_single_refY_005,1,0,117,raw/GP_IIa_14.0mm_closed_R5_single_refY_005.mp4,GP_IIa_14.0mm_closed_R5_single_refY_005-raw01-09-nbr+0,dg3_neighbors/images/GP_IIa_14.0mm_closed_R5_single_refY_005-raw01-09-nbr+0.jpg,True
GP_IIa_14.0mm_closed_R5_single_refY_005-raw01-09,GP_IIa_14.0mm_closed_R5_single_refY,GP_IIa_14.0mm_closed_R5_single_refY_005,1,1,118,raw/GP_IIa_14.0mm_closed_R5_single_refY_005.mp4,GP_IIa_14.0mm_closed_R5_single_refY_005-raw01-09-nbr+1,dg3_neighbors/images/GP_IIa_14.0mm_closed_R5_single_refY_005-raw01-09-nbr+1.jpg,False
GP_IIa_14.0mm_closed_R5_single_refY_005-raw01-09,GP_IIa_14.0mm_closed_R5_single_refY,GP_IIa_14.0mm_closed_R5_single_refY_005,1,2,119,raw/GP_IIa_14.0mm_closed_R5_single_refY_005.mp4,GP_IIa_14.0mm_closed_R5_single_refY_005-raw01-09-nbr+2,dg3_neighbors/images/GP_IIa_14.0mm_closed_R5_single_refY_005-raw01-09-nbr+2.jpg,False
GP_IIa_14.0mm_closed_R5_single_refY_005-raw01-09,GP_IIa_14.0mm_closed_R5_single_refY,GP_IIa_14.0mm_closed_R5_single_refY_005,1,3,120,raw/GP_IIa_14.0mm_closed_R5_single_refY_005.mp4,GP_IIa_14.0mm_closed_R5_single_refY_005-raw01-09-nbr+3,dg3_neighbors/images/GP_IIa_14.0mm_closed_R5_single_refY_005-raw01-09-nbr+3.jpg,False
GP_IIa_14.0mm_closed_R5_single_refY_005-raw02-11,GP_IIa_14.0mm_closed_R5_single_refY,GP_IIa_14.0mm_closed_R5_single_refY_005,2,-3,323,raw/GP_IIa_14.0mm_closed_R5_single_refY_005.mp4,GP_IIa_14.0mm_closed_R5_single_refY_005-raw02-11-nbr-3,dg3_neighbors/images/GP_IIa_14.0mm_closed_R5_single_refY_005-raw02-11-nbr-3.jpg,False
GP_IIa_14.0mm_closed_R5_single_refY_005-raw02-11,GP_IIa_14.0mm_closed_R5_single_refY,GP_IIa_14.0mm_closed_R5_single_refY_005,2,-2,324,raw/GP_IIa_14.0mm_closed_R5_single_refY_005.mp4,GP_IIa_14.0mm_closed_R5_single_refY_005-raw02-11-nbr-2,dg3_neighbors/images/GP_IIa_14.0mm_closed_R5_single_refY_005-raw02-11-nbr-2.jpg,False
GP_IIa_14.0mm_closed_R5_single_refY_005-raw02-11,GP_IIa_14.0mm_closed_R5_single_refY,GP_IIa_14.0mm_closed_R5_single_refY_005,2,-1,325,raw/GP_IIa_14.0mm_closed_R5_single_refY_005.mp4,GP_IIa_14.0mm_closed_R5_single_refY_005-raw02-11-nbr-1,dg3_neighbors/images/GP_IIa_14.0mm_closed_R5_single_refY_005-raw02-11-nbr-1.jpg,False
GP_IIa_14.0mm_closed_R5_single_refY_005-raw02-11,GP_IIa_14.0mm_closed_R5_single_refY,GP_IIa_14.0mm_closed_R5_single_refY_005,2,0,326,raw/GP_IIa_14.0mm_closed_R5_single_refY_005.mp4,GP_IIa_14.0mm_closed_R5_single_refY_005-raw02-11-nbr+0,dg3_neighbors/images/GP_IIa_14.0mm_closed_R5_single_refY_005-raw02-11-nbr+0.jpg,True
GP_IIa_14.0mm_closed_R5_single_refY_005-raw02-11,GP_IIa_14.0mm_closed_R5_single_refY,GP_IIa_14.0mm_closed_R5_single_refY_005,2,1,327,raw/GP_IIa_14.0mm_closed_R5_single_refY_005.mp4,GP_IIa_14.0mm_closed_R5_single_refY_005-raw02-11-nbr+1,dg3_neighbors/images/GP_IIa_14.0mm_closed_R5_single_refY_005-raw02-11-nbr+1.jpg,False
GP_IIa_14.0mm_closed_R5_single_refY_005-raw02-11,GP_IIa_14.0mm_closed_R5_single_refY,GP_IIa_14.0mm_closed_R5_single_refY_005,2,2,328,raw/GP_IIa_14.0mm_closed_R5_single_refY_005.mp4,GP_IIa_14.0mm_closed_R5_single_refY_005-raw02-11-nbr+2,dg3_neighbors/images/GP_IIa_14.0mm_closed_R5_single_refY_005-raw02-11-nbr+2.jpg,False
GP_IIa_14.0mm_closed_R5_single_refY_005-raw02-11,GP_IIa_14.0mm_closed_R5_single_refY,GP_IIa_14.0mm_closed_R5_single_refY_005,2,3,329,raw/GP_IIa_14.0mm_closed_R5_single_refY_005.mp4,GP_IIa_14.0mm_closed_R5_single_refY_005-raw02-11-nbr+3,dg3_neighbors/images/GP_IIa_14.0mm_closed_R5_single_refY_005-raw02-11-nbr+3.jpg,False
GP_IIa_14.0mm_closed_R5_single_refY_005-raw03-20,GP_IIa_14.0mm_closed_R5_single_refY,GP_IIa_14.0mm_closed_R5_single_refY_005,3,-3,589,raw/GP_IIa_14.0mm_closed_R5_single_refY_005.mp4,GP_IIa_14.0mm_closed_R5_single_refY_005-raw03-20-nbr-3,dg3_neighbors/images/GP_IIa_14.0mm_closed_R5_single_refY_005-raw03-20-nbr-3.jpg,False
GP_IIa_14.0mm_closed_R5_single_refY_005-raw03-20,GP_IIa_14.0mm_closed_R5_single_refY,GP_IIa_14.0mm_closed_R5_single_refY_005,3,-2,590,raw/GP_IIa_14.0mm_closed_R5_single_refY_005.mp4,GP_IIa_14.0mm_closed_R5_single_refY_005-raw03-20-nbr-2,dg3_neighbors/images/GP_IIa_14.0mm_closed_R5_single_refY_005-raw03-20-nbr-2.jpg,False
GP_IIa_14.0mm_closed_R5_single_refY_005-raw03-20,GP_IIa_14.0mm_closed_R5_single_refY,GP_IIa_14.0mm_closed_R5_single_refY_005,3,-1,591,raw/GP_IIa_14.0mm_closed_R5_single_refY_005.mp4,GP_IIa_14.0mm_closed_R5_single_refY_005-raw03-20-nbr-1,dg3_neighbors/images/GP_IIa_14.0mm_closed_R5_single_refY_005-raw03-20-nbr-1.jpg,False
GP_IIa_14.0mm_closed_R5_single_refY_005-raw03-20,GP_IIa_14.0mm_closed_R5_single_refY,GP_IIa_14.0mm_closed_R5_single_refY_005,3,0,592,raw/GP_IIa_14.0mm_closed_R5_single_refY_005.mp4,GP_IIa_14.0mm_closed_R5_single_refY_005-raw03-20-nbr+0,dg3_neighbors/images/GP_IIa_14.0mm_closed_R5_single_refY_005-raw03-20-nbr+0.jpg,True
GP_IIa_14.0mm_closed_R5_single_refY_005-raw03-20,GP_IIa_14.0mm_closed_R5_single_refY,GP_IIa_14.0mm_closed_R5_single_refY_005,3,1,593,raw/GP_IIa_14.0mm_closed_R5_single_refY_005.mp4,GP_IIa_14.0mm_closed_R5_single_refY_005-raw03-20-nbr+1,dg3_neighbors/images/GP_IIa_14.0mm_closed_R5_single_refY_005-raw03-20-nbr+1.jpg,False
GP_IIa_14.0mm_closed_R5_single_refY_005-raw03-20,GP_IIa_14.0mm_closed_R5_single_refY,GP_IIa_14.0mm_closed_R5_single_refY_005,3,2,594,raw/GP_IIa_14.0mm_closed_R5_single_refY_005.mp4,GP_IIa_14.0mm_closed_R5_single_refY_005-raw03-20-nbr+2,dg3_neighbors/images/GP_IIa_14.0mm_closed_R5_single_refY_005-raw03-20-nbr+2.jpg,False
GP_IIa_14.0mm_closed_R5_single_refY_005-raw03-20,GP_IIa_14.0mm_closed_R5_single_refY,GP_IIa_14.0mm_closed_R5_single_refY_005,3,3,595,raw/GP_IIa_14.0mm_closed_R5_single_refY_005.mp4,GP_IIa_14.0mm_closed_R5_single_refY_005-raw03-20-nbr+3,dg3_neighbors/images/GP_IIa_14.0mm_closed_R5_single_refY_005-raw03-20-nbr+3.jpg,False
GP_IIa_14.0mm_closed_R5_single_refY_005-raw04-08,GP_IIa_14.0mm_closed_R5_single_refY,GP_IIa_14.0mm_closed_R5_single_refY_005,4,-3,685,raw/GP_IIa_14.0mm_closed_R5_single_refY_005.mp4,GP_IIa_14.0mm_closed_R5_single_refY_005-raw04-08-nbr-3,dg3_neighbors/images/GP_IIa_14.0mm_closed_R5_single_refY_005-raw04-08-nbr-3.jpg,False
GP_IIa_14.0mm_closed_R5_single_refY_005-raw04-08,GP_IIa_14.0mm_closed_R5_single_refY,GP_IIa_14.0mm_closed_R5_single_refY_005,4,-2,686,raw/GP_IIa_14.0mm_closed_R5_single_refY_005.mp4,GP_IIa_14.0mm_closed_R5_single_refY_005-raw04-08-nbr-2,dg3_neighbors/images/GP_IIa_14.0mm_closed_R5_single_refY_005-raw04-08-nbr-2.jpg,False
GP_IIa_14.0mm_closed_R5_single_refY_005-raw04-08,GP_IIa_14.0mm_closed_R5_single_refY,GP_IIa_14.0mm_closed_R5_single_refY_005,4,-1,687,raw/GP_IIa_14.0mm_closed_R5_single_refY_005.mp4,GP_IIa_14.0mm_closed_R5_single_refY_005-raw04-08-nbr-1,dg3_neighbors/images/GP_IIa_14.0mm_closed_R5_single_refY_005-raw04-08-nbr-1.jpg,False
GP_IIa_14.0mm_closed_R5_single_refY_005-raw04-08,GP_IIa_14.0mm_closed_R5_single_refY,GP_IIa_14.0mm_closed_R5_single_refY_005,4,0,688,raw/GP_IIa_14.0mm_closed_R5_single_refY_005.mp4,GP_IIa_14.0mm_closed_R5_single_refY_005-raw04-08-nbr+0,dg3_neighbors/images/GP_IIa_14.0mm_closed_R5_single_refY_005-raw04-08-nbr+0.jpg,True
GP_IIa_14.0mm_closed_R5_single_refY_005-raw04-08,GP_IIa_14.0mm_closed_R5_single_refY,GP_IIa_14.0mm_closed_R5_single_refY_005,4,1,689,raw/GP_IIa_14.0mm_closed_R5_single_refY_005.mp4,GP_IIa_14.0mm_closed_R5_single_refY_005-raw04-08-nbr+1,dg3_neighbors/images/GP_IIa_14.0mm_closed_R5_single_refY_005-raw04-08-nbr+1.jpg,False
GP_IIa_14.0mm_closed_R5_single_refY_005-raw04-08,GP_IIa_14.0mm_closed_R5_single_refY,GP_IIa_14.0mm_closed_R5_single_refY_005,4,2,690,raw/GP_IIa_14.0mm_closed_R5_single_refY_005.mp4,GP_IIa_14.0mm_closed_R5_single_refY_005-raw04-08-nbr+2,dg3_neighbors/images/GP_IIa_14.0mm_closed_R5_single_refY_005-raw04-08-nbr+2.jpg,False
GP_IIa_14.0mm_closed_R5_single_refY_005-raw04-08,GP_IIa_14.0mm_closed_R5_single_refY,GP_IIa_14.0mm_closed_R5_single_refY_005,4,3,691,raw/GP_IIa_14.0mm_closed_R5_single_refY_005.mp4,GP_IIa_14.0mm_closed_R5_single_refY_005-raw04-08-nbr+3,dg3_neighbors/images/GP_IIa_14.0mm_closed_R5_single_refY_005-raw04-08-nbr+3.jpg,False
GP_IIa_14.0mm_closed_R5_single_refY_005-raw05-24,GP_IIa_14.0mm_closed_R5_single_refY,GP_IIa_14.0mm_closed_R5_single_refY_005,5,-3,1008,raw/GP_IIa_14.0mm_closed_R5_single_refY_005.mp4,GP_IIa_14.0mm_closed_R5_single_refY_005-raw05-24-nbr-3,dg3_neighbors/images/GP_IIa_14.0mm_closed_R5_single_refY_005-raw05-24-nbr-3.jpg,False
GP_IIa_14.0mm_closed_R5_single_refY_005-raw05-24,GP_IIa_14.0mm_closed_R5_single_refY,GP_IIa_14.0mm_closed_R5_single_refY_005,5,-2,1009,raw/GP_IIa_14.0mm_closed_R5_single_refY_005.mp4,GP_IIa_14.0mm_closed_R5_single_refY_005-raw05-24-nbr-2,dg3_neighbors/images/GP_IIa_14.0mm_closed_R5_single_refY_005-raw05-24-nbr-2.jpg,False
GP_IIa_14.0mm_closed_R5_single_refY_005-raw05-24,GP_IIa_14.0mm_closed_R5_single_refY,GP_IIa_14.0mm_closed_R5_single_refY_005,5,-1,1010,raw/GP_IIa_14.0mm_closed_R5_single_refY_005.mp4,GP_IIa_14.0mm_closed_R5_single_refY_005-raw05-24-nbr-1,dg3_neighbors/images/GP_IIa_14.0mm_closed_R5_single_refY_005-raw05-24-nbr-1.jpg,False
GP_IIa_14.0mm_closed_R5_single_refY_005-raw05-24,GP_IIa_14.0mm_closed_R5_single_refY,GP_IIa_14.0mm_closed_R5_single_refY_005,5,0,1011,raw/GP_IIa_14.0mm_closed_R5_single_refY_005.mp4,GP_IIa_14.0mm_closed_R5_single_refY_005-raw05-24-nbr+0,dg3_neighbors/images/GP_IIa_14.0mm_closed_R5_single_refY_005-raw05-24-nbr+0.jpg,True
GP_IIa_14.0mm_closed_R5_single_refY_005-raw05-24,GP_IIa_14.0mm_closed_R5_single_refY,GP_IIa_14.0mm_closed_R5_single_refY_005,5,1,1012,raw/GP_IIa_14.0mm_closed_R5_single_refY_005.mp4,GP_IIa_14.0mm_closed_R5_single_refY_005-raw05-24-nbr+1,dg3_neighbors/images/GP_IIa_14.0mm_closed_R5_single_refY_005-raw05-24-nbr+1.jpg,False
GP_IIa_14.0mm_closed_R5_single_refY_005-raw05-24,GP_IIa_14.0mm_closed_R5_single_refY,GP_IIa_14.0mm_closed_R5_single_refY_005,5,2,1013,raw/GP_IIa_14.0mm_closed_R5_single_refY_005.mp4,GP_IIa_14.0mm_closed_R5_single_refY_005-raw05-24-nbr+2,dg3_neighbors/images/GP_IIa_14.0mm_closed_R5_single_refY_005-raw05-24-nbr+2.jpg,False
GP_IIa_14.0mm_closed_R5_single_refY_005-raw05-24,GP_IIa_14.0mm_closed_R5_single_refY,GP_IIa_14.0mm_closed_R5_single_refY_005,5,3,1014,raw/GP_IIa_14.0mm_closed_R5_single_refY_005.mp4,GP_IIa_14.0mm_closed_R5_single_refY_005-raw05-24-nbr+3,dg3_neighbors/images/GP_IIa_14.0mm_closed_R5_single_refY_005-raw05-24-nbr+3.jpg,False
GP_IIa_22.0mm_closed_R10_single_refY_005-raw01-20,GP_IIa_22.0mm_closed_R10_single_refY,GP_IIa_22.0mm_closed_R10_single_refY_005,1,-3,228,raw/GP_IIa_22.0mm_closed_R10_single_refY_005.mp4,GP_IIa_22.0mm_closed_R10_single_refY_005-raw01-20-nbr-3,dg3_neighbors/images/GP_IIa_22.0mm_closed_R10_single_refY_005-raw01-20-nbr-3.jpg,False
GP_IIa_22.0mm_closed_R10_single_refY_005-raw01-20,GP_IIa_22.0mm_closed_R10_single_refY,GP_IIa_22.0mm_closed_R10_single_refY_005,1,-2,229,raw/GP_IIa_22.0mm_closed_R10_single_refY_005.mp4,GP_IIa_22.0mm_closed_R10_single_refY_005-raw01-20-nbr-2,dg3_neighbors/images/GP_IIa_22.0mm_closed_R10_single_refY_005-raw01-20-nbr-2.jpg,False
GP_IIa_22.0mm_closed_R10_single_refY_005-raw01-20,GP_IIa_22.0mm_closed_R10_single_refY,GP_IIa_22.0mm_closed_R10_single_refY_005,1,-1,230,raw/GP_IIa_22.0mm_closed_R10_single_refY_005.mp4,GP_IIa_22.0mm_closed_R10_single_refY_005-raw01-20-nbr-1,dg3_neighbors/images/GP_IIa_22.0mm_closed_R10_single_refY_005-raw01-20-nbr-1.jpg,False
GP_IIa_22.0mm_closed_R10_single_refY_005-raw01-20,GP_IIa_22.0mm_closed_R10_single_refY,GP_IIa_22.0mm_closed_R10_single_refY_005,1,0,231,raw/GP_IIa_22.0mm_closed_R10_single_refY_005.mp4,GP_IIa_22.0mm_closed_R10_single_refY_005-raw01-20-nbr+0,dg3_neighbors/images/GP_IIa_22.0mm_closed_R10_single_refY_005-raw01-20-nbr+0.jpg,True
GP_IIa_22.0mm_closed_R10_single_refY_005-raw01-20,GP_IIa_22.0mm_closed_R10_single_refY,GP_IIa_22.0mm_closed_R10_single_refY_005,1,1,232,raw/GP_IIa_22.0mm_closed_R10_single_refY_005.mp4,GP_IIa_22.0mm_closed_R10_single_refY_005-raw01-20-nbr+1,dg3_neighbors/images/GP_IIa_22.0mm_closed_R10_single_refY_005-raw01-20-nbr+1.jpg,False
GP_IIa_22.0mm_closed_R10_single_refY_005-raw01-20,GP_IIa_22.0mm_closed_R10_single_refY,GP_IIa_22.0mm_closed_R10_single_refY_005,1,2,233,raw/GP_IIa_22.0mm_closed_R10_single_refY_005.mp4,GP_IIa_22.0mm_closed_R10_single_refY_005-raw01-20-nbr+2,dg3_neighbors/images/GP_IIa_22.0mm_closed_R10_single_refY_005-raw01-20-nbr+2.jpg,False
GP_IIa_22.0mm_closed_R10_single_refY_005-raw01-20,GP_IIa_22.0mm_closed_R10_single_refY,GP_IIa_22.0mm_closed_R10_single_refY_005,1,3,234,raw/GP_IIa_22.0mm_closed_R10_single_refY_005.mp4,GP_IIa_22.0mm_closed_R10_single_refY_005-raw01-20-nbr+3,dg3_neighbors/images/GP_IIa_22.0mm_closed_R10_single_refY_005-raw01-20-nbr+3.jpg,False
GP_IIa_22.0mm_closed_R10_single_refY_005-raw02-06,GP_IIa_22.0mm_closed_R10_single_refY,GP_IIa_22.0mm_closed_R10_single_refY_005,2,-3,318,raw/GP_IIa_22.0mm_closed_R10_single_refY_005.mp4,GP_IIa_22.0mm_closed_R10_single_refY_005-raw02-06-nbr-3,dg3_neighbors/images/GP_IIa_22.0mm_closed_R10_single_refY_005-raw02-06-nbr-3.jpg,False
GP_IIa_22.0mm_closed_R10_single_refY_005-raw02-06,GP_IIa_22.0mm_closed_R10_single_refY,GP_IIa_22.0mm_closed_R10_single_refY_005,2,-2,319,raw/GP_IIa_22.0mm_closed_R10_single_refY_005.mp4,GP_IIa_22.0mm_closed_R10_single_refY_005-raw02-06-nbr-2,dg3_neighbors/images/GP_IIa_22.0mm_closed_R10_single_refY_005-raw02-06-nbr-2.jpg,False
GP_IIa_22.0mm_closed_R10_single_refY_005-raw02-06,GP_IIa_22.0mm_closed_R10_single_refY,GP_IIa_22.0mm_closed_R10_single_refY_005,2,-1,320,raw/GP_IIa_22.0mm_closed_R10_single_refY_005.mp4,GP_IIa_22.0mm_closed_R10_single_refY_005-raw02-06-nbr-1,dg3_neighbors/images/GP_IIa_22.0mm_closed_R10_single_refY_005-raw02-06-nbr-1.jpg,False
GP_IIa_22.0mm_closed_R10_single_refY_005-raw02-06,GP_IIa_22.0mm_closed_R10_single_refY,GP_IIa_22.0mm_closed_R10_single_refY_005,2,0,321,raw/GP_IIa_22.0mm_closed_R10_single_refY_005.mp4,GP_IIa_22.0mm_closed_R10_single_refY_005-raw02-06-nbr+0,dg3_neighbors/images/GP_IIa_22.0mm_closed_R10_single_refY_005-raw02-06-nbr+0.jpg,True
GP_IIa_22.0mm_closed_R10_single_refY_005-raw02-06,GP_IIa_22.0mm_closed_R10_single_refY,GP_IIa_22.0mm_closed_R10_single_refY_005,2,1,322,raw/GP_IIa_22.0mm_closed_R10_single_refY_005.mp4,GP_IIa_22.0mm_closed_R10_single_refY_005-raw02-06-nbr+1,dg3_neighbors/images/GP_IIa_22.0mm_closed_R10_single_refY_005-raw02-06-nbr+1.jpg,False
GP_IIa_22.0mm_closed_R10_single_refY_005-raw02-06,GP_IIa_22.0mm_closed_R10_single_refY,GP_IIa_22.0mm_closed_R10_single_refY_005,2,2,323,raw/GP_IIa_22.0mm_closed_R10_single_refY_005.mp4,GP_IIa_22.0mm_closed_R10_single_refY_005-raw02-06-nbr+2,dg3_neighbors/images/GP_IIa_22.0mm_closed_R10_single_refY_005-raw02-06-nbr+2.jpg,False
GP_IIa_22.0mm_closed_R10_single_refY_005-raw02-06,GP_IIa_22.0mm_closed_R10_single_refY,GP_IIa_22.0mm_closed_R10_single_refY_005,2,3,324,raw/GP_IIa_22.0mm_closed_R10_single_refY_005.mp4,GP_IIa_22.0mm_closed_R10_single_refY_005-raw02-06-nbr+3,dg3_neighbors/images/GP_IIa_22.0mm_closed_R10_single_refY_005-raw02-06-nbr+3.jpg,False
GP_IIa_22.0mm_closed_R10_single_refY_005-raw03-19,GP_IIa_22.0mm_closed_R10_single_refY,GP_IIa_22.0mm_closed_R10_single_refY_005,3,-3,651,raw/GP_IIa_22.0mm_closed_R10_single_refY_005.mp4,GP_IIa_22.0mm_closed_R10_single_refY_005-raw03-19-nbr-3,dg3_neighbors/images/GP_IIa_22.0mm_closed_R10_single_refY_005-raw03-19-nbr-3.jpg,False
GP_IIa_22.0mm_closed_R10_single_refY_005-raw03-19,GP_IIa_22.0mm_closed_R10_single_refY,GP_IIa_22.0mm_closed_R10_single_refY_005,3,-2,652,raw/GP_IIa_22.0mm_closed_R10_single_refY_005.mp4,GP_IIa_22.0mm_closed_R10_single_refY_005-raw03-19-nbr-2,dg3_neighbors/images/GP_IIa_22.0mm_closed_R10_single_refY_005-raw03-19-nbr-2.jpg,False
GP_IIa_22.0mm_closed_R10_single_refY_005-raw03-19,GP_IIa_22.0mm_closed_R10_single_refY,GP_IIa_22.0mm_closed_R10_single_refY_005,3,-1,653,raw/GP_IIa_22.0mm_closed_R10_single_refY_005.mp4,GP_IIa_22.0mm_closed_R10_single_refY_005-raw03-19-nbr-1,dg3_neighbors/images/GP_IIa_22.0mm_closed_R10_single_refY_005-raw03-19-nbr-1.jpg,False
GP_IIa_22.0mm_closed_R10_single_refY_005-raw03-19,GP_IIa_22.0mm_closed_R10_single_refY,GP_IIa_22.0mm_closed_R10_single_refY_005,3,0,654,raw/GP_IIa_22.0mm_closed_R10_single_refY_005.mp4,GP_IIa_22.0mm_closed_R10_single_refY_005-raw03-19-nbr+0,dg3_neighbors/images/GP_IIa_22.0mm_closed_R10_single_refY_005-raw03-19-nbr+0.jpg,True
GP_IIa_22.0mm_closed_R10_single_refY_005-raw03-19,GP_IIa_22.0mm_closed_R10_single_refY,GP_IIa_22.0mm_closed_R10_single_refY_005,3,1,655,raw/GP_IIa_22.0mm_closed_R10_single_refY_005.mp4,GP_IIa_22.0mm_closed_R10_single_refY_005-raw03-19-nbr+1,dg3_neighbors/images/GP_IIa_22.0mm_closed_R10_single_refY_005-raw03-19-nbr+1.jpg,False
GP_IIa_22.0mm_closed_R10_single_refY_005-raw03-19,GP_IIa_22.0mm_closed_R10_single_refY,GP_IIa_22.0mm_closed_R10_single_refY_005,3,2,656,raw/GP_IIa_22.0mm_closed_R10_single_refY_005.mp4,GP_IIa_22.0mm_closed_R10_single_refY_005-raw03-19-nbr+2,dg3_neighbors/images/GP_IIa_22.0mm_closed_R10_single_refY_005-raw03-19-nbr+2.jpg,False
GP_IIa_22.0mm_closed_R10_single_refY_005-raw03-19,GP_IIa_22.0mm_closed_R10_single_refY,GP_IIa_22.0mm_closed_R10_single_refY_005,3,3,657,raw/GP_IIa_22.0mm_closed_R10_single_refY_005.mp4,GP_IIa_22.0mm_closed_R10_single_refY_005-raw03-19-nbr+3,dg3_neighbors/images/GP_IIa_22.0mm_closed_R10_single_refY_005-raw03-19-nbr+3.jpg,False
GP_IIa_22.0mm_closed_R10_single_refY_005-raw04-05,GP_IIa_22.0mm_closed_R10_single_refY,GP_IIa_22.0mm_closed_R10_single_refY_005,4,-3,741,raw/GP_IIa_22.0mm_closed_R10_single_refY_005.mp4,GP_IIa_22.0mm_closed_R10_single_refY_005-raw04-05-nbr-3,dg3_neighbors/images/GP_IIa_22.0mm_closed_R10_single_refY_005-raw04-05-nbr-3.jpg,False
GP_IIa_22.0mm_closed_R10_single_refY_005-raw04-05,GP_IIa_22.0mm_closed_R10_single_refY,GP_IIa_22.0mm_closed_R10_single_refY_005,4,-2,742,raw/GP_IIa_22.0mm_closed_R10_single_refY_005.mp4,GP_IIa_22.0mm_closed_R10_single_refY_005-raw04-05-nbr-2,dg3_neighbors/images/GP_IIa_22.0mm_closed_R10_single_refY_005-raw04-05-nbr-2.jpg,False
GP_IIa_22.0mm_closed_R10_single_refY_005-raw04-05,GP_IIa_22.0mm_closed_R10_single_refY,GP_IIa_22.0mm_closed_R10_single_refY_005,4,-1,743,raw/GP_IIa_22.0mm_closed_R10_single_refY_005.mp4,GP_IIa_22.0mm_closed_R10_single_refY_005-raw04-05-nbr-1,dg3_neighbors/images/GP_IIa_22.0mm_closed_R10_single_refY_005-raw04-05-nbr-1.jpg,False
GP_IIa_22.0mm_closed_R10_single_refY_005-raw04-05,GP_IIa_22.0mm_closed_R10_single_refY,GP_IIa_22.0mm_closed_R10_single_refY_005,4,0,744,raw/GP_IIa_22.0mm_closed_R10_single_refY_005.mp4,GP_IIa_22.0mm_closed_R10_single_refY_005-raw04-05-nbr+0,dg3_neighbors/images/GP_IIa_22.0mm_closed_R10_single_refY_005-raw04-05-nbr+0.jpg,True
GP_IIa_22.0mm_closed_R10_single_refY_005-raw04-05,GP_IIa_22.0mm_closed_R10_single_refY,GP_IIa_22.0mm_closed_R10_single_refY_005,4,1,745,raw/GP_IIa_22.0mm_closed_R10_single_refY_005.mp4,GP_IIa_22.0mm_closed_R10_single_refY_005-raw04-05-nbr+1,dg3_neighbors/images/GP_IIa_22.0mm_closed_R10_single_refY_005-raw04-05-nbr+1.jpg,False
GP_IIa_22.0mm_closed_R10_single_refY_005-raw04-05,GP_IIa_22.0mm_closed_R10_single_refY,GP_IIa_22.0mm_closed_R10_single_refY_005,4,2,746,raw/GP_IIa_22.0mm_closed_R10_single_refY_005.mp4,GP_IIa_22.0mm_closed_R10_single_refY_005-raw04-05-nbr+2,dg3_neighbors/images/GP_IIa_22.0mm_closed_R10_single_refY_005-raw04-05-nbr+2.jpg,False
GP_IIa_22.0mm_closed_R10_single_refY_005-raw04-05,GP_IIa_22.0mm_closed_R10_single_refY,GP_IIa_22.0mm_closed_R10_single_refY_005,4,3,747,raw/GP_IIa_22.0mm_closed_R10_single_refY_005.mp4,GP_IIa_22.0mm_closed_R10_single_refY_005-raw04-05-nbr+3,dg3_neighbors/images/GP_IIa_22.0mm_closed_R10_single_refY_005-raw04-05-nbr+3.jpg,False
GP_IIa_22.0mm_closed_R10_single_refY_005-raw05-01,GP_IIa_22.0mm_closed_R10_single_refY,GP_IIa_22.0mm_closed_R10_single_refY_005,5,-3,921,raw/GP_IIa_22.0mm_closed_R10_single_refY_005.mp4,GP_IIa_22.0mm_closed_R10_single_refY_005-raw05-01-nbr-3,dg3_neighbors/images/GP_IIa_22.0mm_closed_R10_single_refY_005-raw05-01-nbr-3.jpg,False
GP_IIa_22.0mm_closed_R10_single_refY_005-raw05-01,GP_IIa_22.0mm_closed_R10_single_refY,GP_IIa_22.0mm_closed_R10_single_refY_005,5,-2,922,raw/GP_IIa_22.0mm_closed_R10_single_refY_005.mp4,GP_IIa_22.0mm_closed_R10_single_refY_005-raw05-01-nbr-2,dg3_neighbors/images/GP_IIa_22.0mm_closed_R10_single_refY_005-raw05-01-nbr-2.jpg,False
GP_IIa_22.0mm_closed_R10_single_refY_005-raw05-01,GP_IIa_22.0mm_closed_R10_single_refY,GP_IIa_22.0mm_closed_R10_single_refY_005,5,-1,923,raw/GP_IIa_22.0mm_closed_R10_single_refY_005.mp4,GP_IIa_22.0mm_closed_R10_single_refY_005-raw05-01-nbr-1,dg3_neighbors/images/GP_IIa_22.0mm_closed_R10_single_refY_005-raw05-01-nbr-1.jpg,False
GP_IIa_22.0mm_closed_R10_single_refY_005-raw05-01,GP_IIa_22.0mm_closed_R10_single_refY,GP_IIa_22.0mm_closed_R10_single_refY_005,5,0,924,raw/GP_IIa_22.0mm_closed_R10_single_refY_005.mp4,GP_IIa_22.0mm_closed_R10_single_refY_005-raw05-01-nbr+0,dg3_neighbors/images/GP_IIa_22.0mm_closed_R10_single_refY_005-raw05-01-nbr+0.jpg,True
GP_IIa_22.0mm_closed_R10_single_refY_005-raw05-01,GP_IIa_22.0mm_closed_R10_single_refY,GP_IIa_22.0mm_closed_R10_single_refY_005,5,1,925,raw/GP_IIa_22.0mm_closed_R10_single_refY_005.mp4,GP_IIa_22.0mm_closed_R10_single_refY_005-raw05-01-nbr+1,dg3_neighbors/images/GP_IIa_22.0mm_closed_R10_single_refY_005-raw05-01-nbr+1.jpg,False
GP_IIa_22.0mm_closed_R10_single_refY_005-raw05-01,GP_IIa_22.0mm_closed_R10_single_refY,GP_IIa_22.0mm_closed_R10_single_refY_005,5,2,926,raw/GP_IIa_22.0mm_closed_R10_single_refY_005.mp4,GP_IIa_22.0mm_closed_R10_single_refY_005-raw05-01-nbr+2,dg3_neighbors/images/GP_IIa_22.0mm_closed_R10_single_refY_005-raw05-01-nbr+2.jpg,False
GP_IIa_22.0mm_closed_R10_single_refY_005-raw05-01,GP_IIa_22.0mm_closed_R10_single_refY,GP_IIa_22.0mm_closed_R10_single_refY_005,5,3,927,raw/GP_IIa_22.0mm_closed_R10_single_refY_005.mp4,GP_IIa_22.0mm_closed_R10_single_refY_005-raw05-01-nbr+3,dg3_neighbors/images/GP_IIa_22.0mm_closed_R10_single_refY_005-raw05-01-nbr+3.jpg,False
GP_IIa_22.0mm_closed_R10_single_refY_006-raw01-09,GP_IIa_22.0mm_closed_R10_single_refY,GP_IIa_22.0mm_closed_R10_single_refY_006,1,-3,83,raw/GP_IIa_22.0mm_closed_R10_single_refY_006.mp4,GP_IIa_22.0mm_closed_R10_single_refY_006-raw01-09-nbr-3,dg3_neighbors/images/GP_IIa_22.0mm_closed_R10_single_refY_006-raw01-09-nbr-3.jpg,False
GP_IIa_22.0mm_closed_R10_single_refY_006-raw01-09,GP_IIa_22.0mm_closed_R10_single_refY,GP_IIa_22.0mm_closed_R10_single_refY_006,1,-2,84,raw/GP_IIa_22.0mm_closed_R10_single_refY_006.mp4,GP_IIa_22.0mm_closed_R10_single_refY_006-raw01-09-nbr-2,dg3_neighbors/images/GP_IIa_22.0mm_closed_R10_single_refY_006-raw01-09-nbr-2.jpg,False
GP_IIa_22.0mm_closed_R10_single_refY_006-raw01-09,GP_IIa_22.0mm_closed_R10_single_refY,GP_IIa_22.0mm_closed_R10_single_refY_006,1,-1,85,raw/GP_IIa_22.0mm_closed_R10_single_refY_006.mp4,GP_IIa_22.0mm_closed_R10_single_refY_006-raw01-09-nbr-1,dg3_neighbors/images/GP_IIa_22.0mm_closed_R10_single_refY_006-raw01-09-nbr-1.jpg,False
GP_IIa_22.0mm_closed_R10_single_refY_006-raw01-09,GP_IIa_22.0mm_closed_R10_single_refY,GP_IIa_22.0mm_closed_R10_single_refY_006,1,0,86,raw/GP_IIa_22.0mm_closed_R10_single_refY_006.mp4,GP_IIa_22.0mm_closed_R10_single_refY_006-raw01-09-nbr+0,dg3_neighbors/images/GP_IIa_22.0mm_closed_R10_single_refY_006-raw01-09-nbr+0.jpg,True
GP_IIa_22.0mm_closed_R10_single_refY_006-raw01-09,GP_IIa_22.0mm_closed_R10_single_refY,GP_IIa_22.0mm_closed_R10_single_refY_006,1,1,87,raw/GP_IIa_22.0mm_closed_R10_single_refY_006.mp4,GP_IIa_22.0mm_closed_R10_single_refY_006-raw01-09-nbr+1,dg3_neighbors/images/GP_IIa_22.0mm_closed_R10_single_refY_006-raw01-09-nbr+1.jpg,False
GP_IIa_22.0mm_closed_R10_single_refY_006-raw01-09,GP_IIa_22.0mm_closed_R10_single_refY,GP_IIa_22.0mm_closed_R10_single_refY_006,1,2,88,raw/GP_IIa_22.0mm_closed_R10_single_refY_006.mp4,GP_IIa_22.0mm_closed_R10_single_refY_006-raw01-09-nbr+2,dg3_neighbors/images/GP_IIa_22.0mm_closed_R10_single_refY_006-raw01-09-nbr+2.jpg,False
GP_IIa_22.0mm_closed_R10_single_refY_006-raw01-09,GP_IIa_22.0mm_closed_R10_single_refY,GP_IIa_22.0mm_closed_R10_single_refY_006,1,3,89,raw/GP_IIa_22.0mm_closed_R10_single_refY_006.mp4,GP_IIa_22.0mm_closed_R10_single_refY_006-raw01-09-nbr+3,dg3_neighbors/images/GP_IIa_22.0mm_closed_R10_single_refY_006-raw01-09-nbr+3.jpg,False
GP_IIa_22.0mm_closed_R10_single_refY_006-raw02-15,GP_IIa_22.0mm_closed_R10_single_refY,GP_IIa_22.0mm_closed_R10_single_refY_006,2,-3,261,raw/GP_IIa_22.0mm_closed_R10_single_refY_006.mp4,GP_IIa_22.0mm_closed_R10_single_refY_006-raw02-15-nbr-3,dg3_neighbors/images/GP_IIa_22.0mm_closed_R10_single_refY_006-raw02-15-nbr-3.jpg,False
GP_IIa_22.0mm_closed_R10_single_refY_006-raw02-15,GP_IIa_22.0mm_closed_R10_single_refY,GP_IIa_22.0mm_closed_R10_single_refY_006,2,-2,262,raw/GP_IIa_22.0mm_closed_R10_single_refY_006.mp4,GP_IIa_22.0mm_closed_R10_single_refY_006-raw02-15-nbr-2,dg3_neighbors/images/GP_IIa_22.0mm_closed_R10_single_refY_006-raw02-15-nbr-2.jpg,False
GP_IIa_22.0mm_closed_R10_single_refY_006-raw02-15,GP_IIa_22.0mm_closed_R10_single_refY,GP_IIa_22.0mm_closed_R10_single_refY_006,2,-1,263,raw/GP_IIa_22.0mm_closed_R10_single_refY_006.mp4,GP_IIa_22.0mm_closed_R10_single_refY_006-raw02-15-nbr-1,dg3_neighbors/images/GP_IIa_22.0mm_closed_R10_single_refY_006-raw02-15-nbr-1.jpg,False
GP_IIa_22.0mm_closed_R10_single_refY_006-raw02-15,GP_IIa_22.0mm_closed_R10_single_refY,GP_IIa_22.0mm_closed_R10_single_refY_006,2,0,264,raw/GP_IIa_22.0mm_closed_R10_single_refY_006.mp4,GP_IIa_22.0mm_closed_R10_single_refY_006-raw02-15-nbr+0,dg3_neighbors/images/GP_IIa_22.0mm_closed_R10_single_refY_006-raw02-15-nbr+0.jpg,True
GP_IIa_22.0mm_closed_R10_single_refY_006-raw02-15,GP_IIa_22.0mm_closed_R10_single_refY,GP_IIa_22.0mm_closed_R10_single_refY_006,2,1,265,raw/GP_IIa_22.0mm_closed_R10_single_refY_006.mp4,GP_IIa_22.0mm_closed_R10_single_refY_006-raw02-15-nbr+1,dg3_neighbors/images/GP_IIa_22.0mm_closed_R10_single_refY_006-raw02-15-nbr+1.jpg,False
GP_IIa_22.0mm_closed_R10_single_refY_006-raw02-15,GP_IIa_22.0mm_closed_R10_single_refY,GP_IIa_22.0mm_closed_R10_single_refY_006,2,2,266,raw/GP_IIa_22.0mm_closed_R10_single_refY_006.mp4,GP_IIa_22.0mm_closed_R10_single_refY_006-raw02-15-nbr+2,dg3_neighbors/images/GP_IIa_22.0mm_closed_R10_single_refY_006-raw02-15-nbr+2.jpg,False
GP_IIa_22.0mm_closed_R10_single_refY_006-raw02-15,GP_IIa_22.0mm_closed_R10_single_refY,GP_IIa_22.0mm_closed_R10_single_refY_006,2,3,267,raw/GP_IIa_22.0mm_closed_R10_single_refY_006.mp4,GP_IIa_22.0mm_closed_R10_single_refY_006-raw02-15-nbr+3,dg3_neighbors/images/GP_IIa_22.0mm_closed_R10_single_refY_006-raw02-15-nbr+3.jpg,False
GP_IIa_22.0mm_closed_R10_single_refY_006-raw03-18,GP_IIa_22.0mm_closed_R10_single_refY,GP_IIa_22.0mm_closed_R10_single_refY_006,3,-3,421,raw/GP_IIa_22.0mm_closed_R10_single_refY_006.mp4,GP_IIa_22.0mm_closed_R10_single_refY_006-raw03-18-nbr-3,dg3_neighbors/images/GP_IIa_22.0mm_closed_R10_single_refY_006-raw03-18-nbr-3.jpg,False
GP_IIa_22.0mm_closed_R10_single_refY_006-raw03-18,GP_IIa_22.0mm_closed_R10_single_refY,GP_IIa_22.0mm_closed_R10_single_refY_006,3,-2,422,raw/GP_IIa_22.0mm_closed_R10_single_refY_006.mp4,GP_IIa_22.0mm_closed_R10_single_refY_006-raw03-18-nbr-2,dg3_neighbors/images/GP_IIa_22.0mm_closed_R10_single_refY_006-raw03-18-nbr-2.jpg,False
GP_IIa_22.0mm_closed_R10_single_refY_006-raw03-18,GP_IIa_22.0mm_closed_R10_single_refY,GP_IIa_22.0mm_closed_R10_single_refY_006,3,-1,423,raw/GP_IIa_22.0mm_closed_R10_single_refY_006.mp4,GP_IIa_22.0mm_closed_R10_single_refY_006-raw03-18-nbr-1,dg3_neighbors/images/GP_IIa_22.0mm_closed_R10_single_refY_006-raw03-18-nbr-1.jpg,False
GP_IIa_22.0mm_closed_R10_single_refY_006-raw03-18,GP_IIa_22.0mm_closed_R10_single_refY,GP_IIa_22.0mm_closed_R10_single_refY_006,3,0,424,raw/GP_IIa_22.0mm_closed_R10_single_refY_006.mp4,GP_IIa_22.0mm_closed_R10_single_refY_006-raw03-18-nbr+0,dg3_neighbors/images/GP_IIa_22.0mm_closed_R10_single_refY_006-raw03-18-nbr+0.jpg,True
GP_IIa_22.0mm_closed_R10_single_refY_006-raw03-18,GP_IIa_22.0mm_closed_R10_single_refY,GP_IIa_22.0mm_closed_R10_single_refY_006,3,1,425,raw/GP_IIa_22.0mm_closed_R10_single_refY_006.mp4,GP_IIa_22.0mm_closed_R10_single_refY_006-raw03-18-nbr+1,dg3_neighbors/images/GP_IIa_22.0mm_closed_R10_single_refY_006-raw03-18-nbr+1.jpg,False
GP_IIa_22.0mm_closed_R10_single_refY_006-raw03-18,GP_IIa_22.0mm_closed_R10_single_refY,GP_IIa_22.0mm_closed_R10_single_refY_006,3,2,426,raw/GP_IIa_22.0mm_closed_R10_single_refY_006.mp4,GP_IIa_22.0mm_closed_R10_single_refY_006-raw03-18-nbr+2,dg3_neighbors/images/GP_IIa_22.0mm_closed_R10_single_refY_006-raw03-18-nbr+2.jpg,False
GP_IIa_22.0mm_closed_R10_single_refY_006-raw03-18,GP_IIa_22.0mm_closed_R10_single_refY,GP_IIa_22.0mm_closed_R10_single_refY_006,3,3,427,raw/GP_IIa_22.0mm_closed_R10_single_refY_006.mp4,GP_IIa_22.0mm_closed_R10_single_refY_006-raw03-18-nbr+3,dg3_neighbors/images/GP_IIa_22.0mm_closed_R10_single_refY_006-raw03-18-nbr+3.jpg,False
GP_IIa_22.0mm_closed_R10_single_refY_006-raw04-23,GP_IIa_22.0mm_closed_R10_single_refY,GP_IIa_22.0mm_closed_R10_single_refY_006,4,-3,592,raw/GP_IIa_22.0mm_closed_R10_single_refY_006.mp4,GP_IIa_22.0mm_closed_R10_single_refY_006-raw04-23-nbr-3,dg3_neighbors/images/GP_IIa_22.0mm_closed_R10_single_refY_006-raw04-23-nbr-3.jpg,False
GP_IIa_22.0mm_closed_R10_single_refY_006-raw04-23,GP_IIa_22.0mm_closed_R10_single_refY,GP_IIa_22.0mm_closed_R10_single_refY_006,4,-2,593,raw/GP_IIa_22.0mm_closed_R10_single_refY_006.mp4,GP_IIa_22.0mm_closed_R10_single_refY_006-raw04-23-nbr-2,dg3_neighbors/images/GP_IIa_22.0mm_closed_R10_single_refY_006-raw04-23-nbr-2.jpg,False
GP_IIa_22.0mm_closed_R10_single_refY_006-raw04-23,GP_IIa_22.0mm_closed_R10_single_refY,GP_IIa_22.0mm_closed_R10_single_refY_006,4,-1,594,raw/GP_IIa_22.0mm_closed_R10_single_refY_006.mp4,GP_IIa_22.0mm_closed_R10_single_refY_006-raw04-23-nbr-1,dg3_neighbors/images/GP_IIa_22.0mm_closed_R10_single_refY_006-raw04-23-nbr-1.jpg,False
GP_IIa_22.0mm_closed_R10_single_refY_006-raw04-23,GP_IIa_22.0mm_closed_R10_single_refY,GP_IIa_22.0mm_closed_R10_single_refY_006,4,0,595,raw/GP_IIa_22.0mm_closed_R10_single_refY_006.mp4,GP_IIa_22.0mm_closed_R10_single_refY_006-raw04-23-nbr+0,dg3_neighbors/images/GP_IIa_22.0mm_closed_R10_single_refY_006-raw04-23-nbr+0.jpg,True
GP_IIa_22.0mm_closed_R10_single_refY_006-raw04-23,GP_IIa_22.0mm_closed_R10_single_refY,GP_IIa_22.0mm_closed_R10_single_refY_006,4,1,596,raw/GP_IIa_22.0mm_closed_R10_single_refY_006.mp4,GP_IIa_22.0mm_closed_R10_single_refY_006-raw04-23-nbr+1,dg3_neighbors/images/GP_IIa_22.0mm_closed_R10_single_refY_006-raw04-23-nbr+1.jpg,False
GP_IIa_22.0mm_closed_R10_single_refY_006-raw04-23,GP_IIa_22.0mm_closed_R10_single_refY,GP_IIa_22.0mm_closed_R10_single_refY_006,4,2,597,raw/GP_IIa_22.0mm_closed_R10_single_refY_006.mp4,GP_IIa_22.0mm_closed_R10_single_refY_006-raw04-23-nbr+2,dg3_neighbors/images/GP_IIa_22.0mm_closed_R10_single_refY_006-raw04-23-nbr+2.jpg,False
GP_IIa_22.0mm_closed_R10_single_refY_006-raw04-23,GP_IIa_22.0mm_closed_R10_single_refY,GP_IIa_22.0mm_closed_R10_single_refY_006,4,3,598,raw/GP_IIa_22.0mm_closed_R10_single_refY_006.mp4,GP_IIa_22.0mm_closed_R10_single_refY_006-raw04-23-nbr+3,dg3_neighbors/images/GP_IIa_22.0mm_closed_R10_single_refY_006-raw04-23-nbr+3.jpg,False
GP_IIa_22.0mm_closed_R10_single_refY_006-raw05-20,GP_IIa_22.0mm_closed_R10_single_refY,GP_IIa_22.0mm_closed_R10_single_refY_006,5,-3,720,raw/GP_IIa_22.0mm_closed_R10_single_refY_006.mp4,GP_IIa_22.0mm_closed_R10_single_refY_006-raw05-20-nbr-3,dg3_neighbors/images/GP_IIa_22.0mm_closed_R10_single_refY_006-raw05-20-nbr-3.jpg,False
GP_IIa_22.0mm_closed_R10_single_refY_006-raw05-20,GP_IIa_22.0mm_closed_R10_single_refY,GP_IIa_22.0mm_closed_R10_single_refY_006,5,-2,721,raw/GP_IIa_22.0mm_closed_R10_single_refY_006.mp4,GP_IIa_22.0mm_closed_R10_single_refY_006-raw05-20-nbr-2,dg3_neighbors/images/GP_IIa_22.0mm_closed_R10_single_refY_006-raw05-20-nbr-2.jpg,False
GP_IIa_22.0mm_closed_R10_single_refY_006-raw05-20,GP_IIa_22.0mm_closed_R10_single_refY,GP_IIa_22.0mm_closed_R10_single_refY_006,5,-1,722,raw/GP_IIa_22.0mm_closed_R10_single_refY_006.mp4,GP_IIa_22.0mm_closed_R10_single_refY_006-raw05-20-nbr-1,dg3_neighbors/images/GP_IIa_22.0mm_closed_R10_single_refY_006-raw05-20-nbr-1.jpg,False
GP_IIa_22.0mm_closed_R10_single_refY_006-raw05-20,GP_IIa_22.0mm_closed_R10_single_refY,GP_IIa_22.0mm_closed_R10_single_refY_006,5,0,723,raw/GP_IIa_22.0mm_closed_R10_single_refY_006.mp4,GP_IIa_22.0mm_closed_R10_single_refY_006-raw05-20-nbr+0,dg3_neighbors/images/GP_IIa_22.0mm_closed_R10_single_refY_006-raw05-20-nbr+0.jpg,True
GP_IIa_22.0mm_closed_R10_single_refY_006-raw05-20,GP_IIa_22.0mm_closed_R10_single_refY,GP_IIa_22.0mm_closed_R10_single_refY_006,5,1,724,raw/GP_IIa_22.0mm_closed_R10_single_refY_006.mp4,GP_IIa_22.0mm_closed_R10_single_refY_006-raw05-20-nbr+1,dg3_neighbors/images/GP_IIa_22.0mm_closed_R10_single_refY_006-raw05-20-nbr+1.jpg,False
GP_IIa_22.0mm_closed_R10_single_refY_006-raw05-20,GP_IIa_22.0mm_closed_R10_single_refY,GP_IIa_22.0mm_closed_R10_single_refY_006,5,2,725,raw/GP_IIa_22.0mm_closed_R10_single_refY_006.mp4,GP_IIa_22.0mm_closed_R10_single_refY_006-raw05-20-nbr+2,dg3_neighbors/images/GP_IIa_22.0mm_closed_R10_single_refY_006-raw05-20-nbr+2.jpg,False
GP_IIa_22.0mm_closed_R10_single_refY_006-raw05-20,GP_IIa_22.0mm_closed_R10_single_refY,GP_IIa_22.0mm_closed_R10_single_refY_006,5,3,726,raw/GP_IIa_22.0mm_closed_R10_single_refY_006.mp4,GP_IIa_22.0mm_closed_R10_single_refY_006-raw05-20-nbr+3,dg3_neighbors/images/GP_IIa_22.0mm_closed_R10_single_refY_006-raw05-20-nbr+3.jpg,False
GP_IIa_22.0mm_closed_R5_single_refY_004-raw01-08,GP_IIa_22.0mm_closed_R5_single_refY,GP_IIa_22.0mm_closed_R5_single_refY_004,1,-3,126,raw/GP_IIa_22.0mm_closed_R5_single_refY_004.mp4,GP_IIa_22.0mm_closed_R5_single_refY_004-raw01-08-nbr-3,dg3_neighbors/images/GP_IIa_22.0mm_closed_R5_single_refY_004-raw01-08-nbr-3.jpg,False
GP_IIa_22.0mm_closed_R5_single_refY_004-raw01-08,GP_IIa_22.0mm_closed_R5_single_refY,GP_IIa_22.0mm_closed_R5_single_refY_004,1,-2,127,raw/GP_IIa_22.0mm_closed_R5_single_refY_004.mp4,GP_IIa_22.0mm_closed_R5_single_refY_004-raw01-08-nbr-2,dg3_neighbors/images/GP_IIa_22.0mm_closed_R5_single_refY_004-raw01-08-nbr-2.jpg,False
GP_IIa_22.0mm_closed_R5_single_refY_004-raw01-08,GP_IIa_22.0mm_closed_R5_single_refY,GP_IIa_22.0mm_closed_R5_single_refY_004,1,-1,128,raw/GP_IIa_22.0mm_closed_R5_single_refY_004.mp4,GP_IIa_22.0mm_closed_R5_single_refY_004-raw01-08-nbr-1,dg3_neighbors/images/GP_IIa_22.0mm_closed_R5_single_refY_004-raw01-08-nbr-1.jpg,False
GP_IIa_22.0mm_closed_R5_single_refY_004-raw01-08,GP_IIa_22.0mm_closed_R5_single_refY,GP_IIa_22.0mm_closed_R5_single_refY_004,1,0,129,raw/GP_IIa_22.0mm_closed_R5_single_refY_004.mp4,GP_IIa_22.0mm_closed_R5_single_refY_004-raw01-08-nbr+0,dg3_neighbors/images/GP_IIa_22.0mm_closed_R5_single_refY_004-raw01-08-nbr+0.jpg,True
GP_IIa_22.0mm_closed_R5_single_refY_004-raw01-08,GP_IIa_22.0mm_closed_R5_single_refY,GP_IIa_22.0mm_closed_R5_single_refY_004,1,1,130,raw/GP_IIa_22.0mm_closed_R5_single_refY_004.mp4,GP_IIa_22.0mm_closed_R5_single_refY_004-raw01-08-nbr+1,dg3_neighbors/images/GP_IIa_22.0mm_closed_R5_single_refY_004-raw01-08-nbr+1.jpg,False
GP_IIa_22.0mm_closed_R5_single_refY_004-raw01-08,GP_IIa_22.0mm_closed_R5_single_refY,GP_IIa_22.0mm_closed_R5_single_refY_004,1,2,131,raw/GP_IIa_22.0mm_closed_R5_single_refY_004.mp4,GP_IIa_22.0mm_closed_R5_single_refY_004-raw01-08-nbr+2,dg3_neighbors/images/GP_IIa_22.0mm_closed_R5_single_refY_004-raw01-08-nbr+2.jpg,False
GP_IIa_22.0mm_closed_R5_single_refY_004-raw01-08,GP_IIa_22.0mm_closed_R5_single_refY,GP_IIa_22.0mm_closed_R5_single_refY_004,1,3,132,raw/GP_IIa_22.0mm_closed_R5_single_refY_004.mp4,GP_IIa_22.0mm_closed_R5_single_refY_004-raw01-08-nbr+3,dg3_neighbors/images/GP_IIa_22.0mm_closed_R5_single_refY_004-raw01-08-nbr+3.jpg,False
GP_IIa_22.0mm_closed_R5_single_refY_004-raw02-01,GP_IIa_22.0mm_closed_R5_single_refY,GP_IIa_22.0mm_closed_R5_single_refY_004,2,-3,287,raw/GP_IIa_22.0mm_closed_R5_single_refY_004.mp4,GP_IIa_22.0mm_closed_R5_single_refY_004-raw02-01-nbr-3,dg3_neighbors/images/GP_IIa_22.0mm_closed_R5_single_refY_004-raw02-01-nbr-3.jpg,False
GP_IIa_22.0mm_closed_R5_single_refY_004-raw02-01,GP_IIa_22.0mm_closed_R5_single_refY,GP_IIa_22.0mm_closed_R5_single_refY_004,2,-2,288,raw/GP_IIa_22.0mm_closed_R5_single_refY_004.mp4,GP_IIa_22.0mm_closed_R5_single_refY_004-raw02-01-nbr-2,dg3_neighbors/images/GP_IIa_22.0mm_closed_R5_single_refY_004-raw02-01-nbr-2.jpg,False
GP_IIa_22.0mm_closed_R5_single_refY_004-raw02-01,GP_IIa_22.0mm_closed_R5_single_refY,GP_IIa_22.0mm_closed_R5_single_refY_004,2,-1,289,raw/GP_IIa_22.0mm_closed_R5_single_refY_004.mp4,GP_IIa_22.0mm_closed_R5_single_refY_004-raw02-01-nbr-1,dg3_neighbors/images/GP_IIa_22.0mm_closed_R5_single_refY_004-raw02-01-nbr-1.jpg,False
GP_IIa_22.0mm_closed_R5_single_refY_004-raw02-01,GP_IIa_22.0mm_closed_R5_single_refY,GP_IIa_22.0mm_closed_R5_single_refY_004,2,0,290,raw/GP_IIa_22.0mm_closed_R5_single_refY_004.mp4,GP_IIa_22.0mm_closed_R5_single_refY_004-raw02-01-nbr+0,dg3_neighbors/images/GP_IIa_22.0mm_closed_R5_single_refY_004-raw02-01-nbr+0.jpg,True
GP_IIa_22.0mm_closed_R5_single_refY_004-raw02-01,GP_IIa_22.0mm_closed_R5_single_refY,GP_IIa_22.0mm_closed_R5_single_refY_004,2,1,291,raw/GP_IIa_22.0mm_closed_R5_single_refY_004.mp4,GP_IIa_22.0mm_closed_R5_single_refY_004-raw02-01-nbr+1,dg3_neighbors/images/GP_IIa_22.0mm_closed_R5_single_refY_004-raw02-01-nbr+1.jpg,False
GP_IIa_22.0mm_closed_R5_single_refY_004-raw02-01,GP_IIa_22.0mm_closed_R5_single_refY,GP_IIa_22.0mm_closed_R5_single_refY_004,2,2,292,raw/GP_IIa_22.0mm_closed_R5_single_refY_004.mp4,GP_IIa_22.0mm_closed_R5_single_refY_004-raw02-01-nbr+2,dg3_neighbors/images/GP_IIa_22.0mm_closed_R5_single_refY_004-raw02-01-nbr+2.jpg,False
GP_IIa_22.0mm_closed_R5_single_refY_004-raw02-01,GP_IIa_22.0mm_closed_R5_single_refY,GP_IIa_22.0mm_closed_R5_single_refY_004,2,3,293,raw/GP_IIa_22.0mm_closed_R5_single_refY_004.mp4,GP_IIa_22.0mm_closed_R5_single_refY_004-raw02-01-nbr+3,dg3_neighbors/images/GP_IIa_22.0mm_closed_R5_single_refY_004-raw02-01-nbr+3.jpg,False
GP_IIa_22.0mm_closed_R5_single_refY_004-raw03-04,GP_IIa_22.0mm_closed_R5_single_refY,GP_IIa_22.0mm_closed_R5_single_refY_004,3,-3,542,raw/GP_IIa_22.0mm_closed_R5_single_refY_004.mp4,GP_IIa_22.0mm_closed_R5_single_refY_004-raw03-04-nbr-3,dg3_neighbors/images/GP_IIa_22.0mm_closed_R5_single_refY_004-raw03-04-nbr-3.jpg,False
GP_IIa_22.0mm_closed_R5_single_refY_004-raw03-04,GP_IIa_22.0mm_closed_R5_single_refY,GP_IIa_22.0mm_closed_R5_single_refY_004,3,-2,543,raw/GP_IIa_22.0mm_closed_R5_single_refY_004.mp4,GP_IIa_22.0mm_closed_R5_single_refY_004-raw03-04-nbr-2,dg3_neighbors/images/GP_IIa_22.0mm_closed_R5_single_refY_004-raw03-04-nbr-2.jpg,False
GP_IIa_22.0mm_closed_R5_single_refY_004-raw03-04,GP_IIa_22.0mm_closed_R5_single_refY,GP_IIa_22.0mm_closed_R5_single_refY_004,3,-1,544,raw/GP_IIa_22.0mm_closed_R5_single_refY_004.mp4,GP_IIa_22.0mm_closed_R5_single_refY_004-raw03-04-nbr-1,dg3_neighbors/images/GP_IIa_22.0mm_closed_R5_single_refY_004-raw03-04-nbr-1.jpg,False
GP_IIa_22.0mm_closed_R5_single_refY_004-raw03-04,GP_IIa_22.0mm_closed_R5_single_refY,GP_IIa_22.0mm_closed_R5_single_refY_004,3,0,545,raw/GP_IIa_22.0mm_closed_R5_single_refY_004.mp4,GP_IIa_22.0mm_closed_R5_single_refY_004-raw03-04-nbr+0,dg3_neighbors/images/GP_IIa_22.0mm_closed_R5_single_refY_004-raw03-04-nbr+0.jpg,True
GP_IIa_22.0mm_closed_R5_single_refY_004-raw03-04,GP_IIa_22.0mm_closed_R5_single_refY,GP_IIa_22.0mm_closed_R5_single_refY_004,3,1,546,raw/GP_IIa_22.0mm_closed_R5_single_refY_004.mp4,GP_IIa_22.0mm_closed_R5_single_refY_004-raw03-04-nbr+1,dg3_neighbors/images/GP_IIa_22.0mm_closed_R5_single_refY_004-raw03-04-nbr+1.jpg,False
GP_IIa_22.0mm_closed_R5_single_refY_004-raw03-04,GP_IIa_22.0mm_closed_R5_single_refY,GP_IIa_22.0mm_closed_R5_single_refY_004,3,2,547,raw/GP_IIa_22.0mm_closed_R5_single_refY_004.mp4,GP_IIa_22.0mm_closed_R5_single_refY_004-raw03-04-nbr+2,dg3_neighbors/images/GP_IIa_22.0mm_closed_R5_single_refY_004-raw03-04-nbr+2.jpg,False
GP_IIa_22.0mm_closed_R5_single_refY_004-raw03-04,GP_IIa_22.0mm_closed_R5_single_refY,GP_IIa_22.0mm_closed_R5_single_refY_004,3,3,548,raw/GP_IIa_22.0mm_closed_R5_single_refY_004.mp4,GP_IIa_22.0mm_closed_R5_single_refY_004-raw03-04-nbr+3,dg3_neighbors/images/GP_IIa_22.0mm_closed_R5_single_refY_004-raw03-04-nbr+3.jpg,False
GP_IIa_22.0mm_closed_R5_single_refY_004-raw04-19,GP_IIa_22.0mm_closed_R5_single_refY,GP_IIa_22.0mm_closed_R5_single_refY_004,4,-3,911,raw/GP_IIa_22.0mm_closed_R5_single_refY_004.mp4,GP_IIa_22.0mm_closed_R5_single_refY_004-raw04-19-nbr-3,dg3_neighbors/images/GP_IIa_22.0mm_closed_R5_single_refY_004-raw04-19-nbr-3.jpg,False
GP_IIa_22.0mm_closed_R5_single_refY_004-raw04-19,GP_IIa_22.0mm_closed_R5_single_refY,GP_IIa_22.0mm_closed_R5_single_refY_004,4,-2,912,raw/GP_IIa_22.0mm_closed_R5_single_refY_004.mp4,GP_IIa_22.0mm_closed_R5_single_refY_004-raw04-19-nbr-2,dg3_neighbors/images/GP_IIa_22.0mm_closed_R5_single_refY_004-raw04-19-nbr-2.jpg,False
GP_IIa_22.0mm_closed_R5_single_refY_004-raw04-19,GP_IIa_22.0mm_closed_R5_single_refY,GP_IIa_22.0mm_closed_R5_single_refY_004,4,-1,913,raw/GP_IIa_22.0mm_closed_R5_single_refY_004.mp4,GP_IIa_22.0mm_closed_R5_single_refY_004-raw04-19-nbr-1,dg3_neighbors/images/GP_IIa_22.0mm_closed_R5_single_refY_004-raw04-19-nbr-1.jpg,False
GP_IIa_22.0mm_closed_R5_single_refY_004-raw04-19,GP_IIa_22.0mm_closed_R5_single_refY,GP_IIa_22.0mm_closed_R5_single_refY_004,4,0,914,raw/GP_IIa_22.0mm_closed_R5_single_refY_004.mp4,GP_IIa_22.0mm_closed_R5_single_refY_004-raw04-19-nbr+0,dg3_neighbors/images/GP_IIa_22.0mm_closed_R5_single_refY_004-raw04-19-nbr+0.jpg,True
GP_IIa_22.0mm_closed_R5_single_refY_004-raw04-19,GP_IIa_22.0mm_closed_R5_single_refY,GP_IIa_22.0mm_closed_R5_single_refY_004,4,1,915,raw/GP_IIa_22.0mm_closed_R5_single_refY_004.mp4,GP_IIa_22.0mm_closed_R5_single_refY_004-raw04-19-nbr+1,dg3_neighbors/images/GP_IIa_22.0mm_closed_R5_single_refY_004-raw04-19-nbr+1.jpg,False
GP_IIa_22.0mm_closed_R5_single_refY_004-raw04-19,GP_IIa_22.0mm_closed_R5_single_refY,GP_IIa_22.0mm_closed_R5_single_refY_004,4,2,916,raw/GP_IIa_22.0mm_closed_R5_single_refY_004.mp4,GP_IIa_22.0mm_closed_R5_single_refY_004-raw04-19-nbr+2,dg3_neighbors/images/GP_IIa_22.0mm_closed_R5_single_refY_004-raw04-19-nbr+2.jpg,False
GP_IIa_22.0mm_closed_R5_single_refY_004-raw04-19,GP_IIa_22.0mm_closed_R5_single_refY,GP_IIa_22.0mm_closed_R5_single_refY_004,4,3,917,raw/GP_IIa_22.0mm_closed_R5_single_refY_004.mp4,GP_IIa_22.0mm_closed_R5_single_refY_004-raw04-19-nbr+3,dg3_neighbors/images/GP_IIa_22.0mm_closed_R5_single_refY_004-raw04-19-nbr+3.jpg,False
GP_IIa_22.0mm_closed_R5_single_refY_004-raw05-15,GP_IIa_22.0mm_closed_R5_single_refY,GP_IIa_22.0mm_closed_R5_single_refY_004,5,-3,1100,raw/GP_IIa_22.0mm_closed_R5_single_refY_004.mp4,GP_IIa_22.0mm_closed_R5_single_refY_004-raw05-15-nbr-3,dg3_neighbors/images/GP_IIa_22.0mm_closed_R5_single_refY_004-raw05-15-nbr-3.jpg,False
GP_IIa_22.0mm_closed_R5_single_refY_004-raw05-15,GP_IIa_22.0mm_closed_R5_single_refY,GP_IIa_22.0mm_closed_R5_single_refY_004,5,-2,1101,raw/GP_IIa_22.0mm_closed_R5_single_refY_004.mp4,GP_IIa_22.0mm_closed_R5_single_refY_004-raw05-15-nbr-2,dg3_neighbors/images/GP_IIa_22.0mm_closed_R5_single_refY_004-raw05-15-nbr-2.jpg,False
GP_IIa_22.0mm_closed_R5_single_refY_004-raw05-15,GP_IIa_22.0mm_closed_R5_single_refY,GP_IIa_22.0mm_closed_R5_single_refY_004,5,-1,1102,raw/GP_IIa_22.0mm_closed_R5_single_refY_004.mp4,GP_IIa_22.0mm_closed_R5_single_refY_004-raw05-15-nbr-1,dg3_neighbors/images/GP_IIa_22.0mm_closed_R5_single_refY_004-raw05-15-nbr-1.jpg,False
GP_IIa_22.0mm_closed_R5_single_refY_004-raw05-15,GP_IIa_22.0mm_closed_R5_single_refY,GP_IIa_22.0mm_closed_R5_single_refY_004,5,0,1103,raw/GP_IIa_22.0mm_closed_R5_single_refY_004.mp4,GP_IIa_22.0mm_closed_R5_single_refY_004-raw05-15-nbr+0,dg3_neighbors/images/GP_IIa_22.0mm_closed_R5_single_refY_004-raw05-15-nbr+0.jpg,True
GP_IIa_22.0mm_closed_R5_single_refY_004-raw05-15,GP_IIa_22.0mm_closed_R5_single_refY,GP_IIa_22.0mm_closed_R5_single_refY_004,5,1,1104,raw/GP_IIa_22.0mm_closed_R5_single_refY_004.mp4,GP_IIa_22.0mm_closed_R5_single_refY_004-raw05-15-nbr+1,dg3_neighbors/images/GP_IIa_22.0mm_closed_R5_single_refY_004-raw05-15-nbr+1.jpg,False
GP_IIa_22.0mm_closed_R5_single_refY_004-raw05-15,GP_IIa_22.0mm_closed_R5_single_refY,GP_IIa_22.0mm_closed_R5_single_refY_004,5,2,1105,raw/GP_IIa_22.0mm_closed_R5_single_refY_004.mp4,GP_IIa_22.0mm_closed_R5_single_refY_004-raw05-15-nbr+2,dg3_neighbors/images/GP_IIa_22.0mm_closed_R5_single_refY_004-raw05-15-nbr+2.jpg,False
GP_IIa_22.0mm_closed_R5_single_refY_004-raw05-15,GP_IIa_22.0mm_closed_R5_single_refY,GP_IIa_22.0mm_closed_R5_single_refY_004,5,3,1106,raw/GP_IIa_22.0mm_closed_R5_single_refY_004.mp4,GP_IIa_22.0mm_closed_R5_single_refY_004-raw05-15-nbr+3,dg3_neighbors/images/GP_IIa_22.0mm_closed_R5_single_refY_004-raw05-15-nbr+3.jpg,False
GP_IIa_22.0mm_closed_R5_single_refY_005-raw01-11,GP_IIa_22.0mm_closed_R5_single_refY,GP_IIa_22.0mm_closed_R5_single_refY_005,1,-3,82,raw/GP_IIa_22.0mm_closed_R5_single_refY_005.mp4,GP_IIa_22.0mm_closed_R5_single_refY_005-raw01-11-nbr-3,dg3_neighbors/images/GP_IIa_22.0mm_closed_R5_single_refY_005-raw01-11-nbr-3.jpg,False
GP_IIa_22.0mm_closed_R5_single_refY_005-raw01-11,GP_IIa_22.0mm_closed_R5_single_refY,GP_IIa_22.0mm_closed_R5_single_refY_005,1,-2,83,raw/GP_IIa_22.0mm_closed_R5_single_refY_005.mp4,GP_IIa_22.0mm_closed_R5_single_refY_005-raw01-11-nbr-2,dg3_neighbors/images/GP_IIa_22.0mm_closed_R5_single_refY_005-raw01-11-nbr-2.jpg,False
GP_IIa_22.0mm_closed_R5_single_refY_005-raw01-11,GP_IIa_22.0mm_closed_R5_single_refY,GP_IIa_22.0mm_closed_R5_single_refY_005,1,-1,84,raw/GP_IIa_22.0mm_closed_R5_single_refY_005.mp4,GP_IIa_22.0mm_closed_R5_single_refY_005-raw01-11-nbr-1,dg3_neighbors/images/GP_IIa_22.0mm_closed_R5_single_refY_005-raw01-11-nbr-1.jpg,False
GP_IIa_22.0mm_closed_R5_single_refY_005-raw01-11,GP_IIa_22.0mm_closed_R5_single_refY,GP_IIa_22.0mm_closed_R5_single_refY_005,1,0,85,raw/GP_IIa_22.0mm_closed_R5_single_refY_005.mp4,GP_IIa_22.0mm_closed_R5_single_refY_005-raw01-11-nbr+0,dg3_neighbors/images/GP_IIa_22.0mm_closed_R5_single_refY_005-raw01-11-nbr+0.jpg,True
GP_IIa_22.0mm_closed_R5_single_refY_005-raw01-11,GP_IIa_22.0mm_closed_R5_single_refY,GP_IIa_22.0mm_closed_R5_single_refY_005,1,1,86,raw/GP_IIa_22.0mm_closed_R5_single_refY_005.mp4,GP_IIa_22.0mm_closed_R5_single_refY_005-raw01-11-nbr+1,dg3_neighbors/images/GP_IIa_22.0mm_closed_R5_single_refY_005-raw01-11-nbr+1.jpg,False
GP_IIa_22.0mm_closed_R5_single_refY_005-raw01-11,GP_IIa_22.0mm_closed_R5_single_refY,GP_IIa_22.0mm_closed_R5_single_refY_005,1,2,87,raw/GP_IIa_22.0mm_closed_R5_single_refY_005.mp4,GP_IIa_22.0mm_closed_R5_single_refY_005-raw01-11-nbr+2,dg3_neighbors/images/GP_IIa_22.0mm_closed_R5_single_refY_005-raw01-11-nbr+2.jpg,False
GP_IIa_22.0mm_closed_R5_single_refY_005-raw01-11,GP_IIa_22.0mm_closed_R5_single_refY,GP_IIa_22.0mm_closed_R5_single_refY_005,1,3,88,raw/GP_IIa_22.0mm_closed_R5_single_refY_005.mp4,GP_IIa_22.0mm_closed_R5_single_refY_005-raw01-11-nbr+3,dg3_neighbors/images/GP_IIa_22.0mm_closed_R5_single_refY_005-raw01-11-nbr+3.jpg,False
GP_IIa_22.0mm_closed_R5_single_refY_005-raw02-22,GP_IIa_22.0mm_closed_R5_single_refY,GP_IIa_22.0mm_closed_R5_single_refY_005,2,-3,260,raw/GP_IIa_22.0mm_closed_R5_single_refY_005.mp4,GP_IIa_22.0mm_closed_R5_single_refY_005-raw02-22-nbr-3,dg3_neighbors/images/GP_IIa_22.0mm_closed_R5_single_refY_005-raw02-22-nbr-3.jpg,False
GP_IIa_22.0mm_closed_R5_single_refY_005-raw02-22,GP_IIa_22.0mm_closed_R5_single_refY,GP_IIa_22.0mm_closed_R5_single_refY_005,2,-2,261,raw/GP_IIa_22.0mm_closed_R5_single_refY_005.mp4,GP_IIa_22.0mm_closed_R5_single_refY_005-raw02-22-nbr-2,dg3_neighbors/images/GP_IIa_22.0mm_closed_R5_single_refY_005-raw02-22-nbr-2.jpg,False
GP_IIa_22.0mm_closed_R5_single_refY_005-raw02-22,GP_IIa_22.0mm_closed_R5_single_refY,GP_IIa_22.0mm_closed_R5_single_refY_005,2,-1,262,raw/GP_IIa_22.0mm_closed_R5_single_refY_005.mp4,GP_IIa_22.0mm_closed_R5_single_refY_005-raw02-22-nbr-1,dg3_neighbors/images/GP_IIa_22.0mm_closed_R5_single_refY_005-raw02-22-nbr-1.jpg,False
GP_IIa_22.0mm_closed_R5_single_refY_005-raw02-22,GP_IIa_22.0mm_closed_R5_single_refY,GP_IIa_22.0mm_closed_R5_single_refY_005,2,0,263,raw/GP_IIa_22.0mm_closed_R5_single_refY_005.mp4,GP_IIa_22.0mm_closed_R5_single_refY_005-raw02-22-nbr+0,dg3_neighbors/images/GP_IIa_22.0mm_closed_R5_single_refY_005-raw02-22-nbr+0.jpg,True
GP_IIa_22.0mm_closed_R5_single_refY_005-raw02-22,GP_IIa_22.0mm_closed_R5_single_refY,GP_IIa_22.0mm_closed_R5_single_refY_005,2,1,264,raw/GP_IIa_22.0mm_closed_R5_single_refY_005.mp4,GP_IIa_22.0mm_closed_R5_single_refY_005-raw02-22-nbr+1,dg3_neighbors/images/GP_IIa_22.0mm_closed_R5_single_refY_005-raw02-22-nbr+1.jpg,False
GP_IIa_22.0mm_closed_R5_single_refY_005-raw02-22,GP_IIa_22.0mm_closed_R5_single_refY,GP_IIa_22.0mm_closed_R5_single_refY_005,2,2,265,raw/GP_IIa_22.0mm_closed_R5_single_refY_005.mp4,GP_IIa_22.0mm_closed_R5_single_refY_005-raw02-22-nbr+2,dg3_neighbors/images/GP_IIa_22.0mm_closed_R5_single_refY_005-raw02-22-nbr+2.jpg,False
GP_IIa_22.0mm_closed_R5_single_refY_005-raw02-22,GP_IIa_22.0mm_closed_R5_single_refY,GP_IIa_22.0mm_closed_R5_single_refY_005,2,3,266,raw/GP_IIa_22.0mm_closed_R5_single_refY_005.mp4,GP_IIa_22.0mm_closed_R5_single_refY_005-raw02-22-nbr+3,dg3_neighbors/images/GP_IIa_22.0mm_closed_R5_single_refY_005-raw02-22-nbr+3.jpg,False
GP_IIa_22.0mm_closed_R5_single_refY_005-raw03-11,GP_IIa_22.0mm_closed_R5_single_refY,GP_IIa_22.0mm_closed_R5_single_refY_005,3,-3,326,raw/GP_IIa_22.0mm_closed_R5_single_refY_005.mp4,GP_IIa_22.0mm_closed_R5_single_refY_005-raw03-11-nbr-3,dg3_neighbors/images/GP_IIa_22.0mm_closed_R5_single_refY_005-raw03-11-nbr-3.jpg,False
GP_IIa_22.0mm_closed_R5_single_refY_005-raw03-11,GP_IIa_22.0mm_closed_R5_single_refY,GP_IIa_22.0mm_closed_R5_single_refY_005,3,-2,327,raw/GP_IIa_22.0mm_closed_R5_single_refY_005.mp4,GP_IIa_22.0mm_closed_R5_single_refY_005-raw03-11-nbr-2,dg3_neighbors/images/GP_IIa_22.0mm_closed_R5_single_refY_005-raw03-11-nbr-2.jpg,False
GP_IIa_22.0mm_closed_R5_single_refY_005-raw03-11,GP_IIa_22.0mm_closed_R5_single_refY,GP_IIa_22.0mm_closed_R5_single_refY_005,3,-1,328,raw/GP_IIa_22.0mm_closed_R5_single_refY_005.mp4,GP_IIa_22.0mm_closed_R5_single_refY_005-raw03-11-nbr-1,dg3_neighbors/images/GP_IIa_22.0mm_closed_R5_single_refY_005-raw03-11-nbr-1.jpg,False
GP_IIa_22.0mm_closed_R5_single_refY_005-raw03-11,GP_IIa_22.0mm_closed_R5_single_refY,GP_IIa_22.0mm_closed_R5_single_refY_005,3,0,329,raw/GP_IIa_22.0mm_closed_R5_single_refY_005.mp4,GP_IIa_22.0mm_closed_R5_single_refY_005-raw03-11-nbr+0,dg3_neighbors/images/GP_IIa_22.0mm_closed_R5_single_refY_005-raw03-11-nbr+0.jpg,True
GP_IIa_22.0mm_closed_R5_single_refY_005-raw03-11,GP_IIa_22.0mm_closed_R5_single_refY,GP_IIa_22.0mm_closed_R5_single_refY_005,3,1,330,raw/GP_IIa_22.0mm_closed_R5_single_refY_005.mp4,GP_IIa_22.0mm_closed_R5_single_refY_005-raw03-11-nbr+1,dg3_neighbors/images/GP_IIa_22.0mm_closed_R5_single_refY_005-raw03-11-nbr+1.jpg,False
GP_IIa_22.0mm_closed_R5_single_refY_005-raw03-11,GP_IIa_22.0mm_closed_R5_single_refY,GP_IIa_22.0mm_closed_R5_single_refY_005,3,2,331,raw/GP_IIa_22.0mm_closed_R5_single_refY_005.mp4,GP_IIa_22.0mm_closed_R5_single_refY_005-raw03-11-nbr+2,dg3_neighbors/images/GP_IIa_22.0mm_closed_R5_single_refY_005-raw03-11-nbr+2.jpg,False
GP_IIa_22.0mm_closed_R5_single_refY_005-raw03-11,GP_IIa_22.0mm_closed_R5_single_refY,GP_IIa_22.0mm_closed_R5_single_refY_005,3,3,332,raw/GP_IIa_22.0mm_closed_R5_single_refY_005.mp4,GP_IIa_22.0mm_closed_R5_single_refY_005-raw03-11-nbr+3,dg3_neighbors/images/GP_IIa_22.0mm_closed_R5_single_refY_005-raw03-11-nbr+3.jpg,False
GP_IIa_22.0mm_closed_R5_single_refY_005-raw04-13,GP_IIa_22.0mm_closed_R5_single_refY,GP_IIa_22.0mm_closed_R5_single_refY_005,4,-3,458,raw/GP_IIa_22.0mm_closed_R5_single_refY_005.mp4,GP_IIa_22.0mm_closed_R5_single_refY_005-raw04-13-nbr-3,dg3_neighbors/images/GP_IIa_22.0mm_closed_R5_single_refY_005-raw04-13-nbr-3.jpg,False
GP_IIa_22.0mm_closed_R5_single_refY_005-raw04-13,GP_IIa_22.0mm_closed_R5_single_refY,GP_IIa_22.0mm_closed_R5_single_refY_005,4,-2,459,raw/GP_IIa_22.0mm_closed_R5_single_refY_005.mp4,GP_IIa_22.0mm_closed_R5_single_refY_005-raw04-13-nbr-2,dg3_neighbors/images/GP_IIa_22.0mm_closed_R5_single_refY_005-raw04-13-nbr-2.jpg,False
GP_IIa_22.0mm_closed_R5_single_refY_005-raw04-13,GP_IIa_22.0mm_closed_R5_single_refY,GP_IIa_22.0mm_closed_R5_single_refY_005,4,-1,460,raw/GP_IIa_22.0mm_closed_R5_single_refY_005.mp4,GP_IIa_22.0mm_closed_R5_single_refY_005-raw04-13-nbr-1,dg3_neighbors/images/GP_IIa_22.0mm_closed_R5_single_refY_005-raw04-13-nbr-1.jpg,False
GP_IIa_22.0mm_closed_R5_single_refY_005-raw04-13,GP_IIa_22.0mm_closed_R5_single_refY,GP_IIa_22.0mm_closed_R5_single_refY_005,4,0,461,raw/GP_IIa_22.0mm_closed_R5_single_refY_005.mp4,GP_IIa_22.0mm_closed_R5_single_refY_005-raw04-13-nbr+0,dg3_neighbors/images/GP_IIa_22.0mm_closed_R5_single_refY_005-raw04-13-nbr+0.jpg,True
GP_IIa_22.0mm_closed_R5_single_refY_005-raw04-13,GP_IIa_22.0mm_closed_R5_single_refY,GP_IIa_22.0mm_closed_R5_single_refY_005,4,1,462,raw/GP_IIa_22.0mm_closed_R5_single_refY_005.mp4,GP_IIa_22.0mm_closed_R5_single_refY_005-raw04-13-nbr+1,dg3_neighbors/images/GP_IIa_22.0mm_closed_R5_single_refY_005-raw04-13-nbr+1.jpg,False
GP_IIa_22.0mm_closed_R5_single_refY_005-raw04-13,GP_IIa_22.0mm_closed_R5_single_refY,GP_IIa_22.0mm_closed_R5_single_refY_005,4,2,463,raw/GP_IIa_22.0mm_closed_R5_single_refY_005.mp4,GP_IIa_22.0mm_closed_R5_single_refY_005-raw04-13-nbr+2,dg3_neighbors/images/GP_IIa_22.0mm_closed_R5_single_refY_005-raw04-13-nbr+2.jpg,False
GP_IIa_22.0mm_closed_R5_single_refY_005-raw04-13,GP_IIa_22.0mm_closed_R5_single_refY,GP_IIa_22.0mm_closed_R5_single_refY_005,4,3,464,raw/GP_IIa_22.0mm_closed_R5_single_refY_005.mp4,GP_IIa_22.0mm_closed_R5_single_refY_005-raw04-13-nbr+3,dg3_neighbors/images/GP_IIa_22.0mm_closed_R5_single_refY_005-raw04-13-nbr+3.jpg,False
GP_IIa_22.0mm_closed_R5_single_refY_005-raw05-01,GP_IIa_22.0mm_closed_R5_single_refY,GP_IIa_22.0mm_closed_R5_single_refY_005,5,-3,519,raw/GP_IIa_22.0mm_closed_R5_single_refY_005.mp4,GP_IIa_22.0mm_closed_R5_single_refY_005-raw05-01-nbr-3,dg3_neighbors/images/GP_IIa_22.0mm_closed_R5_single_refY_005-raw05-01-nbr-3.jpg,False
GP_IIa_22.0mm_closed_R5_single_refY_005-raw05-01,GP_IIa_22.0mm_closed_R5_single_refY,GP_IIa_22.0mm_closed_R5_single_refY_005,5,-2,520,raw/GP_IIa_22.0mm_closed_R5_single_refY_005.mp4,GP_IIa_22.0mm_closed_R5_single_refY_005-raw05-01-nbr-2,dg3_neighbors/images/GP_IIa_22.0mm_closed_R5_single_refY_005-raw05-01-nbr-2.jpg,False
GP_IIa_22.0mm_closed_R5_single_refY_005-raw05-01,GP_IIa_22.0mm_closed_R5_single_refY,GP_IIa_22.0mm_closed_R5_single_refY_005,5,-1,521,raw/GP_IIa_22.0mm_closed_R5_single_refY_005.mp4,GP_IIa_22.0mm_closed_R5_single_refY_005-raw05-01-nbr-1,dg3_neighbors/images/GP_IIa_22.0mm_closed_R5_single_refY_005-raw05-01-nbr-1.jpg,False
GP_IIa_22.0mm_closed_R5_single_refY_005-raw05-01,GP_IIa_22.0mm_closed_R5_single_refY,GP_IIa_22.0mm_closed_R5_single_refY_005,5,0,522,raw/GP_IIa_22.0mm_closed_R5_single_refY_005.mp4,GP_IIa_22.0mm_closed_R5_single_refY_005-raw05-01-nbr+0,dg3_neighbors/images/GP_IIa_22.0mm_closed_R5_single_refY_005-raw05-01-nbr+0.jpg,True
GP_IIa_22.0mm_closed_R5_single_refY_005-raw05-01,GP_IIa_22.0mm_closed_R5_single_refY,GP_IIa_22.0mm_closed_R5_single_refY_005,5,1,523,raw/GP_IIa_22.0mm_closed_R5_single_refY_005.mp4,GP_IIa_22.0mm_closed_R5_single_refY_005-raw05-01-nbr+1,dg3_neighbors/images/GP_IIa_22.0mm_closed_R5_single_refY_005-raw05-01-nbr+1.jpg,False
GP_IIa_22.0mm_closed_R5_single_refY_005-raw05-01,GP_IIa_22.0mm_closed_R5_single_refY,GP_IIa_22.0mm_closed_R5_single_refY_005,5,2,524,raw/GP_IIa_22.0mm_closed_R5_single_refY_005.mp4,GP_IIa_22.0mm_closed_R5_single_refY_005-raw05-01-nbr+2,dg3_neighbors/images/GP_IIa_22.0mm_closed_R5_single_refY_005-raw05-01-nbr+2.jpg,False
GP_IIa_22.0mm_closed_R5_single_refY_005-raw05-01,GP_IIa_22.0mm_closed_R5_single_refY,GP_IIa_22.0mm_closed_R5_single_refY_005,5,3,525,raw/GP_IIa_22.0mm_closed_R5_single_refY_005.mp4,GP_IIa_22.0mm_closed_R5_single_refY_005-raw05-01-nbr+3,dg3_neighbors/images/GP_IIa_22.0mm_closed_R5_single_refY_005-raw05-01-nbr+3.jpg,False
GP_IIa_4.5mm_closed_R10_single_refY_004-raw01-11,GP_IIa_4.5mm_closed_R10_single_refY,GP_IIa_4.5mm_closed_R10_single_refY_004,1,-3,128,raw/GP_IIa_4.5mm_closed_R10_single_refY_004.mp4,GP_IIa_4.5mm_closed_R10_single_refY_004-raw01-11-nbr-3,dg3_neighbors/images/GP_IIa_4.5mm_closed_R10_single_refY_004-raw01-11-nbr-3.jpg,False
GP_IIa_4.5mm_closed_R10_single_refY_004-raw01-11,GP_IIa_4.5mm_closed_R10_single_refY,GP_IIa_4.5mm_closed_R10_single_refY_004,1,-2,129,raw/GP_IIa_4.5mm_closed_R10_single_refY_004.mp4,GP_IIa_4.5mm_closed_R10_single_refY_004-raw01-11-nbr-2,dg3_neighbors/images/GP_IIa_4.5mm_closed_R10_single_refY_004-raw01-11-nbr-2.jpg,False
GP_IIa_4.5mm_closed_R10_single_refY_004-raw01-11,GP_IIa_4.5mm_closed_R10_single_refY,GP_IIa_4.5mm_closed_R10_single_refY_004,1,-1,130,raw/GP_IIa_4.5mm_closed_R10_single_refY_004.mp4,GP_IIa_4.5mm_closed_R10_single_refY_004-raw01-11-nbr-1,dg3_neighbors/images/GP_IIa_4.5mm_closed_R10_single_refY_004-raw01-11-nbr-1.jpg,False
GP_IIa_4.5mm_closed_R10_single_refY_004-raw01-11,GP_IIa_4.5mm_closed_R10_single_refY,GP_IIa_4.5mm_closed_R10_single_refY_004,1,0,131,raw/GP_IIa_4.5mm_closed_R10_single_refY_004.mp4,GP_IIa_4.5mm_closed_R10_single_refY_004-raw01-11-nbr+0,dg3_neighbors/images/GP_IIa_4.5mm_closed_R10_single_refY_004-raw01-11-nbr+0.jpg,True
GP_IIa_4.5mm_closed_R10_single_refY_004-raw01-11,GP_IIa_4.5mm_closed_R10_single_refY,GP_IIa_4.5mm_closed_R10_single_refY_004,1,1,132,raw/GP_IIa_4.5mm_closed_R10_single_refY_004.mp4,GP_IIa_4.5mm_closed_R10_single_refY_004-raw01-11-nbr+1,dg3_neighbors/images/GP_IIa_4.5mm_closed_R10_single_refY_004-raw01-11-nbr+1.jpg,False
GP_IIa_4.5mm_closed_R10_single_refY_004-raw01-11,GP_IIa_4.5mm_closed_R10_single_refY,GP_IIa_4.5mm_closed_R10_single_refY_004,1,2,133,raw/GP_IIa_4.5mm_closed_R10_single_refY_004.mp4,GP_IIa_4.5mm_closed_R10_single_refY_004-raw01-11-nbr+2,dg3_neighbors/images/GP_IIa_4.5mm_closed_R10_single_refY_004-raw01-11-nbr+2.jpg,False
GP_IIa_4.5mm_closed_R10_single_refY_004-raw01-11,GP_IIa_4.5mm_closed_R10_single_refY,GP_IIa_4.5mm_closed_R10_single_refY_004,1,3,134,raw/GP_IIa_4.5mm_closed_R10_single_refY_004.mp4,GP_IIa_4.5mm_closed_R10_single_refY_004-raw01-11-nbr+3,dg3_neighbors/images/GP_IIa_4.5mm_closed_R10_single_refY_004-raw01-11-nbr+3.jpg,False
GP_IIa_4.5mm_closed_R10_single_refY_004-raw02-08,GP_IIa_4.5mm_closed_R10_single_refY,GP_IIa_4.5mm_closed_R10_single_refY_004,2,-3,294,raw/GP_IIa_4.5mm_closed_R10_single_refY_004.mp4,GP_IIa_4.5mm_closed_R10_single_refY_004-raw02-08-nbr-3,dg3_neighbors/images/GP_IIa_4.5mm_closed_R10_single_refY_004-raw02-08-nbr-3.jpg,False
GP_IIa_4.5mm_closed_R10_single_refY_004-raw02-08,GP_IIa_4.5mm_closed_R10_single_refY,GP_IIa_4.5mm_closed_R10_single_refY_004,2,-2,295,raw/GP_IIa_4.5mm_closed_R10_single_refY_004.mp4,GP_IIa_4.5mm_closed_R10_single_refY_004-raw02-08-nbr-2,dg3_neighbors/images/GP_IIa_4.5mm_closed_R10_single_refY_004-raw02-08-nbr-2.jpg,False
GP_IIa_4.5mm_closed_R10_single_refY_004-raw02-08,GP_IIa_4.5mm_closed_R10_single_refY,GP_IIa_4.5mm_closed_R10_single_refY_004,2,-1,296,raw/GP_IIa_4.5mm_closed_R10_single_refY_004.mp4,GP_IIa_4.5mm_closed_R10_single_refY_004-raw02-08-nbr-1,dg3_neighbors/images/GP_IIa_4.5mm_closed_R10_single_refY_004-raw02-08-nbr-1.jpg,False
GP_IIa_4.5mm_closed_R10_single_refY_004-raw02-08,GP_IIa_4.5mm_closed_R10_single_refY,GP_IIa_4.5mm_closed_R10_single_refY_004,2,0,297,raw/GP_IIa_4.5mm_closed_R10_single_refY_004.mp4,GP_IIa_4.5mm_closed_R10_single_refY_004-raw02-08-nbr+0,dg3_neighbors/images/GP_IIa_4.5mm_closed_R10_single_refY_004-raw02-08-nbr+0.jpg,True
GP_IIa_4.5mm_closed_R10_single_refY_004-raw02-08,GP_IIa_4.5mm_closed_R10_single_refY,GP_IIa_4.5mm_closed_R10_single_refY_004,2,1,298,raw/GP_IIa_4.5mm_closed_R10_single_refY_004.mp4,GP_IIa_4.5mm_closed_R10_single_refY_004-raw02-08-nbr+1,dg3_neighbors/images/GP_IIa_4.5mm_closed_R10_single_refY_004-raw02-08-nbr+1.jpg,False
GP_IIa_4.5mm_closed_R10_single_refY_004-raw02-08,GP_IIa_4.5mm_closed_R10_single_refY,GP_IIa_4.5mm_closed_R10_single_refY_004,2,2,299,raw/GP_IIa_4.5mm_closed_R10_single_refY_004.mp4,GP_IIa_4.5mm_closed_R10_single_refY_004-raw02-08-nbr+2,dg3_neighbors/images/GP_IIa_4.5mm_closed_R10_single_refY_004-raw02-08-nbr+2.jpg,False
GP_IIa_4.5mm_closed_R10_single_refY_004-raw02-08,GP_IIa_4.5mm_closed_R10_single_refY,GP_IIa_4.5mm_closed_R10_single_refY_004,2,3,300,raw/GP_IIa_4.5mm_closed_R10_single_refY_004.mp4,GP_IIa_4.5mm_closed_R10_single_refY_004-raw02-08-nbr+3,dg3_neighbors/images/GP_IIa_4.5mm_closed_R10_single_refY_004-raw02-08-nbr+3.jpg,False
GP_IIa_4.5mm_closed_R10_single_refY_004-raw03-18,GP_IIa_4.5mm_closed_R10_single_refY,GP_IIa_4.5mm_closed_R10_single_refY_004,3,-3,564,raw/GP_IIa_4.5mm_closed_R10_single_refY_004.mp4,GP_IIa_4.5mm_closed_R10_single_refY_004-raw03-18-nbr-3,dg3_neighbors/images/GP_IIa_4.5mm_closed_R10_single_refY_004-raw03-18-nbr-3.jpg,False
GP_IIa_4.5mm_closed_R10_single_refY_004-raw03-18,GP_IIa_4.5mm_closed_R10_single_refY,GP_IIa_4.5mm_closed_R10_single_refY_004,3,-2,565,raw/GP_IIa_4.5mm_closed_R10_single_refY_004.mp4,GP_IIa_4.5mm_closed_R10_single_refY_004-raw03-18-nbr-2,dg3_neighbors/images/GP_IIa_4.5mm_closed_R10_single_refY_004-raw03-18-nbr-2.jpg,False
GP_IIa_4.5mm_closed_R10_single_refY_004-raw03-18,GP_IIa_4.5mm_closed_R10_single_refY,GP_IIa_4.5mm_closed_R10_single_refY_004,3,-1,566,raw/GP_IIa_4.5mm_closed_R10_single_refY_004.mp4,GP_IIa_4.5mm_closed_R10_single_refY_004-raw03-18-nbr-1,dg3_neighbors/images/GP_IIa_4.5mm_closed_R10_single_refY_004-raw03-18-nbr-1.jpg,False
GP_IIa_4.5mm_closed_R10_single_refY_004-raw03-18,GP_IIa_4.5mm_closed_R10_single_refY,GP_IIa_4.5mm_closed_R10_single_refY_004,3,0,567,raw/GP_IIa_4.5mm_closed_R10_single_refY_004.mp4,GP_IIa_4.5mm_closed_R10_single_refY_004-raw03-18-nbr+0,dg3_neighbors/images/GP_IIa_4.5mm_closed_R10_single_refY_004-raw03-18-nbr+0.jpg,True
GP_IIa_4.5mm_closed_R10_single_refY_004-raw03-18,GP_IIa_4.5mm_closed_R10_single_refY,GP_IIa_4.5mm_closed_R10_single_refY_004,3,1,568,raw/GP_IIa_4.5mm_closed_R10_single_refY_004.mp4,GP_IIa_4.5mm_closed_R10_single_refY_004-raw03-18-nbr+1,dg3_neighbors/images/GP_IIa_4.5mm_closed_R10_single_refY_004-raw03-18-nbr+1.jpg,False
GP_IIa_4.5mm_closed_R10_single_refY_004-raw03-18,GP_IIa_4.5mm_closed_R10_single_refY,GP_IIa_4.5mm_closed_R10_single_refY_004,3,2,569,raw/GP_IIa_4.5mm_closed_R10_single_refY_004.mp4,GP_IIa_4.5mm_closed_R10_single_refY_004-raw03-18-nbr+2,dg3_neighbors/images/GP_IIa_4.5mm_closed_R10_single_refY_004-raw03-18-nbr+2.jpg,False
GP_IIa_4.5mm_closed_R10_single_refY_004-raw03-18,GP_IIa_4.5mm_closed_R10_single_refY,GP_IIa_4.5mm_closed_R10_single_refY_004,3,3,570,raw/GP_IIa_4.5mm_closed_R10_single_refY_004.mp4,GP_IIa_4.5mm_closed_R10_single_refY_004-raw03-18-nbr+3,dg3_neighbors/images/GP_IIa_4.5mm_closed_R10_single_refY_004-raw03-18-nbr+3.jpg,False
GP_IIa_4.5mm_closed_R10_single_refY_004-raw04-04,GP_IIa_4.5mm_closed_R10_single_refY,GP_IIa_4.5mm_closed_R10_single_refY_004,4,-3,643,raw/GP_IIa_4.5mm_closed_R10_single_refY_004.mp4,GP_IIa_4.5mm_closed_R10_single_refY_004-raw04-04-nbr-3,dg3_neighbors/images/GP_IIa_4.5mm_closed_R10_single_refY_004-raw04-04-nbr-3.jpg,False
GP_IIa_4.5mm_closed_R10_single_refY_004-raw04-04,GP_IIa_4.5mm_closed_R10_single_refY,GP_IIa_4.5mm_closed_R10_single_refY_004,4,-2,644,raw/GP_IIa_4.5mm_closed_R10_single_refY_004.mp4,GP_IIa_4.5mm_closed_R10_single_refY_004-raw04-04-nbr-2,dg3_neighbors/images/GP_IIa_4.5mm_closed_R10_single_refY_004-raw04-04-nbr-2.jpg,False
GP_IIa_4.5mm_closed_R10_single_refY_004-raw04-04,GP_IIa_4.5mm_closed_R10_single_refY,GP_IIa_4.5mm_closed_R10_single_refY_004,4,-1,645,raw/GP_IIa_4.5mm_closed_R10_single_refY_004.mp4,GP_IIa_4.5mm_closed_R10_single_refY_004-raw04-04-nbr-1,dg3_neighbors/images/GP_IIa_4.5mm_closed_R10_single_refY_004-raw04-04-nbr-1.jpg,False
GP_IIa_4.5mm_closed_R10_single_refY_004-raw04-04,GP_IIa_4.5mm_closed_R10_single_refY,GP_IIa_4.5mm_closed_R10_single_refY_004,4,0,646,raw/GP_IIa_4.5mm_closed_R10_single_refY_004.mp4,GP_IIa_4.5mm_closed_R10_single_refY_004-raw04-04-nbr+0,dg3_neighbors/images/GP_IIa_4.5mm_closed_R10_single_refY_004-raw04-04-nbr+0.jpg,True
GP_IIa_4.5mm_closed_R10_single_refY_004-raw04-04,GP_IIa_4.5mm_closed_R10_single_refY,GP_IIa_4.5mm_closed_R10_single_refY_004,4,1,647,raw/GP_IIa_4.5mm_closed_R10_single_refY_004.mp4,GP_IIa_4.5mm_closed_R10_single_refY_004-raw04-04-nbr+1,dg3_neighbors/images/GP_IIa_4.5mm_closed_R10_single_refY_004-raw04-04-nbr+1.jpg,False
GP_IIa_4.5mm_closed_R10_single_refY_004-raw04-04,GP_IIa_4.5mm_closed_R10_single_refY,GP_IIa_4.5mm_closed_R10_single_refY_004,4,2,648,raw/GP_IIa_4.5mm_closed_R10_single_refY_004.mp4,GP_IIa_4.5mm_closed_R10_single_refY_004-raw04-04-nbr+2,dg3_neighbors/images/GP_IIa_4.5mm_closed_R10_single_refY_004-raw04-04-nbr+2.jpg,False
GP_IIa_4.5mm_closed_R10_single_refY_004-raw04-04,GP_IIa_4.5mm_closed_R10_single_refY,GP_IIa_4.5mm_closed_R10_single_refY_004,4,3,649,raw/GP_IIa_4.5mm_closed_R10_single_refY_004.mp4,GP_IIa_4.5mm_closed_R10_single_refY_004-raw04-04-nbr+3,dg3_neighbors/images/GP_IIa_4.5mm_closed_R10_single_refY_004-raw04-04-nbr+3.jpg,False
GP_IIa_4.5mm_closed_R10_single_refY_004-raw05-05,GP_IIa_4.5mm_closed_R10_single_refY,GP_IIa_4.5mm_closed_R10_single_refY_004,5,-3,841,raw/GP_IIa_4.5mm_closed_R10_single_refY_004.mp4,GP_IIa_4.5mm_closed_R10_single_refY_004-raw05-05-nbr-3,dg3_neighbors/images/GP_IIa_4.5mm_closed_R10_single_refY_004-raw05-05-nbr-3.jpg,False
GP_IIa_4.5mm_closed_R10_single_refY_004-raw05-05,GP_IIa_4.5mm_closed_R10_single_refY,GP_IIa_4.5mm_closed_R10_single_refY_004,5,-2,842,raw/GP_IIa_4.5mm_closed_R10_single_refY_004.mp4,GP_IIa_4.5mm_closed_R10_single_refY_004-raw05-05-nbr-2,dg3_neighbors/images/GP_IIa_4.5mm_closed_R10_single_refY_004-raw05-05-nbr-2.jpg,False
GP_IIa_4.5mm_closed_R10_single_refY_004-raw05-05,GP_IIa_4.5mm_closed_R10_single_refY,GP_IIa_4.5mm_closed_R10_single_refY_004,5,-1,843,raw/GP_IIa_4.5mm_closed_R10_single_refY_004.mp4,GP_IIa_4.5mm_closed_R10_single_refY_004-raw05-05-nbr-1,dg3_neighbors/images/GP_IIa_4.5mm_closed_R10_single_refY_004-raw05-05-nbr-1.jpg,False
GP_IIa_4.5mm_closed_R10_single_refY_004-raw05-05,GP_IIa_4.5mm_closed_R10_single_refY,GP_IIa_4.5mm_closed_R10_single_refY_004,5,0,844,raw/GP_IIa_4.5mm_closed_R10_single_refY_004.mp4,GP_IIa_4.5mm_closed_R10_single_refY_004-raw05-05-nbr+0,dg3_neighbors/images/GP_IIa_4.5mm_closed_R10_single_refY_004-raw05-05-nbr+0.jpg,True
GP_IIa_4.5mm_closed_R10_single_refY_004-raw05-05,GP_IIa_4.5mm_closed_R10_single_refY,GP_IIa_4.5mm_closed_R10_single_refY_004,5,1,845,raw/GP_IIa_4.5mm_closed_R10_single_refY_004.mp4,GP_IIa_4.5mm_closed_R10_single_refY_004-raw05-05-nbr+1,dg3_neighbors/images/GP_IIa_4.5mm_closed_R10_single_refY_004-raw05-05-nbr+1.jpg,False
GP_IIa_4.5mm_closed_R10_single_refY_004-raw05-05,GP_IIa_4.5mm_closed_R10_single_refY,GP_IIa_4.5mm_closed_R10_single_refY_004,5,2,846,raw/GP_IIa_4.5mm_closed_R10_single_refY_004.mp4,GP_IIa_4.5mm_closed_R10_single_refY_004-raw05-05-nbr+2,dg3_neighbors/images/GP_IIa_4.5mm_closed_R10_single_refY_004-raw05-05-nbr+2.jpg,False
GP_IIa_4.5mm_closed_R10_single_refY_004-raw05-05,GP_IIa_4.5mm_closed_R10_single_refY,GP_IIa_4.5mm_closed_R10_single_refY_004,5,3,847,raw/GP_IIa_4.5mm_closed_R10_single_refY_004.mp4,GP_IIa_4.5mm_closed_R10_single_refY_004-raw05-05-nbr+3,dg3_neighbors/images/GP_IIa_4.5mm_closed_R10_single_refY_004-raw05-05-nbr+3.jpg,False
GP_IIa_4.5mm_closed_R10_single_refY_005-raw01-14,GP_IIa_4.5mm_closed_R10_single_refY,GP_IIa_4.5mm_closed_R10_single_refY_005,1,-3,96,raw/GP_IIa_4.5mm_closed_R10_single_refY_005.mp4,GP_IIa_4.5mm_closed_R10_single_refY_005-raw01-14-nbr-3,dg3_neighbors/images/GP_IIa_4.5mm_closed_R10_single_refY_005-raw01-14-nbr-3.jpg,False
GP_IIa_4.5mm_closed_R10_single_refY_005-raw01-14,GP_IIa_4.5mm_closed_R10_single_refY,GP_IIa_4.5mm_closed_R10_single_refY_005,1,-2,97,raw/GP_IIa_4.5mm_closed_R10_single_refY_005.mp4,GP_IIa_4.5mm_closed_R10_single_refY_005-raw01-14-nbr-2,dg3_neighbors/images/GP_IIa_4.5mm_closed_R10_single_refY_005-raw01-14-nbr-2.jpg,False
GP_IIa_4.5mm_closed_R10_single_refY_005-raw01-14,GP_IIa_4.5mm_closed_R10_single_refY,GP_IIa_4.5mm_closed_R10_single_refY_005,1,-1,98,raw/GP_IIa_4.5mm_closed_R10_single_refY_005.mp4,GP_IIa_4.5mm_closed_R10_single_refY_005-raw01-14-nbr-1,dg3_neighbors/images/GP_IIa_4.5mm_closed_R10_single_refY_005-raw01-14-nbr-1.jpg,False
GP_IIa_4.5mm_closed_R10_single_refY_005-raw01-14,GP_IIa_4.5mm_closed_R10_single_refY,GP_IIa_4.5mm_closed_R10_single_refY_005,1,0,99,raw/GP_IIa_4.5mm_closed_R10_single_refY_005.mp4,GP_IIa_4.5mm_closed_R10_single_refY_005-raw01-14-nbr+0,dg3_neighbors/images/GP_IIa_4.5mm_closed_R10_single_refY_005-raw01-14-nbr+0.jpg,True
GP_IIa_4.5mm_closed_R10_single_refY_005-raw01-14,GP_IIa_4.5mm_closed_R10_single_refY,GP_IIa_4.5mm_closed_R10_single_refY_005,1,1,100,raw/GP_IIa_4.5mm_closed_R10_single_refY_005.mp4,GP_IIa_4.5mm_closed_R10_single_refY_005-raw01-14-nbr+1,dg3_neighbors/images/GP_IIa_4.5mm_closed_R10_single_refY_005-raw01-14-nbr+1.jpg,False
GP_IIa_4.5mm_closed_R10_single_refY_005-raw01-14,GP_IIa_4.5mm_closed_R10_single_refY,GP_IIa_4.5mm_closed_R10_single_refY_005,1,2,101,raw/GP_IIa_4.5mm_closed_R10_single_refY_005.mp4,GP_IIa_4.5mm_closed_R10_single_refY_005-raw01-14-nbr+2,dg3_neighbors/images/GP_IIa_4.5mm_closed_R10_single_refY_005-raw01-14-nbr+2.jpg,False
GP_IIa_4.5mm_closed_R10_single_refY_005-raw01-14,GP_IIa_4.5mm_closed_R10_single_refY,GP_IIa_4.5mm_closed_R10_single_refY_005,1,3,102,raw/GP_IIa_4.5mm_closed_R10_single_refY_005.mp4,GP_IIa_4.5mm_closed_R10_single_refY_005-raw01-14-nbr+3,dg3_neighbors/images/GP_IIa_4.5mm_closed_R10_single_refY_005-raw01-14-nbr+3.jpg,False
GP_IIa_4.5mm_closed_R10_single_refY_005-raw02-24,GP_IIa_4.5mm_closed_R10_single_refY,GP_IIa_4.5mm_closed_R10_single_refY_005,2,-3,269,raw/GP_IIa_4.5mm_closed_R10_single_refY_005.mp4,GP_IIa_4.5mm_closed_R10_single_refY_005-raw02-24-nbr-3,dg3_neighbors/images/GP_IIa_4.5mm_closed_R10_single_refY_005-raw02-24-nbr-3.jpg,False
GP_IIa_4.5mm_closed_R10_single_refY_005-raw02-24,GP_IIa_4.5mm_closed_R10_single_refY,GP_IIa_4.5mm_closed_R10_single_refY_005,2,-2,270,raw/GP_IIa_4.5mm_closed_R10_single_refY_005.mp4,GP_IIa_4.5mm_closed_R10_single_refY_005-raw02-24-nbr-2,dg3_neighbors/images/GP_IIa_4.5mm_closed_R10_single_refY_005-raw02-24-nbr-2.jpg,False
GP_IIa_4.5mm_closed_R10_single_refY_005-raw02-24,GP_IIa_4.5mm_closed_R10_single_refY,GP_IIa_4.5mm_closed_R10_single_refY_005,2,-1,271,raw/GP_IIa_4.5mm_closed_R10_single_refY_005.mp4,GP_IIa_4.5mm_closed_R10_single_refY_005-raw02-24-nbr-1,dg3_neighbors/images/GP_IIa_4.5mm_closed_R10_single_refY_005-raw02-24-nbr-1.jpg,False
GP_IIa_4.5mm_closed_R10_single_refY_005-raw02-24,GP_IIa_4.5mm_closed_R10_single_refY,GP_IIa_4.5mm_closed_R10_single_refY_005,2,0,272,raw/GP_IIa_4.5mm_closed_R10_single_refY_005.mp4,GP_IIa_4.5mm_closed_R10_single_refY_005-raw02-24-nbr+0,dg3_neighbors/images/GP_IIa_4.5mm_closed_R10_single_refY_005-raw02-24-nbr+0.jpg,True
GP_IIa_4.5mm_closed_R10_single_refY_005-raw02-24,GP_IIa_4.5mm_closed_R10_single_refY,GP_IIa_4.5mm_closed_R10_single_refY_005,2,1,273,raw/GP_IIa_4.5mm_closed_R10_single_refY_005.mp4,GP_IIa_4.5mm_closed_R10_single_refY_005-raw02-24-nbr+1,dg3_neighbors/images/GP_IIa_4.5mm_closed_R10_single_refY_005-raw02-24-nbr+1.jpg,False
GP_IIa_4.5mm_closed_R10_single_refY_005-raw02-24,GP_IIa_4.5mm_closed_R10_single_refY,GP_IIa_4.5mm_closed_R10_single_refY_005,2,2,274,raw/GP_IIa_4.5mm_closed_R10_single_refY_005.mp4,GP_IIa_4.5mm_closed_R10_single_refY_005-raw02-24-nbr+2,dg3_neighbors/images/GP_IIa_4.5mm_closed_R10_single_refY_005-raw02-24-nbr+2.jpg,False
GP_IIa_4.5mm_closed_R10_single_refY_005-raw02-24,GP_IIa_4.5mm_closed_R10_single_refY,GP_IIa_4.5mm_closed_R10_single_refY_005,2,3,275,raw/GP_IIa_4.5mm_closed_R10_single_refY_005.mp4,GP_IIa_4.5mm_closed_R10_single_refY_005-raw02-24-nbr+3,dg3_neighbors/images/GP_IIa_4.5mm_closed_R10_single_refY_005-raw02-24-nbr+3.jpg,False
GP_IIa_4.5mm_closed_R10_single_refY_005-raw03-19,GP_IIa_4.5mm_closed_R10_single_refY,GP_IIa_4.5mm_closed_R10_single_refY_005,3,-3,366,raw/GP_IIa_4.5mm_closed_R10_single_refY_005.mp4,GP_IIa_4.5mm_closed_R10_single_refY_005-raw03-19-nbr-3,dg3_neighbors/images/GP_IIa_4.5mm_closed_R10_single_refY_005-raw03-19-nbr-3.jpg,False
GP_IIa_4.5mm_closed_R10_single_refY_005-raw03-19,GP_IIa_4.5mm_closed_R10_single_refY,GP_IIa_4.5mm_closed_R10_single_refY_005,3,-2,367,raw/GP_IIa_4.5mm_closed_R10_single_refY_005.mp4,GP_IIa_4.5mm_closed_R10_single_refY_005-raw03-19-nbr-2,dg3_neighbors/images/GP_IIa_4.5mm_closed_R10_single_refY_005-raw03-19-nbr-2.jpg,False
GP_IIa_4.5mm_closed_R10_single_refY_005-raw03-19,GP_IIa_4.5mm_closed_R10_single_refY,GP_IIa_4.5mm_closed_R10_single_refY_005,3,-1,368,raw/GP_IIa_4.5mm_closed_R10_single_refY_005.mp4,GP_IIa_4.5mm_closed_R10_single_refY_005-raw03-19-nbr-1,dg3_neighbors/images/GP_IIa_4.5mm_closed_R10_single_refY_005-raw03-19-nbr-1.jpg,False
GP_IIa_4.5mm_closed_R10_single_refY_005-raw03-19,GP_IIa_4.5mm_closed_R10_single_refY,GP_IIa_4.5mm_closed_R10_single_refY_005,3,0,369,raw/GP_IIa_4.5mm_closed_R10_single_refY_005.mp4,GP_IIa_4.5mm_closed_R10_single_refY_005-raw03-19-nbr+0,dg3_neighbors/images/GP_IIa_4.5mm_closed_R10_single_refY_005-raw03-19-nbr+0.jpg,True
GP_IIa_4.5mm_closed_R10_single_refY_005-raw03-19,GP_IIa_4.5mm_closed_R10_single_refY,GP_IIa_4.5mm_closed_R10_single_refY_005,3,1,370,raw/GP_IIa_4.5mm_closed_R10_single_refY_005.mp4,GP_IIa_4.5mm_closed_R10_single_refY_005-raw03-19-nbr+1,dg3_neighbors/images/GP_IIa_4.5mm_closed_R10_single_refY_005-raw03-19-nbr+1.jpg,False
GP_IIa_4.5mm_closed_R10_single_refY_005-raw03-19,GP_IIa_4.5mm_closed_R10_single_refY,GP_IIa_4.5mm_closed_R10_single_refY_005,3,2,371,raw/GP_IIa_4.5mm_closed_R10_single_refY_005.mp4,GP_IIa_4.5mm_closed_R10_single_refY_005-raw03-19-nbr+2,dg3_neighbors/images/GP_IIa_4.5mm_closed_R10_single_refY_005-raw03-19-nbr+2.jpg,False
GP_IIa_4.5mm_closed_R10_single_refY_005-raw03-19,GP_IIa_4.5mm_closed_R10_single_refY,GP_IIa_4.5mm_closed_R10_single_refY_005,3,3,372,raw/GP_IIa_4.5mm_closed_R10_single_refY_005.mp4,GP_IIa_4.5mm_closed_R10_single_refY_005-raw03-19-nbr+3,dg3_neighbors/images/GP_IIa_4.5mm_closed_R10_single_refY_005-raw03-19-nbr+3.jpg,False
GP_IIa_4.5mm_closed_R10_single_refY_005-raw04-05,GP_IIa_4.5mm_closed_R10_single_refY,GP_IIa_4.5mm_closed_R10_single_refY_005,4,-3,416,raw/GP_IIa_4.5mm_closed_R10_single_refY_005.mp4,GP_IIa_4.5mm_closed_R10_single_refY_005-raw04-05-nbr-3,dg3_neighbors/images/GP_IIa_4.5mm_closed_R10_single_refY_005-raw04-05-nbr-3.jpg,False
GP_IIa_4.5mm_closed_R10_single_refY_005-raw04-05,GP_IIa_4.5mm_closed_R10_single_refY,GP_IIa_4.5mm_closed_R10_single_refY_005,4,-2,417,raw/GP_IIa_4.5mm_closed_R10_single_refY_005.mp4,GP_IIa_4.5mm_closed_R10_single_refY_005-raw04-05-nbr-2,dg3_neighbors/images/GP_IIa_4.5mm_closed_R10_single_refY_005-raw04-05-nbr-2.jpg,False
GP_IIa_4.5mm_closed_R10_single_refY_005-raw04-05,GP_IIa_4.5mm_closed_R10_single_refY,GP_IIa_4.5mm_closed_R10_single_refY_005,4,-1,418,raw/GP_IIa_4.5mm_closed_R10_single_refY_005.mp4,GP_IIa_4.5mm_closed_R10_single_refY_005-raw04-05-nbr-1,dg3_neighbors/images/GP_IIa_4.5mm_closed_R10_single_refY_005-raw04-05-nbr-1.jpg,False
GP_IIa_4.5mm_closed_R10_single_refY_005-raw04-05,GP_IIa_4.5mm_closed_R10_single_refY,GP_IIa_4.5mm_closed_R10_single_refY_005,4,0,419,raw/GP_IIa_4.5mm_closed_R10_single_refY_005.mp4,GP_IIa_4.5mm_closed_R10_single_refY_005-raw04-05-nbr+0,dg3_neighbors/images/GP_IIa_4.5mm_closed_R10_single_refY_005-raw04-05-nbr+0.jpg,True
GP_IIa_4.5mm_closed_R10_single_refY_005-raw04-05,GP_IIa_4.5mm_closed_R10_single_refY,GP_IIa_4.5mm_closed_R10_single_refY_005,4,1,420,raw/GP_IIa_4.5mm_closed_R10_single_refY_005.mp4,GP_IIa_4.5mm_closed_R10_single_refY_005-raw04-05-nbr+1,dg3_neighbors/images/GP_IIa_4.5mm_closed_R10_single_refY_005-raw04-05-nbr+1.jpg,False
GP_IIa_4.5mm_closed_R10_single_refY_005-raw04-05,GP_IIa_4.5mm_closed_R10_single_refY,GP_IIa_4.5mm_closed_R10_single_refY_005,4,2,421,raw/GP_IIa_4.5mm_closed_R10_single_refY_005.mp4,GP_IIa_4.5mm_closed_R10_single_refY_005-raw04-05-nbr+2,dg3_neighbors/images/GP_IIa_4.5mm_closed_R10_single_refY_005-raw04-05-nbr+2.jpg,False
GP_IIa_4.5mm_closed_R10_single_refY_005-raw04-05,GP_IIa_4.5mm_closed_R10_single_refY,GP_IIa_4.5mm_closed_R10_single_refY_005,4,3,422,raw/GP_IIa_4.5mm_closed_R10_single_refY_005.mp4,GP_IIa_4.5mm_closed_R10_single_refY_005-raw04-05-nbr+3,dg3_neighbors/images/GP_IIa_4.5mm_closed_R10_single_refY_005-raw04-05-nbr+3.jpg,False
GP_IIa_4.5mm_closed_R10_single_refY_005-raw05-21,GP_IIa_4.5mm_closed_R10_single_refY,GP_IIa_4.5mm_closed_R10_single_refY_005,5,-3,622,raw/GP_IIa_4.5mm_closed_R10_single_refY_005.mp4,GP_IIa_4.5mm_closed_R10_single_refY_005-raw05-21-nbr-3,dg3_neighbors/images/GP_IIa_4.5mm_closed_R10_single_refY_005-raw05-21-nbr-3.jpg,False
GP_IIa_4.5mm_closed_R10_single_refY_005-raw05-21,GP_IIa_4.5mm_closed_R10_single_refY,GP_IIa_4.5mm_closed_R10_single_refY_005,5,-2,623,raw/GP_IIa_4.5mm_closed_R10_single_refY_005.mp4,GP_IIa_4.5mm_closed_R10_single_refY_005-raw05-21-nbr-2,dg3_neighbors/images/GP_IIa_4.5mm_closed_R10_single_refY_005-raw05-21-nbr-2.jpg,False
GP_IIa_4.5mm_closed_R10_single_refY_005-raw05-21,GP_IIa_4.5mm_closed_R10_single_refY,GP_IIa_4.5mm_closed_R10_single_refY_005,5,-1,624,raw/GP_IIa_4.5mm_closed_R10_single_refY_005.mp4,GP_IIa_4.5mm_closed_R10_single_refY_005-raw05-21-nbr-1,dg3_neighbors/images/GP_IIa_4.5mm_closed_R10_single_refY_005-raw05-21-nbr-1.jpg,False
GP_IIa_4.5mm_closed_R10_single_refY_005-raw05-21,GP_IIa_4.5mm_closed_R10_single_refY,GP_IIa_4.5mm_closed_R10_single_refY_005,5,0,625,raw/GP_IIa_4.5mm_closed_R10_single_refY_005.mp4,GP_IIa_4.5mm_closed_R10_single_refY_005-raw05-21-nbr+0,dg3_neighbors/images/GP_IIa_4.5mm_closed_R10_single_refY_005-raw05-21-nbr+0.jpg,True
GP_IIa_4.5mm_closed_R10_single_refY_005-raw05-21,GP_IIa_4.5mm_closed_R10_single_refY,GP_IIa_4.5mm_closed_R10_single_refY_005,5,1,626,raw/GP_IIa_4.5mm_closed_R10_single_refY_005.mp4,GP_IIa_4.5mm_closed_R10_single_refY_005-raw05-21-nbr+1,dg3_neighbors/images/GP_IIa_4.5mm_closed_R10_single_refY_005-raw05-21-nbr+1.jpg,False
GP_IIa_4.5mm_closed_R10_single_refY_005-raw05-21,GP_IIa_4.5mm_closed_R10_single_refY,GP_IIa_4.5mm_closed_R10_single_refY_005,5,2,627,raw/GP_IIa_4.5mm_closed_R10_single_refY_005.mp4,GP_IIa_4.5mm_closed_R10_single_refY_005-raw05-21-nbr+2,dg3_neighbors/images/GP_IIa_4.5mm_closed_R10_single_refY_005-raw05-21-nbr+2.jpg,False
GP_IIa_4.5mm_closed_R10_single_refY_005-raw05-21,GP_IIa_4.5mm_closed_R10_single_refY,GP_IIa_4.5mm_closed_R10_single_refY_005,5,3,628,raw/GP_IIa_4.5mm_closed_R10_single_refY_005.mp4,GP_IIa_4.5mm_closed_R10_single_refY_005-raw05-21-nbr+3,dg3_neighbors/images/GP_IIa_4.5mm_closed_R10_single_refY_005-raw05-21-nbr+3.jpg,False
GP_IIa_5.2mm_closed_R10_single_refY_001-raw01-23,GP_IIa_5.2mm_closed_R10_single_refY,GP_IIa_5.2mm_closed_R10_single_refY_001,1,-3,184,raw/GP_IIa_5.2mm_closed_R10_single_refY_001.mp4,GP_IIa_5.2mm_closed_R10_single_refY_001-raw01-23-nbr-3,dg3_neighbors/images/GP_IIa_5.2mm_closed_R10_single_refY_001-raw01-23-nbr-3.jpg,False
GP_IIa_5.2mm_closed_R10_single_refY_001-raw01-23,GP_IIa_5.2mm_closed_R10_single_refY,GP_IIa_5.2mm_closed_R10_single_refY_001,1,-2,185,raw/GP_IIa_5.2mm_closed_R10_single_refY_001.mp4,GP_IIa_5.2mm_closed_R10_single_refY_001-raw01-23-nbr-2,dg3_neighbors/images/GP_IIa_5.2mm_closed_R10_single_refY_001-raw01-23-nbr-2.jpg,False
GP_IIa_5.2mm_closed_R10_single_refY_001-raw01-23,GP_IIa_5.2mm_closed_R10_single_refY,GP_IIa_5.2mm_closed_R10_single_refY_001,1,-1,186,raw/GP_IIa_5.2mm_closed_R10_single_refY_001.mp4,GP_IIa_5.2mm_closed_R10_single_refY_001-raw01-23-nbr-1,dg3_neighbors/images/GP_IIa_5.2mm_closed_R10_single_refY_001-raw01-23-nbr-1.jpg,False
GP_IIa_5.2mm_closed_R10_single_refY_001-raw01-23,GP_IIa_5.2mm_closed_R10_single_refY,GP_IIa_5.2mm_closed_R10_single_refY_001,1,0,187,raw/GP_IIa_5.2mm_closed_R10_single_refY_001.mp4,GP_IIa_5.2mm_closed_R10_single_refY_001-raw01-23-nbr+0,dg3_neighbors/images/GP_IIa_5.2mm_closed_R10_single_refY_001-raw01-23-nbr+0.jpg,True
GP_IIa_5.2mm_closed_R10_single_refY_001-raw01-23,GP_IIa_5.2mm_closed_R10_single_refY,GP_IIa_5.2mm_closed_R10_single_refY_001,1,1,188,raw/GP_IIa_5.2mm_closed_R10_single_refY_001.mp4,GP_IIa_5.2mm_closed_R10_single_refY_001-raw01-23-nbr+1,dg3_neighbors/images/GP_IIa_5.2mm_closed_R10_single_refY_001-raw01-23-nbr+1.jpg,False
GP_IIa_5.2mm_closed_R10_single_refY_001-raw01-23,GP_IIa_5.2mm_closed_R10_single_refY,GP_IIa_5.2mm_closed_R10_single_refY_001,1,2,189,raw/GP_IIa_5.2mm_closed_R10_single_refY_001.mp4,GP_IIa_5.2mm_closed_R10_single_refY_001-raw01-23-nbr+2,dg3_neighbors/images/GP_IIa_5.2mm_closed_R10_single_refY_001-raw01-23-nbr+2.jpg,False
GP_IIa_5.2mm_closed_R10_single_refY_001-raw01-23,GP_IIa_5.2mm_closed_R10_single_refY,GP_IIa_5.2mm_closed_R10_single_refY_001,1,3,190,raw/GP_IIa_5.2mm_closed_R10_single_refY_001.mp4,GP_IIa_5.2mm_closed_R10_single_refY_001-raw01-23-nbr+3,dg3_neighbors/images/GP_IIa_5.2mm_closed_R10_single_refY_001-raw01-23-nbr+3.jpg,False
GP_IIa_5.2mm_closed_R10_single_refY_001-raw02-19,GP_IIa_5.2mm_closed_R10_single_refY,GP_IIa_5.2mm_closed_R10_single_refY_001,2,-3,315,raw/GP_IIa_5.2mm_closed_R10_single_refY_001.mp4,GP_IIa_5.2mm_closed_R10_single_refY_001-raw02-19-nbr-3,dg3_neighbors/images/GP_IIa_5.2mm_closed_R10_single_refY_001-raw02-19-nbr-3.jpg,False
GP_IIa_5.2mm_closed_R10_single_refY_001-raw02-19,GP_IIa_5.2mm_closed_R10_single_refY,GP_IIa_5.2mm_closed_R10_single_refY_001,2,-2,316,raw/GP_IIa_5.2mm_closed_R10_single_refY_001.mp4,GP_IIa_5.2mm_closed_R10_single_refY_001-raw02-19-nbr-2,dg3_neighbors/images/GP_IIa_5.2mm_closed_R10_single_refY_001-raw02-19-nbr-2.jpg,False
GP_IIa_5.2mm_closed_R10_single_refY_001-raw02-19,GP_IIa_5.2mm_closed_R10_single_refY,GP_IIa_5.2mm_closed_R10_single_refY_001,2,-1,317,raw/GP_IIa_5.2mm_closed_R10_single_refY_001.mp4,GP_IIa_5.2mm_closed_R10_single_refY_001-raw02-19-nbr-1,dg3_neighbors/images/GP_IIa_5.2mm_closed_R10_single_refY_001-raw02-19-nbr-1.jpg,False
GP_IIa_5.2mm_closed_R10_single_refY_001-raw02-19,GP_IIa_5.2mm_closed_R10_single_refY,GP_IIa_5.2mm_closed_R10_single_refY_001,2,0,318,raw/GP_IIa_5.2mm_closed_R10_single_refY_001.mp4,GP_IIa_5.2mm_closed_R10_single_refY_001-raw02-19-nbr+0,dg3_neighbors/images/GP_IIa_5.2mm_closed_R10_single_refY_001-raw02-19-nbr+0.jpg,True
GP_IIa_5.2mm_closed_R10_single_refY_001-raw02-19,GP_IIa_5.2mm_closed_R10_single_refY,GP_IIa_5.2mm_closed_R10_single_refY_001,2,1,319,raw/GP_IIa_5.2mm_closed_R10_single_refY_001.mp4,GP_IIa_5.2mm_closed_R10_single_refY_001-raw02-19-nbr+1,dg3_neighbors/images/GP_IIa_5.2mm_closed_R10_single_refY_001-raw02-19-nbr+1.jpg,False
GP_IIa_5.2mm_closed_R10_single_refY_001-raw02-19,GP_IIa_5.2mm_closed_R10_single_refY,GP_IIa_5.2mm_closed_R10_single_refY_001,2,2,320,raw/GP_IIa_5.2mm_closed_R10_single_refY_001.mp4,GP_IIa_5.2mm_closed_R10_single_refY_001-raw02-19-nbr+2,dg3_neighbors/images/GP_IIa_5.2mm_closed_R10_single_refY_001-raw02-19-nbr+2.jpg,False
GP_IIa_5.2mm_closed_R10_single_refY_001-raw02-19,GP_IIa_5.2mm_closed_R10_single_refY,GP_IIa_5.2mm_closed_R10_single_refY_001,2,3,321,raw/GP_IIa_5.2mm_closed_R10_single_refY_001.mp4,GP_IIa_5.2mm_closed_R10_single_refY_001-raw02-19-nbr+3,dg3_neighbors/images/GP_IIa_5.2mm_closed_R10_single_refY_001-raw02-19-nbr+3.jpg,False
GP_IIa_5.2mm_closed_R10_single_refY_001-raw03-09,GP_IIa_5.2mm_closed_R10_single_refY,GP_IIa_5.2mm_closed_R10_single_refY_001,3,-3,406,raw/GP_IIa_5.2mm_closed_R10_single_refY_001.mp4,GP_IIa_5.2mm_closed_R10_single_refY_001-raw03-09-nbr-3,dg3_neighbors/images/GP_IIa_5.2mm_closed_R10_single_refY_001-raw03-09-nbr-3.jpg,False
GP_IIa_5.2mm_closed_R10_single_refY_001-raw03-09,GP_IIa_5.2mm_closed_R10_single_refY,GP_IIa_5.2mm_closed_R10_single_refY_001,3,-2,407,raw/GP_IIa_5.2mm_closed_R10_single_refY_001.mp4,GP_IIa_5.2mm_closed_R10_single_refY_001-raw03-09-nbr-2,dg3_neighbors/images/GP_IIa_5.2mm_closed_R10_single_refY_001-raw03-09-nbr-2.jpg,False
GP_IIa_5.2mm_closed_R10_single_refY_001-raw03-09,GP_IIa_5.2mm_closed_R10_single_refY,GP_IIa_5.2mm_closed_R10_single_refY_001,3,-1,408,raw/GP_IIa_5.2mm_closed_R10_single_refY_001.mp4,GP_IIa_5.2mm_closed_R10_single_refY_001-raw03-09-nbr-1,dg3_neighbors/images/GP_IIa_5.2mm_closed_R10_single_refY_001-raw03-09-nbr-1.jpg,False
GP_IIa_5.2mm_closed_R10_single_refY_001-raw03-09,GP_IIa_5.2mm_closed_R10_single_refY,GP_IIa_5.2mm_closed_R10_single_refY_001,3,0,409,raw/GP_IIa_5.2mm_closed_R10_single_refY_001.mp4,GP_IIa_5.2mm_closed_R10_single_refY_001-raw03-09-nbr+0,dg3_neighbors/images/GP_IIa_5.2mm_closed_R10_single_refY_001-raw03-09-nbr+0.jpg,True
GP_IIa_5.2mm_closed_R10_single_refY_001-raw03-09,GP_IIa_5.2mm_closed_R10_single_refY,GP_IIa_5.2mm_closed_R10_single_refY_001,3,1,410,raw/GP_IIa_5.2mm_closed_R10_single_refY_001.mp4,GP_IIa_5.2mm_closed_R10_single_refY_001-raw03-09-nbr+1,dg3_neighbors/images/GP_IIa_5.2mm_closed_R10_single_refY_001-raw03-09-nbr+1.jpg,False
GP_IIa_5.2mm_closed_R10_single_refY_001-raw03-09,GP_IIa_5.2mm_closed_R10_single_refY,GP_IIa_5.2mm_closed_R10_single_refY_001,3,2,411,raw/GP_IIa_5.2mm_closed_R10_single_refY_001.mp4,GP_IIa_5.2mm_closed_R10_single_refY_001-raw03-09-nbr+2,dg3_neighbors/images/GP_IIa_5.2mm_closed_R10_single_refY_001-raw03-09-nbr+2.jpg,False
GP_IIa_5.2mm_closed_R10_single_refY_001-raw03-09,GP_IIa_5.2mm_closed_R10_single_refY,GP_IIa_5.2mm_closed_R10_single_refY_001,3,3,412,raw/GP_IIa_5.2mm_closed_R10_single_refY_001.mp4,GP_IIa_5.2mm_closed_R10_single_refY_001-raw03-09-nbr+3,dg3_neighbors/images/GP_IIa_5.2mm_closed_R10_single_refY_001-raw03-09-nbr+3.jpg,False
GP_IIa_5.2mm_closed_R10_single_refY_001-raw04-17,GP_IIa_5.2mm_closed_R10_single_refY,GP_IIa_5.2mm_closed_R10_single_refY_001,4,-3,616,raw/GP_IIa_5.2mm_closed_R10_single_refY_001.mp4,GP_IIa_5.2mm_closed_R10_single_refY_001-raw04-17-nbr-3,dg3_neighbors/images/GP_IIa_5.2mm_closed_R10_single_refY_001-raw04-17-nbr-3.jpg,False
GP_IIa_5.2mm_closed_R10_single_refY_001-raw04-17,GP_IIa_5.2mm_closed_R10_single_refY,GP_IIa_5.2mm_closed_R10_single_refY_001,4,-2,617,raw/GP_IIa_5.2mm_closed_R10_single_refY_001.mp4,GP_IIa_5.2mm_closed_R10_single_refY_001-raw04-17-nbr-2,dg3_neighbors/images/GP_IIa_5.2mm_closed_R10_single_refY_001-raw04-17-nbr-2.jpg,False
GP_IIa_5.2mm_closed_R10_single_refY_001-raw04-17,GP_IIa_5.2mm_closed_R10_single_refY,GP_IIa_5.2mm_closed_R10_single_refY_001,4,-1,618,raw/GP_IIa_5.2mm_closed_R10_single_refY_001.mp4,GP_IIa_5.2mm_closed_R10_single_refY_001-raw04-17-nbr-1,dg3_neighbors/images/GP_IIa_5.2mm_closed_R10_single_refY_001-raw04-17-nbr-1.jpg,False
GP_IIa_5.2mm_closed_R10_single_refY_001-raw04-17,GP_IIa_5.2mm_closed_R10_single_refY,GP_IIa_5.2mm_closed_R10_single_refY_001,4,0,619,raw/GP_IIa_5.2mm_closed_R10_single_refY_001.mp4,GP_IIa_5.2mm_closed_R10_single_refY_001-raw04-17-nbr+0,dg3_neighbors/images/GP_IIa_5.2mm_closed_R10_single_refY_001-raw04-17-nbr+0.jpg,True
GP_IIa_5.2mm_closed_R10_single_refY_001-raw04-17,GP_IIa_5.2mm_closed_R10_single_refY,GP_IIa_5.2mm_closed_R10_single_refY_001,4,1,620,raw/GP_IIa_5.2mm_closed_R10_single_refY_001.mp4,GP_IIa_5.2mm_closed_R10_single_refY_001-raw04-17-nbr+1,dg3_neighbors/images/GP_IIa_5.2mm_closed_R10_single_refY_001-raw04-17-nbr+1.jpg,False
GP_IIa_5.2mm_closed_R10_single_refY_001-raw04-17,GP_IIa_5.2mm_closed_R10_single_refY,GP_IIa_5.2mm_closed_R10_single_refY_001,4,2,621,raw/GP_IIa_5.2mm_closed_R10_single_refY_001.mp4,GP_IIa_5.2mm_closed_R10_single_refY_001-raw04-17-nbr+2,dg3_neighbors/images/GP_IIa_5.2mm_closed_R10_single_refY_001-raw04-17-nbr+2.jpg,False
GP_IIa_5.2mm_closed_R10_single_refY_001-raw04-17,GP_IIa_5.2mm_closed_R10_single_refY,GP_IIa_5.2mm_closed_R10_single_refY_001,4,3,622,raw/GP_IIa_5.2mm_closed_R10_single_refY_001.mp4,GP_IIa_5.2mm_closed_R10_single_refY_001-raw04-17-nbr+3,dg3_neighbors/images/GP_IIa_5.2mm_closed_R10_single_refY_001-raw04-17-nbr+3.jpg,False
GP_IIa_5.2mm_closed_R10_single_refY_001-raw05-15,GP_IIa_5.2mm_closed_R10_single_refY,GP_IIa_5.2mm_closed_R10_single_refY_001,5,-3,761,raw/GP_IIa_5.2mm_closed_R10_single_refY_001.mp4,GP_IIa_5.2mm_closed_R10_single_refY_001-raw05-15-nbr-3,dg3_neighbors/images/GP_IIa_5.2mm_closed_R10_single_refY_001-raw05-15-nbr-3.jpg,False
GP_IIa_5.2mm_closed_R10_single_refY_001-raw05-15,GP_IIa_5.2mm_closed_R10_single_refY,GP_IIa_5.2mm_closed_R10_single_refY_001,5,-2,762,raw/GP_IIa_5.2mm_closed_R10_single_refY_001.mp4,GP_IIa_5.2mm_closed_R10_single_refY_001-raw05-15-nbr-2,dg3_neighbors/images/GP_IIa_5.2mm_closed_R10_single_refY_001-raw05-15-nbr-2.jpg,False
GP_IIa_5.2mm_closed_R10_single_refY_001-raw05-15,GP_IIa_5.2mm_closed_R10_single_refY,GP_IIa_5.2mm_closed_R10_single_refY_001,5,-1,763,raw/GP_IIa_5.2mm_closed_R10_single_refY_001.mp4,GP_IIa_5.2mm_closed_R10_single_refY_001-raw05-15-nbr-1,dg3_neighbors/images/GP_IIa_5.2mm_closed_R10_single_refY_001-raw05-15-nbr-1.jpg,False
GP_IIa_5.2mm_closed_R10_single_refY_001-raw05-15,GP_IIa_5.2mm_closed_R10_single_refY,GP_IIa_5.2mm_closed_R10_single_refY_001,5,0,764,raw/GP_IIa_5.2mm_closed_R10_single_refY_001.mp4,GP_IIa_5.2mm_closed_R10_single_refY_001-raw05-15-nbr+0,dg3_neighbors/images/GP_IIa_5.2mm_closed_R10_single_refY_001-raw05-15-nbr+0.jpg,True
GP_IIa_5.2mm_closed_R10_single_refY_001-raw05-15,GP_IIa_5.2mm_closed_R10_single_refY,GP_IIa_5.2mm_closed_R10_single_refY_001,5,1,765,raw/GP_IIa_5.2mm_closed_R10_single_refY_001.mp4,GP_IIa_5.2mm_closed_R10_single_refY_001-raw05-15-nbr+1,dg3_neighbors/images/GP_IIa_5.2mm_closed_R10_single_refY_001-raw05-15-nbr+1.jpg,False
GP_IIa_5.2mm_closed_R10_single_refY_001-raw05-15,GP_IIa_5.2mm_closed_R10_single_refY,GP_IIa_5.2mm_closed_R10_single_refY_001,5,2,766,raw/GP_IIa_5.2mm_closed_R10_single_refY_001.mp4,GP_IIa_5.2mm_closed_R10_single_refY_001-raw05-15-nbr+2,dg3_neighbors/images/GP_IIa_5.2mm_closed_R10_single_refY_001-raw05-15-nbr+2.jpg,False
GP_IIa_5.2mm_closed_R10_single_refY_001-raw05-15,GP_IIa_5.2mm_closed_R10_single_refY,GP_IIa_5.2mm_closed_R10_single_refY_001,5,3,767,raw/GP_IIa_5.2mm_closed_R10_single_refY_001.mp4,GP_IIa_5.2mm_closed_R10_single_refY_001-raw05-15-nbr+3,dg3_neighbors/images/GP_IIa_5.2mm_closed_R10_single_refY_001-raw05-15-nbr+3.jpg,False
GP_IIa_5.2mm_closed_R10_single_refY_004-raw01-12,GP_IIa_5.2mm_closed_R10_single_refY,GP_IIa_5.2mm_closed_R10_single_refY_004,1,-3,133,raw/GP_IIa_5.2mm_closed_R10_single_refY_004.mp4,GP_IIa_5.2mm_closed_R10_single_refY_004-raw01-12-nbr-3,dg3_neighbors/images/GP_IIa_5.2mm_closed_R10_single_refY_004-raw01-12-nbr-3.jpg,False
GP_IIa_5.2mm_closed_R10_single_refY_004-raw01-12,GP_IIa_5.2mm_closed_R10_single_refY,GP_IIa_5.2mm_closed_R10_single_refY_004,1,-2,134,raw/GP_IIa_5.2mm_closed_R10_single_refY_004.mp4,GP_IIa_5.2mm_closed_R10_single_refY_004-raw01-12-nbr-2,dg3_neighbors/images/GP_IIa_5.2mm_closed_R10_single_refY_004-raw01-12-nbr-2.jpg,False
GP_IIa_5.2mm_closed_R10_single_refY_004-raw01-12,GP_IIa_5.2mm_closed_R10_single_refY,GP_IIa_5.2mm_closed_R10_single_refY_004,1,-1,135,raw/GP_IIa_5.2mm_closed_R10_single_refY_004.mp4,GP_IIa_5.2mm_closed_R10_single_refY_004-raw01-12-nbr-1,dg3_neighbors/images/GP_IIa_5.2mm_closed_R10_single_refY_004-raw01-12-nbr-1.jpg,False
GP_IIa_5.2mm_closed_R10_single_refY_004-raw01-12,GP_IIa_5.2mm_closed_R10_single_refY,GP_IIa_5.2mm_closed_R10_single_refY_004,1,0,136,raw/GP_IIa_5.2mm_closed_R10_single_refY_004.mp4,GP_IIa_5.2mm_closed_R10_single_refY_004-raw01-12-nbr+0,dg3_neighbors/images/GP_IIa_5.2mm_closed_R10_single_refY_004-raw01-12-nbr+0.jpg,True
GP_IIa_5.2mm_closed_R10_single_refY_004-raw01-12,GP_IIa_5.2mm_closed_R10_single_refY,GP_IIa_5.2mm_closed_R10_single_refY_004,1,1,137,raw/GP_IIa_5.2mm_closed_R10_single_refY_004.mp4,GP_IIa_5.2mm_closed_R10_single_refY_004-raw01-12-nbr+1,dg3_neighbors/images/GP_IIa_5.2mm_closed_R10_single_refY_004-raw01-12-nbr+1.jpg,False
GP_IIa_5.2mm_closed_R10_single_refY_004-raw01-12,GP_IIa_5.2mm_closed_R10_single_refY,GP_IIa_5.2mm_closed_R10_single_refY_004,1,2,138,raw/GP_IIa_5.2mm_closed_R10_single_refY_004.mp4,GP_IIa_5.2mm_closed_R10_single_refY_004-raw01-12-nbr+2,dg3_neighbors/images/GP_IIa_5.2mm_closed_R10_single_refY_004-raw01-12-nbr+2.jpg,False
GP_IIa_5.2mm_closed_R10_single_refY_004-raw01-12,GP_IIa_5.2mm_closed_R10_single_refY,GP_IIa_5.2mm_closed_R10_single_refY_004,1,3,139,raw/GP_IIa_5.2mm_closed_R10_single_refY_004.mp4,GP_IIa_5.2mm_closed_R10_single_refY_004-raw01-12-nbr+3,dg3_neighbors/images/GP_IIa_5.2mm_closed_R10_single_refY_004-raw01-12-nbr+3.jpg,False
GP_IIa_5.2mm_closed_R10_single_refY_004-raw02-01,GP_IIa_5.2mm_closed_R10_single_refY,GP_IIa_5.2mm_closed_R10_single_refY_004,2,-3,233,raw/GP_IIa_5.2mm_closed_R10_single_refY_004.mp4,GP_IIa_5.2mm_closed_R10_single_refY_004-raw02-01-nbr-3,dg3_neighbors/images/GP_IIa_5.2mm_closed_R10_single_refY_004-raw02-01-nbr-3.jpg,False
GP_IIa_5.2mm_closed_R10_single_refY_004-raw02-01,GP_IIa_5.2mm_closed_R10_single_refY,GP_IIa_5.2mm_closed_R10_single_refY_004,2,-2,234,raw/GP_IIa_5.2mm_closed_R10_single_refY_004.mp4,GP_IIa_5.2mm_closed_R10_single_refY_004-raw02-01-nbr-2,dg3_neighbors/images/GP_IIa_5.2mm_closed_R10_single_refY_004-raw02-01-nbr-2.jpg,False
GP_IIa_5.2mm_closed_R10_single_refY_004-raw02-01,GP_IIa_5.2mm_closed_R10_single_refY,GP_IIa_5.2mm_closed_R10_single_refY_004,2,-1,235,raw/GP_IIa_5.2mm_closed_R10_single_refY_004.mp4,GP_IIa_5.2mm_closed_R10_single_refY_004-raw02-01-nbr-1,dg3_neighbors/images/GP_IIa_5.2mm_closed_R10_single_refY_004-raw02-01-nbr-1.jpg,False
GP_IIa_5.2mm_closed_R10_single_refY_004-raw02-01,GP_IIa_5.2mm_closed_R10_single_refY,GP_IIa_5.2mm_closed_R10_single_refY_004,2,0,236,raw/GP_IIa_5.2mm_closed_R10_single_refY_004.mp4,GP_IIa_5.2mm_closed_R10_single_refY_004-raw02-01-nbr+0,dg3_neighbors/images/GP_IIa_5.2mm_closed_R10_single_refY_004-raw02-01-nbr+0.jpg,True
GP_IIa_5.2mm_closed_R10_single_refY_004-raw02-01,GP_IIa_5.2mm_closed_R10_single_refY,GP_IIa_5.2mm_closed_R10_single_refY_004,2,1,237,raw/GP_IIa_5.2mm_closed_R10_single_refY_004.mp4,GP_IIa_5.2mm_closed_R10_single_refY_004-raw02-01-nbr+1,dg3_neighbors/images/GP_IIa_5.2mm_closed_R10_single_refY_004-raw02-01-nbr+1.jpg,False
GP_IIa_5.2mm_closed_R10_single_refY_004-raw02-01,GP_IIa_5.2mm_closed_R10_single_refY,GP_IIa_5.2mm_closed_R10_single_refY_004,2,2,238,raw/GP_IIa_5.2mm_closed_R10_single_refY_004.mp4,GP_IIa_5.2mm_closed_R10_single_refY_004-raw02-01-nbr+2,dg3_neighbors/images/GP_IIa_5.2mm_closed_R10_single_refY_004-raw02-01-nbr+2.jpg,False
GP_IIa_5.2mm_closed_R10_single_refY_004-raw02-01,GP_IIa_5.2mm_closed_R10_single_refY,GP_IIa_5.2mm_closed_R10_single_refY_004,2,3,239,raw/GP_IIa_5.2mm_closed_R10_single_refY_004.mp4,GP_IIa_5.2mm_closed_R10_single_refY_004-raw02-01-nbr+3,dg3_neighbors/images/GP_IIa_5.2mm_closed_R10_single_refY_004-raw02-01-nbr+3.jpg,False
GP_IIa_5.2mm_closed_R10_single_refY_004-raw03-23,GP_IIa_5.2mm_closed_R10_single_refY,GP_IIa_5.2mm_closed_R10_single_refY_004,3,-3,588,raw/GP_IIa_5.2mm_closed_R10_single_refY_004.mp4,GP_IIa_5.2mm_closed_R10_single_refY_004-raw03-23-nbr-3,dg3_neighbors/images/GP_IIa_5.2mm_closed_R10_single_refY_004-raw03-23-nbr-3.jpg,False
GP_IIa_5.2mm_closed_R10_single_refY_004-raw03-23,GP_IIa_5.2mm_closed_R10_single_refY,GP_IIa_5.2mm_closed_R10_single_refY_004,3,-2,589,raw/GP_IIa_5.2mm_closed_R10_single_refY_004.mp4,GP_IIa_5.2mm_closed_R10_single_refY_004-raw03-23-nbr-2,dg3_neighbors/images/GP_IIa_5.2mm_closed_R10_single_refY_004-raw03-23-nbr-2.jpg,False
GP_IIa_5.2mm_closed_R10_single_refY_004-raw03-23,GP_IIa_5.2mm_closed_R10_single_refY,GP_IIa_5.2mm_closed_R10_single_refY_004,3,-1,590,raw/GP_IIa_5.2mm_closed_R10_single_refY_004.mp4,GP_IIa_5.2mm_closed_R10_single_refY_004-raw03-23-nbr-1,dg3_neighbors/images/GP_IIa_5.2mm_closed_R10_single_refY_004-raw03-23-nbr-1.jpg,False
GP_IIa_5.2mm_closed_R10_single_refY_004-raw03-23,GP_IIa_5.2mm_closed_R10_single_refY,GP_IIa_5.2mm_closed_R10_single_refY_004,3,0,591,raw/GP_IIa_5.2mm_closed_R10_single_refY_004.mp4,GP_IIa_5.2mm_closed_R10_single_refY_004-raw03-23-nbr+0,dg3_neighbors/images/GP_IIa_5.2mm_closed_R10_single_refY_004-raw03-23-nbr+0.jpg,True
GP_IIa_5.2mm_closed_R10_single_refY_004-raw03-23,GP_IIa_5.2mm_closed_R10_single_refY,GP_IIa_5.2mm_closed_R10_single_refY_004,3,1,592,raw/GP_IIa_5.2mm_closed_R10_single_refY_004.mp4,GP_IIa_5.2mm_closed_R10_single_refY_004-raw03-23-nbr+1,dg3_neighbors/images/GP_IIa_5.2mm_closed_R10_single_refY_004-raw03-23-nbr+1.jpg,False
GP_IIa_5.2mm_closed_R10_single_refY_004-raw03-23,GP_IIa_5.2mm_closed_R10_single_refY,GP_IIa_5.2mm_closed_R10_single_refY_004,3,2,593,raw/GP_IIa_5.2mm_closed_R10_single_refY_004.mp4,GP_IIa_5.2mm_closed_R10_single_refY_004-raw03-23-nbr+2,dg3_neighbors/images/GP_IIa_5.2mm_closed_R10_single_refY_004-raw03-23-nbr+2.jpg,False
GP_IIa_5.2mm_closed_R10_single_refY_004-raw03-23,GP_IIa_5.2mm_closed_R10_single_refY,GP_IIa_5.2mm_closed_R10_single_refY_004,3,3,594,raw/GP_IIa_5.2mm_closed_R10_single_refY_004.mp4,GP_IIa_5.2mm_closed_R10_single_refY_004-raw03-23-nbr+3,dg3_neighbors/images/GP_IIa_5.2mm_closed_R10_single_refY_004-raw03-23-nbr+3.jpg,False
GP_IIa_5.2mm_closed_R10_single_refY_004-raw04-06,GP_IIa_5.2mm_closed_R10_single_refY,GP_IIa_5.2mm_closed_R10_single_refY_004,4,-3,642,raw/GP_IIa_5.2mm_closed_R10_single_refY_004.mp4,GP_IIa_5.2mm_closed_R10_single_refY_004-raw04-06-nbr-3,dg3_neighbors/images/GP_IIa_5.2mm_closed_R10_single_refY_004-raw04-06-nbr-3.jpg,False
GP_IIa_5.2mm_closed_R10_single_refY_004-raw04-06,GP_IIa_5.2mm_closed_R10_single_refY,GP_IIa_5.2mm_closed_R10_single_refY_004,4,-2,643,raw/GP_IIa_5.2mm_closed_R10_single_refY_004.mp4,GP_IIa_5.2mm_closed_R10_single_refY_004-raw04-06-nbr-2,dg3_neighbors/images/GP_IIa_5.2mm_closed_R10_single_refY_004-raw04-06-nbr-2.jpg,False
GP_IIa_5.2mm_closed_R10_single_refY_004-raw04-06,GP_IIa_5.2mm_closed_R10_single_refY,GP_IIa_5.2mm_closed_R10_single_refY_004,4,-1,644,raw/GP_IIa_5.2mm_closed_R10_single_refY_004.mp4,GP_IIa_5.2mm_closed_R10_single_refY_004-raw04-06-nbr-1,dg3_neighbors/images/GP_IIa_5.2mm_closed_R10_single_refY_004-raw04-06-nbr-1.jpg,False
GP_IIa_5.2mm_closed_R10_single_refY_004-raw04-06,GP_IIa_5.2mm_closed_R10_single_refY,GP_IIa_5.2mm_closed_R10_single_refY_004,4,0,645,raw/GP_IIa_5.2mm_closed_R10_single_refY_004.mp4,GP_IIa_5.2mm_closed_R10_single_refY_004-raw04-06-nbr+0,dg3_neighbors/images/GP_IIa_5.2mm_closed_R10_single_refY_004-raw04-06-nbr+0.jpg,True
GP_IIa_5.2mm_closed_R10_single_refY_004-raw04-06,GP_IIa_5.2mm_closed_R10_single_refY,GP_IIa_5.2mm_closed_R10_single_refY_004,4,1,646,raw/GP_IIa_5.2mm_closed_R10_single_refY_004.mp4,GP_IIa_5.2mm_closed_R10_single_refY_004-raw04-06-nbr+1,dg3_neighbors/images/GP_IIa_5.2mm_closed_R10_single_refY_004-raw04-06-nbr+1.jpg,False
GP_IIa_5.2mm_closed_R10_single_refY_004-raw04-06,GP_IIa_5.2mm_closed_R10_single_refY,GP_IIa_5.2mm_closed_R10_single_refY_004,4,2,647,raw/GP_IIa_5.2mm_closed_R10_single_refY_004.mp4,GP_IIa_5.2mm_closed_R10_single_refY_004-raw04-06-nbr+2,dg3_neighbors/images/GP_IIa_5.2mm_closed_R10_single_refY_004-raw04-06-nbr+2.jpg,False
GP_IIa_5.2mm_closed_R10_single_refY_004-raw04-06,GP_IIa_5.2mm_closed_R10_single_refY,GP_IIa_5.2mm_closed_R10_single_refY_004,4,3,648,raw/GP_IIa_5.2mm_closed_R10_single_refY_004.mp4,GP_IIa_5.2mm_closed_R10_single_refY_004-raw04-06-nbr+3,dg3_neighbors/images/GP_IIa_5.2mm_closed_R10_single_refY_004-raw04-06-nbr+3.jpg,False
GP_IIa_5.2mm_closed_R10_single_refY_004-raw05-04,GP_IIa_5.2mm_closed_R10_single_refY,GP_IIa_5.2mm_closed_R10_single_refY_004,5,-3,811,raw/GP_IIa_5.2mm_closed_R10_single_refY_004.mp4,GP_IIa_5.2mm_closed_R10_single_refY_004-raw05-04-nbr-3,dg3_neighbors/images/GP_IIa_5.2mm_closed_R10_single_refY_004-raw05-04-nbr-3.jpg,False
GP_IIa_5.2mm_closed_R10_single_refY_004-raw05-04,GP_IIa_5.2mm_closed_R10_single_refY,GP_IIa_5.2mm_closed_R10_single_refY_004,5,-2,812,raw/GP_IIa_5.2mm_closed_R10_single_refY_004.mp4,GP_IIa_5.2mm_closed_R10_single_refY_004-raw05-04-nbr-2,dg3_neighbors/images/GP_IIa_5.2mm_closed_R10_single_refY_004-raw05-04-nbr-2.jpg,False
GP_IIa_5.2mm_closed_R10_single_refY_004-raw05-04,GP_IIa_5.2mm_closed_R10_single_refY,GP_IIa_5.2mm_closed_R10_single_refY_004,5,-1,813,raw/GP_IIa_5.2mm_closed_R10_single_refY_004.mp4,GP_IIa_5.2mm_closed_R10_single_refY_004-raw05-04-nbr-1,dg3_neighbors/images/GP_IIa_5.2mm_closed_R10_single_refY_004-raw05-04-nbr-1.jpg,False
GP_IIa_5.2mm_closed_R10_single_refY_004-raw05-04,GP_IIa_5.2mm_closed_R10_single_refY,GP_IIa_5.2mm_closed_R10_single_refY_004,5,0,814,raw/GP_IIa_5.2mm_closed_R10_single_refY_004.mp4,GP_IIa_5.2mm_closed_R10_single_refY_004-raw05-04-nbr+0,dg3_neighbors/images/GP_IIa_5.2mm_closed_R10_single_refY_004-raw05-04-nbr+0.jpg,True
GP_IIa_5.2mm_closed_R10_single_refY_004-raw05-04,GP_IIa_5.2mm_closed_R10_single_refY,GP_IIa_5.2mm_closed_R10_single_refY_004,5,1,815,raw/GP_IIa_5.2mm_closed_R10_single_refY_004.mp4,GP_IIa_5.2mm_closed_R10_single_refY_004-raw05-04-nbr+1,dg3_neighbors/images/GP_IIa_5.2mm_closed_R10_single_refY_004-raw05-04-nbr+1.jpg,False
GP_IIa_5.2mm_closed_R10_single_refY_004-raw05-04,GP_IIa_5.2mm_closed_R10_single_refY,GP_IIa_5.2mm_closed_R10_single_refY_004,5,2,816,raw/GP_IIa_5.2mm_closed_R10_single_refY_004.mp4,GP_IIa_5.2mm_closed_R10_single_refY_004-raw05-04-nbr+2,dg3_neighbors/images/GP_IIa_5.2mm_closed_R10_single_refY_004-raw05-04-nbr+2.jpg,False
GP_IIa_5.2mm_closed_R10_single_refY_004-raw05-04,GP_IIa_5.2mm_closed_R10_single_refY,GP_IIa_5.2mm_closed_R10_single_refY_004,5,3,817,raw/GP_IIa_5.2mm_closed_R10_single_refY_004.mp4,GP_IIa_5.2mm_closed_R10_single_refY_004-raw05-04-nbr+3,dg3_neighbors/images/GP_IIa_5.2mm_closed_R10_single_refY_004-raw05-04-nbr+3.jpg,False
GP_IIa_9.5mm_closed_R5_single_refY_004-raw01-10,GP_IIa_9.5mm_closed_R5_single_refY,GP_IIa_9.5mm_closed_R5_single_refY_004,1,-3,109,raw/GP_IIa_9.5mm_closed_R5_single_refY_004.mp4,GP_IIa_9.5mm_closed_R5_single_refY_004-raw01-10-nbr-3,dg3_neighbors/images/GP_IIa_9.5mm_closed_R5_single_refY_004-raw01-10-nbr-3.jpg,False
GP_IIa_9.5mm_closed_R5_single_refY_004-raw01-10,GP_IIa_9.5mm_closed_R5_single_refY,GP_IIa_9.5mm_closed_R5_single_refY_004,1,-2,110,raw/GP_IIa_9.5mm_closed_R5_single_refY_004.mp4,GP_IIa_9.5mm_closed_R5_single_refY_004-raw01-10-nbr-2,dg3_neighbors/images/GP_IIa_9.5mm_closed_R5_single_refY_004-raw01-10-nbr-2.jpg,False
GP_IIa_9.5mm_closed_R5_single_refY_004-raw01-10,GP_IIa_9.5mm_closed_R5_single_refY,GP_IIa_9.5mm_closed_R5_single_refY_004,1,-1,111,raw/GP_IIa_9.5mm_closed_R5_single_refY_004.mp4,GP_IIa_9.5mm_closed_R5_single_refY_004-raw01-10-nbr-1,dg3_neighbors/images/GP_IIa_9.5mm_closed_R5_single_refY_004-raw01-10-nbr-1.jpg,False
GP_IIa_9.5mm_closed_R5_single_refY_004-raw01-10,GP_IIa_9.5mm_closed_R5_single_refY,GP_IIa_9.5mm_closed_R5_single_refY_004,1,0,112,raw/GP_IIa_9.5mm_closed_R5_single_refY_004.mp4,GP_IIa_9.5mm_closed_R5_single_refY_004-raw01-10-nbr+0,dg3_neighbors/images/GP_IIa_9.5mm_closed_R5_single_refY_004-raw01-10-nbr+0.jpg,True
GP_IIa_9.5mm_closed_R5_single_refY_004-raw01-10,GP_IIa_9.5mm_closed_R5_single_refY,GP_IIa_9.5mm_closed_R5_single_refY_004,1,1,113,raw/GP_IIa_9.5mm_closed_R5_single_refY_004.mp4,GP_IIa_9.5mm_closed_R5_single_refY_004-raw01-10-nbr+1,dg3_neighbors/images/GP_IIa_9.5mm_closed_R5_single_refY_004-raw01-10-nbr+1.jpg,False
GP_IIa_9.5mm_closed_R5_single_refY_004-raw01-10,GP_IIa_9.5mm_closed_R5_single_refY,GP_IIa_9.5mm_closed_R5_single_refY_004,1,2,114,raw/GP_IIa_9.5mm_closed_R5_single_refY_004.mp4,GP_IIa_9.5mm_closed_R5_single_refY_004-raw01-10-nbr+2,dg3_neighbors/images/GP_IIa_9.5mm_closed_R5_single_refY_004-raw01-10-nbr+2.jpg,False
GP_IIa_9.5mm_closed_R5_single_refY_004-raw01-10,GP_IIa_9.5mm_closed_R5_single_refY,GP_IIa_9.5mm_closed_R5_single_refY_004,1,3,115,raw/GP_IIa_9.5mm_closed_R5_single_refY_004.mp4,GP_IIa_9.5mm_closed_R5_single_refY_004-raw01-10-nbr+3,dg3_neighbors/images/GP_IIa_9.5mm_closed_R5_single_refY_004-raw01-10-nbr+3.jpg,False
GP_IIa_9.5mm_closed_R5_single_refY_004-raw02-24,GP_IIa_9.5mm_closed_R5_single_refY,GP_IIa_9.5mm_closed_R5_single_refY_004,2,-3,382,raw/GP_IIa_9.5mm_closed_R5_single_refY_004.mp4,GP_IIa_9.5mm_closed_R5_single_refY_004-raw02-24-nbr-3,dg3_neighbors/images/GP_IIa_9.5mm_closed_R5_single_refY_004-raw02-24-nbr-3.jpg,False
GP_IIa_9.5mm_closed_R5_single_refY_004-raw02-24,GP_IIa_9.5mm_closed_R5_single_refY,GP_IIa_9.5mm_closed_R5_single_refY_004,2,-2,383,raw/GP_IIa_9.5mm_closed_R5_single_refY_004.mp4,GP_IIa_9.5mm_closed_R5_single_refY_004-raw02-24-nbr-2,dg3_neighbors/images/GP_IIa_9.5mm_closed_R5_single_refY_004-raw02-24-nbr-2.jpg,False
GP_IIa_9.5mm_closed_R5_single_refY_004-raw02-24,GP_IIa_9.5mm_closed_R5_single_refY,GP_IIa_9.5mm_closed_R5_single_refY_004,2,-1,384,raw/GP_IIa_9.5mm_closed_R5_single_refY_004.mp4,GP_IIa_9.5mm_closed_R5_single_refY_004-raw02-24-nbr-1,dg3_neighbors/images/GP_IIa_9.5mm_closed_R5_single_refY_004-raw02-24-nbr-1.jpg,False
GP_IIa_9.5mm_closed_R5_single_refY_004-raw02-24,GP_IIa_9.5mm_closed_R5_single_refY,GP_IIa_9.5mm_closed_R5_single_refY_004,2,0,385,raw/GP_IIa_9.5mm_closed_R5_single_refY_004.mp4,GP_IIa_9.5mm_closed_R5_single_refY_004-raw02-24-nbr+0,dg3_neighbors/images/GP_IIa_9.5mm_closed_R5_single_refY_004-raw02-24-nbr+0.jpg,True
GP_IIa_9.5mm_closed_R5_single_refY_004-raw02-24,GP_IIa_9.5mm_closed_R5_single_refY,GP_IIa_9.5mm_closed_R5_single_refY_004,2,1,386,raw/GP_IIa_9.5mm_closed_R5_single_refY_004.mp4,GP_IIa_9.5mm_closed_R5_single_refY_004-raw02-24-nbr+1,dg3_neighbors/images/GP_IIa_9.5mm_closed_R5_single_refY_004-raw02-24-nbr+1.jpg,False
GP_IIa_9.5mm_closed_R5_single_refY_004-raw02-24,GP_IIa_9.5mm_closed_R5_single_refY,GP_IIa_9.5mm_closed_R5_single_refY_004,2,2,387,raw/GP_IIa_9.5mm_closed_R5_single_refY_004.mp4,GP_IIa_9.5mm_closed_R5_single_refY_004-raw02-24-nbr+2,dg3_neighbors/images/GP_IIa_9.5mm_closed_R5_single_refY_004-raw02-24-nbr+2.jpg,False
GP_IIa_9.5mm_closed_R5_single_refY_004-raw02-24,GP_IIa_9.5mm_closed_R5_single_refY,GP_IIa_9.5mm_closed_R5_single_refY_004,2,3,388,raw/GP_IIa_9.5mm_closed_R5_single_refY_004.mp4,GP_IIa_9.5mm_closed_R5_single_refY_004-raw02-24-nbr+3,dg3_neighbors/images/GP_IIa_9.5mm_closed_R5_single_refY_004-raw02-24-nbr+3.jpg,False
GP_IIa_9.5mm_closed_R5_single_refY_004-raw03-02,GP_IIa_9.5mm_closed_R5_single_refY,GP_IIa_9.5mm_closed_R5_single_refY_004,3,-3,396,raw/GP_IIa_9.5mm_closed_R5_single_refY_004.mp4,GP_IIa_9.5mm_closed_R5_single_refY_004-raw03-02-nbr-3,dg3_neighbors/images/GP_IIa_9.5mm_closed_R5_single_refY_004-raw03-02-nbr-3.jpg,False
GP_IIa_9.5mm_closed_R5_single_refY_004-raw03-02,GP_IIa_9.5mm_closed_R5_single_refY,GP_IIa_9.5mm_closed_R5_single_refY_004,3,-2,397,raw/GP_IIa_9.5mm_closed_R5_single_refY_004.mp4,GP_IIa_9.5mm_closed_R5_single_refY_004-raw03-02-nbr-2,dg3_neighbors/images/GP_IIa_9.5mm_closed_R5_single_refY_004-raw03-02-nbr-2.jpg,False
GP_IIa_9.5mm_closed_R5_single_refY_004-raw03-02,GP_IIa_9.5mm_closed_R5_single_refY,GP_IIa_9.5mm_closed_R5_single_refY_004,3,-1,398,raw/GP_IIa_9.5mm_closed_R5_single_refY_004.mp4,GP_IIa_9.5mm_closed_R5_single_refY_004-raw03-02-nbr-1,dg3_neighbors/images/GP_IIa_9.5mm_closed_R5_single_refY_004-raw03-02-nbr-1.jpg,False
GP_IIa_9.5mm_closed_R5_single_refY_004-raw03-02,GP_IIa_9.5mm_closed_R5_single_refY,GP_IIa_9.5mm_closed_R5_single_refY_004,3,0,399,raw/GP_IIa_9.5mm_closed_R5_single_refY_004.mp4,GP_IIa_9.5mm_closed_R5_single_refY_004-raw03-02-nbr+0,dg3_neighbors/images/GP_IIa_9.5mm_closed_R5_single_refY_004-raw03-02-nbr+0.jpg,True
GP_IIa_9.5mm_closed_R5_single_refY_004-raw03-02,GP_IIa_9.5mm_closed_R5_single_refY,GP_IIa_9.5mm_closed_R5_single_refY_004,3,1,400,raw/GP_IIa_9.5mm_closed_R5_single_refY_004.mp4,GP_IIa_9.5mm_closed_R5_single_refY_004-raw03-02-nbr+1,dg3_neighbors/images/GP_IIa_9.5mm_closed_R5_single_refY_004-raw03-02-nbr+1.jpg,False
GP_IIa_9.5mm_closed_R5_single_refY_004-raw03-02,GP_IIa_9.5mm_closed_R5_single_refY,GP_IIa_9.5mm_closed_R5_single_refY_004,3,2,401,raw/GP_IIa_9.5mm_closed_R5_single_refY_004.mp4,GP_IIa_9.5mm_closed_R5_single_refY_004-raw03-02-nbr+2,dg3_neighbors/images/GP_IIa_9.5mm_closed_R5_single_refY_004-raw03-02-nbr+2.jpg,False
GP_IIa_9.5mm_closed_R5_single_refY_004-raw03-02,GP_IIa_9.5mm_closed_R5_single_refY,GP_IIa_9.5mm_closed_R5_single_refY_004,3,3,402,raw/GP_IIa_9.5mm_closed_R5_single_refY_004.mp4,GP_IIa_9.5mm_closed_R5_single_refY_004-raw03-02-nbr+3,dg3_neighbors/images/GP_IIa_9.5mm_closed_R5_single_refY_004-raw03-02-nbr+3.jpg,False
GP_IIa_9.5mm_closed_R5_single_refY_004-raw04-01,GP_IIa_9.5mm_closed_R5_single_refY,GP_IIa_9.5mm_closed_R5_single_refY_004,4,-3,561,raw/GP_IIa_9.5mm_closed_R5_single_refY_004.mp4,GP_IIa_9.5mm_closed_R5_single_refY_004-raw04-01-nbr-3,dg3_neighbors/images/GP_IIa_9.5mm_closed_R5_single_refY_004-raw04-01-nbr-3.jpg,False
GP_IIa_9.5mm_closed_R5_single_refY_004-raw04-01,GP_IIa_9.5mm_closed_R5_single_refY,GP_IIa_9.5mm_closed_R5_single_refY_004,4,-2,562,raw/GP_IIa_9.5mm_closed_R5_single_refY_004.mp4,GP_IIa_9.5mm_closed_R5_single_refY_004-raw04-01-nbr-2,dg3_neighbors/images/GP_IIa_9.5mm_closed_R5_single_refY_004-raw04-01-nbr-2.jpg,False
GP_IIa_9.5mm_closed_R5_single_refY_004-raw04-01,GP_IIa_9.5mm_closed_R5_single_refY,GP_IIa_9.5mm_closed_R5_single_refY_004,4,-1,563,raw/GP_IIa_9.5mm_closed_R5_single_refY_004.mp4,GP_IIa_9.5mm_closed_R5_single_refY_004-raw04-01-nbr-1,dg3_neighbors/images/GP_IIa_9.5mm_closed_R5_single_refY_004-raw04-01-nbr-1.jpg,False
GP_IIa_9.5mm_closed_R5_single_refY_004-raw04-01,GP_IIa_9.5mm_closed_R5_single_refY,GP_IIa_9.5mm_closed_R5_single_refY_004,4,0,564,raw/GP_IIa_9.5mm_closed_R5_single_refY_004.mp4,GP_IIa_9.5mm_closed_R5_single_refY_004-raw04-01-nbr+0,dg3_neighbors/images/GP_IIa_9.5mm_closed_R5_single_refY_004-raw04-01-nbr+0.jpg,True
GP_IIa_9.5mm_closed_R5_single_refY_004-raw04-01,GP_IIa_9.5mm_closed_R5_single_refY,GP_IIa_9.5mm_closed_R5_single_refY_004,4,1,565,raw/GP_IIa_9.5mm_closed_R5_single_refY_004.mp4,GP_IIa_9.5mm_closed_R5_single_refY_004-raw04-01-nbr+1,dg3_neighbors/images/GP_IIa_9.5mm_closed_R5_single_refY_004-raw04-01-nbr+1.jpg,False
GP_IIa_9.5mm_closed_R5_single_refY_004-raw04-01,GP_IIa_9.5mm_closed_R5_single_refY,GP_IIa_9.5mm_closed_R5_single_refY_004,4,2,566,raw/GP_IIa_9.5mm_closed_R5_single_refY_004.mp4,GP_IIa_9.5mm_closed_R5_single_refY_004-raw04-01-nbr+2,dg3_neighbors/images/GP_IIa_9.5mm_closed_R5_single_refY_004-raw04-01-nbr+2.jpg,False
GP_IIa_9.5mm_closed_R5_single_refY_004-raw04-01,GP_IIa_9.5mm_closed_R5_single_refY,GP_IIa_9.5mm_closed_R5_single_refY_004,4,3,567,raw/GP_IIa_9.5mm_closed_R5_single_refY_004.mp4,GP_IIa_9.5mm_closed_R5_single_refY_004-raw04-01-nbr+3,dg3_neighbors/images/GP_IIa_9.5mm_closed_R5_single_refY_004-raw04-01-nbr+3.jpg,False
GP_IIa_9.5mm_closed_R5_single_refY_004-raw05-03,GP_IIa_9.5mm_closed_R5_single_refY,GP_IIa_9.5mm_closed_R5_single_refY_004,5,-3,748,raw/GP_IIa_9.5mm_closed_R5_single_refY_004.mp4,GP_IIa_9.5mm_closed_R5_single_refY_004-raw05-03-nbr-3,dg3_neighbors/images/GP_IIa_9.5mm_closed_R5_single_refY_004-raw05-03-nbr-3.jpg,False
GP_IIa_9.5mm_closed_R5_single_refY_004-raw05-03,GP_IIa_9.5mm_closed_R5_single_refY,GP_IIa_9.5mm_closed_R5_single_refY_004,5,-2,749,raw/GP_IIa_9.5mm_closed_R5_single_refY_004.mp4,GP_IIa_9.5mm_closed_R5_single_refY_004-raw05-03-nbr-2,dg3_neighbors/images/GP_IIa_9.5mm_closed_R5_single_refY_004-raw05-03-nbr-2.jpg,False
GP_IIa_9.5mm_closed_R5_single_refY_004-raw05-03,GP_IIa_9.5mm_closed_R5_single_refY,GP_IIa_9.5mm_closed_R5_single_refY_004,5,-1,750,raw/GP_IIa_9.5mm_closed_R5_single_refY_004.mp4,GP_IIa_9.5mm_closed_R5_single_refY_004-raw05-03-nbr-1,dg3_neighbors/images/GP_IIa_9.5mm_closed_R5_single_refY_004-raw05-03-nbr-1.jpg,False
GP_IIa_9.5mm_closed_R5_single_refY_004-raw05-03,GP_IIa_9.5mm_closed_R5_single_refY,GP_IIa_9.5mm_closed_R5_single_refY_004,5,0,751,raw/GP_IIa_9.5mm_closed_R5_single_refY_004.mp4,GP_IIa_9.5mm_closed_R5_single_refY_004-raw05-03-nbr+0,dg3_neighbors/images/GP_IIa_9.5mm_closed_R5_single_refY_004-raw05-03-nbr+0.jpg,True
GP_IIa_9.5mm_closed_R5_single_refY_004-raw05-03,GP_IIa_9.5mm_closed_R5_single_refY,GP_IIa_9.5mm_closed_R5_single_refY_004,5,1,752,raw/GP_IIa_9.5mm_closed_R5_single_refY_004.mp4,GP_IIa_9.5mm_closed_R5_single_refY_004-raw05-03-nbr+1,dg3_neighbors/images/GP_IIa_9.5mm_closed_R5_single_refY_004-raw05-03-nbr+1.jpg,False
GP_IIa_9.5mm_closed_R5_single_refY_004-raw05-03,GP_IIa_9.5mm_closed_R5_single_refY,GP_IIa_9.5mm_closed_R5_single_refY_004,5,2,753,raw/GP_IIa_9.5mm_closed_R5_single_refY_004.mp4,GP_IIa_9.5mm_closed_R5_single_refY_004-raw05-03-nbr+2,dg3_neighbors/images/GP_IIa_9.5mm_closed_R5_single_refY_004-raw05-03-nbr+2.jpg,False
GP_IIa_9.5mm_closed_R5_single_refY_004-raw05-03,GP_IIa_9.5mm_closed_R5_single_refY,GP_IIa_9.5mm_closed_R5_single_refY_004,5,3,754,raw/GP_IIa_9.5mm_closed_R5_single_refY_004.mp4,GP_IIa_9.5mm_closed_R5_single_refY_004-raw05-03-nbr+3,dg3_neighbors/images/GP_IIa_9.5mm_closed_R5_single_refY_004-raw05-03-nbr+3.jpg,False
GP_IIa_9.5mm_closed_R5_single_refY_005-raw01-16,GP_IIa_9.5mm_closed_R5_single_refY,GP_IIa_9.5mm_closed_R5_single_refY_005,1,-3,261,raw/GP_IIa_9.5mm_closed_R5_single_refY_005.mp4,GP_IIa_9.5mm_closed_R5_single_refY_005-raw01-16-nbr-3,dg3_neighbors/images/GP_IIa_9.5mm_closed_R5_single_refY_005-raw01-16-nbr-3.jpg,False
GP_IIa_9.5mm_closed_R5_single_refY_005-raw01-16,GP_IIa_9.5mm_closed_R5_single_refY,GP_IIa_9.5mm_closed_R5_single_refY_005,1,-2,262,raw/GP_IIa_9.5mm_closed_R5_single_refY_005.mp4,GP_IIa_9.5mm_closed_R5_single_refY_005-raw01-16-nbr-2,dg3_neighbors/images/GP_IIa_9.5mm_closed_R5_single_refY_005-raw01-16-nbr-2.jpg,False
GP_IIa_9.5mm_closed_R5_single_refY_005-raw01-16,GP_IIa_9.5mm_closed_R5_single_refY,GP_IIa_9.5mm_closed_R5_single_refY_005,1,-1,263,raw/GP_IIa_9.5mm_closed_R5_single_refY_005.mp4,GP_IIa_9.5mm_closed_R5_single_refY_005-raw01-16-nbr-1,dg3_neighbors/images/GP_IIa_9.5mm_closed_R5_single_refY_005-raw01-16-nbr-1.jpg,False
GP_IIa_9.5mm_closed_R5_single_refY_005-raw01-16,GP_IIa_9.5mm_closed_R5_single_refY,GP_IIa_9.5mm_closed_R5_single_refY_005,1,0,264,raw/GP_IIa_9.5mm_closed_R5_single_refY_005.mp4,GP_IIa_9.5mm_closed_R5_single_refY_005-raw01-16-nbr+0,dg3_neighbors/images/GP_IIa_9.5mm_closed_R5_single_refY_005-raw01-16-nbr+0.jpg,True
GP_IIa_9.5mm_closed_R5_single_refY_005-raw01-16,GP_IIa_9.5mm_closed_R5_single_refY,GP_IIa_9.5mm_closed_R5_single_refY_005,1,1,265,raw/GP_IIa_9.5mm_closed_R5_single_refY_005.mp4,GP_IIa_9.5mm_closed_R5_single_refY_005-raw01-16-nbr+1,dg3_neighbors/images/GP_IIa_9.5mm_closed_R5_single_refY_005-raw01-16-nbr+1.jpg,False
GP_IIa_9.5mm_closed_R5_single_refY_005-raw01-16,GP_IIa_9.5mm_closed_R5_single_refY,GP_IIa_9.5mm_closed_R5_single_refY_005,1,2,266,raw/GP_IIa_9.5mm_closed_R5_single_refY_005.mp4,GP_IIa_9.5mm_closed_R5_single_refY_005-raw01-16-nbr+2,dg3_neighbors/images/GP_IIa_9.5mm_closed_R5_single_refY_005-raw01-16-nbr+2.jpg,False
GP_IIa_9.5mm_closed_R5_single_refY_005-raw01-16,GP_IIa_9.5mm_closed_R5_single_refY,GP_IIa_9.5mm_closed_R5_single_refY_005,1,3,267,raw/GP_IIa_9.5mm_closed_R5_single_refY_005.mp4,GP_IIa_9.5mm_closed_R5_single_refY_005-raw01-16-nbr+3,dg3_neighbors/images/GP_IIa_9.5mm_closed_R5_single_refY_005-raw01-16-nbr+3.jpg,False
GP_IIa_9.5mm_closed_R5_single_refY_005-raw02-07,GP_IIa_9.5mm_closed_R5_single_refY,GP_IIa_9.5mm_closed_R5_single_refY_005,2,-3,444,raw/GP_IIa_9.5mm_closed_R5_single_refY_005.mp4,GP_IIa_9.5mm_closed_R5_single_refY_005-raw02-07-nbr-3,dg3_neighbors/images/GP_IIa_9.5mm_closed_R5_single_refY_005-raw02-07-nbr-3.jpg,False
GP_IIa_9.5mm_closed_R5_single_refY_005-raw02-07,GP_IIa_9.5mm_closed_R5_single_refY,GP_IIa_9.5mm_closed_R5_single_refY_005,2,-2,445,raw/GP_IIa_9.5mm_closed_R5_single_refY_005.mp4,GP_IIa_9.5mm_closed_R5_single_refY_005-raw02-07-nbr-2,dg3_neighbors/images/GP_IIa_9.5mm_closed_R5_single_refY_005-raw02-07-nbr-2.jpg,False
GP_IIa_9.5mm_closed_R5_single_refY_005-raw02-07,GP_IIa_9.5mm_closed_R5_single_refY,GP_IIa_9.5mm_closed_R5_single_refY_005,2,-1,446,raw/GP_IIa_9.5mm_closed_R5_single_refY_005.mp4,GP_IIa_9.5mm_closed_R5_single_refY_005-raw02-07-nbr-1,dg3_neighbors/images/GP_IIa_9.5mm_closed_R5_single_refY_005-raw02-07-nbr-1.jpg,False
GP_IIa_9.5mm_closed_R5_single_refY_005-raw02-07,GP_IIa_9.5mm_closed_R5_single_refY,GP_IIa_9.5mm_closed_R5_single_refY_005,2,0,447,raw/GP_IIa_9.5mm_closed_R5_single_refY_005.mp4,GP_IIa_9.5mm_closed_R5_single_refY_005-raw02-07-nbr+0,dg3_neighbors/images/GP_IIa_9.5mm_closed_R5_single_refY_005-raw02-07-nbr+0.jpg,True
GP_IIa_9.5mm_closed_R5_single_refY_005-raw02-07,GP_IIa_9.5mm_closed_R5_single_refY,GP_IIa_9.5mm_closed_R5_single_refY_005,2,1,448,raw/GP_IIa_9.5mm_closed_R5_single_refY_005.mp4,GP_IIa_9.5mm_closed_R5_single_refY_005-raw02-07-nbr+1,dg3_neighbors/images/GP_IIa_9.5mm_closed_R5_single_refY_005-raw02-07-nbr+1.jpg,False
GP_IIa_9.5mm_closed_R5_single_refY_005-raw02-07,GP_IIa_9.5mm_closed_R5_single_refY,GP_IIa_9.5mm_closed_R5_single_refY_005,2,2,449,raw/GP_IIa_9.5mm_closed_R5_single_refY_005.mp4,GP_IIa_9.5mm_closed_R5_single_refY_005-raw02-07-nbr+2,dg3_neighbors/images/GP_IIa_9.5mm_closed_R5_single_refY_005-raw02-07-nbr+2.jpg,False
GP_IIa_9.5mm_closed_R5_single_refY_005-raw02-07,GP_IIa_9.5mm_closed_R5_single_refY,GP_IIa_9.5mm_closed_R5_single_refY_005,2,3,450,raw/GP_IIa_9.5mm_closed_R5_single_refY_005.mp4,GP_IIa_9.5mm_closed_R5_single_refY_005-raw02-07-nbr+3,dg3_neighbors/images/GP_IIa_9.5mm_closed_R5_single_refY_005-raw02-07-nbr+3.jpg,False
GP_IIa_9.5mm_closed_R5_single_refY_005-raw03-12,GP_IIa_9.5mm_closed_R5_single_refY,GP_IIa_9.5mm_closed_R5_single_refY_005,3,-3,798,raw/GP_IIa_9.5mm_closed_R5_single_refY_005.mp4,GP_IIa_9.5mm_closed_R5_single_refY_005-raw03-12-nbr-3,dg3_neighbors/images/GP_IIa_9.5mm_closed_R5_single_refY_005-raw03-12-nbr-3.jpg,False
GP_IIa_9.5mm_closed_R5_single_refY_005-raw03-12,GP_IIa_9.5mm_closed_R5_single_refY,GP_IIa_9.5mm_closed_R5_single_refY_005,3,-2,799,raw/GP_IIa_9.5mm_closed_R5_single_refY_005.mp4,GP_IIa_9.5mm_closed_R5_single_refY_005-raw03-12-nbr-2,dg3_neighbors/images/GP_IIa_9.5mm_closed_R5_single_refY_005-raw03-12-nbr-2.jpg,False
GP_IIa_9.5mm_closed_R5_single_refY_005-raw03-12,GP_IIa_9.5mm_closed_R5_single_refY,GP_IIa_9.5mm_closed_R5_single_refY_005,3,-1,800,raw/GP_IIa_9.5mm_closed_R5_single_refY_005.mp4,GP_IIa_9.5mm_closed_R5_single_refY_005-raw03-12-nbr-1,dg3_neighbors/images/GP_IIa_9.5mm_closed_R5_single_refY_005-raw03-12-nbr-1.jpg,False
GP_IIa_9.5mm_closed_R5_single_refY_005-raw03-12,GP_IIa_9.5mm_closed_R5_single_refY,GP_IIa_9.5mm_closed_R5_single_refY_005,3,0,801,raw/GP_IIa_9.5mm_closed_R5_single_refY_005.mp4,GP_IIa_9.5mm_closed_R5_single_refY_005-raw03-12-nbr+0,dg3_neighbors/images/GP_IIa_9.5mm_closed_R5_single_refY_005-raw03-12-nbr+0.jpg,True
GP_IIa_9.5mm_closed_R5_single_refY_005-raw03-12,GP_IIa_9.5mm_closed_R5_single_refY,GP_IIa_9.5mm_closed_R5_single_refY_005,3,1,802,raw/GP_IIa_9.5mm_closed_R5_single_refY_005.mp4,GP_IIa_9.5mm_closed_R5_single_refY_005-raw03-12-nbr+1,dg3_neighbors/images/GP_IIa_9.5mm_closed_R5_single_refY_005-raw03-12-nbr+1.jpg,False
GP_IIa_9.5mm_closed_R5_single_refY_005-raw03-12,GP_IIa_9.5mm_closed_R5_single_refY,GP_IIa_9.5mm_closed_R5_single_refY_005,3,2,803,raw/GP_IIa_9.5mm_closed_R5_single_refY_005.mp4,GP_IIa_9.5mm_closed_R5_single_refY_005-raw03-12-nbr+2,dg3_neighbors/images/GP_IIa_9.5mm_closed_R5_single_refY_005-raw03-12-nbr+2.jpg,False
GP_IIa_9.5mm_closed_R5_single_refY_005-raw03-12,GP_IIa_9.5mm_closed_R5_single_refY,GP_IIa_9.5mm_closed_R5_single_refY_005,3,3,804,raw/GP_IIa_9.5mm_closed_R5_single_refY_005.mp4,GP_IIa_9.5mm_closed_R5_single_refY_005-raw03-12-nbr+3,dg3_neighbors/images/GP_IIa_9.5mm_closed_R5_single_refY_005-raw03-12-nbr+3.jpg,False
GP_IIa_9.5mm_closed_R5_single_refY_005-raw04-08,GP_IIa_9.5mm_closed_R5_single_refY,GP_IIa_9.5mm_closed_R5_single_refY_005,4,-3,1042,raw/GP_IIa_9.5mm_closed_R5_single_refY_005.mp4,GP_IIa_9.5mm_closed_R5_single_refY_005-raw04-08-nbr-3,dg3_neighbors/images/GP_IIa_9.5mm_closed_R5_single_refY_005-raw04-08-nbr-3.jpg,False
GP_IIa_9.5mm_closed_R5_single_refY_005-raw04-08,GP_IIa_9.5mm_closed_R5_single_refY,GP_IIa_9.5mm_closed_R5_single_refY_005,4,-2,1043,raw/GP_IIa_9.5mm_closed_R5_single_refY_005.mp4,GP_IIa_9.5mm_closed_R5_single_refY_005-raw04-08-nbr-2,dg3_neighbors/images/GP_IIa_9.5mm_closed_R5_single_refY_005-raw04-08-nbr-2.jpg,False
GP_IIa_9.5mm_closed_R5_single_refY_005-raw04-08,GP_IIa_9.5mm_closed_R5_single_refY,GP_IIa_9.5mm_closed_R5_single_refY_005,4,-1,1044,raw/GP_IIa_9.5mm_closed_R5_single_refY_005.mp4,GP_IIa_9.5mm_closed_R5_single_refY_005-raw04-08-nbr-1,dg3_neighbors/images/GP_IIa_9.5mm_closed_R5_single_refY_005-raw04-08-nbr-1.jpg,False
GP_IIa_9.5mm_closed_R5_single_refY_005-raw04-08,GP_IIa_9.5mm_closed_R5_single_refY,GP_IIa_9.5mm_closed_R5_single_refY_005,4,0,1045,raw/GP_IIa_9.5mm_closed_R5_single_refY_005.mp4,GP_IIa_9.5mm_closed_R5_single_refY_005-raw04-08-nbr+0,dg3_neighbors/images/GP_IIa_9.5mm_closed_R5_single_refY_005-raw04-08-nbr+0.jpg,True
GP_IIa_9.5mm_closed_R5_single_refY_005-raw04-08,GP_IIa_9.5mm_closed_R5_single_refY,GP_IIa_9.5mm_closed_R5_single_refY_005,4,1,1046,raw/GP_IIa_9.5mm_closed_R5_single_refY_005.mp4,GP_IIa_9.5mm_closed_R5_single_refY_005-raw04-08-nbr+1,dg3_neighbors/images/GP_IIa_9.5mm_closed_R5_single_refY_005-raw04-08-nbr+1.jpg,False
GP_IIa_9.5mm_closed_R5_single_refY_005-raw04-08,GP_IIa_9.5mm_closed_R5_single_refY,GP_IIa_9.5mm_closed_R5_single_refY_005,4,2,1047,raw/GP_IIa_9.5mm_closed_R5_single_refY_005.mp4,GP_IIa_9.5mm_closed_R5_single_refY_005-raw04-08-nbr+2,dg3_neighbors/images/GP_IIa_9.5mm_closed_R5_single_refY_005-raw04-08-nbr+2.jpg,False
GP_IIa_9.5mm_closed_R5_single_refY_005-raw04-08,GP_IIa_9.5mm_closed_R5_single_refY,GP_IIa_9.5mm_closed_R5_single_refY_005,4,3,1048,raw/GP_IIa_9.5mm_closed_R5_single_refY_005.mp4,GP_IIa_9.5mm_closed_R5_single_refY_005-raw04-08-nbr+3,dg3_neighbors/images/GP_IIa_9.5mm_closed_R5_single_refY_005-raw04-08-nbr+3.jpg,False
GP_IIa_9.5mm_closed_R5_single_refY_005-raw05-11,GP_IIa_9.5mm_closed_R5_single_refY,GP_IIa_9.5mm_closed_R5_single_refY_005,5,-3,1372,raw/GP_IIa_9.5mm_closed_R5_single_refY_005.mp4,GP_IIa_9.5mm_closed_R5_single_refY_005-raw05-11-nbr-3,dg3_neighbors/images/GP_IIa_9.5mm_closed_R5_single_refY_005-raw05-11-nbr-3.jpg,False
GP_IIa_9.5mm_closed_R5_single_refY_005-raw05-11,GP_IIa_9.5mm_closed_R5_single_refY,GP_IIa_9.5mm_closed_R5_single_refY_005,5,-2,1373,raw/GP_IIa_9.5mm_closed_R5_single_refY_005.mp4,GP_IIa_9.5mm_closed_R5_single_refY_005-raw05-11-nbr-2,dg3_neighbors/images/GP_IIa_9.5mm_closed_R5_single_refY_005-raw05-11-nbr-2.jpg,False
GP_IIa_9.5mm_closed_R5_single_refY_005-raw05-11,GP_IIa_9.5mm_closed_R5_single_refY,GP_IIa_9.5mm_closed_R5_single_refY_005,5,-1,1374,raw/GP_IIa_9.5mm_closed_R5_single_refY_005.mp4,GP_IIa_9.5mm_closed_R5_single_refY_005-raw05-11-nbr-1,dg3_neighbors/images/GP_IIa_9.5mm_closed_R5_single_refY_005-raw05-11-nbr-1.jpg,False
GP_IIa_9.5mm_closed_R5_single_refY_005-raw05-11,GP_IIa_9.5mm_closed_R5_single_refY,GP_IIa_9.5mm_closed_R5_single_refY_005,5,0,1375,raw/GP_IIa_9.5mm_closed_R5_single_refY_005.mp4,GP_IIa_9.5mm_closed_R5_single_refY_005-raw05-11-nbr+0,dg3_neighbors/images/GP_IIa_9.5mm_closed_R5_single_refY_005-raw05-11-nbr+0.jpg,True
GP_IIa_9.5mm_closed_R5_single_refY_005-raw05-11,GP_IIa_9.5mm_closed_R5_single_refY,GP_IIa_9.5mm_closed_R5_single_refY_005,5,1,1376,raw/GP_IIa_9.5mm_closed_R5_single_refY_005.mp4,GP_IIa_9.5mm_closed_R5_single_refY_005-raw05-11-nbr+1,dg3_neighbors/images/GP_IIa_9.5mm_closed_R5_single_refY_005-raw05-11-nbr+1.jpg,False
GP_IIa_9.5mm_closed_R5_single_refY_005-raw05-11,GP_IIa_9.5mm_closed_R5_single_refY,GP_IIa_9.5mm_closed_R5_single_refY_005,5,2,1377,raw/GP_IIa_9.5mm_closed_R5_single_refY_005.mp4,GP_IIa_9.5mm_closed_R5_single_refY_005-raw05-11-nbr+2,dg3_neighbors/images/GP_IIa_9.5mm_closed_R5_single_refY_005-raw05-11-nbr+2.jpg,False
GP_IIa_9.5mm_closed_R5_single_refY_005-raw05-11,GP_IIa_9.5mm_closed_R5_single_refY,GP_IIa_9.5mm_closed_R5_single_refY_005,5,3,1378,raw/GP_IIa_9.5mm_closed_R5_single_refY_005.mp4,GP_IIa_9.5mm_closed_R5_single_refY_005-raw05-11-nbr+3,dg3_neighbors/images/GP_IIa_9.5mm_closed_R5_single_refY_005-raw05-11-nbr+3.jpg,False
GP_Ip_10.3mm_closed_R5_single_refY_005-raw01-10,GP_Ip_10.3mm_closed_R5_single_refY,GP_Ip_10.3mm_closed_R5_single_refY_005,1,-3,124,raw/GP_Ip_10.3mm_closed_R5_single_refY_005.mp4,GP_Ip_10.3mm_closed_R5_single_refY_005-raw01-10-nbr-3,dg3_neighbors/images/GP_Ip_10.3mm_closed_R5_single_refY_005-raw01-10-nbr-3.jpg,False
GP_Ip_10.3mm_closed_R5_single_refY_005-raw01-10,GP_Ip_10.3mm_closed_R5_single_refY,GP_Ip_10.3mm_closed_R5_single_refY_005,1,-2,125,raw/GP_Ip_10.3mm_closed_R5_single_refY_005.mp4,GP_Ip_10.3mm_closed_R5_single_refY_005-raw01-10-nbr-2,dg3_neighbors/images/GP_Ip_10.3mm_closed_R5_single_refY_005-raw01-10-nbr-2.jpg,False
GP_Ip_10.3mm_closed_R5_single_refY_005-raw01-10,GP_Ip_10.3mm_closed_R5_single_refY,GP_Ip_10.3mm_closed_R5_single_refY_005,1,-1,126,raw/GP_Ip_10.3mm_closed_R5_single_refY_005.mp4,GP_Ip_10.3mm_closed_R5_single_refY_005-raw01-10-nbr-1,dg3_neighbors/images/GP_Ip_10.3mm_closed_R5_single_refY_005-raw01-10-nbr-1.jpg,False
GP_Ip_10.3mm_closed_R5_single_refY_005-raw01-10,GP_Ip_10.3mm_closed_R5_single_refY,GP_Ip_10.3mm_closed_R5_single_refY_005,1,0,127,raw/GP_Ip_10.3mm_closed_R5_single_refY_005.mp4,GP_Ip_10.3mm_closed_R5_single_refY_005-raw01-10-nbr+0,dg3_neighbors/images/GP_Ip_10.3mm_closed_R5_single_refY_005-raw01-10-nbr+0.jpg,True
GP_Ip_10.3mm_closed_R5_single_refY_005-raw01-10,GP_Ip_10.3mm_closed_R5_single_refY,GP_Ip_10.3mm_closed_R5_single_refY_005,1,1,128,raw/GP_Ip_10.3mm_closed_R5_single_refY_005.mp4,GP_Ip_10.3mm_closed_R5_single_refY_005-raw01-10-nbr+1,dg3_neighbors/images/GP_Ip_10.3mm_closed_R5_single_refY_005-raw01-10-nbr+1.jpg,False
GP_Ip_10.3mm_closed_R5_single_refY_005-raw01-10,GP_Ip_10.3mm_closed_R5_single_refY,GP_Ip_10.3mm_closed_R5_single_refY_005,1,2,129,raw/GP_Ip_10.3mm_closed_R5_single_refY_005.mp4,GP_Ip_10.3mm_closed_R5_single_refY_005-raw01-10-nbr+2,dg3_neighbors/images/GP_Ip_10.3mm_closed_R5_single_refY_005-raw01-10-nbr+2.jpg,False
GP_Ip_10.3mm_closed_R5_single_refY_005-raw01-10,GP_Ip_10.3mm_closed_R5_single_refY,GP_Ip_10.3mm_closed_R5_single_refY_005,1,3,130,raw/GP_Ip_10.3mm_closed_R5_single_refY_005.mp4,GP_Ip_10.3mm_closed_R5_single_refY_005-raw01-10-nbr+3,dg3_neighbors/images/GP_Ip_10.3mm_closed_R5_single_refY_005-raw01-10-nbr+3.jpg,False
GP_Ip_10.3mm_closed_R5_single_refY_005-raw02-02,GP_Ip_10.3mm_closed_R5_single_refY,GP_Ip_10.3mm_closed_R5_single_refY_005,2,-3,254,raw/GP_Ip_10.3mm_closed_R5_single_refY_005.mp4,GP_Ip_10.3mm_closed_R5_single_refY_005-raw02-02-nbr-3,dg3_neighbors/images/GP_Ip_10.3mm_closed_R5_single_refY_005-raw02-02-nbr-3.jpg,False
GP_Ip_10.3mm_closed_R5_single_refY_005-raw02-02,GP_Ip_10.3mm_closed_R5_single_refY,GP_Ip_10.3mm_closed_R5_single_refY_005,2,-2,255,raw/GP_Ip_10.3mm_closed_R5_single_refY_005.mp4,GP_Ip_10.3mm_closed_R5_single_refY_005-raw02-02-nbr-2,dg3_neighbors/images/GP_Ip_10.3mm_closed_R5_single_refY_005-raw02-02-nbr-2.jpg,False
GP_Ip_10.3mm_closed_R5_single_refY_005-raw02-02,GP_Ip_10.3mm_closed_R5_single_refY,GP_Ip_10.3mm_closed_R5_single_refY_005,2,-1,256,raw/GP_Ip_10.3mm_closed_R5_single_refY_005.mp4,GP_Ip_10.3mm_closed_R5_single_refY_005-raw02-02-nbr-1,dg3_neighbors/images/GP_Ip_10.3mm_closed_R5_single_refY_005-raw02-02-nbr-1.jpg,False
GP_Ip_10.3mm_closed_R5_single_refY_005-raw02-02,GP_Ip_10.3mm_closed_R5_single_refY,GP_Ip_10.3mm_closed_R5_single_refY_005,2,0,257,raw/GP_Ip_10.3mm_closed_R5_single_refY_005.mp4,GP_Ip_10.3mm_closed_R5_single_refY_005-raw02-02-nbr+0,dg3_neighbors/images/GP_Ip_10.3mm_closed_R5_single_refY_005-raw02-02-nbr+0.jpg,True
GP_Ip_10.3mm_closed_R5_single_refY_005-raw02-02,GP_Ip_10.3mm_closed_R5_single_refY,GP_Ip_10.3mm_closed_R5_single_refY_005,2,1,258,raw/GP_Ip_10.3mm_closed_R5_single_refY_005.mp4,GP_Ip_10.3mm_closed_R5_single_refY_005-raw02-02-nbr+1,dg3_neighbors/images/GP_Ip_10.3mm_closed_R5_single_refY_005-raw02-02-nbr+1.jpg,False
GP_Ip_10.3mm_closed_R5_single_refY_005-raw02-02,GP_Ip_10.3mm_closed_R5_single_refY,GP_Ip_10.3mm_closed_R5_single_refY_005,2,2,259,raw/GP_Ip_10.3mm_closed_R5_single_refY_005.mp4,GP_Ip_10.3mm_closed_R5_single_refY_005-raw02-02-nbr+2,dg3_neighbors/images/GP_Ip_10.3mm_closed_R5_single_refY_005-raw02-02-nbr+2.jpg,False
GP_Ip_10.3mm_closed_R5_single_refY_005-raw02-02,GP_Ip_10.3mm_closed_R5_single_refY,GP_Ip_10.3mm_closed_R5_single_refY_005,2,3,260,raw/GP_Ip_10.3mm_closed_R5_single_refY_005.mp4,GP_Ip_10.3mm_closed_R5_single_refY_005-raw02-02-nbr+3,dg3_neighbors/images/GP_Ip_10.3mm_closed_R5_single_refY_005-raw02-02-nbr+3.jpg,False
GP_Ip_10.3mm_closed_R5_single_refY_005-raw03-08,GP_Ip_10.3mm_closed_R5_single_refY,GP_Ip_10.3mm_closed_R5_single_refY_005,3,-3,498,raw/GP_Ip_10.3mm_closed_R5_single_refY_005.mp4,GP_Ip_10.3mm_closed_R5_single_refY_005-raw03-08-nbr-3,dg3_neighbors/images/GP_Ip_10.3mm_closed_R5_single_refY_005-raw03-08-nbr-3.jpg,False
GP_Ip_10.3mm_closed_R5_single_refY_005-raw03-08,GP_Ip_10.3mm_closed_R5_single_refY,GP_Ip_10.3mm_closed_R5_single_refY_005,3,-2,499,raw/GP_Ip_10.3mm_closed_R5_single_refY_005.mp4,GP_Ip_10.3mm_closed_R5_single_refY_005-raw03-08-nbr-2,dg3_neighbors/images/GP_Ip_10.3mm_closed_R5_single_refY_005-raw03-08-nbr-2.jpg,False
GP_Ip_10.3mm_closed_R5_single_refY_005-raw03-08,GP_Ip_10.3mm_closed_R5_single_refY,GP_Ip_10.3mm_closed_R5_single_refY_005,3,-1,500,raw/GP_Ip_10.3mm_closed_R5_single_refY_005.mp4,GP_Ip_10.3mm_closed_R5_single_refY_005-raw03-08-nbr-1,dg3_neighbors/images/GP_Ip_10.3mm_closed_R5_single_refY_005-raw03-08-nbr-1.jpg,False
GP_Ip_10.3mm_closed_R5_single_refY_005-raw03-08,GP_Ip_10.3mm_closed_R5_single_refY,GP_Ip_10.3mm_closed_R5_single_refY_005,3,0,501,raw/GP_Ip_10.3mm_closed_R5_single_refY_005.mp4,GP_Ip_10.3mm_closed_R5_single_refY_005-raw03-08-nbr+0,dg3_neighbors/images/GP_Ip_10.3mm_closed_R5_single_refY_005-raw03-08-nbr+0.jpg,True
GP_Ip_10.3mm_closed_R5_single_refY_005-raw03-08,GP_Ip_10.3mm_closed_R5_single_refY,GP_Ip_10.3mm_closed_R5_single_refY_005,3,1,502,raw/GP_Ip_10.3mm_closed_R5_single_refY_005.mp4,GP_Ip_10.3mm_closed_R5_single_refY_005-raw03-08-nbr+1,dg3_neighbors/images/GP_Ip_10.3mm_closed_R5_single_refY_005-raw03-08-nbr+1.jpg,False
GP_Ip_10.3mm_closed_R5_single_refY_005-raw03-08,GP_Ip_10.3mm_closed_R5_single_refY,GP_Ip_10.3mm_closed_R5_single_refY_005,3,2,503,raw/GP_Ip_10.3mm_closed_R5_single_refY_005.mp4,GP_Ip_10.3mm_closed_R5_single_refY_005-raw03-08-nbr+2,dg3_neighbors/images/GP_Ip_10.3mm_closed_R5_single_refY_005-raw03-08-nbr+2.jpg,False
GP_Ip_10.3mm_closed_R5_single_refY_005-raw03-08,GP_Ip_10.3mm_closed_R5_single_refY,GP_Ip_10.3mm_closed_R5_single_refY_005,3,3,504,raw/GP_Ip_10.3mm_closed_R5_single_refY_005.mp4,GP_Ip_10.3mm_closed_R5_single_refY_005-raw03-08-nbr+3,dg3_neighbors/images/GP_Ip_10.3mm_closed_R5_single_refY_005-raw03-08-nbr+3.jpg,False
GP_Ip_10.3mm_closed_R5_single_refY_005-raw04-24,GP_Ip_10.3mm_closed_R5_single_refY,GP_Ip_10.3mm_closed_R5_single_refY_005,4,-3,823,raw/GP_Ip_10.3mm_closed_R5_single_refY_005.mp4,GP_Ip_10.3mm_closed_R5_single_refY_005-raw04-24-nbr-3,dg3_neighbors/images/GP_Ip_10.3mm_closed_R5_single_refY_005-raw04-24-nbr-3.jpg,False
GP_Ip_10.3mm_closed_R5_single_refY_005-raw04-24,GP_Ip_10.3mm_closed_R5_single_refY,GP_Ip_10.3mm_closed_R5_single_refY_005,4,-2,824,raw/GP_Ip_10.3mm_closed_R5_single_refY_005.mp4,GP_Ip_10.3mm_closed_R5_single_refY_005-raw04-24-nbr-2,dg3_neighbors/images/GP_Ip_10.3mm_closed_R5_single_refY_005-raw04-24-nbr-2.jpg,False
GP_Ip_10.3mm_closed_R5_single_refY_005-raw04-24,GP_Ip_10.3mm_closed_R5_single_refY,GP_Ip_10.3mm_closed_R5_single_refY_005,4,-1,825,raw/GP_Ip_10.3mm_closed_R5_single_refY_005.mp4,GP_Ip_10.3mm_closed_R5_single_refY_005-raw04-24-nbr-1,dg3_neighbors/images/GP_Ip_10.3mm_closed_R5_single_refY_005-raw04-24-nbr-1.jpg,False
GP_Ip_10.3mm_closed_R5_single_refY_005-raw04-24,GP_Ip_10.3mm_closed_R5_single_refY,GP_Ip_10.3mm_closed_R5_single_refY_005,4,0,826,raw/GP_Ip_10.3mm_closed_R5_single_refY_005.mp4,GP_Ip_10.3mm_closed_R5_single_refY_005-raw04-24-nbr+0,dg3_neighbors/images/GP_Ip_10.3mm_closed_R5_single_refY_005-raw04-24-nbr+0.jpg,True
GP_Ip_10.3mm_closed_R5_single_refY_005-raw04-24,GP_Ip_10.3mm_closed_R5_single_refY,GP_Ip_10.3mm_closed_R5_single_refY_005,4,1,827,raw/GP_Ip_10.3mm_closed_R5_single_refY_005.mp4,GP_Ip_10.3mm_closed_R5_single_refY_005-raw04-24-nbr+1,dg3_neighbors/images/GP_Ip_10.3mm_closed_R5_single_refY_005-raw04-24-nbr+1.jpg,False
GP_Ip_10.3mm_closed_R5_single_refY_005-raw04-24,GP_Ip_10.3mm_closed_R5_single_refY,GP_Ip_10.3mm_closed_R5_single_refY_005,4,2,828,raw/GP_Ip_10.3mm_closed_R5_single_refY_005.mp4,GP_Ip_10.3mm_closed_R5_single_refY_005-raw04-24-nbr+2,dg3_neighbors/images/GP_Ip_10.3mm_closed_R5_single_refY_005-raw04-24-nbr+2.jpg,False
GP_Ip_10.3mm_closed_R5_single_refY_005-raw04-24,GP_Ip_10.3mm_closed_R5_single_refY,GP_Ip_10.3mm_closed_R5_single_refY_005,4,3,829,raw/GP_Ip_10.3mm_closed_R5_single_refY_005.mp4,GP_Ip_10.3mm_closed_R5_single_refY_005-raw04-24-nbr+3,dg3_neighbors/images/GP_Ip_10.3mm_closed_R5_single_refY_005-raw04-24-nbr+3.jpg,False
GP_Ip_10.3mm_closed_R5_single_refY_005-raw05-22,GP_Ip_10.3mm_closed_R5_single_refY,GP_Ip_10.3mm_closed_R5_single_refY_005,5,-3,1004,raw/GP_Ip_10.3mm_closed_R5_single_refY_005.mp4,GP_Ip_10.3mm_closed_R5_single_refY_005-raw05-22-nbr-3,dg3_neighbors/images/GP_Ip_10.3mm_closed_R5_single_refY_005-raw05-22-nbr-3.jpg,False
GP_Ip_10.3mm_closed_R5_single_refY_005-raw05-22,GP_Ip_10.3mm_closed_R5_single_refY,GP_Ip_10.3mm_closed_R5_single_refY_005,5,-2,1005,raw/GP_Ip_10.3mm_closed_R5_single_refY_005.mp4,GP_Ip_10.3mm_closed_R5_single_refY_005-raw05-22-nbr-2,dg3_neighbors/images/GP_Ip_10.3mm_closed_R5_single_refY_005-raw05-22-nbr-2.jpg,False
GP_Ip_10.3mm_closed_R5_single_refY_005-raw05-22,GP_Ip_10.3mm_closed_R5_single_refY,GP_Ip_10.3mm_closed_R5_single_refY_005,5,-1,1006,raw/GP_Ip_10.3mm_closed_R5_single_refY_005.mp4,GP_Ip_10.3mm_closed_R5_single_refY_005-raw05-22-nbr-1,dg3_neighbors/images/GP_Ip_10.3mm_closed_R5_single_refY_005-raw05-22-nbr-1.jpg,False
GP_Ip_10.3mm_closed_R5_single_refY_005-raw05-22,GP_Ip_10.3mm_closed_R5_single_refY,GP_Ip_10.3mm_closed_R5_single_refY_005,5,0,1007,raw/GP_Ip_10.3mm_closed_R5_single_refY_005.mp4,GP_Ip_10.3mm_closed_R5_single_refY_005-raw05-22-nbr+0,dg3_neighbors/images/GP_Ip_10.3mm_closed_R5_single_refY_005-raw05-22-nbr+0.jpg,True
GP_Ip_10.3mm_closed_R5_single_refY_005-raw05-22,GP_Ip_10.3mm_closed_R5_single_refY,GP_Ip_10.3mm_closed_R5_single_refY_005,5,1,1008,raw/GP_Ip_10.3mm_closed_R5_single_refY_005.mp4,GP_Ip_10.3mm_closed_R5_single_refY_005-raw05-22-nbr+1,dg3_neighbors/images/GP_Ip_10.3mm_closed_R5_single_refY_005-raw05-22-nbr+1.jpg,False
GP_Ip_10.3mm_closed_R5_single_refY_005-raw05-22,GP_Ip_10.3mm_closed_R5_single_refY,GP_Ip_10.3mm_closed_R5_single_refY_005,5,2,1009,raw/GP_Ip_10.3mm_closed_R5_single_refY_005.mp4,GP_Ip_10.3mm_closed_R5_single_refY_005-raw05-22-nbr+2,dg3_neighbors/images/GP_Ip_10.3mm_closed_R5_single_refY_005-raw05-22-nbr+2.jpg,False
GP_Ip_10.3mm_closed_R5_single_refY_005-raw05-22,GP_Ip_10.3mm_closed_R5_single_refY,GP_Ip_10.3mm_closed_R5_single_refY_005,5,3,1010,raw/GP_Ip_10.3mm_closed_R5_single_refY_005.mp4,GP_Ip_10.3mm_closed_R5_single_refY_005-raw05-22-nbr+3,dg3_neighbors/images/GP_Ip_10.3mm_closed_R5_single_refY_005-raw05-22-nbr+3.jpg,False
GP_Ip_12.0mm_closed_R10_single_refY_004-raw02-21,GP_Ip_12.0mm_closed_R10_single_refY,GP_Ip_12.0mm_closed_R10_single_refY_004,2,-3,476,raw/GP_Ip_12.0mm_closed_R10_single_refY_004.mp4,GP_Ip_12.0mm_closed_R10_single_refY_004-raw02-21-nbr-3,dg3_neighbors/images/GP_Ip_12.0mm_closed_R10_single_refY_004-raw02-21-nbr-3.jpg,False
GP_Ip_12.0mm_closed_R10_single_refY_004-raw02-21,GP_Ip_12.0mm_closed_R10_single_refY,GP_Ip_12.0mm_closed_R10_single_refY_004,2,-2,477,raw/GP_Ip_12.0mm_closed_R10_single_refY_004.mp4,GP_Ip_12.0mm_closed_R10_single_refY_004-raw02-21-nbr-2,dg3_neighbors/images/GP_Ip_12.0mm_closed_R10_single_refY_004-raw02-21-nbr-2.jpg,False
GP_Ip_12.0mm_closed_R10_single_refY_004-raw02-21,GP_Ip_12.0mm_closed_R10_single_refY,GP_Ip_12.0mm_closed_R10_single_refY_004,2,-1,478,raw/GP_Ip_12.0mm_closed_R10_single_refY_004.mp4,GP_Ip_12.0mm_closed_R10_single_refY_004-raw02-21-nbr-1,dg3_neighbors/images/GP_Ip_12.0mm_closed_R10_single_refY_004-raw02-21-nbr-1.jpg,False
GP_Ip_12.0mm_closed_R10_single_refY_004-raw02-21,GP_Ip_12.0mm_closed_R10_single_refY,GP_Ip_12.0mm_closed_R10_single_refY_004,2,0,479,raw/GP_Ip_12.0mm_closed_R10_single_refY_004.mp4,GP_Ip_12.0mm_closed_R10_single_refY_004-raw02-21-nbr+0,dg3_neighbors/images/GP_Ip_12.0mm_closed_R10_single_refY_004-raw02-21-nbr+0.jpg,True
GP_Ip_12.0mm_closed_R10_single_refY_004-raw02-21,GP_Ip_12.0mm_closed_R10_single_refY,GP_Ip_12.0mm_closed_R10_single_refY_004,2,1,480,raw/GP_Ip_12.0mm_closed_R10_single_refY_004.mp4,GP_Ip_12.0mm_closed_R10_single_refY_004-raw02-21-nbr+1,dg3_neighbors/images/GP_Ip_12.0mm_closed_R10_single_refY_004-raw02-21-nbr+1.jpg,False
GP_Ip_12.0mm_closed_R10_single_refY_004-raw02-21,GP_Ip_12.0mm_closed_R10_single_refY,GP_Ip_12.0mm_closed_R10_single_refY_004,2,2,481,raw/GP_Ip_12.0mm_closed_R10_single_refY_004.mp4,GP_Ip_12.0mm_closed_R10_single_refY_004-raw02-21-nbr+2,dg3_neighbors/images/GP_Ip_12.0mm_closed_R10_single_refY_004-raw02-21-nbr+2.jpg,False
GP_Ip_12.0mm_closed_R10_single_refY_004-raw02-21,GP_Ip_12.0mm_closed_R10_single_refY,GP_Ip_12.0mm_closed_R10_single_refY_004,2,3,482,raw/GP_Ip_12.0mm_closed_R10_single_refY_004.mp4,GP_Ip_12.0mm_closed_R10_single_refY_004-raw02-21-nbr+3,dg3_neighbors/images/GP_Ip_12.0mm_closed_R10_single_refY_004-raw02-21-nbr+3.jpg,False
GP_Ip_12.0mm_closed_R10_single_refY_004-raw03-10,GP_Ip_12.0mm_closed_R10_single_refY,GP_Ip_12.0mm_closed_R10_single_refY_004,3,-3,599,raw/GP_Ip_12.0mm_closed_R10_single_refY_004.mp4,GP_Ip_12.0mm_closed_R10_single_refY_004-raw03-10-nbr-3,dg3_neighbors/images/GP_Ip_12.0mm_closed_R10_single_refY_004-raw03-10-nbr-3.jpg,False
GP_Ip_12.0mm_closed_R10_single_refY_004-raw03-10,GP_Ip_12.0mm_closed_R10_single_refY,GP_Ip_12.0mm_closed_R10_single_refY_004,3,-2,600,raw/GP_Ip_12.0mm_closed_R10_single_refY_004.mp4,GP_Ip_12.0mm_closed_R10_single_refY_004-raw03-10-nbr-2,dg3_neighbors/images/GP_Ip_12.0mm_closed_R10_single_refY_004-raw03-10-nbr-2.jpg,False
GP_Ip_12.0mm_closed_R10_single_refY_004-raw03-10,GP_Ip_12.0mm_closed_R10_single_refY,GP_Ip_12.0mm_closed_R10_single_refY_004,3,-1,601,raw/GP_Ip_12.0mm_closed_R10_single_refY_004.mp4,GP_Ip_12.0mm_closed_R10_single_refY_004-raw03-10-nbr-1,dg3_neighbors/images/GP_Ip_12.0mm_closed_R10_single_refY_004-raw03-10-nbr-1.jpg,False
GP_Ip_12.0mm_closed_R10_single_refY_004-raw03-10,GP_Ip_12.0mm_closed_R10_single_refY,GP_Ip_12.0mm_closed_R10_single_refY_004,3,0,602,raw/GP_Ip_12.0mm_closed_R10_single_refY_004.mp4,GP_Ip_12.0mm_closed_R10_single_refY_004-raw03-10-nbr+0,dg3_neighbors/images/GP_Ip_12.0mm_closed_R10_single_refY_004-raw03-10-nbr+0.jpg,True
GP_Ip_12.0mm_closed_R10_single_refY_004-raw03-10,GP_Ip_12.0mm_closed_R10_single_refY,GP_Ip_12.0mm_closed_R10_single_refY_004,3,1,603,raw/GP_Ip_12.0mm_closed_R10_single_refY_004.mp4,GP_Ip_12.0mm_closed_R10_single_refY_004-raw03-10-nbr+1,dg3_neighbors/images/GP_Ip_12.0mm_closed_R10_single_refY_004-raw03-10-nbr+1.jpg,False
GP_Ip_12.0mm_closed_R10_single_refY_004-raw03-10,GP_Ip_12.0mm_closed_R10_single_refY,GP_Ip_12.0mm_closed_R10_single_refY_004,3,2,604,raw/GP_Ip_12.0mm_closed_R10_single_refY_004.mp4,GP_Ip_12.0mm_closed_R10_single_refY_004-raw03-10-nbr+2,dg3_neighbors/images/GP_Ip_12.0mm_closed_R10_single_refY_004-raw03-10-nbr+2.jpg,False
GP_Ip_12.0mm_closed_R10_single_refY_004-raw03-10,GP_Ip_12.0mm_closed_R10_single_refY,GP_Ip_12.0mm_closed_R10_single_refY_004,3,3,605,raw/GP_Ip_12.0mm_closed_R10_single_refY_004.mp4,GP_Ip_12.0mm_closed_R10_single_refY_004-raw03-10-nbr+3,dg3_neighbors/images/GP_Ip_12.0mm_closed_R10_single_refY_004-raw03-10-nbr+3.jpg,False
GP_Ip_12.0mm_closed_R10_single_refY_004-raw04-23,GP_Ip_12.0mm_closed_R10_single_refY,GP_Ip_12.0mm_closed_R10_single_refY_004,4,-3,949,raw/GP_Ip_12.0mm_closed_R10_single_refY_004.mp4,GP_Ip_12.0mm_closed_R10_single_refY_004-raw04-23-nbr-3,dg3_neighbors/images/GP_Ip_12.0mm_closed_R10_single_refY_004-raw04-23-nbr-3.jpg,False
GP_Ip_12.0mm_closed_R10_single_refY_004-raw04-23,GP_Ip_12.0mm_closed_R10_single_refY,GP_Ip_12.0mm_closed_R10_single_refY_004,4,-2,950,raw/GP_Ip_12.0mm_closed_R10_single_refY_004.mp4,GP_Ip_12.0mm_closed_R10_single_refY_004-raw04-23-nbr-2,dg3_neighbors/images/GP_Ip_12.0mm_closed_R10_single_refY_004-raw04-23-nbr-2.jpg,False
GP_Ip_12.0mm_closed_R10_single_refY_004-raw04-23,GP_Ip_12.0mm_closed_R10_single_refY,GP_Ip_12.0mm_closed_R10_single_refY_004,4,-1,951,raw/GP_Ip_12.0mm_closed_R10_single_refY_004.mp4,GP_Ip_12.0mm_closed_R10_single_refY_004-raw04-23-nbr-1,dg3_neighbors/images/GP_Ip_12.0mm_closed_R10_single_refY_004-raw04-23-nbr-1.jpg,False
GP_Ip_12.0mm_closed_R10_single_refY_004-raw04-23,GP_Ip_12.0mm_closed_R10_single_refY,GP_Ip_12.0mm_closed_R10_single_refY_004,4,0,952,raw/GP_Ip_12.0mm_closed_R10_single_refY_004.mp4,GP_Ip_12.0mm_closed_R10_single_refY_004-raw04-23-nbr+0,dg3_neighbors/images/GP_Ip_12.0mm_closed_R10_single_refY_004-raw04-23-nbr+0.jpg,True
GP_Ip_12.0mm_closed_R10_single_refY_004-raw04-23,GP_Ip_12.0mm_closed_R10_single_refY,GP_Ip_12.0mm_closed_R10_single_refY_004,4,1,953,raw/GP_Ip_12.0mm_closed_R10_single_refY_004.mp4,GP_Ip_12.0mm_closed_R10_single_refY_004-raw04-23-nbr+1,dg3_neighbors/images/GP_Ip_12.0mm_closed_R10_single_refY_004-raw04-23-nbr+1.jpg,False
GP_Ip_12.0mm_closed_R10_single_refY_004-raw04-23,GP_Ip_12.0mm_closed_R10_single_refY,GP_Ip_12.0mm_closed_R10_single_refY_004,4,2,954,raw/GP_Ip_12.0mm_closed_R10_single_refY_004.mp4,GP_Ip_12.0mm_closed_R10_single_refY_004-raw04-23-nbr+2,dg3_neighbors/images/GP_Ip_12.0mm_closed_R10_single_refY_004-raw04-23-nbr+2.jpg,False
GP_Ip_12.0mm_closed_R10_single_refY_004-raw04-23,GP_Ip_12.0mm_closed_R10_single_refY,GP_Ip_12.0mm_closed_R10_single_refY_004,4,3,955,raw/GP_Ip_12.0mm_closed_R10_single_refY_004.mp4,GP_Ip_12.0mm_closed_R10_single_refY_004-raw04-23-nbr+3,dg3_neighbors/images/GP_Ip_12.0mm_closed_R10_single_refY_004-raw04-23-nbr+3.jpg,False
GP_Ip_12.0mm_closed_R10_single_refY_004-raw05-17,GP_Ip_12.0mm_closed_R10_single_refY,GP_Ip_12.0mm_closed_R10_single_refY_004,5,-3,1122,raw/GP_Ip_12.0mm_closed_R10_single_refY_004.mp4,GP_Ip_12.0mm_closed_R10_single_refY_004-raw05-17-nbr-3,dg3_neighbors/images/GP_Ip_12.0mm_closed_R10_single_refY_004-raw05-17-nbr-3.jpg,False
GP_Ip_12.0mm_closed_R10_single_refY_004-raw05-17,GP_Ip_12.0mm_closed_R10_single_refY,GP_Ip_12.0mm_closed_R10_single_refY_004,5,-2,1123,raw/GP_Ip_12.0mm_closed_R10_single_refY_004.mp4,GP_Ip_12.0mm_closed_R10_single_refY_004-raw05-17-nbr-2,dg3_neighbors/images/GP_Ip_12.0mm_closed_R10_single_refY_004-raw05-17-nbr-2.jpg,False
GP_Ip_12.0mm_closed_R10_single_refY_004-raw05-17,GP_Ip_12.0mm_closed_R10_single_refY,GP_Ip_12.0mm_closed_R10_single_refY_004,5,-1,1124,raw/GP_Ip_12.0mm_closed_R10_single_refY_004.mp4,GP_Ip_12.0mm_closed_R10_single_refY_004-raw05-17-nbr-1,dg3_neighbors/images/GP_Ip_12.0mm_closed_R10_single_refY_004-raw05-17-nbr-1.jpg,False
GP_Ip_12.0mm_closed_R10_single_refY_004-raw05-17,GP_Ip_12.0mm_closed_R10_single_refY,GP_Ip_12.0mm_closed_R10_single_refY_004,5,0,1125,raw/GP_Ip_12.0mm_closed_R10_single_refY_004.mp4,GP_Ip_12.0mm_closed_R10_single_refY_004-raw05-17-nbr+0,dg3_neighbors/images/GP_Ip_12.0mm_closed_R10_single_refY_004-raw05-17-nbr+0.jpg,True
GP_Ip_12.0mm_closed_R10_single_refY_004-raw05-17,GP_Ip_12.0mm_closed_R10_single_refY,GP_Ip_12.0mm_closed_R10_single_refY_004,5,1,1126,raw/GP_Ip_12.0mm_closed_R10_single_refY_004.mp4,GP_Ip_12.0mm_closed_R10_single_refY_004-raw05-17-nbr+1,dg3_neighbors/images/GP_Ip_12.0mm_closed_R10_single_refY_004-raw05-17-nbr+1.jpg,False
GP_Ip_12.0mm_closed_R10_single_refY_004-raw05-17,GP_Ip_12.0mm_closed_R10_single_refY,GP_Ip_12.0mm_closed_R10_single_refY_004,5,2,1127,raw/GP_Ip_12.0mm_closed_R10_single_refY_004.mp4,GP_Ip_12.0mm_closed_R10_single_refY_004-raw05-17-nbr+2,dg3_neighbors/images/GP_Ip_12.0mm_closed_R10_single_refY_004-raw05-17-nbr+2.jpg,False
GP_Ip_12.0mm_closed_R10_single_refY_004-raw05-17,GP_Ip_12.0mm_closed_R10_single_refY,GP_Ip_12.0mm_closed_R10_single_refY_004,5,3,1128,raw/GP_Ip_12.0mm_closed_R10_single_refY_004.mp4,GP_Ip_12.0mm_closed_R10_single_refY_004-raw05-17-nbr+3,dg3_neighbors/images/GP_Ip_12.0mm_closed_R10_single_refY_004-raw05-17-nbr+3.jpg,False
GP_Ip_12.0mm_closed_R10_single_refY_005-raw01-11,GP_Ip_12.0mm_closed_R10_single_refY,GP_Ip_12.0mm_closed_R10_single_refY_005,1,-3,105,raw/GP_Ip_12.0mm_closed_R10_single_refY_005.mp4,GP_Ip_12.0mm_closed_R10_single_refY_005-raw01-11-nbr-3,dg3_neighbors/images/GP_Ip_12.0mm_closed_R10_single_refY_005-raw01-11-nbr-3.jpg,False
GP_Ip_12.0mm_closed_R10_single_refY_005-raw01-11,GP_Ip_12.0mm_closed_R10_single_refY,GP_Ip_12.0mm_closed_R10_single_refY_005,1,-2,106,raw/GP_Ip_12.0mm_closed_R10_single_refY_005.mp4,GP_Ip_12.0mm_closed_R10_single_refY_005-raw01-11-nbr-2,dg3_neighbors/images/GP_Ip_12.0mm_closed_R10_single_refY_005-raw01-11-nbr-2.jpg,False
GP_Ip_12.0mm_closed_R10_single_refY_005-raw01-11,GP_Ip_12.0mm_closed_R10_single_refY,GP_Ip_12.0mm_closed_R10_single_refY_005,1,-1,107,raw/GP_Ip_12.0mm_closed_R10_single_refY_005.mp4,GP_Ip_12.0mm_closed_R10_single_refY_005-raw01-11-nbr-1,dg3_neighbors/images/GP_Ip_12.0mm_closed_R10_single_refY_005-raw01-11-nbr-1.jpg,False
GP_Ip_12.0mm_closed_R10_single_refY_005-raw01-11,GP_Ip_12.0mm_closed_R10_single_refY,GP_Ip_12.0mm_closed_R10_single_refY_005,1,0,108,raw/GP_Ip_12.0mm_closed_R10_single_refY_005.mp4,GP_Ip_12.0mm_closed_R10_single_refY_005-raw01-11-nbr+0,dg3_neighbors/images/GP_Ip_12.0mm_closed_R10_single_refY_005-raw01-11-nbr+0.jpg,True
GP_Ip_12.0mm_closed_R10_single_refY_005-raw01-11,GP_Ip_12.0mm_closed_R10_single_refY,GP_Ip_12.0mm_closed_R10_single_refY_005,1,1,109,raw/GP_Ip_12.0mm_closed_R10_single_refY_005.mp4,GP_Ip_12.0mm_closed_R10_single_refY_005-raw01-11-nbr+1,dg3_neighbors/images/GP_Ip_12.0mm_closed_R10_single_refY_005-raw01-11-nbr+1.jpg,False
GP_Ip_12.0mm_closed_R10_single_refY_005-raw01-11,GP_Ip_12.0mm_closed_R10_single_refY,GP_Ip_12.0mm_closed_R10_single_refY_005,1,2,110,raw/GP_Ip_12.0mm_closed_R10_single_refY_005.mp4,GP_Ip_12.0mm_closed_R10_single_refY_005-raw01-11-nbr+2,dg3_neighbors/images/GP_Ip_12.0mm_closed_R10_single_refY_005-raw01-11-nbr+2.jpg,False
GP_Ip_12.0mm_closed_R10_single_refY_005-raw01-11,GP_Ip_12.0mm_closed_R10_single_refY,GP_Ip_12.0mm_closed_R10_single_refY_005,1,3,111,raw/GP_Ip_12.0mm_closed_R10_single_refY_005.mp4,GP_Ip_12.0mm_closed_R10_single_refY_005-raw01-11-nbr+3,dg3_neighbors/images/GP_Ip_12.0mm_closed_R10_single_refY_005-raw01-11-nbr+3.jpg,False
GP_Ip_12.0mm_closed_R10_single_refY_005-raw02-13,GP_Ip_12.0mm_closed_R10_single_refY,GP_Ip_12.0mm_closed_R10_single_refY_005,2,-3,273,raw/GP_Ip_12.0mm_closed_R10_single_refY_005.mp4,GP_Ip_12.0mm_closed_R10_single_refY_005-raw02-13-nbr-3,dg3_neighbors/images/GP_Ip_12.0mm_closed_R10_single_refY_005-raw02-13-nbr-3.jpg,False
GP_Ip_12.0mm_closed_R10_single_refY_005-raw02-13,GP_Ip_12.0mm_closed_R10_single_refY,GP_Ip_12.0mm_closed_R10_single_refY_005,2,-2,274,raw/GP_Ip_12.0mm_closed_R10_single_refY_005.mp4,GP_Ip_12.0mm_closed_R10_single_refY_005-raw02-13-nbr-2,dg3_neighbors/images/GP_Ip_12.0mm_closed_R10_single_refY_005-raw02-13-nbr-2.jpg,False
GP_Ip_12.0mm_closed_R10_single_refY_005-raw02-13,GP_Ip_12.0mm_closed_R10_single_refY,GP_Ip_12.0mm_closed_R10_single_refY_005,2,-1,275,raw/GP_Ip_12.0mm_closed_R10_single_refY_005.mp4,GP_Ip_12.0mm_closed_R10_single_refY_005-raw02-13-nbr-1,dg3_neighbors/images/GP_Ip_12.0mm_closed_R10_single_refY_005-raw02-13-nbr-1.jpg,False
GP_Ip_12.0mm_closed_R10_single_refY_005-raw02-13,GP_Ip_12.0mm_closed_R10_single_refY,GP_Ip_12.0mm_closed_R10_single_refY_005,2,0,276,raw/GP_Ip_12.0mm_closed_R10_single_refY_005.mp4,GP_Ip_12.0mm_closed_R10_single_refY_005-raw02-13-nbr+0,dg3_neighbors/images/GP_Ip_12.0mm_closed_R10_single_refY_005-raw02-13-nbr+0.jpg,True
GP_Ip_12.0mm_closed_R10_single_refY_005-raw02-13,GP_Ip_12.0mm_closed_R10_single_refY,GP_Ip_12.0mm_closed_R10_single_refY_005,2,1,277,raw/GP_Ip_12.0mm_closed_R10_single_refY_005.mp4,GP_Ip_12.0mm_closed_R10_single_refY_005-raw02-13-nbr+1,dg3_neighbors/images/GP_Ip_12.0mm_closed_R10_single_refY_005-raw02-13-nbr+1.jpg,False
GP_Ip_12.0mm_closed_R10_single_refY_005-raw02-13,GP_Ip_12.0mm_closed_R10_single_refY,GP_Ip_12.0mm_closed_R10_single_refY_005,2,2,278,raw/GP_Ip_12.0mm_closed_R10_single_refY_005.mp4,GP_Ip_12.0mm_closed_R10_single_refY_005-raw02-13-nbr+2,dg3_neighbors/images/GP_Ip_12.0mm_closed_R10_single_refY_005-raw02-13-nbr+2.jpg,False
GP_Ip_12.0mm_closed_R10_single_refY_005-raw02-13,GP_Ip_12.0mm_closed_R10_single_refY,GP_Ip_12.0mm_closed_R10_single_refY_005,2,3,279,raw/GP_Ip_12.0mm_closed_R10_single_refY_005.mp4,GP_Ip_12.0mm_closed_R10_single_refY_005-raw02-13-nbr+3,dg3_neighbors/images/GP_Ip_12.0mm_closed_R10_single_refY_005-raw02-13-nbr+3.jpg,False
GP_Ip_12.0mm_closed_R10_single_refY_005-raw03-12,GP_Ip_12.0mm_closed_R10_single_refY,GP_Ip_12.0mm_closed_R10_single_refY_005,3,-3,421,raw/GP_Ip_12.0mm_closed_R10_single_refY_005.mp4,GP_Ip_12.0mm_closed_R10_single_refY_005-raw03-12-nbr-3,dg3_neighbors/images/GP_Ip_12.0mm_closed_R10_single_refY_005-raw03-12-nbr-3.jpg,False
GP_Ip_12.0mm_closed_R10_single_refY_005-raw03-12,GP_Ip_12.0mm_closed_R10_single_refY,GP_Ip_12.0mm_closed_R10_single_refY_005,3,-2,422,raw/GP_Ip_12.0mm_closed_R10_single_refY_005.mp4,GP_Ip_12.0mm_closed_R10_single_refY_005-raw03-12-nbr-2,dg3_neighbors/images/GP_Ip_12.0mm_closed_R10_single_refY_005-raw03-12-nbr-2.jpg,False
GP_Ip_12.0mm_closed_R10_single_refY_005-raw03-12,GP_Ip_12.0mm_closed_R10_single_refY,GP_Ip_12.0mm_closed_R10_single_refY_005,3,-1,423,raw/GP_Ip_12.0mm_closed_R10_single_refY_005.mp4,GP_Ip_12.0mm_closed_R10_single_refY_005-raw03-12-nbr-1,dg3_neighbors/images/GP_Ip_12.0mm_closed_R10_single_refY_005-raw03-12-nbr-1.jpg,False
GP_Ip_12.0mm_closed_R10_single_refY_005-raw03-12,GP_Ip_12.0mm_closed_R10_single_refY,GP_Ip_12.0mm_closed_R10_single_refY_005,3,0,424,raw/GP_Ip_12.0mm_closed_R10_single_refY_005.mp4,GP_Ip_12.0mm_closed_R10_single_refY_005-raw03-12-nbr+0,dg3_neighbors/images/GP_Ip_12.0mm_closed_R10_single_refY_005-raw03-12-nbr+0.jpg,True
GP_Ip_12.0mm_closed_R10_single_refY_005-raw03-12,GP_Ip_12.0mm_closed_R10_single_refY,GP_Ip_12.0mm_closed_R10_single_refY_005,3,1,425,raw/GP_Ip_12.0mm_closed_R10_single_refY_005.mp4,GP_Ip_12.0mm_closed_R10_single_refY_005-raw03-12-nbr+1,dg3_neighbors/images/GP_Ip_12.0mm_closed_R10_single_refY_005-raw03-12-nbr+1.jpg,False
GP_Ip_12.0mm_closed_R10_single_refY_005-raw03-12,GP_Ip_12.0mm_closed_R10_single_refY,GP_Ip_12.0mm_closed_R10_single_refY_005,3,2,426,raw/GP_Ip_12.0mm_closed_R10_single_refY_005.mp4,GP_Ip_12.0mm_closed_R10_single_refY_005-raw03-12-nbr+2,dg3_neighbors/images/GP_Ip_12.0mm_closed_R10_single_refY_005-raw03-12-nbr+2.jpg,False
GP_Ip_12.0mm_closed_R10_single_refY_005-raw03-12,GP_Ip_12.0mm_closed_R10_single_refY,GP_Ip_12.0mm_closed_R10_single_refY_005,3,3,427,raw/GP_Ip_12.0mm_closed_R10_single_refY_005.mp4,GP_Ip_12.0mm_closed_R10_single_refY_005-raw03-12-nbr+3,dg3_neighbors/images/GP_Ip_12.0mm_closed_R10_single_refY_005-raw03-12-nbr+3.jpg,False
GP_Ip_12.0mm_closed_R10_single_refY_005-raw04-02,GP_Ip_12.0mm_closed_R10_single_refY,GP_Ip_12.0mm_closed_R10_single_refY_005,4,-3,511,raw/GP_Ip_12.0mm_closed_R10_single_refY_005.mp4,GP_Ip_12.0mm_closed_R10_single_refY_005-raw04-02-nbr-3,dg3_neighbors/images/GP_Ip_12.0mm_closed_R10_single_refY_005-raw04-02-nbr-3.jpg,False
GP_Ip_12.0mm_closed_R10_single_refY_005-raw04-02,GP_Ip_12.0mm_closed_R10_single_refY,GP_Ip_12.0mm_closed_R10_single_refY_005,4,-2,512,raw/GP_Ip_12.0mm_closed_R10_single_refY_005.mp4,GP_Ip_12.0mm_closed_R10_single_refY_005-raw04-02-nbr-2,dg3_neighbors/images/GP_Ip_12.0mm_closed_R10_single_refY_005-raw04-02-nbr-2.jpg,False
GP_Ip_12.0mm_closed_R10_single_refY_005-raw04-02,GP_Ip_12.0mm_closed_R10_single_refY,GP_Ip_12.0mm_closed_R10_single_refY_005,4,-1,513,raw/GP_Ip_12.0mm_closed_R10_single_refY_005.mp4,GP_Ip_12.0mm_closed_R10_single_refY_005-raw04-02-nbr-1,dg3_neighbors/images/GP_Ip_12.0mm_closed_R10_single_refY_005-raw04-02-nbr-1.jpg,False
GP_Ip_12.0mm_closed_R10_single_refY_005-raw04-02,GP_Ip_12.0mm_closed_R10_single_refY,GP_Ip_12.0mm_closed_R10_single_refY_005,4,0,514,raw/GP_Ip_12.0mm_closed_R10_single_refY_005.mp4,GP_Ip_12.0mm_closed_R10_single_refY_005-raw04-02-nbr+0,dg3_neighbors/images/GP_Ip_12.0mm_closed_R10_single_refY_005-raw04-02-nbr+0.jpg,True
GP_Ip_12.0mm_closed_R10_single_refY_005-raw04-02,GP_Ip_12.0mm_closed_R10_single_refY,GP_Ip_12.0mm_closed_R10_single_refY_005,4,1,515,raw/GP_Ip_12.0mm_closed_R10_single_refY_005.mp4,GP_Ip_12.0mm_closed_R10_single_refY_005-raw04-02-nbr+1,dg3_neighbors/images/GP_Ip_12.0mm_closed_R10_single_refY_005-raw04-02-nbr+1.jpg,False
GP_Ip_12.0mm_closed_R10_single_refY_005-raw04-02,GP_Ip_12.0mm_closed_R10_single_refY,GP_Ip_12.0mm_closed_R10_single_refY_005,4,2,516,raw/GP_Ip_12.0mm_closed_R10_single_refY_005.mp4,GP_Ip_12.0mm_closed_R10_single_refY_005-raw04-02-nbr+2,dg3_neighbors/images/GP_Ip_12.0mm_closed_R10_single_refY_005-raw04-02-nbr+2.jpg,False
GP_Ip_12.0mm_closed_R10_single_refY_005-raw04-02,GP_Ip_12.0mm_closed_R10_single_refY,GP_Ip_12.0mm_closed_R10_single_refY_005,4,3,517,raw/GP_Ip_12.0mm_closed_R10_single_refY_005.mp4,GP_Ip_12.0mm_closed_R10_single_refY_005-raw04-02-nbr+3,dg3_neighbors/images/GP_Ip_12.0mm_closed_R10_single_refY_005-raw04-02-nbr+3.jpg,False
GP_Ip_12.0mm_closed_R10_single_refY_005-raw05-07,GP_Ip_12.0mm_closed_R10_single_refY,GP_Ip_12.0mm_closed_R10_single_refY_005,5,-3,699,raw/GP_Ip_12.0mm_closed_R10_single_refY_005.mp4,GP_Ip_12.0mm_closed_R10_single_refY_005-raw05-07-nbr-3,dg3_neighbors/images/GP_Ip_12.0mm_closed_R10_single_refY_005-raw05-07-nbr-3.jpg,False
GP_Ip_12.0mm_closed_R10_single_refY_005-raw05-07,GP_Ip_12.0mm_closed_R10_single_refY,GP_Ip_12.0mm_closed_R10_single_refY_005,5,-2,700,raw/GP_Ip_12.0mm_closed_R10_single_refY_005.mp4,GP_Ip_12.0mm_closed_R10_single_refY_005-raw05-07-nbr-2,dg3_neighbors/images/GP_Ip_12.0mm_closed_R10_single_refY_005-raw05-07-nbr-2.jpg,False
GP_Ip_12.0mm_closed_R10_single_refY_005-raw05-07,GP_Ip_12.0mm_closed_R10_single_refY,GP_Ip_12.0mm_closed_R10_single_refY_005,5,-1,701,raw/GP_Ip_12.0mm_closed_R10_single_refY_005.mp4,GP_Ip_12.0mm_closed_R10_single_refY_005-raw05-07-nbr-1,dg3_neighbors/images/GP_Ip_12.0mm_closed_R10_single_refY_005-raw05-07-nbr-1.jpg,False
GP_Ip_12.0mm_closed_R10_single_refY_005-raw05-07,GP_Ip_12.0mm_closed_R10_single_refY,GP_Ip_12.0mm_closed_R10_single_refY_005,5,0,702,raw/GP_Ip_12.0mm_closed_R10_single_refY_005.mp4,GP_Ip_12.0mm_closed_R10_single_refY_005-raw05-07-nbr+0,dg3_neighbors/images/GP_Ip_12.0mm_closed_R10_single_refY_005-raw05-07-nbr+0.jpg,True
GP_Ip_12.0mm_closed_R10_single_refY_005-raw05-07,GP_Ip_12.0mm_closed_R10_single_refY,GP_Ip_12.0mm_closed_R10_single_refY_005,5,1,703,raw/GP_Ip_12.0mm_closed_R10_single_refY_005.mp4,GP_Ip_12.0mm_closed_R10_single_refY_005-raw05-07-nbr+1,dg3_neighbors/images/GP_Ip_12.0mm_closed_R10_single_refY_005-raw05-07-nbr+1.jpg,False
GP_Ip_12.0mm_closed_R10_single_refY_005-raw05-07,GP_Ip_12.0mm_closed_R10_single_refY,GP_Ip_12.0mm_closed_R10_single_refY_005,5,2,704,raw/GP_Ip_12.0mm_closed_R10_single_refY_005.mp4,GP_Ip_12.0mm_closed_R10_single_refY_005-raw05-07-nbr+2,dg3_neighbors/images/GP_Ip_12.0mm_closed_R10_single_refY_005-raw05-07-nbr+2.jpg,False
GP_Ip_12.0mm_closed_R10_single_refY_005-raw05-07,GP_Ip_12.0mm_closed_R10_single_refY,GP_Ip_12.0mm_closed_R10_single_refY_005,5,3,705,raw/GP_Ip_12.0mm_closed_R10_single_refY_005.mp4,GP_Ip_12.0mm_closed_R10_single_refY_005-raw05-07-nbr+3,dg3_neighbors/images/GP_Ip_12.0mm_closed_R10_single_refY_005-raw05-07-nbr+3.jpg,False
GP_Ip_12.0mm_closed_R5_single_refY_004-raw01-12,GP_Ip_12.0mm_closed_R5_single_refY,GP_Ip_12.0mm_closed_R5_single_refY_004,1,-3,146,raw/GP_Ip_12.0mm_closed_R5_single_refY_004.mp4,GP_Ip_12.0mm_closed_R5_single_refY_004-raw01-12-nbr-3,dg3_neighbors/images/GP_Ip_12.0mm_closed_R5_single_refY_004-raw01-12-nbr-3.jpg,False
GP_Ip_12.0mm_closed_R5_single_refY_004-raw01-12,GP_Ip_12.0mm_closed_R5_single_refY,GP_Ip_12.0mm_closed_R5_single_refY_004,1,-2,147,raw/GP_Ip_12.0mm_closed_R5_single_refY_004.mp4,GP_Ip_12.0mm_closed_R5_single_refY_004-raw01-12-nbr-2,dg3_neighbors/images/GP_Ip_12.0mm_closed_R5_single_refY_004-raw01-12-nbr-2.jpg,False
GP_Ip_12.0mm_closed_R5_single_refY_004-raw01-12,GP_Ip_12.0mm_closed_R5_single_refY,GP_Ip_12.0mm_closed_R5_single_refY_004,1,-1,148,raw/GP_Ip_12.0mm_closed_R5_single_refY_004.mp4,GP_Ip_12.0mm_closed_R5_single_refY_004-raw01-12-nbr-1,dg3_neighbors/images/GP_Ip_12.0mm_closed_R5_single_refY_004-raw01-12-nbr-1.jpg,False
GP_Ip_12.0mm_closed_R5_single_refY_004-raw01-12,GP_Ip_12.0mm_closed_R5_single_refY,GP_Ip_12.0mm_closed_R5_single_refY_004,1,0,149,raw/GP_Ip_12.0mm_closed_R5_single_refY_004.mp4,GP_Ip_12.0mm_closed_R5_single_refY_004-raw01-12-nbr+0,dg3_neighbors/images/GP_Ip_12.0mm_closed_R5_single_refY_004-raw01-12-nbr+0.jpg,True
GP_Ip_12.0mm_closed_R5_single_refY_004-raw01-12,GP_Ip_12.0mm_closed_R5_single_refY,GP_Ip_12.0mm_closed_R5_single_refY_004,1,1,150,raw/GP_Ip_12.0mm_closed_R5_single_refY_004.mp4,GP_Ip_12.0mm_closed_R5_single_refY_004-raw01-12-nbr+1,dg3_neighbors/images/GP_Ip_12.0mm_closed_R5_single_refY_004-raw01-12-nbr+1.jpg,False
GP_Ip_12.0mm_closed_R5_single_refY_004-raw01-12,GP_Ip_12.0mm_closed_R5_single_refY,GP_Ip_12.0mm_closed_R5_single_refY_004,1,2,151,raw/GP_Ip_12.0mm_closed_R5_single_refY_004.mp4,GP_Ip_12.0mm_closed_R5_single_refY_004-raw01-12-nbr+2,dg3_neighbors/images/GP_Ip_12.0mm_closed_R5_single_refY_004-raw01-12-nbr+2.jpg,False
GP_Ip_12.0mm_closed_R5_single_refY_004-raw01-12,GP_Ip_12.0mm_closed_R5_single_refY,GP_Ip_12.0mm_closed_R5_single_refY_004,1,3,152,raw/GP_Ip_12.0mm_closed_R5_single_refY_004.mp4,GP_Ip_12.0mm_closed_R5_single_refY_004-raw01-12-nbr+3,dg3_neighbors/images/GP_Ip_12.0mm_closed_R5_single_refY_004-raw01-12-nbr+3.jpg,False
GP_Ip_12.0mm_closed_R5_single_refY_004-raw02-23,GP_Ip_12.0mm_closed_R5_single_refY,GP_Ip_12.0mm_closed_R5_single_refY_004,2,-3,442,raw/GP_Ip_12.0mm_closed_R5_single_refY_004.mp4,GP_Ip_12.0mm_closed_R5_single_refY_004-raw02-23-nbr-3,dg3_neighbors/images/GP_Ip_12.0mm_closed_R5_single_refY_004-raw02-23-nbr-3.jpg,False
GP_Ip_12.0mm_closed_R5_single_refY_004-raw02-23,GP_Ip_12.0mm_closed_R5_single_refY,GP_Ip_12.0mm_closed_R5_single_refY_004,2,-2,443,raw/GP_Ip_12.0mm_closed_R5_single_refY_004.mp4,GP_Ip_12.0mm_closed_R5_single_refY_004-raw02-23-nbr-2,dg3_neighbors/images/GP_Ip_12.0mm_closed_R5_single_refY_004-raw02-23-nbr-2.jpg,False
GP_Ip_12.0mm_closed_R5_single_refY_004-raw02-23,GP_Ip_12.0mm_closed_R5_single_refY,GP_Ip_12.0mm_closed_R5_single_refY_004,2,-1,444,raw/GP_Ip_12.0mm_closed_R5_single_refY_004.mp4,GP_Ip_12.0mm_closed_R5_single_refY_004-raw02-23-nbr-1,dg3_neighbors/images/GP_Ip_12.0mm_closed_R5_single_refY_004-raw02-23-nbr-1.jpg,False
GP_Ip_12.0mm_closed_R5_single_refY_004-raw02-23,GP_Ip_12.0mm_closed_R5_single_refY,GP_Ip_12.0mm_closed_R5_single_refY_004,2,0,445,raw/GP_Ip_12.0mm_closed_R5_single_refY_004.mp4,GP_Ip_12.0mm_closed_R5_single_refY_004-raw02-23-nbr+0,dg3_neighbors/images/GP_Ip_12.0mm_closed_R5_single_refY_004-raw02-23-nbr+0.jpg,True
GP_Ip_12.0mm_closed_R5_single_refY_004-raw02-23,GP_Ip_12.0mm_closed_R5_single_refY,GP_Ip_12.0mm_closed_R5_single_refY_004,2,1,446,raw/GP_Ip_12.0mm_closed_R5_single_refY_004.mp4,GP_Ip_12.0mm_closed_R5_single_refY_004-raw02-23-nbr+1,dg3_neighbors/images/GP_Ip_12.0mm_closed_R5_single_refY_004-raw02-23-nbr+1.jpg,False
GP_Ip_12.0mm_closed_R5_single_refY_004-raw02-23,GP_Ip_12.0mm_closed_R5_single_refY,GP_Ip_12.0mm_closed_R5_single_refY_004,2,2,447,raw/GP_Ip_12.0mm_closed_R5_single_refY_004.mp4,GP_Ip_12.0mm_closed_R5_single_refY_004-raw02-23-nbr+2,dg3_neighbors/images/GP_Ip_12.0mm_closed_R5_single_refY_004-raw02-23-nbr+2.jpg,False
GP_Ip_12.0mm_closed_R5_single_refY_004-raw02-23,GP_Ip_12.0mm_closed_R5_single_refY,GP_Ip_12.0mm_closed_R5_single_refY_004,2,3,448,raw/GP_Ip_12.0mm_closed_R5_single_refY_004.mp4,GP_Ip_12.0mm_closed_R5_single_refY_004-raw02-23-nbr+3,dg3_neighbors/images/GP_Ip_12.0mm_closed_R5_single_refY_004-raw02-23-nbr+3.jpg,False
GP_Ip_12.0mm_closed_R5_single_refY_004-raw03-12,GP_Ip_12.0mm_closed_R5_single_refY,GP_Ip_12.0mm_closed_R5_single_refY_004,3,-3,552,raw/GP_Ip_12.0mm_closed_R5_single_refY_004.mp4,GP_Ip_12.0mm_closed_R5_single_refY_004-raw03-12-nbr-3,dg3_neighbors/images/GP_Ip_12.0mm_closed_R5_single_refY_004-raw03-12-nbr-3.jpg,False
GP_Ip_12.0mm_closed_R5_single_refY_004-raw03-12,GP_Ip_12.0mm_closed_R5_single_refY,GP_Ip_12.0mm_closed_R5_single_refY_004,3,-2,553,raw/GP_Ip_12.0mm_closed_R5_single_refY_004.mp4,GP_Ip_12.0mm_closed_R5_single_refY_004-raw03-12-nbr-2,dg3_neighbors/images/GP_Ip_12.0mm_closed_R5_single_refY_004-raw03-12-nbr-2.jpg,False
GP_Ip_12.0mm_closed_R5_single_refY_004-raw03-12,GP_Ip_12.0mm_closed_R5_single_refY,GP_Ip_12.0mm_closed_R5_single_refY_004,3,-1,554,raw/GP_Ip_12.0mm_closed_R5_single_refY_004.mp4,GP_Ip_12.0mm_closed_R5_single_refY_004-raw03-12-nbr-1,dg3_neighbors/images/GP_Ip_12.0mm_closed_R5_single_refY_004-raw03-12-nbr-1.jpg,False
GP_Ip_12.0mm_closed_R5_single_refY_004-raw03-12,GP_Ip_12.0mm_closed_R5_single_refY,GP_Ip_12.0mm_closed_R5_single_refY_004,3,0,555,raw/GP_Ip_12.0mm_closed_R5_single_refY_004.mp4,GP_Ip_12.0mm_closed_R5_single_refY_004-raw03-12-nbr+0,dg3_neighbors/images/GP_Ip_12.0mm_closed_R5_single_refY_004-raw03-12-nbr+0.jpg,True
GP_Ip_12.0mm_closed_R5_single_refY_004-raw03-12,GP_Ip_12.0mm_closed_R5_single_refY,GP_Ip_12.0mm_closed_R5_single_refY_004,3,1,556,raw/GP_Ip_12.0mm_closed_R5_single_refY_004.mp4,GP_Ip_12.0mm_closed_R5_single_refY_004-raw03-12-nbr+1,dg3_neighbors/images/GP_Ip_12.0mm_closed_R5_single_refY_004-raw03-12-nbr+1.jpg,False
GP_Ip_12.0mm_closed_R5_single_refY_004-raw03-12,GP_Ip_12.0mm_closed_R5_single_refY,GP_Ip_12.0mm_closed_R5_single_refY_004,3,2,557,raw/GP_Ip_12.0mm_closed_R5_single_refY_004.mp4,GP_Ip_12.0mm_closed_R5_single_refY_004-raw03-12-nbr+2,dg3_neighbors/images/GP_Ip_12.0mm_closed_R5_single_refY_004-raw03-12-nbr+2.jpg,False
GP_Ip_12.0mm_closed_R5_single_refY_004-raw03-12,GP_Ip_12.0mm_closed_R5_single_refY,GP_Ip_12.0mm_closed_R5_single_refY_004,3,3,558,raw/GP_Ip_12.0mm_closed_R5_single_refY_004.mp4,GP_Ip_12.0mm_closed_R5_single_refY_004-raw03-12-nbr+3,dg3_neighbors/images/GP_Ip_12.0mm_closed_R5_single_refY_004-raw03-12-nbr+3.jpg,False
GP_Ip_12.0mm_closed_R5_single_refY_004-raw04-21,GP_Ip_12.0mm_closed_R5_single_refY,GP_Ip_12.0mm_closed_R5_single_refY_004,4,-3,831,raw/GP_Ip_12.0mm_closed_R5_single_refY_004.mp4,GP_Ip_12.0mm_closed_R5_single_refY_004-raw04-21-nbr-3,dg3_neighbors/images/GP_Ip_12.0mm_closed_R5_single_refY_004-raw04-21-nbr-3.jpg,False
GP_Ip_12.0mm_closed_R5_single_refY_004-raw04-21,GP_Ip_12.0mm_closed_R5_single_refY,GP_Ip_12.0mm_closed_R5_single_refY_004,4,-2,832,raw/GP_Ip_12.0mm_closed_R5_single_refY_004.mp4,GP_Ip_12.0mm_closed_R5_single_refY_004-raw04-21-nbr-2,dg3_neighbors/images/GP_Ip_12.0mm_closed_R5_single_refY_004-raw04-21-nbr-2.jpg,False
GP_Ip_12.0mm_closed_R5_single_refY_004-raw04-21,GP_Ip_12.0mm_closed_R5_single_refY,GP_Ip_12.0mm_closed_R5_single_refY_004,4,-1,833,raw/GP_Ip_12.0mm_closed_R5_single_refY_004.mp4,GP_Ip_12.0mm_closed_R5_single_refY_004-raw04-21-nbr-1,dg3_neighbors/images/GP_Ip_12.0mm_closed_R5_single_refY_004-raw04-21-nbr-1.jpg,False
GP_Ip_12.0mm_closed_R5_single_refY_004-raw04-21,GP_Ip_12.0mm_closed_R5_single_refY,GP_Ip_12.0mm_closed_R5_single_refY_004,4,0,834,raw/GP_Ip_12.0mm_closed_R5_single_refY_004.mp4,GP_Ip_12.0mm_closed_R5_single_refY_004-raw04-21-nbr+0,dg3_neighbors/images/GP_Ip_12.0mm_closed_R5_single_refY_004-raw04-21-nbr+0.jpg,True
GP_Ip_12.0mm_closed_R5_single_refY_004-raw04-21,GP_Ip_12.0mm_closed_R5_single_refY,GP_Ip_12.0mm_closed_R5_single_refY_004,4,1,835,raw/GP_Ip_12.0mm_closed_R5_single_refY_004.mp4,GP_Ip_12.0mm_closed_R5_single_refY_004-raw04-21-nbr+1,dg3_neighbors/images/GP_Ip_12.0mm_closed_R5_single_refY_004-raw04-21-nbr+1.jpg,False
GP_Ip_12.0mm_closed_R5_single_refY_004-raw04-21,GP_Ip_12.0mm_closed_R5_single_refY,GP_Ip_12.0mm_closed_R5_single_refY_004,4,2,836,raw/GP_Ip_12.0mm_closed_R5_single_refY_004.mp4,GP_Ip_12.0mm_closed_R5_single_refY_004-raw04-21-nbr+2,dg3_neighbors/images/GP_Ip_12.0mm_closed_R5_single_refY_004-raw04-21-nbr+2.jpg,False
GP_Ip_12.0mm_closed_R5_single_refY_004-raw04-21,GP_Ip_12.0mm_closed_R5_single_refY,GP_Ip_12.0mm_closed_R5_single_refY_004,4,3,837,raw/GP_Ip_12.0mm_closed_R5_single_refY_004.mp4,GP_Ip_12.0mm_closed_R5_single_refY_004-raw04-21-nbr+3,dg3_neighbors/images/GP_Ip_12.0mm_closed_R5_single_refY_004-raw04-21-nbr+3.jpg,False
GP_Ip_12.0mm_closed_R5_single_refY_004-raw05-16,GP_Ip_12.0mm_closed_R5_single_refY,GP_Ip_12.0mm_closed_R5_single_refY_004,5,-3,993,raw/GP_Ip_12.0mm_closed_R5_single_refY_004.mp4,GP_Ip_12.0mm_closed_R5_single_refY_004-raw05-16-nbr-3,dg3_neighbors/images/GP_Ip_12.0mm_closed_R5_single_refY_004-raw05-16-nbr-3.jpg,False
GP_Ip_12.0mm_closed_R5_single_refY_004-raw05-16,GP_Ip_12.0mm_closed_R5_single_refY,GP_Ip_12.0mm_closed_R5_single_refY_004,5,-2,994,raw/GP_Ip_12.0mm_closed_R5_single_refY_004.mp4,GP_Ip_12.0mm_closed_R5_single_refY_004-raw05-16-nbr-2,dg3_neighbors/images/GP_Ip_12.0mm_closed_R5_single_refY_004-raw05-16-nbr-2.jpg,False
GP_Ip_12.0mm_closed_R5_single_refY_004-raw05-16,GP_Ip_12.0mm_closed_R5_single_refY,GP_Ip_12.0mm_closed_R5_single_refY_004,5,-1,995,raw/GP_Ip_12.0mm_closed_R5_single_refY_004.mp4,GP_Ip_12.0mm_closed_R5_single_refY_004-raw05-16-nbr-1,dg3_neighbors/images/GP_Ip_12.0mm_closed_R5_single_refY_004-raw05-16-nbr-1.jpg,False
GP_Ip_12.0mm_closed_R5_single_refY_004-raw05-16,GP_Ip_12.0mm_closed_R5_single_refY,GP_Ip_12.0mm_closed_R5_single_refY_004,5,0,996,raw/GP_Ip_12.0mm_closed_R5_single_refY_004.mp4,GP_Ip_12.0mm_closed_R5_single_refY_004-raw05-16-nbr+0,dg3_neighbors/images/GP_Ip_12.0mm_closed_R5_single_refY_004-raw05-16-nbr+0.jpg,True
GP_Ip_12.0mm_closed_R5_single_refY_004-raw05-16,GP_Ip_12.0mm_closed_R5_single_refY,GP_Ip_12.0mm_closed_R5_single_refY_004,5,1,997,raw/GP_Ip_12.0mm_closed_R5_single_refY_004.mp4,GP_Ip_12.0mm_closed_R5_single_refY_004-raw05-16-nbr+1,dg3_neighbors/images/GP_Ip_12.0mm_closed_R5_single_refY_004-raw05-16-nbr+1.jpg,False
GP_Ip_12.0mm_closed_R5_single_refY_004-raw05-16,GP_Ip_12.0mm_closed_R5_single_refY,GP_Ip_12.0mm_closed_R5_single_refY_004,5,2,998,raw/GP_Ip_12.0mm_closed_R5_single_refY_004.mp4,GP_Ip_12.0mm_closed_R5_single_refY_004-raw05-16-nbr+2,dg3_neighbors/images/GP_Ip_12.0mm_closed_R5_single_refY_004-raw05-16-nbr+2.jpg,False
GP_Ip_12.0mm_closed_R5_single_refY_004-raw05-16,GP_Ip_12.0mm_closed_R5_single_refY,GP_Ip_12.0mm_closed_R5_single_refY_004,5,3,999,raw/GP_Ip_12.0mm_closed_R5_single_refY_004.mp4,GP_Ip_12.0mm_closed_R5_single_refY_004-raw05-16-nbr+3,dg3_neighbors/images/GP_Ip_12.0mm_closed_R5_single_refY_004-raw05-16-nbr+3.jpg,False
GP_Ip_12.0mm_closed_R5_single_refY_005-raw01-02,GP_Ip_12.0mm_closed_R5_single_refY,GP_Ip_12.0mm_closed_R5_single_refY_005,1,-3,55,raw/GP_Ip_12.0mm_closed_R5_single_refY_005.mp4,GP_Ip_12.0mm_closed_R5_single_refY_005-raw01-02-nbr-3,dg3_neighbors/images/GP_Ip_12.0mm_closed_R5_single_refY_005-raw01-02-nbr-3.jpg,False
GP_Ip_12.0mm_closed_R5_single_refY_005-raw01-02,GP_Ip_12.0mm_closed_R5_single_refY,GP_Ip_12.0mm_closed_R5_single_refY_005,1,-2,56,raw/GP_Ip_12.0mm_closed_R5_single_refY_005.mp4,GP_Ip_12.0mm_closed_R5_single_refY_005-raw01-02-nbr-2,dg3_neighbors/images/GP_Ip_12.0mm_closed_R5_single_refY_005-raw01-02-nbr-2.jpg,False
GP_Ip_12.0mm_closed_R5_single_refY_005-raw01-02,GP_Ip_12.0mm_closed_R5_single_refY,GP_Ip_12.0mm_closed_R5_single_refY_005,1,-1,57,raw/GP_Ip_12.0mm_closed_R5_single_refY_005.mp4,GP_Ip_12.0mm_closed_R5_single_refY_005-raw01-02-nbr-1,dg3_neighbors/images/GP_Ip_12.0mm_closed_R5_single_refY_005-raw01-02-nbr-1.jpg,False
GP_Ip_12.0mm_closed_R5_single_refY_005-raw01-02,GP_Ip_12.0mm_closed_R5_single_refY,GP_Ip_12.0mm_closed_R5_single_refY_005,1,0,58,raw/GP_Ip_12.0mm_closed_R5_single_refY_005.mp4,GP_Ip_12.0mm_closed_R5_single_refY_005-raw01-02-nbr+0,dg3_neighbors/images/GP_Ip_12.0mm_closed_R5_single_refY_005-raw01-02-nbr+0.jpg,True
GP_Ip_12.0mm_closed_R5_single_refY_005-raw01-02,GP_Ip_12.0mm_closed_R5_single_refY,GP_Ip_12.0mm_closed_R5_single_refY_005,1,1,59,raw/GP_Ip_12.0mm_closed_R5_single_refY_005.mp4,GP_Ip_12.0mm_closed_R5_single_refY_005-raw01-02-nbr+1,dg3_neighbors/images/GP_Ip_12.0mm_closed_R5_single_refY_005-raw01-02-nbr+1.jpg,False
GP_Ip_12.0mm_closed_R5_single_refY_005-raw01-02,GP_Ip_12.0mm_closed_R5_single_refY,GP_Ip_12.0mm_closed_R5_single_refY_005,1,2,60,raw/GP_Ip_12.0mm_closed_R5_single_refY_005.mp4,GP_Ip_12.0mm_closed_R5_single_refY_005-raw01-02-nbr+2,dg3_neighbors/images/GP_Ip_12.0mm_closed_R5_single_refY_005-raw01-02-nbr+2.jpg,False
GP_Ip_12.0mm_closed_R5_single_refY_005-raw01-02,GP_Ip_12.0mm_closed_R5_single_refY,GP_Ip_12.0mm_closed_R5_single_refY_005,1,3,61,raw/GP_Ip_12.0mm_closed_R5_single_refY_005.mp4,GP_Ip_12.0mm_closed_R5_single_refY_005-raw01-02-nbr+3,dg3_neighbors/images/GP_Ip_12.0mm_closed_R5_single_refY_005-raw01-02-nbr+3.jpg,False
GP_Ip_12.0mm_closed_R5_single_refY_005-raw02-23,GP_Ip_12.0mm_closed_R5_single_refY,GP_Ip_12.0mm_closed_R5_single_refY_005,2,-3,394,raw/GP_Ip_12.0mm_closed_R5_single_refY_005.mp4,GP_Ip_12.0mm_closed_R5_single_refY_005-raw02-23-nbr-3,dg3_neighbors/images/GP_Ip_12.0mm_closed_R5_single_refY_005-raw02-23-nbr-3.jpg,False
GP_Ip_12.0mm_closed_R5_single_refY_005-raw02-23,GP_Ip_12.0mm_closed_R5_single_refY,GP_Ip_12.0mm_closed_R5_single_refY_005,2,-2,395,raw/GP_Ip_12.0mm_closed_R5_single_refY_005.mp4,GP_Ip_12.0mm_closed_R5_single_refY_005-raw02-23-nbr-2,dg3_neighbors/images/GP_Ip_12.0mm_closed_R5_single_refY_005-raw02-23-nbr-2.jpg,False
GP_Ip_12.0mm_closed_R5_single_refY_005-raw02-23,GP_Ip_12.0mm_closed_R5_single_refY,GP_Ip_12.0mm_closed_R5_single_refY_005,2,-1,396,raw/GP_Ip_12.0mm_closed_R5_single_refY_005.mp4,GP_Ip_12.0mm_closed_R5_single_refY_005-raw02-23-nbr-1,dg3_neighbors/images/GP_Ip_12.0mm_closed_R5_single_refY_005-raw02-23-nbr-1.jpg,False
GP_Ip_12.0mm_closed_R5_single_refY_005-raw02-23,GP_Ip_12.0mm_closed_R5_single_refY,GP_Ip_12.0mm_closed_R5_single_refY_005,2,0,397,raw/GP_Ip_12.0mm_closed_R5_single_refY_005.mp4,GP_Ip_12.0mm_closed_R5_single_refY_005-raw02-23-nbr+0,dg3_neighbors/images/GP_Ip_12.0mm_closed_R5_single_refY_005-raw02-23-nbr+0.jpg,True
GP_Ip_12.0mm_closed_R5_single_refY_005-raw02-23,GP_Ip_12.0mm_closed_R5_single_refY,GP_Ip_12.0mm_closed_R5_single_refY_005,2,1,398,raw/GP_Ip_12.0mm_closed_R5_single_refY_005.mp4,GP_Ip_12.0mm_closed_R5_single_refY_005-raw02-23-nbr+1,dg3_neighbors/images/GP_Ip_12.0mm_closed_R5_single_refY_005-raw02-23-nbr+1.jpg,False
GP_Ip_12.0mm_closed_R5_single_refY_005-raw02-23,GP_Ip_12.0mm_closed_R5_single_refY,GP_Ip_12.0mm_closed_R5_single_refY_005,2,2,399,raw/GP_Ip_12.0mm_closed_R5_single_refY_005.mp4,GP_Ip_12.0mm_closed_R5_single_refY_005-raw02-23-nbr+2,dg3_neighbors/images/GP_Ip_12.0mm_closed_R5_single_refY_005-raw02-23-nbr+2.jpg,False
GP_Ip_12.0mm_closed_R5_single_refY_005-raw02-23,GP_Ip_12.0mm_closed_R5_single_refY,GP_Ip_12.0mm_closed_R5_single_refY_005,2,3,400,raw/GP_Ip_12.0mm_closed_R5_single_refY_005.mp4,GP_Ip_12.0mm_closed_R5_single_refY_005-raw02-23-nbr+3,dg3_neighbors/images/GP_Ip_12.0mm_closed_R5_single_refY_005-raw02-23-nbr+3.jpg,False
GP_Ip_12.0mm_closed_R5_single_refY_005-raw03-16,GP_Ip_12.0mm_closed_R5_single_refY,GP_Ip_12.0mm_closed_R5_single_refY_005,3,-3,522,raw/GP_Ip_12.0mm_closed_R5_single_refY_005.mp4,GP_Ip_12.0mm_closed_R5_single_refY_005-raw03-16-nbr-3,dg3_neighbors/images/GP_Ip_12.0mm_closed_R5_single_refY_005-raw03-16-nbr-3.jpg,False
GP_Ip_12.0mm_closed_R5_single_refY_005-raw03-16,GP_Ip_12.0mm_closed_R5_single_refY,GP_Ip_12.0mm_closed_R5_single_refY_005,3,-2,523,raw/GP_Ip_12.0mm_closed_R5_single_refY_005.mp4,GP_Ip_12.0mm_closed_R5_single_refY_005-raw03-16-nbr-2,dg3_neighbors/images/GP_Ip_12.0mm_closed_R5_single_refY_005-raw03-16-nbr-2.jpg,False
GP_Ip_12.0mm_closed_R5_single_refY_005-raw03-16,GP_Ip_12.0mm_closed_R5_single_refY,GP_Ip_12.0mm_closed_R5_single_refY_005,3,-1,524,raw/GP_Ip_12.0mm_closed_R5_single_refY_005.mp4,GP_Ip_12.0mm_closed_R5_single_refY_005-raw03-16-nbr-1,dg3_neighbors/images/GP_Ip_12.0mm_closed_R5_single_refY_005-raw03-16-nbr-1.jpg,False
GP_Ip_12.0mm_closed_R5_single_refY_005-raw03-16,GP_Ip_12.0mm_closed_R5_single_refY,GP_Ip_12.0mm_closed_R5_single_refY_005,3,0,525,raw/GP_Ip_12.0mm_closed_R5_single_refY_005.mp4,GP_Ip_12.0mm_closed_R5_single_refY_005-raw03-16-nbr+0,dg3_neighbors/images/GP_Ip_12.0mm_closed_R5_single_refY_005-raw03-16-nbr+0.jpg,True
GP_Ip_12.0mm_closed_R5_single_refY_005-raw03-16,GP_Ip_12.0mm_closed_R5_single_refY,GP_Ip_12.0mm_closed_R5_single_refY_005,3,1,526,raw/GP_Ip_12.0mm_closed_R5_single_refY_005.mp4,GP_Ip_12.0mm_closed_R5_single_refY_005-raw03-16-nbr+1,dg3_neighbors/images/GP_Ip_12.0mm_closed_R5_single_refY_005-raw03-16-nbr+1.jpg,False
GP_Ip_12.0mm_closed_R5_single_refY_005-raw03-16,GP_Ip_12.0mm_closed_R5_single_refY,GP_Ip_12.0mm_closed_R5_single_refY_005,3,2,527,raw/GP_Ip_12.0mm_closed_R5_single_refY_005.mp4,GP_Ip_12.0mm_closed_R5_single_refY_005-raw03-16-nbr+2,dg3_neighbors/images/GP_Ip_12.0mm_closed_R5_single_refY_005-raw03-16-nbr+2.jpg,False
GP_Ip_12.0mm_closed_R5_single_refY_005-raw03-16,GP_Ip_12.0mm_closed_R5_single_refY,GP_Ip_12.0mm_closed_R5_single_refY_005,3,3,528,raw/GP_Ip_12.0mm_closed_R5_single_refY_005.mp4,GP_Ip_12.0mm_closed_R5_single_refY_005-raw03-16-nbr+3,dg3_neighbors/images/GP_Ip_12.0mm_closed_R5_single_refY_005-raw03-16-nbr+3.jpg,False
GP_Ip_12.0mm_closed_R5_single_refY_005-raw04-06,GP_Ip_12.0mm_closed_R5_single_refY,GP_Ip_12.0mm_closed_R5_single_refY_005,4,-3,628,raw/GP_Ip_12.0mm_closed_R5_single_refY_005.mp4,GP_Ip_12.0mm_closed_R5_single_refY_005-raw04-06-nbr-3,dg3_neighbors/images/GP_Ip_12.0mm_closed_R5_single_refY_005-raw04-06-nbr-3.jpg,False
GP_Ip_12.0mm_closed_R5_single_refY_005-raw04-06,GP_Ip_12.0mm_closed_R5_single_refY,GP_Ip_12.0mm_closed_R5_single_refY_005,4,-2,629,raw/GP_Ip_12.0mm_closed_R5_single_refY_005.mp4,GP_Ip_12.0mm_closed_R5_single_refY_005-raw04-06-nbr-2,dg3_neighbors/images/GP_Ip_12.0mm_closed_R5_single_refY_005-raw04-06-nbr-2.jpg,False
GP_Ip_12.0mm_closed_R5_single_refY_005-raw04-06,GP_Ip_12.0mm_closed_R5_single_refY,GP_Ip_12.0mm_closed_R5_single_refY_005,4,-1,630,raw/GP_Ip_12.0mm_closed_R5_single_refY_005.mp4,GP_Ip_12.0mm_closed_R5_single_refY_005-raw04-06-nbr-1,dg3_neighbors/images/GP_Ip_12.0mm_closed_R5_single_refY_005-raw04-06-nbr-1.jpg,False
GP_Ip_12.0mm_closed_R5_single_refY_005-raw04-06,GP_Ip_12.0mm_closed_R5_single_refY,GP_Ip_12.0mm_closed_R5_single_refY_005,4,0,631,raw/GP_Ip_12.0mm_closed_R5_single_refY_005.mp4,GP_Ip_12.0mm_closed_R5_single_refY_005-raw04-06-nbr+0,dg3_neighbors/images/GP_Ip_12.0mm_closed_R5_single_refY_005-raw04-06-nbr+0.jpg,True
GP_Ip_12.0mm_closed_R5_single_refY_005-raw04-06,GP_Ip_12.0mm_closed_R5_single_refY,GP_Ip_12.0mm_closed_R5_single_refY_005,4,1,632,raw/GP_Ip_12.0mm_closed_R5_single_refY_005.mp4,GP_Ip_12.0mm_closed_R5_single_refY_005-raw04-06-nbr+1,dg3_neighbors/images/GP_Ip_12.0mm_closed_R5_single_refY_005-raw04-06-nbr+1.jpg,False
GP_Ip_12.0mm_closed_R5_single_refY_005-raw04-06,GP_Ip_12.0mm_closed_R5_single_refY,GP_Ip_12.0mm_closed_R5_single_refY_005,4,2,633,raw/GP_Ip_12.0mm_closed_R5_single_refY_005.mp4,GP_Ip_12.0mm_closed_R5_single_refY_005-raw04-06-nbr+2,dg3_neighbors/images/GP_Ip_12.0mm_closed_R5_single_refY_005-raw04-06-nbr+2.jpg,False
GP_Ip_12.0mm_closed_R5_single_refY_005-raw04-06,GP_Ip_12.0mm_closed_R5_single_refY,GP_Ip_12.0mm_closed_R5_single_refY_005,4,3,634,raw/GP_Ip_12.0mm_closed_R5_single_refY_005.mp4,GP_Ip_12.0mm_closed_R5_single_refY_005-raw04-06-nbr+3,dg3_neighbors/images/GP_Ip_12.0mm_closed_R5_single_refY_005-raw04-06-nbr+3.jpg,False
GP_Ip_12.0mm_closed_R5_single_refY_005-raw05-24,GP_Ip_12.0mm_closed_R5_single_refY,GP_Ip_12.0mm_closed_R5_single_refY_005,5,-3,948,raw/GP_Ip_12.0mm_closed_R5_single_refY_005.mp4,GP_Ip_12.0mm_closed_R5_single_refY_005-raw05-24-nbr-3,dg3_neighbors/images/GP_Ip_12.0mm_closed_R5_single_refY_005-raw05-24-nbr-3.jpg,False
GP_Ip_12.0mm_closed_R5_single_refY_005-raw05-24,GP_Ip_12.0mm_closed_R5_single_refY,GP_Ip_12.0mm_closed_R5_single_refY_005,5,-2,949,raw/GP_Ip_12.0mm_closed_R5_single_refY_005.mp4,GP_Ip_12.0mm_closed_R5_single_refY_005-raw05-24-nbr-2,dg3_neighbors/images/GP_Ip_12.0mm_closed_R5_single_refY_005-raw05-24-nbr-2.jpg,False
GP_Ip_12.0mm_closed_R5_single_refY_005-raw05-24,GP_Ip_12.0mm_closed_R5_single_refY,GP_Ip_12.0mm_closed_R5_single_refY_005,5,-1,950,raw/GP_Ip_12.0mm_closed_R5_single_refY_005.mp4,GP_Ip_12.0mm_closed_R5_single_refY_005-raw05-24-nbr-1,dg3_neighbors/images/GP_Ip_12.0mm_closed_R5_single_refY_005-raw05-24-nbr-1.jpg,False
GP_Ip_12.0mm_closed_R5_single_refY_005-raw05-24,GP_Ip_12.0mm_closed_R5_single_refY,GP_Ip_12.0mm_closed_R5_single_refY_005,5,0,951,raw/GP_Ip_12.0mm_closed_R5_single_refY_005.mp4,GP_Ip_12.0mm_closed_R5_single_refY_005-raw05-24-nbr+0,dg3_neighbors/images/GP_Ip_12.0mm_closed_R5_single_refY_005-raw05-24-nbr+0.jpg,True
GP_Ip_12.0mm_closed_R5_single_refY_005-raw05-24,GP_Ip_12.0mm_closed_R5_single_refY,GP_Ip_12.0mm_closed_R5_single_refY_005,5,1,952,raw/GP_Ip_12.0mm_closed_R5_single_refY_005.mp4,GP_Ip_12.0mm_closed_R5_single_refY_005-raw05-24-nbr+1,dg3_neighbors/images/GP_Ip_12.0mm_closed_R5_single_refY_005-raw05-24-nbr+1.jpg,False
GP_Ip_12.0mm_closed_R5_single_refY_005-raw05-24,GP_Ip_12.0mm_closed_R5_single_refY,GP_Ip_12.0mm_closed_R5_single_refY_005,5,2,953,raw/GP_Ip_12.0mm_closed_R5_single_refY_005.mp4,GP_Ip_12.0mm_closed_R5_single_refY_005-raw05-24-nbr+2,dg3_neighbors/images/GP_Ip_12.0mm_closed_R5_single_refY_005-raw05-24-nbr+2.jpg,False
GP_Ip_12.0mm_closed_R5_single_refY_005-raw05-24,GP_Ip_12.0mm_closed_R5_single_refY,GP_Ip_12.0mm_closed_R5_single_refY_005,5,3,954,raw/GP_Ip_12.0mm_closed_R5_single_refY_005.mp4,GP_Ip_12.0mm_closed_R5_single_refY_005-raw05-24-nbr+3,dg3_neighbors/images/GP_Ip_12.0mm_closed_R5_single_refY_005-raw05-24-nbr+3.jpg,False
GP_Ip_2.9mm_closed_R10_single_refY_004-raw01-07,GP_Ip_2.9mm_closed_R10_single_refY,GP_Ip_2.9mm_closed_R10_single_refY_004,1,-3,85,raw/GP_Ip_2.9mm_closed_R10_single_refY_004.mp4,GP_Ip_2.9mm_closed_R10_single_refY_004-raw01-07-nbr-3,dg3_neighbors/images/GP_Ip_2.9mm_closed_R10_single_refY_004-raw01-07-nbr-3.jpg,False
GP_Ip_2.9mm_closed_R10_single_refY_004-raw01-07,GP_Ip_2.9mm_closed_R10_single_refY,GP_Ip_2.9mm_closed_R10_single_refY_004,1,-2,86,raw/GP_Ip_2.9mm_closed_R10_single_refY_004.mp4,GP_Ip_2.9mm_closed_R10_single_refY_004-raw01-07-nbr-2,dg3_neighbors/images/GP_Ip_2.9mm_closed_R10_single_refY_004-raw01-07-nbr-2.jpg,False
GP_Ip_2.9mm_closed_R10_single_refY_004-raw01-07,GP_Ip_2.9mm_closed_R10_single_refY,GP_Ip_2.9mm_closed_R10_single_refY_004,1,-1,87,raw/GP_Ip_2.9mm_closed_R10_single_refY_004.mp4,GP_Ip_2.9mm_closed_R10_single_refY_004-raw01-07-nbr-1,dg3_neighbors/images/GP_Ip_2.9mm_closed_R10_single_refY_004-raw01-07-nbr-1.jpg,False
GP_Ip_2.9mm_closed_R10_single_refY_004-raw01-07,GP_Ip_2.9mm_closed_R10_single_refY,GP_Ip_2.9mm_closed_R10_single_refY_004,1,0,88,raw/GP_Ip_2.9mm_closed_R10_single_refY_004.mp4,GP_Ip_2.9mm_closed_R10_single_refY_004-raw01-07-nbr+0,dg3_neighbors/images/GP_Ip_2.9mm_closed_R10_single_refY_004-raw01-07-nbr+0.jpg,True
GP_Ip_2.9mm_closed_R10_single_refY_004-raw01-07,GP_Ip_2.9mm_closed_R10_single_refY,GP_Ip_2.9mm_closed_R10_single_refY_004,1,1,89,raw/GP_Ip_2.9mm_closed_R10_single_refY_004.mp4,GP_Ip_2.9mm_closed_R10_single_refY_004-raw01-07-nbr+1,dg3_neighbors/images/GP_Ip_2.9mm_closed_R10_single_refY_004-raw01-07-nbr+1.jpg,False
GP_Ip_2.9mm_closed_R10_single_refY_004-raw01-07,GP_Ip_2.9mm_closed_R10_single_refY,GP_Ip_2.9mm_closed_R10_single_refY_004,1,2,90,raw/GP_Ip_2.9mm_closed_R10_single_refY_004.mp4,GP_Ip_2.9mm_closed_R10_single_refY_004-raw01-07-nbr+2,dg3_neighbors/images/GP_Ip_2.9mm_closed_R10_single_refY_004-raw01-07-nbr+2.jpg,False
GP_Ip_2.9mm_closed_R10_single_refY_004-raw01-07,GP_Ip_2.9mm_closed_R10_single_refY,GP_Ip_2.9mm_closed_R10_single_refY_004,1,3,91,raw/GP_Ip_2.9mm_closed_R10_single_refY_004.mp4,GP_Ip_2.9mm_closed_R10_single_refY_004-raw01-07-nbr+3,dg3_neighbors/images/GP_Ip_2.9mm_closed_R10_single_refY_004-raw01-07-nbr+3.jpg,False
GP_Ip_2.9mm_closed_R10_single_refY_004-raw02-19,GP_Ip_2.9mm_closed_R10_single_refY,GP_Ip_2.9mm_closed_R10_single_refY_004,2,-3,335,raw/GP_Ip_2.9mm_closed_R10_single_refY_004.mp4,GP_Ip_2.9mm_closed_R10_single_refY_004-raw02-19-nbr-3,dg3_neighbors/images/GP_Ip_2.9mm_closed_R10_single_refY_004-raw02-19-nbr-3.jpg,False
GP_Ip_2.9mm_closed_R10_single_refY_004-raw02-19,GP_Ip_2.9mm_closed_R10_single_refY,GP_Ip_2.9mm_closed_R10_single_refY_004,2,-2,336,raw/GP_Ip_2.9mm_closed_R10_single_refY_004.mp4,GP_Ip_2.9mm_closed_R10_single_refY_004-raw02-19-nbr-2,dg3_neighbors/images/GP_Ip_2.9mm_closed_R10_single_refY_004-raw02-19-nbr-2.jpg,False
GP_Ip_2.9mm_closed_R10_single_refY_004-raw02-19,GP_Ip_2.9mm_closed_R10_single_refY,GP_Ip_2.9mm_closed_R10_single_refY_004,2,-1,337,raw/GP_Ip_2.9mm_closed_R10_single_refY_004.mp4,GP_Ip_2.9mm_closed_R10_single_refY_004-raw02-19-nbr-1,dg3_neighbors/images/GP_Ip_2.9mm_closed_R10_single_refY_004-raw02-19-nbr-1.jpg,False
GP_Ip_2.9mm_closed_R10_single_refY_004-raw02-19,GP_Ip_2.9mm_closed_R10_single_refY,GP_Ip_2.9mm_closed_R10_single_refY_004,2,0,338,raw/GP_Ip_2.9mm_closed_R10_single_refY_004.mp4,GP_Ip_2.9mm_closed_R10_single_refY_004-raw02-19-nbr+0,dg3_neighbors/images/GP_Ip_2.9mm_closed_R10_single_refY_004-raw02-19-nbr+0.jpg,True
GP_Ip_2.9mm_closed_R10_single_refY_004-raw02-19,GP_Ip_2.9mm_closed_R10_single_refY,GP_Ip_2.9mm_closed_R10_single_refY_004,2,1,339,raw/GP_Ip_2.9mm_closed_R10_single_refY_004.mp4,GP_Ip_2.9mm_closed_R10_single_refY_004-raw02-19-nbr+1,dg3_neighbors/images/GP_Ip_2.9mm_closed_R10_single_refY_004-raw02-19-nbr+1.jpg,False
GP_Ip_2.9mm_closed_R10_single_refY_004-raw02-19,GP_Ip_2.9mm_closed_R10_single_refY,GP_Ip_2.9mm_closed_R10_single_refY_004,2,2,340,raw/GP_Ip_2.9mm_closed_R10_single_refY_004.mp4,GP_Ip_2.9mm_closed_R10_single_refY_004-raw02-19-nbr+2,dg3_neighbors/images/GP_Ip_2.9mm_closed_R10_single_refY_004-raw02-19-nbr+2.jpg,False
GP_Ip_2.9mm_closed_R10_single_refY_004-raw02-19,GP_Ip_2.9mm_closed_R10_single_refY,GP_Ip_2.9mm_closed_R10_single_refY_004,2,3,341,raw/GP_Ip_2.9mm_closed_R10_single_refY_004.mp4,GP_Ip_2.9mm_closed_R10_single_refY_004-raw02-19-nbr+3,dg3_neighbors/images/GP_Ip_2.9mm_closed_R10_single_refY_004-raw02-19-nbr+3.jpg,False
GP_Ip_2.9mm_closed_R10_single_refY_004-raw03-08,GP_Ip_2.9mm_closed_R10_single_refY,GP_Ip_2.9mm_closed_R10_single_refY_004,3,-3,426,raw/GP_Ip_2.9mm_closed_R10_single_refY_004.mp4,GP_Ip_2.9mm_closed_R10_single_refY_004-raw03-08-nbr-3,dg3_neighbors/images/GP_Ip_2.9mm_closed_R10_single_refY_004-raw03-08-nbr-3.jpg,False
GP_Ip_2.9mm_closed_R10_single_refY_004-raw03-08,GP_Ip_2.9mm_closed_R10_single_refY,GP_Ip_2.9mm_closed_R10_single_refY_004,3,-2,427,raw/GP_Ip_2.9mm_closed_R10_single_refY_004.mp4,GP_Ip_2.9mm_closed_R10_single_refY_004-raw03-08-nbr-2,dg3_neighbors/images/GP_Ip_2.9mm_closed_R10_single_refY_004-raw03-08-nbr-2.jpg,False
GP_Ip_2.9mm_closed_R10_single_refY_004-raw03-08,GP_Ip_2.9mm_closed_R10_single_refY,GP_Ip_2.9mm_closed_R10_single_refY_004,3,-1,428,raw/GP_Ip_2.9mm_closed_R10_single_refY_004.mp4,GP_Ip_2.9mm_closed_R10_single_refY_004-raw03-08-nbr-1,dg3_neighbors/images/GP_Ip_2.9mm_closed_R10_single_refY_004-raw03-08-nbr-1.jpg,False
GP_Ip_2.9mm_closed_R10_single_refY_004-raw03-08,GP_Ip_2.9mm_closed_R10_single_refY,GP_Ip_2.9mm_closed_R10_single_refY_004,3,0,429,raw/GP_Ip_2.9mm_closed_R10_single_refY_004.mp4,GP_Ip_2.9mm_closed_R10_single_refY_004-raw03-08-nbr+0,dg3_neighbors/images/GP_Ip_2.9mm_closed_R10_single_refY_004-raw03-08-nbr+0.jpg,True
GP_Ip_2.9mm_closed_R10_single_refY_004-raw03-08,GP_Ip_2.9mm_closed_R10_single_refY,GP_Ip_2.9mm_closed_R10_single_refY_004,3,1,430,raw/GP_Ip_2.9mm_closed_R10_single_refY_004.mp4,GP_Ip_2.9mm_closed_R10_single_refY_004-raw03-08-nbr+1,dg3_neighbors/images/GP_Ip_2.9mm_closed_R10_single_refY_004-raw03-08-nbr+1.jpg,False
GP_Ip_2.9mm_closed_R10_single_refY_004-raw03-08,GP_Ip_2.9mm_closed_R10_single_refY,GP_Ip_2.9mm_closed_R10_single_refY_004,3,2,431,raw/GP_Ip_2.9mm_closed_R10_single_refY_004.mp4,GP_Ip_2.9mm_closed_R10_single_refY_004-raw03-08-nbr+2,dg3_neighbors/images/GP_Ip_2.9mm_closed_R10_single_refY_004-raw03-08-nbr+2.jpg,False
GP_Ip_2.9mm_closed_R10_single_refY_004-raw03-08,GP_Ip_2.9mm_closed_R10_single_refY,GP_Ip_2.9mm_closed_R10_single_refY_004,3,3,432,raw/GP_Ip_2.9mm_closed_R10_single_refY_004.mp4,GP_Ip_2.9mm_closed_R10_single_refY_004-raw03-08-nbr+3,dg3_neighbors/images/GP_Ip_2.9mm_closed_R10_single_refY_004-raw03-08-nbr+3.jpg,False
GP_Ip_2.9mm_closed_R10_single_refY_004-raw04-03,GP_Ip_2.9mm_closed_R10_single_refY,GP_Ip_2.9mm_closed_R10_single_refY_004,4,-3,558,raw/GP_Ip_2.9mm_closed_R10_single_refY_004.mp4,GP_Ip_2.9mm_closed_R10_single_refY_004-raw04-03-nbr-3,dg3_neighbors/images/GP_Ip_2.9mm_closed_R10_single_refY_004-raw04-03-nbr-3.jpg,False
GP_Ip_2.9mm_closed_R10_single_refY_004-raw04-03,GP_Ip_2.9mm_closed_R10_single_refY,GP_Ip_2.9mm_closed_R10_single_refY_004,4,-2,559,raw/GP_Ip_2.9mm_closed_R10_single_refY_004.mp4,GP_Ip_2.9mm_closed_R10_single_refY_004-raw04-03-nbr-2,dg3_neighbors/images/GP_Ip_2.9mm_closed_R10_single_refY_004-raw04-03-nbr-2.jpg,False
GP_Ip_2.9mm_closed_R10_single_refY_004-raw04-03,GP_Ip_2.9mm_closed_R10_single_refY,GP_Ip_2.9mm_closed_R10_single_refY_004,4,-1,560,raw/GP_Ip_2.9mm_closed_R10_single_refY_004.mp4,GP_Ip_2.9mm_closed_R10_single_refY_004-raw04-03-nbr-1,dg3_neighbors/images/GP_Ip_2.9mm_closed_R10_single_refY_004-raw04-03-nbr-1.jpg,False
GP_Ip_2.9mm_closed_R10_single_refY_004-raw04-03,GP_Ip_2.9mm_closed_R10_single_refY,GP_Ip_2.9mm_closed_R10_single_refY_004,4,0,561,raw/GP_Ip_2.9mm_closed_R10_single_refY_004.mp4,GP_Ip_2.9mm_closed_R10_single_refY_004-raw04-03-nbr+0,dg3_neighbors/images/GP_Ip_2.9mm_closed_R10_single_refY_004-raw04-03-nbr+0.jpg,True
GP_Ip_2.9mm_closed_R10_single_refY_004-raw04-03,GP_Ip_2.9mm_closed_R10_single_refY,GP_Ip_2.9mm_closed_R10_single_refY_004,4,1,562,raw/GP_Ip_2.9mm_closed_R10_single_refY_004.mp4,GP_Ip_2.9mm_closed_R10_single_refY_004-raw04-03-nbr+1,dg3_neighbors/images/GP_Ip_2.9mm_closed_R10_single_refY_004-raw04-03-nbr+1.jpg,False
GP_Ip_2.9mm_closed_R10_single_refY_004-raw04-03,GP_Ip_2.9mm_closed_R10_single_refY,GP_Ip_2.9mm_closed_R10_single_refY_004,4,2,563,raw/GP_Ip_2.9mm_closed_R10_single_refY_004.mp4,GP_Ip_2.9mm_closed_R10_single_refY_004-raw04-03-nbr+2,dg3_neighbors/images/GP_Ip_2.9mm_closed_R10_single_refY_004-raw04-03-nbr+2.jpg,False
GP_Ip_2.9mm_closed_R10_single_refY_004-raw04-03,GP_Ip_2.9mm_closed_R10_single_refY,GP_Ip_2.9mm_closed_R10_single_refY_004,4,3,564,raw/GP_Ip_2.9mm_closed_R10_single_refY_004.mp4,GP_Ip_2.9mm_closed_R10_single_refY_004-raw04-03-nbr+3,dg3_neighbors/images/GP_Ip_2.9mm_closed_R10_single_refY_004-raw04-03-nbr+3.jpg,False
GP_Ip_2.9mm_closed_R10_single_refY_004-raw05-17,GP_Ip_2.9mm_closed_R10_single_refY,GP_Ip_2.9mm_closed_R10_single_refY_004,5,-3,823,raw/GP_Ip_2.9mm_closed_R10_single_refY_004.mp4,GP_Ip_2.9mm_closed_R10_single_refY_004-raw05-17-nbr-3,dg3_neighbors/images/GP_Ip_2.9mm_closed_R10_single_refY_004-raw05-17-nbr-3.jpg,False
GP_Ip_2.9mm_closed_R10_single_refY_004-raw05-17,GP_Ip_2.9mm_closed_R10_single_refY,GP_Ip_2.9mm_closed_R10_single_refY_004,5,-2,824,raw/GP_Ip_2.9mm_closed_R10_single_refY_004.mp4,GP_Ip_2.9mm_closed_R10_single_refY_004-raw05-17-nbr-2,dg3_neighbors/images/GP_Ip_2.9mm_closed_R10_single_refY_004-raw05-17-nbr-2.jpg,False
GP_Ip_2.9mm_closed_R10_single_refY_004-raw05-17,GP_Ip_2.9mm_closed_R10_single_refY,GP_Ip_2.9mm_closed_R10_single_refY_004,5,-1,825,raw/GP_Ip_2.9mm_closed_R10_single_refY_004.mp4,GP_Ip_2.9mm_closed_R10_single_refY_004-raw05-17-nbr-1,dg3_neighbors/images/GP_Ip_2.9mm_closed_R10_single_refY_004-raw05-17-nbr-1.jpg,False
GP_Ip_2.9mm_closed_R10_single_refY_004-raw05-17,GP_Ip_2.9mm_closed_R10_single_refY,GP_Ip_2.9mm_closed_R10_single_refY_004,5,0,826,raw/GP_Ip_2.9mm_closed_R10_single_refY_004.mp4,GP_Ip_2.9mm_closed_R10_single_refY_004-raw05-17-nbr+0,dg3_neighbors/images/GP_Ip_2.9mm_closed_R10_single_refY_004-raw05-17-nbr+0.jpg,True
GP_Ip_2.9mm_closed_R10_single_refY_004-raw05-17,GP_Ip_2.9mm_closed_R10_single_refY,GP_Ip_2.9mm_closed_R10_single_refY_004,5,1,827,raw/GP_Ip_2.9mm_closed_R10_single_refY_004.mp4,GP_Ip_2.9mm_closed_R10_single_refY_004-raw05-17-nbr+1,dg3_neighbors/images/GP_Ip_2.9mm_closed_R10_single_refY_004-raw05-17-nbr+1.jpg,False
GP_Ip_2.9mm_closed_R10_single_refY_004-raw05-17,GP_Ip_2.9mm_closed_R10_single_refY,GP_Ip_2.9mm_closed_R10_single_refY_004,5,2,828,raw/GP_Ip_2.9mm_closed_R10_single_refY_004.mp4,GP_Ip_2.9mm_closed_R10_single_refY_004-raw05-17-nbr+2,dg3_neighbors/images/GP_Ip_2.9mm_closed_R10_single_refY_004-raw05-17-nbr+2.jpg,False
GP_Ip_2.9mm_closed_R10_single_refY_004-raw05-17,GP_Ip_2.9mm_closed_R10_single_refY,GP_Ip_2.9mm_closed_R10_single_refY_004,5,3,829,raw/GP_Ip_2.9mm_closed_R10_single_refY_004.mp4,GP_Ip_2.9mm_closed_R10_single_refY_004-raw05-17-nbr+3,dg3_neighbors/images/GP_Ip_2.9mm_closed_R10_single_refY_004-raw05-17-nbr+3.jpg,False
GP_Ip_2.9mm_closed_R10_single_refY_005-raw01-02,GP_Ip_2.9mm_closed_R10_single_refY,GP_Ip_2.9mm_closed_R10_single_refY_005,1,-3,56,raw/GP_Ip_2.9mm_closed_R10_single_refY_005.mp4,GP_Ip_2.9mm_closed_R10_single_refY_005-raw01-02-nbr-3,dg3_neighbors/images/GP_Ip_2.9mm_closed_R10_single_refY_005-raw01-02-nbr-3.jpg,False
GP_Ip_2.9mm_closed_R10_single_refY_005-raw01-02,GP_Ip_2.9mm_closed_R10_single_refY,GP_Ip_2.9mm_closed_R10_single_refY_005,1,-2,57,raw/GP_Ip_2.9mm_closed_R10_single_refY_005.mp4,GP_Ip_2.9mm_closed_R10_single_refY_005-raw01-02-nbr-2,dg3_neighbors/images/GP_Ip_2.9mm_closed_R10_single_refY_005-raw01-02-nbr-2.jpg,False
GP_Ip_2.9mm_closed_R10_single_refY_005-raw01-02,GP_Ip_2.9mm_closed_R10_single_refY,GP_Ip_2.9mm_closed_R10_single_refY_005,1,-1,58,raw/GP_Ip_2.9mm_closed_R10_single_refY_005.mp4,GP_Ip_2.9mm_closed_R10_single_refY_005-raw01-02-nbr-1,dg3_neighbors/images/GP_Ip_2.9mm_closed_R10_single_refY_005-raw01-02-nbr-1.jpg,False
GP_Ip_2.9mm_closed_R10_single_refY_005-raw01-02,GP_Ip_2.9mm_closed_R10_single_refY,GP_Ip_2.9mm_closed_R10_single_refY_005,1,0,59,raw/GP_Ip_2.9mm_closed_R10_single_refY_005.mp4,GP_Ip_2.9mm_closed_R10_single_refY_005-raw01-02-nbr+0,dg3_neighbors/images/GP_Ip_2.9mm_closed_R10_single_refY_005-raw01-02-nbr+0.jpg,True
GP_Ip_2.9mm_closed_R10_single_refY_005-raw01-02,GP_Ip_2.9mm_closed_R10_single_refY,GP_Ip_2.9mm_closed_R10_single_refY_005,1,1,60,raw/GP_Ip_2.9mm_closed_R10_single_refY_005.mp4,GP_Ip_2.9mm_closed_R10_single_refY_005-raw01-02-nbr+1,dg3_neighbors/images/GP_Ip_2.9mm_closed_R10_single_refY_005-raw01-02-nbr+1.jpg,False
GP_Ip_2.9mm_closed_R10_single_refY_005-raw01-02,GP_Ip_2.9mm_closed_R10_single_refY,GP_Ip_2.9mm_closed_R10_single_refY_005,1,2,61,raw/GP_Ip_2.9mm_closed_R10_single_refY_005.mp4,GP_Ip_2.9mm_closed_R10_single_refY_005-raw01-02-nbr+2,dg3_neighbors/images/GP_Ip_2.9mm_closed_R10_single_refY_005-raw01-02-nbr+2.jpg,False
GP_Ip_2.9mm_closed_R10_single_refY_005-raw01-02,GP_Ip_2.9mm_closed_R10_single_refY,GP_Ip_2.9mm_closed_R10_single_refY_005,1,3,62,raw/GP_Ip_2.9mm_closed_R10_single_refY_005.mp4,GP_Ip_2.9mm_closed_R10_single_refY_005-raw01-02-nbr+3,dg3_neighbors/images/GP_Ip_2.9mm_closed_R10_single_refY_005-raw01-02-nbr+3.jpg,False
GP_Ip_2.9mm_closed_R10_single_refY_005-raw02-11,GP_Ip_2.9mm_closed_R10_single_refY,GP_Ip_2.9mm_closed_R10_single_refY_005,2,-3,310,raw/GP_Ip_2.9mm_closed_R10_single_refY_005.mp4,GP_Ip_2.9mm_closed_R10_single_refY_005-raw02-11-nbr-3,dg3_neighbors/images/GP_Ip_2.9mm_closed_R10_single_refY_005-raw02-11-nbr-3.jpg,False
GP_Ip_2.9mm_closed_R10_single_refY_005-raw02-11,GP_Ip_2.9mm_closed_R10_single_refY,GP_Ip_2.9mm_closed_R10_single_refY_005,2,-2,311,raw/GP_Ip_2.9mm_closed_R10_single_refY_005.mp4,GP_Ip_2.9mm_closed_R10_single_refY_005-raw02-11-nbr-2,dg3_neighbors/images/GP_Ip_2.9mm_closed_R10_single_refY_005-raw02-11-nbr-2.jpg,False
GP_Ip_2.9mm_closed_R10_single_refY_005-raw02-11,GP_Ip_2.9mm_closed_R10_single_refY,GP_Ip_2.9mm_closed_R10_single_refY_005,2,-1,312,raw/GP_Ip_2.9mm_closed_R10_single_refY_005.mp4,GP_Ip_2.9mm_closed_R10_single_refY_005-raw02-11-nbr-1,dg3_neighbors/images/GP_Ip_2.9mm_closed_R10_single_refY_005-raw02-11-nbr-1.jpg,False
GP_Ip_2.9mm_closed_R10_single_refY_005-raw02-11,GP_Ip_2.9mm_closed_R10_single_refY,GP_Ip_2.9mm_closed_R10_single_refY_005,2,0,313,raw/GP_Ip_2.9mm_closed_R10_single_refY_005.mp4,GP_Ip_2.9mm_closed_R10_single_refY_005-raw02-11-nbr+0,dg3_neighbors/images/GP_Ip_2.9mm_closed_R10_single_refY_005-raw02-11-nbr+0.jpg,True
GP_Ip_2.9mm_closed_R10_single_refY_005-raw02-11,GP_Ip_2.9mm_closed_R10_single_refY,GP_Ip_2.9mm_closed_R10_single_refY_005,2,1,314,raw/GP_Ip_2.9mm_closed_R10_single_refY_005.mp4,GP_Ip_2.9mm_closed_R10_single_refY_005-raw02-11-nbr+1,dg3_neighbors/images/GP_Ip_2.9mm_closed_R10_single_refY_005-raw02-11-nbr+1.jpg,False
GP_Ip_2.9mm_closed_R10_single_refY_005-raw02-11,GP_Ip_2.9mm_closed_R10_single_refY,GP_Ip_2.9mm_closed_R10_single_refY_005,2,2,315,raw/GP_Ip_2.9mm_closed_R10_single_refY_005.mp4,GP_Ip_2.9mm_closed_R10_single_refY_005-raw02-11-nbr+2,dg3_neighbors/images/GP_Ip_2.9mm_closed_R10_single_refY_005-raw02-11-nbr+2.jpg,False
GP_Ip_2.9mm_closed_R10_single_refY_005-raw02-11,GP_Ip_2.9mm_closed_R10_single_refY,GP_Ip_2.9mm_closed_R10_single_refY_005,2,3,316,raw/GP_Ip_2.9mm_closed_R10_single_refY_005.mp4,GP_Ip_2.9mm_closed_R10_single_refY_005-raw02-11-nbr+3,dg3_neighbors/images/GP_Ip_2.9mm_closed_R10_single_refY_005-raw02-11-nbr+3.jpg,False
GP_Ip_2.9mm_closed_R10_single_refY_005-raw03-11,GP_Ip_2.9mm_closed_R10_single_refY,GP_Ip_2.9mm_closed_R10_single_refY_005,3,-3,495,raw/GP_Ip_2.9mm_closed_R10_single_refY_005.mp4,GP_Ip_2.9mm_closed_R10_single_refY_005-raw03-11-nbr-3,dg3_neighbors/images/GP_Ip_2.9mm_closed_R10_single_refY_005-raw03-11-nbr-3.jpg,False
GP_Ip_2.9mm_closed_R10_single_refY_005-raw03-11,GP_Ip_2.9mm_closed_R10_single_refY,GP_Ip_2.9mm_closed_R10_single_refY_005,3,-2,496,raw/GP_Ip_2.9mm_closed_R10_single_refY_005.mp4,GP_Ip_2.9mm_closed_R10_single_refY_005-raw03-11-nbr-2,dg3_neighbors/images/GP_Ip_2.9mm_closed_R10_single_refY_005-raw03-11-nbr-2.jpg,False
GP_Ip_2.9mm_closed_R10_single_refY_005-raw03-11,GP_Ip_2.9mm_closed_R10_single_refY,GP_Ip_2.9mm_closed_R10_single_refY_005,3,-1,497,raw/GP_Ip_2.9mm_closed_R10_single_refY_005.mp4,GP_Ip_2.9mm_closed_R10_single_refY_005-raw03-11-nbr-1,dg3_neighbors/images/GP_Ip_2.9mm_closed_R10_single_refY_005-raw03-11-nbr-1.jpg,False
GP_Ip_2.9mm_closed_R10_single_refY_005-raw03-11,GP_Ip_2.9mm_closed_R10_single_refY,GP_Ip_2.9mm_closed_R10_single_refY_005,3,0,498,raw/GP_Ip_2.9mm_closed_R10_single_refY_005.mp4,GP_Ip_2.9mm_closed_R10_single_refY_005-raw03-11-nbr+0,dg3_neighbors/images/GP_Ip_2.9mm_closed_R10_single_refY_005-raw03-11-nbr+0.jpg,True
GP_Ip_2.9mm_closed_R10_single_refY_005-raw03-11,GP_Ip_2.9mm_closed_R10_single_refY,GP_Ip_2.9mm_closed_R10_single_refY_005,3,1,499,raw/GP_Ip_2.9mm_closed_R10_single_refY_005.mp4,GP_Ip_2.9mm_closed_R10_single_refY_005-raw03-11-nbr+1,dg3_neighbors/images/GP_Ip_2.9mm_closed_R10_single_refY_005-raw03-11-nbr+1.jpg,False
GP_Ip_2.9mm_closed_R10_single_refY_005-raw03-11,GP_Ip_2.9mm_closed_R10_single_refY,GP_Ip_2.9mm_closed_R10_single_refY_005,3,2,500,raw/GP_Ip_2.9mm_closed_R10_single_refY_005.mp4,GP_Ip_2.9mm_closed_R10_single_refY_005-raw03-11-nbr+2,dg3_neighbors/images/GP_Ip_2.9mm_closed_R10_single_refY_005-raw03-11-nbr+2.jpg,False
GP_Ip_2.9mm_closed_R10_single_refY_005-raw03-11,GP_Ip_2.9mm_closed_R10_single_refY,GP_Ip_2.9mm_closed_R10_single_refY_005,3,3,501,raw/GP_Ip_2.9mm_closed_R10_single_refY_005.mp4,GP_Ip_2.9mm_closed_R10_single_refY_005-raw03-11-nbr+3,dg3_neighbors/images/GP_Ip_2.9mm_closed_R10_single_refY_005-raw03-11-nbr+3.jpg,False
GP_Ip_2.9mm_closed_R10_single_refY_005-raw04-20,GP_Ip_2.9mm_closed_R10_single_refY,GP_Ip_2.9mm_closed_R10_single_refY_005,4,-3,749,raw/GP_Ip_2.9mm_closed_R10_single_refY_005.mp4,GP_Ip_2.9mm_closed_R10_single_refY_005-raw04-20-nbr-3,dg3_neighbors/images/GP_Ip_2.9mm_closed_R10_single_refY_005-raw04-20-nbr-3.jpg,False
GP_Ip_2.9mm_closed_R10_single_refY_005-raw04-20,GP_Ip_2.9mm_closed_R10_single_refY,GP_Ip_2.9mm_closed_R10_single_refY_005,4,-2,750,raw/GP_Ip_2.9mm_closed_R10_single_refY_005.mp4,GP_Ip_2.9mm_closed_R10_single_refY_005-raw04-20-nbr-2,dg3_neighbors/images/GP_Ip_2.9mm_closed_R10_single_refY_005-raw04-20-nbr-2.jpg,False
GP_Ip_2.9mm_closed_R10_single_refY_005-raw04-20,GP_Ip_2.9mm_closed_R10_single_refY,GP_Ip_2.9mm_closed_R10_single_refY_005,4,-1,751,raw/GP_Ip_2.9mm_closed_R10_single_refY_005.mp4,GP_Ip_2.9mm_closed_R10_single_refY_005-raw04-20-nbr-1,dg3_neighbors/images/GP_Ip_2.9mm_closed_R10_single_refY_005-raw04-20-nbr-1.jpg,False
GP_Ip_2.9mm_closed_R10_single_refY_005-raw04-20,GP_Ip_2.9mm_closed_R10_single_refY,GP_Ip_2.9mm_closed_R10_single_refY_005,4,0,752,raw/GP_Ip_2.9mm_closed_R10_single_refY_005.mp4,GP_Ip_2.9mm_closed_R10_single_refY_005-raw04-20-nbr+0,dg3_neighbors/images/GP_Ip_2.9mm_closed_R10_single_refY_005-raw04-20-nbr+0.jpg,True
GP_Ip_2.9mm_closed_R10_single_refY_005-raw04-20,GP_Ip_2.9mm_closed_R10_single_refY,GP_Ip_2.9mm_closed_R10_single_refY_005,4,1,753,raw/GP_Ip_2.9mm_closed_R10_single_refY_005.mp4,GP_Ip_2.9mm_closed_R10_single_refY_005-raw04-20-nbr+1,dg3_neighbors/images/GP_Ip_2.9mm_closed_R10_single_refY_005-raw04-20-nbr+1.jpg,False
GP_Ip_2.9mm_closed_R10_single_refY_005-raw04-20,GP_Ip_2.9mm_closed_R10_single_refY,GP_Ip_2.9mm_closed_R10_single_refY_005,4,2,754,raw/GP_Ip_2.9mm_closed_R10_single_refY_005.mp4,GP_Ip_2.9mm_closed_R10_single_refY_005-raw04-20-nbr+2,dg3_neighbors/images/GP_Ip_2.9mm_closed_R10_single_refY_005-raw04-20-nbr+2.jpg,False
GP_Ip_2.9mm_closed_R10_single_refY_005-raw04-20,GP_Ip_2.9mm_closed_R10_single_refY,GP_Ip_2.9mm_closed_R10_single_refY_005,4,3,755,raw/GP_Ip_2.9mm_closed_R10_single_refY_005.mp4,GP_Ip_2.9mm_closed_R10_single_refY_005-raw04-20-nbr+3,dg3_neighbors/images/GP_Ip_2.9mm_closed_R10_single_refY_005-raw04-20-nbr+3.jpg,False
GP_Ip_2.9mm_closed_R10_single_refY_005-raw05-20,GP_Ip_2.9mm_closed_R10_single_refY,GP_Ip_2.9mm_closed_R10_single_refY_005,5,-3,938,raw/GP_Ip_2.9mm_closed_R10_single_refY_005.mp4,GP_Ip_2.9mm_closed_R10_single_refY_005-raw05-20-nbr-3,dg3_neighbors/images/GP_Ip_2.9mm_closed_R10_single_refY_005-raw05-20-nbr-3.jpg,False
GP_Ip_2.9mm_closed_R10_single_refY_005-raw05-20,GP_Ip_2.9mm_closed_R10_single_refY,GP_Ip_2.9mm_closed_R10_single_refY_005,5,-2,939,raw/GP_Ip_2.9mm_closed_R10_single_refY_005.mp4,GP_Ip_2.9mm_closed_R10_single_refY_005-raw05-20-nbr-2,dg3_neighbors/images/GP_Ip_2.9mm_closed_R10_single_refY_005-raw05-20-nbr-2.jpg,False
GP_Ip_2.9mm_closed_R10_single_refY_005-raw05-20,GP_Ip_2.9mm_closed_R10_single_refY,GP_Ip_2.9mm_closed_R10_single_refY_005,5,-1,940,raw/GP_Ip_2.9mm_closed_R10_single_refY_005.mp4,GP_Ip_2.9mm_closed_R10_single_refY_005-raw05-20-nbr-1,dg3_neighbors/images/GP_Ip_2.9mm_closed_R10_single_refY_005-raw05-20-nbr-1.jpg,False
GP_Ip_2.9mm_closed_R10_single_refY_005-raw05-20,GP_Ip_2.9mm_closed_R10_single_refY,GP_Ip_2.9mm_closed_R10_single_refY_005,5,0,941,raw/GP_Ip_2.9mm_closed_R10_single_refY_005.mp4,GP_Ip_2.9mm_closed_R10_single_refY_005-raw05-20-nbr+0,dg3_neighbors/images/GP_Ip_2.9mm_closed_R10_single_refY_005-raw05-20-nbr+0.jpg,True
GP_Ip_2.9mm_closed_R10_single_refY_005-raw05-20,GP_Ip_2.9mm_closed_R10_single_refY,GP_Ip_2.9mm_closed_R10_single_refY_005,5,1,942,raw/GP_Ip_2.9mm_closed_R10_single_refY_005.mp4,GP_Ip_2.9mm_closed_R10_single_refY_005-raw05-20-nbr+1,dg3_neighbors/images/GP_Ip_2.9mm_closed_R10_single_refY_005-raw05-20-nbr+1.jpg,False
GP_Ip_2.9mm_closed_R10_single_refY_005-raw05-20,GP_Ip_2.9mm_closed_R10_single_refY,GP_Ip_2.9mm_closed_R10_single_refY_005,5,2,943,raw/GP_Ip_2.9mm_closed_R10_single_refY_005.mp4,GP_Ip_2.9mm_closed_R10_single_refY_005-raw05-20-nbr+2,dg3_neighbors/images/GP_Ip_2.9mm_closed_R10_single_refY_005-raw05-20-nbr+2.jpg,False
GP_Ip_2.9mm_closed_R10_single_refY_005-raw05-20,GP_Ip_2.9mm_closed_R10_single_refY,GP_Ip_2.9mm_closed_R10_single_refY_005,5,3,944,raw/GP_Ip_2.9mm_closed_R10_single_refY_005.mp4,GP_Ip_2.9mm_closed_R10_single_refY_005-raw05-20-nbr+3,dg3_neighbors/images/GP_Ip_2.9mm_closed_R10_single_refY_005-raw05-20-nbr+3.jpg,False
GP_Ip_2.9mm_closed_R5_single_refY_004-raw02-10,GP_Ip_2.9mm_closed_R5_single_refY,GP_Ip_2.9mm_closed_R5_single_refY_004,2,-3,196,raw/GP_Ip_2.9mm_closed_R5_single_refY_004.mp4,GP_Ip_2.9mm_closed_R5_single_refY_004-raw02-10-nbr-3,dg3_neighbors/images/GP_Ip_2.9mm_closed_R5_single_refY_004-raw02-10-nbr-3.jpg,False
GP_Ip_2.9mm_closed_R5_single_refY_004-raw02-10,GP_Ip_2.9mm_closed_R5_single_refY,GP_Ip_2.9mm_closed_R5_single_refY_004,2,-2,197,raw/GP_Ip_2.9mm_closed_R5_single_refY_004.mp4,GP_Ip_2.9mm_closed_R5_single_refY_004-raw02-10-nbr-2,dg3_neighbors/images/GP_Ip_2.9mm_closed_R5_single_refY_004-raw02-10-nbr-2.jpg,False
GP_Ip_2.9mm_closed_R5_single_refY_004-raw02-10,GP_Ip_2.9mm_closed_R5_single_refY,GP_Ip_2.9mm_closed_R5_single_refY_004,2,-1,198,raw/GP_Ip_2.9mm_closed_R5_single_refY_004.mp4,GP_Ip_2.9mm_closed_R5_single_refY_004-raw02-10-nbr-1,dg3_neighbors/images/GP_Ip_2.9mm_closed_R5_single_refY_004-raw02-10-nbr-1.jpg,False
GP_Ip_2.9mm_closed_R5_single_refY_004-raw02-10,GP_Ip_2.9mm_closed_R5_single_refY,GP_Ip_2.9mm_closed_R5_single_refY_004,2,0,199,raw/GP_Ip_2.9mm_closed_R5_single_refY_004.mp4,GP_Ip_2.9mm_closed_R5_single_refY_004-raw02-10-nbr+0,dg3_neighbors/images/GP_Ip_2.9mm_closed_R5_single_refY_004-raw02-10-nbr+0.jpg,True
GP_Ip_2.9mm_closed_R5_single_refY_004-raw02-10,GP_Ip_2.9mm_closed_R5_single_refY,GP_Ip_2.9mm_closed_R5_single_refY_004,2,1,200,raw/GP_Ip_2.9mm_closed_R5_single_refY_004.mp4,GP_Ip_2.9mm_closed_R5_single_refY_004-raw02-10-nbr+1,dg3_neighbors/images/GP_Ip_2.9mm_closed_R5_single_refY_004-raw02-10-nbr+1.jpg,False
GP_Ip_2.9mm_closed_R5_single_refY_004-raw02-10,GP_Ip_2.9mm_closed_R5_single_refY,GP_Ip_2.9mm_closed_R5_single_refY_004,2,2,201,raw/GP_Ip_2.9mm_closed_R5_single_refY_004.mp4,GP_Ip_2.9mm_closed_R5_single_refY_004-raw02-10-nbr+2,dg3_neighbors/images/GP_Ip_2.9mm_closed_R5_single_refY_004-raw02-10-nbr+2.jpg,False
GP_Ip_2.9mm_closed_R5_single_refY_004-raw02-10,GP_Ip_2.9mm_closed_R5_single_refY,GP_Ip_2.9mm_closed_R5_single_refY_004,2,3,202,raw/GP_Ip_2.9mm_closed_R5_single_refY_004.mp4,GP_Ip_2.9mm_closed_R5_single_refY_004-raw02-10-nbr+3,dg3_neighbors/images/GP_Ip_2.9mm_closed_R5_single_refY_004-raw02-10-nbr+3.jpg,False
GP_Ip_2.9mm_closed_R5_single_refY_004-raw03-22,GP_Ip_2.9mm_closed_R5_single_refY,GP_Ip_2.9mm_closed_R5_single_refY_004,3,-3,378,raw/GP_Ip_2.9mm_closed_R5_single_refY_004.mp4,GP_Ip_2.9mm_closed_R5_single_refY_004-raw03-22-nbr-3,dg3_neighbors/images/GP_Ip_2.9mm_closed_R5_single_refY_004-raw03-22-nbr-3.jpg,False
GP_Ip_2.9mm_closed_R5_single_refY_004-raw03-22,GP_Ip_2.9mm_closed_R5_single_refY,GP_Ip_2.9mm_closed_R5_single_refY_004,3,-2,379,raw/GP_Ip_2.9mm_closed_R5_single_refY_004.mp4,GP_Ip_2.9mm_closed_R5_single_refY_004-raw03-22-nbr-2,dg3_neighbors/images/GP_Ip_2.9mm_closed_R5_single_refY_004-raw03-22-nbr-2.jpg,False
GP_Ip_2.9mm_closed_R5_single_refY_004-raw03-22,GP_Ip_2.9mm_closed_R5_single_refY,GP_Ip_2.9mm_closed_R5_single_refY_004,3,-1,380,raw/GP_Ip_2.9mm_closed_R5_single_refY_004.mp4,GP_Ip_2.9mm_closed_R5_single_refY_004-raw03-22-nbr-1,dg3_neighbors/images/GP_Ip_2.9mm_closed_R5_single_refY_004-raw03-22-nbr-1.jpg,False
GP_Ip_2.9mm_closed_R5_single_refY_004-raw03-22,GP_Ip_2.9mm_closed_R5_single_refY,GP_Ip_2.9mm_closed_R5_single_refY_004,3,0,381,raw/GP_Ip_2.9mm_closed_R5_single_refY_004.mp4,GP_Ip_2.9mm_closed_R5_single_refY_004-raw03-22-nbr+0,dg3_neighbors/images/GP_Ip_2.9mm_closed_R5_single_refY_004-raw03-22-nbr+0.jpg,True
GP_Ip_2.9mm_closed_R5_single_refY_004-raw03-22,GP_Ip_2.9mm_closed_R5_single_refY,GP_Ip_2.9mm_closed_R5_single_refY_004,3,1,382,raw/GP_Ip_2.9mm_closed_R5_single_refY_004.mp4,GP_Ip_2.9mm_closed_R5_single_refY_004-raw03-22-nbr+1,dg3_neighbors/images/GP_Ip_2.9mm_closed_R5_single_refY_004-raw03-22-nbr+1.jpg,False
GP_Ip_2.9mm_closed_R5_single_refY_004-raw03-22,GP_Ip_2.9mm_closed_R5_single_refY,GP_Ip_2.9mm_closed_R5_single_refY_004,3,2,383,raw/GP_Ip_2.9mm_closed_R5_single_refY_004.mp4,GP_Ip_2.9mm_closed_R5_single_refY_004-raw03-22-nbr+2,dg3_neighbors/images/GP_Ip_2.9mm_closed_R5_single_refY_004-raw03-22-nbr+2.jpg,False
GP_Ip_2.9mm_closed_R5_single_refY_004-raw03-22,GP_Ip_2.9mm_closed_R5_single_refY,GP_Ip_2.9mm_closed_R5_single_refY_004,3,3,384,raw/GP_Ip_2.9mm_closed_R5_single_refY_004.mp4,GP_Ip_2.9mm_closed_R5_single_refY_004-raw03-22-nbr+3,dg3_neighbors/images/GP_Ip_2.9mm_closed_R5_single_refY_004-raw03-22-nbr+3.jpg,False
GP_Ip_2.9mm_closed_R5_single_refY_004-raw04-07,GP_Ip_2.9mm_closed_R5_single_refY,GP_Ip_2.9mm_closed_R5_single_refY_004,4,-3,423,raw/GP_Ip_2.9mm_closed_R5_single_refY_004.mp4,GP_Ip_2.9mm_closed_R5_single_refY_004-raw04-07-nbr-3,dg3_neighbors/images/GP_Ip_2.9mm_closed_R5_single_refY_004-raw04-07-nbr-3.jpg,False
GP_Ip_2.9mm_closed_R5_single_refY_004-raw04-07,GP_Ip_2.9mm_closed_R5_single_refY,GP_Ip_2.9mm_closed_R5_single_refY_004,4,-2,424,raw/GP_Ip_2.9mm_closed_R5_single_refY_004.mp4,GP_Ip_2.9mm_closed_R5_single_refY_004-raw04-07-nbr-2,dg3_neighbors/images/GP_Ip_2.9mm_closed_R5_single_refY_004-raw04-07-nbr-2.jpg,False
GP_Ip_2.9mm_closed_R5_single_refY_004-raw04-07,GP_Ip_2.9mm_closed_R5_single_refY,GP_Ip_2.9mm_closed_R5_single_refY_004,4,-1,425,raw/GP_Ip_2.9mm_closed_R5_single_refY_004.mp4,GP_Ip_2.9mm_closed_R5_single_refY_004-raw04-07-nbr-1,dg3_neighbors/images/GP_Ip_2.9mm_closed_R5_single_refY_004-raw04-07-nbr-1.jpg,False
GP_Ip_2.9mm_closed_R5_single_refY_004-raw04-07,GP_Ip_2.9mm_closed_R5_single_refY,GP_Ip_2.9mm_closed_R5_single_refY_004,4,0,426,raw/GP_Ip_2.9mm_closed_R5_single_refY_004.mp4,GP_Ip_2.9mm_closed_R5_single_refY_004-raw04-07-nbr+0,dg3_neighbors/images/GP_Ip_2.9mm_closed_R5_single_refY_004-raw04-07-nbr+0.jpg,True
GP_Ip_2.9mm_closed_R5_single_refY_004-raw04-07,GP_Ip_2.9mm_closed_R5_single_refY,GP_Ip_2.9mm_closed_R5_single_refY_004,4,1,427,raw/GP_Ip_2.9mm_closed_R5_single_refY_004.mp4,GP_Ip_2.9mm_closed_R5_single_refY_004-raw04-07-nbr+1,dg3_neighbors/images/GP_Ip_2.9mm_closed_R5_single_refY_004-raw04-07-nbr+1.jpg,False
GP_Ip_2.9mm_closed_R5_single_refY_004-raw04-07,GP_Ip_2.9mm_closed_R5_single_refY,GP_Ip_2.9mm_closed_R5_single_refY_004,4,2,428,raw/GP_Ip_2.9mm_closed_R5_single_refY_004.mp4,GP_Ip_2.9mm_closed_R5_single_refY_004-raw04-07-nbr+2,dg3_neighbors/images/GP_Ip_2.9mm_closed_R5_single_refY_004-raw04-07-nbr+2.jpg,False
GP_Ip_2.9mm_closed_R5_single_refY_004-raw04-07,GP_Ip_2.9mm_closed_R5_single_refY,GP_Ip_2.9mm_closed_R5_single_refY_004,4,3,429,raw/GP_Ip_2.9mm_closed_R5_single_refY_004.mp4,GP_Ip_2.9mm_closed_R5_single_refY_004-raw04-07-nbr+3,dg3_neighbors/images/GP_Ip_2.9mm_closed_R5_single_refY_004-raw04-07-nbr+3.jpg,False
GP_Ip_2.9mm_closed_R5_single_refY_004-raw05-23,GP_Ip_2.9mm_closed_R5_single_refY,GP_Ip_2.9mm_closed_R5_single_refY_004,5,-3,629,raw/GP_Ip_2.9mm_closed_R5_single_refY_004.mp4,GP_Ip_2.9mm_closed_R5_single_refY_004-raw05-23-nbr-3,dg3_neighbors/images/GP_Ip_2.9mm_closed_R5_single_refY_004-raw05-23-nbr-3.jpg,False
GP_Ip_2.9mm_closed_R5_single_refY_004-raw05-23,GP_Ip_2.9mm_closed_R5_single_refY,GP_Ip_2.9mm_closed_R5_single_refY_004,5,-2,630,raw/GP_Ip_2.9mm_closed_R5_single_refY_004.mp4,GP_Ip_2.9mm_closed_R5_single_refY_004-raw05-23-nbr-2,dg3_neighbors/images/GP_Ip_2.9mm_closed_R5_single_refY_004-raw05-23-nbr-2.jpg,False
GP_Ip_2.9mm_closed_R5_single_refY_004-raw05-23,GP_Ip_2.9mm_closed_R5_single_refY,GP_Ip_2.9mm_closed_R5_single_refY_004,5,-1,631,raw/GP_Ip_2.9mm_closed_R5_single_refY_004.mp4,GP_Ip_2.9mm_closed_R5_single_refY_004-raw05-23-nbr-1,dg3_neighbors/images/GP_Ip_2.9mm_closed_R5_single_refY_004-raw05-23-nbr-1.jpg,False
GP_Ip_2.9mm_closed_R5_single_refY_004-raw05-23,GP_Ip_2.9mm_closed_R5_single_refY,GP_Ip_2.9mm_closed_R5_single_refY_004,5,0,632,raw/GP_Ip_2.9mm_closed_R5_single_refY_004.mp4,GP_Ip_2.9mm_closed_R5_single_refY_004-raw05-23-nbr+0,dg3_neighbors/images/GP_Ip_2.9mm_closed_R5_single_refY_004-raw05-23-nbr+0.jpg,True
GP_Ip_2.9mm_closed_R5_single_refY_004-raw05-23,GP_Ip_2.9mm_closed_R5_single_refY,GP_Ip_2.9mm_closed_R5_single_refY_004,5,1,633,raw/GP_Ip_2.9mm_closed_R5_single_refY_004.mp4,GP_Ip_2.9mm_closed_R5_single_refY_004-raw05-23-nbr+1,dg3_neighbors/images/GP_Ip_2.9mm_closed_R5_single_refY_004-raw05-23-nbr+1.jpg,False
GP_Ip_2.9mm_closed_R5_single_refY_004-raw05-23,GP_Ip_2.9mm_closed_R5_single_refY,GP_Ip_2.9mm_closed_R5_single_refY_004,5,2,634,raw/GP_Ip_2.9mm_closed_R5_single_refY_004.mp4,GP_Ip_2.9mm_closed_R5_single_refY_004-raw05-23-nbr+2,dg3_neighbors/images/GP_Ip_2.9mm_closed_R5_single_refY_004-raw05-23-nbr+2.jpg,False
GP_Ip_2.9mm_closed_R5_single_refY_004-raw05-23,GP_Ip_2.9mm_closed_R5_single_refY,GP_Ip_2.9mm_closed_R5_single_refY_004,5,3,635,raw/GP_Ip_2.9mm_closed_R5_single_refY_004.mp4,GP_Ip_2.9mm_closed_R5_single_refY_004-raw05-23-nbr+3,dg3_neighbors/images/GP_Ip_2.9mm_closed_R5_single_refY_004-raw05-23-nbr+3.jpg,False
GP_Ip_2.9mm_closed_R5_single_refY_005-raw03-20,GP_Ip_2.9mm_closed_R5_single_refY,GP_Ip_2.9mm_closed_R5_single_refY_005,3,-3,393,raw/GP_Ip_2.9mm_closed_R5_single_refY_005.mp4,GP_Ip_2.9mm_closed_R5_single_refY_005-raw03-20-nbr-3,dg3_neighbors/images/GP_Ip_2.9mm_closed_R5_single_refY_005-raw03-20-nbr-3.jpg,False
GP_Ip_2.9mm_closed_R5_single_refY_005-raw03-20,GP_Ip_2.9mm_closed_R5_single_refY,GP_Ip_2.9mm_closed_R5_single_refY_005,3,-2,394,raw/GP_Ip_2.9mm_closed_R5_single_refY_005.mp4,GP_Ip_2.9mm_closed_R5_single_refY_005-raw03-20-nbr-2,dg3_neighbors/images/GP_Ip_2.9mm_closed_R5_single_refY_005-raw03-20-nbr-2.jpg,False
GP_Ip_2.9mm_closed_R5_single_refY_005-raw03-20,GP_Ip_2.9mm_closed_R5_single_refY,GP_Ip_2.9mm_closed_R5_single_refY_005,3,-1,395,raw/GP_Ip_2.9mm_closed_R5_single_refY_005.mp4,GP_Ip_2.9mm_closed_R5_single_refY_005-raw03-20-nbr-1,dg3_neighbors/images/GP_Ip_2.9mm_closed_R5_single_refY_005-raw03-20-nbr-1.jpg,False
GP_Ip_2.9mm_closed_R5_single_refY_005-raw03-20,GP_Ip_2.9mm_closed_R5_single_refY,GP_Ip_2.9mm_closed_R5_single_refY_005,3,0,396,raw/GP_Ip_2.9mm_closed_R5_single_refY_005.mp4,GP_Ip_2.9mm_closed_R5_single_refY_005-raw03-20-nbr+0,dg3_neighbors/images/GP_Ip_2.9mm_closed_R5_single_refY_005-raw03-20-nbr+0.jpg,True
GP_Ip_2.9mm_closed_R5_single_refY_005-raw03-20,GP_Ip_2.9mm_closed_R5_single_refY,GP_Ip_2.9mm_closed_R5_single_refY_005,3,1,397,raw/GP_Ip_2.9mm_closed_R5_single_refY_005.mp4,GP_Ip_2.9mm_closed_R5_single_refY_005-raw03-20-nbr+1,dg3_neighbors/images/GP_Ip_2.9mm_closed_R5_single_refY_005-raw03-20-nbr+1.jpg,False
GP_Ip_2.9mm_closed_R5_single_refY_005-raw03-20,GP_Ip_2.9mm_closed_R5_single_refY,GP_Ip_2.9mm_closed_R5_single_refY_005,3,2,398,raw/GP_Ip_2.9mm_closed_R5_single_refY_005.mp4,GP_Ip_2.9mm_closed_R5_single_refY_005-raw03-20-nbr+2,dg3_neighbors/images/GP_Ip_2.9mm_closed_R5_single_refY_005-raw03-20-nbr+2.jpg,False
GP_Ip_2.9mm_closed_R5_single_refY_005-raw03-20,GP_Ip_2.9mm_closed_R5_single_refY,GP_Ip_2.9mm_closed_R5_single_refY_005,3,3,399,raw/GP_Ip_2.9mm_closed_R5_single_refY_005.mp4,GP_Ip_2.9mm_closed_R5_single_refY_005-raw03-20-nbr+3,dg3_neighbors/images/GP_Ip_2.9mm_closed_R5_single_refY_005-raw03-20-nbr+3.jpg,False
GP_Ip_2.9mm_closed_R5_single_refY_005-raw04-10,GP_Ip_2.9mm_closed_R5_single_refY,GP_Ip_2.9mm_closed_R5_single_refY_005,4,-3,468,raw/GP_Ip_2.9mm_closed_R5_single_refY_005.mp4,GP_Ip_2.9mm_closed_R5_single_refY_005-raw04-10-nbr-3,dg3_neighbors/images/GP_Ip_2.9mm_closed_R5_single_refY_005-raw04-10-nbr-3.jpg,False
GP_Ip_2.9mm_closed_R5_single_refY_005-raw04-10,GP_Ip_2.9mm_closed_R5_single_refY,GP_Ip_2.9mm_closed_R5_single_refY_005,4,-2,469,raw/GP_Ip_2.9mm_closed_R5_single_refY_005.mp4,GP_Ip_2.9mm_closed_R5_single_refY_005-raw04-10-nbr-2,dg3_neighbors/images/GP_Ip_2.9mm_closed_R5_single_refY_005-raw04-10-nbr-2.jpg,False
GP_Ip_2.9mm_closed_R5_single_refY_005-raw04-10,GP_Ip_2.9mm_closed_R5_single_refY,GP_Ip_2.9mm_closed_R5_single_refY_005,4,-1,470,raw/GP_Ip_2.9mm_closed_R5_single_refY_005.mp4,GP_Ip_2.9mm_closed_R5_single_refY_005-raw04-10-nbr-1,dg3_neighbors/images/GP_Ip_2.9mm_closed_R5_single_refY_005-raw04-10-nbr-1.jpg,False
GP_Ip_2.9mm_closed_R5_single_refY_005-raw04-10,GP_Ip_2.9mm_closed_R5_single_refY,GP_Ip_2.9mm_closed_R5_single_refY_005,4,0,471,raw/GP_Ip_2.9mm_closed_R5_single_refY_005.mp4,GP_Ip_2.9mm_closed_R5_single_refY_005-raw04-10-nbr+0,dg3_neighbors/images/GP_Ip_2.9mm_closed_R5_single_refY_005-raw04-10-nbr+0.jpg,True
GP_Ip_2.9mm_closed_R5_single_refY_005-raw04-10,GP_Ip_2.9mm_closed_R5_single_refY,GP_Ip_2.9mm_closed_R5_single_refY_005,4,1,472,raw/GP_Ip_2.9mm_closed_R5_single_refY_005.mp4,GP_Ip_2.9mm_closed_R5_single_refY_005-raw04-10-nbr+1,dg3_neighbors/images/GP_Ip_2.9mm_closed_R5_single_refY_005-raw04-10-nbr+1.jpg,False
GP_Ip_2.9mm_closed_R5_single_refY_005-raw04-10,GP_Ip_2.9mm_closed_R5_single_refY,GP_Ip_2.9mm_closed_R5_single_refY_005,4,2,473,raw/GP_Ip_2.9mm_closed_R5_single_refY_005.mp4,GP_Ip_2.9mm_closed_R5_single_refY_005-raw04-10-nbr+2,dg3_neighbors/images/GP_Ip_2.9mm_closed_R5_single_refY_005-raw04-10-nbr+2.jpg,False
GP_Ip_2.9mm_closed_R5_single_refY_005-raw04-10,GP_Ip_2.9mm_closed_R5_single_refY,GP_Ip_2.9mm_closed_R5_single_refY_005,4,3,474,raw/GP_Ip_2.9mm_closed_R5_single_refY_005.mp4,GP_Ip_2.9mm_closed_R5_single_refY_005-raw04-10-nbr+3,dg3_neighbors/images/GP_Ip_2.9mm_closed_R5_single_refY_005-raw04-10-nbr+3.jpg,False
GP_Ip_2.9mm_closed_R5_single_refY_005-raw05-24,GP_Ip_2.9mm_closed_R5_single_refY,GP_Ip_2.9mm_closed_R5_single_refY_005,5,-3,676,raw/GP_Ip_2.9mm_closed_R5_single_refY_005.mp4,GP_Ip_2.9mm_closed_R5_single_refY_005-raw05-24-nbr-3,dg3_neighbors/images/GP_Ip_2.9mm_closed_R5_single_refY_005-raw05-24-nbr-3.jpg,False
GP_Ip_2.9mm_closed_R5_single_refY_005-raw05-24,GP_Ip_2.9mm_closed_R5_single_refY,GP_Ip_2.9mm_closed_R5_single_refY_005,5,-2,677,raw/GP_Ip_2.9mm_closed_R5_single_refY_005.mp4,GP_Ip_2.9mm_closed_R5_single_refY_005-raw05-24-nbr-2,dg3_neighbors/images/GP_Ip_2.9mm_closed_R5_single_refY_005-raw05-24-nbr-2.jpg,False
GP_Ip_2.9mm_closed_R5_single_refY_005-raw05-24,GP_Ip_2.9mm_closed_R5_single_refY,GP_Ip_2.9mm_closed_R5_single_refY_005,5,-1,678,raw/GP_Ip_2.9mm_closed_R5_single_refY_005.mp4,GP_Ip_2.9mm_closed_R5_single_refY_005-raw05-24-nbr-1,dg3_neighbors/images/GP_Ip_2.9mm_closed_R5_single_refY_005-raw05-24-nbr-1.jpg,False
GP_Ip_2.9mm_closed_R5_single_refY_005-raw05-24,GP_Ip_2.9mm_closed_R5_single_refY,GP_Ip_2.9mm_closed_R5_single_refY_005,5,0,679,raw/GP_Ip_2.9mm_closed_R5_single_refY_005.mp4,GP_Ip_2.9mm_closed_R5_single_refY_005-raw05-24-nbr+0,dg3_neighbors/images/GP_Ip_2.9mm_closed_R5_single_refY_005-raw05-24-nbr+0.jpg,True
GP_Ip_2.9mm_closed_R5_single_refY_005-raw05-24,GP_Ip_2.9mm_closed_R5_single_refY,GP_Ip_2.9mm_closed_R5_single_refY_005,5,1,680,raw/GP_Ip_2.9mm_closed_R5_single_refY_005.mp4,GP_Ip_2.9mm_closed_R5_single_refY_005-raw05-24-nbr+1,dg3_neighbors/images/GP_Ip_2.9mm_closed_R5_single_refY_005-raw05-24-nbr+1.jpg,False
GP_Ip_2.9mm_closed_R5_single_refY_005-raw05-24,GP_Ip_2.9mm_closed_R5_single_refY,GP_Ip_2.9mm_closed_R5_single_refY_005,5,2,681,raw/GP_Ip_2.9mm_closed_R5_single_refY_005.mp4,GP_Ip_2.9mm_closed_R5_single_refY_005-raw05-24-nbr+2,dg3_neighbors/images/GP_Ip_2.9mm_closed_R5_single_refY_005-raw05-24-nbr+2.jpg,False
GP_Ip_2.9mm_closed_R5_single_refY_005-raw05-24,GP_Ip_2.9mm_closed_R5_single_refY,GP_Ip_2.9mm_closed_R5_single_refY_005,5,3,682,raw/GP_Ip_2.9mm_closed_R5_single_refY_005.mp4,GP_Ip_2.9mm_closed_R5_single_refY_005-raw05-24-nbr+3,dg3_neighbors/images/GP_Ip_2.9mm_closed_R5_single_refY_005-raw05-24-nbr+3.jpg,False
GP_Ip_20.0mm_closed_R10_single_refY_004-raw01-11,GP_Ip_20.0mm_closed_R10_single_refY,GP_Ip_20.0mm_closed_R10_single_refY_004,1,-3,121,raw/GP_Ip_20.0mm_closed_R10_single_refY_004.mp4,GP_Ip_20.0mm_closed_R10_single_refY_004-raw01-11-nbr-3,dg3_neighbors/images/GP_Ip_20.0mm_closed_R10_single_refY_004-raw01-11-nbr-3.jpg,False
GP_Ip_20.0mm_closed_R10_single_refY_004-raw01-11,GP_Ip_20.0mm_closed_R10_single_refY,GP_Ip_20.0mm_closed_R10_single_refY_004,1,-2,122,raw/GP_Ip_20.0mm_closed_R10_single_refY_004.mp4,GP_Ip_20.0mm_closed_R10_single_refY_004-raw01-11-nbr-2,dg3_neighbors/images/GP_Ip_20.0mm_closed_R10_single_refY_004-raw01-11-nbr-2.jpg,False
GP_Ip_20.0mm_closed_R10_single_refY_004-raw01-11,GP_Ip_20.0mm_closed_R10_single_refY,GP_Ip_20.0mm_closed_R10_single_refY_004,1,-1,123,raw/GP_Ip_20.0mm_closed_R10_single_refY_004.mp4,GP_Ip_20.0mm_closed_R10_single_refY_004-raw01-11-nbr-1,dg3_neighbors/images/GP_Ip_20.0mm_closed_R10_single_refY_004-raw01-11-nbr-1.jpg,False
GP_Ip_20.0mm_closed_R10_single_refY_004-raw01-11,GP_Ip_20.0mm_closed_R10_single_refY,GP_Ip_20.0mm_closed_R10_single_refY_004,1,0,124,raw/GP_Ip_20.0mm_closed_R10_single_refY_004.mp4,GP_Ip_20.0mm_closed_R10_single_refY_004-raw01-11-nbr+0,dg3_neighbors/images/GP_Ip_20.0mm_closed_R10_single_refY_004-raw01-11-nbr+0.jpg,True
GP_Ip_20.0mm_closed_R10_single_refY_004-raw01-11,GP_Ip_20.0mm_closed_R10_single_refY,GP_Ip_20.0mm_closed_R10_single_refY_004,1,1,125,raw/GP_Ip_20.0mm_closed_R10_single_refY_004.mp4,GP_Ip_20.0mm_closed_R10_single_refY_004-raw01-11-nbr+1,dg3_neighbors/images/GP_Ip_20.0mm_closed_R10_single_refY_004-raw01-11-nbr+1.jpg,False
GP_Ip_20.0mm_closed_R10_single_refY_004-raw01-11,GP_Ip_20.0mm_closed_R10_single_refY,GP_Ip_20.0mm_closed_R10_single_refY_004,1,2,126,raw/GP_Ip_20.0mm_closed_R10_single_refY_004.mp4,GP_Ip_20.0mm_closed_R10_single_refY_004-raw01-11-nbr+2,dg3_neighbors/images/GP_Ip_20.0mm_closed_R10_single_refY_004-raw01-11-nbr+2.jpg,False
GP_Ip_20.0mm_closed_R10_single_refY_004-raw01-11,GP_Ip_20.0mm_closed_R10_single_refY,GP_Ip_20.0mm_closed_R10_single_refY_004,1,3,127,raw/GP_Ip_20.0mm_closed_R10_single_refY_004.mp4,GP_Ip_20.0mm_closed_R10_single_refY_004-raw01-11-nbr+3,dg3_neighbors/images/GP_Ip_20.0mm_closed_R10_single_refY_004-raw01-11-nbr+3.jpg,False
GP_Ip_20.0mm_closed_R10_single_refY_004-raw02-14,GP_Ip_20.0mm_closed_R10_single_refY,GP_Ip_20.0mm_closed_R10_single_refY_004,2,-3,322,raw/GP_Ip_20.0mm_closed_R10_single_refY_004.mp4,GP_Ip_20.0mm_closed_R10_single_refY_004-raw02-14-nbr-3,dg3_neighbors/images/GP_Ip_20.0mm_closed_R10_single_refY_004-raw02-14-nbr-3.jpg,False
GP_Ip_20.0mm_closed_R10_single_refY_004-raw02-14,GP_Ip_20.0mm_closed_R10_single_refY,GP_Ip_20.0mm_closed_R10_single_refY_004,2,-2,323,raw/GP_Ip_20.0mm_closed_R10_single_refY_004.mp4,GP_Ip_20.0mm_closed_R10_single_refY_004-raw02-14-nbr-2,dg3_neighbors/images/GP_Ip_20.0mm_closed_R10_single_refY_004-raw02-14-nbr-2.jpg,False
GP_Ip_20.0mm_closed_R10_single_refY_004-raw02-14,GP_Ip_20.0mm_closed_R10_single_refY,GP_Ip_20.0mm_closed_R10_single_refY_004,2,-1,324,raw/GP_Ip_20.0mm_closed_R10_single_refY_004.mp4,GP_Ip_20.0mm_closed_R10_single_refY_004-raw02-14-nbr-1,dg3_neighbors/images/GP_Ip_20.0mm_closed_R10_single_refY_004-raw02-14-nbr-1.jpg,False
GP_Ip_20.0mm_closed_R10_single_refY_004-raw02-14,GP_Ip_20.0mm_closed_R10_single_refY,GP_Ip_20.0mm_closed_R10_single_refY_004,2,0,325,raw/GP_Ip_20.0mm_closed_R10_single_refY_004.mp4,GP_Ip_20.0mm_closed_R10_single_refY_004-raw02-14-nbr+0,dg3_neighbors/images/GP_Ip_20.0mm_closed_R10_single_refY_004-raw02-14-nbr+0.jpg,True
GP_Ip_20.0mm_closed_R10_single_refY_004-raw02-14,GP_Ip_20.0mm_closed_R10_single_refY,GP_Ip_20.0mm_closed_R10_single_refY_004,2,1,326,raw/GP_Ip_20.0mm_closed_R10_single_refY_004.mp4,GP_Ip_20.0mm_closed_R10_single_refY_004-raw02-14-nbr+1,dg3_neighbors/images/GP_Ip_20.0mm_closed_R10_single_refY_004-raw02-14-nbr+1.jpg,False
GP_Ip_20.0mm_closed_R10_single_refY_004-raw02-14,GP_Ip_20.0mm_closed_R10_single_refY,GP_Ip_20.0mm_closed_R10_single_refY_004,2,2,327,raw/GP_Ip_20.0mm_closed_R10_single_refY_004.mp4,GP_Ip_20.0mm_closed_R10_single_refY_004-raw02-14-nbr+2,dg3_neighbors/images/GP_Ip_20.0mm_closed_R10_single_refY_004-raw02-14-nbr+2.jpg,False
GP_Ip_20.0mm_closed_R10_single_refY_004-raw02-14,GP_Ip_20.0mm_closed_R10_single_refY,GP_Ip_20.0mm_closed_R10_single_refY_004,2,3,328,raw/GP_Ip_20.0mm_closed_R10_single_refY_004.mp4,GP_Ip_20.0mm_closed_R10_single_refY_004-raw02-14-nbr+3,dg3_neighbors/images/GP_Ip_20.0mm_closed_R10_single_refY_004-raw02-14-nbr+3.jpg,False
GP_Ip_20.0mm_closed_R10_single_refY_004-raw03-03,GP_Ip_20.0mm_closed_R10_single_refY,GP_Ip_20.0mm_closed_R10_single_refY_004,3,-3,419,raw/GP_Ip_20.0mm_closed_R10_single_refY_004.mp4,GP_Ip_20.0mm_closed_R10_single_refY_004-raw03-03-nbr-3,dg3_neighbors/images/GP_Ip_20.0mm_closed_R10_single_refY_004-raw03-03-nbr-3.jpg,False
GP_Ip_20.0mm_closed_R10_single_refY_004-raw03-03,GP_Ip_20.0mm_closed_R10_single_refY,GP_Ip_20.0mm_closed_R10_single_refY_004,3,-2,420,raw/GP_Ip_20.0mm_closed_R10_single_refY_004.mp4,GP_Ip_20.0mm_closed_R10_single_refY_004-raw03-03-nbr-2,dg3_neighbors/images/GP_Ip_20.0mm_closed_R10_single_refY_004-raw03-03-nbr-2.jpg,False
GP_Ip_20.0mm_closed_R10_single_refY_004-raw03-03,GP_Ip_20.0mm_closed_R10_single_refY,GP_Ip_20.0mm_closed_R10_single_refY_004,3,-1,421,raw/GP_Ip_20.0mm_closed_R10_single_refY_004.mp4,GP_Ip_20.0mm_closed_R10_single_refY_004-raw03-03-nbr-1,dg3_neighbors/images/GP_Ip_20.0mm_closed_R10_single_refY_004-raw03-03-nbr-1.jpg,False
GP_Ip_20.0mm_closed_R10_single_refY_004-raw03-03,GP_Ip_20.0mm_closed_R10_single_refY,GP_Ip_20.0mm_closed_R10_single_refY_004,3,0,422,raw/GP_Ip_20.0mm_closed_R10_single_refY_004.mp4,GP_Ip_20.0mm_closed_R10_single_refY_004-raw03-03-nbr+0,dg3_neighbors/images/GP_Ip_20.0mm_closed_R10_single_refY_004-raw03-03-nbr+0.jpg,True
GP_Ip_20.0mm_closed_R10_single_refY_004-raw03-03,GP_Ip_20.0mm_closed_R10_single_refY,GP_Ip_20.0mm_closed_R10_single_refY_004,3,1,423,raw/GP_Ip_20.0mm_closed_R10_single_refY_004.mp4,GP_Ip_20.0mm_closed_R10_single_refY_004-raw03-03-nbr+1,dg3_neighbors/images/GP_Ip_20.0mm_closed_R10_single_refY_004-raw03-03-nbr+1.jpg,False
GP_Ip_20.0mm_closed_R10_single_refY_004-raw03-03,GP_Ip_20.0mm_closed_R10_single_refY,GP_Ip_20.0mm_closed_R10_single_refY_004,3,2,424,raw/GP_Ip_20.0mm_closed_R10_single_refY_004.mp4,GP_Ip_20.0mm_closed_R10_single_refY_004-raw03-03-nbr+2,dg3_neighbors/images/GP_Ip_20.0mm_closed_R10_single_refY_004-raw03-03-nbr+2.jpg,False
GP_Ip_20.0mm_closed_R10_single_refY_004-raw03-03,GP_Ip_20.0mm_closed_R10_single_refY,GP_Ip_20.0mm_closed_R10_single_refY_004,3,3,425,raw/GP_Ip_20.0mm_closed_R10_single_refY_004.mp4,GP_Ip_20.0mm_closed_R10_single_refY_004-raw03-03-nbr+3,dg3_neighbors/images/GP_Ip_20.0mm_closed_R10_single_refY_004-raw03-03-nbr+3.jpg,False
GP_Ip_20.0mm_closed_R10_single_refY_004-raw04-19,GP_Ip_20.0mm_closed_R10_single_refY,GP_Ip_20.0mm_closed_R10_single_refY_004,4,-3,717,raw/GP_Ip_20.0mm_closed_R10_single_refY_004.mp4,GP_Ip_20.0mm_closed_R10_single_refY_004-raw04-19-nbr-3,dg3_neighbors/images/GP_Ip_20.0mm_closed_R10_single_refY_004-raw04-19-nbr-3.jpg,False
GP_Ip_20.0mm_closed_R10_single_refY_004-raw04-19,GP_Ip_20.0mm_closed_R10_single_refY,GP_Ip_20.0mm_closed_R10_single_refY_004,4,-2,718,raw/GP_Ip_20.0mm_closed_R10_single_refY_004.mp4,GP_Ip_20.0mm_closed_R10_single_refY_004-raw04-19-nbr-2,dg3_neighbors/images/GP_Ip_20.0mm_closed_R10_single_refY_004-raw04-19-nbr-2.jpg,False
GP_Ip_20.0mm_closed_R10_single_refY_004-raw04-19,GP_Ip_20.0mm_closed_R10_single_refY,GP_Ip_20.0mm_closed_R10_single_refY_004,4,-1,719,raw/GP_Ip_20.0mm_closed_R10_single_refY_004.mp4,GP_Ip_20.0mm_closed_R10_single_refY_004-raw04-19-nbr-1,dg3_neighbors/images/GP_Ip_20.0mm_closed_R10_single_refY_004-raw04-19-nbr-1.jpg,False
GP_Ip_20.0mm_closed_R10_single_refY_004-raw04-19,GP_Ip_20.0mm_closed_R10_single_refY,GP_Ip_20.0mm_closed_R10_single_refY_004,4,0,720,raw/GP_Ip_20.0mm_closed_R10_single_refY_004.mp4,GP_Ip_20.0mm_closed_R10_single_refY_004-raw04-19-nbr+0,dg3_neighbors/images/GP_Ip_20.0mm_closed_R10_single_refY_004-raw04-19-nbr+0.jpg,True
GP_Ip_20.0mm_closed_R10_single_refY_004-raw04-19,GP_Ip_20.0mm_closed_R10_single_refY,GP_Ip_20.0mm_closed_R10_single_refY_004,4,1,721,raw/GP_Ip_20.0mm_closed_R10_single_refY_004.mp4,GP_Ip_20.0mm_closed_R10_single_refY_004-raw04-19-nbr+1,dg3_neighbors/images/GP_Ip_20.0mm_closed_R10_single_refY_004-raw04-19-nbr+1.jpg,False
GP_Ip_20.0mm_closed_R10_single_refY_004-raw04-19,GP_Ip_20.0mm_closed_R10_single_refY,GP_Ip_20.0mm_closed_R10_single_refY_004,4,2,722,raw/GP_Ip_20.0mm_closed_R10_single_refY_004.mp4,GP_Ip_20.0mm_closed_R10_single_refY_004-raw04-19-nbr+2,dg3_neighbors/images/GP_Ip_20.0mm_closed_R10_single_refY_004-raw04-19-nbr+2.jpg,False
GP_Ip_20.0mm_closed_R10_single_refY_004-raw04-19,GP_Ip_20.0mm_closed_R10_single_refY,GP_Ip_20.0mm_closed_R10_single_refY_004,4,3,723,raw/GP_Ip_20.0mm_closed_R10_single_refY_004.mp4,GP_Ip_20.0mm_closed_R10_single_refY_004-raw04-19-nbr+3,dg3_neighbors/images/GP_Ip_20.0mm_closed_R10_single_refY_004-raw04-19-nbr+3.jpg,False
GP_Ip_20.0mm_closed_R10_single_refY_004-raw05-19,GP_Ip_20.0mm_closed_R10_single_refY,GP_Ip_20.0mm_closed_R10_single_refY_004,5,-3,898,raw/GP_Ip_20.0mm_closed_R10_single_refY_004.mp4,GP_Ip_20.0mm_closed_R10_single_refY_004-raw05-19-nbr-3,dg3_neighbors/images/GP_Ip_20.0mm_closed_R10_single_refY_004-raw05-19-nbr-3.jpg,False
GP_Ip_20.0mm_closed_R10_single_refY_004-raw05-19,GP_Ip_20.0mm_closed_R10_single_refY,GP_Ip_20.0mm_closed_R10_single_refY_004,5,-2,899,raw/GP_Ip_20.0mm_closed_R10_single_refY_004.mp4,GP_Ip_20.0mm_closed_R10_single_refY_004-raw05-19-nbr-2,dg3_neighbors/images/GP_Ip_20.0mm_closed_R10_single_refY_004-raw05-19-nbr-2.jpg,False
GP_Ip_20.0mm_closed_R10_single_refY_004-raw05-19,GP_Ip_20.0mm_closed_R10_single_refY,GP_Ip_20.0mm_closed_R10_single_refY_004,5,-1,900,raw/GP_Ip_20.0mm_closed_R10_single_refY_004.mp4,GP_Ip_20.0mm_closed_R10_single_refY_004-raw05-19-nbr-1,dg3_neighbors/images/GP_Ip_20.0mm_closed_R10_single_refY_004-raw05-19-nbr-1.jpg,False
GP_Ip_20.0mm_closed_R10_single_refY_004-raw05-19,GP_Ip_20.0mm_closed_R10_single_refY,GP_Ip_20.0mm_closed_R10_single_refY_004,5,0,901,raw/GP_Ip_20.0mm_closed_R10_single_refY_004.mp4,GP_Ip_20.0mm_closed_R10_single_refY_004-raw05-19-nbr+0,dg3_neighbors/images/GP_Ip_20.0mm_closed_R10_single_refY_004-raw05-19-nbr+0.jpg,True
GP_Ip_20.0mm_closed_R10_single_refY_004-raw05-19,GP_Ip_20.0mm_closed_R10_single_refY,GP_Ip_20.0mm_closed_R10_single_refY_004,5,1,902,raw/GP_Ip_20.0mm_closed_R10_single_refY_004.mp4,GP_Ip_20.0mm_closed_R10_single_refY_004-raw05-19-nbr+1,dg3_neighbors/images/GP_Ip_20.0mm_closed_R10_single_refY_004-raw05-19-nbr+1.jpg,False
GP_Ip_20.0mm_closed_R10_single_refY_004-raw05-19,GP_Ip_20.0mm_closed_R10_single_refY,GP_Ip_20.0mm_closed_R10_single_refY_004,5,2,903,raw/GP_Ip_20.0mm_closed_R10_single_refY_004.mp4,GP_Ip_20.0mm_closed_R10_single_refY_004-raw05-19-nbr+2,dg3_neighbors/images/GP_Ip_20.0mm_closed_R10_single_refY_004-raw05-19-nbr+2.jpg,False
GP_Ip_20.0mm_closed_R10_single_refY_004-raw05-19,GP_Ip_20.0mm_closed_R10_single_refY,GP_Ip_20.0mm_closed_R10_single_refY_004,5,3,904,raw/GP_Ip_20.0mm_closed_R10_single_refY_004.mp4,GP_Ip_20.0mm_closed_R10_single_refY_004-raw05-19-nbr+3,dg3_neighbors/images/GP_Ip_20.0mm_closed_R10_single_refY_004-raw05-19-nbr+3.jpg,False
GP_Ip_20.0mm_closed_R10_single_refY_005-raw01-22,GP_Ip_20.0mm_closed_R10_single_refY,GP_Ip_20.0mm_closed_R10_single_refY_005,1,-3,142,raw/GP_Ip_20.0mm_closed_R10_single_refY_005.mp4,GP_Ip_20.0mm_closed_R10_single_refY_005-raw01-22-nbr-3,dg3_neighbors/images/GP_Ip_20.0mm_closed_R10_single_refY_005-raw01-22-nbr-3.jpg,False
GP_Ip_20.0mm_closed_R10_single_refY_005-raw01-22,GP_Ip_20.0mm_closed_R10_single_refY,GP_Ip_20.0mm_closed_R10_single_refY_005,1,-2,143,raw/GP_Ip_20.0mm_closed_R10_single_refY_005.mp4,GP_Ip_20.0mm_closed_R10_single_refY_005-raw01-22-nbr-2,dg3_neighbors/images/GP_Ip_20.0mm_closed_R10_single_refY_005-raw01-22-nbr-2.jpg,False
GP_Ip_20.0mm_closed_R10_single_refY_005-raw01-22,GP_Ip_20.0mm_closed_R10_single_refY,GP_Ip_20.0mm_closed_R10_single_refY_005,1,-1,144,raw/GP_Ip_20.0mm_closed_R10_single_refY_005.mp4,GP_Ip_20.0mm_closed_R10_single_refY_005-raw01-22-nbr-1,dg3_neighbors/images/GP_Ip_20.0mm_closed_R10_single_refY_005-raw01-22-nbr-1.jpg,False
GP_Ip_20.0mm_closed_R10_single_refY_005-raw01-22,GP_Ip_20.0mm_closed_R10_single_refY,GP_Ip_20.0mm_closed_R10_single_refY_005,1,0,145,raw/GP_Ip_20.0mm_closed_R10_single_refY_005.mp4,GP_Ip_20.0mm_closed_R10_single_refY_005-raw01-22-nbr+0,dg3_neighbors/images/GP_Ip_20.0mm_closed_R10_single_refY_005-raw01-22-nbr+0.jpg,True
GP_Ip_20.0mm_closed_R10_single_refY_005-raw01-22,GP_Ip_20.0mm_closed_R10_single_refY,GP_Ip_20.0mm_closed_R10_single_refY_005,1,1,146,raw/GP_Ip_20.0mm_closed_R10_single_refY_005.mp4,GP_Ip_20.0mm_closed_R10_single_refY_005-raw01-22-nbr+1,dg3_neighbors/images/GP_Ip_20.0mm_closed_R10_single_refY_005-raw01-22-nbr+1.jpg,False
GP_Ip_20.0mm_closed_R10_single_refY_005-raw01-22,GP_Ip_20.0mm_closed_R10_single_refY,GP_Ip_20.0mm_closed_R10_single_refY_005,1,2,147,raw/GP_Ip_20.0mm_closed_R10_single_refY_005.mp4,GP_Ip_20.0mm_closed_R10_single_refY_005-raw01-22-nbr+2,dg3_neighbors/images/GP_Ip_20.0mm_closed_R10_single_refY_005-raw01-22-nbr+2.jpg,False
GP_Ip_20.0mm_closed_R10_single_refY_005-raw01-22,GP_Ip_20.0mm_closed_R10_single_refY,GP_Ip_20.0mm_closed_R10_single_refY_005,1,3,148,raw/GP_Ip_20.0mm_closed_R10_single_refY_005.mp4,GP_Ip_20.0mm_closed_R10_single_refY_005-raw01-22-nbr+3,dg3_neighbors/images/GP_Ip_20.0mm_closed_R10_single_refY_005-raw01-22-nbr+3.jpg,False
GP_Ip_20.0mm_closed_R10_single_refY_005-raw02-07,GP_Ip_20.0mm_closed_R10_single_refY,GP_Ip_20.0mm_closed_R10_single_refY_005,2,-3,190,raw/GP_Ip_20.0mm_closed_R10_single_refY_005.mp4,GP_Ip_20.0mm_closed_R10_single_refY_005-raw02-07-nbr-3,dg3_neighbors/images/GP_Ip_20.0mm_closed_R10_single_refY_005-raw02-07-nbr-3.jpg,False
GP_Ip_20.0mm_closed_R10_single_refY_005-raw02-07,GP_Ip_20.0mm_closed_R10_single_refY,GP_Ip_20.0mm_closed_R10_single_refY_005,2,-2,191,raw/GP_Ip_20.0mm_closed_R10_single_refY_005.mp4,GP_Ip_20.0mm_closed_R10_single_refY_005-raw02-07-nbr-2,dg3_neighbors/images/GP_Ip_20.0mm_closed_R10_single_refY_005-raw02-07-nbr-2.jpg,False
GP_Ip_20.0mm_closed_R10_single_refY_005-raw02-07,GP_Ip_20.0mm_closed_R10_single_refY,GP_Ip_20.0mm_closed_R10_single_refY_005,2,-1,192,raw/GP_Ip_20.0mm_closed_R10_single_refY_005.mp4,GP_Ip_20.0mm_closed_R10_single_refY_005-raw02-07-nbr-1,dg3_neighbors/images/GP_Ip_20.0mm_closed_R10_single_refY_005-raw02-07-nbr-1.jpg,False
GP_Ip_20.0mm_closed_R10_single_refY_005-raw02-07,GP_Ip_20.0mm_closed_R10_single_refY,GP_Ip_20.0mm_closed_R10_single_refY_005,2,0,193,raw/GP_Ip_20.0mm_closed_R10_single_refY_005.mp4,GP_Ip_20.0mm_closed_R10_single_refY_005-raw02-07-nbr+0,dg3_neighbors/images/GP_Ip_20.0mm_closed_R10_single_refY_005-raw02-07-nbr+0.jpg,True
GP_Ip_20.0mm_closed_R10_single_refY_005-raw02-07,GP_Ip_20.0mm_closed_R10_single_refY,GP_Ip_20.0mm_closed_R10_single_refY_005,2,1,194,raw/GP_Ip_20.0mm_closed_R10_single_refY_005.mp4,GP_Ip_20.0mm_closed_R10_single_refY_005-raw02-07-nbr+1,dg3_neighbors/images/GP_Ip_20.0mm_closed_R10_single_refY_005-raw02-07-nbr+1.jpg,False
GP_Ip_20.0mm_closed_R10_single_refY_005-raw02-07,GP_Ip_20.0mm_closed_R10_single_refY,GP_Ip_20.0mm_closed_R10_single_refY_005,2,2,195,raw/GP_Ip_20.0mm_closed_R10_single_refY_005.mp4,GP_Ip_20.0mm_closed_R10_single_refY_005-raw02-07-nbr+2,dg3_neighbors/images/GP_Ip_20.0mm_closed_R10_single_refY_005-raw02-07-nbr+2.jpg,False
GP_Ip_20.0mm_closed_R10_single_refY_005-raw02-07,GP_Ip_20.0mm_closed_R10_single_refY,GP_Ip_20.0mm_closed_R10_single_refY_005,2,3,196,raw/GP_Ip_20.0mm_closed_R10_single_refY_005.mp4,GP_Ip_20.0mm_closed_R10_single_refY_005-raw02-07-nbr+3,dg3_neighbors/images/GP_Ip_20.0mm_closed_R10_single_refY_005-raw02-07-nbr+3.jpg,False
GP_Ip_20.0mm_closed_R10_single_refY_005-raw03-01,GP_Ip_20.0mm_closed_R10_single_refY,GP_Ip_20.0mm_closed_R10_single_refY_005,3,-3,284,raw/GP_Ip_20.0mm_closed_R10_single_refY_005.mp4,GP_Ip_20.0mm_closed_R10_single_refY_005-raw03-01-nbr-3,dg3_neighbors/images/GP_Ip_20.0mm_closed_R10_single_refY_005-raw03-01-nbr-3.jpg,False
GP_Ip_20.0mm_closed_R10_single_refY_005-raw03-01,GP_Ip_20.0mm_closed_R10_single_refY,GP_Ip_20.0mm_closed_R10_single_refY_005,3,-2,285,raw/GP_Ip_20.0mm_closed_R10_single_refY_005.mp4,GP_Ip_20.0mm_closed_R10_single_refY_005-raw03-01-nbr-2,dg3_neighbors/images/GP_Ip_20.0mm_closed_R10_single_refY_005-raw03-01-nbr-2.jpg,False
GP_Ip_20.0mm_closed_R10_single_refY_005-raw03-01,GP_Ip_20.0mm_closed_R10_single_refY,GP_Ip_20.0mm_closed_R10_single_refY_005,3,-1,286,raw/GP_Ip_20.0mm_closed_R10_single_refY_005.mp4,GP_Ip_20.0mm_closed_R10_single_refY_005-raw03-01-nbr-1,dg3_neighbors/images/GP_Ip_20.0mm_closed_R10_single_refY_005-raw03-01-nbr-1.jpg,False
GP_Ip_20.0mm_closed_R10_single_refY_005-raw03-01,GP_Ip_20.0mm_closed_R10_single_refY,GP_Ip_20.0mm_closed_R10_single_refY_005,3,0,287,raw/GP_Ip_20.0mm_closed_R10_single_refY_005.mp4,GP_Ip_20.0mm_closed_R10_single_refY_005-raw03-01-nbr+0,dg3_neighbors/images/GP_Ip_20.0mm_closed_R10_single_refY_005-raw03-01-nbr+0.jpg,True
GP_Ip_20.0mm_closed_R10_single_refY_005-raw03-01,GP_Ip_20.0mm_closed_R10_single_refY,GP_Ip_20.0mm_closed_R10_single_refY_005,3,1,288,raw/GP_Ip_20.0mm_closed_R10_single_refY_005.mp4,GP_Ip_20.0mm_closed_R10_single_refY_005-raw03-01-nbr+1,dg3_neighbors/images/GP_Ip_20.0mm_closed_R10_single_refY_005-raw03-01-nbr+1.jpg,False
GP_Ip_20.0mm_closed_R10_single_refY_005-raw03-01,GP_Ip_20.0mm_closed_R10_single_refY,GP_Ip_20.0mm_closed_R10_single_refY_005,3,2,289,raw/GP_Ip_20.0mm_closed_R10_single_refY_005.mp4,GP_Ip_20.0mm_closed_R10_single_refY_005-raw03-01-nbr+2,dg3_neighbors/images/GP_Ip_20.0mm_closed_R10_single_refY_005-raw03-01-nbr+2.jpg,False
GP_Ip_20.0mm_closed_R10_single_refY_005-raw03-01,GP_Ip_20.0mm_closed_R10_single_refY,GP_Ip_20.0mm_closed_R10_single_refY_005,3,3,290,raw/GP_Ip_20.0mm_closed_R10_single_refY_005.mp4,GP_Ip_20.0mm_closed_R10_single_refY_005-raw03-01-nbr+3,dg3_neighbors/images/GP_Ip_20.0mm_closed_R10_single_refY_005-raw03-01-nbr+3.jpg,False
GP_Ip_20.0mm_closed_R10_single_refY_005-raw04-10,GP_Ip_20.0mm_closed_R10_single_refY,GP_Ip_20.0mm_closed_R10_single_refY_005,4,-3,457,raw/GP_Ip_20.0mm_closed_R10_single_refY_005.mp4,GP_Ip_20.0mm_closed_R10_single_refY_005-raw04-10-nbr-3,dg3_neighbors/images/GP_Ip_20.0mm_closed_R10_single_refY_005-raw04-10-nbr-3.jpg,False
GP_Ip_20.0mm_closed_R10_single_refY_005-raw04-10,GP_Ip_20.0mm_closed_R10_single_refY,GP_Ip_20.0mm_closed_R10_single_refY_005,4,-2,458,raw/GP_Ip_20.0mm_closed_R10_single_refY_005.mp4,GP_Ip_20.0mm_closed_R10_single_refY_005-raw04-10-nbr-2,dg3_neighbors/images/GP_Ip_20.0mm_closed_R10_single_refY_005-raw04-10-nbr-2.jpg,False
GP_Ip_20.0mm_closed_R10_single_refY_005-raw04-10,GP_Ip_20.0mm_closed_R10_single_refY,GP_Ip_20.0mm_closed_R10_single_refY_005,4,-1,459,raw/GP_Ip_20.0mm_closed_R10_single_refY_005.mp4,GP_Ip_20.0mm_closed_R10_single_refY_005-raw04-10-nbr-1,dg3_neighbors/images/GP_Ip_20.0mm_closed_R10_single_refY_005-raw04-10-nbr-1.jpg,False
GP_Ip_20.0mm_closed_R10_single_refY_005-raw04-10,GP_Ip_20.0mm_closed_R10_single_refY,GP_Ip_20.0mm_closed_R10_single_refY_005,4,0,460,raw/GP_Ip_20.0mm_closed_R10_single_refY_005.mp4,GP_Ip_20.0mm_closed_R10_single_refY_005-raw04-10-nbr+0,dg3_neighbors/images/GP_Ip_20.0mm_closed_R10_single_refY_005-raw04-10-nbr+0.jpg,True
GP_Ip_20.0mm_closed_R10_single_refY_005-raw04-10,GP_Ip_20.0mm_closed_R10_single_refY,GP_Ip_20.0mm_closed_R10_single_refY_005,4,1,461,raw/GP_Ip_20.0mm_closed_R10_single_refY_005.mp4,GP_Ip_20.0mm_closed_R10_single_refY_005-raw04-10-nbr+1,dg3_neighbors/images/GP_Ip_20.0mm_closed_R10_single_refY_005-raw04-10-nbr+1.jpg,False
GP_Ip_20.0mm_closed_R10_single_refY_005-raw04-10,GP_Ip_20.0mm_closed_R10_single_refY,GP_Ip_20.0mm_closed_R10_single_refY_005,4,2,462,raw/GP_Ip_20.0mm_closed_R10_single_refY_005.mp4,GP_Ip_20.0mm_closed_R10_single_refY_005-raw04-10-nbr+2,dg3_neighbors/images/GP_Ip_20.0mm_closed_R10_single_refY_005-raw04-10-nbr+2.jpg,False
GP_Ip_20.0mm_closed_R10_single_refY_005-raw04-10,GP_Ip_20.0mm_closed_R10_single_refY,GP_Ip_20.0mm_closed_R10_single_refY_005,4,3,463,raw/GP_Ip_20.0mm_closed_R10_single_refY_005.mp4,GP_Ip_20.0mm_closed_R10_single_refY_005-raw04-10-nbr+3,dg3_neighbors/images/GP_Ip_20.0mm_closed_R10_single_refY_005-raw04-10-nbr+3.jpg,False
GP_Ip_20.0mm_closed_R10_single_refY_005-raw05-24,GP_Ip_20.0mm_closed_R10_single_refY,GP_Ip_20.0mm_closed_R10_single_refY_005,5,-3,661,raw/GP_Ip_20.0mm_closed_R10_single_refY_005.mp4,GP_Ip_20.0mm_closed_R10_single_refY_005-raw05-24-nbr-3,dg3_neighbors/images/GP_Ip_20.0mm_closed_R10_single_refY_005-raw05-24-nbr-3.jpg,False
GP_Ip_20.0mm_closed_R10_single_refY_005-raw05-24,GP_Ip_20.0mm_closed_R10_single_refY,GP_Ip_20.0mm_closed_R10_single_refY_005,5,-2,662,raw/GP_Ip_20.0mm_closed_R10_single_refY_005.mp4,GP_Ip_20.0mm_closed_R10_single_refY_005-raw05-24-nbr-2,dg3_neighbors/images/GP_Ip_20.0mm_closed_R10_single_refY_005-raw05-24-nbr-2.jpg,False
GP_Ip_20.0mm_closed_R10_single_refY_005-raw05-24,GP_Ip_20.0mm_closed_R10_single_refY,GP_Ip_20.0mm_closed_R10_single_refY_005,5,-1,663,raw/GP_Ip_20.0mm_closed_R10_single_refY_005.mp4,GP_Ip_20.0mm_closed_R10_single_refY_005-raw05-24-nbr-1,dg3_neighbors/images/GP_Ip_20.0mm_closed_R10_single_refY_005-raw05-24-nbr-1.jpg,False
GP_Ip_20.0mm_closed_R10_single_refY_005-raw05-24,GP_Ip_20.0mm_closed_R10_single_refY,GP_Ip_20.0mm_closed_R10_single_refY_005,5,0,664,raw/GP_Ip_20.0mm_closed_R10_single_refY_005.mp4,GP_Ip_20.0mm_closed_R10_single_refY_005-raw05-24-nbr+0,dg3_neighbors/images/GP_Ip_20.0mm_closed_R10_single_refY_005-raw05-24-nbr+0.jpg,True
GP_Ip_20.0mm_closed_R10_single_refY_005-raw05-24,GP_Ip_20.0mm_closed_R10_single_refY,GP_Ip_20.0mm_closed_R10_single_refY_005,5,1,665,raw/GP_Ip_20.0mm_closed_R10_single_refY_005.mp4,GP_Ip_20.0mm_closed_R10_single_refY_005-raw05-24-nbr+1,dg3_neighbors/images/GP_Ip_20.0mm_closed_R10_single_refY_005-raw05-24-nbr+1.jpg,False
GP_Ip_20.0mm_closed_R10_single_refY_005-raw05-24,GP_Ip_20.0mm_closed_R10_single_refY,GP_Ip_20.0mm_closed_R10_single_refY_005,5,2,666,raw/GP_Ip_20.0mm_closed_R10_single_refY_005.mp4,GP_Ip_20.0mm_closed_R10_single_refY_005-raw05-24-nbr+2,dg3_neighbors/images/GP_Ip_20.0mm_closed_R10_single_refY_005-raw05-24-nbr+2.jpg,False
GP_Ip_20.0mm_closed_R10_single_refY_005-raw05-24,GP_Ip_20.0mm_closed_R10_single_refY,GP_Ip_20.0mm_closed_R10_single_refY_005,5,3,667,raw/GP_Ip_20.0mm_closed_R10_single_refY_005.mp4,GP_Ip_20.0mm_closed_R10_single_refY_005-raw05-24-nbr+3,dg3_neighbors/images/GP_Ip_20.0mm_closed_R10_single_refY_005-raw05-24-nbr+3.jpg,False
GP_Ip_4.0mm_closed_R10_single_refY_004-raw01-05,GP_Ip_4.0mm_closed_R10_single_refY,GP_Ip_4.0mm_closed_R10_single_refY_004,1,-3,79,raw/GP_Ip_4.0mm_closed_R10_single_refY_004.mp4,GP_Ip_4.0mm_closed_R10_single_refY_004-raw01-05-nbr-3,dg3_neighbors/images/GP_Ip_4.0mm_closed_R10_single_refY_004-raw01-05-nbr-3.jpg,False
GP_Ip_4.0mm_closed_R10_single_refY_004-raw01-05,GP_Ip_4.0mm_closed_R10_single_refY,GP_Ip_4.0mm_closed_R10_single_refY_004,1,-2,80,raw/GP_Ip_4.0mm_closed_R10_single_refY_004.mp4,GP_Ip_4.0mm_closed_R10_single_refY_004-raw01-05-nbr-2,dg3_neighbors/images/GP_Ip_4.0mm_closed_R10_single_refY_004-raw01-05-nbr-2.jpg,False
GP_Ip_4.0mm_closed_R10_single_refY_004-raw01-05,GP_Ip_4.0mm_closed_R10_single_refY,GP_Ip_4.0mm_closed_R10_single_refY_004,1,-1,81,raw/GP_Ip_4.0mm_closed_R10_single_refY_004.mp4,GP_Ip_4.0mm_closed_R10_single_refY_004-raw01-05-nbr-1,dg3_neighbors/images/GP_Ip_4.0mm_closed_R10_single_refY_004-raw01-05-nbr-1.jpg,False
GP_Ip_4.0mm_closed_R10_single_refY_004-raw01-05,GP_Ip_4.0mm_closed_R10_single_refY,GP_Ip_4.0mm_closed_R10_single_refY_004,1,0,82,raw/GP_Ip_4.0mm_closed_R10_single_refY_004.mp4,GP_Ip_4.0mm_closed_R10_single_refY_004-raw01-05-nbr+0,dg3_neighbors/images/GP_Ip_4.0mm_closed_R10_single_refY_004-raw01-05-nbr+0.jpg,True
GP_Ip_4.0mm_closed_R10_single_refY_004-raw01-05,GP_Ip_4.0mm_closed_R10_single_refY,GP_Ip_4.0mm_closed_R10_single_refY_004,1,1,83,raw/GP_Ip_4.0mm_closed_R10_single_refY_004.mp4,GP_Ip_4.0mm_closed_R10_single_refY_004-raw01-05-nbr+1,dg3_neighbors/images/GP_Ip_4.0mm_closed_R10_single_refY_004-raw01-05-nbr+1.jpg,False
GP_Ip_4.0mm_closed_R10_single_refY_004-raw01-05,GP_Ip_4.0mm_closed_R10_single_refY,GP_Ip_4.0mm_closed_R10_single_refY_004,1,2,84,raw/GP_Ip_4.0mm_closed_R10_single_refY_004.mp4,GP_Ip_4.0mm_closed_R10_single_refY_004-raw01-05-nbr+2,dg3_neighbors/images/GP_Ip_4.0mm_closed_R10_single_refY_004-raw01-05-nbr+2.jpg,False
GP_Ip_4.0mm_closed_R10_single_refY_004-raw01-05,GP_Ip_4.0mm_closed_R10_single_refY,GP_Ip_4.0mm_closed_R10_single_refY_004,1,3,85,raw/GP_Ip_4.0mm_closed_R10_single_refY_004.mp4,GP_Ip_4.0mm_closed_R10_single_refY_004-raw01-05-nbr+3,dg3_neighbors/images/GP_Ip_4.0mm_closed_R10_single_refY_004-raw01-05-nbr+3.jpg,False
GP_Ip_4.0mm_closed_R10_single_refY_004-raw02-14,GP_Ip_4.0mm_closed_R10_single_refY,GP_Ip_4.0mm_closed_R10_single_refY_004,2,-3,332,raw/GP_Ip_4.0mm_closed_R10_single_refY_004.mp4,GP_Ip_4.0mm_closed_R10_single_refY_004-raw02-14-nbr-3,dg3_neighbors/images/GP_Ip_4.0mm_closed_R10_single_refY_004-raw02-14-nbr-3.jpg,False
GP_Ip_4.0mm_closed_R10_single_refY_004-raw02-14,GP_Ip_4.0mm_closed_R10_single_refY,GP_Ip_4.0mm_closed_R10_single_refY_004,2,-2,333,raw/GP_Ip_4.0mm_closed_R10_single_refY_004.mp4,GP_Ip_4.0mm_closed_R10_single_refY_004-raw02-14-nbr-2,dg3_neighbors/images/GP_Ip_4.0mm_closed_R10_single_refY_004-raw02-14-nbr-2.jpg,False
GP_Ip_4.0mm_closed_R10_single_refY_004-raw02-14,GP_Ip_4.0mm_closed_R10_single_refY,GP_Ip_4.0mm_closed_R10_single_refY_004,2,-1,334,raw/GP_Ip_4.0mm_closed_R10_single_refY_004.mp4,GP_Ip_4.0mm_closed_R10_single_refY_004-raw02-14-nbr-1,dg3_neighbors/images/GP_Ip_4.0mm_closed_R10_single_refY_004-raw02-14-nbr-1.jpg,False
GP_Ip_4.0mm_closed_R10_single_refY_004-raw02-14,GP_Ip_4.0mm_closed_R10_single_refY,GP_Ip_4.0mm_closed_R10_single_refY_004,2,0,335,raw/GP_Ip_4.0mm_closed_R10_single_refY_004.mp4,GP_Ip_4.0mm_closed_R10_single_refY_004-raw02-14-nbr+0,dg3_neighbors/images/GP_Ip_4.0mm_closed_R10_single_refY_004-raw02-14-nbr+0.jpg,True
GP_Ip_4.0mm_closed_R10_single_refY_004-raw02-14,GP_Ip_4.0mm_closed_R10_single_refY,GP_Ip_4.0mm_closed_R10_single_refY_004,2,1,336,raw/GP_Ip_4.0mm_closed_R10_single_refY_004.mp4,GP_Ip_4.0mm_closed_R10_single_refY_004-raw02-14-nbr+1,dg3_neighbors/images/GP_Ip_4.0mm_closed_R10_single_refY_004-raw02-14-nbr+1.jpg,False
GP_Ip_4.0mm_closed_R10_single_refY_004-raw02-14,GP_Ip_4.0mm_closed_R10_single_refY,GP_Ip_4.0mm_closed_R10_single_refY_004,2,2,337,raw/GP_Ip_4.0mm_closed_R10_single_refY_004.mp4,GP_Ip_4.0mm_closed_R10_single_refY_004-raw02-14-nbr+2,dg3_neighbors/images/GP_Ip_4.0mm_closed_R10_single_refY_004-raw02-14-nbr+2.jpg,False
GP_Ip_4.0mm_closed_R10_single_refY_004-raw02-14,GP_Ip_4.0mm_closed_R10_single_refY,GP_Ip_4.0mm_closed_R10_single_refY_004,2,3,338,raw/GP_Ip_4.0mm_closed_R10_single_refY_004.mp4,GP_Ip_4.0mm_closed_R10_single_refY_004-raw02-14-nbr+3,dg3_neighbors/images/GP_Ip_4.0mm_closed_R10_single_refY_004-raw02-14-nbr+3.jpg,False
GP_Ip_4.0mm_closed_R10_single_refY_004-raw03-23,GP_Ip_4.0mm_closed_R10_single_refY,GP_Ip_4.0mm_closed_R10_single_refY_004,3,-3,585,raw/GP_Ip_4.0mm_closed_R10_single_refY_004.mp4,GP_Ip_4.0mm_closed_R10_single_refY_004-raw03-23-nbr-3,dg3_neighbors/images/GP_Ip_4.0mm_closed_R10_single_refY_004-raw03-23-nbr-3.jpg,False
GP_Ip_4.0mm_closed_R10_single_refY_004-raw03-23,GP_Ip_4.0mm_closed_R10_single_refY,GP_Ip_4.0mm_closed_R10_single_refY_004,3,-2,586,raw/GP_Ip_4.0mm_closed_R10_single_refY_004.mp4,GP_Ip_4.0mm_closed_R10_single_refY_004-raw03-23-nbr-2,dg3_neighbors/images/GP_Ip_4.0mm_closed_R10_single_refY_004-raw03-23-nbr-2.jpg,False
GP_Ip_4.0mm_closed_R10_single_refY_004-raw03-23,GP_Ip_4.0mm_closed_R10_single_refY,GP_Ip_4.0mm_closed_R10_single_refY_004,3,-1,587,raw/GP_Ip_4.0mm_closed_R10_single_refY_004.mp4,GP_Ip_4.0mm_closed_R10_single_refY_004-raw03-23-nbr-1,dg3_neighbors/images/GP_Ip_4.0mm_closed_R10_single_refY_004-raw03-23-nbr-1.jpg,False
GP_Ip_4.0mm_closed_R10_single_refY_004-raw03-23,GP_Ip_4.0mm_closed_R10_single_refY,GP_Ip_4.0mm_closed_R10_single_refY_004,3,0,588,raw/GP_Ip_4.0mm_closed_R10_single_refY_004.mp4,GP_Ip_4.0mm_closed_R10_single_refY_004-raw03-23-nbr+0,dg3_neighbors/images/GP_Ip_4.0mm_closed_R10_single_refY_004-raw03-23-nbr+0.jpg,True
GP_Ip_4.0mm_closed_R10_single_refY_004-raw03-23,GP_Ip_4.0mm_closed_R10_single_refY,GP_Ip_4.0mm_closed_R10_single_refY_004,3,1,589,raw/GP_Ip_4.0mm_closed_R10_single_refY_004.mp4,GP_Ip_4.0mm_closed_R10_single_refY_004-raw03-23-nbr+1,dg3_neighbors/images/GP_Ip_4.0mm_closed_R10_single_refY_004-raw03-23-nbr+1.jpg,False
GP_Ip_4.0mm_closed_R10_single_refY_004-raw03-23,GP_Ip_4.0mm_closed_R10_single_refY,GP_Ip_4.0mm_closed_R10_single_refY_004,3,2,590,raw/GP_Ip_4.0mm_closed_R10_single_refY_004.mp4,GP_Ip_4.0mm_closed_R10_single_refY_004-raw03-23-nbr+2,dg3_neighbors/images/GP_Ip_4.0mm_closed_R10_single_refY_004-raw03-23-nbr+2.jpg,False
GP_Ip_4.0mm_closed_R10_single_refY_004-raw03-23,GP_Ip_4.0mm_closed_R10_single_refY,GP_Ip_4.0mm_closed_R10_single_refY_004,3,3,591,raw/GP_Ip_4.0mm_closed_R10_single_refY_004.mp4,GP_Ip_4.0mm_closed_R10_single_refY_004-raw03-23-nbr+3,dg3_neighbors/images/GP_Ip_4.0mm_closed_R10_single_refY_004-raw03-23-nbr+3.jpg,False
GP_Ip_4.0mm_closed_R10_single_refY_004-raw04-21,GP_Ip_4.0mm_closed_R10_single_refY,GP_Ip_4.0mm_closed_R10_single_refY_004,4,-3,753,raw/GP_Ip_4.0mm_closed_R10_single_refY_004.mp4,GP_Ip_4.0mm_closed_R10_single_refY_004-raw04-21-nbr-3,dg3_neighbors/images/GP_Ip_4.0mm_closed_R10_single_refY_004-raw04-21-nbr-3.jpg,False
GP_Ip_4.0mm_closed_R10_single_refY_004-raw04-21,GP_Ip_4.0mm_closed_R10_single_refY,GP_Ip_4.0mm_closed_R10_single_refY_004,4,-2,754,raw/GP_Ip_4.0mm_closed_R10_single_refY_004.mp4,GP_Ip_4.0mm_closed_R10_single_refY_004-raw04-21-nbr-2,dg3_neighbors/images/GP_Ip_4.0mm_closed_R10_single_refY_004-raw04-21-nbr-2.jpg,False
GP_Ip_4.0mm_closed_R10_single_refY_004-raw04-21,GP_Ip_4.0mm_closed_R10_single_refY,GP_Ip_4.0mm_closed_R10_single_refY_004,4,-1,755,raw/GP_Ip_4.0mm_closed_R10_single_refY_004.mp4,GP_Ip_4.0mm_closed_R10_single_refY_004-raw04-21-nbr-1,dg3_neighbors/images/GP_Ip_4.0mm_closed_R10_single_refY_004-raw04-21-nbr-1.jpg,False
GP_Ip_4.0mm_closed_R10_single_refY_004-raw04-21,GP_Ip_4.0mm_closed_R10_single_refY,GP_Ip_4.0mm_closed_R10_single_refY_004,4,0,756,raw/GP_Ip_4.0mm_closed_R10_single_refY_004.mp4,GP_Ip_4.0mm_closed_R10_single_refY_004-raw04-21-nbr+0,dg3_neighbors/images/GP_Ip_4.0mm_closed_R10_single_refY_004-raw04-21-nbr+0.jpg,True
GP_Ip_4.0mm_closed_R10_single_refY_004-raw04-21,GP_Ip_4.0mm_closed_R10_single_refY,GP_Ip_4.0mm_closed_R10_single_refY_004,4,1,757,raw/GP_Ip_4.0mm_closed_R10_single_refY_004.mp4,GP_Ip_4.0mm_closed_R10_single_refY_004-raw04-21-nbr+1,dg3_neighbors/images/GP_Ip_4.0mm_closed_R10_single_refY_004-raw04-21-nbr+1.jpg,False
GP_Ip_4.0mm_closed_R10_single_refY_004-raw04-21,GP_Ip_4.0mm_closed_R10_single_refY,GP_Ip_4.0mm_closed_R10_single_refY_004,4,2,758,raw/GP_Ip_4.0mm_closed_R10_single_refY_004.mp4,GP_Ip_4.0mm_closed_R10_single_refY_004-raw04-21-nbr+2,dg3_neighbors/images/GP_Ip_4.0mm_closed_R10_single_refY_004-raw04-21-nbr+2.jpg,False
GP_Ip_4.0mm_closed_R10_single_refY_004-raw04-21,GP_Ip_4.0mm_closed_R10_single_refY,GP_Ip_4.0mm_closed_R10_single_refY_004,4,3,759,raw/GP_Ip_4.0mm_closed_R10_single_refY_004.mp4,GP_Ip_4.0mm_closed_R10_single_refY_004-raw04-21-nbr+3,dg3_neighbors/images/GP_Ip_4.0mm_closed_R10_single_refY_004-raw04-21-nbr+3.jpg,False
GP_Ip_4.0mm_closed_R10_single_refY_004-raw05-07,GP_Ip_4.0mm_closed_R10_single_refY,GP_Ip_4.0mm_closed_R10_single_refY_004,5,-3,830,raw/GP_Ip_4.0mm_closed_R10_single_refY_004.mp4,GP_Ip_4.0mm_closed_R10_single_refY_004-raw05-07-nbr-3,dg3_neighbors/images/GP_Ip_4.0mm_closed_R10_single_refY_004-raw05-07-nbr-3.jpg,False
GP_Ip_4.0mm_closed_R10_single_refY_004-raw05-07,GP_Ip_4.0mm_closed_R10_single_refY,GP_Ip_4.0mm_closed_R10_single_refY_004,5,-2,831,raw/GP_Ip_4.0mm_closed_R10_single_refY_004.mp4,GP_Ip_4.0mm_closed_R10_single_refY_004-raw05-07-nbr-2,dg3_neighbors/images/GP_Ip_4.0mm_closed_R10_single_refY_004-raw05-07-nbr-2.jpg,False
GP_Ip_4.0mm_closed_R10_single_refY_004-raw05-07,GP_Ip_4.0mm_closed_R10_single_refY,GP_Ip_4.0mm_closed_R10_single_refY_004,5,-1,832,raw/GP_Ip_4.0mm_closed_R10_single_refY_004.mp4,GP_Ip_4.0mm_closed_R10_single_refY_004-raw05-07-nbr-1,dg3_neighbors/images/GP_Ip_4.0mm_closed_R10_single_refY_004-raw05-07-nbr-1.jpg,False
GP_Ip_4.0mm_closed_R10_single_refY_004-raw05-07,GP_Ip_4.0mm_closed_R10_single_refY,GP_Ip_4.0mm_closed_R10_single_refY_004,5,0,833,raw/GP_Ip_4.0mm_closed_R10_single_refY_004.mp4,GP_Ip_4.0mm_closed_R10_single_refY_004-raw05-07-nbr+0,dg3_neighbors/images/GP_Ip_4.0mm_closed_R10_single_refY_004-raw05-07-nbr+0.jpg,True
GP_Ip_4.0mm_closed_R10_single_refY_004-raw05-07,GP_Ip_4.0mm_closed_R10_single_refY,GP_Ip_4.0mm_closed_R10_single_refY_004,5,1,834,raw/GP_Ip_4.0mm_closed_R10_single_refY_004.mp4,GP_Ip_4.0mm_closed_R10_single_refY_004-raw05-07-nbr+1,dg3_neighbors/images/GP_Ip_4.0mm_closed_R10_single_refY_004-raw05-07-nbr+1.jpg,False
GP_Ip_4.0mm_closed_R10_single_refY_004-raw05-07,GP_Ip_4.0mm_closed_R10_single_refY,GP_Ip_4.0mm_closed_R10_single_refY_004,5,2,835,raw/GP_Ip_4.0mm_closed_R10_single_refY_004.mp4,GP_Ip_4.0mm_closed_R10_single_refY_004-raw05-07-nbr+2,dg3_neighbors/images/GP_Ip_4.0mm_closed_R10_single_refY_004-raw05-07-nbr+2.jpg,False
GP_Ip_4.0mm_closed_R10_single_refY_004-raw05-07,GP_Ip_4.0mm_closed_R10_single_refY,GP_Ip_4.0mm_closed_R10_single_refY_004,5,3,836,raw/GP_Ip_4.0mm_closed_R10_single_refY_004.mp4,GP_Ip_4.0mm_closed_R10_single_refY_004-raw05-07-nbr+3,dg3_neighbors/images/GP_Ip_4.0mm_closed_R10_single_refY_004-raw05-07-nbr+3.jpg,False
GP_Ip_4.0mm_closed_R10_single_refY_005-raw01-22,GP_Ip_4.0mm_closed_R10_single_refY,GP_Ip_4.0mm_closed_R10_single_refY_005,1,-3,213,raw/GP_Ip_4.0mm_closed_R10_single_refY_005.mp4,GP_Ip_4.0mm_closed_R10_single_refY_005-raw01-22-nbr-3,dg3_neighbors/images/GP_Ip_4.0mm_closed_R10_single_refY_005-raw01-22-nbr-3.jpg,False
GP_Ip_4.0mm_closed_R10_single_refY_005-raw01-22,GP_Ip_4.0mm_closed_R10_single_refY,GP_Ip_4.0mm_closed_R10_single_refY_005,1,-2,214,raw/GP_Ip_4.0mm_closed_R10_single_refY_005.mp4,GP_Ip_4.0mm_closed_R10_single_refY_005-raw01-22-nbr-2,dg3_neighbors/images/GP_Ip_4.0mm_closed_R10_single_refY_005-raw01-22-nbr-2.jpg,False
GP_Ip_4.0mm_closed_R10_single_refY_005-raw01-22,GP_Ip_4.0mm_closed_R10_single_refY,GP_Ip_4.0mm_closed_R10_single_refY_005,1,-1,215,raw/GP_Ip_4.0mm_closed_R10_single_refY_005.mp4,GP_Ip_4.0mm_closed_R10_single_refY_005-raw01-22-nbr-1,dg3_neighbors/images/GP_Ip_4.0mm_closed_R10_single_refY_005-raw01-22-nbr-1.jpg,False
GP_Ip_4.0mm_closed_R10_single_refY_005-raw01-22,GP_Ip_4.0mm_closed_R10_single_refY,GP_Ip_4.0mm_closed_R10_single_refY_005,1,0,216,raw/GP_Ip_4.0mm_closed_R10_single_refY_005.mp4,GP_Ip_4.0mm_closed_R10_single_refY_005-raw01-22-nbr+0,dg3_neighbors/images/GP_Ip_4.0mm_closed_R10_single_refY_005-raw01-22-nbr+0.jpg,True
GP_Ip_4.0mm_closed_R10_single_refY_005-raw01-22,GP_Ip_4.0mm_closed_R10_single_refY,GP_Ip_4.0mm_closed_R10_single_refY_005,1,1,217,raw/GP_Ip_4.0mm_closed_R10_single_refY_005.mp4,GP_Ip_4.0mm_closed_R10_single_refY_005-raw01-22-nbr+1,dg3_neighbors/images/GP_Ip_4.0mm_closed_R10_single_refY_005-raw01-22-nbr+1.jpg,False
GP_Ip_4.0mm_closed_R10_single_refY_005-raw01-22,GP_Ip_4.0mm_closed_R10_single_refY,GP_Ip_4.0mm_closed_R10_single_refY_005,1,2,218,raw/GP_Ip_4.0mm_closed_R10_single_refY_005.mp4,GP_Ip_4.0mm_closed_R10_single_refY_005-raw01-22-nbr+2,dg3_neighbors/images/GP_Ip_4.0mm_closed_R10_single_refY_005-raw01-22-nbr+2.jpg,False
GP_Ip_4.0mm_closed_R10_single_refY_005-raw01-22,GP_Ip_4.0mm_closed_R10_single_refY,GP_Ip_4.0mm_closed_R10_single_refY_005,1,3,219,raw/GP_Ip_4.0mm_closed_R10_single_refY_005.mp4,GP_Ip_4.0mm_closed_R10_single_refY_005-raw01-22-nbr+3,dg3_neighbors/images/GP_Ip_4.0mm_closed_R10_single_refY_005-raw01-22-nbr+3.jpg,False
GP_Ip_4.0mm_closed_R10_single_refY_005-raw02-19,GP_Ip_4.0mm_closed_R10_single_refY,GP_Ip_4.0mm_closed_R10_single_refY_005,2,-3,378,raw/GP_Ip_4.0mm_closed_R10_single_refY_005.mp4,GP_Ip_4.0mm_closed_R10_single_refY_005-raw02-19-nbr-3,dg3_neighbors/images/GP_Ip_4.0mm_closed_R10_single_refY_005-raw02-19-nbr-3.jpg,False
GP_Ip_4.0mm_closed_R10_single_refY_005-raw02-19,GP_Ip_4.0mm_closed_R10_single_refY,GP_Ip_4.0mm_closed_R10_single_refY_005,2,-2,379,raw/GP_Ip_4.0mm_closed_R10_single_refY_005.mp4,GP_Ip_4.0mm_closed_R10_single_refY_005-raw02-19-nbr-2,dg3_neighbors/images/GP_Ip_4.0mm_closed_R10_single_refY_005-raw02-19-nbr-2.jpg,False
GP_Ip_4.0mm_closed_R10_single_refY_005-raw02-19,GP_Ip_4.0mm_closed_R10_single_refY,GP_Ip_4.0mm_closed_R10_single_refY_005,2,-1,380,raw/GP_Ip_4.0mm_closed_R10_single_refY_005.mp4,GP_Ip_4.0mm_closed_R10_single_refY_005-raw02-19-nbr-1,dg3_neighbors/images/GP_Ip_4.0mm_closed_R10_single_refY_005-raw02-19-nbr-1.jpg,False
GP_Ip_4.0mm_closed_R10_single_refY_005-raw02-19,GP_Ip_4.0mm_closed_R10_single_refY,GP_Ip_4.0mm_closed_R10_single_refY_005,2,0,381,raw/GP_Ip_4.0mm_closed_R10_single_refY_005.mp4,GP_Ip_4.0mm_closed_R10_single_refY_005-raw02-19-nbr+0,dg3_neighbors/images/GP_Ip_4.0mm_closed_R10_single_refY_005-raw02-19-nbr+0.jpg,True
GP_Ip_4.0mm_closed_R10_single_refY_005-raw02-19,GP_Ip_4.0mm_closed_R10_single_refY,GP_Ip_4.0mm_closed_R10_single_refY_005,2,1,382,raw/GP_Ip_4.0mm_closed_R10_single_refY_005.mp4,GP_Ip_4.0mm_closed_R10_single_refY_005-raw02-19-nbr+1,dg3_neighbors/images/GP_Ip_4.0mm_closed_R10_single_refY_005-raw02-19-nbr+1.jpg,False
GP_Ip_4.0mm_closed_R10_single_refY_005-raw02-19,GP_Ip_4.0mm_closed_R10_single_refY,GP_Ip_4.0mm_closed_R10_single_refY_005,2,2,383,raw/GP_Ip_4.0mm_closed_R10_single_refY_005.mp4,GP_Ip_4.0mm_closed_R10_single_refY_005-raw02-19-nbr+2,dg3_neighbors/images/GP_Ip_4.0mm_closed_R10_single_refY_005-raw02-19-nbr+2.jpg,False
GP_Ip_4.0mm_closed_R10_single_refY_005-raw02-19,GP_Ip_4.0mm_closed_R10_single_refY,GP_Ip_4.0mm_closed_R10_single_refY_005,2,3,384,raw/GP_Ip_4.0mm_closed_R10_single_refY_005.mp4,GP_Ip_4.0mm_closed_R10_single_refY_005-raw02-19-nbr+3,dg3_neighbors/images/GP_Ip_4.0mm_closed_R10_single_refY_005-raw02-19-nbr+3.jpg,False
GP_Ip_4.0mm_closed_R10_single_refY_005-raw03-14,GP_Ip_4.0mm_closed_R10_single_refY,GP_Ip_4.0mm_closed_R10_single_refY_005,3,-3,527,raw/GP_Ip_4.0mm_closed_R10_single_refY_005.mp4,GP_Ip_4.0mm_closed_R10_single_refY_005-raw03-14-nbr-3,dg3_neighbors/images/GP_Ip_4.0mm_closed_R10_single_refY_005-raw03-14-nbr-3.jpg,False
GP_Ip_4.0mm_closed_R10_single_refY_005-raw03-14,GP_Ip_4.0mm_closed_R10_single_refY,GP_Ip_4.0mm_closed_R10_single_refY_005,3,-2,528,raw/GP_Ip_4.0mm_closed_R10_single_refY_005.mp4,GP_Ip_4.0mm_closed_R10_single_refY_005-raw03-14-nbr-2,dg3_neighbors/images/GP_Ip_4.0mm_closed_R10_single_refY_005-raw03-14-nbr-2.jpg,False
GP_Ip_4.0mm_closed_R10_single_refY_005-raw03-14,GP_Ip_4.0mm_closed_R10_single_refY,GP_Ip_4.0mm_closed_R10_single_refY_005,3,-1,529,raw/GP_Ip_4.0mm_closed_R10_single_refY_005.mp4,GP_Ip_4.0mm_closed_R10_single_refY_005-raw03-14-nbr-1,dg3_neighbors/images/GP_Ip_4.0mm_closed_R10_single_refY_005-raw03-14-nbr-1.jpg,False
GP_Ip_4.0mm_closed_R10_single_refY_005-raw03-14,GP_Ip_4.0mm_closed_R10_single_refY,GP_Ip_4.0mm_closed_R10_single_refY_005,3,0,530,raw/GP_Ip_4.0mm_closed_R10_single_refY_005.mp4,GP_Ip_4.0mm_closed_R10_single_refY_005-raw03-14-nbr+0,dg3_neighbors/images/GP_Ip_4.0mm_closed_R10_single_refY_005-raw03-14-nbr+0.jpg,True
GP_Ip_4.0mm_closed_R10_single_refY_005-raw03-14,GP_Ip_4.0mm_closed_R10_single_refY,GP_Ip_4.0mm_closed_R10_single_refY_005,3,1,531,raw/GP_Ip_4.0mm_closed_R10_single_refY_005.mp4,GP_Ip_4.0mm_closed_R10_single_refY_005-raw03-14-nbr+1,dg3_neighbors/images/GP_Ip_4.0mm_closed_R10_single_refY_005-raw03-14-nbr+1.jpg,False
GP_Ip_4.0mm_closed_R10_single_refY_005-raw03-14,GP_Ip_4.0mm_closed_R10_single_refY,GP_Ip_4.0mm_closed_R10_single_refY_005,3,2,532,raw/GP_Ip_4.0mm_closed_R10_single_refY_005.mp4,GP_Ip_4.0mm_closed_R10_single_refY_005-raw03-14-nbr+2,dg3_neighbors/images/GP_Ip_4.0mm_closed_R10_single_refY_005-raw03-14-nbr+2.jpg,False
GP_Ip_4.0mm_closed_R10_single_refY_005-raw03-14,GP_Ip_4.0mm_closed_R10_single_refY,GP_Ip_4.0mm_closed_R10_single_refY_005,3,3,533,raw/GP_Ip_4.0mm_closed_R10_single_refY_005.mp4,GP_Ip_4.0mm_closed_R10_single_refY_005-raw03-14-nbr+3,dg3_neighbors/images/GP_Ip_4.0mm_closed_R10_single_refY_005-raw03-14-nbr+3.jpg,False
GP_Ip_4.0mm_closed_R10_single_refY_005-raw04-07,GP_Ip_4.0mm_closed_R10_single_refY,GP_Ip_4.0mm_closed_R10_single_refY_005,4,-3,660,raw/GP_Ip_4.0mm_closed_R10_single_refY_005.mp4,GP_Ip_4.0mm_closed_R10_single_refY_005-raw04-07-nbr-3,dg3_neighbors/images/GP_Ip_4.0mm_closed_R10_single_refY_005-raw04-07-nbr-3.jpg,False
GP_Ip_4.0mm_closed_R10_single_refY_005-raw04-07,GP_Ip_4.0mm_closed_R10_single_refY,GP_Ip_4.0mm_closed_R10_single_refY_005,4,-2,661,raw/GP_Ip_4.0mm_closed_R10_single_refY_005.mp4,GP_Ip_4.0mm_closed_R10_single_refY_005-raw04-07-nbr-2,dg3_neighbors/images/GP_Ip_4.0mm_closed_R10_single_refY_005-raw04-07-nbr-2.jpg,False
GP_Ip_4.0mm_closed_R10_single_refY_005-raw04-07,GP_Ip_4.0mm_closed_R10_single_refY,GP_Ip_4.0mm_closed_R10_single_refY_005,4,-1,662,raw/GP_Ip_4.0mm_closed_R10_single_refY_005.mp4,GP_Ip_4.0mm_closed_R10_single_refY_005-raw04-07-nbr-1,dg3_neighbors/images/GP_Ip_4.0mm_closed_R10_single_refY_005-raw04-07-nbr-1.jpg,False
GP_Ip_4.0mm_closed_R10_single_refY_005-raw04-07,GP_Ip_4.0mm_closed_R10_single_refY,GP_Ip_4.0mm_closed_R10_single_refY_005,4,0,663,raw/GP_Ip_4.0mm_closed_R10_single_refY_005.mp4,GP_Ip_4.0mm_closed_R10_single_refY_005-raw04-07-nbr+0,dg3_neighbors/images/GP_Ip_4.0mm_closed_R10_single_refY_005-raw04-07-nbr+0.jpg,True
GP_Ip_4.0mm_closed_R10_single_refY_005-raw04-07,GP_Ip_4.0mm_closed_R10_single_refY,GP_Ip_4.0mm_closed_R10_single_refY_005,4,1,664,raw/GP_Ip_4.0mm_closed_R10_single_refY_005.mp4,GP_Ip_4.0mm_closed_R10_single_refY_005-raw04-07-nbr+1,dg3_neighbors/images/GP_Ip_4.0mm_closed_R10_single_refY_005-raw04-07-nbr+1.jpg,False
GP_Ip_4.0mm_closed_R10_single_refY_005-raw04-07,GP_Ip_4.0mm_closed_R10_single_refY,GP_Ip_4.0mm_closed_R10_single_refY_005,4,2,665,raw/GP_Ip_4.0mm_closed_R10_single_refY_005.mp4,GP_Ip_4.0mm_closed_R10_single_refY_005-raw04-07-nbr+2,dg3_neighbors/images/GP_Ip_4.0mm_closed_R10_single_refY_005-raw04-07-nbr+2.jpg,False
GP_Ip_4.0mm_closed_R10_single_refY_005-raw04-07,GP_Ip_4.0mm_closed_R10_single_refY,GP_Ip_4.0mm_closed_R10_single_refY_005,4,3,666,raw/GP_Ip_4.0mm_closed_R10_single_refY_005.mp4,GP_Ip_4.0mm_closed_R10_single_refY_005-raw04-07-nbr+3,dg3_neighbors/images/GP_Ip_4.0mm_closed_R10_single_refY_005-raw04-07-nbr+3.jpg,False
GP_Ip_4.0mm_closed_R10_single_refY_005-raw05-20,GP_Ip_4.0mm_closed_R10_single_refY,GP_Ip_4.0mm_closed_R10_single_refY_005,5,-3,950,raw/GP_Ip_4.0mm_closed_R10_single_refY_005.mp4,GP_Ip_4.0mm_closed_R10_single_refY_005-raw05-20-nbr-3,dg3_neighbors/images/GP_Ip_4.0mm_closed_R10_single_refY_005-raw05-20-nbr-3.jpg,False
GP_Ip_4.0mm_closed_R10_single_refY_005-raw05-20,GP_Ip_4.0mm_closed_R10_single_refY,GP_Ip_4.0mm_closed_R10_single_refY_005,5,-2,951,raw/GP_Ip_4.0mm_closed_R10_single_refY_005.mp4,GP_Ip_4.0mm_closed_R10_single_refY_005-raw05-20-nbr-2,dg3_neighbors/images/GP_Ip_4.0mm_closed_R10_single_refY_005-raw05-20-nbr-2.jpg,False
GP_Ip_4.0mm_closed_R10_single_refY_005-raw05-20,GP_Ip_4.0mm_closed_R10_single_refY,GP_Ip_4.0mm_closed_R10_single_refY_005,5,-1,952,raw/GP_Ip_4.0mm_closed_R10_single_refY_005.mp4,GP_Ip_4.0mm_closed_R10_single_refY_005-raw05-20-nbr-1,dg3_neighbors/images/GP_Ip_4.0mm_closed_R10_single_refY_005-raw05-20-nbr-1.jpg,False
GP_Ip_4.0mm_closed_R10_single_refY_005-raw05-20,GP_Ip_4.0mm_closed_R10_single_refY,GP_Ip_4.0mm_closed_R10_single_refY_005,5,0,953,raw/GP_Ip_4.0mm_closed_R10_single_refY_005.mp4,GP_Ip_4.0mm_closed_R10_single_refY_005-raw05-20-nbr+0,dg3_neighbors/images/GP_Ip_4.0mm_closed_R10_single_refY_005-raw05-20-nbr+0.jpg,True
GP_Ip_4.0mm_closed_R10_single_refY_005-raw05-20,GP_Ip_4.0mm_closed_R10_single_refY,GP_Ip_4.0mm_closed_R10_single_refY_005,5,1,954,raw/GP_Ip_4.0mm_closed_R10_single_refY_005.mp4,GP_Ip_4.0mm_closed_R10_single_refY_005-raw05-20-nbr+1,dg3_neighbors/images/GP_Ip_4.0mm_closed_R10_single_refY_005-raw05-20-nbr+1.jpg,False
GP_Ip_4.0mm_closed_R10_single_refY_005-raw05-20,GP_Ip_4.0mm_closed_R10_single_refY,GP_Ip_4.0mm_closed_R10_single_refY_005,5,2,955,raw/GP_Ip_4.0mm_closed_R10_single_refY_005.mp4,GP_Ip_4.0mm_closed_R10_single_refY_005-raw05-20-nbr+2,dg3_neighbors/images/GP_Ip_4.0mm_closed_R10_single_refY_005-raw05-20-nbr+2.jpg,False
GP_Ip_4.0mm_closed_R10_single_refY_005-raw05-20,GP_Ip_4.0mm_closed_R10_single_refY,GP_Ip_4.0mm_closed_R10_single_refY_005,5,3,956,raw/GP_Ip_4.0mm_closed_R10_single_refY_005.mp4,GP_Ip_4.0mm_closed_R10_single_refY_005-raw05-20-nbr+3,dg3_neighbors/images/GP_Ip_4.0mm_closed_R10_single_refY_005-raw05-20-nbr+3.jpg,False
GP_Ip_4.0mm_closed_R5_single_refY_005-raw05-16,GP_Ip_4.0mm_closed_R5_single_refY,GP_Ip_4.0mm_closed_R5_single_refY_005,5,-3,801,raw/GP_Ip_4.0mm_closed_R5_single_refY_005.mp4,GP_Ip_4.0mm_closed_R5_single_refY_005-raw05-16-nbr-3,dg3_neighbors/images/GP_Ip_4.0mm_closed_R5_single_refY_005-raw05-16-nbr-3.jpg,False
GP_Ip_4.0mm_closed_R5_single_refY_005-raw05-16,GP_Ip_4.0mm_closed_R5_single_refY,GP_Ip_4.0mm_closed_R5_single_refY_005,5,-2,802,raw/GP_Ip_4.0mm_closed_R5_single_refY_005.mp4,GP_Ip_4.0mm_closed_R5_single_refY_005-raw05-16-nbr-2,dg3_neighbors/images/GP_Ip_4.0mm_closed_R5_single_refY_005-raw05-16-nbr-2.jpg,False
GP_Ip_4.0mm_closed_R5_single_refY_005-raw05-16,GP_Ip_4.0mm_closed_R5_single_refY,GP_Ip_4.0mm_closed_R5_single_refY_005,5,-1,803,raw/GP_Ip_4.0mm_closed_R5_single_refY_005.mp4,GP_Ip_4.0mm_closed_R5_single_refY_005-raw05-16-nbr-1,dg3_neighbors/images/GP_Ip_4.0mm_closed_R5_single_refY_005-raw05-16-nbr-1.jpg,False
GP_Ip_4.0mm_closed_R5_single_refY_005-raw05-16,GP_Ip_4.0mm_closed_R5_single_refY,GP_Ip_4.0mm_closed_R5_single_refY_005,5,0,804,raw/GP_Ip_4.0mm_closed_R5_single_refY_005.mp4,GP_Ip_4.0mm_closed_R5_single_refY_005-raw05-16-nbr+0,dg3_neighbors/images/GP_Ip_4.0mm_closed_R5_single_refY_005-raw05-16-nbr+0.jpg,True
GP_Ip_4.0mm_closed_R5_single_refY_005-raw05-16,GP_Ip_4.0mm_closed_R5_single_refY,GP_Ip_4.0mm_closed_R5_single_refY_005,5,1,805,raw/GP_Ip_4.0mm_closed_R5_single_refY_005.mp4,GP_Ip_4.0mm_closed_R5_single_refY_005-raw05-16-nbr+1,dg3_neighbors/images/GP_Ip_4.0mm_closed_R5_single_refY_005-raw05-16-nbr+1.jpg,False
GP_Ip_4.0mm_closed_R5_single_refY_005-raw05-16,GP_Ip_4.0mm_closed_R5_single_refY,GP_Ip_4.0mm_closed_R5_single_refY_005,5,2,806,raw/GP_Ip_4.0mm_closed_R5_single_refY_005.mp4,GP_Ip_4.0mm_closed_R5_single_refY_005-raw05-16-nbr+2,dg3_neighbors/images/GP_Ip_4.0mm_closed_R5_single_refY_005-raw05-16-nbr+2.jpg,False
GP_Ip_4.0mm_closed_R5_single_refY_005-raw05-16,GP_Ip_4.0mm_closed_R5_single_refY,GP_Ip_4.0mm_closed_R5_single_refY_005,5,3,807,raw/GP_Ip_4.0mm_closed_R5_single_refY_005.mp4,GP_Ip_4.0mm_closed_R5_single_refY_005-raw05-16-nbr+3,dg3_neighbors/images/GP_Ip_4.0mm_closed_R5_single_refY_005-raw05-16-nbr+3.jpg,False
GP_Ip_4.0mm_closed_R5_single_refY_006-raw01-24,GP_Ip_4.0mm_closed_R5_single_refY,GP_Ip_4.0mm_closed_R5_single_refY_006,1,-3,251,raw/GP_Ip_4.0mm_closed_R5_single_refY_006.mp4,GP_Ip_4.0mm_closed_R5_single_refY_006-raw01-24-nbr-3,dg3_neighbors/images/GP_Ip_4.0mm_closed_R5_single_refY_006-raw01-24-nbr-3.jpg,False
GP_Ip_4.0mm_closed_R5_single_refY_006-raw01-24,GP_Ip_4.0mm_closed_R5_single_refY,GP_Ip_4.0mm_closed_R5_single_refY_006,1,-2,252,raw/GP_Ip_4.0mm_closed_R5_single_refY_006.mp4,GP_Ip_4.0mm_closed_R5_single_refY_006-raw01-24-nbr-2,dg3_neighbors/images/GP_Ip_4.0mm_closed_R5_single_refY_006-raw01-24-nbr-2.jpg,False
GP_Ip_4.0mm_closed_R5_single_refY_006-raw01-24,GP_Ip_4.0mm_closed_R5_single_refY,GP_Ip_4.0mm_closed_R5_single_refY_006,1,-1,253,raw/GP_Ip_4.0mm_closed_R5_single_refY_006.mp4,GP_Ip_4.0mm_closed_R5_single_refY_006-raw01-24-nbr-1,dg3_neighbors/images/GP_Ip_4.0mm_closed_R5_single_refY_006-raw01-24-nbr-1.jpg,False
GP_Ip_4.0mm_closed_R5_single_refY_006-raw01-24,GP_Ip_4.0mm_closed_R5_single_refY,GP_Ip_4.0mm_closed_R5_single_refY_006,1,0,254,raw/GP_Ip_4.0mm_closed_R5_single_refY_006.mp4,GP_Ip_4.0mm_closed_R5_single_refY_006-raw01-24-nbr+0,dg3_neighbors/images/GP_Ip_4.0mm_closed_R5_single_refY_006-raw01-24-nbr+0.jpg,True
GP_Ip_4.0mm_closed_R5_single_refY_006-raw01-24,GP_Ip_4.0mm_closed_R5_single_refY,GP_Ip_4.0mm_closed_R5_single_refY_006,1,1,255,raw/GP_Ip_4.0mm_closed_R5_single_refY_006.mp4,GP_Ip_4.0mm_closed_R5_single_refY_006-raw01-24-nbr+1,dg3_neighbors/images/GP_Ip_4.0mm_closed_R5_single_refY_006-raw01-24-nbr+1.jpg,False
GP_Ip_4.0mm_closed_R5_single_refY_006-raw01-24,GP_Ip_4.0mm_closed_R5_single_refY,GP_Ip_4.0mm_closed_R5_single_refY_006,1,2,256,raw/GP_Ip_4.0mm_closed_R5_single_refY_006.mp4,GP_Ip_4.0mm_closed_R5_single_refY_006-raw01-24-nbr+2,dg3_neighbors/images/GP_Ip_4.0mm_closed_R5_single_refY_006-raw01-24-nbr+2.jpg,False
GP_Ip_4.0mm_closed_R5_single_refY_006-raw01-24,GP_Ip_4.0mm_closed_R5_single_refY,GP_Ip_4.0mm_closed_R5_single_refY_006,1,3,257,raw/GP_Ip_4.0mm_closed_R5_single_refY_006.mp4,GP_Ip_4.0mm_closed_R5_single_refY_006-raw01-24-nbr+3,dg3_neighbors/images/GP_Ip_4.0mm_closed_R5_single_refY_006-raw01-24-nbr+3.jpg,False
GP_Ip_4.0mm_closed_R5_single_refY_006-raw03-24,GP_Ip_4.0mm_closed_R5_single_refY,GP_Ip_4.0mm_closed_R5_single_refY_006,3,-3,663,raw/GP_Ip_4.0mm_closed_R5_single_refY_006.mp4,GP_Ip_4.0mm_closed_R5_single_refY_006-raw03-24-nbr-3,dg3_neighbors/images/GP_Ip_4.0mm_closed_R5_single_refY_006-raw03-24-nbr-3.jpg,False
GP_Ip_4.0mm_closed_R5_single_refY_006-raw03-24,GP_Ip_4.0mm_closed_R5_single_refY,GP_Ip_4.0mm_closed_R5_single_refY_006,3,-2,664,raw/GP_Ip_4.0mm_closed_R5_single_refY_006.mp4,GP_Ip_4.0mm_closed_R5_single_refY_006-raw03-24-nbr-2,dg3_neighbors/images/GP_Ip_4.0mm_closed_R5_single_refY_006-raw03-24-nbr-2.jpg,False
GP_Ip_4.0mm_closed_R5_single_refY_006-raw03-24,GP_Ip_4.0mm_closed_R5_single_refY,GP_Ip_4.0mm_closed_R5_single_refY_006,3,-1,665,raw/GP_Ip_4.0mm_closed_R5_single_refY_006.mp4,GP_Ip_4.0mm_closed_R5_single_refY_006-raw03-24-nbr-1,dg3_neighbors/images/GP_Ip_4.0mm_closed_R5_single_refY_006-raw03-24-nbr-1.jpg,False
GP_Ip_4.0mm_closed_R5_single_refY_006-raw03-24,GP_Ip_4.0mm_closed_R5_single_refY,GP_Ip_4.0mm_closed_R5_single_refY_006,3,0,666,raw/GP_Ip_4.0mm_closed_R5_single_refY_006.mp4,GP_Ip_4.0mm_closed_R5_single_refY_006-raw03-24-nbr+0,dg3_neighbors/images/GP_Ip_4.0mm_closed_R5_single_refY_006-raw03-24-nbr+0.jpg,True
GP_Ip_4.0mm_closed_R5_single_refY_006-raw03-24,GP_Ip_4.0mm_closed_R5_single_refY,GP_Ip_4.0mm_closed_R5_single_refY_006,3,1,667,raw/GP_Ip_4.0mm_closed_R5_single_refY_006.mp4,GP_Ip_4.0mm_closed_R5_single_refY_006-raw03-24-nbr+1,dg3_neighbors/images/GP_Ip_4.0mm_closed_R5_single_refY_006-raw03-24-nbr+1.jpg,False
GP_Ip_4.0mm_closed_R5_single_refY_006-raw03-24,GP_Ip_4.0mm_closed_R5_single_refY,GP_Ip_4.0mm_closed_R5_single_refY_006,3,2,668,raw/GP_Ip_4.0mm_closed_R5_single_refY_006.mp4,GP_Ip_4.0mm_closed_R5_single_refY_006-raw03-24-nbr+2,dg3_neighbors/images/GP_Ip_4.0mm_closed_R5_single_refY_006-raw03-24-nbr+2.jpg,False
GP_Ip_4.0mm_closed_R5_single_refY_006-raw03-24,GP_Ip_4.0mm_closed_R5_single_refY,GP_Ip_4.0mm_closed_R5_single_refY_006,3,3,669,raw/GP_Ip_4.0mm_closed_R5_single_refY_006.mp4,GP_Ip_4.0mm_closed_R5_single_refY_006-raw03-24-nbr+3,dg3_neighbors/images/GP_Ip_4.0mm_closed_R5_single_refY_006-raw03-24-nbr+3.jpg,False
GP_Ip_4.0mm_closed_R5_single_refY_007-raw01-17,GP_Ip_4.0mm_closed_R5_single_refY,GP_Ip_4.0mm_closed_R5_single_refY_007,1,-3,206,raw/GP_Ip_4.0mm_closed_R5_single_refY_007.mp4,GP_Ip_4.0mm_closed_R5_single_refY_007-raw01-17-nbr-3,dg3_neighbors/images/GP_Ip_4.0mm_closed_R5_single_refY_007-raw01-17-nbr-3.jpg,False
GP_Ip_4.0mm_closed_R5_single_refY_007-raw01-17,GP_Ip_4.0mm_closed_R5_single_refY,GP_Ip_4.0mm_closed_R5_single_refY_007,1,-2,207,raw/GP_Ip_4.0mm_closed_R5_single_refY_007.mp4,GP_Ip_4.0mm_closed_R5_single_refY_007-raw01-17-nbr-2,dg3_neighbors/images/GP_Ip_4.0mm_closed_R5_single_refY_007-raw01-17-nbr-2.jpg,False
GP_Ip_4.0mm_closed_R5_single_refY_007-raw01-17,GP_Ip_4.0mm_closed_R5_single_refY,GP_Ip_4.0mm_closed_R5_single_refY_007,1,-1,208,raw/GP_Ip_4.0mm_closed_R5_single_refY_007.mp4,GP_Ip_4.0mm_closed_R5_single_refY_007-raw01-17-nbr-1,dg3_neighbors/images/GP_Ip_4.0mm_closed_R5_single_refY_007-raw01-17-nbr-1.jpg,False
GP_Ip_4.0mm_closed_R5_single_refY_007-raw01-17,GP_Ip_4.0mm_closed_R5_single_refY,GP_Ip_4.0mm_closed_R5_single_refY_007,1,0,209,raw/GP_Ip_4.0mm_closed_R5_single_refY_007.mp4,GP_Ip_4.0mm_closed_R5_single_refY_007-raw01-17-nbr+0,dg3_neighbors/images/GP_Ip_4.0mm_closed_R5_single_refY_007-raw01-17-nbr+0.jpg,True
GP_Ip_4.0mm_closed_R5_single_refY_007-raw01-17,GP_Ip_4.0mm_closed_R5_single_refY,GP_Ip_4.0mm_closed_R5_single_refY_007,1,1,210,raw/GP_Ip_4.0mm_closed_R5_single_refY_007.mp4,GP_Ip_4.0mm_closed_R5_single_refY_007-raw01-17-nbr+1,dg3_neighbors/images/GP_Ip_4.0mm_closed_R5_single_refY_007-raw01-17-nbr+1.jpg,False
GP_Ip_4.0mm_closed_R5_single_refY_007-raw01-17,GP_Ip_4.0mm_closed_R5_single_refY,GP_Ip_4.0mm_closed_R5_single_refY_007,1,2,211,raw/GP_Ip_4.0mm_closed_R5_single_refY_007.mp4,GP_Ip_4.0mm_closed_R5_single_refY_007-raw01-17-nbr+2,dg3_neighbors/images/GP_Ip_4.0mm_closed_R5_single_refY_007-raw01-17-nbr+2.jpg,False
GP_Ip_4.0mm_closed_R5_single_refY_007-raw01-17,GP_Ip_4.0mm_closed_R5_single_refY,GP_Ip_4.0mm_closed_R5_single_refY_007,1,3,212,raw/GP_Ip_4.0mm_closed_R5_single_refY_007.mp4,GP_Ip_4.0mm_closed_R5_single_refY_007-raw01-17-nbr+3,dg3_neighbors/images/GP_Ip_4.0mm_closed_R5_single_refY_007-raw01-17-nbr+3.jpg,False
GP_Ip_4.0mm_closed_R5_single_refY_007-raw02-16,GP_Ip_4.0mm_closed_R5_single_refY,GP_Ip_4.0mm_closed_R5_single_refY_007,2,-3,419,raw/GP_Ip_4.0mm_closed_R5_single_refY_007.mp4,GP_Ip_4.0mm_closed_R5_single_refY_007-raw02-16-nbr-3,dg3_neighbors/images/GP_Ip_4.0mm_closed_R5_single_refY_007-raw02-16-nbr-3.jpg,False
GP_Ip_4.0mm_closed_R5_single_refY_007-raw02-16,GP_Ip_4.0mm_closed_R5_single_refY,GP_Ip_4.0mm_closed_R5_single_refY_007,2,-2,420,raw/GP_Ip_4.0mm_closed_R5_single_refY_007.mp4,GP_Ip_4.0mm_closed_R5_single_refY_007-raw02-16-nbr-2,dg3_neighbors/images/GP_Ip_4.0mm_closed_R5_single_refY_007-raw02-16-nbr-2.jpg,False
GP_Ip_4.0mm_closed_R5_single_refY_007-raw02-16,GP_Ip_4.0mm_closed_R5_single_refY,GP_Ip_4.0mm_closed_R5_single_refY_007,2,-1,421,raw/GP_Ip_4.0mm_closed_R5_single_refY_007.mp4,GP_Ip_4.0mm_closed_R5_single_refY_007-raw02-16-nbr-1,dg3_neighbors/images/GP_Ip_4.0mm_closed_R5_single_refY_007-raw02-16-nbr-1.jpg,False
GP_Ip_4.0mm_closed_R5_single_refY_007-raw02-16,GP_Ip_4.0mm_closed_R5_single_refY,GP_Ip_4.0mm_closed_R5_single_refY_007,2,0,422,raw/GP_Ip_4.0mm_closed_R5_single_refY_007.mp4,GP_Ip_4.0mm_closed_R5_single_refY_007-raw02-16-nbr+0,dg3_neighbors/images/GP_Ip_4.0mm_closed_R5_single_refY_007-raw02-16-nbr+0.jpg,True
GP_Ip_4.0mm_closed_R5_single_refY_007-raw02-16,GP_Ip_4.0mm_closed_R5_single_refY,GP_Ip_4.0mm_closed_R5_single_refY_007,2,1,423,raw/GP_Ip_4.0mm_closed_R5_single_refY_007.mp4,GP_Ip_4.0mm_closed_R5_single_refY_007-raw02-16-nbr+1,dg3_neighbors/images/GP_Ip_4.0mm_closed_R5_single_refY_007-raw02-16-nbr+1.jpg,False
GP_Ip_4.0mm_closed_R5_single_refY_007-raw02-16,GP_Ip_4.0mm_closed_R5_single_refY,GP_Ip_4.0mm_closed_R5_single_refY_007,2,2,424,raw/GP_Ip_4.0mm_closed_R5_single_refY_007.mp4,GP_Ip_4.0mm_closed_R5_single_refY_007-raw02-16-nbr+2,dg3_neighbors/images/GP_Ip_4.0mm_closed_R5_single_refY_007-raw02-16-nbr+2.jpg,False
GP_Ip_4.0mm_closed_R5_single_refY_007-raw02-16,GP_Ip_4.0mm_closed_R5_single_refY,GP_Ip_4.0mm_closed_R5_single_refY_007,2,3,425,raw/GP_Ip_4.0mm_closed_R5_single_refY_007.mp4,GP_Ip_4.0mm_closed_R5_single_refY_007-raw02-16-nbr+3,dg3_neighbors/images/GP_Ip_4.0mm_closed_R5_single_refY_007-raw02-16-nbr+3.jpg,False
GP_Ip_4.0mm_closed_R5_single_refY_007-raw03-20,GP_Ip_4.0mm_closed_R5_single_refY,GP_Ip_4.0mm_closed_R5_single_refY_007,3,-3,678,raw/GP_Ip_4.0mm_closed_R5_single_refY_007.mp4,GP_Ip_4.0mm_closed_R5_single_refY_007-raw03-20-nbr-3,dg3_neighbors/images/GP_Ip_4.0mm_closed_R5_single_refY_007-raw03-20-nbr-3.jpg,False
GP_Ip_4.0mm_closed_R5_single_refY_007-raw03-20,GP_Ip_4.0mm_closed_R5_single_refY,GP_Ip_4.0mm_closed_R5_single_refY_007,3,-2,679,raw/GP_Ip_4.0mm_closed_R5_single_refY_007.mp4,GP_Ip_4.0mm_closed_R5_single_refY_007-raw03-20-nbr-2,dg3_neighbors/images/GP_Ip_4.0mm_closed_R5_single_refY_007-raw03-20-nbr-2.jpg,False
GP_Ip_4.0mm_closed_R5_single_refY_007-raw03-20,GP_Ip_4.0mm_closed_R5_single_refY,GP_Ip_4.0mm_closed_R5_single_refY_007,3,-1,680,raw/GP_Ip_4.0mm_closed_R5_single_refY_007.mp4,GP_Ip_4.0mm_closed_R5_single_refY_007-raw03-20-nbr-1,dg3_neighbors/images/GP_Ip_4.0mm_closed_R5_single_refY_007-raw03-20-nbr-1.jpg,False
GP_Ip_4.0mm_closed_R5_single_refY_007-raw03-20,GP_Ip_4.0mm_closed_R5_single_refY,GP_Ip_4.0mm_closed_R5_single_refY_007,3,0,681,raw/GP_Ip_4.0mm_closed_R5_single_refY_007.mp4,GP_Ip_4.0mm_closed_R5_single_refY_007-raw03-20-nbr+0,dg3_neighbors/images/GP_Ip_4.0mm_closed_R5_single_refY_007-raw03-20-nbr+0.jpg,True
GP_Ip_4.0mm_closed_R5_single_refY_007-raw03-20,GP_Ip_4.0mm_closed_R5_single_refY,GP_Ip_4.0mm_closed_R5_single_refY_007,3,1,682,raw/GP_Ip_4.0mm_closed_R5_single_refY_007.mp4,GP_Ip_4.0mm_closed_R5_single_refY_007-raw03-20-nbr+1,dg3_neighbors/images/GP_Ip_4.0mm_closed_R5_single_refY_007-raw03-20-nbr+1.jpg,False
GP_Ip_4.0mm_closed_R5_single_refY_007-raw03-20,GP_Ip_4.0mm_closed_R5_single_refY,GP_Ip_4.0mm_closed_R5_single_refY_007,3,2,683,raw/GP_Ip_4.0mm_closed_R5_single_refY_007.mp4,GP_Ip_4.0mm_closed_R5_single_refY_007-raw03-20-nbr+2,dg3_neighbors/images/GP_Ip_4.0mm_closed_R5_single_refY_007-raw03-20-nbr+2.jpg,False
GP_Ip_4.0mm_closed_R5_single_refY_007-raw03-20,GP_Ip_4.0mm_closed_R5_single_refY,GP_Ip_4.0mm_closed_R5_single_refY_007,3,3,684,raw/GP_Ip_4.0mm_closed_R5_single_refY_007.mp4,GP_Ip_4.0mm_closed_R5_single_refY_007-raw03-20-nbr+3,dg3_neighbors/images/GP_Ip_4.0mm_closed_R5_single_refY_007-raw03-20-nbr+3.jpg,False
GP_Ip_4.0mm_closed_R5_single_refY_007-raw04-22,GP_Ip_4.0mm_closed_R5_single_refY,GP_Ip_4.0mm_closed_R5_single_refY_007,4,-3,918,raw/GP_Ip_4.0mm_closed_R5_single_refY_007.mp4,GP_Ip_4.0mm_closed_R5_single_refY_007-raw04-22-nbr-3,dg3_neighbors/images/GP_Ip_4.0mm_closed_R5_single_refY_007-raw04-22-nbr-3.jpg,False
GP_Ip_4.0mm_closed_R5_single_refY_007-raw04-22,GP_Ip_4.0mm_closed_R5_single_refY,GP_Ip_4.0mm_closed_R5_single_refY_007,4,-2,919,raw/GP_Ip_4.0mm_closed_R5_single_refY_007.mp4,GP_Ip_4.0mm_closed_R5_single_refY_007-raw04-22-nbr-2,dg3_neighbors/images/GP_Ip_4.0mm_closed_R5_single_refY_007-raw04-22-nbr-2.jpg,False
GP_Ip_4.0mm_closed_R5_single_refY_007-raw04-22,GP_Ip_4.0mm_closed_R5_single_refY,GP_Ip_4.0mm_closed_R5_single_refY_007,4,-1,920,raw/GP_Ip_4.0mm_closed_R5_single_refY_007.mp4,GP_Ip_4.0mm_closed_R5_single_refY_007-raw04-22-nbr-1,dg3_neighbors/images/GP_Ip_4.0mm_closed_R5_single_refY_007-raw04-22-nbr-1.jpg,False
GP_Ip_4.0mm_closed_R5_single_refY_007-raw04-22,GP_Ip_4.0mm_closed_R5_single_refY,GP_Ip_4.0mm_closed_R5_single_refY_007,4,0,921,raw/GP_Ip_4.0mm_closed_R5_single_refY_007.mp4,GP_Ip_4.0mm_closed_R5_single_refY_007-raw04-22-nbr+0,dg3_neighbors/images/GP_Ip_4.0mm_closed_R5_single_refY_007-raw04-22-nbr+0.jpg,True
GP_Ip_4.0mm_closed_R5_single_refY_007-raw04-22,GP_Ip_4.0mm_closed_R5_single_refY,GP_Ip_4.0mm_closed_R5_single_refY_007,4,1,922,raw/GP_Ip_4.0mm_closed_R5_single_refY_007.mp4,GP_Ip_4.0mm_closed_R5_single_refY_007-raw04-22-nbr+1,dg3_neighbors/images/GP_Ip_4.0mm_closed_R5_single_refY_007-raw04-22-nbr+1.jpg,False
GP_Ip_4.0mm_closed_R5_single_refY_007-raw04-22,GP_Ip_4.0mm_closed_R5_single_refY,GP_Ip_4.0mm_closed_R5_single_refY_007,4,2,923,raw/GP_Ip_4.0mm_closed_R5_single_refY_007.mp4,GP_Ip_4.0mm_closed_R5_single_refY_007-raw04-22-nbr+2,dg3_neighbors/images/GP_Ip_4.0mm_closed_R5_single_refY_007-raw04-22-nbr+2.jpg,False
GP_Ip_4.0mm_closed_R5_single_refY_007-raw04-22,GP_Ip_4.0mm_closed_R5_single_refY,GP_Ip_4.0mm_closed_R5_single_refY_007,4,3,924,raw/GP_Ip_4.0mm_closed_R5_single_refY_007.mp4,GP_Ip_4.0mm_closed_R5_single_refY_007-raw04-22-nbr+3,dg3_neighbors/images/GP_Ip_4.0mm_closed_R5_single_refY_007-raw04-22-nbr+3.jpg,False
GP_Ip_4.7mm_closed_R5_single_refY_004-raw01-23,GP_Ip_4.7mm_closed_R5_single_refY,GP_Ip_4.7mm_closed_R5_single_refY_004,1,-3,185,raw/GP_Ip_4.7mm_closed_R5_single_refY_004.mp4,GP_Ip_4.7mm_closed_R5_single_refY_004-raw01-23-nbr-3,dg3_neighbors/images/GP_Ip_4.7mm_closed_R5_single_refY_004-raw01-23-nbr-3.jpg,False
GP_Ip_4.7mm_closed_R5_single_refY_004-raw01-23,GP_Ip_4.7mm_closed_R5_single_refY,GP_Ip_4.7mm_closed_R5_single_refY_004,1,-2,186,raw/GP_Ip_4.7mm_closed_R5_single_refY_004.mp4,GP_Ip_4.7mm_closed_R5_single_refY_004-raw01-23-nbr-2,dg3_neighbors/images/GP_Ip_4.7mm_closed_R5_single_refY_004-raw01-23-nbr-2.jpg,False
GP_Ip_4.7mm_closed_R5_single_refY_004-raw01-23,GP_Ip_4.7mm_closed_R5_single_refY,GP_Ip_4.7mm_closed_R5_single_refY_004,1,-1,187,raw/GP_Ip_4.7mm_closed_R5_single_refY_004.mp4,GP_Ip_4.7mm_closed_R5_single_refY_004-raw01-23-nbr-1,dg3_neighbors/images/GP_Ip_4.7mm_closed_R5_single_refY_004-raw01-23-nbr-1.jpg,False
GP_Ip_4.7mm_closed_R5_single_refY_004-raw01-23,GP_Ip_4.7mm_closed_R5_single_refY,GP_Ip_4.7mm_closed_R5_single_refY_004,1,0,188,raw/GP_Ip_4.7mm_closed_R5_single_refY_004.mp4,GP_Ip_4.7mm_closed_R5_single_refY_004-raw01-23-nbr+0,dg3_neighbors/images/GP_Ip_4.7mm_closed_R5_single_refY_004-raw01-23-nbr+0.jpg,True
GP_Ip_4.7mm_closed_R5_single_refY_004-raw01-23,GP_Ip_4.7mm_closed_R5_single_refY,GP_Ip_4.7mm_closed_R5_single_refY_004,1,1,189,raw/GP_Ip_4.7mm_closed_R5_single_refY_004.mp4,GP_Ip_4.7mm_closed_R5_single_refY_004-raw01-23-nbr+1,dg3_neighbors/images/GP_Ip_4.7mm_closed_R5_single_refY_004-raw01-23-nbr+1.jpg,False
GP_Ip_4.7mm_closed_R5_single_refY_004-raw01-23,GP_Ip_4.7mm_closed_R5_single_refY,GP_Ip_4.7mm_closed_R5_single_refY_004,1,2,190,raw/GP_Ip_4.7mm_closed_R5_single_refY_004.mp4,GP_Ip_4.7mm_closed_R5_single_refY_004-raw01-23-nbr+2,dg3_neighbors/images/GP_Ip_4.7mm_closed_R5_single_refY_004-raw01-23-nbr+2.jpg,False
GP_Ip_4.7mm_closed_R5_single_refY_004-raw01-23,GP_Ip_4.7mm_closed_R5_single_refY,GP_Ip_4.7mm_closed_R5_single_refY_004,1,3,191,raw/GP_Ip_4.7mm_closed_R5_single_refY_004.mp4,GP_Ip_4.7mm_closed_R5_single_refY_004-raw01-23-nbr+3,dg3_neighbors/images/GP_Ip_4.7mm_closed_R5_single_refY_004-raw01-23-nbr+3.jpg,False
GP_Ip_4.7mm_closed_R5_single_refY_004-raw02-12,GP_Ip_4.7mm_closed_R5_single_refY,GP_Ip_4.7mm_closed_R5_single_refY_004,2,-3,270,raw/GP_Ip_4.7mm_closed_R5_single_refY_004.mp4,GP_Ip_4.7mm_closed_R5_single_refY_004-raw02-12-nbr-3,dg3_neighbors/images/GP_Ip_4.7mm_closed_R5_single_refY_004-raw02-12-nbr-3.jpg,False
GP_Ip_4.7mm_closed_R5_single_refY_004-raw02-12,GP_Ip_4.7mm_closed_R5_single_refY,GP_Ip_4.7mm_closed_R5_single_refY_004,2,-2,271,raw/GP_Ip_4.7mm_closed_R5_single_refY_004.mp4,GP_Ip_4.7mm_closed_R5_single_refY_004-raw02-12-nbr-2,dg3_neighbors/images/GP_Ip_4.7mm_closed_R5_single_refY_004-raw02-12-nbr-2.jpg,False
GP_Ip_4.7mm_closed_R5_single_refY_004-raw02-12,GP_Ip_4.7mm_closed_R5_single_refY,GP_Ip_4.7mm_closed_R5_single_refY_004,2,-1,272,raw/GP_Ip_4.7mm_closed_R5_single_refY_004.mp4,GP_Ip_4.7mm_closed_R5_single_refY_004-raw02-12-nbr-1,dg3_neighbors/images/GP_Ip_4.7mm_closed_R5_single_refY_004-raw02-12-nbr-1.jpg,False
GP_Ip_4.7mm_closed_R5_single_refY_004-raw02-12,GP_Ip_4.7mm_closed_R5_single_refY,GP_Ip_4.7mm_closed_R5_single_refY_004,2,0,273,raw/GP_Ip_4.7mm_closed_R5_single_refY_004.mp4,GP_Ip_4.7mm_closed_R5_single_refY_004-raw02-12-nbr+0,dg3_neighbors/images/GP_Ip_4.7mm_closed_R5_single_refY_004-raw02-12-nbr+0.jpg,True
GP_Ip_4.7mm_closed_R5_single_refY_004-raw02-12,GP_Ip_4.7mm_closed_R5_single_refY,GP_Ip_4.7mm_closed_R5_single_refY_004,2,1,274,raw/GP_Ip_4.7mm_closed_R5_single_refY_004.mp4,GP_Ip_4.7mm_closed_R5_single_refY_004-raw02-12-nbr+1,dg3_neighbors/images/GP_Ip_4.7mm_closed_R5_single_refY_004-raw02-12-nbr+1.jpg,False
GP_Ip_4.7mm_closed_R5_single_refY_004-raw02-12,GP_Ip_4.7mm_closed_R5_single_refY,GP_Ip_4.7mm_closed_R5_single_refY_004,2,2,275,raw/GP_Ip_4.7mm_closed_R5_single_refY_004.mp4,GP_Ip_4.7mm_closed_R5_single_refY_004-raw02-12-nbr+2,dg3_neighbors/images/GP_Ip_4.7mm_closed_R5_single_refY_004-raw02-12-nbr+2.jpg,False
GP_Ip_4.7mm_closed_R5_single_refY_004-raw02-12,GP_Ip_4.7mm_closed_R5_single_refY,GP_Ip_4.7mm_closed_R5_single_refY_004,2,3,276,raw/GP_Ip_4.7mm_closed_R5_single_refY_004.mp4,GP_Ip_4.7mm_closed_R5_single_refY_004-raw02-12-nbr+3,dg3_neighbors/images/GP_Ip_4.7mm_closed_R5_single_refY_004-raw02-12-nbr+3.jpg,False
GP_Ip_4.7mm_closed_R5_single_refY_004-raw04-09,GP_Ip_4.7mm_closed_R5_single_refY,GP_Ip_4.7mm_closed_R5_single_refY_004,4,-3,567,raw/GP_Ip_4.7mm_closed_R5_single_refY_004.mp4,GP_Ip_4.7mm_closed_R5_single_refY_004-raw04-09-nbr-3,dg3_neighbors/images/GP_Ip_4.7mm_closed_R5_single_refY_004-raw04-09-nbr-3.jpg,False
GP_Ip_4.7mm_closed_R5_single_refY_004-raw04-09,GP_Ip_4.7mm_closed_R5_single_refY,GP_Ip_4.7mm_closed_R5_single_refY_004,4,-2,568,raw/GP_Ip_4.7mm_closed_R5_single_refY_004.mp4,GP_Ip_4.7mm_closed_R5_single_refY_004-raw04-09-nbr-2,dg3_neighbors/images/GP_Ip_4.7mm_closed_R5_single_refY_004-raw04-09-nbr-2.jpg,False
GP_Ip_4.7mm_closed_R5_single_refY_004-raw04-09,GP_Ip_4.7mm_closed_R5_single_refY,GP_Ip_4.7mm_closed_R5_single_refY_004,4,-1,569,raw/GP_Ip_4.7mm_closed_R5_single_refY_004.mp4,GP_Ip_4.7mm_closed_R5_single_refY_004-raw04-09-nbr-1,dg3_neighbors/images/GP_Ip_4.7mm_closed_R5_single_refY_004-raw04-09-nbr-1.jpg,False
GP_Ip_4.7mm_closed_R5_single_refY_004-raw04-09,GP_Ip_4.7mm_closed_R5_single_refY,GP_Ip_4.7mm_closed_R5_single_refY_004,4,0,570,raw/GP_Ip_4.7mm_closed_R5_single_refY_004.mp4,GP_Ip_4.7mm_closed_R5_single_refY_004-raw04-09-nbr+0,dg3_neighbors/images/GP_Ip_4.7mm_closed_R5_single_refY_004-raw04-09-nbr+0.jpg,True
GP_Ip_4.7mm_closed_R5_single_refY_004-raw04-09,GP_Ip_4.7mm_closed_R5_single_refY,GP_Ip_4.7mm_closed_R5_single_refY_004,4,1,571,raw/GP_Ip_4.7mm_closed_R5_single_refY_004.mp4,GP_Ip_4.7mm_closed_R5_single_refY_004-raw04-09-nbr+1,dg3_neighbors/images/GP_Ip_4.7mm_closed_R5_single_refY_004-raw04-09-nbr+1.jpg,False
GP_Ip_4.7mm_closed_R5_single_refY_004-raw04-09,GP_Ip_4.7mm_closed_R5_single_refY,GP_Ip_4.7mm_closed_R5_single_refY_004,4,2,572,raw/GP_Ip_4.7mm_closed_R5_single_refY_004.mp4,GP_Ip_4.7mm_closed_R5_single_refY_004-raw04-09-nbr+2,dg3_neighbors/images/GP_Ip_4.7mm_closed_R5_single_refY_004-raw04-09-nbr+2.jpg,False
GP_Ip_4.7mm_closed_R5_single_refY_004-raw04-09,GP_Ip_4.7mm_closed_R5_single_refY,GP_Ip_4.7mm_closed_R5_single_refY_004,4,3,573,raw/GP_Ip_4.7mm_closed_R5_single_refY_004.mp4,GP_Ip_4.7mm_closed_R5_single_refY_004-raw04-09-nbr+3,dg3_neighbors/images/GP_Ip_4.7mm_closed_R5_single_refY_004-raw04-09-nbr+3.jpg,False
GP_Ip_4.7mm_closed_R5_single_refY_004-raw05-23,GP_Ip_4.7mm_closed_R5_single_refY,GP_Ip_4.7mm_closed_R5_single_refY_004,5,-3,820,raw/GP_Ip_4.7mm_closed_R5_single_refY_004.mp4,GP_Ip_4.7mm_closed_R5_single_refY_004-raw05-23-nbr-3,dg3_neighbors/images/GP_Ip_4.7mm_closed_R5_single_refY_004-raw05-23-nbr-3.jpg,False
GP_Ip_4.7mm_closed_R5_single_refY_004-raw05-23,GP_Ip_4.7mm_closed_R5_single_refY,GP_Ip_4.7mm_closed_R5_single_refY_004,5,-2,821,raw/GP_Ip_4.7mm_closed_R5_single_refY_004.mp4,GP_Ip_4.7mm_closed_R5_single_refY_004-raw05-23-nbr-2,dg3_neighbors/images/GP_Ip_4.7mm_closed_R5_single_refY_004-raw05-23-nbr-2.jpg,False
GP_Ip_4.7mm_closed_R5_single_refY_004-raw05-23,GP_Ip_4.7mm_closed_R5_single_refY,GP_Ip_4.7mm_closed_R5_single_refY_004,5,-1,822,raw/GP_Ip_4.7mm_closed_R5_single_refY_004.mp4,GP_Ip_4.7mm_closed_R5_single_refY_004-raw05-23-nbr-1,dg3_neighbors/images/GP_Ip_4.7mm_closed_R5_single_refY_004-raw05-23-nbr-1.jpg,False
GP_Ip_4.7mm_closed_R5_single_refY_004-raw05-23,GP_Ip_4.7mm_closed_R5_single_refY,GP_Ip_4.7mm_closed_R5_single_refY_004,5,0,823,raw/GP_Ip_4.7mm_closed_R5_single_refY_004.mp4,GP_Ip_4.7mm_closed_R5_single_refY_004-raw05-23-nbr+0,dg3_neighbors/images/GP_Ip_4.7mm_closed_R5_single_refY_004-raw05-23-nbr+0.jpg,True
GP_Ip_4.7mm_closed_R5_single_refY_004-raw05-23,GP_Ip_4.7mm_closed_R5_single_refY,GP_Ip_4.7mm_closed_R5_single_refY_004,5,1,824,raw/GP_Ip_4.7mm_closed_R5_single_refY_004.mp4,GP_Ip_4.7mm_closed_R5_single_refY_004-raw05-23-nbr+1,dg3_neighbors/images/GP_Ip_4.7mm_closed_R5_single_refY_004-raw05-23-nbr+1.jpg,False
GP_Ip_4.7mm_closed_R5_single_refY_004-raw05-23,GP_Ip_4.7mm_closed_R5_single_refY,GP_Ip_4.7mm_closed_R5_single_refY_004,5,2,825,raw/GP_Ip_4.7mm_closed_R5_single_refY_004.mp4,GP_Ip_4.7mm_closed_R5_single_refY_004-raw05-23-nbr+2,dg3_neighbors/images/GP_Ip_4.7mm_closed_R5_single_refY_004-raw05-23-nbr+2.jpg,False
GP_Ip_4.7mm_closed_R5_single_refY_004-raw05-23,GP_Ip_4.7mm_closed_R5_single_refY,GP_Ip_4.7mm_closed_R5_single_refY_004,5,3,826,raw/GP_Ip_4.7mm_closed_R5_single_refY_004.mp4,GP_Ip_4.7mm_closed_R5_single_refY_004-raw05-23-nbr+3,dg3_neighbors/images/GP_Ip_4.7mm_closed_R5_single_refY_004-raw05-23-nbr+3.jpg,False
GP_Ip_4.7mm_closed_R5_single_refY_005-raw01-16,GP_Ip_4.7mm_closed_R5_single_refY,GP_Ip_4.7mm_closed_R5_single_refY_005,1,-3,171,raw/GP_Ip_4.7mm_closed_R5_single_refY_005.mp4,GP_Ip_4.7mm_closed_R5_single_refY_005-raw01-16-nbr-3,dg3_neighbors/images/GP_Ip_4.7mm_closed_R5_single_refY_005-raw01-16-nbr-3.jpg,False
GP_Ip_4.7mm_closed_R5_single_refY_005-raw01-16,GP_Ip_4.7mm_closed_R5_single_refY,GP_Ip_4.7mm_closed_R5_single_refY_005,1,-2,172,raw/GP_Ip_4.7mm_closed_R5_single_refY_005.mp4,GP_Ip_4.7mm_closed_R5_single_refY_005-raw01-16-nbr-2,dg3_neighbors/images/GP_Ip_4.7mm_closed_R5_single_refY_005-raw01-16-nbr-2.jpg,False
GP_Ip_4.7mm_closed_R5_single_refY_005-raw01-16,GP_Ip_4.7mm_closed_R5_single_refY,GP_Ip_4.7mm_closed_R5_single_refY_005,1,-1,173,raw/GP_Ip_4.7mm_closed_R5_single_refY_005.mp4,GP_Ip_4.7mm_closed_R5_single_refY_005-raw01-16-nbr-1,dg3_neighbors/images/GP_Ip_4.7mm_closed_R5_single_refY_005-raw01-16-nbr-1.jpg,False
GP_Ip_4.7mm_closed_R5_single_refY_005-raw01-16,GP_Ip_4.7mm_closed_R5_single_refY,GP_Ip_4.7mm_closed_R5_single_refY_005,1,0,174,raw/GP_Ip_4.7mm_closed_R5_single_refY_005.mp4,GP_Ip_4.7mm_closed_R5_single_refY_005-raw01-16-nbr+0,dg3_neighbors/images/GP_Ip_4.7mm_closed_R5_single_refY_005-raw01-16-nbr+0.jpg,True
GP_Ip_4.7mm_closed_R5_single_refY_005-raw01-16,GP_Ip_4.7mm_closed_R5_single_refY,GP_Ip_4.7mm_closed_R5_single_refY_005,1,1,175,raw/GP_Ip_4.7mm_closed_R5_single_refY_005.mp4,GP_Ip_4.7mm_closed_R5_single_refY_005-raw01-16-nbr+1,dg3_neighbors/images/GP_Ip_4.7mm_closed_R5_single_refY_005-raw01-16-nbr+1.jpg,False
GP_Ip_4.7mm_closed_R5_single_refY_005-raw01-16,GP_Ip_4.7mm_closed_R5_single_refY,GP_Ip_4.7mm_closed_R5_single_refY_005,1,2,176,raw/GP_Ip_4.7mm_closed_R5_single_refY_005.mp4,GP_Ip_4.7mm_closed_R5_single_refY_005-raw01-16-nbr+2,dg3_neighbors/images/GP_Ip_4.7mm_closed_R5_single_refY_005-raw01-16-nbr+2.jpg,False
GP_Ip_4.7mm_closed_R5_single_refY_005-raw01-16,GP_Ip_4.7mm_closed_R5_single_refY,GP_Ip_4.7mm_closed_R5_single_refY_005,1,3,177,raw/GP_Ip_4.7mm_closed_R5_single_refY_005.mp4,GP_Ip_4.7mm_closed_R5_single_refY_005-raw01-16-nbr+3,dg3_neighbors/images/GP_Ip_4.7mm_closed_R5_single_refY_005-raw01-16-nbr+3.jpg,False
GP_Ip_4.7mm_closed_R5_single_refY_005-raw05-19,GP_Ip_4.7mm_closed_R5_single_refY,GP_Ip_4.7mm_closed_R5_single_refY_005,5,-3,969,raw/GP_Ip_4.7mm_closed_R5_single_refY_005.mp4,GP_Ip_4.7mm_closed_R5_single_refY_005-raw05-19-nbr-3,dg3_neighbors/images/GP_Ip_4.7mm_closed_R5_single_refY_005-raw05-19-nbr-3.jpg,False
GP_Ip_4.7mm_closed_R5_single_refY_005-raw05-19,GP_Ip_4.7mm_closed_R5_single_refY,GP_Ip_4.7mm_closed_R5_single_refY_005,5,-2,970,raw/GP_Ip_4.7mm_closed_R5_single_refY_005.mp4,GP_Ip_4.7mm_closed_R5_single_refY_005-raw05-19-nbr-2,dg3_neighbors/images/GP_Ip_4.7mm_closed_R5_single_refY_005-raw05-19-nbr-2.jpg,False
GP_Ip_4.7mm_closed_R5_single_refY_005-raw05-19,GP_Ip_4.7mm_closed_R5_single_refY,GP_Ip_4.7mm_closed_R5_single_refY_005,5,-1,971,raw/GP_Ip_4.7mm_closed_R5_single_refY_005.mp4,GP_Ip_4.7mm_closed_R5_single_refY_005-raw05-19-nbr-1,dg3_neighbors/images/GP_Ip_4.7mm_closed_R5_single_refY_005-raw05-19-nbr-1.jpg,False
GP_Ip_4.7mm_closed_R5_single_refY_005-raw05-19,GP_Ip_4.7mm_closed_R5_single_refY,GP_Ip_4.7mm_closed_R5_single_refY_005,5,0,972,raw/GP_Ip_4.7mm_closed_R5_single_refY_005.mp4,GP_Ip_4.7mm_closed_R5_single_refY_005-raw05-19-nbr+0,dg3_neighbors/images/GP_Ip_4.7mm_closed_R5_single_refY_005-raw05-19-nbr+0.jpg,True
GP_Ip_4.7mm_closed_R5_single_refY_005-raw05-19,GP_Ip_4.7mm_closed_R5_single_refY,GP_Ip_4.7mm_closed_R5_single_refY_005,5,1,973,raw/GP_Ip_4.7mm_closed_R5_single_refY_005.mp4,GP_Ip_4.7mm_closed_R5_single_refY_005-raw05-19-nbr+1,dg3_neighbors/images/GP_Ip_4.7mm_closed_R5_single_refY_005-raw05-19-nbr+1.jpg,False
GP_Ip_4.7mm_closed_R5_single_refY_005-raw05-19,GP_Ip_4.7mm_closed_R5_single_refY,GP_Ip_4.7mm_closed_R5_single_refY_005,5,2,974,raw/GP_Ip_4.7mm_closed_R5_single_refY_005.mp4,GP_Ip_4.7mm_closed_R5_single_refY_005-raw05-19-nbr+2,dg3_neighbors/images/GP_Ip_4.7mm_closed_R5_single_refY_005-raw05-19-nbr+2.jpg,False
GP_Ip_4.7mm_closed_R5_single_refY_005-raw05-19,GP_Ip_4.7mm_closed_R5_single_refY,GP_Ip_4.7mm_closed_R5_single_refY_005,5,3,975,raw/GP_Ip_4.7mm_closed_R5_single_refY_005.mp4,GP_Ip_4.7mm_closed_R5_single_refY_005-raw05-19-nbr+3,dg3_neighbors/images/GP_Ip_4.7mm_closed_R5_single_refY_005-raw05-19-nbr+3.jpg,False
GP_Ip_5.6mm_closed_R10_single_refY_005-raw01-08,GP_Ip_5.6mm_closed_R10_single_refY,GP_Ip_5.6mm_closed_R10_single_refY_005,1,-3,75,raw/GP_Ip_5.6mm_closed_R10_single_refY_005.mp4,GP_Ip_5.6mm_closed_R10_single_refY_005-raw01-08-nbr-3,dg3_neighbors/images/GP_Ip_5.6mm_closed_R10_single_refY_005-raw01-08-nbr-3.jpg,False
GP_Ip_5.6mm_closed_R10_single_refY_005-raw01-08,GP_Ip_5.6mm_closed_R10_single_refY,GP_Ip_5.6mm_closed_R10_single_refY_005,1,-2,76,raw/GP_Ip_5.6mm_closed_R10_single_refY_005.mp4,GP_Ip_5.6mm_closed_R10_single_refY_005-raw01-08-nbr-2,dg3_neighbors/images/GP_Ip_5.6mm_closed_R10_single_refY_005-raw01-08-nbr-2.jpg,False
GP_Ip_5.6mm_closed_R10_single_refY_005-raw01-08,GP_Ip_5.6mm_closed_R10_single_refY,GP_Ip_5.6mm_closed_R10_single_refY_005,1,-1,77,raw/GP_Ip_5.6mm_closed_R10_single_refY_005.mp4,GP_Ip_5.6mm_closed_R10_single_refY_005-raw01-08-nbr-1,dg3_neighbors/images/GP_Ip_5.6mm_closed_R10_single_refY_005-raw01-08-nbr-1.jpg,False
GP_Ip_5.6mm_closed_R10_single_refY_005-raw01-08,GP_Ip_5.6mm_closed_R10_single_refY,GP_Ip_5.6mm_closed_R10_single_refY_005,1,0,78,raw/GP_Ip_5.6mm_closed_R10_single_refY_005.mp4,GP_Ip_5.6mm_closed_R10_single_refY_005-raw01-08-nbr+0,dg3_neighbors/images/GP_Ip_5.6mm_closed_R10_single_refY_005-raw01-08-nbr+0.jpg,True
GP_Ip_5.6mm_closed_R10_single_refY_005-raw01-08,GP_Ip_5.6mm_closed_R10_single_refY,GP_Ip_5.6mm_closed_R10_single_refY_005,1,1,79,raw/GP_Ip_5.6mm_closed_R10_single_refY_005.mp4,GP_Ip_5.6mm_closed_R10_single_refY_005-raw01-08-nbr+1,dg3_neighbors/images/GP_Ip_5.6mm_closed_R10_single_refY_005-raw01-08-nbr+1.jpg,False
GP_Ip_5.6mm_closed_R10_single_refY_005-raw01-08,GP_Ip_5.6mm_closed_R10_single_refY,GP_Ip_5.6mm_closed_R10_single_refY_005,1,2,80,raw/GP_Ip_5.6mm_closed_R10_single_refY_005.mp4,GP_Ip_5.6mm_closed_R10_single_refY_005-raw01-08-nbr+2,dg3_neighbors/images/GP_Ip_5.6mm_closed_R10_single_refY_005-raw01-08-nbr+2.jpg,False
GP_Ip_5.6mm_closed_R10_single_refY_005-raw01-08,GP_Ip_5.6mm_closed_R10_single_refY,GP_Ip_5.6mm_closed_R10_single_refY_005,1,3,81,raw/GP_Ip_5.6mm_closed_R10_single_refY_005.mp4,GP_Ip_5.6mm_closed_R10_single_refY_005-raw01-08-nbr+3,dg3_neighbors/images/GP_Ip_5.6mm_closed_R10_single_refY_005-raw01-08-nbr+3.jpg,False
GP_Ip_5.6mm_closed_R10_single_refY_005-raw02-07,GP_Ip_5.6mm_closed_R10_single_refY,GP_Ip_5.6mm_closed_R10_single_refY_005,2,-3,207,raw/GP_Ip_5.6mm_closed_R10_single_refY_005.mp4,GP_Ip_5.6mm_closed_R10_single_refY_005-raw02-07-nbr-3,dg3_neighbors/images/GP_Ip_5.6mm_closed_R10_single_refY_005-raw02-07-nbr-3.jpg,False
GP_Ip_5.6mm_closed_R10_single_refY_005-raw02-07,GP_Ip_5.6mm_closed_R10_single_refY,GP_Ip_5.6mm_closed_R10_single_refY_005,2,-2,208,raw/GP_Ip_5.6mm_closed_R10_single_refY_005.mp4,GP_Ip_5.6mm_closed_R10_single_refY_005-raw02-07-nbr-2,dg3_neighbors/images/GP_Ip_5.6mm_closed_R10_single_refY_005-raw02-07-nbr-2.jpg,False
GP_Ip_5.6mm_closed_R10_single_refY_005-raw02-07,GP_Ip_5.6mm_closed_R10_single_refY,GP_Ip_5.6mm_closed_R10_single_refY_005,2,-1,209,raw/GP_Ip_5.6mm_closed_R10_single_refY_005.mp4,GP_Ip_5.6mm_closed_R10_single_refY_005-raw02-07-nbr-1,dg3_neighbors/images/GP_Ip_5.6mm_closed_R10_single_refY_005-raw02-07-nbr-1.jpg,False
GP_Ip_5.6mm_closed_R10_single_refY_005-raw02-07,GP_Ip_5.6mm_closed_R10_single_refY,GP_Ip_5.6mm_closed_R10_single_refY_005,2,0,210,raw/GP_Ip_5.6mm_closed_R10_single_refY_005.mp4,GP_Ip_5.6mm_closed_R10_single_refY_005-raw02-07-nbr+0,dg3_neighbors/images/GP_Ip_5.6mm_closed_R10_single_refY_005-raw02-07-nbr+0.jpg,True
GP_Ip_5.6mm_closed_R10_single_refY_005-raw02-07,GP_Ip_5.6mm_closed_R10_single_refY,GP_Ip_5.6mm_closed_R10_single_refY_005,2,1,211,raw/GP_Ip_5.6mm_closed_R10_single_refY_005.mp4,GP_Ip_5.6mm_closed_R10_single_refY_005-raw02-07-nbr+1,dg3_neighbors/images/GP_Ip_5.6mm_closed_R10_single_refY_005-raw02-07-nbr+1.jpg,False
GP_Ip_5.6mm_closed_R10_single_refY_005-raw02-07,GP_Ip_5.6mm_closed_R10_single_refY,GP_Ip_5.6mm_closed_R10_single_refY_005,2,2,212,raw/GP_Ip_5.6mm_closed_R10_single_refY_005.mp4,GP_Ip_5.6mm_closed_R10_single_refY_005-raw02-07-nbr+2,dg3_neighbors/images/GP_Ip_5.6mm_closed_R10_single_refY_005-raw02-07-nbr+2.jpg,False
GP_Ip_5.6mm_closed_R10_single_refY_005-raw02-07,GP_Ip_5.6mm_closed_R10_single_refY,GP_Ip_5.6mm_closed_R10_single_refY_005,2,3,213,raw/GP_Ip_5.6mm_closed_R10_single_refY_005.mp4,GP_Ip_5.6mm_closed_R10_single_refY_005-raw02-07-nbr+3,dg3_neighbors/images/GP_Ip_5.6mm_closed_R10_single_refY_005-raw02-07-nbr+3.jpg,False
GP_Ip_5.6mm_closed_R10_single_refY_005-raw03-19,GP_Ip_5.6mm_closed_R10_single_refY,GP_Ip_5.6mm_closed_R10_single_refY_005,3,-3,415,raw/GP_Ip_5.6mm_closed_R10_single_refY_005.mp4,GP_Ip_5.6mm_closed_R10_single_refY_005-raw03-19-nbr-3,dg3_neighbors/images/GP_Ip_5.6mm_closed_R10_single_refY_005-raw03-19-nbr-3.jpg,False
GP_Ip_5.6mm_closed_R10_single_refY_005-raw03-19,GP_Ip_5.6mm_closed_R10_single_refY,GP_Ip_5.6mm_closed_R10_single_refY_005,3,-2,416,raw/GP_Ip_5.6mm_closed_R10_single_refY_005.mp4,GP_Ip_5.6mm_closed_R10_single_refY_005-raw03-19-nbr-2,dg3_neighbors/images/GP_Ip_5.6mm_closed_R10_single_refY_005-raw03-19-nbr-2.jpg,False
GP_Ip_5.6mm_closed_R10_single_refY_005-raw03-19,GP_Ip_5.6mm_closed_R10_single_refY,GP_Ip_5.6mm_closed_R10_single_refY_005,3,-1,417,raw/GP_Ip_5.6mm_closed_R10_single_refY_005.mp4,GP_Ip_5.6mm_closed_R10_single_refY_005-raw03-19-nbr-1,dg3_neighbors/images/GP_Ip_5.6mm_closed_R10_single_refY_005-raw03-19-nbr-1.jpg,False
GP_Ip_5.6mm_closed_R10_single_refY_005-raw03-19,GP_Ip_5.6mm_closed_R10_single_refY,GP_Ip_5.6mm_closed_R10_single_refY_005,3,0,418,raw/GP_Ip_5.6mm_closed_R10_single_refY_005.mp4,GP_Ip_5.6mm_closed_R10_single_refY_005-raw03-19-nbr+0,dg3_neighbors/images/GP_Ip_5.6mm_closed_R10_single_refY_005-raw03-19-nbr+0.jpg,True
GP_Ip_5.6mm_closed_R10_single_refY_005-raw03-19,GP_Ip_5.6mm_closed_R10_single_refY,GP_Ip_5.6mm_closed_R10_single_refY_005,3,1,419,raw/GP_Ip_5.6mm_closed_R10_single_refY_005.mp4,GP_Ip_5.6mm_closed_R10_single_refY_005-raw03-19-nbr+1,dg3_neighbors/images/GP_Ip_5.6mm_closed_R10_single_refY_005-raw03-19-nbr+1.jpg,False
GP_Ip_5.6mm_closed_R10_single_refY_005-raw03-19,GP_Ip_5.6mm_closed_R10_single_refY,GP_Ip_5.6mm_closed_R10_single_refY_005,3,2,420,raw/GP_Ip_5.6mm_closed_R10_single_refY_005.mp4,GP_Ip_5.6mm_closed_R10_single_refY_005-raw03-19-nbr+2,dg3_neighbors/images/GP_Ip_5.6mm_closed_R10_single_refY_005-raw03-19-nbr+2.jpg,False
GP_Ip_5.6mm_closed_R10_single_refY_005-raw03-19,GP_Ip_5.6mm_closed_R10_single_refY,GP_Ip_5.6mm_closed_R10_single_refY_005,3,3,421,raw/GP_Ip_5.6mm_closed_R10_single_refY_005.mp4,GP_Ip_5.6mm_closed_R10_single_refY_005-raw03-19-nbr+3,dg3_neighbors/images/GP_Ip_5.6mm_closed_R10_single_refY_005-raw03-19-nbr+3.jpg,False
GP_Ip_5.6mm_closed_R10_single_refY_005-raw04-18,GP_Ip_5.6mm_closed_R10_single_refY,GP_Ip_5.6mm_closed_R10_single_refY_005,4,-3,547,raw/GP_Ip_5.6mm_closed_R10_single_refY_005.mp4,GP_Ip_5.6mm_closed_R10_single_refY_005-raw04-18-nbr-3,dg3_neighbors/images/GP_Ip_5.6mm_closed_R10_single_refY_005-raw04-18-nbr-3.jpg,False
GP_Ip_5.6mm_closed_R10_single_refY_005-raw04-18,GP_Ip_5.6mm_closed_R10_single_refY,GP_Ip_5.6mm_closed_R10_single_refY_005,4,-2,548,raw/GP_Ip_5.6mm_closed_R10_single_refY_005.mp4,GP_Ip_5.6mm_closed_R10_single_refY_005-raw04-18-nbr-2,dg3_neighbors/images/GP_Ip_5.6mm_closed_R10_single_refY_005-raw04-18-nbr-2.jpg,False
GP_Ip_5.6mm_closed_R10_single_refY_005-raw04-18,GP_Ip_5.6mm_closed_R10_single_refY,GP_Ip_5.6mm_closed_R10_single_refY_005,4,-1,549,raw/GP_Ip_5.6mm_closed_R10_single_refY_005.mp4,GP_Ip_5.6mm_closed_R10_single_refY_005-raw04-18-nbr-1,dg3_neighbors/images/GP_Ip_5.6mm_closed_R10_single_refY_005-raw04-18-nbr-1.jpg,False
GP_Ip_5.6mm_closed_R10_single_refY_005-raw04-18,GP_Ip_5.6mm_closed_R10_single_refY,GP_Ip_5.6mm_closed_R10_single_refY_005,4,0,550,raw/GP_Ip_5.6mm_closed_R10_single_refY_005.mp4,GP_Ip_5.6mm_closed_R10_single_refY_005-raw04-18-nbr+0,dg3_neighbors/images/GP_Ip_5.6mm_closed_R10_single_refY_005-raw04-18-nbr+0.jpg,True
GP_Ip_5.6mm_closed_R10_single_refY_005-raw04-18,GP_Ip_5.6mm_closed_R10_single_refY,GP_Ip_5.6mm_closed_R10_single_refY_005,4,1,551,raw/GP_Ip_5.6mm_closed_R10_single_refY_005.mp4,GP_Ip_5.6mm_closed_R10_single_refY_005-raw04-18-nbr+1,dg3_neighbors/images/GP_Ip_5.6mm_closed_R10_single_refY_005-raw04-18-nbr+1.jpg,False
GP_Ip_5.6mm_closed_R10_single_refY_005-raw04-18,GP_Ip_5.6mm_closed_R10_single_refY,GP_Ip_5.6mm_closed_R10_single_refY_005,4,2,552,raw/GP_Ip_5.6mm_closed_R10_single_refY_005.mp4,GP_Ip_5.6mm_closed_R10_single_refY_005-raw04-18-nbr+2,dg3_neighbors/images/GP_Ip_5.6mm_closed_R10_single_refY_005-raw04-18-nbr+2.jpg,False
GP_Ip_5.6mm_closed_R10_single_refY_005-raw04-18,GP_Ip_5.6mm_closed_R10_single_refY,GP_Ip_5.6mm_closed_R10_single_refY_005,4,3,553,raw/GP_Ip_5.6mm_closed_R10_single_refY_005.mp4,GP_Ip_5.6mm_closed_R10_single_refY_005-raw04-18-nbr+3,dg3_neighbors/images/GP_Ip_5.6mm_closed_R10_single_refY_005-raw04-18-nbr+3.jpg,False
GP_Ip_5.6mm_closed_R10_single_refY_005-raw05-24,GP_Ip_5.6mm_closed_R10_single_refY,GP_Ip_5.6mm_closed_R10_single_refY_005,5,-3,720,raw/GP_Ip_5.6mm_closed_R10_single_refY_005.mp4,GP_Ip_5.6mm_closed_R10_single_refY_005-raw05-24-nbr-3,dg3_neighbors/images/GP_Ip_5.6mm_closed_R10_single_refY_005-raw05-24-nbr-3.jpg,False
GP_Ip_5.6mm_closed_R10_single_refY_005-raw05-24,GP_Ip_5.6mm_closed_R10_single_refY,GP_Ip_5.6mm_closed_R10_single_refY_005,5,-2,721,raw/GP_Ip_5.6mm_closed_R10_single_refY_005.mp4,GP_Ip_5.6mm_closed_R10_single_refY_005-raw05-24-nbr-2,dg3_neighbors/images/GP_Ip_5.6mm_closed_R10_single_refY_005-raw05-24-nbr-2.jpg,False
GP_Ip_5.6mm_closed_R10_single_refY_005-raw05-24,GP_Ip_5.6mm_closed_R10_single_refY,GP_Ip_5.6mm_closed_R10_single_refY_005,5,-1,722,raw/GP_Ip_5.6mm_closed_R10_single_refY_005.mp4,GP_Ip_5.6mm_closed_R10_single_refY_005-raw05-24-nbr-1,dg3_neighbors/images/GP_Ip_5.6mm_closed_R10_single_refY_005-raw05-24-nbr-1.jpg,False
GP_Ip_5.6mm_closed_R10_single_refY_005-raw05-24,GP_Ip_5.6mm_closed_R10_single_refY,GP_Ip_5.6mm_closed_R10_single_refY_005,5,0,723,raw/GP_Ip_5.6mm_closed_R10_single_refY_005.mp4,GP_Ip_5.6mm_closed_R10_single_refY_005-raw05-24-nbr+0,dg3_neighbors/images/GP_Ip_5.6mm_closed_R10_single_refY_005-raw05-24-nbr+0.jpg,True
GP_Ip_5.6mm_closed_R10_single_refY_005-raw05-24,GP_Ip_5.6mm_closed_R10_single_refY,GP_Ip_5.6mm_closed_R10_single_refY_005,5,1,724,raw/GP_Ip_5.6mm_closed_R10_single_refY_005.mp4,GP_Ip_5.6mm_closed_R10_single_refY_005-raw05-24-nbr+1,dg3_neighbors/images/GP_Ip_5.6mm_closed_R10_single_refY_005-raw05-24-nbr+1.jpg,False
GP_Ip_5.6mm_closed_R10_single_refY_005-raw05-24,GP_Ip_5.6mm_closed_R10_single_refY,GP_Ip_5.6mm_closed_R10_single_refY_005,5,2,725,raw/GP_Ip_5.6mm_closed_R10_single_refY_005.mp4,GP_Ip_5.6mm_closed_R10_single_refY_005-raw05-24-nbr+2,dg3_neighbors/images/GP_Ip_5.6mm_closed_R10_single_refY_005-raw05-24-nbr+2.jpg,False
GP_Ip_5.6mm_closed_R10_single_refY_005-raw05-24,GP_Ip_5.6mm_closed_R10_single_refY,GP_Ip_5.6mm_closed_R10_single_refY_005,5,3,726,raw/GP_Ip_5.6mm_closed_R10_single_refY_005.mp4,GP_Ip_5.6mm_closed_R10_single_refY_005-raw05-24-nbr+3,dg3_neighbors/images/GP_Ip_5.6mm_closed_R10_single_refY_005-raw05-24-nbr+3.jpg,False
GP_Ip_6.2mm_closed_R10_single_refY_005-raw05-04,GP_Ip_6.2mm_closed_R10_single_refY,GP_Ip_6.2mm_closed_R10_single_refY_005,5,-3,450,raw/GP_Ip_6.2mm_closed_R10_single_refY_005.mp4,GP_Ip_6.2mm_closed_R10_single_refY_005-raw05-04-nbr-3,dg3_neighbors/images/GP_Ip_6.2mm_closed_R10_single_refY_005-raw05-04-nbr-3.jpg,False
GP_Ip_6.2mm_closed_R10_single_refY_005-raw05-04,GP_Ip_6.2mm_closed_R10_single_refY,GP_Ip_6.2mm_closed_R10_single_refY_005,5,-2,451,raw/GP_Ip_6.2mm_closed_R10_single_refY_005.mp4,GP_Ip_6.2mm_closed_R10_single_refY_005-raw05-04-nbr-2,dg3_neighbors/images/GP_Ip_6.2mm_closed_R10_single_refY_005-raw05-04-nbr-2.jpg,False
GP_Ip_6.2mm_closed_R10_single_refY_005-raw05-04,GP_Ip_6.2mm_closed_R10_single_refY,GP_Ip_6.2mm_closed_R10_single_refY_005,5,-1,452,raw/GP_Ip_6.2mm_closed_R10_single_refY_005.mp4,GP_Ip_6.2mm_closed_R10_single_refY_005-raw05-04-nbr-1,dg3_neighbors/images/GP_Ip_6.2mm_closed_R10_single_refY_005-raw05-04-nbr-1.jpg,False
GP_Ip_6.2mm_closed_R10_single_refY_005-raw05-04,GP_Ip_6.2mm_closed_R10_single_refY,GP_Ip_6.2mm_closed_R10_single_refY_005,5,0,453,raw/GP_Ip_6.2mm_closed_R10_single_refY_005.mp4,GP_Ip_6.2mm_closed_R10_single_refY_005-raw05-04-nbr+0,dg3_neighbors/images/GP_Ip_6.2mm_closed_R10_single_refY_005-raw05-04-nbr+0.jpg,True
GP_Ip_6.2mm_closed_R10_single_refY_005-raw05-04,GP_Ip_6.2mm_closed_R10_single_refY,GP_Ip_6.2mm_closed_R10_single_refY_005,5,1,454,raw/GP_Ip_6.2mm_closed_R10_single_refY_005.mp4,GP_Ip_6.2mm_closed_R10_single_refY_005-raw05-04-nbr+1,dg3_neighbors/images/GP_Ip_6.2mm_closed_R10_single_refY_005-raw05-04-nbr+1.jpg,False
GP_Ip_6.2mm_closed_R10_single_refY_005-raw05-04,GP_Ip_6.2mm_closed_R10_single_refY,GP_Ip_6.2mm_closed_R10_single_refY_005,5,2,455,raw/GP_Ip_6.2mm_closed_R10_single_refY_005.mp4,GP_Ip_6.2mm_closed_R10_single_refY_005-raw05-04-nbr+2,dg3_neighbors/images/GP_Ip_6.2mm_closed_R10_single_refY_005-raw05-04-nbr+2.jpg,False
GP_Ip_6.2mm_closed_R10_single_refY_005-raw05-04,GP_Ip_6.2mm_closed_R10_single_refY,GP_Ip_6.2mm_closed_R10_single_refY_005,5,3,456,raw/GP_Ip_6.2mm_closed_R10_single_refY_005.mp4,GP_Ip_6.2mm_closed_R10_single_refY_005-raw05-04-nbr+3,dg3_neighbors/images/GP_Ip_6.2mm_closed_R10_single_refY_005-raw05-04-nbr+3.jpg,False
GP_Ip_6.2mm_closed_R5_single_refY_004-raw01-10,GP_Ip_6.2mm_closed_R5_single_refY,GP_Ip_6.2mm_closed_R5_single_refY_004,1,-3,134,raw/GP_Ip_6.2mm_closed_R5_single_refY_004.mp4,GP_Ip_6.2mm_closed_R5_single_refY_004-raw01-10-nbr-3,dg3_neighbors/images/GP_Ip_6.2mm_closed_R5_single_refY_004-raw01-10-nbr-3.jpg,False
GP_Ip_6.2mm_closed_R5_single_refY_004-raw01-10,GP_Ip_6.2mm_closed_R5_single_refY,GP_Ip_6.2mm_closed_R5_single_refY_004,1,-2,135,raw/GP_Ip_6.2mm_closed_R5_single_refY_004.mp4,GP_Ip_6.2mm_closed_R5_single_refY_004-raw01-10-nbr-2,dg3_neighbors/images/GP_Ip_6.2mm_closed_R5_single_refY_004-raw01-10-nbr-2.jpg,False
GP_Ip_6.2mm_closed_R5_single_refY_004-raw01-10,GP_Ip_6.2mm_closed_R5_single_refY,GP_Ip_6.2mm_closed_R5_single_refY_004,1,-1,136,raw/GP_Ip_6.2mm_closed_R5_single_refY_004.mp4,GP_Ip_6.2mm_closed_R5_single_refY_004-raw01-10-nbr-1,dg3_neighbors/images/GP_Ip_6.2mm_closed_R5_single_refY_004-raw01-10-nbr-1.jpg,False
GP_Ip_6.2mm_closed_R5_single_refY_004-raw01-10,GP_Ip_6.2mm_closed_R5_single_refY,GP_Ip_6.2mm_closed_R5_single_refY_004,1,0,137,raw/GP_Ip_6.2mm_closed_R5_single_refY_004.mp4,GP_Ip_6.2mm_closed_R5_single_refY_004-raw01-10-nbr+0,dg3_neighbors/images/GP_Ip_6.2mm_closed_R5_single_refY_004-raw01-10-nbr+0.jpg,True
GP_Ip_6.2mm_closed_R5_single_refY_004-raw01-10,GP_Ip_6.2mm_closed_R5_single_refY,GP_Ip_6.2mm_closed_R5_single_refY_004,1,1,138,raw/GP_Ip_6.2mm_closed_R5_single_refY_004.mp4,GP_Ip_6.2mm_closed_R5_single_refY_004-raw01-10-nbr+1,dg3_neighbors/images/GP_Ip_6.2mm_closed_R5_single_refY_004-raw01-10-nbr+1.jpg,False
GP_Ip_6.2mm_closed_R5_single_refY_004-raw01-10,GP_Ip_6.2mm_closed_R5_single_refY,GP_Ip_6.2mm_closed_R5_single_refY_004,1,2,139,raw/GP_Ip_6.2mm_closed_R5_single_refY_004.mp4,GP_Ip_6.2mm_closed_R5_single_refY_004-raw01-10-nbr+2,dg3_neighbors/images/GP_Ip_6.2mm_closed_R5_single_refY_004-raw01-10-nbr+2.jpg,False
GP_Ip_6.2mm_closed_R5_single_refY_004-raw01-10,GP_Ip_6.2mm_closed_R5_single_refY,GP_Ip_6.2mm_closed_R5_single_refY_004,1,3,140,raw/GP_Ip_6.2mm_closed_R5_single_refY_004.mp4,GP_Ip_6.2mm_closed_R5_single_refY_004-raw01-10-nbr+3,dg3_neighbors/images/GP_Ip_6.2mm_closed_R5_single_refY_004-raw01-10-nbr+3.jpg,False
GP_Ip_6.2mm_closed_R5_single_refY_004-raw02-14,GP_Ip_6.2mm_closed_R5_single_refY,GP_Ip_6.2mm_closed_R5_single_refY_004,2,-3,380,raw/GP_Ip_6.2mm_closed_R5_single_refY_004.mp4,GP_Ip_6.2mm_closed_R5_single_refY_004-raw02-14-nbr-3,dg3_neighbors/images/GP_Ip_6.2mm_closed_R5_single_refY_004-raw02-14-nbr-3.jpg,False
GP_Ip_6.2mm_closed_R5_single_refY_004-raw02-14,GP_Ip_6.2mm_closed_R5_single_refY,GP_Ip_6.2mm_closed_R5_single_refY_004,2,-2,381,raw/GP_Ip_6.2mm_closed_R5_single_refY_004.mp4,GP_Ip_6.2mm_closed_R5_single_refY_004-raw02-14-nbr-2,dg3_neighbors/images/GP_Ip_6.2mm_closed_R5_single_refY_004-raw02-14-nbr-2.jpg,False
GP_Ip_6.2mm_closed_R5_single_refY_004-raw02-14,GP_Ip_6.2mm_closed_R5_single_refY,GP_Ip_6.2mm_closed_R5_single_refY_004,2,-1,382,raw/GP_Ip_6.2mm_closed_R5_single_refY_004.mp4,GP_Ip_6.2mm_closed_R5_single_refY_004-raw02-14-nbr-1,dg3_neighbors/images/GP_Ip_6.2mm_closed_R5_single_refY_004-raw02-14-nbr-1.jpg,False
GP_Ip_6.2mm_closed_R5_single_refY_004-raw02-14,GP_Ip_6.2mm_closed_R5_single_refY,GP_Ip_6.2mm_closed_R5_single_refY_004,2,0,383,raw/GP_Ip_6.2mm_closed_R5_single_refY_004.mp4,GP_Ip_6.2mm_closed_R5_single_refY_004-raw02-14-nbr+0,dg3_neighbors/images/GP_Ip_6.2mm_closed_R5_single_refY_004-raw02-14-nbr+0.jpg,True
GP_Ip_6.2mm_closed_R5_single_refY_004-raw02-14,GP_Ip_6.2mm_closed_R5_single_refY,GP_Ip_6.2mm_closed_R5_single_refY_004,2,1,384,raw/GP_Ip_6.2mm_closed_R5_single_refY_004.mp4,GP_Ip_6.2mm_closed_R5_single_refY_004-raw02-14-nbr+1,dg3_neighbors/images/GP_Ip_6.2mm_closed_R5_single_refY_004-raw02-14-nbr+1.jpg,False
GP_Ip_6.2mm_closed_R5_single_refY_004-raw02-14,GP_Ip_6.2mm_closed_R5_single_refY,GP_Ip_6.2mm_closed_R5_single_refY_004,2,2,385,raw/GP_Ip_6.2mm_closed_R5_single_refY_004.mp4,GP_Ip_6.2mm_closed_R5_single_refY_004-raw02-14-nbr+2,dg3_neighbors/images/GP_Ip_6.2mm_closed_R5_single_refY_004-raw02-14-nbr+2.jpg,False
GP_Ip_6.2mm_closed_R5_single_refY_004-raw02-14,GP_Ip_6.2mm_closed_R5_single_refY,GP_Ip_6.2mm_closed_R5_single_refY_004,2,3,386,raw/GP_Ip_6.2mm_closed_R5_single_refY_004.mp4,GP_Ip_6.2mm_closed_R5_single_refY_004-raw02-14-nbr+3,dg3_neighbors/images/GP_Ip_6.2mm_closed_R5_single_refY_004-raw02-14-nbr+3.jpg,False
GP_Ip_6.2mm_closed_R5_single_refY_004-raw03-11,GP_Ip_6.2mm_closed_R5_single_refY,GP_Ip_6.2mm_closed_R5_single_refY_004,3,-3,565,raw/GP_Ip_6.2mm_closed_R5_single_refY_004.mp4,GP_Ip_6.2mm_closed_R5_single_refY_004-raw03-11-nbr-3,dg3_neighbors/images/GP_Ip_6.2mm_closed_R5_single_refY_004-raw03-11-nbr-3.jpg,False
GP_Ip_6.2mm_closed_R5_single_refY_004-raw03-11,GP_Ip_6.2mm_closed_R5_single_refY,GP_Ip_6.2mm_closed_R5_single_refY_004,3,-2,566,raw/GP_Ip_6.2mm_closed_R5_single_refY_004.mp4,GP_Ip_6.2mm_closed_R5_single_refY_004-raw03-11-nbr-2,dg3_neighbors/images/GP_Ip_6.2mm_closed_R5_single_refY_004-raw03-11-nbr-2.jpg,False
GP_Ip_6.2mm_closed_R5_single_refY_004-raw03-11,GP_Ip_6.2mm_closed_R5_single_refY,GP_Ip_6.2mm_closed_R5_single_refY_004,3,-1,567,raw/GP_Ip_6.2mm_closed_R5_single_refY_004.mp4,GP_Ip_6.2mm_closed_R5_single_refY_004-raw03-11-nbr-1,dg3_neighbors/images/GP_Ip_6.2mm_closed_R5_single_refY_004-raw03-11-nbr-1.jpg,False
GP_Ip_6.2mm_closed_R5_single_refY_004-raw03-11,GP_Ip_6.2mm_closed_R5_single_refY,GP_Ip_6.2mm_closed_R5_single_refY_004,3,0,568,raw/GP_Ip_6.2mm_closed_R5_single_refY_004.mp4,GP_Ip_6.2mm_closed_R5_single_refY_004-raw03-11-nbr+0,dg3_neighbors/images/GP_Ip_6.2mm_closed_R5_single_refY_004-raw03-11-nbr+0.jpg,True
GP_Ip_6.2mm_closed_R5_single_refY_004-raw03-11,GP_Ip_6.2mm_closed_R5_single_refY,GP_Ip_6.2mm_closed_R5_single_refY_004,3,1,569,raw/GP_Ip_6.2mm_closed_R5_single_refY_004.mp4,GP_Ip_6.2mm_closed_R5_single_refY_004-raw03-11-nbr+1,dg3_neighbors/images/GP_Ip_6.2mm_closed_R5_single_refY_004-raw03-11-nbr+1.jpg,False
GP_Ip_6.2mm_closed_R5_single_refY_004-raw03-11,GP_Ip_6.2mm_closed_R5_single_refY,GP_Ip_6.2mm_closed_R5_single_refY_004,3,2,570,raw/GP_Ip_6.2mm_closed_R5_single_refY_004.mp4,GP_Ip_6.2mm_closed_R5_single_refY_004-raw03-11-nbr+2,dg3_neighbors/images/GP_Ip_6.2mm_closed_R5_single_refY_004-raw03-11-nbr+2.jpg,False
GP_Ip_6.2mm_closed_R5_single_refY_004-raw03-11,GP_Ip_6.2mm_closed_R5_single_refY,GP_Ip_6.2mm_closed_R5_single_refY_004,3,3,571,raw/GP_Ip_6.2mm_closed_R5_single_refY_004.mp4,GP_Ip_6.2mm_closed_R5_single_refY_004-raw03-11-nbr+3,dg3_neighbors/images/GP_Ip_6.2mm_closed_R5_single_refY_004-raw03-11-nbr+3.jpg,False
GP_Ip_6.2mm_closed_R5_single_refY_004-raw04-14,GP_Ip_6.2mm_closed_R5_single_refY,GP_Ip_6.2mm_closed_R5_single_refY_004,4,-3,802,raw/GP_Ip_6.2mm_closed_R5_single_refY_004.mp4,GP_Ip_6.2mm_closed_R5_single_refY_004-raw04-14-nbr-3,dg3_neighbors/images/GP_Ip_6.2mm_closed_R5_single_refY_004-raw04-14-nbr-3.jpg,False
GP_Ip_6.2mm_closed_R5_single_refY_004-raw04-14,GP_Ip_6.2mm_closed_R5_single_refY,GP_Ip_6.2mm_closed_R5_single_refY_004,4,-2,803,raw/GP_Ip_6.2mm_closed_R5_single_refY_004.mp4,GP_Ip_6.2mm_closed_R5_single_refY_004-raw04-14-nbr-2,dg3_neighbors/images/GP_Ip_6.2mm_closed_R5_single_refY_004-raw04-14-nbr-2.jpg,False
GP_Ip_6.2mm_closed_R5_single_refY_004-raw04-14,GP_Ip_6.2mm_closed_R5_single_refY,GP_Ip_6.2mm_closed_R5_single_refY_004,4,-1,804,raw/GP_Ip_6.2mm_closed_R5_single_refY_004.mp4,GP_Ip_6.2mm_closed_R5_single_refY_004-raw04-14-nbr-1,dg3_neighbors/images/GP_Ip_6.2mm_closed_R5_single_refY_004-raw04-14-nbr-1.jpg,False
GP_Ip_6.2mm_closed_R5_single_refY_004-raw04-14,GP_Ip_6.2mm_closed_R5_single_refY,GP_Ip_6.2mm_closed_R5_single_refY_004,4,0,805,raw/GP_Ip_6.2mm_closed_R5_single_refY_004.mp4,GP_Ip_6.2mm_closed_R5_single_refY_004-raw04-14-nbr+0,dg3_neighbors/images/GP_Ip_6.2mm_closed_R5_single_refY_004-raw04-14-nbr+0.jpg,True
GP_Ip_6.2mm_closed_R5_single_refY_004-raw04-14,GP_Ip_6.2mm_closed_R5_single_refY,GP_Ip_6.2mm_closed_R5_single_refY_004,4,1,806,raw/GP_Ip_6.2mm_closed_R5_single_refY_004.mp4,GP_Ip_6.2mm_closed_R5_single_refY_004-raw04-14-nbr+1,dg3_neighbors/images/GP_Ip_6.2mm_closed_R5_single_refY_004-raw04-14-nbr+1.jpg,False
GP_Ip_6.2mm_closed_R5_single_refY_004-raw04-14,GP_Ip_6.2mm_closed_R5_single_refY,GP_Ip_6.2mm_closed_R5_single_refY_004,4,2,807,raw/GP_Ip_6.2mm_closed_R5_single_refY_004.mp4,GP_Ip_6.2mm_closed_R5_single_refY_004-raw04-14-nbr+2,dg3_neighbors/images/GP_Ip_6.2mm_closed_R5_single_refY_004-raw04-14-nbr+2.jpg,False
GP_Ip_6.2mm_closed_R5_single_refY_004-raw04-14,GP_Ip_6.2mm_closed_R5_single_refY,GP_Ip_6.2mm_closed_R5_single_refY_004,4,3,808,raw/GP_Ip_6.2mm_closed_R5_single_refY_004.mp4,GP_Ip_6.2mm_closed_R5_single_refY_004-raw04-14-nbr+3,dg3_neighbors/images/GP_Ip_6.2mm_closed_R5_single_refY_004-raw04-14-nbr+3.jpg,False
GP_Ip_6.2mm_closed_R5_single_refY_004-raw05-15,GP_Ip_6.2mm_closed_R5_single_refY,GP_Ip_6.2mm_closed_R5_single_refY_004,5,-3,1024,raw/GP_Ip_6.2mm_closed_R5_single_refY_004.mp4,GP_Ip_6.2mm_closed_R5_single_refY_004-raw05-15-nbr-3,dg3_neighbors/images/GP_Ip_6.2mm_closed_R5_single_refY_004-raw05-15-nbr-3.jpg,False
GP_Ip_6.2mm_closed_R5_single_refY_004-raw05-15,GP_Ip_6.2mm_closed_R5_single_refY,GP_Ip_6.2mm_closed_R5_single_refY_004,5,-2,1025,raw/GP_Ip_6.2mm_closed_R5_single_refY_004.mp4,GP_Ip_6.2mm_closed_R5_single_refY_004-raw05-15-nbr-2,dg3_neighbors/images/GP_Ip_6.2mm_closed_R5_single_refY_004-raw05-15-nbr-2.jpg,False
GP_Ip_6.2mm_closed_R5_single_refY_004-raw05-15,GP_Ip_6.2mm_closed_R5_single_refY,GP_Ip_6.2mm_closed_R5_single_refY_004,5,-1,1026,raw/GP_Ip_6.2mm_closed_R5_single_refY_004.mp4,GP_Ip_6.2mm_closed_R5_single_refY_004-raw05-15-nbr-1,dg3_neighbors/images/GP_Ip_6.2mm_closed_R5_single_refY_004-raw05-15-nbr-1.jpg,False
GP_Ip_6.2mm_closed_R5_single_refY_004-raw05-15,GP_Ip_6.2mm_closed_R5_single_refY,GP_Ip_6.2mm_closed_R5_single_refY_004,5,0,1027,raw/GP_Ip_6.2mm_closed_R5_single_refY_004.mp4,GP_Ip_6.2mm_closed_R5_single_refY_004-raw05-15-nbr+0,dg3_neighbors/images/GP_Ip_6.2mm_closed_R5_single_refY_004-raw05-15-nbr+0.jpg,True
GP_Ip_6.2mm_closed_R5_single_refY_004-raw05-15,GP_Ip_6.2mm_closed_R5_single_refY,GP_Ip_6.2mm_closed_R5_single_refY_004,5,1,1028,raw/GP_Ip_6.2mm_closed_R5_single_refY_004.mp4,GP_Ip_6.2mm_closed_R5_single_refY_004-raw05-15-nbr+1,dg3_neighbors/images/GP_Ip_6.2mm_closed_R5_single_refY_004-raw05-15-nbr+1.jpg,False
GP_Ip_6.2mm_closed_R5_single_refY_004-raw05-15,GP_Ip_6.2mm_closed_R5_single_refY,GP_Ip_6.2mm_closed_R5_single_refY_004,5,2,1029,raw/GP_Ip_6.2mm_closed_R5_single_refY_004.mp4,GP_Ip_6.2mm_closed_R5_single_refY_004-raw05-15-nbr+2,dg3_neighbors/images/GP_Ip_6.2mm_closed_R5_single_refY_004-raw05-15-nbr+2.jpg,False
GP_Ip_6.2mm_closed_R5_single_refY_004-raw05-15,GP_Ip_6.2mm_closed_R5_single_refY,GP_Ip_6.2mm_closed_R5_single_refY_004,5,3,1030,raw/GP_Ip_6.2mm_closed_R5_single_refY_004.mp4,GP_Ip_6.2mm_closed_R5_single_refY_004-raw05-15-nbr+3,dg3_neighbors/images/GP_Ip_6.2mm_closed_R5_single_refY_004-raw05-15-nbr+3.jpg,False
GP_Ip_6.2mm_closed_R5_single_refY_005-raw01-12,GP_Ip_6.2mm_closed_R5_single_refY,GP_Ip_6.2mm_closed_R5_single_refY_005,1,-3,122,raw/GP_Ip_6.2mm_closed_R5_single_refY_005.mp4,GP_Ip_6.2mm_closed_R5_single_refY_005-raw01-12-nbr-3,dg3_neighbors/images/GP_Ip_6.2mm_closed_R5_single_refY_005-raw01-12-nbr-3.jpg,False
GP_Ip_6.2mm_closed_R5_single_refY_005-raw01-12,GP_Ip_6.2mm_closed_R5_single_refY,GP_Ip_6.2mm_closed_R5_single_refY_005,1,-2,123,raw/GP_Ip_6.2mm_closed_R5_single_refY_005.mp4,GP_Ip_6.2mm_closed_R5_single_refY_005-raw01-12-nbr-2,dg3_neighbors/images/GP_Ip_6.2mm_closed_R5_single_refY_005-raw01-12-nbr-2.jpg,False
GP_Ip_6.2mm_closed_R5_single_refY_005-raw01-12,GP_Ip_6.2mm_closed_R5_single_refY,GP_Ip_6.2mm_closed_R5_single_refY_005,1,-1,124,raw/GP_Ip_6.2mm_closed_R5_single_refY_005.mp4,GP_Ip_6.2mm_closed_R5_single_refY_005-raw01-12-nbr-1,dg3_neighbors/images/GP_Ip_6.2mm_closed_R5_single_refY_005-raw01-12-nbr-1.jpg,False
GP_Ip_6.2mm_closed_R5_single_refY_005-raw01-12,GP_Ip_6.2mm_closed_R5_single_refY,GP_Ip_6.2mm_closed_R5_single_refY_005,1,0,125,raw/GP_Ip_6.2mm_closed_R5_single_refY_005.mp4,GP_Ip_6.2mm_closed_R5_single_refY_005-raw01-12-nbr+0,dg3_neighbors/images/GP_Ip_6.2mm_closed_R5_single_refY_005-raw01-12-nbr+0.jpg,True
GP_Ip_6.2mm_closed_R5_single_refY_005-raw01-12,GP_Ip_6.2mm_closed_R5_single_refY,GP_Ip_6.2mm_closed_R5_single_refY_005,1,1,126,raw/GP_Ip_6.2mm_closed_R5_single_refY_005.mp4,GP_Ip_6.2mm_closed_R5_single_refY_005-raw01-12-nbr+1,dg3_neighbors/images/GP_Ip_6.2mm_closed_R5_single_refY_005-raw01-12-nbr+1.jpg,False
GP_Ip_6.2mm_closed_R5_single_refY_005-raw01-12,GP_Ip_6.2mm_closed_R5_single_refY,GP_Ip_6.2mm_closed_R5_single_refY_005,1,2,127,raw/GP_Ip_6.2mm_closed_R5_single_refY_005.mp4,GP_Ip_6.2mm_closed_R5_single_refY_005-raw01-12-nbr+2,dg3_neighbors/images/GP_Ip_6.2mm_closed_R5_single_refY_005-raw01-12-nbr+2.jpg,False
GP_Ip_6.2mm_closed_R5_single_refY_005-raw01-12,GP_Ip_6.2mm_closed_R5_single_refY,GP_Ip_6.2mm_closed_R5_single_refY_005,1,3,128,raw/GP_Ip_6.2mm_closed_R5_single_refY_005.mp4,GP_Ip_6.2mm_closed_R5_single_refY_005-raw01-12-nbr+3,dg3_neighbors/images/GP_Ip_6.2mm_closed_R5_single_refY_005-raw01-12-nbr+3.jpg,False
GP_Ip_6.2mm_closed_R5_single_refY_005-raw02-13,GP_Ip_6.2mm_closed_R5_single_refY,GP_Ip_6.2mm_closed_R5_single_refY_005,2,-3,301,raw/GP_Ip_6.2mm_closed_R5_single_refY_005.mp4,GP_Ip_6.2mm_closed_R5_single_refY_005-raw02-13-nbr-3,dg3_neighbors/images/GP_Ip_6.2mm_closed_R5_single_refY_005-raw02-13-nbr-3.jpg,False
GP_Ip_6.2mm_closed_R5_single_refY_005-raw02-13,GP_Ip_6.2mm_closed_R5_single_refY,GP_Ip_6.2mm_closed_R5_single_refY_005,2,-2,302,raw/GP_Ip_6.2mm_closed_R5_single_refY_005.mp4,GP_Ip_6.2mm_closed_R5_single_refY_005-raw02-13-nbr-2,dg3_neighbors/images/GP_Ip_6.2mm_closed_R5_single_refY_005-raw02-13-nbr-2.jpg,False
GP_Ip_6.2mm_closed_R5_single_refY_005-raw02-13,GP_Ip_6.2mm_closed_R5_single_refY,GP_Ip_6.2mm_closed_R5_single_refY_005,2,-1,303,raw/GP_Ip_6.2mm_closed_R5_single_refY_005.mp4,GP_Ip_6.2mm_closed_R5_single_refY_005-raw02-13-nbr-1,dg3_neighbors/images/GP_Ip_6.2mm_closed_R5_single_refY_005-raw02-13-nbr-1.jpg,False
GP_Ip_6.2mm_closed_R5_single_refY_005-raw02-13,GP_Ip_6.2mm_closed_R5_single_refY,GP_Ip_6.2mm_closed_R5_single_refY_005,2,0,304,raw/GP_Ip_6.2mm_closed_R5_single_refY_005.mp4,GP_Ip_6.2mm_closed_R5_single_refY_005-raw02-13-nbr+0,dg3_neighbors/images/GP_Ip_6.2mm_closed_R5_single_refY_005-raw02-13-nbr+0.jpg,True
GP_Ip_6.2mm_closed_R5_single_refY_005-raw02-13,GP_Ip_6.2mm_closed_R5_single_refY,GP_Ip_6.2mm_closed_R5_single_refY_005,2,1,305,raw/GP_Ip_6.2mm_closed_R5_single_refY_005.mp4,GP_Ip_6.2mm_closed_R5_single_refY_005-raw02-13-nbr+1,dg3_neighbors/images/GP_Ip_6.2mm_closed_R5_single_refY_005-raw02-13-nbr+1.jpg,False
GP_Ip_6.2mm_closed_R5_single_refY_005-raw02-13,GP_Ip_6.2mm_closed_R5_single_refY,GP_Ip_6.2mm_closed_R5_single_refY_005,2,2,306,raw/GP_Ip_6.2mm_closed_R5_single_refY_005.mp4,GP_Ip_6.2mm_closed_R5_single_refY_005-raw02-13-nbr+2,dg3_neighbors/images/GP_Ip_6.2mm_closed_R5_single_refY_005-raw02-13-nbr+2.jpg,False
GP_Ip_6.2mm_closed_R5_single_refY_005-raw02-13,GP_Ip_6.2mm_closed_R5_single_refY,GP_Ip_6.2mm_closed_R5_single_refY_005,2,3,307,raw/GP_Ip_6.2mm_closed_R5_single_refY_005.mp4,GP_Ip_6.2mm_closed_R5_single_refY_005-raw02-13-nbr+3,dg3_neighbors/images/GP_Ip_6.2mm_closed_R5_single_refY_005-raw02-13-nbr+3.jpg,False
GP_Ip_6.2mm_closed_R5_single_refY_005-raw03-12,GP_Ip_6.2mm_closed_R5_single_refY,GP_Ip_6.2mm_closed_R5_single_refY_005,3,-3,464,raw/GP_Ip_6.2mm_closed_R5_single_refY_005.mp4,GP_Ip_6.2mm_closed_R5_single_refY_005-raw03-12-nbr-3,dg3_neighbors/images/GP_Ip_6.2mm_closed_R5_single_refY_005-raw03-12-nbr-3.jpg,False
GP_Ip_6.2mm_closed_R5_single_refY_005-raw03-12,GP_Ip_6.2mm_closed_R5_single_refY,GP_Ip_6.2mm_closed_R5_single_refY_005,3,-2,465,raw/GP_Ip_6.2mm_closed_R5_single_refY_005.mp4,GP_Ip_6.2mm_closed_R5_single_refY_005-raw03-12-nbr-2,dg3_neighbors/images/GP_Ip_6.2mm_closed_R5_single_refY_005-raw03-12-nbr-2.jpg,False
GP_Ip_6.2mm_closed_R5_single_refY_005-raw03-12,GP_Ip_6.2mm_closed_R5_single_refY,GP_Ip_6.2mm_closed_R5_single_refY_005,3,-1,466,raw/GP_Ip_6.2mm_closed_R5_single_refY_005.mp4,GP_Ip_6.2mm_closed_R5_single_refY_005-raw03-12-nbr-1,dg3_neighbors/images/GP_Ip_6.2mm_closed_R5_single_refY_005-raw03-12-nbr-1.jpg,False
GP_Ip_6.2mm_closed_R5_single_refY_005-raw03-12,GP_Ip_6.2mm_closed_R5_single_refY,GP_Ip_6.2mm_closed_R5_single_refY_005,3,0,467,raw/GP_Ip_6.2mm_closed_R5_single_refY_005.mp4,GP_Ip_6.2mm_closed_R5_single_refY_005-raw03-12-nbr+0,dg3_neighbors/images/GP_Ip_6.2mm_closed_R5_single_refY_005-raw03-12-nbr+0.jpg,True
GP_Ip_6.2mm_closed_R5_single_refY_005-raw03-12,GP_Ip_6.2mm_closed_R5_single_refY,GP_Ip_6.2mm_closed_R5_single_refY_005,3,1,468,raw/GP_Ip_6.2mm_closed_R5_single_refY_005.mp4,GP_Ip_6.2mm_closed_R5_single_refY_005-raw03-12-nbr+1,dg3_neighbors/images/GP_Ip_6.2mm_closed_R5_single_refY_005-raw03-12-nbr+1.jpg,False
GP_Ip_6.2mm_closed_R5_single_refY_005-raw03-12,GP_Ip_6.2mm_closed_R5_single_refY,GP_Ip_6.2mm_closed_R5_single_refY_005,3,2,469,raw/GP_Ip_6.2mm_closed_R5_single_refY_005.mp4,GP_Ip_6.2mm_closed_R5_single_refY_005-raw03-12-nbr+2,dg3_neighbors/images/GP_Ip_6.2mm_closed_R5_single_refY_005-raw03-12-nbr+2.jpg,False
GP_Ip_6.2mm_closed_R5_single_refY_005-raw03-12,GP_Ip_6.2mm_closed_R5_single_refY,GP_Ip_6.2mm_closed_R5_single_refY_005,3,3,470,raw/GP_Ip_6.2mm_closed_R5_single_refY_005.mp4,GP_Ip_6.2mm_closed_R5_single_refY_005-raw03-12-nbr+3,dg3_neighbors/images/GP_Ip_6.2mm_closed_R5_single_refY_005-raw03-12-nbr+3.jpg,False
GP_Ip_6.2mm_closed_R5_single_refY_005-raw04-22,GP_Ip_6.2mm_closed_R5_single_refY,GP_Ip_6.2mm_closed_R5_single_refY_005,4,-3,707,raw/GP_Ip_6.2mm_closed_R5_single_refY_005.mp4,GP_Ip_6.2mm_closed_R5_single_refY_005-raw04-22-nbr-3,dg3_neighbors/images/GP_Ip_6.2mm_closed_R5_single_refY_005-raw04-22-nbr-3.jpg,False
GP_Ip_6.2mm_closed_R5_single_refY_005-raw04-22,GP_Ip_6.2mm_closed_R5_single_refY,GP_Ip_6.2mm_closed_R5_single_refY_005,4,-2,708,raw/GP_Ip_6.2mm_closed_R5_single_refY_005.mp4,GP_Ip_6.2mm_closed_R5_single_refY_005-raw04-22-nbr-2,dg3_neighbors/images/GP_Ip_6.2mm_closed_R5_single_refY_005-raw04-22-nbr-2.jpg,False
GP_Ip_6.2mm_closed_R5_single_refY_005-raw04-22,GP_Ip_6.2mm_closed_R5_single_refY,GP_Ip_6.2mm_closed_R5_single_refY_005,4,-1,709,raw/GP_Ip_6.2mm_closed_R5_single_refY_005.mp4,GP_Ip_6.2mm_closed_R5_single_refY_005-raw04-22-nbr-1,dg3_neighbors/images/GP_Ip_6.2mm_closed_R5_single_refY_005-raw04-22-nbr-1.jpg,False
GP_Ip_6.2mm_closed_R5_single_refY_005-raw04-22,GP_Ip_6.2mm_closed_R5_single_refY,GP_Ip_6.2mm_closed_R5_single_refY_005,4,0,710,raw/GP_Ip_6.2mm_closed_R5_single_refY_005.mp4,GP_Ip_6.2mm_closed_R5_single_refY_005-raw04-22-nbr+0,dg3_neighbors/images/GP_Ip_6.2mm_closed_R5_single_refY_005-raw04-22-nbr+0.jpg,True
GP_Ip_6.2mm_closed_R5_single_refY_005-raw04-22,GP_Ip_6.2mm_closed_R5_single_refY,GP_Ip_6.2mm_closed_R5_single_refY_005,4,1,711,raw/GP_Ip_6.2mm_closed_R5_single_refY_005.mp4,GP_Ip_6.2mm_closed_R5_single_refY_005-raw04-22-nbr+1,dg3_neighbors/images/GP_Ip_6.2mm_closed_R5_single_refY_005-raw04-22-nbr+1.jpg,False
GP_Ip_6.2mm_closed_R5_single_refY_005-raw04-22,GP_Ip_6.2mm_closed_R5_single_refY,GP_Ip_6.2mm_closed_R5_single_refY_005,4,2,712,raw/GP_Ip_6.2mm_closed_R5_single_refY_005.mp4,GP_Ip_6.2mm_closed_R5_single_refY_005-raw04-22-nbr+2,dg3_neighbors/images/GP_Ip_6.2mm_closed_R5_single_refY_005-raw04-22-nbr+2.jpg,False
GP_Ip_6.2mm_closed_R5_single_refY_005-raw04-22,GP_Ip_6.2mm_closed_R5_single_refY,GP_Ip_6.2mm_closed_R5_single_refY_005,4,3,713,raw/GP_Ip_6.2mm_closed_R5_single_refY_005.mp4,GP_Ip_6.2mm_closed_R5_single_refY_005-raw04-22-nbr+3,dg3_neighbors/images/GP_Ip_6.2mm_closed_R5_single_refY_005-raw04-22-nbr+3.jpg,False
GP_Ip_6.2mm_closed_R5_single_refY_005-raw05-01,GP_Ip_6.2mm_closed_R5_single_refY,GP_Ip_6.2mm_closed_R5_single_refY_005,5,-3,728,raw/GP_Ip_6.2mm_closed_R5_single_refY_005.mp4,GP_Ip_6.2mm_closed_R5_single_refY_005-raw05-01-nbr-3,dg3_neighbors/images/GP_Ip_6.2mm_closed_R5_single_refY_005-raw05-01-nbr-3.jpg,False
GP_Ip_6.2mm_closed_R5_single_refY_005-raw05-01,GP_Ip_6.2mm_closed_R5_single_refY,GP_Ip_6.2mm_closed_R5_single_refY_005,5,-2,729,raw/GP_Ip_6.2mm_closed_R5_single_refY_005.mp4,GP_Ip_6.2mm_closed_R5_single_refY_005-raw05-01-nbr-2,dg3_neighbors/images/GP_Ip_6.2mm_closed_R5_single_refY_005-raw05-01-nbr-2.jpg,False
GP_Ip_6.2mm_closed_R5_single_refY_005-raw05-01,GP_Ip_6.2mm_closed_R5_single_refY,GP_Ip_6.2mm_closed_R5_single_refY_005,5,-1,730,raw/GP_Ip_6.2mm_closed_R5_single_refY_005.mp4,GP_Ip_6.2mm_closed_R5_single_refY_005-raw05-01-nbr-1,dg3_neighbors/images/GP_Ip_6.2mm_closed_R5_single_refY_005-raw05-01-nbr-1.jpg,False
GP_Ip_6.2mm_closed_R5_single_refY_005-raw05-01,GP_Ip_6.2mm_closed_R5_single_refY,GP_Ip_6.2mm_closed_R5_single_refY_005,5,0,731,raw/GP_Ip_6.2mm_closed_R5_single_refY_005.mp4,GP_Ip_6.2mm_closed_R5_single_refY_005-raw05-01-nbr+0,dg3_neighbors/images/GP_Ip_6.2mm_closed_R5_single_refY_005-raw05-01-nbr+0.jpg,True
GP_Ip_6.2mm_closed_R5_single_refY_005-raw05-01,GP_Ip_6.2mm_closed_R5_single_refY,GP_Ip_6.2mm_closed_R5_single_refY_005,5,1,732,raw/GP_Ip_6.2mm_closed_R5_single_refY_005.mp4,GP_Ip_6.2mm_closed_R5_single_refY_005-raw05-01-nbr+1,dg3_neighbors/images/GP_Ip_6.2mm_closed_R5_single_refY_005-raw05-01-nbr+1.jpg,False
GP_Ip_6.2mm_closed_R5_single_refY_005-raw05-01,GP_Ip_6.2mm_closed_R5_single_refY,GP_Ip_6.2mm_closed_R5_single_refY_005,5,2,733,raw/GP_Ip_6.2mm_closed_R5_single_refY_005.mp4,GP_Ip_6.2mm_closed_R5_single_refY_005-raw05-01-nbr+2,dg3_neighbors/images/GP_Ip_6.2mm_closed_R5_single_refY_005-raw05-01-nbr+2.jpg,False
GP_Ip_6.2mm_closed_R5_single_refY_005-raw05-01,GP_Ip_6.2mm_closed_R5_single_refY,GP_Ip_6.2mm_closed_R5_single_refY_005,5,3,734,raw/GP_Ip_6.2mm_closed_R5_single_refY_005.mp4,GP_Ip_6.2mm_closed_R5_single_refY_005-raw05-01-nbr+3,dg3_neighbors/images/GP_Ip_6.2mm_closed_R5_single_refY_005-raw05-01-nbr+3.jpg,False
GP_Ip_8.8mm_closed_R5_single_refY_004-raw01-24,GP_Ip_8.8mm_closed_R5_single_refY,GP_Ip_8.8mm_closed_R5_single_refY_004,1,-3,202,raw/GP_Ip_8.8mm_closed_R5_single_refY_004.mp4,GP_Ip_8.8mm_closed_R5_single_refY_004-raw01-24-nbr-3,dg3_neighbors/images/GP_Ip_8.8mm_closed_R5_single_refY_004-raw01-24-nbr-3.jpg,False
GP_Ip_8.8mm_closed_R5_single_refY_004-raw01-24,GP_Ip_8.8mm_closed_R5_single_refY,GP_Ip_8.8mm_closed_R5_single_refY_004,1,-2,203,raw/GP_Ip_8.8mm_closed_R5_single_refY_004.mp4,GP_Ip_8.8mm_closed_R5_single_refY_004-raw01-24-nbr-2,dg3_neighbors/images/GP_Ip_8.8mm_closed_R5_single_refY_004-raw01-24-nbr-2.jpg,False
GP_Ip_8.8mm_closed_R5_single_refY_004-raw01-24,GP_Ip_8.8mm_closed_R5_single_refY,GP_Ip_8.8mm_closed_R5_single_refY_004,1,-1,204,raw/GP_Ip_8.8mm_closed_R5_single_refY_004.mp4,GP_Ip_8.8mm_closed_R5_single_refY_004-raw01-24-nbr-1,dg3_neighbors/images/GP_Ip_8.8mm_closed_R5_single_refY_004-raw01-24-nbr-1.jpg,False
GP_Ip_8.8mm_closed_R5_single_refY_004-raw01-24,GP_Ip_8.8mm_closed_R5_single_refY,GP_Ip_8.8mm_closed_R5_single_refY_004,1,0,205,raw/GP_Ip_8.8mm_closed_R5_single_refY_004.mp4,GP_Ip_8.8mm_closed_R5_single_refY_004-raw01-24-nbr+0,dg3_neighbors/images/GP_Ip_8.8mm_closed_R5_single_refY_004-raw01-24-nbr+0.jpg,True
GP_Ip_8.8mm_closed_R5_single_refY_004-raw01-24,GP_Ip_8.8mm_closed_R5_single_refY,GP_Ip_8.8mm_closed_R5_single_refY_004,1,1,206,raw/GP_Ip_8.8mm_closed_R5_single_refY_004.mp4,GP_Ip_8.8mm_closed_R5_single_refY_004-raw01-24-nbr+1,dg3_neighbors/images/GP_Ip_8.8mm_closed_R5_single_refY_004-raw01-24-nbr+1.jpg,False
GP_Ip_8.8mm_closed_R5_single_refY_004-raw01-24,GP_Ip_8.8mm_closed_R5_single_refY,GP_Ip_8.8mm_closed_R5_single_refY_004,1,2,207,raw/GP_Ip_8.8mm_closed_R5_single_refY_004.mp4,GP_Ip_8.8mm_closed_R5_single_refY_004-raw01-24-nbr+2,dg3_neighbors/images/GP_Ip_8.8mm_closed_R5_single_refY_004-raw01-24-nbr+2.jpg,False
GP_Ip_8.8mm_closed_R5_single_refY_004-raw01-24,GP_Ip_8.8mm_closed_R5_single_refY,GP_Ip_8.8mm_closed_R5_single_refY_004,1,3,208,raw/GP_Ip_8.8mm_closed_R5_single_refY_004.mp4,GP_Ip_8.8mm_closed_R5_single_refY_004-raw01-24-nbr+3,dg3_neighbors/images/GP_Ip_8.8mm_closed_R5_single_refY_004-raw01-24-nbr+3.jpg,False
GP_Ip_8.8mm_closed_R5_single_refY_004-raw02-17,GP_Ip_8.8mm_closed_R5_single_refY,GP_Ip_8.8mm_closed_R5_single_refY_004,2,-3,320,raw/GP_Ip_8.8mm_closed_R5_single_refY_004.mp4,GP_Ip_8.8mm_closed_R5_single_refY_004-raw02-17-nbr-3,dg3_neighbors/images/GP_Ip_8.8mm_closed_R5_single_refY_004-raw02-17-nbr-3.jpg,False
GP_Ip_8.8mm_closed_R5_single_refY_004-raw02-17,GP_Ip_8.8mm_closed_R5_single_refY,GP_Ip_8.8mm_closed_R5_single_refY_004,2,-2,321,raw/GP_Ip_8.8mm_closed_R5_single_refY_004.mp4,GP_Ip_8.8mm_closed_R5_single_refY_004-raw02-17-nbr-2,dg3_neighbors/images/GP_Ip_8.8mm_closed_R5_single_refY_004-raw02-17-nbr-2.jpg,False
GP_Ip_8.8mm_closed_R5_single_refY_004-raw02-17,GP_Ip_8.8mm_closed_R5_single_refY,GP_Ip_8.8mm_closed_R5_single_refY_004,2,-1,322,raw/GP_Ip_8.8mm_closed_R5_single_refY_004.mp4,GP_Ip_8.8mm_closed_R5_single_refY_004-raw02-17-nbr-1,dg3_neighbors/images/GP_Ip_8.8mm_closed_R5_single_refY_004-raw02-17-nbr-1.jpg,False
GP_Ip_8.8mm_closed_R5_single_refY_004-raw02-17,GP_Ip_8.8mm_closed_R5_single_refY,GP_Ip_8.8mm_closed_R5_single_refY_004,2,0,323,raw/GP_Ip_8.8mm_closed_R5_single_refY_004.mp4,GP_Ip_8.8mm_closed_R5_single_refY_004-raw02-17-nbr+0,dg3_neighbors/images/GP_Ip_8.8mm_closed_R5_single_refY_004-raw02-17-nbr+0.jpg,True
GP_Ip_8.8mm_closed_R5_single_refY_004-raw02-17,GP_Ip_8.8mm_closed_R5_single_refY,GP_Ip_8.8mm_closed_R5_single_refY_004,2,1,324,raw/GP_Ip_8.8mm_closed_R5_single_refY_004.mp4,GP_Ip_8.8mm_closed_R5_single_refY_004-raw02-17-nbr+1,dg3_neighbors/images/GP_Ip_8.8mm_closed_R5_single_refY_004-raw02-17-nbr+1.jpg,False
GP_Ip_8.8mm_closed_R5_single_refY_004-raw02-17,GP_Ip_8.8mm_closed_R5_single_refY,GP_Ip_8.8mm_closed_R5_single_refY_004,2,2,325,raw/GP_Ip_8.8mm_closed_R5_single_refY_004.mp4,GP_Ip_8.8mm_closed_R5_single_refY_004-raw02-17-nbr+2,dg3_neighbors/images/GP_Ip_8.8mm_closed_R5_single_refY_004-raw02-17-nbr+2.jpg,False
GP_Ip_8.8mm_closed_R5_single_refY_004-raw02-17,GP_Ip_8.8mm_closed_R5_single_refY,GP_Ip_8.8mm_closed_R5_single_refY_004,2,3,326,raw/GP_Ip_8.8mm_closed_R5_single_refY_004.mp4,GP_Ip_8.8mm_closed_R5_single_refY_004-raw02-17-nbr+3,dg3_neighbors/images/GP_Ip_8.8mm_closed_R5_single_refY_004-raw02-17-nbr+3.jpg,False
GP_Ip_8.8mm_closed_R5_single_refY_004-raw03-04,GP_Ip_8.8mm_closed_R5_single_refY,GP_Ip_8.8mm_closed_R5_single_refY_004,3,-3,396,raw/GP_Ip_8.8mm_closed_R5_single_refY_004.mp4,GP_Ip_8.8mm_closed_R5_single_refY_004-raw03-04-nbr-3,dg3_neighbors/images/GP_Ip_8.8mm_closed_R5_single_refY_004-raw03-04-nbr-3.jpg,False
GP_Ip_8.8mm_closed_R5_single_refY_004-raw03-04,GP_Ip_8.8mm_closed_R5_single_refY,GP_Ip_8.8mm_closed_R5_single_refY_004,3,-2,397,raw/GP_Ip_8.8mm_closed_R5_single_refY_004.mp4,GP_Ip_8.8mm_closed_R5_single_refY_004-raw03-04-nbr-2,dg3_neighbors/images/GP_Ip_8.8mm_closed_R5_single_refY_004-raw03-04-nbr-2.jpg,False
GP_Ip_8.8mm_closed_R5_single_refY_004-raw03-04,GP_Ip_8.8mm_closed_R5_single_refY,GP_Ip_8.8mm_closed_R5_single_refY_004,3,-1,398,raw/GP_Ip_8.8mm_closed_R5_single_refY_004.mp4,GP_Ip_8.8mm_closed_R5_single_refY_004-raw03-04-nbr-1,dg3_neighbors/images/GP_Ip_8.8mm_closed_R5_single_refY_004-raw03-04-nbr-1.jpg,False
GP_Ip_8.8mm_closed_R5_single_refY_004-raw03-04,GP_Ip_8.8mm_closed_R5_single_refY,GP_Ip_8.8mm_closed_R5_single_refY_004,3,0,399,raw/GP_Ip_8.8mm_closed_R5_single_refY_004.mp4,GP_Ip_8.8mm_closed_R5_single_refY_004-raw03-04-nbr+0,dg3_neighbors/images/GP_Ip_8.8mm_closed_R5_single_refY_004-raw03-04-nbr+0.jpg,True
GP_Ip_8.8mm_closed_R5_single_refY_004-raw03-04,GP_Ip_8.8mm_closed_R5_single_refY,GP_Ip_8.8mm_closed_R5_single_refY_004,3,1,400,raw/GP_Ip_8.8mm_closed_R5_single_refY_004.mp4,GP_Ip_8.8mm_closed_R5_single_refY_004-raw03-04-nbr+1,dg3_neighbors/images/GP_Ip_8.8mm_closed_R5_single_refY_004-raw03-04-nbr+1.jpg,False
GP_Ip_8.8mm_closed_R5_single_refY_004-raw03-04,GP_Ip_8.8mm_closed_R5_single_refY,GP_Ip_8.8mm_closed_R5_single_refY_004,3,2,401,raw/GP_Ip_8.8mm_closed_R5_single_refY_004.mp4,GP_Ip_8.8mm_closed_R5_single_refY_004-raw03-04-nbr+2,dg3_neighbors/images/GP_Ip_8.8mm_closed_R5_single_refY_004-raw03-04-nbr+2.jpg,False
GP_Ip_8.8mm_closed_R5_single_refY_004-raw03-04,GP_Ip_8.8mm_closed_R5_single_refY,GP_Ip_8.8mm_closed_R5_single_refY_004,3,3,402,raw/GP_Ip_8.8mm_closed_R5_single_refY_004.mp4,GP_Ip_8.8mm_closed_R5_single_refY_004-raw03-04-nbr+3,dg3_neighbors/images/GP_Ip_8.8mm_closed_R5_single_refY_004-raw03-04-nbr+3.jpg,False
GP_Ip_8.8mm_closed_R5_single_refY_005-raw01-13,GP_Ip_8.8mm_closed_R5_single_refY,GP_Ip_8.8mm_closed_R5_single_refY_005,1,-3,117,raw/GP_Ip_8.8mm_closed_R5_single_refY_005.mp4,GP_Ip_8.8mm_closed_R5_single_refY_005-raw01-13-nbr-3,dg3_neighbors/images/GP_Ip_8.8mm_closed_R5_single_refY_005-raw01-13-nbr-3.jpg,False
GP_Ip_8.8mm_closed_R5_single_refY_005-raw01-13,GP_Ip_8.8mm_closed_R5_single_refY,GP_Ip_8.8mm_closed_R5_single_refY_005,1,-2,118,raw/GP_Ip_8.8mm_closed_R5_single_refY_005.mp4,GP_Ip_8.8mm_closed_R5_single_refY_005-raw01-13-nbr-2,dg3_neighbors/images/GP_Ip_8.8mm_closed_R5_single_refY_005-raw01-13-nbr-2.jpg,False
GP_Ip_8.8mm_closed_R5_single_refY_005-raw01-13,GP_Ip_8.8mm_closed_R5_single_refY,GP_Ip_8.8mm_closed_R5_single_refY_005,1,-1,119,raw/GP_Ip_8.8mm_closed_R5_single_refY_005.mp4,GP_Ip_8.8mm_closed_R5_single_refY_005-raw01-13-nbr-1,dg3_neighbors/images/GP_Ip_8.8mm_closed_R5_single_refY_005-raw01-13-nbr-1.jpg,False
GP_Ip_8.8mm_closed_R5_single_refY_005-raw01-13,GP_Ip_8.8mm_closed_R5_single_refY,GP_Ip_8.8mm_closed_R5_single_refY_005,1,0,120,raw/GP_Ip_8.8mm_closed_R5_single_refY_005.mp4,GP_Ip_8.8mm_closed_R5_single_refY_005-raw01-13-nbr+0,dg3_neighbors/images/GP_Ip_8.8mm_closed_R5_single_refY_005-raw01-13-nbr+0.jpg,True
GP_Ip_8.8mm_closed_R5_single_refY_005-raw01-13,GP_Ip_8.8mm_closed_R5_single_refY,GP_Ip_8.8mm_closed_R5_single_refY_005,1,1,121,raw/GP_Ip_8.8mm_closed_R5_single_refY_005.mp4,GP_Ip_8.8mm_closed_R5_single_refY_005-raw01-13-nbr+1,dg3_neighbors/images/GP_Ip_8.8mm_closed_R5_single_refY_005-raw01-13-nbr+1.jpg,False
GP_Ip_8.8mm_closed_R5_single_refY_005-raw01-13,GP_Ip_8.8mm_closed_R5_single_refY,GP_Ip_8.8mm_closed_R5_single_refY_005,1,2,122,raw/GP_Ip_8.8mm_closed_R5_single_refY_005.mp4,GP_Ip_8.8mm_closed_R5_single_refY_005-raw01-13-nbr+2,dg3_neighbors/images/GP_Ip_8.8mm_closed_R5_single_refY_005-raw01-13-nbr+2.jpg,False
GP_Ip_8.8mm_closed_R5_single_refY_005-raw01-13,GP_Ip_8.8mm_closed_R5_single_refY,GP_Ip_8.8mm_closed_R5_single_refY_005,1,3,123,raw/GP_Ip_8.8mm_closed_R5_single_refY_005.mp4,GP_Ip_8.8mm_closed_R5_single_refY_005-raw01-13-nbr+3,dg3_neighbors/images/GP_Ip_8.8mm_closed_R5_single_refY_005-raw01-13-nbr+3.jpg,False
GP_Ip_8.8mm_closed_R5_single_refY_005-raw02-23,GP_Ip_8.8mm_closed_R5_single_refY,GP_Ip_8.8mm_closed_R5_single_refY_005,2,-3,336,raw/GP_Ip_8.8mm_closed_R5_single_refY_005.mp4,GP_Ip_8.8mm_closed_R5_single_refY_005-raw02-23-nbr-3,dg3_neighbors/images/GP_Ip_8.8mm_closed_R5_single_refY_005-raw02-23-nbr-3.jpg,False
GP_Ip_8.8mm_closed_R5_single_refY_005-raw02-23,GP_Ip_8.8mm_closed_R5_single_refY,GP_Ip_8.8mm_closed_R5_single_refY_005,2,-2,337,raw/GP_Ip_8.8mm_closed_R5_single_refY_005.mp4,GP_Ip_8.8mm_closed_R5_single_refY_005-raw02-23-nbr-2,dg3_neighbors/images/GP_Ip_8.8mm_closed_R5_single_refY_005-raw02-23-nbr-2.jpg,False
GP_Ip_8.8mm_closed_R5_single_refY_005-raw02-23,GP_Ip_8.8mm_closed_R5_single_refY,GP_Ip_8.8mm_closed_R5_single_refY_005,2,-1,338,raw/GP_Ip_8.8mm_closed_R5_single_refY_005.mp4,GP_Ip_8.8mm_closed_R5_single_refY_005-raw02-23-nbr-1,dg3_neighbors/images/GP_Ip_8.8mm_closed_R5_single_refY_005-raw02-23-nbr-1.jpg,False
GP_Ip_8.8mm_closed_R5_single_refY_005-raw02-23,GP_Ip_8.8mm_closed_R5_single_refY,GP_Ip_8.8mm_closed_R5_single_refY_005,2,0,339,raw/GP_Ip_8.8mm_closed_R5_single_refY_005.mp4,GP_Ip_8.8mm_closed_R5_single_refY_005-raw02-23-nbr+0,dg3_neighbors/images/GP_Ip_8.8mm_closed_R5_single_refY_005-raw02-23-nbr+0.jpg,True
GP_Ip_8.8mm_closed_R5_single_refY_005-raw02-23,GP_Ip_8.8mm_closed_R5_single_refY,GP_Ip_8.8mm_closed_R5_single_refY_005,2,1,340,raw/GP_Ip_8.8mm_closed_R5_single_refY_005.mp4,GP_Ip_8.8mm_closed_R5_single_refY_005-raw02-23-nbr+1,dg3_neighbors/images/GP_Ip_8.8mm_closed_R5_single_refY_005-raw02-23-nbr+1.jpg,False
GP_Ip_8.8mm_closed_R5_single_refY_005-raw02-23,GP_Ip_8.8mm_closed_R5_single_refY,GP_Ip_8.8mm_closed_R5_single_refY_005,2,2,341,raw/GP_Ip_8.8mm_closed_R5_single_refY_005.mp4,GP_Ip_8.8mm_closed_R5_single_refY_005-raw02-23-nbr+2,dg3_neighbors/images/GP_Ip_8.8mm_closed_R5_single_refY_005-raw02-23-nbr+2.jpg,False
GP_Ip_8.8mm_closed_R5_single_refY_005-raw02-23,GP_Ip_8.8mm_closed_R5_single_refY,GP_Ip_8.8mm_closed_R5_single_refY_005,2,3,342,raw/GP_Ip_8.8mm_closed_R5_single_refY_005.mp4,GP_Ip_8.8mm_closed_R5_single_refY_005-raw02-23-nbr+3,dg3_neighbors/images/GP_Ip_8.8mm_closed_R5_single_refY_005-raw02-23-nbr+3.jpg,False
GP_Ip_8.8mm_closed_R5_single_refY_005-raw03-14,GP_Ip_8.8mm_closed_R5_single_refY,GP_Ip_8.8mm_closed_R5_single_refY_005,3,-3,433,raw/GP_Ip_8.8mm_closed_R5_single_refY_005.mp4,GP_Ip_8.8mm_closed_R5_single_refY_005-raw03-14-nbr-3,dg3_neighbors/images/GP_Ip_8.8mm_closed_R5_single_refY_005-raw03-14-nbr-3.jpg,False
GP_Ip_8.8mm_closed_R5_single_refY_005-raw03-14,GP_Ip_8.8mm_closed_R5_single_refY,GP_Ip_8.8mm_closed_R5_single_refY_005,3,-2,434,raw/GP_Ip_8.8mm_closed_R5_single_refY_005.mp4,GP_Ip_8.8mm_closed_R5_single_refY_005-raw03-14-nbr-2,dg3_neighbors/images/GP_Ip_8.8mm_closed_R5_single_refY_005-raw03-14-nbr-2.jpg,False
GP_Ip_8.8mm_closed_R5_single_refY_005-raw03-14,GP_Ip_8.8mm_closed_R5_single_refY,GP_Ip_8.8mm_closed_R5_single_refY_005,3,-1,435,raw/GP_Ip_8.8mm_closed_R5_single_refY_005.mp4,GP_Ip_8.8mm_closed_R5_single_refY_005-raw03-14-nbr-1,dg3_neighbors/images/GP_Ip_8.8mm_closed_R5_single_refY_005-raw03-14-nbr-1.jpg,False
GP_Ip_8.8mm_closed_R5_single_refY_005-raw03-14,GP_Ip_8.8mm_closed_R5_single_refY,GP_Ip_8.8mm_closed_R5_single_refY_005,3,0,436,raw/GP_Ip_8.8mm_closed_R5_single_refY_005.mp4,GP_Ip_8.8mm_closed_R5_single_refY_005-raw03-14-nbr+0,dg3_neighbors/images/GP_Ip_8.8mm_closed_R5_single_refY_005-raw03-14-nbr+0.jpg,True
GP_Ip_8.8mm_closed_R5_single_refY_005-raw03-14,GP_Ip_8.8mm_closed_R5_single_refY,GP_Ip_8.8mm_closed_R5_single_refY_005,3,1,437,raw/GP_Ip_8.8mm_closed_R5_single_refY_005.mp4,GP_Ip_8.8mm_closed_R5_single_refY_005-raw03-14-nbr+1,dg3_neighbors/images/GP_Ip_8.8mm_closed_R5_single_refY_005-raw03-14-nbr+1.jpg,False
GP_Ip_8.8mm_closed_R5_single_refY_005-raw03-14,GP_Ip_8.8mm_closed_R5_single_refY,GP_Ip_8.8mm_closed_R5_single_refY_005,3,2,438,raw/GP_Ip_8.8mm_closed_R5_single_refY_005.mp4,GP_Ip_8.8mm_closed_R5_single_refY_005-raw03-14-nbr+2,dg3_neighbors/images/GP_Ip_8.8mm_closed_R5_single_refY_005-raw03-14-nbr+2.jpg,False
GP_Ip_8.8mm_closed_R5_single_refY_005-raw03-14,GP_Ip_8.8mm_closed_R5_single_refY,GP_Ip_8.8mm_closed_R5_single_refY_005,3,3,439,raw/GP_Ip_8.8mm_closed_R5_single_refY_005.mp4,GP_Ip_8.8mm_closed_R5_single_refY_005-raw03-14-nbr+3,dg3_neighbors/images/GP_Ip_8.8mm_closed_R5_single_refY_005-raw03-14-nbr+3.jpg,False
GP_Ip_8.8mm_closed_R5_single_refY_005-raw04-20,GP_Ip_8.8mm_closed_R5_single_refY,GP_Ip_8.8mm_closed_R5_single_refY_005,4,-3,627,raw/GP_Ip_8.8mm_closed_R5_single_refY_005.mp4,GP_Ip_8.8mm_closed_R5_single_refY_005-raw04-20-nbr-3,dg3_neighbors/images/GP_Ip_8.8mm_closed_R5_single_refY_005-raw04-20-nbr-3.jpg,False
GP_Ip_8.8mm_closed_R5_single_refY_005-raw04-20,GP_Ip_8.8mm_closed_R5_single_refY,GP_Ip_8.8mm_closed_R5_single_refY_005,4,-2,628,raw/GP_Ip_8.8mm_closed_R5_single_refY_005.mp4,GP_Ip_8.8mm_closed_R5_single_refY_005-raw04-20-nbr-2,dg3_neighbors/images/GP_Ip_8.8mm_closed_R5_single_refY_005-raw04-20-nbr-2.jpg,False
GP_Ip_8.8mm_closed_R5_single_refY_005-raw04-20,GP_Ip_8.8mm_closed_R5_single_refY,GP_Ip_8.8mm_closed_R5_single_refY_005,4,-1,629,raw/GP_Ip_8.8mm_closed_R5_single_refY_005.mp4,GP_Ip_8.8mm_closed_R5_single_refY_005-raw04-20-nbr-1,dg3_neighbors/images/GP_Ip_8.8mm_closed_R5_single_refY_005-raw04-20-nbr-1.jpg,False
GP_Ip_8.8mm_closed_R5_single_refY_005-raw04-20,GP_Ip_8.8mm_closed_R5_single_refY,GP_Ip_8.8mm_closed_R5_single_refY_005,4,0,630,raw/GP_Ip_8.8mm_closed_R5_single_refY_005.mp4,GP_Ip_8.8mm_closed_R5_single_refY_005-raw04-20-nbr+0,dg3_neighbors/images/GP_Ip_8.8mm_closed_R5_single_refY_005-raw04-20-nbr+0.jpg,True
GP_Ip_8.8mm_closed_R5_single_refY_005-raw04-20,GP_Ip_8.8mm_closed_R5_single_refY,GP_Ip_8.8mm_closed_R5_single_refY_005,4,1,631,raw/GP_Ip_8.8mm_closed_R5_single_refY_005.mp4,GP_Ip_8.8mm_closed_R5_single_refY_005-raw04-20-nbr+1,dg3_neighbors/images/GP_Ip_8.8mm_closed_R5_single_refY_005-raw04-20-nbr+1.jpg,False
GP_Ip_8.8mm_closed_R5_single_refY_005-raw04-20,GP_Ip_8.8mm_closed_R5_single_refY,GP_Ip_8.8mm_closed_R5_single_refY_005,4,2,632,raw/GP_Ip_8.8mm_closed_R5_single_refY_005.mp4,GP_Ip_8.8mm_closed_R5_single_refY_005-raw04-20-nbr+2,dg3_neighbors/images/GP_Ip_8.8mm_closed_R5_single_refY_005-raw04-20-nbr+2.jpg,False
GP_Ip_8.8mm_closed_R5_single_refY_005-raw04-20,GP_Ip_8.8mm_closed_R5_single_refY,GP_Ip_8.8mm_closed_R5_single_refY_005,4,3,633,raw/GP_Ip_8.8mm_closed_R5_single_refY_005.mp4,GP_Ip_8.8mm_closed_R5_single_refY_005-raw04-20-nbr+3,dg3_neighbors/images/GP_Ip_8.8mm_closed_R5_single_refY_005-raw04-20-nbr+3.jpg,False
GP_Ip_8.8mm_closed_R5_single_refY_005-raw05-23,GP_Ip_8.8mm_closed_R5_single_refY,GP_Ip_8.8mm_closed_R5_single_refY_005,5,-3,801,raw/GP_Ip_8.8mm_closed_R5_single_refY_005.mp4,GP_Ip_8.8mm_closed_R5_single_refY_005-raw05-23-nbr-3,dg3_neighbors/images/GP_Ip_8.8mm_closed_R5_single_refY_005-raw05-23-nbr-3.jpg,False
GP_Ip_8.8mm_closed_R5_single_refY_005-raw05-23,GP_Ip_8.8mm_closed_R5_single_refY,GP_Ip_8.8mm_closed_R5_single_refY_005,5,-2,802,raw/GP_Ip_8.8mm_closed_R5_single_refY_005.mp4,GP_Ip_8.8mm_closed_R5_single_refY_005-raw05-23-nbr-2,dg3_neighbors/images/GP_Ip_8.8mm_closed_R5_single_refY_005-raw05-23-nbr-2.jpg,False
GP_Ip_8.8mm_closed_R5_single_refY_005-raw05-23,GP_Ip_8.8mm_closed_R5_single_refY,GP_Ip_8.8mm_closed_R5_single_refY_005,5,-1,803,raw/GP_Ip_8.8mm_closed_R5_single_refY_005.mp4,GP_Ip_8.8mm_closed_R5_single_refY_005-raw05-23-nbr-1,dg3_neighbors/images/GP_Ip_8.8mm_closed_R5_single_refY_005-raw05-23-nbr-1.jpg,False
GP_Ip_8.8mm_closed_R5_single_refY_005-raw05-23,GP_Ip_8.8mm_closed_R5_single_refY,GP_Ip_8.8mm_closed_R5_single_refY_005,5,0,804,raw/GP_Ip_8.8mm_closed_R5_single_refY_005.mp4,GP_Ip_8.8mm_closed_R5_single_refY_005-raw05-23-nbr+0,dg3_neighbors/images/GP_Ip_8.8mm_closed_R5_single_refY_005-raw05-23-nbr+0.jpg,True
GP_Ip_8.8mm_closed_R5_single_refY_005-raw05-23,GP_Ip_8.8mm_closed_R5_single_refY,GP_Ip_8.8mm_closed_R5_single_refY_005,5,1,805,raw/GP_Ip_8.8mm_closed_R5_single_refY_005.mp4,GP_Ip_8.8mm_closed_R5_single_refY_005-raw05-23-nbr+1,dg3_neighbors/images/GP_Ip_8.8mm_closed_R5_single_refY_005-raw05-23-nbr+1.jpg,False
GP_Ip_8.8mm_closed_R5_single_refY_005-raw05-23,GP_Ip_8.8mm_closed_R5_single_refY,GP_Ip_8.8mm_closed_R5_single_refY_005,5,2,806,raw/GP_Ip_8.8mm_closed_R5_single_refY_005.mp4,GP_Ip_8.8mm_closed_R5_single_refY_005-raw05-23-nbr+2,dg3_neighbors/images/GP_Ip_8.8mm_closed_R5_single_refY_005-raw05-23-nbr+2.jpg,False
GP_Ip_8.8mm_closed_R5_single_refY_005-raw05-23,GP_Ip_8.8mm_closed_R5_single_refY,GP_Ip_8.8mm_closed_R5_single_refY_005,5,3,807,raw/GP_Ip_8.8mm_closed_R5_single_refY_005.mp4,GP_Ip_8.8mm_closed_R5_single_refY_005-raw05-23-nbr+3,dg3_neighbors/images/GP_Ip_8.8mm_closed_R5_single_refY_005-raw05-23-nbr+3.jpg,False
GP_Ip_9.7mm_closed_R5_single_refY_004-raw01-04,GP_Ip_9.7mm_closed_R5_single_refY,GP_Ip_9.7mm_closed_R5_single_refY_004,1,-3,80,raw/GP_Ip_9.7mm_closed_R5_single_refY_004.mp4,GP_Ip_9.7mm_closed_R5_single_refY_004-raw01-04-nbr-3,dg3_neighbors/images/GP_Ip_9.7mm_closed_R5_single_refY_004-raw01-04-nbr-3.jpg,False
GP_Ip_9.7mm_closed_R5_single_refY_004-raw01-04,GP_Ip_9.7mm_closed_R5_single_refY,GP_Ip_9.7mm_closed_R5_single_refY_004,1,-2,81,raw/GP_Ip_9.7mm_closed_R5_single_refY_004.mp4,GP_Ip_9.7mm_closed_R5_single_refY_004-raw01-04-nbr-2,dg3_neighbors/images/GP_Ip_9.7mm_closed_R5_single_refY_004-raw01-04-nbr-2.jpg,False
GP_Ip_9.7mm_closed_R5_single_refY_004-raw01-04,GP_Ip_9.7mm_closed_R5_single_refY,GP_Ip_9.7mm_closed_R5_single_refY_004,1,-1,82,raw/GP_Ip_9.7mm_closed_R5_single_refY_004.mp4,GP_Ip_9.7mm_closed_R5_single_refY_004-raw01-04-nbr-1,dg3_neighbors/images/GP_Ip_9.7mm_closed_R5_single_refY_004-raw01-04-nbr-1.jpg,False
GP_Ip_9.7mm_closed_R5_single_refY_004-raw01-04,GP_Ip_9.7mm_closed_R5_single_refY,GP_Ip_9.7mm_closed_R5_single_refY_004,1,0,83,raw/GP_Ip_9.7mm_closed_R5_single_refY_004.mp4,GP_Ip_9.7mm_closed_R5_single_refY_004-raw01-04-nbr+0,dg3_neighbors/images/GP_Ip_9.7mm_closed_R5_single_refY_004-raw01-04-nbr+0.jpg,True
GP_Ip_9.7mm_closed_R5_single_refY_004-raw01-04,GP_Ip_9.7mm_closed_R5_single_refY,GP_Ip_9.7mm_closed_R5_single_refY_004,1,1,84,raw/GP_Ip_9.7mm_closed_R5_single_refY_004.mp4,GP_Ip_9.7mm_closed_R5_single_refY_004-raw01-04-nbr+1,dg3_neighbors/images/GP_Ip_9.7mm_closed_R5_single_refY_004-raw01-04-nbr+1.jpg,False
GP_Ip_9.7mm_closed_R5_single_refY_004-raw01-04,GP_Ip_9.7mm_closed_R5_single_refY,GP_Ip_9.7mm_closed_R5_single_refY_004,1,2,85,raw/GP_Ip_9.7mm_closed_R5_single_refY_004.mp4,GP_Ip_9.7mm_closed_R5_single_refY_004-raw01-04-nbr+2,dg3_neighbors/images/GP_Ip_9.7mm_closed_R5_single_refY_004-raw01-04-nbr+2.jpg,False
GP_Ip_9.7mm_closed_R5_single_refY_004-raw01-04,GP_Ip_9.7mm_closed_R5_single_refY,GP_Ip_9.7mm_closed_R5_single_refY_004,1,3,86,raw/GP_Ip_9.7mm_closed_R5_single_refY_004.mp4,GP_Ip_9.7mm_closed_R5_single_refY_004-raw01-04-nbr+3,dg3_neighbors/images/GP_Ip_9.7mm_closed_R5_single_refY_004-raw01-04-nbr+3.jpg,False
GP_Ip_9.7mm_closed_R5_single_refY_004-raw03-24,GP_Ip_9.7mm_closed_R5_single_refY,GP_Ip_9.7mm_closed_R5_single_refY_004,3,-3,660,raw/GP_Ip_9.7mm_closed_R5_single_refY_004.mp4,GP_Ip_9.7mm_closed_R5_single_refY_004-raw03-24-nbr-3,dg3_neighbors/images/GP_Ip_9.7mm_closed_R5_single_refY_004-raw03-24-nbr-3.jpg,False
GP_Ip_9.7mm_closed_R5_single_refY_004-raw03-24,GP_Ip_9.7mm_closed_R5_single_refY,GP_Ip_9.7mm_closed_R5_single_refY_004,3,-2,661,raw/GP_Ip_9.7mm_closed_R5_single_refY_004.mp4,GP_Ip_9.7mm_closed_R5_single_refY_004-raw03-24-nbr-2,dg3_neighbors/images/GP_Ip_9.7mm_closed_R5_single_refY_004-raw03-24-nbr-2.jpg,False
GP_Ip_9.7mm_closed_R5_single_refY_004-raw03-24,GP_Ip_9.7mm_closed_R5_single_refY,GP_Ip_9.7mm_closed_R5_single_refY_004,3,-1,662,raw/GP_Ip_9.7mm_closed_R5_single_refY_004.mp4,GP_Ip_9.7mm_closed_R5_single_refY_004-raw03-24-nbr-1,dg3_neighbors/images/GP_Ip_9.7mm_closed_R5_single_refY_004-raw03-24-nbr-1.jpg,False
GP_Ip_9.7mm_closed_R5_single_refY_004-raw03-24,GP_Ip_9.7mm_closed_R5_single_refY,GP_Ip_9.7mm_closed_R5_single_refY_004,3,0,663,raw/GP_Ip_9.7mm_closed_R5_single_refY_004.mp4,GP_Ip_9.7mm_closed_R5_single_refY_004-raw03-24-nbr+0,dg3_neighbors/images/GP_Ip_9.7mm_closed_R5_single_refY_004-raw03-24-nbr+0.jpg,True
GP_Ip_9.7mm_closed_R5_single_refY_004-raw03-24,GP_Ip_9.7mm_closed_R5_single_refY,GP_Ip_9.7mm_closed_R5_single_refY_004,3,1,664,raw/GP_Ip_9.7mm_closed_R5_single_refY_004.mp4,GP_Ip_9.7mm_closed_R5_single_refY_004-raw03-24-nbr+1,dg3_neighbors/images/GP_Ip_9.7mm_closed_R5_single_refY_004-raw03-24-nbr+1.jpg,False
GP_Ip_9.7mm_closed_R5_single_refY_004-raw03-24,GP_Ip_9.7mm_closed_R5_single_refY,GP_Ip_9.7mm_closed_R5_single_refY_004,3,2,665,raw/GP_Ip_9.7mm_closed_R5_single_refY_004.mp4,GP_Ip_9.7mm_closed_R5_single_refY_004-raw03-24-nbr+2,dg3_neighbors/images/GP_Ip_9.7mm_closed_R5_single_refY_004-raw03-24-nbr+2.jpg,False
GP_Ip_9.7mm_closed_R5_single_refY_004-raw03-24,GP_Ip_9.7mm_closed_R5_single_refY,GP_Ip_9.7mm_closed_R5_single_refY_004,3,3,666,raw/GP_Ip_9.7mm_closed_R5_single_refY_004.mp4,GP_Ip_9.7mm_closed_R5_single_refY_004-raw03-24-nbr+3,dg3_neighbors/images/GP_Ip_9.7mm_closed_R5_single_refY_004-raw03-24-nbr+3.jpg,False
GP_Ip_9.7mm_closed_R5_single_refY_004-raw04-15,GP_Ip_9.7mm_closed_R5_single_refY,GP_Ip_9.7mm_closed_R5_single_refY_004,4,-3,789,raw/GP_Ip_9.7mm_closed_R5_single_refY_004.mp4,GP_Ip_9.7mm_closed_R5_single_refY_004-raw04-15-nbr-3,dg3_neighbors/images/GP_Ip_9.7mm_closed_R5_single_refY_004-raw04-15-nbr-3.jpg,False
GP_Ip_9.7mm_closed_R5_single_refY_004-raw04-15,GP_Ip_9.7mm_closed_R5_single_refY,GP_Ip_9.7mm_closed_R5_single_refY_004,4,-2,790,raw/GP_Ip_9.7mm_closed_R5_single_refY_004.mp4,GP_Ip_9.7mm_closed_R5_single_refY_004-raw04-15-nbr-2,dg3_neighbors/images/GP_Ip_9.7mm_closed_R5_single_refY_004-raw04-15-nbr-2.jpg,False
GP_Ip_9.7mm_closed_R5_single_refY_004-raw04-15,GP_Ip_9.7mm_closed_R5_single_refY,GP_Ip_9.7mm_closed_R5_single_refY_004,4,-1,791,raw/GP_Ip_9.7mm_closed_R5_single_refY_004.mp4,GP_Ip_9.7mm_closed_R5_single_refY_004-raw04-15-nbr-1,dg3_neighbors/images/GP_Ip_9.7mm_closed_R5_single_refY_004-raw04-15-nbr-1.jpg,False
GP_Ip_9.7mm_closed_R5_single_refY_004-raw04-15,GP_Ip_9.7mm_closed_R5_single_refY,GP_Ip_9.7mm_closed_R5_single_refY_004,4,0,792,raw/GP_Ip_9.7mm_closed_R5_single_refY_004.mp4,GP_Ip_9.7mm_closed_R5_single_refY_004-raw04-15-nbr+0,dg3_neighbors/images/GP_Ip_9.7mm_closed_R5_single_refY_004-raw04-15-nbr+0.jpg,True
GP_Ip_9.7mm_closed_R5_single_refY_004-raw04-15,GP_Ip_9.7mm_closed_R5_single_refY,GP_Ip_9.7mm_closed_R5_single_refY_004,4,1,793,raw/GP_Ip_9.7mm_closed_R5_single_refY_004.mp4,GP_Ip_9.7mm_closed_R5_single_refY_004-raw04-15-nbr+1,dg3_neighbors/images/GP_Ip_9.7mm_closed_R5_single_refY_004-raw04-15-nbr+1.jpg,False
GP_Ip_9.7mm_closed_R5_single_refY_004-raw04-15,GP_Ip_9.7mm_closed_R5_single_refY,GP_Ip_9.7mm_closed_R5_single_refY_004,4,2,794,raw/GP_Ip_9.7mm_closed_R5_single_refY_004.mp4,GP_Ip_9.7mm_closed_R5_single_refY_004-raw04-15-nbr+2,dg3_neighbors/images/GP_Ip_9.7mm_closed_R5_single_refY_004-raw04-15-nbr+2.jpg,False
GP_Ip_9.7mm_closed_R5_single_refY_004-raw04-15,GP_Ip_9.7mm_closed_R5_single_refY,GP_Ip_9.7mm_closed_R5_single_refY_004,4,3,795,raw/GP_Ip_9.7mm_closed_R5_single_refY_004.mp4,GP_Ip_9.7mm_closed_R5_single_refY_004-raw04-15-nbr+3,dg3_neighbors/images/GP_Ip_9.7mm_closed_R5_single_refY_004-raw04-15-nbr+3.jpg,False
GP_Ip_9.7mm_closed_R5_single_refY_004-raw05-10,GP_Ip_9.7mm_closed_R5_single_refY,GP_Ip_9.7mm_closed_R5_single_refY_004,5,-3,952,raw/GP_Ip_9.7mm_closed_R5_single_refY_004.mp4,GP_Ip_9.7mm_closed_R5_single_refY_004-raw05-10-nbr-3,dg3_neighbors/images/GP_Ip_9.7mm_closed_R5_single_refY_004-raw05-10-nbr-3.jpg,False
GP_Ip_9.7mm_closed_R5_single_refY_004-raw05-10,GP_Ip_9.7mm_closed_R5_single_refY,GP_Ip_9.7mm_closed_R5_single_refY_004,5,-2,953,raw/GP_Ip_9.7mm_closed_R5_single_refY_004.mp4,GP_Ip_9.7mm_closed_R5_single_refY_004-raw05-10-nbr-2,dg3_neighbors/images/GP_Ip_9.7mm_closed_R5_single_refY_004-raw05-10-nbr-2.jpg,False
GP_Ip_9.7mm_closed_R5_single_refY_004-raw05-10,GP_Ip_9.7mm_closed_R5_single_refY,GP_Ip_9.7mm_closed_R5_single_refY_004,5,-1,954,raw/GP_Ip_9.7mm_closed_R5_single_refY_004.mp4,GP_Ip_9.7mm_closed_R5_single_refY_004-raw05-10-nbr-1,dg3_neighbors/images/GP_Ip_9.7mm_closed_R5_single_refY_004-raw05-10-nbr-1.jpg,False
GP_Ip_9.7mm_closed_R5_single_refY_004-raw05-10,GP_Ip_9.7mm_closed_R5_single_refY,GP_Ip_9.7mm_closed_R5_single_refY_004,5,0,955,raw/GP_Ip_9.7mm_closed_R5_single_refY_004.mp4,GP_Ip_9.7mm_closed_R5_single_refY_004-raw05-10-nbr+0,dg3_neighbors/images/GP_Ip_9.7mm_closed_R5_single_refY_004-raw05-10-nbr+0.jpg,True
GP_Ip_9.7mm_closed_R5_single_refY_004-raw05-10,GP_Ip_9.7mm_closed_R5_single_refY,GP_Ip_9.7mm_closed_R5_single_refY_004,5,1,956,raw/GP_Ip_9.7mm_closed_R5_single_refY_004.mp4,GP_Ip_9.7mm_closed_R5_single_refY_004-raw05-10-nbr+1,dg3_neighbors/images/GP_Ip_9.7mm_closed_R5_single_refY_004-raw05-10-nbr+1.jpg,False
GP_Ip_9.7mm_closed_R5_single_refY_004-raw05-10,GP_Ip_9.7mm_closed_R5_single_refY,GP_Ip_9.7mm_closed_R5_single_refY_004,5,2,957,raw/GP_Ip_9.7mm_closed_R5_single_refY_004.mp4,GP_Ip_9.7mm_closed_R5_single_refY_004-raw05-10-nbr+2,dg3_neighbors/images/GP_Ip_9.7mm_closed_R5_single_refY_004-raw05-10-nbr+2.jpg,False
GP_Ip_9.7mm_closed_R5_single_refY_004-raw05-10,GP_Ip_9.7mm_closed_R5_single_refY,GP_Ip_9.7mm_closed_R5_single_refY_004,5,3,958,raw/GP_Ip_9.7mm_closed_R5_single_refY_004.mp4,GP_Ip_9.7mm_closed_R5_single_refY_004-raw05-10-nbr+3,dg3_neighbors/images/GP_Ip_9.7mm_closed_R5_single_refY_004-raw05-10-nbr+3.jpg,False
GP_Ip_9.7mm_closed_R5_single_refY_005-raw01-09,GP_Ip_9.7mm_closed_R5_single_refY,GP_Ip_9.7mm_closed_R5_single_refY_005,1,-3,64,raw/GP_Ip_9.7mm_closed_R5_single_refY_005.mp4,GP_Ip_9.7mm_closed_R5_single_refY_005-raw01-09-nbr-3,dg3_neighbors/images/GP_Ip_9.7mm_closed_R5_single_refY_005-raw01-09-nbr-3.jpg,False
GP_Ip_9.7mm_closed_R5_single_refY_005-raw01-09,GP_Ip_9.7mm_closed_R5_single_refY,GP_Ip_9.7mm_closed_R5_single_refY_005,1,-2,65,raw/GP_Ip_9.7mm_closed_R5_single_refY_005.mp4,GP_Ip_9.7mm_closed_R5_single_refY_005-raw01-09-nbr-2,dg3_neighbors/images/GP_Ip_9.7mm_closed_R5_single_refY_005-raw01-09-nbr-2.jpg,False
GP_Ip_9.7mm_closed_R5_single_refY_005-raw01-09,GP_Ip_9.7mm_closed_R5_single_refY,GP_Ip_9.7mm_closed_R5_single_refY_005,1,-1,66,raw/GP_Ip_9.7mm_closed_R5_single_refY_005.mp4,GP_Ip_9.7mm_closed_R5_single_refY_005-raw01-09-nbr-1,dg3_neighbors/images/GP_Ip_9.7mm_closed_R5_single_refY_005-raw01-09-nbr-1.jpg,False
GP_Ip_9.7mm_closed_R5_single_refY_005-raw01-09,GP_Ip_9.7mm_closed_R5_single_refY,GP_Ip_9.7mm_closed_R5_single_refY_005,1,0,67,raw/GP_Ip_9.7mm_closed_R5_single_refY_005.mp4,GP_Ip_9.7mm_closed_R5_single_refY_005-raw01-09-nbr+0,dg3_neighbors/images/GP_Ip_9.7mm_closed_R5_single_refY_005-raw01-09-nbr+0.jpg,True
GP_Ip_9.7mm_closed_R5_single_refY_005-raw01-09,GP_Ip_9.7mm_closed_R5_single_refY,GP_Ip_9.7mm_closed_R5_single_refY_005,1,1,68,raw/GP_Ip_9.7mm_closed_R5_single_refY_005.mp4,GP_Ip_9.7mm_closed_R5_single_refY_005-raw01-09-nbr+1,dg3_neighbors/images/GP_Ip_9.7mm_closed_R5_single_refY_005-raw01-09-nbr+1.jpg,False
GP_Ip_9.7mm_closed_R5_single_refY_005-raw01-09,GP_Ip_9.7mm_closed_R5_single_refY,GP_Ip_9.7mm_closed_R5_single_refY_005,1,2,69,raw/GP_Ip_9.7mm_closed_R5_single_refY_005.mp4,GP_Ip_9.7mm_closed_R5_single_refY_005-raw01-09-nbr+2,dg3_neighbors/images/GP_Ip_9.7mm_closed_R5_single_refY_005-raw01-09-nbr+2.jpg,False
GP_Ip_9.7mm_closed_R5_single_refY_005-raw01-09,GP_Ip_9.7mm_closed_R5_single_refY,GP_Ip_9.7mm_closed_R5_single_refY_005,1,3,70,raw/GP_Ip_9.7mm_closed_R5_single_refY_005.mp4,GP_Ip_9.7mm_closed_R5_single_refY_005-raw01-09-nbr+3,dg3_neighbors/images/GP_Ip_9.7mm_closed_R5_single_refY_005-raw01-09-nbr+3.jpg,False
GP_Ip_9.7mm_closed_R5_single_refY_005-raw02-02,GP_Ip_9.7mm_closed_R5_single_refY,GP_Ip_9.7mm_closed_R5_single_refY_005,2,-3,143,raw/GP_Ip_9.7mm_closed_R5_single_refY_005.mp4,GP_Ip_9.7mm_closed_R5_single_refY_005-raw02-02-nbr-3,dg3_neighbors/images/GP_Ip_9.7mm_closed_R5_single_refY_005-raw02-02-nbr-3.jpg,False
GP_Ip_9.7mm_closed_R5_single_refY_005-raw02-02,GP_Ip_9.7mm_closed_R5_single_refY,GP_Ip_9.7mm_closed_R5_single_refY_005,2,-2,144,raw/GP_Ip_9.7mm_closed_R5_single_refY_005.mp4,GP_Ip_9.7mm_closed_R5_single_refY_005-raw02-02-nbr-2,dg3_neighbors/images/GP_Ip_9.7mm_closed_R5_single_refY_005-raw02-02-nbr-2.jpg,False
GP_Ip_9.7mm_closed_R5_single_refY_005-raw02-02,GP_Ip_9.7mm_closed_R5_single_refY,GP_Ip_9.7mm_closed_R5_single_refY_005,2,-1,145,raw/GP_Ip_9.7mm_closed_R5_single_refY_005.mp4,GP_Ip_9.7mm_closed_R5_single_refY_005-raw02-02-nbr-1,dg3_neighbors/images/GP_Ip_9.7mm_closed_R5_single_refY_005-raw02-02-nbr-1.jpg,False
GP_Ip_9.7mm_closed_R5_single_refY_005-raw02-02,GP_Ip_9.7mm_closed_R5_single_refY,GP_Ip_9.7mm_closed_R5_single_refY_005,2,0,146,raw/GP_Ip_9.7mm_closed_R5_single_refY_005.mp4,GP_Ip_9.7mm_closed_R5_single_refY_005-raw02-02-nbr+0,dg3_neighbors/images/GP_Ip_9.7mm_closed_R5_single_refY_005-raw02-02-nbr+0.jpg,True
GP_Ip_9.7mm_closed_R5_single_refY_005-raw02-02,GP_Ip_9.7mm_closed_R5_single_refY,GP_Ip_9.7mm_closed_R5_single_refY_005,2,1,147,raw/GP_Ip_9.7mm_closed_R5_single_refY_005.mp4,GP_Ip_9.7mm_closed_R5_single_refY_005-raw02-02-nbr+1,dg3_neighbors/images/GP_Ip_9.7mm_closed_R5_single_refY_005-raw02-02-nbr+1.jpg,False
GP_Ip_9.7mm_closed_R5_single_refY_005-raw02-02,GP_Ip_9.7mm_closed_R5_single_refY,GP_Ip_9.7mm_closed_R5_single_refY_005,2,2,148,raw/GP_Ip_9.7mm_closed_R5_single_refY_005.mp4,GP_Ip_9.7mm_closed_R5_single_refY_005-raw02-02-nbr+2,dg3_neighbors/images/GP_Ip_9.7mm_closed_R5_single_refY_005-raw02-02-nbr+2.jpg,False
GP_Ip_9.7mm_closed_R5_single_refY_005-raw02-02,GP_Ip_9.7mm_closed_R5_single_refY,GP_Ip_9.7mm_closed_R5_single_refY_005,2,3,149,raw/GP_Ip_9.7mm_closed_R5_single_refY_005.mp4,GP_Ip_9.7mm_closed_R5_single_refY_005-raw02-02-nbr+3,dg3_neighbors/images/GP_Ip_9.7mm_closed_R5_single_refY_005-raw02-02-nbr+3.jpg,False
GP_Ip_9.7mm_closed_R5_single_refY_005-raw03-01,GP_Ip_9.7mm_closed_R5_single_refY,GP_Ip_9.7mm_closed_R5_single_refY_005,3,-3,249,raw/GP_Ip_9.7mm_closed_R5_single_refY_005.mp4,GP_Ip_9.7mm_closed_R5_single_refY_005-raw03-01-nbr-3,dg3_neighbors/images/GP_Ip_9.7mm_closed_R5_single_refY_005-raw03-01-nbr-3.jpg,False
GP_Ip_9.7mm_closed_R5_single_refY_005-raw03-01,GP_Ip_9.7mm_closed_R5_single_refY,GP_Ip_9.7mm_closed_R5_single_refY_005,3,-2,250,raw/GP_Ip_9.7mm_closed_R5_single_refY_005.mp4,GP_Ip_9.7mm_closed_R5_single_refY_005-raw03-01-nbr-2,dg3_neighbors/images/GP_Ip_9.7mm_closed_R5_single_refY_005-raw03-01-nbr-2.jpg,False
GP_Ip_9.7mm_closed_R5_single_refY_005-raw03-01,GP_Ip_9.7mm_closed_R5_single_refY,GP_Ip_9.7mm_closed_R5_single_refY_005,3,-1,251,raw/GP_Ip_9.7mm_closed_R5_single_refY_005.mp4,GP_Ip_9.7mm_closed_R5_single_refY_005-raw03-01-nbr-1,dg3_neighbors/images/GP_Ip_9.7mm_closed_R5_single_refY_005-raw03-01-nbr-1.jpg,False
GP_Ip_9.7mm_closed_R5_single_refY_005-raw03-01,GP_Ip_9.7mm_closed_R5_single_refY,GP_Ip_9.7mm_closed_R5_single_refY_005,3,0,252,raw/GP_Ip_9.7mm_closed_R5_single_refY_005.mp4,GP_Ip_9.7mm_closed_R5_single_refY_005-raw03-01-nbr+0,dg3_neighbors/images/GP_Ip_9.7mm_closed_R5_single_refY_005-raw03-01-nbr+0.jpg,True
GP_Ip_9.7mm_closed_R5_single_refY_005-raw03-01,GP_Ip_9.7mm_closed_R5_single_refY,GP_Ip_9.7mm_closed_R5_single_refY_005,3,1,253,raw/GP_Ip_9.7mm_closed_R5_single_refY_005.mp4,GP_Ip_9.7mm_closed_R5_single_refY_005-raw03-01-nbr+1,dg3_neighbors/images/GP_Ip_9.7mm_closed_R5_single_refY_005-raw03-01-nbr+1.jpg,False
GP_Ip_9.7mm_closed_R5_single_refY_005-raw03-01,GP_Ip_9.7mm_closed_R5_single_refY,GP_Ip_9.7mm_closed_R5_single_refY_005,3,2,254,raw/GP_Ip_9.7mm_closed_R5_single_refY_005.mp4,GP_Ip_9.7mm_closed_R5_single_refY_005-raw03-01-nbr+2,dg3_neighbors/images/GP_Ip_9.7mm_closed_R5_single_refY_005-raw03-01-nbr+2.jpg,False
GP_Ip_9.7mm_closed_R5_single_refY_005-raw03-01,GP_Ip_9.7mm_closed_R5_single_refY,GP_Ip_9.7mm_closed_R5_single_refY_005,3,3,255,raw/GP_Ip_9.7mm_closed_R5_single_refY_005.mp4,GP_Ip_9.7mm_closed_R5_single_refY_005-raw03-01-nbr+3,dg3_neighbors/images/GP_Ip_9.7mm_closed_R5_single_refY_005-raw03-01-nbr+3.jpg,False
GP_Ip_9.7mm_closed_R5_single_refY_005-raw04-24,GP_Ip_9.7mm_closed_R5_single_refY,GP_Ip_9.7mm_closed_R5_single_refY_005,4,-3,466,raw/GP_Ip_9.7mm_closed_R5_single_refY_005.mp4,GP_Ip_9.7mm_closed_R5_single_refY_005-raw04-24-nbr-3,dg3_neighbors/images/GP_Ip_9.7mm_closed_R5_single_refY_005-raw04-24-nbr-3.jpg,False
GP_Ip_9.7mm_closed_R5_single_refY_005-raw04-24,GP_Ip_9.7mm_closed_R5_single_refY,GP_Ip_9.7mm_closed_R5_single_refY_005,4,-2,467,raw/GP_Ip_9.7mm_closed_R5_single_refY_005.mp4,GP_Ip_9.7mm_closed_R5_single_refY_005-raw04-24-nbr-2,dg3_neighbors/images/GP_Ip_9.7mm_closed_R5_single_refY_005-raw04-24-nbr-2.jpg,False
GP_Ip_9.7mm_closed_R5_single_refY_005-raw04-24,GP_Ip_9.7mm_closed_R5_single_refY,GP_Ip_9.7mm_closed_R5_single_refY_005,4,-1,468,raw/GP_Ip_9.7mm_closed_R5_single_refY_005.mp4,GP_Ip_9.7mm_closed_R5_single_refY_005-raw04-24-nbr-1,dg3_neighbors/images/GP_Ip_9.7mm_closed_R5_single_refY_005-raw04-24-nbr-1.jpg,False
GP_Ip_9.7mm_closed_R5_single_refY_005-raw04-24,GP_Ip_9.7mm_closed_R5_single_refY,GP_Ip_9.7mm_closed_R5_single_refY_005,4,0,469,raw/GP_Ip_9.7mm_closed_R5_single_refY_005.mp4,GP_Ip_9.7mm_closed_R5_single_refY_005-raw04-24-nbr+0,dg3_neighbors/images/GP_Ip_9.7mm_closed_R5_single_refY_005-raw04-24-nbr+0.jpg,True
GP_Ip_9.7mm_closed_R5_single_refY_005-raw04-24,GP_Ip_9.7mm_closed_R5_single_refY,GP_Ip_9.7mm_closed_R5_single_refY_005,4,1,470,raw/GP_Ip_9.7mm_closed_R5_single_refY_005.mp4,GP_Ip_9.7mm_closed_R5_single_refY_005-raw04-24-nbr+1,dg3_neighbors/images/GP_Ip_9.7mm_closed_R5_single_refY_005-raw04-24-nbr+1.jpg,False
GP_Ip_9.7mm_closed_R5_single_refY_005-raw04-24,GP_Ip_9.7mm_closed_R5_single_refY,GP_Ip_9.7mm_closed_R5_single_refY_005,4,2,471,raw/GP_Ip_9.7mm_closed_R5_single_refY_005.mp4,GP_Ip_9.7mm_closed_R5_single_refY_005-raw04-24-nbr+2,dg3_neighbors/images/GP_Ip_9.7mm_closed_R5_single_refY_005-raw04-24-nbr+2.jpg,False
GP_Ip_9.7mm_closed_R5_single_refY_005-raw04-24,GP_Ip_9.7mm_closed_R5_single_refY,GP_Ip_9.7mm_closed_R5_single_refY_005,4,3,472,raw/GP_Ip_9.7mm_closed_R5_single_refY_005.mp4,GP_Ip_9.7mm_closed_R5_single_refY_005-raw04-24-nbr+3,dg3_neighbors/images/GP_Ip_9.7mm_closed_R5_single_refY_005-raw04-24-nbr+3.jpg,False
GP_Ip_9.7mm_closed_R5_single_refY_005-raw05-22,GP_Ip_9.7mm_closed_R5_single_refY,GP_Ip_9.7mm_closed_R5_single_refY_005,5,-3,570,raw/GP_Ip_9.7mm_closed_R5_single_refY_005.mp4,GP_Ip_9.7mm_closed_R5_single_refY_005-raw05-22-nbr-3,dg3_neighbors/images/GP_Ip_9.7mm_closed_R5_single_refY_005-raw05-22-nbr-3.jpg,False
GP_Ip_9.7mm_closed_R5_single_refY_005-raw05-22,GP_Ip_9.7mm_closed_R5_single_refY,GP_Ip_9.7mm_closed_R5_single_refY_005,5,-2,571,raw/GP_Ip_9.7mm_closed_R5_single_refY_005.mp4,GP_Ip_9.7mm_closed_R5_single_refY_005-raw05-22-nbr-2,dg3_neighbors/images/GP_Ip_9.7mm_closed_R5_single_refY_005-raw05-22-nbr-2.jpg,False
GP_Ip_9.7mm_closed_R5_single_refY_005-raw05-22,GP_Ip_9.7mm_closed_R5_single_refY,GP_Ip_9.7mm_closed_R5_single_refY_005,5,-1,572,raw/GP_Ip_9.7mm_closed_R5_single_refY_005.mp4,GP_Ip_9.7mm_closed_R5_single_refY_005-raw05-22-nbr-1,dg3_neighbors/images/GP_Ip_9.7mm_closed_R5_single_refY_005-raw05-22-nbr-1.jpg,False
GP_Ip_9.7mm_closed_R5_single_refY_005-raw05-22,GP_Ip_9.7mm_closed_R5_single_refY,GP_Ip_9.7mm_closed_R5_single_refY_005,5,0,573,raw/GP_Ip_9.7mm_closed_R5_single_refY_005.mp4,GP_Ip_9.7mm_closed_R5_single_refY_005-raw05-22-nbr+0,dg3_neighbors/images/GP_Ip_9.7mm_closed_R5_single_refY_005-raw05-22-nbr+0.jpg,True
GP_Ip_9.7mm_closed_R5_single_refY_005-raw05-22,GP_Ip_9.7mm_closed_R5_single_refY,GP_Ip_9.7mm_closed_R5_single_refY_005,5,1,574,raw/GP_Ip_9.7mm_closed_R5_single_refY_005.mp4,GP_Ip_9.7mm_closed_R5_single_refY_005-raw05-22-nbr+1,dg3_neighbors/images/GP_Ip_9.7mm_closed_R5_single_refY_005-raw05-22-nbr+1.jpg,False
GP_Ip_9.7mm_closed_R5_single_refY_005-raw05-22,GP_Ip_9.7mm_closed_R5_single_refY,GP_Ip_9.7mm_closed_R5_single_refY_005,5,2,575,raw/GP_Ip_9.7mm_closed_R5_single_refY_005.mp4,GP_Ip_9.7mm_closed_R5_single_refY_005-raw05-22-nbr+2,dg3_neighbors/images/GP_Ip_9.7mm_closed_R5_single_refY_005-raw05-22-nbr+2.jpg,False
GP_Ip_9.7mm_closed_R5_single_refY_005-raw05-22,GP_Ip_9.7mm_closed_R5_single_refY,GP_Ip_9.7mm_closed_R5_single_refY_005,5,3,576,raw/GP_Ip_9.7mm_closed_R5_single_refY_005.mp4,GP_Ip_9.7mm_closed_R5_single_refY_005-raw05-22-nbr+3,dg3_neighbors/images/GP_Ip_9.7mm_closed_R5_single_refY_005-raw05-22-nbr+3.jpg,False
GP_Is_10.5mm_closed_R5_single_refY_004-raw01-09,GP_Is_10.5mm_closed_R5_single_refY,GP_Is_10.5mm_closed_R5_single_refY_004,1,-3,92,raw/GP_Is_10.5mm_closed_R5_single_refY_004.mp4,GP_Is_10.5mm_closed_R5_single_refY_004-raw01-09-nbr-3,dg3_neighbors/images/GP_Is_10.5mm_closed_R5_single_refY_004-raw01-09-nbr-3.jpg,False
GP_Is_10.5mm_closed_R5_single_refY_004-raw01-09,GP_Is_10.5mm_closed_R5_single_refY,GP_Is_10.5mm_closed_R5_single_refY_004,1,-2,93,raw/GP_Is_10.5mm_closed_R5_single_refY_004.mp4,GP_Is_10.5mm_closed_R5_single_refY_004-raw01-09-nbr-2,dg3_neighbors/images/GP_Is_10.5mm_closed_R5_single_refY_004-raw01-09-nbr-2.jpg,False
GP_Is_10.5mm_closed_R5_single_refY_004-raw01-09,GP_Is_10.5mm_closed_R5_single_refY,GP_Is_10.5mm_closed_R5_single_refY_004,1,-1,94,raw/GP_Is_10.5mm_closed_R5_single_refY_004.mp4,GP_Is_10.5mm_closed_R5_single_refY_004-raw01-09-nbr-1,dg3_neighbors/images/GP_Is_10.5mm_closed_R5_single_refY_004-raw01-09-nbr-1.jpg,False
GP_Is_10.5mm_closed_R5_single_refY_004-raw01-09,GP_Is_10.5mm_closed_R5_single_refY,GP_Is_10.5mm_closed_R5_single_refY_004,1,0,95,raw/GP_Is_10.5mm_closed_R5_single_refY_004.mp4,GP_Is_10.5mm_closed_R5_single_refY_004-raw01-09-nbr+0,dg3_neighbors/images/GP_Is_10.5mm_closed_R5_single_refY_004-raw01-09-nbr+0.jpg,True
GP_Is_10.5mm_closed_R5_single_refY_004-raw01-09,GP_Is_10.5mm_closed_R5_single_refY,GP_Is_10.5mm_closed_R5_single_refY_004,1,1,96,raw/GP_Is_10.5mm_closed_R5_single_refY_004.mp4,GP_Is_10.5mm_closed_R5_single_refY_004-raw01-09-nbr+1,dg3_neighbors/images/GP_Is_10.5mm_closed_R5_single_refY_004-raw01-09-nbr+1.jpg,False
GP_Is_10.5mm_closed_R5_single_refY_004-raw01-09,GP_Is_10.5mm_closed_R5_single_refY,GP_Is_10.5mm_closed_R5_single_refY_004,1,2,97,raw/GP_Is_10.5mm_closed_R5_single_refY_004.mp4,GP_Is_10.5mm_closed_R5_single_refY_004-raw01-09-nbr+2,dg3_neighbors/images/GP_Is_10.5mm_closed_R5_single_refY_004-raw01-09-nbr+2.jpg,False
GP_Is_10.5mm_closed_R5_single_refY_004-raw01-09,GP_Is_10.5mm_closed_R5_single_refY,GP_Is_10.5mm_closed_R5_single_refY_004,1,3,98,raw/GP_Is_10.5mm_closed_R5_single_refY_004.mp4,GP_Is_10.5mm_closed_R5_single_refY_004-raw01-09-nbr+3,dg3_neighbors/images/GP_Is_10.5mm_closed_R5_single_refY_004-raw01-09-nbr+3.jpg,False
GP_Is_10.5mm_closed_R5_single_refY_004-raw02-22,GP_Is_10.5mm_closed_R5_single_refY,GP_Is_10.5mm_closed_R5_single_refY_004,2,-3,334,raw/GP_Is_10.5mm_closed_R5_single_refY_004.mp4,GP_Is_10.5mm_closed_R5_single_refY_004-raw02-22-nbr-3,dg3_neighbors/images/GP_Is_10.5mm_closed_R5_single_refY_004-raw02-22-nbr-3.jpg,False
GP_Is_10.5mm_closed_R5_single_refY_004-raw02-22,GP_Is_10.5mm_closed_R5_single_refY,GP_Is_10.5mm_closed_R5_single_refY_004,2,-2,335,raw/GP_Is_10.5mm_closed_R5_single_refY_004.mp4,GP_Is_10.5mm_closed_R5_single_refY_004-raw02-22-nbr-2,dg3_neighbors/images/GP_Is_10.5mm_closed_R5_single_refY_004-raw02-22-nbr-2.jpg,False
GP_Is_10.5mm_closed_R5_single_refY_004-raw02-22,GP_Is_10.5mm_closed_R5_single_refY,GP_Is_10.5mm_closed_R5_single_refY_004,2,-1,336,raw/GP_Is_10.5mm_closed_R5_single_refY_004.mp4,GP_Is_10.5mm_closed_R5_single_refY_004-raw02-22-nbr-1,dg3_neighbors/images/GP_Is_10.5mm_closed_R5_single_refY_004-raw02-22-nbr-1.jpg,False
GP_Is_10.5mm_closed_R5_single_refY_004-raw02-22,GP_Is_10.5mm_closed_R5_single_refY,GP_Is_10.5mm_closed_R5_single_refY_004,2,0,337,raw/GP_Is_10.5mm_closed_R5_single_refY_004.mp4,GP_Is_10.5mm_closed_R5_single_refY_004-raw02-22-nbr+0,dg3_neighbors/images/GP_Is_10.5mm_closed_R5_single_refY_004-raw02-22-nbr+0.jpg,True
GP_Is_10.5mm_closed_R5_single_refY_004-raw02-22,GP_Is_10.5mm_closed_R5_single_refY,GP_Is_10.5mm_closed_R5_single_refY_004,2,1,338,raw/GP_Is_10.5mm_closed_R5_single_refY_004.mp4,GP_Is_10.5mm_closed_R5_single_refY_004-raw02-22-nbr+1,dg3_neighbors/images/GP_Is_10.5mm_closed_R5_single_refY_004-raw02-22-nbr+1.jpg,False
GP_Is_10.5mm_closed_R5_single_refY_004-raw02-22,GP_Is_10.5mm_closed_R5_single_refY,GP_Is_10.5mm_closed_R5_single_refY_004,2,2,339,raw/GP_Is_10.5mm_closed_R5_single_refY_004.mp4,GP_Is_10.5mm_closed_R5_single_refY_004-raw02-22-nbr+2,dg3_neighbors/images/GP_Is_10.5mm_closed_R5_single_refY_004-raw02-22-nbr+2.jpg,False
GP_Is_10.5mm_closed_R5_single_refY_004-raw02-22,GP_Is_10.5mm_closed_R5_single_refY,GP_Is_10.5mm_closed_R5_single_refY_004,2,3,340,raw/GP_Is_10.5mm_closed_R5_single_refY_004.mp4,GP_Is_10.5mm_closed_R5_single_refY_004-raw02-22-nbr+3,dg3_neighbors/images/GP_Is_10.5mm_closed_R5_single_refY_004-raw02-22-nbr+3.jpg,False
GP_Is_10.5mm_closed_R5_single_refY_004-raw03-05,GP_Is_10.5mm_closed_R5_single_refY,GP_Is_10.5mm_closed_R5_single_refY_004,3,-3,380,raw/GP_Is_10.5mm_closed_R5_single_refY_004.mp4,GP_Is_10.5mm_closed_R5_single_refY_004-raw03-05-nbr-3,dg3_neighbors/images/GP_Is_10.5mm_closed_R5_single_refY_004-raw03-05-nbr-3.jpg,False
GP_Is_10.5mm_closed_R5_single_refY_004-raw03-05,GP_Is_10.5mm_closed_R5_single_refY,GP_Is_10.5mm_closed_R5_single_refY_004,3,-2,381,raw/GP_Is_10.5mm_closed_R5_single_refY_004.mp4,GP_Is_10.5mm_closed_R5_single_refY_004-raw03-05-nbr-2,dg3_neighbors/images/GP_Is_10.5mm_closed_R5_single_refY_004-raw03-05-nbr-2.jpg,False
GP_Is_10.5mm_closed_R5_single_refY_004-raw03-05,GP_Is_10.5mm_closed_R5_single_refY,GP_Is_10.5mm_closed_R5_single_refY_004,3,-1,382,raw/GP_Is_10.5mm_closed_R5_single_refY_004.mp4,GP_Is_10.5mm_closed_R5_single_refY_004-raw03-05-nbr-1,dg3_neighbors/images/GP_Is_10.5mm_closed_R5_single_refY_004-raw03-05-nbr-1.jpg,False
GP_Is_10.5mm_closed_R5_single_refY_004-raw03-05,GP_Is_10.5mm_closed_R5_single_refY,GP_Is_10.5mm_closed_R5_single_refY_004,3,0,383,raw/GP_Is_10.5mm_closed_R5_single_refY_004.mp4,GP_Is_10.5mm_closed_R5_single_refY_004-raw03-05-nbr+0,dg3_neighbors/images/GP_Is_10.5mm_closed_R5_single_refY_004-raw03-05-nbr+0.jpg,True
GP_Is_10.5mm_closed_R5_single_refY_004-raw03-05,GP_Is_10.5mm_closed_R5_single_refY,GP_Is_10.5mm_closed_R5_single_refY_004,3,1,384,raw/GP_Is_10.5mm_closed_R5_single_refY_004.mp4,GP_Is_10.5mm_closed_R5_single_refY_004-raw03-05-nbr+1,dg3_neighbors/images/GP_Is_10.5mm_closed_R5_single_refY_004-raw03-05-nbr+1.jpg,False
GP_Is_10.5mm_closed_R5_single_refY_004-raw03-05,GP_Is_10.5mm_closed_R5_single_refY,GP_Is_10.5mm_closed_R5_single_refY_004,3,2,385,raw/GP_Is_10.5mm_closed_R5_single_refY_004.mp4,GP_Is_10.5mm_closed_R5_single_refY_004-raw03-05-nbr+2,dg3_neighbors/images/GP_Is_10.5mm_closed_R5_single_refY_004-raw03-05-nbr+2.jpg,False
GP_Is_10.5mm_closed_R5_single_refY_004-raw03-05,GP_Is_10.5mm_closed_R5_single_refY,GP_Is_10.5mm_closed_R5_single_refY_004,3,3,386,raw/GP_Is_10.5mm_closed_R5_single_refY_004.mp4,GP_Is_10.5mm_closed_R5_single_refY_004-raw03-05-nbr+3,dg3_neighbors/images/GP_Is_10.5mm_closed_R5_single_refY_004-raw03-05-nbr+3.jpg,False
GP_Is_10.5mm_closed_R5_single_refY_004-raw04-24,GP_Is_10.5mm_closed_R5_single_refY,GP_Is_10.5mm_closed_R5_single_refY_004,4,-3,661,raw/GP_Is_10.5mm_closed_R5_single_refY_004.mp4,GP_Is_10.5mm_closed_R5_single_refY_004-raw04-24-nbr-3,dg3_neighbors/images/GP_Is_10.5mm_closed_R5_single_refY_004-raw04-24-nbr-3.jpg,False
GP_Is_10.5mm_closed_R5_single_refY_004-raw04-24,GP_Is_10.5mm_closed_R5_single_refY,GP_Is_10.5mm_closed_R5_single_refY_004,4,-2,662,raw/GP_Is_10.5mm_closed_R5_single_refY_004.mp4,GP_Is_10.5mm_closed_R5_single_refY_004-raw04-24-nbr-2,dg3_neighbors/images/GP_Is_10.5mm_closed_R5_single_refY_004-raw04-24-nbr-2.jpg,False
GP_Is_10.5mm_closed_R5_single_refY_004-raw04-24,GP_Is_10.5mm_closed_R5_single_refY,GP_Is_10.5mm_closed_R5_single_refY_004,4,-1,663,raw/GP_Is_10.5mm_closed_R5_single_refY_004.mp4,GP_Is_10.5mm_closed_R5_single_refY_004-raw04-24-nbr-1,dg3_neighbors/images/GP_Is_10.5mm_closed_R5_single_refY_004-raw04-24-nbr-1.jpg,False
GP_Is_10.5mm_closed_R5_single_refY_004-raw04-24,GP_Is_10.5mm_closed_R5_single_refY,GP_Is_10.5mm_closed_R5_single_refY_004,4,0,664,raw/GP_Is_10.5mm_closed_R5_single_refY_004.mp4,GP_Is_10.5mm_closed_R5_single_refY_004-raw04-24-nbr+0,dg3_neighbors/images/GP_Is_10.5mm_closed_R5_single_refY_004-raw04-24-nbr+0.jpg,True
GP_Is_10.5mm_closed_R5_single_refY_004-raw04-24,GP_Is_10.5mm_closed_R5_single_refY,GP_Is_10.5mm_closed_R5_single_refY_004,4,1,665,raw/GP_Is_10.5mm_closed_R5_single_refY_004.mp4,GP_Is_10.5mm_closed_R5_single_refY_004-raw04-24-nbr+1,dg3_neighbors/images/GP_Is_10.5mm_closed_R5_single_refY_004-raw04-24-nbr+1.jpg,False
GP_Is_10.5mm_closed_R5_single_refY_004-raw04-24,GP_Is_10.5mm_closed_R5_single_refY,GP_Is_10.5mm_closed_R5_single_refY_004,4,2,666,raw/GP_Is_10.5mm_closed_R5_single_refY_004.mp4,GP_Is_10.5mm_closed_R5_single_refY_004-raw04-24-nbr+2,dg3_neighbors/images/GP_Is_10.5mm_closed_R5_single_refY_004-raw04-24-nbr+2.jpg,False
GP_Is_10.5mm_closed_R5_single_refY_004-raw04-24,GP_Is_10.5mm_closed_R5_single_refY,GP_Is_10.5mm_closed_R5_single_refY_004,4,3,667,raw/GP_Is_10.5mm_closed_R5_single_refY_004.mp4,GP_Is_10.5mm_closed_R5_single_refY_004-raw04-24-nbr+3,dg3_neighbors/images/GP_Is_10.5mm_closed_R5_single_refY_004-raw04-24-nbr+3.jpg,False
GP_Is_10.5mm_closed_R5_single_refY_004-raw05-05,GP_Is_10.5mm_closed_R5_single_refY,GP_Is_10.5mm_closed_R5_single_refY_004,5,-3,694,raw/GP_Is_10.5mm_closed_R5_single_refY_004.mp4,GP_Is_10.5mm_closed_R5_single_refY_004-raw05-05-nbr-3,dg3_neighbors/images/GP_Is_10.5mm_closed_R5_single_refY_004-raw05-05-nbr-3.jpg,False
GP_Is_10.5mm_closed_R5_single_refY_004-raw05-05,GP_Is_10.5mm_closed_R5_single_refY,GP_Is_10.5mm_closed_R5_single_refY_004,5,-2,695,raw/GP_Is_10.5mm_closed_R5_single_refY_004.mp4,GP_Is_10.5mm_closed_R5_single_refY_004-raw05-05-nbr-2,dg3_neighbors/images/GP_Is_10.5mm_closed_R5_single_refY_004-raw05-05-nbr-2.jpg,False
GP_Is_10.5mm_closed_R5_single_refY_004-raw05-05,GP_Is_10.5mm_closed_R5_single_refY,GP_Is_10.5mm_closed_R5_single_refY_004,5,-1,696,raw/GP_Is_10.5mm_closed_R5_single_refY_004.mp4,GP_Is_10.5mm_closed_R5_single_refY_004-raw05-05-nbr-1,dg3_neighbors/images/GP_Is_10.5mm_closed_R5_single_refY_004-raw05-05-nbr-1.jpg,False
GP_Is_10.5mm_closed_R5_single_refY_004-raw05-05,GP_Is_10.5mm_closed_R5_single_refY,GP_Is_10.5mm_closed_R5_single_refY_004,5,0,697,raw/GP_Is_10.5mm_closed_R5_single_refY_004.mp4,GP_Is_10.5mm_closed_R5_single_refY_004-raw05-05-nbr+0,dg3_neighbors/images/GP_Is_10.5mm_closed_R5_single_refY_004-raw05-05-nbr+0.jpg,True
GP_Is_10.5mm_closed_R5_single_refY_004-raw05-05,GP_Is_10.5mm_closed_R5_single_refY,GP_Is_10.5mm_closed_R5_single_refY_004,5,1,698,raw/GP_Is_10.5mm_closed_R5_single_refY_004.mp4,GP_Is_10.5mm_closed_R5_single_refY_004-raw05-05-nbr+1,dg3_neighbors/images/GP_Is_10.5mm_closed_R5_single_refY_004-raw05-05-nbr+1.jpg,False
GP_Is_10.5mm_closed_R5_single_refY_004-raw05-05,GP_Is_10.5mm_closed_R5_single_refY,GP_Is_10.5mm_closed_R5_single_refY_004,5,2,699,raw/GP_Is_10.5mm_closed_R5_single_refY_004.mp4,GP_Is_10.5mm_closed_R5_single_refY_004-raw05-05-nbr+2,dg3_neighbors/images/GP_Is_10.5mm_closed_R5_single_refY_004-raw05-05-nbr+2.jpg,False
GP_Is_10.5mm_closed_R5_single_refY_004-raw05-05,GP_Is_10.5mm_closed_R5_single_refY,GP_Is_10.5mm_closed_R5_single_refY_004,5,3,700,raw/GP_Is_10.5mm_closed_R5_single_refY_004.mp4,GP_Is_10.5mm_closed_R5_single_refY_004-raw05-05-nbr+3,dg3_neighbors/images/GP_Is_10.5mm_closed_R5_single_refY_004-raw05-05-nbr+3.jpg,False
GP_Is_10.5mm_closed_R5_single_refY_005-raw01-07,GP_Is_10.5mm_closed_R5_single_refY,GP_Is_10.5mm_closed_R5_single_refY_005,1,-3,79,raw/GP_Is_10.5mm_closed_R5_single_refY_005.mp4,GP_Is_10.5mm_closed_R5_single_refY_005-raw01-07-nbr-3,dg3_neighbors/images/GP_Is_10.5mm_closed_R5_single_refY_005-raw01-07-nbr-3.jpg,False
GP_Is_10.5mm_closed_R5_single_refY_005-raw01-07,GP_Is_10.5mm_closed_R5_single_refY,GP_Is_10.5mm_closed_R5_single_refY_005,1,-2,80,raw/GP_Is_10.5mm_closed_R5_single_refY_005.mp4,GP_Is_10.5mm_closed_R5_single_refY_005-raw01-07-nbr-2,dg3_neighbors/images/GP_Is_10.5mm_closed_R5_single_refY_005-raw01-07-nbr-2.jpg,False
GP_Is_10.5mm_closed_R5_single_refY_005-raw01-07,GP_Is_10.5mm_closed_R5_single_refY,GP_Is_10.5mm_closed_R5_single_refY_005,1,-1,81,raw/GP_Is_10.5mm_closed_R5_single_refY_005.mp4,GP_Is_10.5mm_closed_R5_single_refY_005-raw01-07-nbr-1,dg3_neighbors/images/GP_Is_10.5mm_closed_R5_single_refY_005-raw01-07-nbr-1.jpg,False
GP_Is_10.5mm_closed_R5_single_refY_005-raw01-07,GP_Is_10.5mm_closed_R5_single_refY,GP_Is_10.5mm_closed_R5_single_refY_005,1,0,82,raw/GP_Is_10.5mm_closed_R5_single_refY_005.mp4,GP_Is_10.5mm_closed_R5_single_refY_005-raw01-07-nbr+0,dg3_neighbors/images/GP_Is_10.5mm_closed_R5_single_refY_005-raw01-07-nbr+0.jpg,True
GP_Is_10.5mm_closed_R5_single_refY_005-raw01-07,GP_Is_10.5mm_closed_R5_single_refY,GP_Is_10.5mm_closed_R5_single_refY_005,1,1,83,raw/GP_Is_10.5mm_closed_R5_single_refY_005.mp4,GP_Is_10.5mm_closed_R5_single_refY_005-raw01-07-nbr+1,dg3_neighbors/images/GP_Is_10.5mm_closed_R5_single_refY_005-raw01-07-nbr+1.jpg,False
GP_Is_10.5mm_closed_R5_single_refY_005-raw01-07,GP_Is_10.5mm_closed_R5_single_refY,GP_Is_10.5mm_closed_R5_single_refY_005,1,2,84,raw/GP_Is_10.5mm_closed_R5_single_refY_005.mp4,GP_Is_10.5mm_closed_R5_single_refY_005-raw01-07-nbr+2,dg3_neighbors/images/GP_Is_10.5mm_closed_R5_single_refY_005-raw01-07-nbr+2.jpg,False
GP_Is_10.5mm_closed_R5_single_refY_005-raw01-07,GP_Is_10.5mm_closed_R5_single_refY,GP_Is_10.5mm_closed_R5_single_refY_005,1,3,85,raw/GP_Is_10.5mm_closed_R5_single_refY_005.mp4,GP_Is_10.5mm_closed_R5_single_refY_005-raw01-07-nbr+3,dg3_neighbors/images/GP_Is_10.5mm_closed_R5_single_refY_005-raw01-07-nbr+3.jpg,False
GP_Is_10.5mm_closed_R5_single_refY_005-raw02-14,GP_Is_10.5mm_closed_R5_single_refY,GP_Is_10.5mm_closed_R5_single_refY_005,2,-3,280,raw/GP_Is_10.5mm_closed_R5_single_refY_005.mp4,GP_Is_10.5mm_closed_R5_single_refY_005-raw02-14-nbr-3,dg3_neighbors/images/GP_Is_10.5mm_closed_R5_single_refY_005-raw02-14-nbr-3.jpg,False
GP_Is_10.5mm_closed_R5_single_refY_005-raw02-14,GP_Is_10.5mm_closed_R5_single_refY,GP_Is_10.5mm_closed_R5_single_refY_005,2,-2,281,raw/GP_Is_10.5mm_closed_R5_single_refY_005.mp4,GP_Is_10.5mm_closed_R5_single_refY_005-raw02-14-nbr-2,dg3_neighbors/images/GP_Is_10.5mm_closed_R5_single_refY_005-raw02-14-nbr-2.jpg,False
GP_Is_10.5mm_closed_R5_single_refY_005-raw02-14,GP_Is_10.5mm_closed_R5_single_refY,GP_Is_10.5mm_closed_R5_single_refY_005,2,-1,282,raw/GP_Is_10.5mm_closed_R5_single_refY_005.mp4,GP_Is_10.5mm_closed_R5_single_refY_005-raw02-14-nbr-1,dg3_neighbors/images/GP_Is_10.5mm_closed_R5_single_refY_005-raw02-14-nbr-1.jpg,False
GP_Is_10.5mm_closed_R5_single_refY_005-raw02-14,GP_Is_10.5mm_closed_R5_single_refY,GP_Is_10.5mm_closed_R5_single_refY_005,2,0,283,raw/GP_Is_10.5mm_closed_R5_single_refY_005.mp4,GP_Is_10.5mm_closed_R5_single_refY_005-raw02-14-nbr+0,dg3_neighbors/images/GP_Is_10.5mm_closed_R5_single_refY_005-raw02-14-nbr+0.jpg,True
GP_Is_10.5mm_closed_R5_single_refY_005-raw02-14,GP_Is_10.5mm_closed_R5_single_refY,GP_Is_10.5mm_closed_R5_single_refY_005,2,1,284,raw/GP_Is_10.5mm_closed_R5_single_refY_005.mp4,GP_Is_10.5mm_closed_R5_single_refY_005-raw02-14-nbr+1,dg3_neighbors/images/GP_Is_10.5mm_closed_R5_single_refY_005-raw02-14-nbr+1.jpg,False
GP_Is_10.5mm_closed_R5_single_refY_005-raw02-14,GP_Is_10.5mm_closed_R5_single_refY,GP_Is_10.5mm_closed_R5_single_refY_005,2,2,285,raw/GP_Is_10.5mm_closed_R5_single_refY_005.mp4,GP_Is_10.5mm_closed_R5_single_refY_005-raw02-14-nbr+2,dg3_neighbors/images/GP_Is_10.5mm_closed_R5_single_refY_005-raw02-14-nbr+2.jpg,False
GP_Is_10.5mm_closed_R5_single_refY_005-raw02-14,GP_Is_10.5mm_closed_R5_single_refY,GP_Is_10.5mm_closed_R5_single_refY_005,2,3,286,raw/GP_Is_10.5mm_closed_R5_single_refY_005.mp4,GP_Is_10.5mm_closed_R5_single_refY_005-raw02-14-nbr+3,dg3_neighbors/images/GP_Is_10.5mm_closed_R5_single_refY_005-raw02-14-nbr+3.jpg,False
GP_Is_10.5mm_closed_R5_single_refY_005-raw03-09,GP_Is_10.5mm_closed_R5_single_refY,GP_Is_10.5mm_closed_R5_single_refY_005,3,-3,404,raw/GP_Is_10.5mm_closed_R5_single_refY_005.mp4,GP_Is_10.5mm_closed_R5_single_refY_005-raw03-09-nbr-3,dg3_neighbors/images/GP_Is_10.5mm_closed_R5_single_refY_005-raw03-09-nbr-3.jpg,False
GP_Is_10.5mm_closed_R5_single_refY_005-raw03-09,GP_Is_10.5mm_closed_R5_single_refY,GP_Is_10.5mm_closed_R5_single_refY_005,3,-2,405,raw/GP_Is_10.5mm_closed_R5_single_refY_005.mp4,GP_Is_10.5mm_closed_R5_single_refY_005-raw03-09-nbr-2,dg3_neighbors/images/GP_Is_10.5mm_closed_R5_single_refY_005-raw03-09-nbr-2.jpg,False
GP_Is_10.5mm_closed_R5_single_refY_005-raw03-09,GP_Is_10.5mm_closed_R5_single_refY,GP_Is_10.5mm_closed_R5_single_refY_005,3,-1,406,raw/GP_Is_10.5mm_closed_R5_single_refY_005.mp4,GP_Is_10.5mm_closed_R5_single_refY_005-raw03-09-nbr-1,dg3_neighbors/images/GP_Is_10.5mm_closed_R5_single_refY_005-raw03-09-nbr-1.jpg,False
GP_Is_10.5mm_closed_R5_single_refY_005-raw03-09,GP_Is_10.5mm_closed_R5_single_refY,GP_Is_10.5mm_closed_R5_single_refY_005,3,0,407,raw/GP_Is_10.5mm_closed_R5_single_refY_005.mp4,GP_Is_10.5mm_closed_R5_single_refY_005-raw03-09-nbr+0,dg3_neighbors/images/GP_Is_10.5mm_closed_R5_single_refY_005-raw03-09-nbr+0.jpg,True
GP_Is_10.5mm_closed_R5_single_refY_005-raw03-09,GP_Is_10.5mm_closed_R5_single_refY,GP_Is_10.5mm_closed_R5_single_refY_005,3,1,408,raw/GP_Is_10.5mm_closed_R5_single_refY_005.mp4,GP_Is_10.5mm_closed_R5_single_refY_005-raw03-09-nbr+1,dg3_neighbors/images/GP_Is_10.5mm_closed_R5_single_refY_005-raw03-09-nbr+1.jpg,False
GP_Is_10.5mm_closed_R5_single_refY_005-raw03-09,GP_Is_10.5mm_closed_R5_single_refY,GP_Is_10.5mm_closed_R5_single_refY_005,3,2,409,raw/GP_Is_10.5mm_closed_R5_single_refY_005.mp4,GP_Is_10.5mm_closed_R5_single_refY_005-raw03-09-nbr+2,dg3_neighbors/images/GP_Is_10.5mm_closed_R5_single_refY_005-raw03-09-nbr+2.jpg,False
GP_Is_10.5mm_closed_R5_single_refY_005-raw03-09,GP_Is_10.5mm_closed_R5_single_refY,GP_Is_10.5mm_closed_R5_single_refY_005,3,3,410,raw/GP_Is_10.5mm_closed_R5_single_refY_005.mp4,GP_Is_10.5mm_closed_R5_single_refY_005-raw03-09-nbr+3,dg3_neighbors/images/GP_Is_10.5mm_closed_R5_single_refY_005-raw03-09-nbr+3.jpg,False
GP_Is_10.5mm_closed_R5_single_refY_005-raw04-04,GP_Is_10.5mm_closed_R5_single_refY,GP_Is_10.5mm_closed_R5_single_refY_005,4,-3,528,raw/GP_Is_10.5mm_closed_R5_single_refY_005.mp4,GP_Is_10.5mm_closed_R5_single_refY_005-raw04-04-nbr-3,dg3_neighbors/images/GP_Is_10.5mm_closed_R5_single_refY_005-raw04-04-nbr-3.jpg,False
GP_Is_10.5mm_closed_R5_single_refY_005-raw04-04,GP_Is_10.5mm_closed_R5_single_refY,GP_Is_10.5mm_closed_R5_single_refY_005,4,-2,529,raw/GP_Is_10.5mm_closed_R5_single_refY_005.mp4,GP_Is_10.5mm_closed_R5_single_refY_005-raw04-04-nbr-2,dg3_neighbors/images/GP_Is_10.5mm_closed_R5_single_refY_005-raw04-04-nbr-2.jpg,False
GP_Is_10.5mm_closed_R5_single_refY_005-raw04-04,GP_Is_10.5mm_closed_R5_single_refY,GP_Is_10.5mm_closed_R5_single_refY_005,4,-1,530,raw/GP_Is_10.5mm_closed_R5_single_refY_005.mp4,GP_Is_10.5mm_closed_R5_single_refY_005-raw04-04-nbr-1,dg3_neighbors/images/GP_Is_10.5mm_closed_R5_single_refY_005-raw04-04-nbr-1.jpg,False
GP_Is_10.5mm_closed_R5_single_refY_005-raw04-04,GP_Is_10.5mm_closed_R5_single_refY,GP_Is_10.5mm_closed_R5_single_refY_005,4,0,531,raw/GP_Is_10.5mm_closed_R5_single_refY_005.mp4,GP_Is_10.5mm_closed_R5_single_refY_005-raw04-04-nbr+0,dg3_neighbors/images/GP_Is_10.5mm_closed_R5_single_refY_005-raw04-04-nbr+0.jpg,True
GP_Is_10.5mm_closed_R5_single_refY_005-raw04-04,GP_Is_10.5mm_closed_R5_single_refY,GP_Is_10.5mm_closed_R5_single_refY_005,4,1,532,raw/GP_Is_10.5mm_closed_R5_single_refY_005.mp4,GP_Is_10.5mm_closed_R5_single_refY_005-raw04-04-nbr+1,dg3_neighbors/images/GP_Is_10.5mm_closed_R5_single_refY_005-raw04-04-nbr+1.jpg,False
GP_Is_10.5mm_closed_R5_single_refY_005-raw04-04,GP_Is_10.5mm_closed_R5_single_refY,GP_Is_10.5mm_closed_R5_single_refY_005,4,2,533,raw/GP_Is_10.5mm_closed_R5_single_refY_005.mp4,GP_Is_10.5mm_closed_R5_single_refY_005-raw04-04-nbr+2,dg3_neighbors/images/GP_Is_10.5mm_closed_R5_single_refY_005-raw04-04-nbr+2.jpg,False
GP_Is_10.5mm_closed_R5_single_refY_005-raw04-04,GP_Is_10.5mm_closed_R5_single_refY,GP_Is_10.5mm_closed_R5_single_refY_005,4,3,534,raw/GP_Is_10.5mm_closed_R5_single_refY_005.mp4,GP_Is_10.5mm_closed_R5_single_refY_005-raw04-04-nbr+3,dg3_neighbors/images/GP_Is_10.5mm_closed_R5_single_refY_005-raw04-04-nbr+3.jpg,False
GP_Is_10.5mm_closed_R5_single_refY_005-raw05-10,GP_Is_10.5mm_closed_R5_single_refY,GP_Is_10.5mm_closed_R5_single_refY_005,5,-3,723,raw/GP_Is_10.5mm_closed_R5_single_refY_005.mp4,GP_Is_10.5mm_closed_R5_single_refY_005-raw05-10-nbr-3,dg3_neighbors/images/GP_Is_10.5mm_closed_R5_single_refY_005-raw05-10-nbr-3.jpg,False
GP_Is_10.5mm_closed_R5_single_refY_005-raw05-10,GP_Is_10.5mm_closed_R5_single_refY,GP_Is_10.5mm_closed_R5_single_refY_005,5,-2,724,raw/GP_Is_10.5mm_closed_R5_single_refY_005.mp4,GP_Is_10.5mm_closed_R5_single_refY_005-raw05-10-nbr-2,dg3_neighbors/images/GP_Is_10.5mm_closed_R5_single_refY_005-raw05-10-nbr-2.jpg,False
GP_Is_10.5mm_closed_R5_single_refY_005-raw05-10,GP_Is_10.5mm_closed_R5_single_refY,GP_Is_10.5mm_closed_R5_single_refY_005,5,-1,725,raw/GP_Is_10.5mm_closed_R5_single_refY_005.mp4,GP_Is_10.5mm_closed_R5_single_refY_005-raw05-10-nbr-1,dg3_neighbors/images/GP_Is_10.5mm_closed_R5_single_refY_005-raw05-10-nbr-1.jpg,False
GP_Is_10.5mm_closed_R5_single_refY_005-raw05-10,GP_Is_10.5mm_closed_R5_single_refY,GP_Is_10.5mm_closed_R5_single_refY_005,5,0,726,raw/GP_Is_10.5mm_closed_R5_single_refY_005.mp4,GP_Is_10.5mm_closed_R5_single_refY_005-raw05-10-nbr+0,dg3_neighbors/images/GP_Is_10.5mm_closed_R5_single_refY_005-raw05-10-nbr+0.jpg,True
GP_Is_10.5mm_closed_R5_single_refY_005-raw05-10,GP_Is_10.5mm_closed_R5_single_refY,GP_Is_10.5mm_closed_R5_single_refY_005,5,1,727,raw/GP_Is_10.5mm_closed_R5_single_refY_005.mp4,GP_Is_10.5mm_closed_R5_single_refY_005-raw05-10-nbr+1,dg3_neighbors/images/GP_Is_10.5mm_closed_R5_single_refY_005-raw05-10-nbr+1.jpg,False
GP_Is_10.5mm_closed_R5_single_refY_005-raw05-10,GP_Is_10.5mm_closed_R5_single_refY,GP_Is_10.5mm_closed_R5_single_refY_005,5,2,728,raw/GP_Is_10.5mm_closed_R5_single_refY_005.mp4,GP_Is_10.5mm_closed_R5_single_refY_005-raw05-10-nbr+2,dg3_neighbors/images/GP_Is_10.5mm_closed_R5_single_refY_005-raw05-10-nbr+2.jpg,False
GP_Is_10.5mm_closed_R5_single_refY_005-raw05-10,GP_Is_10.5mm_closed_R5_single_refY,GP_Is_10.5mm_closed_R5_single_refY_005,5,3,729,raw/GP_Is_10.5mm_closed_R5_single_refY_005.mp4,GP_Is_10.5mm_closed_R5_single_refY_005-raw05-10-nbr+3,dg3_neighbors/images/GP_Is_10.5mm_closed_R5_single_refY_005-raw05-10-nbr+3.jpg,False
GP_Is_14.0mm_closed_R10_single_refY_004-raw01-20,GP_Is_14.0mm_closed_R10_single_refY,GP_Is_14.0mm_closed_R10_single_refY_004,1,-3,206,raw/GP_Is_14.0mm_closed_R10_single_refY_004.mp4,GP_Is_14.0mm_closed_R10_single_refY_004-raw01-20-nbr-3,dg3_neighbors/images/GP_Is_14.0mm_closed_R10_single_refY_004-raw01-20-nbr-3.jpg,False
GP_Is_14.0mm_closed_R10_single_refY_004-raw01-20,GP_Is_14.0mm_closed_R10_single_refY,GP_Is_14.0mm_closed_R10_single_refY_004,1,-2,207,raw/GP_Is_14.0mm_closed_R10_single_refY_004.mp4,GP_Is_14.0mm_closed_R10_single_refY_004-raw01-20-nbr-2,dg3_neighbors/images/GP_Is_14.0mm_closed_R10_single_refY_004-raw01-20-nbr-2.jpg,False
GP_Is_14.0mm_closed_R10_single_refY_004-raw01-20,GP_Is_14.0mm_closed_R10_single_refY,GP_Is_14.0mm_closed_R10_single_refY_004,1,-1,208,raw/GP_Is_14.0mm_closed_R10_single_refY_004.mp4,GP_Is_14.0mm_closed_R10_single_refY_004-raw01-20-nbr-1,dg3_neighbors/images/GP_Is_14.0mm_closed_R10_single_refY_004-raw01-20-nbr-1.jpg,False
GP_Is_14.0mm_closed_R10_single_refY_004-raw01-20,GP_Is_14.0mm_closed_R10_single_refY,GP_Is_14.0mm_closed_R10_single_refY_004,1,0,209,raw/GP_Is_14.0mm_closed_R10_single_refY_004.mp4,GP_Is_14.0mm_closed_R10_single_refY_004-raw01-20-nbr+0,dg3_neighbors/images/GP_Is_14.0mm_closed_R10_single_refY_004-raw01-20-nbr+0.jpg,True
GP_Is_14.0mm_closed_R10_single_refY_004-raw01-20,GP_Is_14.0mm_closed_R10_single_refY,GP_Is_14.0mm_closed_R10_single_refY_004,1,1,210,raw/GP_Is_14.0mm_closed_R10_single_refY_004.mp4,GP_Is_14.0mm_closed_R10_single_refY_004-raw01-20-nbr+1,dg3_neighbors/images/GP_Is_14.0mm_closed_R10_single_refY_004-raw01-20-nbr+1.jpg,False
GP_Is_14.0mm_closed_R10_single_refY_004-raw01-20,GP_Is_14.0mm_closed_R10_single_refY,GP_Is_14.0mm_closed_R10_single_refY_004,1,2,211,raw/GP_Is_14.0mm_closed_R10_single_refY_004.mp4,GP_Is_14.0mm_closed_R10_single_refY_004-raw01-20-nbr+2,dg3_neighbors/images/GP_Is_14.0mm_closed_R10_single_refY_004-raw01-20-nbr+2.jpg,False
GP_Is_14.0mm_closed_R10_single_refY_004-raw01-20,GP_Is_14.0mm_closed_R10_single_refY,GP_Is_14.0mm_closed_R10_single_refY_004,1,3,212,raw/GP_Is_14.0mm_closed_R10_single_refY_004.mp4,GP_Is_14.0mm_closed_R10_single_refY_004-raw01-20-nbr+3,dg3_neighbors/images/GP_Is_14.0mm_closed_R10_single_refY_004-raw01-20-nbr+3.jpg,False
GP_Is_14.0mm_closed_R10_single_refY_004-raw02-20,GP_Is_14.0mm_closed_R10_single_refY,GP_Is_14.0mm_closed_R10_single_refY_004,2,-3,402,raw/GP_Is_14.0mm_closed_R10_single_refY_004.mp4,GP_Is_14.0mm_closed_R10_single_refY_004-raw02-20-nbr-3,dg3_neighbors/images/GP_Is_14.0mm_closed_R10_single_refY_004-raw02-20-nbr-3.jpg,False
GP_Is_14.0mm_closed_R10_single_refY_004-raw02-20,GP_Is_14.0mm_closed_R10_single_refY,GP_Is_14.0mm_closed_R10_single_refY_004,2,-2,403,raw/GP_Is_14.0mm_closed_R10_single_refY_004.mp4,GP_Is_14.0mm_closed_R10_single_refY_004-raw02-20-nbr-2,dg3_neighbors/images/GP_Is_14.0mm_closed_R10_single_refY_004-raw02-20-nbr-2.jpg,False
GP_Is_14.0mm_closed_R10_single_refY_004-raw02-20,GP_Is_14.0mm_closed_R10_single_refY,GP_Is_14.0mm_closed_R10_single_refY_004,2,-1,404,raw/GP_Is_14.0mm_closed_R10_single_refY_004.mp4,GP_Is_14.0mm_closed_R10_single_refY_004-raw02-20-nbr-1,dg3_neighbors/images/GP_Is_14.0mm_closed_R10_single_refY_004-raw02-20-nbr-1.jpg,False
GP_Is_14.0mm_closed_R10_single_refY_004-raw02-20,GP_Is_14.0mm_closed_R10_single_refY,GP_Is_14.0mm_closed_R10_single_refY_004,2,0,405,raw/GP_Is_14.0mm_closed_R10_single_refY_004.mp4,GP_Is_14.0mm_closed_R10_single_refY_004-raw02-20-nbr+0,dg3_neighbors/images/GP_Is_14.0mm_closed_R10_single_refY_004-raw02-20-nbr+0.jpg,True
GP_Is_14.0mm_closed_R10_single_refY_004-raw02-20,GP_Is_14.0mm_closed_R10_single_refY,GP_Is_14.0mm_closed_R10_single_refY_004,2,1,406,raw/GP_Is_14.0mm_closed_R10_single_refY_004.mp4,GP_Is_14.0mm_closed_R10_single_refY_004-raw02-20-nbr+1,dg3_neighbors/images/GP_Is_14.0mm_closed_R10_single_refY_004-raw02-20-nbr+1.jpg,False
GP_Is_14.0mm_closed_R10_single_refY_004-raw02-20,GP_Is_14.0mm_closed_R10_single_refY,GP_Is_14.0mm_closed_R10_single_refY_004,2,2,407,raw/GP_Is_14.0mm_closed_R10_single_refY_004.mp4,GP_Is_14.0mm_closed_R10_single_refY_004-raw02-20-nbr+2,dg3_neighbors/images/GP_Is_14.0mm_closed_R10_single_refY_004-raw02-20-nbr+2.jpg,False
GP_Is_14.0mm_closed_R10_single_refY_004-raw02-20,GP_Is_14.0mm_closed_R10_single_refY,GP_Is_14.0mm_closed_R10_single_refY_004,2,3,408,raw/GP_Is_14.0mm_closed_R10_single_refY_004.mp4,GP_Is_14.0mm_closed_R10_single_refY_004-raw02-20-nbr+3,dg3_neighbors/images/GP_Is_14.0mm_closed_R10_single_refY_004-raw02-20-nbr+3.jpg,False
GP_Is_14.0mm_closed_R10_single_refY_004-raw03-03,GP_Is_14.0mm_closed_R10_single_refY,GP_Is_14.0mm_closed_R10_single_refY_004,3,-3,459,raw/GP_Is_14.0mm_closed_R10_single_refY_004.mp4,GP_Is_14.0mm_closed_R10_single_refY_004-raw03-03-nbr-3,dg3_neighbors/images/GP_Is_14.0mm_closed_R10_single_refY_004-raw03-03-nbr-3.jpg,False
GP_Is_14.0mm_closed_R10_single_refY_004-raw03-03,GP_Is_14.0mm_closed_R10_single_refY,GP_Is_14.0mm_closed_R10_single_refY_004,3,-2,460,raw/GP_Is_14.0mm_closed_R10_single_refY_004.mp4,GP_Is_14.0mm_closed_R10_single_refY_004-raw03-03-nbr-2,dg3_neighbors/images/GP_Is_14.0mm_closed_R10_single_refY_004-raw03-03-nbr-2.jpg,False
GP_Is_14.0mm_closed_R10_single_refY_004-raw03-03,GP_Is_14.0mm_closed_R10_single_refY,GP_Is_14.0mm_closed_R10_single_refY_004,3,-1,461,raw/GP_Is_14.0mm_closed_R10_single_refY_004.mp4,GP_Is_14.0mm_closed_R10_single_refY_004-raw03-03-nbr-1,dg3_neighbors/images/GP_Is_14.0mm_closed_R10_single_refY_004-raw03-03-nbr-1.jpg,False
GP_Is_14.0mm_closed_R10_single_refY_004-raw03-03,GP_Is_14.0mm_closed_R10_single_refY,GP_Is_14.0mm_closed_R10_single_refY_004,3,0,462,raw/GP_Is_14.0mm_closed_R10_single_refY_004.mp4,GP_Is_14.0mm_closed_R10_single_refY_004-raw03-03-nbr+0,dg3_neighbors/images/GP_Is_14.0mm_closed_R10_single_refY_004-raw03-03-nbr+0.jpg,True
GP_Is_14.0mm_closed_R10_single_refY_004-raw03-03,GP_Is_14.0mm_closed_R10_single_refY,GP_Is_14.0mm_closed_R10_single_refY_004,3,1,463,raw/GP_Is_14.0mm_closed_R10_single_refY_004.mp4,GP_Is_14.0mm_closed_R10_single_refY_004-raw03-03-nbr+1,dg3_neighbors/images/GP_Is_14.0mm_closed_R10_single_refY_004-raw03-03-nbr+1.jpg,False
GP_Is_14.0mm_closed_R10_single_refY_004-raw03-03,GP_Is_14.0mm_closed_R10_single_refY,GP_Is_14.0mm_closed_R10_single_refY_004,3,2,464,raw/GP_Is_14.0mm_closed_R10_single_refY_004.mp4,GP_Is_14.0mm_closed_R10_single_refY_004-raw03-03-nbr+2,dg3_neighbors/images/GP_Is_14.0mm_closed_R10_single_refY_004-raw03-03-nbr+2.jpg,False
GP_Is_14.0mm_closed_R10_single_refY_004-raw03-03,GP_Is_14.0mm_closed_R10_single_refY,GP_Is_14.0mm_closed_R10_single_refY_004,3,3,465,raw/GP_Is_14.0mm_closed_R10_single_refY_004.mp4,GP_Is_14.0mm_closed_R10_single_refY_004-raw03-03-nbr+3,dg3_neighbors/images/GP_Is_14.0mm_closed_R10_single_refY_004-raw03-03-nbr+3.jpg,False
GP_Is_14.0mm_closed_R10_single_refY_004-raw04-04,GP_Is_14.0mm_closed_R10_single_refY,GP_Is_14.0mm_closed_R10_single_refY_004,4,-3,663,raw/GP_Is_14.0mm_closed_R10_single_refY_004.mp4,GP_Is_14.0mm_closed_R10_single_refY_004-raw04-04-nbr-3,dg3_neighbors/images/GP_Is_14.0mm_closed_R10_single_refY_004-raw04-04-nbr-3.jpg,False
GP_Is_14.0mm_closed_R10_single_refY_004-raw04-04,GP_Is_14.0mm_closed_R10_single_refY,GP_Is_14.0mm_closed_R10_single_refY_004,4,-2,664,raw/GP_Is_14.0mm_closed_R10_single_refY_004.mp4,GP_Is_14.0mm_closed_R10_single_refY_004-raw04-04-nbr-2,dg3_neighbors/images/GP_Is_14.0mm_closed_R10_single_refY_004-raw04-04-nbr-2.jpg,False
GP_Is_14.0mm_closed_R10_single_refY_004-raw04-04,GP_Is_14.0mm_closed_R10_single_refY,GP_Is_14.0mm_closed_R10_single_refY_004,4,-1,665,raw/GP_Is_14.0mm_closed_R10_single_refY_004.mp4,GP_Is_14.0mm_closed_R10_single_refY_004-raw04-04-nbr-1,dg3_neighbors/images/GP_Is_14.0mm_closed_R10_single_refY_004-raw04-04-nbr-1.jpg,False
GP_Is_14.0mm_closed_R10_single_refY_004-raw04-04,GP_Is_14.0mm_closed_R10_single_refY,GP_Is_14.0mm_closed_R10_single_refY_004,4,0,666,raw/GP_Is_14.0mm_closed_R10_single_refY_004.mp4,GP_Is_14.0mm_closed_R10_single_refY_004-raw04-04-nbr+0,dg3_neighbors/images/GP_Is_14.0mm_closed_R10_single_refY_004-raw04-04-nbr+0.jpg,True
GP_Is_14.0mm_closed_R10_single_refY_004-raw04-04,GP_Is_14.0mm_closed_R10_single_refY,GP_Is_14.0mm_closed_R10_single_refY_004,4,1,667,raw/GP_Is_14.0mm_closed_R10_single_refY_004.mp4,GP_Is_14.0mm_closed_R10_single_refY_004-raw04-04-nbr+1,dg3_neighbors/images/GP_Is_14.0mm_closed_R10_single_refY_004-raw04-04-nbr+1.jpg,False
GP_Is_14.0mm_closed_R10_single_refY_004-raw04-04,GP_Is_14.0mm_closed_R10_single_refY,GP_Is_14.0mm_closed_R10_single_refY_004,4,2,668,raw/GP_Is_14.0mm_closed_R10_single_refY_004.mp4,GP_Is_14.0mm_closed_R10_single_refY_004-raw04-04-nbr+2,dg3_neighbors/images/GP_Is_14.0mm_closed_R10_single_refY_004-raw04-04-nbr+2.jpg,False
GP_Is_14.0mm_closed_R10_single_refY_004-raw04-04,GP_Is_14.0mm_closed_R10_single_refY,GP_Is_14.0mm_closed_R10_single_refY_004,4,3,669,raw/GP_Is_14.0mm_closed_R10_single_refY_004.mp4,GP_Is_14.0mm_closed_R10_single_refY_004-raw04-04-nbr+3,dg3_neighbors/images/GP_Is_14.0mm_closed_R10_single_refY_004-raw04-04-nbr+3.jpg,False
GP_Is_14.0mm_closed_R10_single_refY_004-raw05-02,GP_Is_14.0mm_closed_R10_single_refY,GP_Is_14.0mm_closed_R10_single_refY_004,5,-3,843,raw/GP_Is_14.0mm_closed_R10_single_refY_004.mp4,GP_Is_14.0mm_closed_R10_single_refY_004-raw05-02-nbr-3,dg3_neighbors/images/GP_Is_14.0mm_closed_R10_single_refY_004-raw05-02-nbr-3.jpg,False
GP_Is_14.0mm_closed_R10_single_refY_004-raw05-02,GP_Is_14.0mm_closed_R10_single_refY,GP_Is_14.0mm_closed_R10_single_refY_004,5,-2,844,raw/GP_Is_14.0mm_closed_R10_single_refY_004.mp4,GP_Is_14.0mm_closed_R10_single_refY_004-raw05-02-nbr-2,dg3_neighbors/images/GP_Is_14.0mm_closed_R10_single_refY_004-raw05-02-nbr-2.jpg,False
GP_Is_14.0mm_closed_R10_single_refY_004-raw05-02,GP_Is_14.0mm_closed_R10_single_refY,GP_Is_14.0mm_closed_R10_single_refY_004,5,-1,845,raw/GP_Is_14.0mm_closed_R10_single_refY_004.mp4,GP_Is_14.0mm_closed_R10_single_refY_004-raw05-02-nbr-1,dg3_neighbors/images/GP_Is_14.0mm_closed_R10_single_refY_004-raw05-02-nbr-1.jpg,False
GP_Is_14.0mm_closed_R10_single_refY_004-raw05-02,GP_Is_14.0mm_closed_R10_single_refY,GP_Is_14.0mm_closed_R10_single_refY_004,5,0,846,raw/GP_Is_14.0mm_closed_R10_single_refY_004.mp4,GP_Is_14.0mm_closed_R10_single_refY_004-raw05-02-nbr+0,dg3_neighbors/images/GP_Is_14.0mm_closed_R10_single_refY_004-raw05-02-nbr+0.jpg,True
GP_Is_14.0mm_closed_R10_single_refY_004-raw05-02,GP_Is_14.0mm_closed_R10_single_refY,GP_Is_14.0mm_closed_R10_single_refY_004,5,1,847,raw/GP_Is_14.0mm_closed_R10_single_refY_004.mp4,GP_Is_14.0mm_closed_R10_single_refY_004-raw05-02-nbr+1,dg3_neighbors/images/GP_Is_14.0mm_closed_R10_single_refY_004-raw05-02-nbr+1.jpg,False
GP_Is_14.0mm_closed_R10_single_refY_004-raw05-02,GP_Is_14.0mm_closed_R10_single_refY,GP_Is_14.0mm_closed_R10_single_refY_004,5,2,848,raw/GP_Is_14.0mm_closed_R10_single_refY_004.mp4,GP_Is_14.0mm_closed_R10_single_refY_004-raw05-02-nbr+2,dg3_neighbors/images/GP_Is_14.0mm_closed_R10_single_refY_004-raw05-02-nbr+2.jpg,False
GP_Is_14.0mm_closed_R10_single_refY_004-raw05-02,GP_Is_14.0mm_closed_R10_single_refY,GP_Is_14.0mm_closed_R10_single_refY_004,5,3,849,raw/GP_Is_14.0mm_closed_R10_single_refY_004.mp4,GP_Is_14.0mm_closed_R10_single_refY_004-raw05-02-nbr+3,dg3_neighbors/images/GP_Is_14.0mm_closed_R10_single_refY_004-raw05-02-nbr+3.jpg,False
GP_Is_14.0mm_closed_R10_single_refY_005-raw01-21,GP_Is_14.0mm_closed_R10_single_refY,GP_Is_14.0mm_closed_R10_single_refY_005,1,-3,224,raw/GP_Is_14.0mm_closed_R10_single_refY_005.mp4,GP_Is_14.0mm_closed_R10_single_refY_005-raw01-21-nbr-3,dg3_neighbors/images/GP_Is_14.0mm_closed_R10_single_refY_005-raw01-21-nbr-3.jpg,False
GP_Is_14.0mm_closed_R10_single_refY_005-raw01-21,GP_Is_14.0mm_closed_R10_single_refY,GP_Is_14.0mm_closed_R10_single_refY_005,1,-2,225,raw/GP_Is_14.0mm_closed_R10_single_refY_005.mp4,GP_Is_14.0mm_closed_R10_single_refY_005-raw01-21-nbr-2,dg3_neighbors/images/GP_Is_14.0mm_closed_R10_single_refY_005-raw01-21-nbr-2.jpg,False
GP_Is_14.0mm_closed_R10_single_refY_005-raw01-21,GP_Is_14.0mm_closed_R10_single_refY,GP_Is_14.0mm_closed_R10_single_refY_005,1,-1,226,raw/GP_Is_14.0mm_closed_R10_single_refY_005.mp4,GP_Is_14.0mm_closed_R10_single_refY_005-raw01-21-nbr-1,dg3_neighbors/images/GP_Is_14.0mm_closed_R10_single_refY_005-raw01-21-nbr-1.jpg,False
GP_Is_14.0mm_closed_R10_single_refY_005-raw01-21,GP_Is_14.0mm_closed_R10_single_refY,GP_Is_14.0mm_closed_R10_single_refY_005,1,0,227,raw/GP_Is_14.0mm_closed_R10_single_refY_005.mp4,GP_Is_14.0mm_closed_R10_single_refY_005-raw01-21-nbr+0,dg3_neighbors/images/GP_Is_14.0mm_closed_R10_single_refY_005-raw01-21-nbr+0.jpg,True
GP_Is_14.0mm_closed_R10_single_refY_005-raw01-21,GP_Is_14.0mm_closed_R10_single_refY,GP_Is_14.0mm_closed_R10_single_refY_005,1,1,228,raw/GP_Is_14.0mm_closed_R10_single_refY_005.mp4,GP_Is_14.0mm_closed_R10_single_refY_005-raw01-21-nbr+1,dg3_neighbors/images/GP_Is_14.0mm_closed_R10_single_refY_005-raw01-21-nbr+1.jpg,False
GP_Is_14.0mm_closed_R10_single_refY_005-raw01-21,GP_Is_14.0mm_closed_R10_single_refY,GP_Is_14.0mm_closed_R10_single_refY_005,1,2,229,raw/GP_Is_14.0mm_closed_R10_single_refY_005.mp4,GP_Is_14.0mm_closed_R10_single_refY_005-raw01-21-nbr+2,dg3_neighbors/images/GP_Is_14.0mm_closed_R10_single_refY_005-raw01-21-nbr+2.jpg,False
GP_Is_14.0mm_closed_R10_single_refY_005-raw01-21,GP_Is_14.0mm_closed_R10_single_refY,GP_Is_14.0mm_closed_R10_single_refY_005,1,3,230,raw/GP_Is_14.0mm_closed_R10_single_refY_005.mp4,GP_Is_14.0mm_closed_R10_single_refY_005-raw01-21-nbr+3,dg3_neighbors/images/GP_Is_14.0mm_closed_R10_single_refY_005-raw01-21-nbr+3.jpg,False
GP_Is_14.0mm_closed_R10_single_refY_005-raw02-12,GP_Is_14.0mm_closed_R10_single_refY,GP_Is_14.0mm_closed_R10_single_refY_005,2,-3,352,raw/GP_Is_14.0mm_closed_R10_single_refY_005.mp4,GP_Is_14.0mm_closed_R10_single_refY_005-raw02-12-nbr-3,dg3_neighbors/images/GP_Is_14.0mm_closed_R10_single_refY_005-raw02-12-nbr-3.jpg,False
GP_Is_14.0mm_closed_R10_single_refY_005-raw02-12,GP_Is_14.0mm_closed_R10_single_refY,GP_Is_14.0mm_closed_R10_single_refY_005,2,-2,353,raw/GP_Is_14.0mm_closed_R10_single_refY_005.mp4,GP_Is_14.0mm_closed_R10_single_refY_005-raw02-12-nbr-2,dg3_neighbors/images/GP_Is_14.0mm_closed_R10_single_refY_005-raw02-12-nbr-2.jpg,False
GP_Is_14.0mm_closed_R10_single_refY_005-raw02-12,GP_Is_14.0mm_closed_R10_single_refY,GP_Is_14.0mm_closed_R10_single_refY_005,2,-1,354,raw/GP_Is_14.0mm_closed_R10_single_refY_005.mp4,GP_Is_14.0mm_closed_R10_single_refY_005-raw02-12-nbr-1,dg3_neighbors/images/GP_Is_14.0mm_closed_R10_single_refY_005-raw02-12-nbr-1.jpg,False
GP_Is_14.0mm_closed_R10_single_refY_005-raw02-12,GP_Is_14.0mm_closed_R10_single_refY,GP_Is_14.0mm_closed_R10_single_refY_005,2,0,355,raw/GP_Is_14.0mm_closed_R10_single_refY_005.mp4,GP_Is_14.0mm_closed_R10_single_refY_005-raw02-12-nbr+0,dg3_neighbors/images/GP_Is_14.0mm_closed_R10_single_refY_005-raw02-12-nbr+0.jpg,True
GP_Is_14.0mm_closed_R10_single_refY_005-raw02-12,GP_Is_14.0mm_closed_R10_single_refY,GP_Is_14.0mm_closed_R10_single_refY_005,2,1,356,raw/GP_Is_14.0mm_closed_R10_single_refY_005.mp4,GP_Is_14.0mm_closed_R10_single_refY_005-raw02-12-nbr+1,dg3_neighbors/images/GP_Is_14.0mm_closed_R10_single_refY_005-raw02-12-nbr+1.jpg,False
GP_Is_14.0mm_closed_R10_single_refY_005-raw02-12,GP_Is_14.0mm_closed_R10_single_refY,GP_Is_14.0mm_closed_R10_single_refY_005,2,2,357,raw/GP_Is_14.0mm_closed_R10_single_refY_005.mp4,GP_Is_14.0mm_closed_R10_single_refY_005-raw02-12-nbr+2,dg3_neighbors/images/GP_Is_14.0mm_closed_R10_single_refY_005-raw02-12-nbr+2.jpg,False
GP_Is_14.0mm_closed_R10_single_refY_005-raw02-12,GP_Is_14.0mm_closed_R10_single_refY,GP_Is_14.0mm_closed_R10_single_refY_005,2,3,358,raw/GP_Is_14.0mm_closed_R10_single_refY_005.mp4,GP_Is_14.0mm_closed_R10_single_refY_005-raw02-12-nbr+3,dg3_neighbors/images/GP_Is_14.0mm_closed_R10_single_refY_005-raw02-12-nbr+3.jpg,False
GP_Is_14.0mm_closed_R10_single_refY_005-raw03-10,GP_Is_14.0mm_closed_R10_single_refY,GP_Is_14.0mm_closed_R10_single_refY_005,3,-3,540,raw/GP_Is_14.0mm_closed_R10_single_refY_005.mp4,GP_Is_14.0mm_closed_R10_single_refY_005-raw03-10-nbr-3,dg3_neighbors/images/GP_Is_14.0mm_closed_R10_single_refY_005-raw03-10-nbr-3.jpg,False
GP_Is_14.0mm_closed_R10_single_refY_005-raw03-10,GP_Is_14.0mm_closed_R10_single_refY,GP_Is_14.0mm_closed_R10_single_refY_005,3,-2,541,raw/GP_Is_14.0mm_closed_R10_single_refY_005.mp4,GP_Is_14.0mm_closed_R10_single_refY_005-raw03-10-nbr-2,dg3_neighbors/images/GP_Is_14.0mm_closed_R10_single_refY_005-raw03-10-nbr-2.jpg,False
GP_Is_14.0mm_closed_R10_single_refY_005-raw03-10,GP_Is_14.0mm_closed_R10_single_refY,GP_Is_14.0mm_closed_R10_single_refY_005,3,-1,542,raw/GP_Is_14.0mm_closed_R10_single_refY_005.mp4,GP_Is_14.0mm_closed_R10_single_refY_005-raw03-10-nbr-1,dg3_neighbors/images/GP_Is_14.0mm_closed_R10_single_refY_005-raw03-10-nbr-1.jpg,False
GP_Is_14.0mm_closed_R10_single_refY_005-raw03-10,GP_Is_14.0mm_closed_R10_single_refY,GP_Is_14.0mm_closed_R10_single_refY_005,3,0,543,raw/GP_Is_14.0mm_closed_R10_single_refY_005.mp4,GP_Is_14.0mm_closed_R10_single_refY_005-raw03-10-nbr+0,dg3_neighbors/images/GP_Is_14.0mm_closed_R10_single_refY_005-raw03-10-nbr+0.jpg,True
GP_Is_14.0mm_closed_R10_single_refY_005-raw03-10,GP_Is_14.0mm_closed_R10_single_refY,GP_Is_14.0mm_closed_R10_single_refY_005,3,1,544,raw/GP_Is_14.0mm_closed_R10_single_refY_005.mp4,GP_Is_14.0mm_closed_R10_single_refY_005-raw03-10-nbr+1,dg3_neighbors/images/GP_Is_14.0mm_closed_R10_single_refY_005-raw03-10-nbr+1.jpg,False
GP_Is_14.0mm_closed_R10_single_refY_005-raw03-10,GP_Is_14.0mm_closed_R10_single_refY,GP_Is_14.0mm_closed_R10_single_refY_005,3,2,545,raw/GP_Is_14.0mm_closed_R10_single_refY_005.mp4,GP_Is_14.0mm_closed_R10_single_refY_005-raw03-10-nbr+2,dg3_neighbors/images/GP_Is_14.0mm_closed_R10_single_refY_005-raw03-10-nbr+2.jpg,False
GP_Is_14.0mm_closed_R10_single_refY_005-raw03-10,GP_Is_14.0mm_closed_R10_single_refY,GP_Is_14.0mm_closed_R10_single_refY_005,3,3,546,raw/GP_Is_14.0mm_closed_R10_single_refY_005.mp4,GP_Is_14.0mm_closed_R10_single_refY_005-raw03-10-nbr+3,dg3_neighbors/images/GP_Is_14.0mm_closed_R10_single_refY_005-raw03-10-nbr+3.jpg,False
GP_Is_14.0mm_closed_R10_single_refY_005-raw04-17,GP_Is_14.0mm_closed_R10_single_refY,GP_Is_14.0mm_closed_R10_single_refY_005,4,-3,805,raw/GP_Is_14.0mm_closed_R10_single_refY_005.mp4,GP_Is_14.0mm_closed_R10_single_refY_005-raw04-17-nbr-3,dg3_neighbors/images/GP_Is_14.0mm_closed_R10_single_refY_005-raw04-17-nbr-3.jpg,False
GP_Is_14.0mm_closed_R10_single_refY_005-raw04-17,GP_Is_14.0mm_closed_R10_single_refY,GP_Is_14.0mm_closed_R10_single_refY_005,4,-2,806,raw/GP_Is_14.0mm_closed_R10_single_refY_005.mp4,GP_Is_14.0mm_closed_R10_single_refY_005-raw04-17-nbr-2,dg3_neighbors/images/GP_Is_14.0mm_closed_R10_single_refY_005-raw04-17-nbr-2.jpg,False
GP_Is_14.0mm_closed_R10_single_refY_005-raw04-17,GP_Is_14.0mm_closed_R10_single_refY,GP_Is_14.0mm_closed_R10_single_refY_005,4,-1,807,raw/GP_Is_14.0mm_closed_R10_single_refY_005.mp4,GP_Is_14.0mm_closed_R10_single_refY_005-raw04-17-nbr-1,dg3_neighbors/images/GP_Is_14.0mm_closed_R10_single_refY_005-raw04-17-nbr-1.jpg,False
GP_Is_14.0mm_closed_R10_single_refY_005-raw04-17,GP_Is_14.0mm_closed_R10_single_refY,GP_Is_14.0mm_closed_R10_single_refY_005,4,0,808,raw/GP_Is_14.0mm_closed_R10_single_refY_005.mp4,GP_Is_14.0mm_closed_R10_single_refY_005-raw04-17-nbr+0,dg3_neighbors/images/GP_Is_14.0mm_closed_R10_single_refY_005-raw04-17-nbr+0.jpg,True
GP_Is_14.0mm_closed_R10_single_refY_005-raw04-17,GP_Is_14.0mm_closed_R10_single_refY,GP_Is_14.0mm_closed_R10_single_refY_005,4,1,809,raw/GP_Is_14.0mm_closed_R10_single_refY_005.mp4,GP_Is_14.0mm_closed_R10_single_refY_005-raw04-17-nbr+1,dg3_neighbors/images/GP_Is_14.0mm_closed_R10_single_refY_005-raw04-17-nbr+1.jpg,False
GP_Is_14.0mm_closed_R10_single_refY_005-raw04-17,GP_Is_14.0mm_closed_R10_single_refY,GP_Is_14.0mm_closed_R10_single_refY_005,4,2,810,raw/GP_Is_14.0mm_closed_R10_single_refY_005.mp4,GP_Is_14.0mm_closed_R10_single_refY_005-raw04-17-nbr+2,dg3_neighbors/images/GP_Is_14.0mm_closed_R10_single_refY_005-raw04-17-nbr+2.jpg,False
GP_Is_14.0mm_closed_R10_single_refY_005-raw04-17,GP_Is_14.0mm_closed_R10_single_refY,GP_Is_14.0mm_closed_R10_single_refY_005,4,3,811,raw/GP_Is_14.0mm_closed_R10_single_refY_005.mp4,GP_Is_14.0mm_closed_R10_single_refY_005-raw04-17-nbr+3,dg3_neighbors/images/GP_Is_14.0mm_closed_R10_single_refY_005-raw04-17-nbr+3.jpg,False
GP_Is_14.0mm_closed_R10_single_refY_005-raw05-11,GP_Is_14.0mm_closed_R10_single_refY,GP_Is_14.0mm_closed_R10_single_refY_005,5,-3,959,raw/GP_Is_14.0mm_closed_R10_single_refY_005.mp4,GP_Is_14.0mm_closed_R10_single_refY_005-raw05-11-nbr-3,dg3_neighbors/images/GP_Is_14.0mm_closed_R10_single_refY_005-raw05-11-nbr-3.jpg,False
GP_Is_14.0mm_closed_R10_single_refY_005-raw05-11,GP_Is_14.0mm_closed_R10_single_refY,GP_Is_14.0mm_closed_R10_single_refY_005,5,-2,960,raw/GP_Is_14.0mm_closed_R10_single_refY_005.mp4,GP_Is_14.0mm_closed_R10_single_refY_005-raw05-11-nbr-2,dg3_neighbors/images/GP_Is_14.0mm_closed_R10_single_refY_005-raw05-11-nbr-2.jpg,False
GP_Is_14.0mm_closed_R10_single_refY_005-raw05-11,GP_Is_14.0mm_closed_R10_single_refY,GP_Is_14.0mm_closed_R10_single_refY_005,5,-1,961,raw/GP_Is_14.0mm_closed_R10_single_refY_005.mp4,GP_Is_14.0mm_closed_R10_single_refY_005-raw05-11-nbr-1,dg3_neighbors/images/GP_Is_14.0mm_closed_R10_single_refY_005-raw05-11-nbr-1.jpg,False
GP_Is_14.0mm_closed_R10_single_refY_005-raw05-11,GP_Is_14.0mm_closed_R10_single_refY,GP_Is_14.0mm_closed_R10_single_refY_005,5,0,962,raw/GP_Is_14.0mm_closed_R10_single_refY_005.mp4,GP_Is_14.0mm_closed_R10_single_refY_005-raw05-11-nbr+0,dg3_neighbors/images/GP_Is_14.0mm_closed_R10_single_refY_005-raw05-11-nbr+0.jpg,True
GP_Is_14.0mm_closed_R10_single_refY_005-raw05-11,GP_Is_14.0mm_closed_R10_single_refY,GP_Is_14.0mm_closed_R10_single_refY_005,5,1,963,raw/GP_Is_14.0mm_closed_R10_single_refY_005.mp4,GP_Is_14.0mm_closed_R10_single_refY_005-raw05-11-nbr+1,dg3_neighbors/images/GP_Is_14.0mm_closed_R10_single_refY_005-raw05-11-nbr+1.jpg,False
GP_Is_14.0mm_closed_R10_single_refY_005-raw05-11,GP_Is_14.0mm_closed_R10_single_refY,GP_Is_14.0mm_closed_R10_single_refY_005,5,2,964,raw/GP_Is_14.0mm_closed_R10_single_refY_005.mp4,GP_Is_14.0mm_closed_R10_single_refY_005-raw05-11-nbr+2,dg3_neighbors/images/GP_Is_14.0mm_closed_R10_single_refY_005-raw05-11-nbr+2.jpg,False
GP_Is_14.0mm_closed_R10_single_refY_005-raw05-11,GP_Is_14.0mm_closed_R10_single_refY,GP_Is_14.0mm_closed_R10_single_refY_005,5,3,965,raw/GP_Is_14.0mm_closed_R10_single_refY_005.mp4,GP_Is_14.0mm_closed_R10_single_refY_005-raw05-11-nbr+3,dg3_neighbors/images/GP_Is_14.0mm_closed_R10_single_refY_005-raw05-11-nbr+3.jpg,False
GP_Is_14.0mm_closed_R5_single_refY_004-raw01-24,GP_Is_14.0mm_closed_R5_single_refY,GP_Is_14.0mm_closed_R5_single_refY_004,1,-3,144,raw/GP_Is_14.0mm_closed_R5_single_refY_004.mp4,GP_Is_14.0mm_closed_R5_single_refY_004-raw01-24-nbr-3,dg3_neighbors/images/GP_Is_14.0mm_closed_R5_single_refY_004-raw01-24-nbr-3.jpg,False
GP_Is_14.0mm_closed_R5_single_refY_004-raw01-24,GP_Is_14.0mm_closed_R5_single_refY,GP_Is_14.0mm_closed_R5_single_refY_004,1,-2,145,raw/GP_Is_14.0mm_closed_R5_single_refY_004.mp4,GP_Is_14.0mm_closed_R5_single_refY_004-raw01-24-nbr-2,dg3_neighbors/images/GP_Is_14.0mm_closed_R5_single_refY_004-raw01-24-nbr-2.jpg,False
GP_Is_14.0mm_closed_R5_single_refY_004-raw01-24,GP_Is_14.0mm_closed_R5_single_refY,GP_Is_14.0mm_closed_R5_single_refY_004,1,-1,146,raw/GP_Is_14.0mm_closed_R5_single_refY_004.mp4,GP_Is_14.0mm_closed_R5_single_refY_004-raw01-24-nbr-1,dg3_neighbors/images/GP_Is_14.0mm_closed_R5_single_refY_004-raw01-24-nbr-1.jpg,False
GP_Is_14.0mm_closed_R5_single_refY_004-raw01-24,GP_Is_14.0mm_closed_R5_single_refY,GP_Is_14.0mm_closed_R5_single_refY_004,1,0,147,raw/GP_Is_14.0mm_closed_R5_single_refY_004.mp4,GP_Is_14.0mm_closed_R5_single_refY_004-raw01-24-nbr+0,dg3_neighbors/images/GP_Is_14.0mm_closed_R5_single_refY_004-raw01-24-nbr+0.jpg,True
GP_Is_14.0mm_closed_R5_single_refY_004-raw01-24,GP_Is_14.0mm_closed_R5_single_refY,GP_Is_14.0mm_closed_R5_single_refY_004,1,1,148,raw/GP_Is_14.0mm_closed_R5_single_refY_004.mp4,GP_Is_14.0mm_closed_R5_single_refY_004-raw01-24-nbr+1,dg3_neighbors/images/GP_Is_14.0mm_closed_R5_single_refY_004-raw01-24-nbr+1.jpg,False
GP_Is_14.0mm_closed_R5_single_refY_004-raw01-24,GP_Is_14.0mm_closed_R5_single_refY,GP_Is_14.0mm_closed_R5_single_refY_004,1,2,149,raw/GP_Is_14.0mm_closed_R5_single_refY_004.mp4,GP_Is_14.0mm_closed_R5_single_refY_004-raw01-24-nbr+2,dg3_neighbors/images/GP_Is_14.0mm_closed_R5_single_refY_004-raw01-24-nbr+2.jpg,False
GP_Is_14.0mm_closed_R5_single_refY_004-raw01-24,GP_Is_14.0mm_closed_R5_single_refY,GP_Is_14.0mm_closed_R5_single_refY_004,1,3,150,raw/GP_Is_14.0mm_closed_R5_single_refY_004.mp4,GP_Is_14.0mm_closed_R5_single_refY_004-raw01-24-nbr+3,dg3_neighbors/images/GP_Is_14.0mm_closed_R5_single_refY_004-raw01-24-nbr+3.jpg,False
GP_Is_14.0mm_closed_R5_single_refY_004-raw02-01,GP_Is_14.0mm_closed_R5_single_refY,GP_Is_14.0mm_closed_R5_single_refY_004,2,-3,149,raw/GP_Is_14.0mm_closed_R5_single_refY_004.mp4,GP_Is_14.0mm_closed_R5_single_refY_004-raw02-01-nbr-3,dg3_neighbors/images/GP_Is_14.0mm_closed_R5_single_refY_004-raw02-01-nbr-3.jpg,False
GP_Is_14.0mm_closed_R5_single_refY_004-raw02-01,GP_Is_14.0mm_closed_R5_single_refY,GP_Is_14.0mm_closed_R5_single_refY_004,2,-2,150,raw/GP_Is_14.0mm_closed_R5_single_refY_004.mp4,GP_Is_14.0mm_closed_R5_single_refY_004-raw02-01-nbr-2,dg3_neighbors/images/GP_Is_14.0mm_closed_R5_single_refY_004-raw02-01-nbr-2.jpg,False
GP_Is_14.0mm_closed_R5_single_refY_004-raw02-01,GP_Is_14.0mm_closed_R5_single_refY,GP_Is_14.0mm_closed_R5_single_refY_004,2,-1,151,raw/GP_Is_14.0mm_closed_R5_single_refY_004.mp4,GP_Is_14.0mm_closed_R5_single_refY_004-raw02-01-nbr-1,dg3_neighbors/images/GP_Is_14.0mm_closed_R5_single_refY_004-raw02-01-nbr-1.jpg,False
GP_Is_14.0mm_closed_R5_single_refY_004-raw02-01,GP_Is_14.0mm_closed_R5_single_refY,GP_Is_14.0mm_closed_R5_single_refY_004,2,0,152,raw/GP_Is_14.0mm_closed_R5_single_refY_004.mp4,GP_Is_14.0mm_closed_R5_single_refY_004-raw02-01-nbr+0,dg3_neighbors/images/GP_Is_14.0mm_closed_R5_single_refY_004-raw02-01-nbr+0.jpg,True
GP_Is_14.0mm_closed_R5_single_refY_004-raw02-01,GP_Is_14.0mm_closed_R5_single_refY,GP_Is_14.0mm_closed_R5_single_refY_004,2,1,153,raw/GP_Is_14.0mm_closed_R5_single_refY_004.mp4,GP_Is_14.0mm_closed_R5_single_refY_004-raw02-01-nbr+1,dg3_neighbors/images/GP_Is_14.0mm_closed_R5_single_refY_004-raw02-01-nbr+1.jpg,False
GP_Is_14.0mm_closed_R5_single_refY_004-raw02-01,GP_Is_14.0mm_closed_R5_single_refY,GP_Is_14.0mm_closed_R5_single_refY_004,2,2,154,raw/GP_Is_14.0mm_closed_R5_single_refY_004.mp4,GP_Is_14.0mm_closed_R5_single_refY_004-raw02-01-nbr+2,dg3_neighbors/images/GP_Is_14.0mm_closed_R5_single_refY_004-raw02-01-nbr+2.jpg,False
GP_Is_14.0mm_closed_R5_single_refY_004-raw02-01,GP_Is_14.0mm_closed_R5_single_refY,GP_Is_14.0mm_closed_R5_single_refY_004,2,3,155,raw/GP_Is_14.0mm_closed_R5_single_refY_004.mp4,GP_Is_14.0mm_closed_R5_single_refY_004-raw02-01-nbr+3,dg3_neighbors/images/GP_Is_14.0mm_closed_R5_single_refY_004-raw02-01-nbr+3.jpg,False
GP_Is_14.0mm_closed_R5_single_refY_004-raw03-01,GP_Is_14.0mm_closed_R5_single_refY,GP_Is_14.0mm_closed_R5_single_refY_004,3,-3,268,raw/GP_Is_14.0mm_closed_R5_single_refY_004.mp4,GP_Is_14.0mm_closed_R5_single_refY_004-raw03-01-nbr-3,dg3_neighbors/images/GP_Is_14.0mm_closed_R5_single_refY_004-raw03-01-nbr-3.jpg,False
GP_Is_14.0mm_closed_R5_single_refY_004-raw03-01,GP_Is_14.0mm_closed_R5_single_refY,GP_Is_14.0mm_closed_R5_single_refY_004,3,-2,269,raw/GP_Is_14.0mm_closed_R5_single_refY_004.mp4,GP_Is_14.0mm_closed_R5_single_refY_004-raw03-01-nbr-2,dg3_neighbors/images/GP_Is_14.0mm_closed_R5_single_refY_004-raw03-01-nbr-2.jpg,False
GP_Is_14.0mm_closed_R5_single_refY_004-raw03-01,GP_Is_14.0mm_closed_R5_single_refY,GP_Is_14.0mm_closed_R5_single_refY_004,3,-1,270,raw/GP_Is_14.0mm_closed_R5_single_refY_004.mp4,GP_Is_14.0mm_closed_R5_single_refY_004-raw03-01-nbr-1,dg3_neighbors/images/GP_Is_14.0mm_closed_R5_single_refY_004-raw03-01-nbr-1.jpg,False
GP_Is_14.0mm_closed_R5_single_refY_004-raw03-01,GP_Is_14.0mm_closed_R5_single_refY,GP_Is_14.0mm_closed_R5_single_refY_004,3,0,271,raw/GP_Is_14.0mm_closed_R5_single_refY_004.mp4,GP_Is_14.0mm_closed_R5_single_refY_004-raw03-01-nbr+0,dg3_neighbors/images/GP_Is_14.0mm_closed_R5_single_refY_004-raw03-01-nbr+0.jpg,True
GP_Is_14.0mm_closed_R5_single_refY_004-raw03-01,GP_Is_14.0mm_closed_R5_single_refY,GP_Is_14.0mm_closed_R5_single_refY_004,3,1,272,raw/GP_Is_14.0mm_closed_R5_single_refY_004.mp4,GP_Is_14.0mm_closed_R5_single_refY_004-raw03-01-nbr+1,dg3_neighbors/images/GP_Is_14.0mm_closed_R5_single_refY_004-raw03-01-nbr+1.jpg,False
GP_Is_14.0mm_closed_R5_single_refY_004-raw03-01,GP_Is_14.0mm_closed_R5_single_refY,GP_Is_14.0mm_closed_R5_single_refY_004,3,2,273,raw/GP_Is_14.0mm_closed_R5_single_refY_004.mp4,GP_Is_14.0mm_closed_R5_single_refY_004-raw03-01-nbr+2,dg3_neighbors/images/GP_Is_14.0mm_closed_R5_single_refY_004-raw03-01-nbr+2.jpg,False
GP_Is_14.0mm_closed_R5_single_refY_004-raw03-01,GP_Is_14.0mm_closed_R5_single_refY,GP_Is_14.0mm_closed_R5_single_refY_004,3,3,274,raw/GP_Is_14.0mm_closed_R5_single_refY_004.mp4,GP_Is_14.0mm_closed_R5_single_refY_004-raw03-01-nbr+3,dg3_neighbors/images/GP_Is_14.0mm_closed_R5_single_refY_004-raw03-01-nbr+3.jpg,False
GP_Is_14.0mm_closed_R5_single_refY_004-raw04-01,GP_Is_14.0mm_closed_R5_single_refY,GP_Is_14.0mm_closed_R5_single_refY_004,4,-3,387,raw/GP_Is_14.0mm_closed_R5_single_refY_004.mp4,GP_Is_14.0mm_closed_R5_single_refY_004-raw04-01-nbr-3,dg3_neighbors/images/GP_Is_14.0mm_closed_R5_single_refY_004-raw04-01-nbr-3.jpg,False
GP_Is_14.0mm_closed_R5_single_refY_004-raw04-01,GP_Is_14.0mm_closed_R5_single_refY,GP_Is_14.0mm_closed_R5_single_refY_004,4,-2,388,raw/GP_Is_14.0mm_closed_R5_single_refY_004.mp4,GP_Is_14.0mm_closed_R5_single_refY_004-raw04-01-nbr-2,dg3_neighbors/images/GP_Is_14.0mm_closed_R5_single_refY_004-raw04-01-nbr-2.jpg,False
GP_Is_14.0mm_closed_R5_single_refY_004-raw04-01,GP_Is_14.0mm_closed_R5_single_refY,GP_Is_14.0mm_closed_R5_single_refY_004,4,-1,389,raw/GP_Is_14.0mm_closed_R5_single_refY_004.mp4,GP_Is_14.0mm_closed_R5_single_refY_004-raw04-01-nbr-1,dg3_neighbors/images/GP_Is_14.0mm_closed_R5_single_refY_004-raw04-01-nbr-1.jpg,False
GP_Is_14.0mm_closed_R5_single_refY_004-raw04-01,GP_Is_14.0mm_closed_R5_single_refY,GP_Is_14.0mm_closed_R5_single_refY_004,4,0,390,raw/GP_Is_14.0mm_closed_R5_single_refY_004.mp4,GP_Is_14.0mm_closed_R5_single_refY_004-raw04-01-nbr+0,dg3_neighbors/images/GP_Is_14.0mm_closed_R5_single_refY_004-raw04-01-nbr+0.jpg,True
GP_Is_14.0mm_closed_R5_single_refY_004-raw04-01,GP_Is_14.0mm_closed_R5_single_refY,GP_Is_14.0mm_closed_R5_single_refY_004,4,1,391,raw/GP_Is_14.0mm_closed_R5_single_refY_004.mp4,GP_Is_14.0mm_closed_R5_single_refY_004-raw04-01-nbr+1,dg3_neighbors/images/GP_Is_14.0mm_closed_R5_single_refY_004-raw04-01-nbr+1.jpg,False
GP_Is_14.0mm_closed_R5_single_refY_004-raw04-01,GP_Is_14.0mm_closed_R5_single_refY,GP_Is_14.0mm_closed_R5_single_refY_004,4,2,392,raw/GP_Is_14.0mm_closed_R5_single_refY_004.mp4,GP_Is_14.0mm_closed_R5_single_refY_004-raw04-01-nbr+2,dg3_neighbors/images/GP_Is_14.0mm_closed_R5_single_refY_004-raw04-01-nbr+2.jpg,False
GP_Is_14.0mm_closed_R5_single_refY_004-raw04-01,GP_Is_14.0mm_closed_R5_single_refY,GP_Is_14.0mm_closed_R5_single_refY_004,4,3,393,raw/GP_Is_14.0mm_closed_R5_single_refY_004.mp4,GP_Is_14.0mm_closed_R5_single_refY_004-raw04-01-nbr+3,dg3_neighbors/images/GP_Is_14.0mm_closed_R5_single_refY_004-raw04-01-nbr+3.jpg,False
GP_Is_14.0mm_closed_R5_single_refY_004-raw05-20,GP_Is_14.0mm_closed_R5_single_refY,GP_Is_14.0mm_closed_R5_single_refY_004,5,-3,602,raw/GP_Is_14.0mm_closed_R5_single_refY_004.mp4,GP_Is_14.0mm_closed_R5_single_refY_004-raw05-20-nbr-3,dg3_neighbors/images/GP_Is_14.0mm_closed_R5_single_refY_004-raw05-20-nbr-3.jpg,False
GP_Is_14.0mm_closed_R5_single_refY_004-raw05-20,GP_Is_14.0mm_closed_R5_single_refY,GP_Is_14.0mm_closed_R5_single_refY_004,5,-2,603,raw/GP_Is_14.0mm_closed_R5_single_refY_004.mp4,GP_Is_14.0mm_closed_R5_single_refY_004-raw05-20-nbr-2,dg3_neighbors/images/GP_Is_14.0mm_closed_R5_single_refY_004-raw05-20-nbr-2.jpg,False
GP_Is_14.0mm_closed_R5_single_refY_004-raw05-20,GP_Is_14.0mm_closed_R5_single_refY,GP_Is_14.0mm_closed_R5_single_refY_004,5,-1,604,raw/GP_Is_14.0mm_closed_R5_single_refY_004.mp4,GP_Is_14.0mm_closed_R5_single_refY_004-raw05-20-nbr-1,dg3_neighbors/images/GP_Is_14.0mm_closed_R5_single_refY_004-raw05-20-nbr-1.jpg,False
GP_Is_14.0mm_closed_R5_single_refY_004-raw05-20,GP_Is_14.0mm_closed_R5_single_refY,GP_Is_14.0mm_closed_R5_single_refY_004,5,0,605,raw/GP_Is_14.0mm_closed_R5_single_refY_004.mp4,GP_Is_14.0mm_closed_R5_single_refY_004-raw05-20-nbr+0,dg3_neighbors/images/GP_Is_14.0mm_closed_R5_single_refY_004-raw05-20-nbr+0.jpg,True
GP_Is_14.0mm_closed_R5_single_refY_004-raw05-20,GP_Is_14.0mm_closed_R5_single_refY,GP_Is_14.0mm_closed_R5_single_refY_004,5,1,606,raw/GP_Is_14.0mm_closed_R5_single_refY_004.mp4,GP_Is_14.0mm_closed_R5_single_refY_004-raw05-20-nbr+1,dg3_neighbors/images/GP_Is_14.0mm_closed_R5_single_refY_004-raw05-20-nbr+1.jpg,False
GP_Is_14.0mm_closed_R5_single_refY_004-raw05-20,GP_Is_14.0mm_closed_R5_single_refY,GP_Is_14.0mm_closed_R5_single_refY_004,5,2,607,raw/GP_Is_14.0mm_closed_R5_single_refY_004.mp4,GP_Is_14.0mm_closed_R5_single_refY_004-raw05-20-nbr+2,dg3_neighbors/images/GP_Is_14.0mm_closed_R5_single_refY_004-raw05-20-nbr+2.jpg,False
GP_Is_14.0mm_closed_R5_single_refY_004-raw05-20,GP_Is_14.0mm_closed_R5_single_refY,GP_Is_14.0mm_closed_R5_single_refY_004,5,3,608,raw/GP_Is_14.0mm_closed_R5_single_refY_004.mp4,GP_Is_14.0mm_closed_R5_single_refY_004-raw05-20-nbr+3,dg3_neighbors/images/GP_Is_14.0mm_closed_R5_single_refY_004-raw05-20-nbr+3.jpg,False
GP_Is_14.0mm_closed_R5_single_refY_005-raw01-02,GP_Is_14.0mm_closed_R5_single_refY,GP_Is_14.0mm_closed_R5_single_refY_005,1,-3,30,raw/GP_Is_14.0mm_closed_R5_single_refY_005.mp4,GP_Is_14.0mm_closed_R5_single_refY_005-raw01-02-nbr-3,dg3_neighbors/images/GP_Is_14.0mm_closed_R5_single_refY_005-raw01-02-nbr-3.jpg,False
GP_Is_14.0mm_closed_R5_single_refY_005-raw01-02,GP_Is_14.0mm_closed_R5_single_refY,GP_Is_14.0mm_closed_R5_single_refY_005,1,-2,31,raw/GP_Is_14.0mm_closed_R5_single_refY_005.mp4,GP_Is_14.0mm_closed_R5_single_refY_005-raw01-02-nbr-2,dg3_neighbors/images/GP_Is_14.0mm_closed_R5_single_refY_005-raw01-02-nbr-2.jpg,False
GP_Is_14.0mm_closed_R5_single_refY_005-raw01-02,GP_Is_14.0mm_closed_R5_single_refY,GP_Is_14.0mm_closed_R5_single_refY_005,1,-1,32,raw/GP_Is_14.0mm_closed_R5_single_refY_005.mp4,GP_Is_14.0mm_closed_R5_single_refY_005-raw01-02-nbr-1,dg3_neighbors/images/GP_Is_14.0mm_closed_R5_single_refY_005-raw01-02-nbr-1.jpg,False
GP_Is_14.0mm_closed_R5_single_refY_005-raw01-02,GP_Is_14.0mm_closed_R5_single_refY,GP_Is_14.0mm_closed_R5_single_refY_005,1,0,33,raw/GP_Is_14.0mm_closed_R5_single_refY_005.mp4,GP_Is_14.0mm_closed_R5_single_refY_005-raw01-02-nbr+0,dg3_neighbors/images/GP_Is_14.0mm_closed_R5_single_refY_005-raw01-02-nbr+0.jpg,True
GP_Is_14.0mm_closed_R5_single_refY_005-raw01-02,GP_Is_14.0mm_closed_R5_single_refY,GP_Is_14.0mm_closed_R5_single_refY_005,1,1,34,raw/GP_Is_14.0mm_closed_R5_single_refY_005.mp4,GP_Is_14.0mm_closed_R5_single_refY_005-raw01-02-nbr+1,dg3_neighbors/images/GP_Is_14.0mm_closed_R5_single_refY_005-raw01-02-nbr+1.jpg,False
GP_Is_14.0mm_closed_R5_single_refY_005-raw01-02,GP_Is_14.0mm_closed_R5_single_refY,GP_Is_14.0mm_closed_R5_single_refY_005,1,2,35,raw/GP_Is_14.0mm_closed_R5_single_refY_005.mp4,GP_Is_14.0mm_closed_R5_single_refY_005-raw01-02-nbr+2,dg3_neighbors/images/GP_Is_14.0mm_closed_R5_single_refY_005-raw01-02-nbr+2.jpg,False
GP_Is_14.0mm_closed_R5_single_refY_005-raw01-02,GP_Is_14.0mm_closed_R5_single_refY,GP_Is_14.0mm_closed_R5_single_refY_005,1,3,36,raw/GP_Is_14.0mm_closed_R5_single_refY_005.mp4,GP_Is_14.0mm_closed_R5_single_refY_005-raw01-02-nbr+3,dg3_neighbors/images/GP_Is_14.0mm_closed_R5_single_refY_005-raw01-02-nbr+3.jpg,False
GP_Is_14.0mm_closed_R5_single_refY_005-raw02-11,GP_Is_14.0mm_closed_R5_single_refY,GP_Is_14.0mm_closed_R5_single_refY_005,2,-3,178,raw/GP_Is_14.0mm_closed_R5_single_refY_005.mp4,GP_Is_14.0mm_closed_R5_single_refY_005-raw02-11-nbr-3,dg3_neighbors/images/GP_Is_14.0mm_closed_R5_single_refY_005-raw02-11-nbr-3.jpg,False
GP_Is_14.0mm_closed_R5_single_refY_005-raw02-11,GP_Is_14.0mm_closed_R5_single_refY,GP_Is_14.0mm_closed_R5_single_refY_005,2,-2,179,raw/GP_Is_14.0mm_closed_R5_single_refY_005.mp4,GP_Is_14.0mm_closed_R5_single_refY_005-raw02-11-nbr-2,dg3_neighbors/images/GP_Is_14.0mm_closed_R5_single_refY_005-raw02-11-nbr-2.jpg,False
GP_Is_14.0mm_closed_R5_single_refY_005-raw02-11,GP_Is_14.0mm_closed_R5_single_refY,GP_Is_14.0mm_closed_R5_single_refY_005,2,-1,180,raw/GP_Is_14.0mm_closed_R5_single_refY_005.mp4,GP_Is_14.0mm_closed_R5_single_refY_005-raw02-11-nbr-1,dg3_neighbors/images/GP_Is_14.0mm_closed_R5_single_refY_005-raw02-11-nbr-1.jpg,False
GP_Is_14.0mm_closed_R5_single_refY_005-raw02-11,GP_Is_14.0mm_closed_R5_single_refY,GP_Is_14.0mm_closed_R5_single_refY_005,2,0,181,raw/GP_Is_14.0mm_closed_R5_single_refY_005.mp4,GP_Is_14.0mm_closed_R5_single_refY_005-raw02-11-nbr+0,dg3_neighbors/images/GP_Is_14.0mm_closed_R5_single_refY_005-raw02-11-nbr+0.jpg,True
GP_Is_14.0mm_closed_R5_single_refY_005-raw02-11,GP_Is_14.0mm_closed_R5_single_refY,GP_Is_14.0mm_closed_R5_single_refY_005,2,1,182,raw/GP_Is_14.0mm_closed_R5_single_refY_005.mp4,GP_Is_14.0mm_closed_R5_single_refY_005-raw02-11-nbr+1,dg3_neighbors/images/GP_Is_14.0mm_closed_R5_single_refY_005-raw02-11-nbr+1.jpg,False
GP_Is_14.0mm_closed_R5_single_refY_005-raw02-11,GP_Is_14.0mm_closed_R5_single_refY,GP_Is_14.0mm_closed_R5_single_refY_005,2,2,183,raw/GP_Is_14.0mm_closed_R5_single_refY_005.mp4,GP_Is_14.0mm_closed_R5_single_refY_005-raw02-11-nbr+2,dg3_neighbors/images/GP_Is_14.0mm_closed_R5_single_refY_005-raw02-11-nbr+2.jpg,False
GP_Is_14.0mm_closed_R5_single_refY_005-raw02-11,GP_Is_14.0mm_closed_R5_single_refY,GP_Is_14.0mm_closed_R5_single_refY_005,2,3,184,raw/GP_Is_14.0mm_closed_R5_single_refY_005.mp4,GP_Is_14.0mm_closed_R5_single_refY_005-raw02-11-nbr+3,dg3_neighbors/images/GP_Is_14.0mm_closed_R5_single_refY_005-raw02-11-nbr+3.jpg,False
GP_Is_14.0mm_closed_R5_single_refY_005-raw03-20,GP_Is_14.0mm_closed_R5_single_refY,GP_Is_14.0mm_closed_R5_single_refY_005,3,-3,325,raw/GP_Is_14.0mm_closed_R5_single_refY_005.mp4,GP_Is_14.0mm_closed_R5_single_refY_005-raw03-20-nbr-3,dg3_neighbors/images/GP_Is_14.0mm_closed_R5_single_refY_005-raw03-20-nbr-3.jpg,False
GP_Is_14.0mm_closed_R5_single_refY_005-raw03-20,GP_Is_14.0mm_closed_R5_single_refY,GP_Is_14.0mm_closed_R5_single_refY_005,3,-2,326,raw/GP_Is_14.0mm_closed_R5_single_refY_005.mp4,GP_Is_14.0mm_closed_R5_single_refY_005-raw03-20-nbr-2,dg3_neighbors/images/GP_Is_14.0mm_closed_R5_single_refY_005-raw03-20-nbr-2.jpg,False
GP_Is_14.0mm_closed_R5_single_refY_005-raw03-20,GP_Is_14.0mm_closed_R5_single_refY,GP_Is_14.0mm_closed_R5_single_refY_005,3,-1,327,raw/GP_Is_14.0mm_closed_R5_single_refY_005.mp4,GP_Is_14.0mm_closed_R5_single_refY_005-raw03-20-nbr-1,dg3_neighbors/images/GP_Is_14.0mm_closed_R5_single_refY_005-raw03-20-nbr-1.jpg,False
GP_Is_14.0mm_closed_R5_single_refY_005-raw03-20,GP_Is_14.0mm_closed_R5_single_refY,GP_Is_14.0mm_closed_R5_single_refY_005,3,0,328,raw/GP_Is_14.0mm_closed_R5_single_refY_005.mp4,GP_Is_14.0mm_closed_R5_single_refY_005-raw03-20-nbr+0,dg3_neighbors/images/GP_Is_14.0mm_closed_R5_single_refY_005-raw03-20-nbr+0.jpg,True
GP_Is_14.0mm_closed_R5_single_refY_005-raw03-20,GP_Is_14.0mm_closed_R5_single_refY,GP_Is_14.0mm_closed_R5_single_refY_005,3,1,329,raw/GP_Is_14.0mm_closed_R5_single_refY_005.mp4,GP_Is_14.0mm_closed_R5_single_refY_005-raw03-20-nbr+1,dg3_neighbors/images/GP_Is_14.0mm_closed_R5_single_refY_005-raw03-20-nbr+1.jpg,False
GP_Is_14.0mm_closed_R5_single_refY_005-raw03-20,GP_Is_14.0mm_closed_R5_single_refY,GP_Is_14.0mm_closed_R5_single_refY_005,3,2,330,raw/GP_Is_14.0mm_closed_R5_single_refY_005.mp4,GP_Is_14.0mm_closed_R5_single_refY_005-raw03-20-nbr+2,dg3_neighbors/images/GP_Is_14.0mm_closed_R5_single_refY_005-raw03-20-nbr+2.jpg,False
GP_Is_14.0mm_closed_R5_single_refY_005-raw03-20,GP_Is_14.0mm_closed_R5_single_refY,GP_Is_14.0mm_closed_R5_single_refY_005,3,3,331,raw/GP_Is_14.0mm_closed_R5_single_refY_005.mp4,GP_Is_14.0mm_closed_R5_single_refY_005-raw03-20-nbr+3,dg3_neighbors/images/GP_Is_14.0mm_closed_R5_single_refY_005-raw03-20-nbr+3.jpg,False
GP_Is_14.0mm_closed_R5_single_refY_005-raw04-13,GP_Is_14.0mm_closed_R5_single_refY,GP_Is_14.0mm_closed_R5_single_refY_005,4,-3,401,raw/GP_Is_14.0mm_closed_R5_single_refY_005.mp4,GP_Is_14.0mm_closed_R5_single_refY_005-raw04-13-nbr-3,dg3_neighbors/images/GP_Is_14.0mm_closed_R5_single_refY_005-raw04-13-nbr-3.jpg,False
GP_Is_14.0mm_closed_R5_single_refY_005-raw04-13,GP_Is_14.0mm_closed_R5_single_refY,GP_Is_14.0mm_closed_R5_single_refY_005,4,-2,402,raw/GP_Is_14.0mm_closed_R5_single_refY_005.mp4,GP_Is_14.0mm_closed_R5_single_refY_005-raw04-13-nbr-2,dg3_neighbors/images/GP_Is_14.0mm_closed_R5_single_refY_005-raw04-13-nbr-2.jpg,False
GP_Is_14.0mm_closed_R5_single_refY_005-raw04-13,GP_Is_14.0mm_closed_R5_single_refY,GP_Is_14.0mm_closed_R5_single_refY_005,4,-1,403,raw/GP_Is_14.0mm_closed_R5_single_refY_005.mp4,GP_Is_14.0mm_closed_R5_single_refY_005-raw04-13-nbr-1,dg3_neighbors/images/GP_Is_14.0mm_closed_R5_single_refY_005-raw04-13-nbr-1.jpg,False
GP_Is_14.0mm_closed_R5_single_refY_005-raw04-13,GP_Is_14.0mm_closed_R5_single_refY,GP_Is_14.0mm_closed_R5_single_refY_005,4,0,404,raw/GP_Is_14.0mm_closed_R5_single_refY_005.mp4,GP_Is_14.0mm_closed_R5_single_refY_005-raw04-13-nbr+0,dg3_neighbors/images/GP_Is_14.0mm_closed_R5_single_refY_005-raw04-13-nbr+0.jpg,True
GP_Is_14.0mm_closed_R5_single_refY_005-raw04-13,GP_Is_14.0mm_closed_R5_single_refY,GP_Is_14.0mm_closed_R5_single_refY_005,4,1,405,raw/GP_Is_14.0mm_closed_R5_single_refY_005.mp4,GP_Is_14.0mm_closed_R5_single_refY_005-raw04-13-nbr+1,dg3_neighbors/images/GP_Is_14.0mm_closed_R5_single_refY_005-raw04-13-nbr+1.jpg,False
GP_Is_14.0mm_closed_R5_single_refY_005-raw04-13,GP_Is_14.0mm_closed_R5_single_refY,GP_Is_14.0mm_closed_R5_single_refY_005,4,2,406,raw/GP_Is_14.0mm_closed_R5_single_refY_005.mp4,GP_Is_14.0mm_closed_R5_single_refY_005-raw04-13-nbr+2,dg3_neighbors/images/GP_Is_14.0mm_closed_R5_single_refY_005-raw04-13-nbr+2.jpg,False
GP_Is_14.0mm_closed_R5_single_refY_005-raw04-13,GP_Is_14.0mm_closed_R5_single_refY,GP_Is_14.0mm_closed_R5_single_refY_005,4,3,407,raw/GP_Is_14.0mm_closed_R5_single_refY_005.mp4,GP_Is_14.0mm_closed_R5_single_refY_005-raw04-13-nbr+3,dg3_neighbors/images/GP_Is_14.0mm_closed_R5_single_refY_005-raw04-13-nbr+3.jpg,False
GP_Is_14.0mm_closed_R5_single_refY_005-raw05-16,GP_Is_14.0mm_closed_R5_single_refY,GP_Is_14.0mm_closed_R5_single_refY_005,5,-3,522,raw/GP_Is_14.0mm_closed_R5_single_refY_005.mp4,GP_Is_14.0mm_closed_R5_single_refY_005-raw05-16-nbr-3,dg3_neighbors/images/GP_Is_14.0mm_closed_R5_single_refY_005-raw05-16-nbr-3.jpg,False
GP_Is_14.0mm_closed_R5_single_refY_005-raw05-16,GP_Is_14.0mm_closed_R5_single_refY,GP_Is_14.0mm_closed_R5_single_refY_005,5,-2,523,raw/GP_Is_14.0mm_closed_R5_single_refY_005.mp4,GP_Is_14.0mm_closed_R5_single_refY_005-raw05-16-nbr-2,dg3_neighbors/images/GP_Is_14.0mm_closed_R5_single_refY_005-raw05-16-nbr-2.jpg,False
GP_Is_14.0mm_closed_R5_single_refY_005-raw05-16,GP_Is_14.0mm_closed_R5_single_refY,GP_Is_14.0mm_closed_R5_single_refY_005,5,-1,524,raw/GP_Is_14.0mm_closed_R5_single_refY_005.mp4,GP_Is_14.0mm_closed_R5_single_refY_005-raw05-16-nbr-1,dg3_neighbors/images/GP_Is_14.0mm_closed_R5_single_refY_005-raw05-16-nbr-1.jpg,False
GP_Is_14.0mm_closed_R5_single_refY_005-raw05-16,GP_Is_14.0mm_closed_R5_single_refY,GP_Is_14.0mm_closed_R5_single_refY_005,5,0,525,raw/GP_Is_14.0mm_closed_R5_single_refY_005.mp4,GP_Is_14.0mm_closed_R5_single_refY_005-raw05-16-nbr+0,dg3_neighbors/images/GP_Is_14.0mm_closed_R5_single_refY_005-raw05-16-nbr+0.jpg,True
GP_Is_14.0mm_closed_R5_single_refY_005-raw05-16,GP_Is_14.0mm_closed_R5_single_refY,GP_Is_14.0mm_closed_R5_single_refY_005,5,1,526,raw/GP_Is_14.0mm_closed_R5_single_refY_005.mp4,GP_Is_14.0mm_closed_R5_single_refY_005-raw05-16-nbr+1,dg3_neighbors/images/GP_Is_14.0mm_closed_R5_single_refY_005-raw05-16-nbr+1.jpg,False
GP_Is_14.0mm_closed_R5_single_refY_005-raw05-16,GP_Is_14.0mm_closed_R5_single_refY,GP_Is_14.0mm_closed_R5_single_refY_005,5,2,527,raw/GP_Is_14.0mm_closed_R5_single_refY_005.mp4,GP_Is_14.0mm_closed_R5_single_refY_005-raw05-16-nbr+2,dg3_neighbors/images/GP_Is_14.0mm_closed_R5_single_refY_005-raw05-16-nbr+2.jpg,False
GP_Is_14.0mm_closed_R5_single_refY_005-raw05-16,GP_Is_14.0mm_closed_R5_single_refY,GP_Is_14.0mm_closed_R5_single_refY_005,5,3,528,raw/GP_Is_14.0mm_closed_R5_single_refY_005.mp4,GP_Is_14.0mm_closed_R5_single_refY_005-raw05-16-nbr+3,dg3_neighbors/images/GP_Is_14.0mm_closed_R5_single_refY_005-raw05-16-nbr+3.jpg,False
GP_Is_18.0mm_closed_R10_single_refY_004-raw01-01,GP_Is_18.0mm_closed_R10_single_refY,GP_Is_18.0mm_closed_R10_single_refY_004,1,-3,45,raw/GP_Is_18.0mm_closed_R10_single_refY_004.mp4,GP_Is_18.0mm_closed_R10_single_refY_004-raw01-01-nbr-3,dg3_neighbors/images/GP_Is_18.0mm_closed_R10_single_refY_004-raw01-01-nbr-3.jpg,False
GP_Is_18.0mm_closed_R10_single_refY_004-raw01-01,GP_Is_18.0mm_closed_R10_single_refY,GP_Is_18.0mm_closed_R10_single_refY_004,1,-2,46,raw/GP_Is_18.0mm_closed_R10_single_refY_004.mp4,GP_Is_18.0mm_closed_R10_single_refY_004-raw01-01-nbr-2,dg3_neighbors/images/GP_Is_18.0mm_closed_R10_single_refY_004-raw01-01-nbr-2.jpg,False
GP_Is_18.0mm_closed_R10_single_refY_004-raw01-01,GP_Is_18.0mm_closed_R10_single_refY,GP_Is_18.0mm_closed_R10_single_refY_004,1,-1,47,raw/GP_Is_18.0mm_closed_R10_single_refY_004.mp4,GP_Is_18.0mm_closed_R10_single_refY_004-raw01-01-nbr-1,dg3_neighbors/images/GP_Is_18.0mm_closed_R10_single_refY_004-raw01-01-nbr-1.jpg,False
GP_Is_18.0mm_closed_R10_single_refY_004-raw01-01,GP_Is_18.0mm_closed_R10_single_refY,GP_Is_18.0mm_closed_R10_single_refY_004,1,0,48,raw/GP_Is_18.0mm_closed_R10_single_refY_004.mp4,GP_Is_18.0mm_closed_R10_single_refY_004-raw01-01-nbr+0,dg3_neighbors/images/GP_Is_18.0mm_closed_R10_single_refY_004-raw01-01-nbr+0.jpg,True
GP_Is_18.0mm_closed_R10_single_refY_004-raw01-01,GP_Is_18.0mm_closed_R10_single_refY,GP_Is_18.0mm_closed_R10_single_refY_004,1,1,49,raw/GP_Is_18.0mm_closed_R10_single_refY_004.mp4,GP_Is_18.0mm_closed_R10_single_refY_004-raw01-01-nbr+1,dg3_neighbors/images/GP_Is_18.0mm_closed_R10_single_refY_004-raw01-01-nbr+1.jpg,False
GP_Is_18.0mm_closed_R10_single_refY_004-raw01-01,GP_Is_18.0mm_closed_R10_single_refY,GP_Is_18.0mm_closed_R10_single_refY_004,1,2,50,raw/GP_Is_18.0mm_closed_R10_single_refY_004.mp4,GP_Is_18.0mm_closed_R10_single_refY_004-raw01-01-nbr+2,dg3_neighbors/images/GP_Is_18.0mm_closed_R10_single_refY_004-raw01-01-nbr+2.jpg,False
GP_Is_18.0mm_closed_R10_single_refY_004-raw01-01,GP_Is_18.0mm_closed_R10_single_refY,GP_Is_18.0mm_closed_R10_single_refY_004,1,3,51,raw/GP_Is_18.0mm_closed_R10_single_refY_004.mp4,GP_Is_18.0mm_closed_R10_single_refY_004-raw01-01-nbr+3,dg3_neighbors/images/GP_Is_18.0mm_closed_R10_single_refY_004-raw01-01-nbr+3.jpg,False
GP_Is_18.0mm_closed_R10_single_refY_004-raw02-11,GP_Is_18.0mm_closed_R10_single_refY,GP_Is_18.0mm_closed_R10_single_refY_004,2,-3,293,raw/GP_Is_18.0mm_closed_R10_single_refY_004.mp4,GP_Is_18.0mm_closed_R10_single_refY_004-raw02-11-nbr-3,dg3_neighbors/images/GP_Is_18.0mm_closed_R10_single_refY_004-raw02-11-nbr-3.jpg,False
GP_Is_18.0mm_closed_R10_single_refY_004-raw02-11,GP_Is_18.0mm_closed_R10_single_refY,GP_Is_18.0mm_closed_R10_single_refY_004,2,-2,294,raw/GP_Is_18.0mm_closed_R10_single_refY_004.mp4,GP_Is_18.0mm_closed_R10_single_refY_004-raw02-11-nbr-2,dg3_neighbors/images/GP_Is_18.0mm_closed_R10_single_refY_004-raw02-11-nbr-2.jpg,False
GP_Is_18.0mm_closed_R10_single_refY_004-raw02-11,GP_Is_18.0mm_closed_R10_single_refY,GP_Is_18.0mm_closed_R10_single_refY_004,2,-1,295,raw/GP_Is_18.0mm_closed_R10_single_refY_004.mp4,GP_Is_18.0mm_closed_R10_single_refY_004-raw02-11-nbr-1,dg3_neighbors/images/GP_Is_18.0mm_closed_R10_single_refY_004-raw02-11-nbr-1.jpg,False
GP_Is_18.0mm_closed_R10_single_refY_004-raw02-11,GP_Is_18.0mm_closed_R10_single_refY,GP_Is_18.0mm_closed_R10_single_refY_004,2,0,296,raw/GP_Is_18.0mm_closed_R10_single_refY_004.mp4,GP_Is_18.0mm_closed_R10_single_refY_004-raw02-11-nbr+0,dg3_neighbors/images/GP_Is_18.0mm_closed_R10_single_refY_004-raw02-11-nbr+0.jpg,True
GP_Is_18.0mm_closed_R10_single_refY_004-raw02-11,GP_Is_18.0mm_closed_R10_single_refY,GP_Is_18.0mm_closed_R10_single_refY_004,2,1,297,raw/GP_Is_18.0mm_closed_R10_single_refY_004.mp4,GP_Is_18.0mm_closed_R10_single_refY_004-raw02-11-nbr+1,dg3_neighbors/images/GP_Is_18.0mm_closed_R10_single_refY_004-raw02-11-nbr+1.jpg,False
GP_Is_18.0mm_closed_R10_single_refY_004-raw02-11,GP_Is_18.0mm_closed_R10_single_refY,GP_Is_18.0mm_closed_R10_single_refY_004,2,2,298,raw/GP_Is_18.0mm_closed_R10_single_refY_004.mp4,GP_Is_18.0mm_closed_R10_single_refY_004-raw02-11-nbr+2,dg3_neighbors/images/GP_Is_18.0mm_closed_R10_single_refY_004-raw02-11-nbr+2.jpg,False
GP_Is_18.0mm_closed_R10_single_refY_004-raw02-11,GP_Is_18.0mm_closed_R10_single_refY,GP_Is_18.0mm_closed_R10_single_refY_004,2,3,299,raw/GP_Is_18.0mm_closed_R10_single_refY_004.mp4,GP_Is_18.0mm_closed_R10_single_refY_004-raw02-11-nbr+3,dg3_neighbors/images/GP_Is_18.0mm_closed_R10_single_refY_004-raw02-11-nbr+3.jpg,False
GP_Is_18.0mm_closed_R10_single_refY_004-raw03-06,GP_Is_18.0mm_closed_R10_single_refY,GP_Is_18.0mm_closed_R10_single_refY_004,3,-3,431,raw/GP_Is_18.0mm_closed_R10_single_refY_004.mp4,GP_Is_18.0mm_closed_R10_single_refY_004-raw03-06-nbr-3,dg3_neighbors/images/GP_Is_18.0mm_closed_R10_single_refY_004-raw03-06-nbr-3.jpg,False
GP_Is_18.0mm_closed_R10_single_refY_004-raw03-06,GP_Is_18.0mm_closed_R10_single_refY,GP_Is_18.0mm_closed_R10_single_refY_004,3,-2,432,raw/GP_Is_18.0mm_closed_R10_single_refY_004.mp4,GP_Is_18.0mm_closed_R10_single_refY_004-raw03-06-nbr-2,dg3_neighbors/images/GP_Is_18.0mm_closed_R10_single_refY_004-raw03-06-nbr-2.jpg,False
GP_Is_18.0mm_closed_R10_single_refY_004-raw03-06,GP_Is_18.0mm_closed_R10_single_refY,GP_Is_18.0mm_closed_R10_single_refY_004,3,-1,433,raw/GP_Is_18.0mm_closed_R10_single_refY_004.mp4,GP_Is_18.0mm_closed_R10_single_refY_004-raw03-06-nbr-1,dg3_neighbors/images/GP_Is_18.0mm_closed_R10_single_refY_004-raw03-06-nbr-1.jpg,False
GP_Is_18.0mm_closed_R10_single_refY_004-raw03-06,GP_Is_18.0mm_closed_R10_single_refY,GP_Is_18.0mm_closed_R10_single_refY_004,3,0,434,raw/GP_Is_18.0mm_closed_R10_single_refY_004.mp4,GP_Is_18.0mm_closed_R10_single_refY_004-raw03-06-nbr+0,dg3_neighbors/images/GP_Is_18.0mm_closed_R10_single_refY_004-raw03-06-nbr+0.jpg,True
GP_Is_18.0mm_closed_R10_single_refY_004-raw03-06,GP_Is_18.0mm_closed_R10_single_refY,GP_Is_18.0mm_closed_R10_single_refY_004,3,1,435,raw/GP_Is_18.0mm_closed_R10_single_refY_004.mp4,GP_Is_18.0mm_closed_R10_single_refY_004-raw03-06-nbr+1,dg3_neighbors/images/GP_Is_18.0mm_closed_R10_single_refY_004-raw03-06-nbr+1.jpg,False
GP_Is_18.0mm_closed_R10_single_refY_004-raw03-06,GP_Is_18.0mm_closed_R10_single_refY,GP_Is_18.0mm_closed_R10_single_refY_004,3,2,436,raw/GP_Is_18.0mm_closed_R10_single_refY_004.mp4,GP_Is_18.0mm_closed_R10_single_refY_004-raw03-06-nbr+2,dg3_neighbors/images/GP_Is_18.0mm_closed_R10_single_refY_004-raw03-06-nbr+2.jpg,False
GP_Is_18.0mm_closed_R10_single_refY_004-raw03-06,GP_Is_18.0mm_closed_R10_single_refY,GP_Is_18.0mm_closed_R10_single_refY_004,3,3,437,raw/GP_Is_18.0mm_closed_R10_single_refY_004.mp4,GP_Is_18.0mm_closed_R10_single_refY_004-raw03-06-nbr+3,dg3_neighbors/images/GP_Is_18.0mm_closed_R10_single_refY_004-raw03-06-nbr+3.jpg,False
GP_Is_18.0mm_closed_R10_single_refY_004-raw04-22,GP_Is_18.0mm_closed_R10_single_refY,GP_Is_18.0mm_closed_R10_single_refY_004,4,-3,723,raw/GP_Is_18.0mm_closed_R10_single_refY_004.mp4,GP_Is_18.0mm_closed_R10_single_refY_004-raw04-22-nbr-3,dg3_neighbors/images/GP_Is_18.0mm_closed_R10_single_refY_004-raw04-22-nbr-3.jpg,False
GP_Is_18.0mm_closed_R10_single_refY_004-raw04-22,GP_Is_18.0mm_closed_R10_single_refY,GP_Is_18.0mm_closed_R10_single_refY_004,4,-2,724,raw/GP_Is_18.0mm_closed_R10_single_refY_004.mp4,GP_Is_18.0mm_closed_R10_single_refY_004-raw04-22-nbr-2,dg3_neighbors/images/GP_Is_18.0mm_closed_R10_single_refY_004-raw04-22-nbr-2.jpg,False
GP_Is_18.0mm_closed_R10_single_refY_004-raw04-22,GP_Is_18.0mm_closed_R10_single_refY,GP_Is_18.0mm_closed_R10_single_refY_004,4,-1,725,raw/GP_Is_18.0mm_closed_R10_single_refY_004.mp4,GP_Is_18.0mm_closed_R10_single_refY_004-raw04-22-nbr-1,dg3_neighbors/images/GP_Is_18.0mm_closed_R10_single_refY_004-raw04-22-nbr-1.jpg,False
GP_Is_18.0mm_closed_R10_single_refY_004-raw04-22,GP_Is_18.0mm_closed_R10_single_refY,GP_Is_18.0mm_closed_R10_single_refY_004,4,0,726,raw/GP_Is_18.0mm_closed_R10_single_refY_004.mp4,GP_Is_18.0mm_closed_R10_single_refY_004-raw04-22-nbr+0,dg3_neighbors/images/GP_Is_18.0mm_closed_R10_single_refY_004-raw04-22-nbr+0.jpg,True
GP_Is_18.0mm_closed_R10_single_refY_004-raw04-22,GP_Is_18.0mm_closed_R10_single_refY,GP_Is_18.0mm_closed_R10_single_refY_004,4,1,727,raw/GP_Is_18.0mm_closed_R10_single_refY_004.mp4,GP_Is_18.0mm_closed_R10_single_refY_004-raw04-22-nbr+1,dg3_neighbors/images/GP_Is_18.0mm_closed_R10_single_refY_004-raw04-22-nbr+1.jpg,False
GP_Is_18.0mm_closed_R10_single_refY_004-raw04-22,GP_Is_18.0mm_closed_R10_single_refY,GP_Is_18.0mm_closed_R10_single_refY_004,4,2,728,raw/GP_Is_18.0mm_closed_R10_single_refY_004.mp4,GP_Is_18.0mm_closed_R10_single_refY_004-raw04-22-nbr+2,dg3_neighbors/images/GP_Is_18.0mm_closed_R10_single_refY_004-raw04-22-nbr+2.jpg,False
GP_Is_18.0mm_closed_R10_single_refY_004-raw04-22,GP_Is_18.0mm_closed_R10_single_refY,GP_Is_18.0mm_closed_R10_single_refY_004,4,3,729,raw/GP_Is_18.0mm_closed_R10_single_refY_004.mp4,GP_Is_18.0mm_closed_R10_single_refY_004-raw04-22-nbr+3,dg3_neighbors/images/GP_Is_18.0mm_closed_R10_single_refY_004-raw04-22-nbr+3.jpg,False
GP_Is_18.0mm_closed_R10_single_refY_004-raw05-03,GP_Is_18.0mm_closed_R10_single_refY,GP_Is_18.0mm_closed_R10_single_refY_004,5,-3,760,raw/GP_Is_18.0mm_closed_R10_single_refY_004.mp4,GP_Is_18.0mm_closed_R10_single_refY_004-raw05-03-nbr-3,dg3_neighbors/images/GP_Is_18.0mm_closed_R10_single_refY_004-raw05-03-nbr-3.jpg,False
GP_Is_18.0mm_closed_R10_single_refY_004-raw05-03,GP_Is_18.0mm_closed_R10_single_refY,GP_Is_18.0mm_closed_R10_single_refY_004,5,-2,761,raw/GP_Is_18.0mm_closed_R10_single_refY_004.mp4,GP_Is_18.0mm_closed_R10_single_refY_004-raw05-03-nbr-2,dg3_neighbors/images/GP_Is_18.0mm_closed_R10_single_refY_004-raw05-03-nbr-2.jpg,False
GP_Is_18.0mm_closed_R10_single_refY_004-raw05-03,GP_Is_18.0mm_closed_R10_single_refY,GP_Is_18.0mm_closed_R10_single_refY_004,5,-1,762,raw/GP_Is_18.0mm_closed_R10_single_refY_004.mp4,GP_Is_18.0mm_closed_R10_single_refY_004-raw05-03-nbr-1,dg3_neighbors/images/GP_Is_18.0mm_closed_R10_single_refY_004-raw05-03-nbr-1.jpg,False
GP_Is_18.0mm_closed_R10_single_refY_004-raw05-03,GP_Is_18.0mm_closed_R10_single_refY,GP_Is_18.0mm_closed_R10_single_refY_004,5,0,763,raw/GP_Is_18.0mm_closed_R10_single_refY_004.mp4,GP_Is_18.0mm_closed_R10_single_refY_004-raw05-03-nbr+0,dg3_neighbors/images/GP_Is_18.0mm_closed_R10_single_refY_004-raw05-03-nbr+0.jpg,True
GP_Is_18.0mm_closed_R10_single_refY_004-raw05-03,GP_Is_18.0mm_closed_R10_single_refY,GP_Is_18.0mm_closed_R10_single_refY_004,5,1,764,raw/GP_Is_18.0mm_closed_R10_single_refY_004.mp4,GP_Is_18.0mm_closed_R10_single_refY_004-raw05-03-nbr+1,dg3_neighbors/images/GP_Is_18.0mm_closed_R10_single_refY_004-raw05-03-nbr+1.jpg,False
GP_Is_18.0mm_closed_R10_single_refY_004-raw05-03,GP_Is_18.0mm_closed_R10_single_refY,GP_Is_18.0mm_closed_R10_single_refY_004,5,2,765,raw/GP_Is_18.0mm_closed_R10_single_refY_004.mp4,GP_Is_18.0mm_closed_R10_single_refY_004-raw05-03-nbr+2,dg3_neighbors/images/GP_Is_18.0mm_closed_R10_single_refY_004-raw05-03-nbr+2.jpg,False
GP_Is_18.0mm_closed_R10_single_refY_004-raw05-03,GP_Is_18.0mm_closed_R10_single_refY,GP_Is_18.0mm_closed_R10_single_refY_004,5,3,766,raw/GP_Is_18.0mm_closed_R10_single_refY_004.mp4,GP_Is_18.0mm_closed_R10_single_refY_004-raw05-03-nbr+3,dg3_neighbors/images/GP_Is_18.0mm_closed_R10_single_refY_004-raw05-03-nbr+3.jpg,False
GP_Is_18.0mm_closed_R10_single_refY_005-raw01-20,GP_Is_18.0mm_closed_R10_single_refY,GP_Is_18.0mm_closed_R10_single_refY_005,1,-3,155,raw/GP_Is_18.0mm_closed_R10_single_refY_005.mp4,GP_Is_18.0mm_closed_R10_single_refY_005-raw01-20-nbr-3,dg3_neighbors/images/GP_Is_18.0mm_closed_R10_single_refY_005-raw01-20-nbr-3.jpg,False
GP_Is_18.0mm_closed_R10_single_refY_005-raw01-20,GP_Is_18.0mm_closed_R10_single_refY,GP_Is_18.0mm_closed_R10_single_refY_005,1,-2,156,raw/GP_Is_18.0mm_closed_R10_single_refY_005.mp4,GP_Is_18.0mm_closed_R10_single_refY_005-raw01-20-nbr-2,dg3_neighbors/images/GP_Is_18.0mm_closed_R10_single_refY_005-raw01-20-nbr-2.jpg,False
GP_Is_18.0mm_closed_R10_single_refY_005-raw01-20,GP_Is_18.0mm_closed_R10_single_refY,GP_Is_18.0mm_closed_R10_single_refY_005,1,-1,157,raw/GP_Is_18.0mm_closed_R10_single_refY_005.mp4,GP_Is_18.0mm_closed_R10_single_refY_005-raw01-20-nbr-1,dg3_neighbors/images/GP_Is_18.0mm_closed_R10_single_refY_005-raw01-20-nbr-1.jpg,False
GP_Is_18.0mm_closed_R10_single_refY_005-raw01-20,GP_Is_18.0mm_closed_R10_single_refY,GP_Is_18.0mm_closed_R10_single_refY_005,1,0,158,raw/GP_Is_18.0mm_closed_R10_single_refY_005.mp4,GP_Is_18.0mm_closed_R10_single_refY_005-raw01-20-nbr+0,dg3_neighbors/images/GP_Is_18.0mm_closed_R10_single_refY_005-raw01-20-nbr+0.jpg,True
GP_Is_18.0mm_closed_R10_single_refY_005-raw01-20,GP_Is_18.0mm_closed_R10_single_refY,GP_Is_18.0mm_closed_R10_single_refY_005,1,1,159,raw/GP_Is_18.0mm_closed_R10_single_refY_005.mp4,GP_Is_18.0mm_closed_R10_single_refY_005-raw01-20-nbr+1,dg3_neighbors/images/GP_Is_18.0mm_closed_R10_single_refY_005-raw01-20-nbr+1.jpg,False
GP_Is_18.0mm_closed_R10_single_refY_005-raw01-20,GP_Is_18.0mm_closed_R10_single_refY,GP_Is_18.0mm_closed_R10_single_refY_005,1,2,160,raw/GP_Is_18.0mm_closed_R10_single_refY_005.mp4,GP_Is_18.0mm_closed_R10_single_refY_005-raw01-20-nbr+2,dg3_neighbors/images/GP_Is_18.0mm_closed_R10_single_refY_005-raw01-20-nbr+2.jpg,False
GP_Is_18.0mm_closed_R10_single_refY_005-raw01-20,GP_Is_18.0mm_closed_R10_single_refY,GP_Is_18.0mm_closed_R10_single_refY_005,1,3,161,raw/GP_Is_18.0mm_closed_R10_single_refY_005.mp4,GP_Is_18.0mm_closed_R10_single_refY_005-raw01-20-nbr+3,dg3_neighbors/images/GP_Is_18.0mm_closed_R10_single_refY_005-raw01-20-nbr+3.jpg,False
GP_Is_18.0mm_closed_R10_single_refY_005-raw02-20,GP_Is_18.0mm_closed_R10_single_refY,GP_Is_18.0mm_closed_R10_single_refY_005,2,-3,303,raw/GP_Is_18.0mm_closed_R10_single_refY_005.mp4,GP_Is_18.0mm_closed_R10_single_refY_005-raw02-20-nbr-3,dg3_neighbors/images/GP_Is_18.0mm_closed_R10_single_refY_005-raw02-20-nbr-3.jpg,False
GP_Is_18.0mm_closed_R10_single_refY_005-raw02-20,GP_Is_18.0mm_closed_R10_single_refY,GP_Is_18.0mm_closed_R10_single_refY_005,2,-2,304,raw/GP_Is_18.0mm_closed_R10_single_refY_005.mp4,GP_Is_18.0mm_closed_R10_single_refY_005-raw02-20-nbr-2,dg3_neighbors/images/GP_Is_18.0mm_closed_R10_single_refY_005-raw02-20-nbr-2.jpg,False
GP_Is_18.0mm_closed_R10_single_refY_005-raw02-20,GP_Is_18.0mm_closed_R10_single_refY,GP_Is_18.0mm_closed_R10_single_refY_005,2,-1,305,raw/GP_Is_18.0mm_closed_R10_single_refY_005.mp4,GP_Is_18.0mm_closed_R10_single_refY_005-raw02-20-nbr-1,dg3_neighbors/images/GP_Is_18.0mm_closed_R10_single_refY_005-raw02-20-nbr-1.jpg,False
GP_Is_18.0mm_closed_R10_single_refY_005-raw02-20,GP_Is_18.0mm_closed_R10_single_refY,GP_Is_18.0mm_closed_R10_single_refY_005,2,0,306,raw/GP_Is_18.0mm_closed_R10_single_refY_005.mp4,GP_Is_18.0mm_closed_R10_single_refY_005-raw02-20-nbr+0,dg3_neighbors/images/GP_Is_18.0mm_closed_R10_single_refY_005-raw02-20-nbr+0.jpg,True
GP_Is_18.0mm_closed_R10_single_refY_005-raw02-20,GP_Is_18.0mm_closed_R10_single_refY,GP_Is_18.0mm_closed_R10_single_refY_005,2,1,307,raw/GP_Is_18.0mm_closed_R10_single_refY_005.mp4,GP_Is_18.0mm_closed_R10_single_refY_005-raw02-20-nbr+1,dg3_neighbors/images/GP_Is_18.0mm_closed_R10_single_refY_005-raw02-20-nbr+1.jpg,False
GP_Is_18.0mm_closed_R10_single_refY_005-raw02-20,GP_Is_18.0mm_closed_R10_single_refY,GP_Is_18.0mm_closed_R10_single_refY_005,2,2,308,raw/GP_Is_18.0mm_closed_R10_single_refY_005.mp4,GP_Is_18.0mm_closed_R10_single_refY_005-raw02-20-nbr+2,dg3_neighbors/images/GP_Is_18.0mm_closed_R10_single_refY_005-raw02-20-nbr+2.jpg,False
GP_Is_18.0mm_closed_R10_single_refY_005-raw02-20,GP_Is_18.0mm_closed_R10_single_refY,GP_Is_18.0mm_closed_R10_single_refY_005,2,3,309,raw/GP_Is_18.0mm_closed_R10_single_refY_005.mp4,GP_Is_18.0mm_closed_R10_single_refY_005-raw02-20-nbr+3,dg3_neighbors/images/GP_Is_18.0mm_closed_R10_single_refY_005-raw02-20-nbr+3.jpg,False
GP_Is_18.0mm_closed_R10_single_refY_005-raw03-21,GP_Is_18.0mm_closed_R10_single_refY,GP_Is_18.0mm_closed_R10_single_refY_005,3,-3,457,raw/GP_Is_18.0mm_closed_R10_single_refY_005.mp4,GP_Is_18.0mm_closed_R10_single_refY_005-raw03-21-nbr-3,dg3_neighbors/images/GP_Is_18.0mm_closed_R10_single_refY_005-raw03-21-nbr-3.jpg,False
GP_Is_18.0mm_closed_R10_single_refY_005-raw03-21,GP_Is_18.0mm_closed_R10_single_refY,GP_Is_18.0mm_closed_R10_single_refY_005,3,-2,458,raw/GP_Is_18.0mm_closed_R10_single_refY_005.mp4,GP_Is_18.0mm_closed_R10_single_refY_005-raw03-21-nbr-2,dg3_neighbors/images/GP_Is_18.0mm_closed_R10_single_refY_005-raw03-21-nbr-2.jpg,False
GP_Is_18.0mm_closed_R10_single_refY_005-raw03-21,GP_Is_18.0mm_closed_R10_single_refY,GP_Is_18.0mm_closed_R10_single_refY_005,3,-1,459,raw/GP_Is_18.0mm_closed_R10_single_refY_005.mp4,GP_Is_18.0mm_closed_R10_single_refY_005-raw03-21-nbr-1,dg3_neighbors/images/GP_Is_18.0mm_closed_R10_single_refY_005-raw03-21-nbr-1.jpg,False
GP_Is_18.0mm_closed_R10_single_refY_005-raw03-21,GP_Is_18.0mm_closed_R10_single_refY,GP_Is_18.0mm_closed_R10_single_refY_005,3,0,460,raw/GP_Is_18.0mm_closed_R10_single_refY_005.mp4,GP_Is_18.0mm_closed_R10_single_refY_005-raw03-21-nbr+0,dg3_neighbors/images/GP_Is_18.0mm_closed_R10_single_refY_005-raw03-21-nbr+0.jpg,True
GP_Is_18.0mm_closed_R10_single_refY_005-raw03-21,GP_Is_18.0mm_closed_R10_single_refY,GP_Is_18.0mm_closed_R10_single_refY_005,3,1,461,raw/GP_Is_18.0mm_closed_R10_single_refY_005.mp4,GP_Is_18.0mm_closed_R10_single_refY_005-raw03-21-nbr+1,dg3_neighbors/images/GP_Is_18.0mm_closed_R10_single_refY_005-raw03-21-nbr+1.jpg,False
GP_Is_18.0mm_closed_R10_single_refY_005-raw03-21,GP_Is_18.0mm_closed_R10_single_refY,GP_Is_18.0mm_closed_R10_single_refY_005,3,2,462,raw/GP_Is_18.0mm_closed_R10_single_refY_005.mp4,GP_Is_18.0mm_closed_R10_single_refY_005-raw03-21-nbr+2,dg3_neighbors/images/GP_Is_18.0mm_closed_R10_single_refY_005-raw03-21-nbr+2.jpg,False
GP_Is_18.0mm_closed_R10_single_refY_005-raw03-21,GP_Is_18.0mm_closed_R10_single_refY,GP_Is_18.0mm_closed_R10_single_refY_005,3,3,463,raw/GP_Is_18.0mm_closed_R10_single_refY_005.mp4,GP_Is_18.0mm_closed_R10_single_refY_005-raw03-21-nbr+3,dg3_neighbors/images/GP_Is_18.0mm_closed_R10_single_refY_005-raw03-21-nbr+3.jpg,False
GP_Is_18.0mm_closed_R10_single_refY_005-raw04-16,GP_Is_18.0mm_closed_R10_single_refY,GP_Is_18.0mm_closed_R10_single_refY_005,4,-3,574,raw/GP_Is_18.0mm_closed_R10_single_refY_005.mp4,GP_Is_18.0mm_closed_R10_single_refY_005-raw04-16-nbr-3,dg3_neighbors/images/GP_Is_18.0mm_closed_R10_single_refY_005-raw04-16-nbr-3.jpg,False
GP_Is_18.0mm_closed_R10_single_refY_005-raw04-16,GP_Is_18.0mm_closed_R10_single_refY,GP_Is_18.0mm_closed_R10_single_refY_005,4,-2,575,raw/GP_Is_18.0mm_closed_R10_single_refY_005.mp4,GP_Is_18.0mm_closed_R10_single_refY_005-raw04-16-nbr-2,dg3_neighbors/images/GP_Is_18.0mm_closed_R10_single_refY_005-raw04-16-nbr-2.jpg,False
GP_Is_18.0mm_closed_R10_single_refY_005-raw04-16,GP_Is_18.0mm_closed_R10_single_refY,GP_Is_18.0mm_closed_R10_single_refY_005,4,-1,576,raw/GP_Is_18.0mm_closed_R10_single_refY_005.mp4,GP_Is_18.0mm_closed_R10_single_refY_005-raw04-16-nbr-1,dg3_neighbors/images/GP_Is_18.0mm_closed_R10_single_refY_005-raw04-16-nbr-1.jpg,False
GP_Is_18.0mm_closed_R10_single_refY_005-raw04-16,GP_Is_18.0mm_closed_R10_single_refY,GP_Is_18.0mm_closed_R10_single_refY_005,4,0,577,raw/GP_Is_18.0mm_closed_R10_single_refY_005.mp4,GP_Is_18.0mm_closed_R10_single_refY_005-raw04-16-nbr+0,dg3_neighbors/images/GP_Is_18.0mm_closed_R10_single_refY_005-raw04-16-nbr+0.jpg,True
GP_Is_18.0mm_closed_R10_single_refY_005-raw04-16,GP_Is_18.0mm_closed_R10_single_refY,GP_Is_18.0mm_closed_R10_single_refY_005,4,1,578,raw/GP_Is_18.0mm_closed_R10_single_refY_005.mp4,GP_Is_18.0mm_closed_R10_single_refY_005-raw04-16-nbr+1,dg3_neighbors/images/GP_Is_18.0mm_closed_R10_single_refY_005-raw04-16-nbr+1.jpg,False
GP_Is_18.0mm_closed_R10_single_refY_005-raw04-16,GP_Is_18.0mm_closed_R10_single_refY,GP_Is_18.0mm_closed_R10_single_refY_005,4,2,579,raw/GP_Is_18.0mm_closed_R10_single_refY_005.mp4,GP_Is_18.0mm_closed_R10_single_refY_005-raw04-16-nbr+2,dg3_neighbors/images/GP_Is_18.0mm_closed_R10_single_refY_005-raw04-16-nbr+2.jpg,False
GP_Is_18.0mm_closed_R10_single_refY_005-raw04-16,GP_Is_18.0mm_closed_R10_single_refY,GP_Is_18.0mm_closed_R10_single_refY_005,4,3,580,raw/GP_Is_18.0mm_closed_R10_single_refY_005.mp4,GP_Is_18.0mm_closed_R10_single_refY_005-raw04-16-nbr+3,dg3_neighbors/images/GP_Is_18.0mm_closed_R10_single_refY_005-raw04-16-nbr+3.jpg,False
GP_Is_18.0mm_closed_R10_single_refY_005-raw05-20,GP_Is_18.0mm_closed_R10_single_refY,GP_Is_18.0mm_closed_R10_single_refY_005,5,-3,750,raw/GP_Is_18.0mm_closed_R10_single_refY_005.mp4,GP_Is_18.0mm_closed_R10_single_refY_005-raw05-20-nbr-3,dg3_neighbors/images/GP_Is_18.0mm_closed_R10_single_refY_005-raw05-20-nbr-3.jpg,False
GP_Is_18.0mm_closed_R10_single_refY_005-raw05-20,GP_Is_18.0mm_closed_R10_single_refY,GP_Is_18.0mm_closed_R10_single_refY_005,5,-2,751,raw/GP_Is_18.0mm_closed_R10_single_refY_005.mp4,GP_Is_18.0mm_closed_R10_single_refY_005-raw05-20-nbr-2,dg3_neighbors/images/GP_Is_18.0mm_closed_R10_single_refY_005-raw05-20-nbr-2.jpg,False
GP_Is_18.0mm_closed_R10_single_refY_005-raw05-20,GP_Is_18.0mm_closed_R10_single_refY,GP_Is_18.0mm_closed_R10_single_refY_005,5,-1,752,raw/GP_Is_18.0mm_closed_R10_single_refY_005.mp4,GP_Is_18.0mm_closed_R10_single_refY_005-raw05-20-nbr-1,dg3_neighbors/images/GP_Is_18.0mm_closed_R10_single_refY_005-raw05-20-nbr-1.jpg,False
GP_Is_18.0mm_closed_R10_single_refY_005-raw05-20,GP_Is_18.0mm_closed_R10_single_refY,GP_Is_18.0mm_closed_R10_single_refY_005,5,0,753,raw/GP_Is_18.0mm_closed_R10_single_refY_005.mp4,GP_Is_18.0mm_closed_R10_single_refY_005-raw05-20-nbr+0,dg3_neighbors/images/GP_Is_18.0mm_closed_R10_single_refY_005-raw05-20-nbr+0.jpg,True
GP_Is_18.0mm_closed_R10_single_refY_005-raw05-20,GP_Is_18.0mm_closed_R10_single_refY,GP_Is_18.0mm_closed_R10_single_refY_005,5,1,754,raw/GP_Is_18.0mm_closed_R10_single_refY_005.mp4,GP_Is_18.0mm_closed_R10_single_refY_005-raw05-20-nbr+1,dg3_neighbors/images/GP_Is_18.0mm_closed_R10_single_refY_005-raw05-20-nbr+1.jpg,False
GP_Is_18.0mm_closed_R10_single_refY_005-raw05-20,GP_Is_18.0mm_closed_R10_single_refY,GP_Is_18.0mm_closed_R10_single_refY_005,5,2,755,raw/GP_Is_18.0mm_closed_R10_single_refY_005.mp4,GP_Is_18.0mm_closed_R10_single_refY_005-raw05-20-nbr+2,dg3_neighbors/images/GP_Is_18.0mm_closed_R10_single_refY_005-raw05-20-nbr+2.jpg,False
GP_Is_18.0mm_closed_R10_single_refY_005-raw05-20,GP_Is_18.0mm_closed_R10_single_refY,GP_Is_18.0mm_closed_R10_single_refY_005,5,3,756,raw/GP_Is_18.0mm_closed_R10_single_refY_005.mp4,GP_Is_18.0mm_closed_R10_single_refY_005-raw05-20-nbr+3,dg3_neighbors/images/GP_Is_18.0mm_closed_R10_single_refY_005-raw05-20-nbr+3.jpg,False
GP_Is_18.0mm_closed_R5_single_refY_004-raw01-22,GP_Is_18.0mm_closed_R5_single_refY,GP_Is_18.0mm_closed_R5_single_refY_004,1,-3,197,raw/GP_Is_18.0mm_closed_R5_single_refY_004.mp4,GP_Is_18.0mm_closed_R5_single_refY_004-raw01-22-nbr-3,dg3_neighbors/images/GP_Is_18.0mm_closed_R5_single_refY_004-raw01-22-nbr-3.jpg,False
GP_Is_18.0mm_closed_R5_single_refY_004-raw01-22,GP_Is_18.0mm_closed_R5_single_refY,GP_Is_18.0mm_closed_R5_single_refY_004,1,-2,198,raw/GP_Is_18.0mm_closed_R5_single_refY_004.mp4,GP_Is_18.0mm_closed_R5_single_refY_004-raw01-22-nbr-2,dg3_neighbors/images/GP_Is_18.0mm_closed_R5_single_refY_004-raw01-22-nbr-2.jpg,False
GP_Is_18.0mm_closed_R5_single_refY_004-raw01-22,GP_Is_18.0mm_closed_R5_single_refY,GP_Is_18.0mm_closed_R5_single_refY_004,1,-1,199,raw/GP_Is_18.0mm_closed_R5_single_refY_004.mp4,GP_Is_18.0mm_closed_R5_single_refY_004-raw01-22-nbr-1,dg3_neighbors/images/GP_Is_18.0mm_closed_R5_single_refY_004-raw01-22-nbr-1.jpg,False
GP_Is_18.0mm_closed_R5_single_refY_004-raw01-22,GP_Is_18.0mm_closed_R5_single_refY,GP_Is_18.0mm_closed_R5_single_refY_004,1,0,200,raw/GP_Is_18.0mm_closed_R5_single_refY_004.mp4,GP_Is_18.0mm_closed_R5_single_refY_004-raw01-22-nbr+0,dg3_neighbors/images/GP_Is_18.0mm_closed_R5_single_refY_004-raw01-22-nbr+0.jpg,True
GP_Is_18.0mm_closed_R5_single_refY_004-raw01-22,GP_Is_18.0mm_closed_R5_single_refY,GP_Is_18.0mm_closed_R5_single_refY_004,1,1,201,raw/GP_Is_18.0mm_closed_R5_single_refY_004.mp4,GP_Is_18.0mm_closed_R5_single_refY_004-raw01-22-nbr+1,dg3_neighbors/images/GP_Is_18.0mm_closed_R5_single_refY_004-raw01-22-nbr+1.jpg,False
GP_Is_18.0mm_closed_R5_single_refY_004-raw01-22,GP_Is_18.0mm_closed_R5_single_refY,GP_Is_18.0mm_closed_R5_single_refY_004,1,2,202,raw/GP_Is_18.0mm_closed_R5_single_refY_004.mp4,GP_Is_18.0mm_closed_R5_single_refY_004-raw01-22-nbr+2,dg3_neighbors/images/GP_Is_18.0mm_closed_R5_single_refY_004-raw01-22-nbr+2.jpg,False
GP_Is_18.0mm_closed_R5_single_refY_004-raw01-22,GP_Is_18.0mm_closed_R5_single_refY,GP_Is_18.0mm_closed_R5_single_refY_004,1,3,203,raw/GP_Is_18.0mm_closed_R5_single_refY_004.mp4,GP_Is_18.0mm_closed_R5_single_refY_004-raw01-22-nbr+3,dg3_neighbors/images/GP_Is_18.0mm_closed_R5_single_refY_004-raw01-22-nbr+3.jpg,False
GP_Is_18.0mm_closed_R5_single_refY_004-raw02-15,GP_Is_18.0mm_closed_R5_single_refY,GP_Is_18.0mm_closed_R5_single_refY_004,2,-3,321,raw/GP_Is_18.0mm_closed_R5_single_refY_004.mp4,GP_Is_18.0mm_closed_R5_single_refY_004-raw02-15-nbr-3,dg3_neighbors/images/GP_Is_18.0mm_closed_R5_single_refY_004-raw02-15-nbr-3.jpg,False
GP_Is_18.0mm_closed_R5_single_refY_004-raw02-15,GP_Is_18.0mm_closed_R5_single_refY,GP_Is_18.0mm_closed_R5_single_refY_004,2,-2,322,raw/GP_Is_18.0mm_closed_R5_single_refY_004.mp4,GP_Is_18.0mm_closed_R5_single_refY_004-raw02-15-nbr-2,dg3_neighbors/images/GP_Is_18.0mm_closed_R5_single_refY_004-raw02-15-nbr-2.jpg,False
GP_Is_18.0mm_closed_R5_single_refY_004-raw02-15,GP_Is_18.0mm_closed_R5_single_refY,GP_Is_18.0mm_closed_R5_single_refY_004,2,-1,323,raw/GP_Is_18.0mm_closed_R5_single_refY_004.mp4,GP_Is_18.0mm_closed_R5_single_refY_004-raw02-15-nbr-1,dg3_neighbors/images/GP_Is_18.0mm_closed_R5_single_refY_004-raw02-15-nbr-1.jpg,False
GP_Is_18.0mm_closed_R5_single_refY_004-raw02-15,GP_Is_18.0mm_closed_R5_single_refY,GP_Is_18.0mm_closed_R5_single_refY_004,2,0,324,raw/GP_Is_18.0mm_closed_R5_single_refY_004.mp4,GP_Is_18.0mm_closed_R5_single_refY_004-raw02-15-nbr+0,dg3_neighbors/images/GP_Is_18.0mm_closed_R5_single_refY_004-raw02-15-nbr+0.jpg,True
GP_Is_18.0mm_closed_R5_single_refY_004-raw02-15,GP_Is_18.0mm_closed_R5_single_refY,GP_Is_18.0mm_closed_R5_single_refY_004,2,1,325,raw/GP_Is_18.0mm_closed_R5_single_refY_004.mp4,GP_Is_18.0mm_closed_R5_single_refY_004-raw02-15-nbr+1,dg3_neighbors/images/GP_Is_18.0mm_closed_R5_single_refY_004-raw02-15-nbr+1.jpg,False
GP_Is_18.0mm_closed_R5_single_refY_004-raw02-15,GP_Is_18.0mm_closed_R5_single_refY,GP_Is_18.0mm_closed_R5_single_refY_004,2,2,326,raw/GP_Is_18.0mm_closed_R5_single_refY_004.mp4,GP_Is_18.0mm_closed_R5_single_refY_004-raw02-15-nbr+2,dg3_neighbors/images/GP_Is_18.0mm_closed_R5_single_refY_004-raw02-15-nbr+2.jpg,False
GP_Is_18.0mm_closed_R5_single_refY_004-raw02-15,GP_Is_18.0mm_closed_R5_single_refY,GP_Is_18.0mm_closed_R5_single_refY_004,2,3,327,raw/GP_Is_18.0mm_closed_R5_single_refY_004.mp4,GP_Is_18.0mm_closed_R5_single_refY_004-raw02-15-nbr+3,dg3_neighbors/images/GP_Is_18.0mm_closed_R5_single_refY_004-raw02-15-nbr+3.jpg,False
GP_Is_18.0mm_closed_R5_single_refY_004-raw03-10,GP_Is_18.0mm_closed_R5_single_refY,GP_Is_18.0mm_closed_R5_single_refY_004,3,-3,458,raw/GP_Is_18.0mm_closed_R5_single_refY_004.mp4,GP_Is_18.0mm_closed_R5_single_refY_004-raw03-10-nbr-3,dg3_neighbors/images/GP_Is_18.0mm_closed_R5_single_refY_004-raw03-10-nbr-3.jpg,False
GP_Is_18.0mm_closed_R5_single_refY_004-raw03-10,GP_Is_18.0mm_closed_R5_single_refY,GP_Is_18.0mm_closed_R5_single_refY_004,3,-2,459,raw/GP_Is_18.0mm_closed_R5_single_refY_004.mp4,GP_Is_18.0mm_closed_R5_single_refY_004-raw03-10-nbr-2,dg3_neighbors/images/GP_Is_18.0mm_closed_R5_single_refY_004-raw03-10-nbr-2.jpg,False
GP_Is_18.0mm_closed_R5_single_refY_004-raw03-10,GP_Is_18.0mm_closed_R5_single_refY,GP_Is_18.0mm_closed_R5_single_refY_004,3,-1,460,raw/GP_Is_18.0mm_closed_R5_single_refY_004.mp4,GP_Is_18.0mm_closed_R5_single_refY_004-raw03-10-nbr-1,dg3_neighbors/images/GP_Is_18.0mm_closed_R5_single_refY_004-raw03-10-nbr-1.jpg,False
GP_Is_18.0mm_closed_R5_single_refY_004-raw03-10,GP_Is_18.0mm_closed_R5_single_refY,GP_Is_18.0mm_closed_R5_single_refY_004,3,0,461,raw/GP_Is_18.0mm_closed_R5_single_refY_004.mp4,GP_Is_18.0mm_closed_R5_single_refY_004-raw03-10-nbr+0,dg3_neighbors/images/GP_Is_18.0mm_closed_R5_single_refY_004-raw03-10-nbr+0.jpg,True
GP_Is_18.0mm_closed_R5_single_refY_004-raw03-10,GP_Is_18.0mm_closed_R5_single_refY,GP_Is_18.0mm_closed_R5_single_refY_004,3,1,462,raw/GP_Is_18.0mm_closed_R5_single_refY_004.mp4,GP_Is_18.0mm_closed_R5_single_refY_004-raw03-10-nbr+1,dg3_neighbors/images/GP_Is_18.0mm_closed_R5_single_refY_004-raw03-10-nbr+1.jpg,False
GP_Is_18.0mm_closed_R5_single_refY_004-raw03-10,GP_Is_18.0mm_closed_R5_single_refY,GP_Is_18.0mm_closed_R5_single_refY_004,3,2,463,raw/GP_Is_18.0mm_closed_R5_single_refY_004.mp4,GP_Is_18.0mm_closed_R5_single_refY_004-raw03-10-nbr+2,dg3_neighbors/images/GP_Is_18.0mm_closed_R5_single_refY_004-raw03-10-nbr+2.jpg,False
GP_Is_18.0mm_closed_R5_single_refY_004-raw03-10,GP_Is_18.0mm_closed_R5_single_refY,GP_Is_18.0mm_closed_R5_single_refY_004,3,3,464,raw/GP_Is_18.0mm_closed_R5_single_refY_004.mp4,GP_Is_18.0mm_closed_R5_single_refY_004-raw03-10-nbr+3,dg3_neighbors/images/GP_Is_18.0mm_closed_R5_single_refY_004-raw03-10-nbr+3.jpg,False
GP_Is_18.0mm_closed_R5_single_refY_004-raw04-20,GP_Is_18.0mm_closed_R5_single_refY,GP_Is_18.0mm_closed_R5_single_refY_004,4,-3,705,raw/GP_Is_18.0mm_closed_R5_single_refY_004.mp4,GP_Is_18.0mm_closed_R5_single_refY_004-raw04-20-nbr-3,dg3_neighbors/images/GP_Is_18.0mm_closed_R5_single_refY_004-raw04-20-nbr-3.jpg,False
GP_Is_18.0mm_closed_R5_single_refY_004-raw04-20,GP_Is_18.0mm_closed_R5_single_refY,GP_Is_18.0mm_closed_R5_single_refY_004,4,-2,706,raw/GP_Is_18.0mm_closed_R5_single_refY_004.mp4,GP_Is_18.0mm_closed_R5_single_refY_004-raw04-20-nbr-2,dg3_neighbors/images/GP_Is_18.0mm_closed_R5_single_refY_004-raw04-20-nbr-2.jpg,False
GP_Is_18.0mm_closed_R5_single_refY_004-raw04-20,GP_Is_18.0mm_closed_R5_single_refY,GP_Is_18.0mm_closed_R5_single_refY_004,4,-1,707,raw/GP_Is_18.0mm_closed_R5_single_refY_004.mp4,GP_Is_18.0mm_closed_R5_single_refY_004-raw04-20-nbr-1,dg3_neighbors/images/GP_Is_18.0mm_closed_R5_single_refY_004-raw04-20-nbr-1.jpg,False
GP_Is_18.0mm_closed_R5_single_refY_004-raw04-20,GP_Is_18.0mm_closed_R5_single_refY,GP_Is_18.0mm_closed_R5_single_refY_004,4,0,708,raw/GP_Is_18.0mm_closed_R5_single_refY_004.mp4,GP_Is_18.0mm_closed_R5_single_refY_004-raw04-20-nbr+0,dg3_neighbors/images/GP_Is_18.0mm_closed_R5_single_refY_004-raw04-20-nbr+0.jpg,True
GP_Is_18.0mm_closed_R5_single_refY_004-raw04-20,GP_Is_18.0mm_closed_R5_single_refY,GP_Is_18.0mm_closed_R5_single_refY_004,4,1,709,raw/GP_Is_18.0mm_closed_R5_single_refY_004.mp4,GP_Is_18.0mm_closed_R5_single_refY_004-raw04-20-nbr+1,dg3_neighbors/images/GP_Is_18.0mm_closed_R5_single_refY_004-raw04-20-nbr+1.jpg,False
GP_Is_18.0mm_closed_R5_single_refY_004-raw04-20,GP_Is_18.0mm_closed_R5_single_refY,GP_Is_18.0mm_closed_R5_single_refY_004,4,2,710,raw/GP_Is_18.0mm_closed_R5_single_refY_004.mp4,GP_Is_18.0mm_closed_R5_single_refY_004-raw04-20-nbr+2,dg3_neighbors/images/GP_Is_18.0mm_closed_R5_single_refY_004-raw04-20-nbr+2.jpg,False
GP_Is_18.0mm_closed_R5_single_refY_004-raw04-20,GP_Is_18.0mm_closed_R5_single_refY,GP_Is_18.0mm_closed_R5_single_refY_004,4,3,711,raw/GP_Is_18.0mm_closed_R5_single_refY_004.mp4,GP_Is_18.0mm_closed_R5_single_refY_004-raw04-20-nbr+3,dg3_neighbors/images/GP_Is_18.0mm_closed_R5_single_refY_004-raw04-20-nbr+3.jpg,False
GP_Is_18.0mm_closed_R5_single_refY_004-raw05-21,GP_Is_18.0mm_closed_R5_single_refY,GP_Is_18.0mm_closed_R5_single_refY_004,5,-3,888,raw/GP_Is_18.0mm_closed_R5_single_refY_004.mp4,GP_Is_18.0mm_closed_R5_single_refY_004-raw05-21-nbr-3,dg3_neighbors/images/GP_Is_18.0mm_closed_R5_single_refY_004-raw05-21-nbr-3.jpg,False
GP_Is_18.0mm_closed_R5_single_refY_004-raw05-21,GP_Is_18.0mm_closed_R5_single_refY,GP_Is_18.0mm_closed_R5_single_refY_004,5,-2,889,raw/GP_Is_18.0mm_closed_R5_single_refY_004.mp4,GP_Is_18.0mm_closed_R5_single_refY_004-raw05-21-nbr-2,dg3_neighbors/images/GP_Is_18.0mm_closed_R5_single_refY_004-raw05-21-nbr-2.jpg,False
GP_Is_18.0mm_closed_R5_single_refY_004-raw05-21,GP_Is_18.0mm_closed_R5_single_refY,GP_Is_18.0mm_closed_R5_single_refY_004,5,-1,890,raw/GP_Is_18.0mm_closed_R5_single_refY_004.mp4,GP_Is_18.0mm_closed_R5_single_refY_004-raw05-21-nbr-1,dg3_neighbors/images/GP_Is_18.0mm_closed_R5_single_refY_004-raw05-21-nbr-1.jpg,False
GP_Is_18.0mm_closed_R5_single_refY_004-raw05-21,GP_Is_18.0mm_closed_R5_single_refY,GP_Is_18.0mm_closed_R5_single_refY_004,5,0,891,raw/GP_Is_18.0mm_closed_R5_single_refY_004.mp4,GP_Is_18.0mm_closed_R5_single_refY_004-raw05-21-nbr+0,dg3_neighbors/images/GP_Is_18.0mm_closed_R5_single_refY_004-raw05-21-nbr+0.jpg,True
GP_Is_18.0mm_closed_R5_single_refY_004-raw05-21,GP_Is_18.0mm_closed_R5_single_refY,GP_Is_18.0mm_closed_R5_single_refY_004,5,1,892,raw/GP_Is_18.0mm_closed_R5_single_refY_004.mp4,GP_Is_18.0mm_closed_R5_single_refY_004-raw05-21-nbr+1,dg3_neighbors/images/GP_Is_18.0mm_closed_R5_single_refY_004-raw05-21-nbr+1.jpg,False
GP_Is_18.0mm_closed_R5_single_refY_004-raw05-21,GP_Is_18.0mm_closed_R5_single_refY,GP_Is_18.0mm_closed_R5_single_refY_004,5,2,893,raw/GP_Is_18.0mm_closed_R5_single_refY_004.mp4,GP_Is_18.0mm_closed_R5_single_refY_004-raw05-21-nbr+2,dg3_neighbors/images/GP_Is_18.0mm_closed_R5_single_refY_004-raw05-21-nbr+2.jpg,False
GP_Is_18.0mm_closed_R5_single_refY_004-raw05-21,GP_Is_18.0mm_closed_R5_single_refY,GP_Is_18.0mm_closed_R5_single_refY_004,5,3,894,raw/GP_Is_18.0mm_closed_R5_single_refY_004.mp4,GP_Is_18.0mm_closed_R5_single_refY_004-raw05-21-nbr+3,dg3_neighbors/images/GP_Is_18.0mm_closed_R5_single_refY_004-raw05-21-nbr+3.jpg,False
GP_Is_18.0mm_closed_R5_single_refY_005-raw01-06,GP_Is_18.0mm_closed_R5_single_refY,GP_Is_18.0mm_closed_R5_single_refY_005,1,-3,78,raw/GP_Is_18.0mm_closed_R5_single_refY_005.mp4,GP_Is_18.0mm_closed_R5_single_refY_005-raw01-06-nbr-3,dg3_neighbors/images/GP_Is_18.0mm_closed_R5_single_refY_005-raw01-06-nbr-3.jpg,False
GP_Is_18.0mm_closed_R5_single_refY_005-raw01-06,GP_Is_18.0mm_closed_R5_single_refY,GP_Is_18.0mm_closed_R5_single_refY_005,1,-2,79,raw/GP_Is_18.0mm_closed_R5_single_refY_005.mp4,GP_Is_18.0mm_closed_R5_single_refY_005-raw01-06-nbr-2,dg3_neighbors/images/GP_Is_18.0mm_closed_R5_single_refY_005-raw01-06-nbr-2.jpg,False
GP_Is_18.0mm_closed_R5_single_refY_005-raw01-06,GP_Is_18.0mm_closed_R5_single_refY,GP_Is_18.0mm_closed_R5_single_refY_005,1,-1,80,raw/GP_Is_18.0mm_closed_R5_single_refY_005.mp4,GP_Is_18.0mm_closed_R5_single_refY_005-raw01-06-nbr-1,dg3_neighbors/images/GP_Is_18.0mm_closed_R5_single_refY_005-raw01-06-nbr-1.jpg,False
GP_Is_18.0mm_closed_R5_single_refY_005-raw01-06,GP_Is_18.0mm_closed_R5_single_refY,GP_Is_18.0mm_closed_R5_single_refY_005,1,0,81,raw/GP_Is_18.0mm_closed_R5_single_refY_005.mp4,GP_Is_18.0mm_closed_R5_single_refY_005-raw01-06-nbr+0,dg3_neighbors/images/GP_Is_18.0mm_closed_R5_single_refY_005-raw01-06-nbr+0.jpg,True
GP_Is_18.0mm_closed_R5_single_refY_005-raw01-06,GP_Is_18.0mm_closed_R5_single_refY,GP_Is_18.0mm_closed_R5_single_refY_005,1,1,82,raw/GP_Is_18.0mm_closed_R5_single_refY_005.mp4,GP_Is_18.0mm_closed_R5_single_refY_005-raw01-06-nbr+1,dg3_neighbors/images/GP_Is_18.0mm_closed_R5_single_refY_005-raw01-06-nbr+1.jpg,False
GP_Is_18.0mm_closed_R5_single_refY_005-raw01-06,GP_Is_18.0mm_closed_R5_single_refY,GP_Is_18.0mm_closed_R5_single_refY_005,1,2,83,raw/GP_Is_18.0mm_closed_R5_single_refY_005.mp4,GP_Is_18.0mm_closed_R5_single_refY_005-raw01-06-nbr+2,dg3_neighbors/images/GP_Is_18.0mm_closed_R5_single_refY_005-raw01-06-nbr+2.jpg,False
GP_Is_18.0mm_closed_R5_single_refY_005-raw01-06,GP_Is_18.0mm_closed_R5_single_refY,GP_Is_18.0mm_closed_R5_single_refY_005,1,3,84,raw/GP_Is_18.0mm_closed_R5_single_refY_005.mp4,GP_Is_18.0mm_closed_R5_single_refY_005-raw01-06-nbr+3,dg3_neighbors/images/GP_Is_18.0mm_closed_R5_single_refY_005-raw01-06-nbr+3.jpg,False
GP_Is_18.0mm_closed_R5_single_refY_005-raw02-19,GP_Is_18.0mm_closed_R5_single_refY,GP_Is_18.0mm_closed_R5_single_refY_005,2,-3,337,raw/GP_Is_18.0mm_closed_R5_single_refY_005.mp4,GP_Is_18.0mm_closed_R5_single_refY_005-raw02-19-nbr-3,dg3_neighbors/images/GP_Is_18.0mm_closed_R5_single_refY_005-raw02-19-nbr-3.jpg,False
GP_Is_18.0mm_closed_R5_single_refY_005-raw02-19,GP_Is_18.0mm_closed_R5_single_refY,GP_Is_18.0mm_closed_R5_single_refY_005,2,-2,338,raw/GP_Is_18.0mm_closed_R5_single_refY_005.mp4,GP_Is_18.0mm_closed_R5_single_refY_005-raw02-19-nbr-2,dg3_neighbors/images/GP_Is_18.0mm_closed_R5_single_refY_005-raw02-19-nbr-2.jpg,False
GP_Is_18.0mm_closed_R5_single_refY_005-raw02-19,GP_Is_18.0mm_closed_R5_single_refY,GP_Is_18.0mm_closed_R5_single_refY_005,2,-1,339,raw/GP_Is_18.0mm_closed_R5_single_refY_005.mp4,GP_Is_18.0mm_closed_R5_single_refY_005-raw02-19-nbr-1,dg3_neighbors/images/GP_Is_18.0mm_closed_R5_single_refY_005-raw02-19-nbr-1.jpg,False
GP_Is_18.0mm_closed_R5_single_refY_005-raw02-19,GP_Is_18.0mm_closed_R5_single_refY,GP_Is_18.0mm_closed_R5_single_refY_005,2,0,340,raw/GP_Is_18.0mm_closed_R5_single_refY_005.mp4,GP_Is_18.0mm_closed_R5_single_refY_005-raw02-19-nbr+0,dg3_neighbors/images/GP_Is_18.0mm_closed_R5_single_refY_005-raw02-19-nbr+0.jpg,True
GP_Is_18.0mm_closed_R5_single_refY_005-raw02-19,GP_Is_18.0mm_closed_R5_single_refY,GP_Is_18.0mm_closed_R5_single_refY_005,2,1,341,raw/GP_Is_18.0mm_closed_R5_single_refY_005.mp4,GP_Is_18.0mm_closed_R5_single_refY_005-raw02-19-nbr+1,dg3_neighbors/images/GP_Is_18.0mm_closed_R5_single_refY_005-raw02-19-nbr+1.jpg,False
GP_Is_18.0mm_closed_R5_single_refY_005-raw02-19,GP_Is_18.0mm_closed_R5_single_refY,GP_Is_18.0mm_closed_R5_single_refY_005,2,2,342,raw/GP_Is_18.0mm_closed_R5_single_refY_005.mp4,GP_Is_18.0mm_closed_R5_single_refY_005-raw02-19-nbr+2,dg3_neighbors/images/GP_Is_18.0mm_closed_R5_single_refY_005-raw02-19-nbr+2.jpg,False
GP_Is_18.0mm_closed_R5_single_refY_005-raw02-19,GP_Is_18.0mm_closed_R5_single_refY,GP_Is_18.0mm_closed_R5_single_refY_005,2,3,343,raw/GP_Is_18.0mm_closed_R5_single_refY_005.mp4,GP_Is_18.0mm_closed_R5_single_refY_005-raw02-19-nbr+3,dg3_neighbors/images/GP_Is_18.0mm_closed_R5_single_refY_005-raw02-19-nbr+3.jpg,False
GP_Is_18.0mm_closed_R5_single_refY_005-raw03-19,GP_Is_18.0mm_closed_R5_single_refY,GP_Is_18.0mm_closed_R5_single_refY_005,3,-3,505,raw/GP_Is_18.0mm_closed_R5_single_refY_005.mp4,GP_Is_18.0mm_closed_R5_single_refY_005-raw03-19-nbr-3,dg3_neighbors/images/GP_Is_18.0mm_closed_R5_single_refY_005-raw03-19-nbr-3.jpg,False
GP_Is_18.0mm_closed_R5_single_refY_005-raw03-19,GP_Is_18.0mm_closed_R5_single_refY,GP_Is_18.0mm_closed_R5_single_refY_005,3,-2,506,raw/GP_Is_18.0mm_closed_R5_single_refY_005.mp4,GP_Is_18.0mm_closed_R5_single_refY_005-raw03-19-nbr-2,dg3_neighbors/images/GP_Is_18.0mm_closed_R5_single_refY_005-raw03-19-nbr-2.jpg,False
GP_Is_18.0mm_closed_R5_single_refY_005-raw03-19,GP_Is_18.0mm_closed_R5_single_refY,GP_Is_18.0mm_closed_R5_single_refY_005,3,-1,507,raw/GP_Is_18.0mm_closed_R5_single_refY_005.mp4,GP_Is_18.0mm_closed_R5_single_refY_005-raw03-19-nbr-1,dg3_neighbors/images/GP_Is_18.0mm_closed_R5_single_refY_005-raw03-19-nbr-1.jpg,False
GP_Is_18.0mm_closed_R5_single_refY_005-raw03-19,GP_Is_18.0mm_closed_R5_single_refY,GP_Is_18.0mm_closed_R5_single_refY_005,3,0,508,raw/GP_Is_18.0mm_closed_R5_single_refY_005.mp4,GP_Is_18.0mm_closed_R5_single_refY_005-raw03-19-nbr+0,dg3_neighbors/images/GP_Is_18.0mm_closed_R5_single_refY_005-raw03-19-nbr+0.jpg,True
GP_Is_18.0mm_closed_R5_single_refY_005-raw03-19,GP_Is_18.0mm_closed_R5_single_refY,GP_Is_18.0mm_closed_R5_single_refY_005,3,1,509,raw/GP_Is_18.0mm_closed_R5_single_refY_005.mp4,GP_Is_18.0mm_closed_R5_single_refY_005-raw03-19-nbr+1,dg3_neighbors/images/GP_Is_18.0mm_closed_R5_single_refY_005-raw03-19-nbr+1.jpg,False
GP_Is_18.0mm_closed_R5_single_refY_005-raw03-19,GP_Is_18.0mm_closed_R5_single_refY,GP_Is_18.0mm_closed_R5_single_refY_005,3,2,510,raw/GP_Is_18.0mm_closed_R5_single_refY_005.mp4,GP_Is_18.0mm_closed_R5_single_refY_005-raw03-19-nbr+2,dg3_neighbors/images/GP_Is_18.0mm_closed_R5_single_refY_005-raw03-19-nbr+2.jpg,False
GP_Is_18.0mm_closed_R5_single_refY_005-raw03-19,GP_Is_18.0mm_closed_R5_single_refY,GP_Is_18.0mm_closed_R5_single_refY_005,3,3,511,raw/GP_Is_18.0mm_closed_R5_single_refY_005.mp4,GP_Is_18.0mm_closed_R5_single_refY_005-raw03-19-nbr+3,dg3_neighbors/images/GP_Is_18.0mm_closed_R5_single_refY_005-raw03-19-nbr+3.jpg,False
GP_Is_18.0mm_closed_R5_single_refY_005-raw04-03,GP_Is_18.0mm_closed_R5_single_refY,GP_Is_18.0mm_closed_R5_single_refY_005,4,-3,561,raw/GP_Is_18.0mm_closed_R5_single_refY_005.mp4,GP_Is_18.0mm_closed_R5_single_refY_005-raw04-03-nbr-3,dg3_neighbors/images/GP_Is_18.0mm_closed_R5_single_refY_005-raw04-03-nbr-3.jpg,False
GP_Is_18.0mm_closed_R5_single_refY_005-raw04-03,GP_Is_18.0mm_closed_R5_single_refY,GP_Is_18.0mm_closed_R5_single_refY_005,4,-2,562,raw/GP_Is_18.0mm_closed_R5_single_refY_005.mp4,GP_Is_18.0mm_closed_R5_single_refY_005-raw04-03-nbr-2,dg3_neighbors/images/GP_Is_18.0mm_closed_R5_single_refY_005-raw04-03-nbr-2.jpg,False
GP_Is_18.0mm_closed_R5_single_refY_005-raw04-03,GP_Is_18.0mm_closed_R5_single_refY,GP_Is_18.0mm_closed_R5_single_refY_005,4,-1,563,raw/GP_Is_18.0mm_closed_R5_single_refY_005.mp4,GP_Is_18.0mm_closed_R5_single_refY_005-raw04-03-nbr-1,dg3_neighbors/images/GP_Is_18.0mm_closed_R5_single_refY_005-raw04-03-nbr-1.jpg,False
GP_Is_18.0mm_closed_R5_single_refY_005-raw04-03,GP_Is_18.0mm_closed_R5_single_refY,GP_Is_18.0mm_closed_R5_single_refY_005,4,0,564,raw/GP_Is_18.0mm_closed_R5_single_refY_005.mp4,GP_Is_18.0mm_closed_R5_single_refY_005-raw04-03-nbr+0,dg3_neighbors/images/GP_Is_18.0mm_closed_R5_single_refY_005-raw04-03-nbr+0.jpg,True
GP_Is_18.0mm_closed_R5_single_refY_005-raw04-03,GP_Is_18.0mm_closed_R5_single_refY,GP_Is_18.0mm_closed_R5_single_refY_005,4,1,565,raw/GP_Is_18.0mm_closed_R5_single_refY_005.mp4,GP_Is_18.0mm_closed_R5_single_refY_005-raw04-03-nbr+1,dg3_neighbors/images/GP_Is_18.0mm_closed_R5_single_refY_005-raw04-03-nbr+1.jpg,False
GP_Is_18.0mm_closed_R5_single_refY_005-raw04-03,GP_Is_18.0mm_closed_R5_single_refY,GP_Is_18.0mm_closed_R5_single_refY_005,4,2,566,raw/GP_Is_18.0mm_closed_R5_single_refY_005.mp4,GP_Is_18.0mm_closed_R5_single_refY_005-raw04-03-nbr+2,dg3_neighbors/images/GP_Is_18.0mm_closed_R5_single_refY_005-raw04-03-nbr+2.jpg,False
GP_Is_18.0mm_closed_R5_single_refY_005-raw04-03,GP_Is_18.0mm_closed_R5_single_refY,GP_Is_18.0mm_closed_R5_single_refY_005,4,3,567,raw/GP_Is_18.0mm_closed_R5_single_refY_005.mp4,GP_Is_18.0mm_closed_R5_single_refY_005-raw04-03-nbr+3,dg3_neighbors/images/GP_Is_18.0mm_closed_R5_single_refY_005-raw04-03-nbr+3.jpg,False
GP_Is_18.0mm_closed_R5_single_refY_005-raw05-01,GP_Is_18.0mm_closed_R5_single_refY,GP_Is_18.0mm_closed_R5_single_refY_005,5,-3,715,raw/GP_Is_18.0mm_closed_R5_single_refY_005.mp4,GP_Is_18.0mm_closed_R5_single_refY_005-raw05-01-nbr-3,dg3_neighbors/images/GP_Is_18.0mm_closed_R5_single_refY_005-raw05-01-nbr-3.jpg,False
GP_Is_18.0mm_closed_R5_single_refY_005-raw05-01,GP_Is_18.0mm_closed_R5_single_refY,GP_Is_18.0mm_closed_R5_single_refY_005,5,-2,716,raw/GP_Is_18.0mm_closed_R5_single_refY_005.mp4,GP_Is_18.0mm_closed_R5_single_refY_005-raw05-01-nbr-2,dg3_neighbors/images/GP_Is_18.0mm_closed_R5_single_refY_005-raw05-01-nbr-2.jpg,False
GP_Is_18.0mm_closed_R5_single_refY_005-raw05-01,GP_Is_18.0mm_closed_R5_single_refY,GP_Is_18.0mm_closed_R5_single_refY_005,5,-1,717,raw/GP_Is_18.0mm_closed_R5_single_refY_005.mp4,GP_Is_18.0mm_closed_R5_single_refY_005-raw05-01-nbr-1,dg3_neighbors/images/GP_Is_18.0mm_closed_R5_single_refY_005-raw05-01-nbr-1.jpg,False
GP_Is_18.0mm_closed_R5_single_refY_005-raw05-01,GP_Is_18.0mm_closed_R5_single_refY,GP_Is_18.0mm_closed_R5_single_refY_005,5,0,718,raw/GP_Is_18.0mm_closed_R5_single_refY_005.mp4,GP_Is_18.0mm_closed_R5_single_refY_005-raw05-01-nbr+0,dg3_neighbors/images/GP_Is_18.0mm_closed_R5_single_refY_005-raw05-01-nbr+0.jpg,True
GP_Is_18.0mm_closed_R5_single_refY_005-raw05-01,GP_Is_18.0mm_closed_R5_single_refY,GP_Is_18.0mm_closed_R5_single_refY_005,5,1,719,raw/GP_Is_18.0mm_closed_R5_single_refY_005.mp4,GP_Is_18.0mm_closed_R5_single_refY_005-raw05-01-nbr+1,dg3_neighbors/images/GP_Is_18.0mm_closed_R5_single_refY_005-raw05-01-nbr+1.jpg,False
GP_Is_18.0mm_closed_R5_single_refY_005-raw05-01,GP_Is_18.0mm_closed_R5_single_refY,GP_Is_18.0mm_closed_R5_single_refY_005,5,2,720,raw/GP_Is_18.0mm_closed_R5_single_refY_005.mp4,GP_Is_18.0mm_closed_R5_single_refY_005-raw05-01-nbr+2,dg3_neighbors/images/GP_Is_18.0mm_closed_R5_single_refY_005-raw05-01-nbr+2.jpg,False
GP_Is_18.0mm_closed_R5_single_refY_005-raw05-01,GP_Is_18.0mm_closed_R5_single_refY,GP_Is_18.0mm_closed_R5_single_refY_005,5,3,721,raw/GP_Is_18.0mm_closed_R5_single_refY_005.mp4,GP_Is_18.0mm_closed_R5_single_refY_005-raw05-01-nbr+3,dg3_neighbors/images/GP_Is_18.0mm_closed_R5_single_refY_005-raw05-01-nbr+3.jpg,False
GP_Is_4.8mm_closed_R10_single_refY_004-raw01-01,GP_Is_4.8mm_closed_R10_single_refY,GP_Is_4.8mm_closed_R10_single_refY_004,1,-3,42,raw/GP_Is_4.8mm_closed_R10_single_refY_004.mp4,GP_Is_4.8mm_closed_R10_single_refY_004-raw01-01-nbr-3,dg3_neighbors/images/GP_Is_4.8mm_closed_R10_single_refY_004-raw01-01-nbr-3.jpg,False
GP_Is_4.8mm_closed_R10_single_refY_004-raw01-01,GP_Is_4.8mm_closed_R10_single_refY,GP_Is_4.8mm_closed_R10_single_refY_004,1,-2,43,raw/GP_Is_4.8mm_closed_R10_single_refY_004.mp4,GP_Is_4.8mm_closed_R10_single_refY_004-raw01-01-nbr-2,dg3_neighbors/images/GP_Is_4.8mm_closed_R10_single_refY_004-raw01-01-nbr-2.jpg,False
GP_Is_4.8mm_closed_R10_single_refY_004-raw01-01,GP_Is_4.8mm_closed_R10_single_refY,GP_Is_4.8mm_closed_R10_single_refY_004,1,-1,44,raw/GP_Is_4.8mm_closed_R10_single_refY_004.mp4,GP_Is_4.8mm_closed_R10_single_refY_004-raw01-01-nbr-1,dg3_neighbors/images/GP_Is_4.8mm_closed_R10_single_refY_004-raw01-01-nbr-1.jpg,False
GP_Is_4.8mm_closed_R10_single_refY_004-raw01-01,GP_Is_4.8mm_closed_R10_single_refY,GP_Is_4.8mm_closed_R10_single_refY_004,1,0,45,raw/GP_Is_4.8mm_closed_R10_single_refY_004.mp4,GP_Is_4.8mm_closed_R10_single_refY_004-raw01-01-nbr+0,dg3_neighbors/images/GP_Is_4.8mm_closed_R10_single_refY_004-raw01-01-nbr+0.jpg,True
GP_Is_4.8mm_closed_R10_single_refY_004-raw01-01,GP_Is_4.8mm_closed_R10_single_refY,GP_Is_4.8mm_closed_R10_single_refY_004,1,1,46,raw/GP_Is_4.8mm_closed_R10_single_refY_004.mp4,GP_Is_4.8mm_closed_R10_single_refY_004-raw01-01-nbr+1,dg3_neighbors/images/GP_Is_4.8mm_closed_R10_single_refY_004-raw01-01-nbr+1.jpg,False
GP_Is_4.8mm_closed_R10_single_refY_004-raw01-01,GP_Is_4.8mm_closed_R10_single_refY,GP_Is_4.8mm_closed_R10_single_refY_004,1,2,47,raw/GP_Is_4.8mm_closed_R10_single_refY_004.mp4,GP_Is_4.8mm_closed_R10_single_refY_004-raw01-01-nbr+2,dg3_neighbors/images/GP_Is_4.8mm_closed_R10_single_refY_004-raw01-01-nbr+2.jpg,False
GP_Is_4.8mm_closed_R10_single_refY_004-raw01-01,GP_Is_4.8mm_closed_R10_single_refY,GP_Is_4.8mm_closed_R10_single_refY_004,1,3,48,raw/GP_Is_4.8mm_closed_R10_single_refY_004.mp4,GP_Is_4.8mm_closed_R10_single_refY_004-raw01-01-nbr+3,dg3_neighbors/images/GP_Is_4.8mm_closed_R10_single_refY_004-raw01-01-nbr+3.jpg,False
GP_Is_4.8mm_closed_R10_single_refY_004-raw02-09,GP_Is_4.8mm_closed_R10_single_refY,GP_Is_4.8mm_closed_R10_single_refY_004,2,-3,258,raw/GP_Is_4.8mm_closed_R10_single_refY_004.mp4,GP_Is_4.8mm_closed_R10_single_refY_004-raw02-09-nbr-3,dg3_neighbors/images/GP_Is_4.8mm_closed_R10_single_refY_004-raw02-09-nbr-3.jpg,False
GP_Is_4.8mm_closed_R10_single_refY_004-raw02-09,GP_Is_4.8mm_closed_R10_single_refY,GP_Is_4.8mm_closed_R10_single_refY_004,2,-2,259,raw/GP_Is_4.8mm_closed_R10_single_refY_004.mp4,GP_Is_4.8mm_closed_R10_single_refY_004-raw02-09-nbr-2,dg3_neighbors/images/GP_Is_4.8mm_closed_R10_single_refY_004-raw02-09-nbr-2.jpg,False
GP_Is_4.8mm_closed_R10_single_refY_004-raw02-09,GP_Is_4.8mm_closed_R10_single_refY,GP_Is_4.8mm_closed_R10_single_refY_004,2,-1,260,raw/GP_Is_4.8mm_closed_R10_single_refY_004.mp4,GP_Is_4.8mm_closed_R10_single_refY_004-raw02-09-nbr-1,dg3_neighbors/images/GP_Is_4.8mm_closed_R10_single_refY_004-raw02-09-nbr-1.jpg,False
GP_Is_4.8mm_closed_R10_single_refY_004-raw02-09,GP_Is_4.8mm_closed_R10_single_refY,GP_Is_4.8mm_closed_R10_single_refY_004,2,0,261,raw/GP_Is_4.8mm_closed_R10_single_refY_004.mp4,GP_Is_4.8mm_closed_R10_single_refY_004-raw02-09-nbr+0,dg3_neighbors/images/GP_Is_4.8mm_closed_R10_single_refY_004-raw02-09-nbr+0.jpg,True
GP_Is_4.8mm_closed_R10_single_refY_004-raw02-09,GP_Is_4.8mm_closed_R10_single_refY,GP_Is_4.8mm_closed_R10_single_refY_004,2,1,262,raw/GP_Is_4.8mm_closed_R10_single_refY_004.mp4,GP_Is_4.8mm_closed_R10_single_refY_004-raw02-09-nbr+1,dg3_neighbors/images/GP_Is_4.8mm_closed_R10_single_refY_004-raw02-09-nbr+1.jpg,False
GP_Is_4.8mm_closed_R10_single_refY_004-raw02-09,GP_Is_4.8mm_closed_R10_single_refY,GP_Is_4.8mm_closed_R10_single_refY_004,2,2,263,raw/GP_Is_4.8mm_closed_R10_single_refY_004.mp4,GP_Is_4.8mm_closed_R10_single_refY_004-raw02-09-nbr+2,dg3_neighbors/images/GP_Is_4.8mm_closed_R10_single_refY_004-raw02-09-nbr+2.jpg,False
GP_Is_4.8mm_closed_R10_single_refY_004-raw02-09,GP_Is_4.8mm_closed_R10_single_refY,GP_Is_4.8mm_closed_R10_single_refY_004,2,3,264,raw/GP_Is_4.8mm_closed_R10_single_refY_004.mp4,GP_Is_4.8mm_closed_R10_single_refY_004-raw02-09-nbr+3,dg3_neighbors/images/GP_Is_4.8mm_closed_R10_single_refY_004-raw02-09-nbr+3.jpg,False
GP_Is_4.8mm_closed_R10_single_refY_004-raw03-13,GP_Is_4.8mm_closed_R10_single_refY,GP_Is_4.8mm_closed_R10_single_refY_004,3,-3,447,raw/GP_Is_4.8mm_closed_R10_single_refY_004.mp4,GP_Is_4.8mm_closed_R10_single_refY_004-raw03-13-nbr-3,dg3_neighbors/images/GP_Is_4.8mm_closed_R10_single_refY_004-raw03-13-nbr-3.jpg,False
GP_Is_4.8mm_closed_R10_single_refY_004-raw03-13,GP_Is_4.8mm_closed_R10_single_refY,GP_Is_4.8mm_closed_R10_single_refY_004,3,-2,448,raw/GP_Is_4.8mm_closed_R10_single_refY_004.mp4,GP_Is_4.8mm_closed_R10_single_refY_004-raw03-13-nbr-2,dg3_neighbors/images/GP_Is_4.8mm_closed_R10_single_refY_004-raw03-13-nbr-2.jpg,False
GP_Is_4.8mm_closed_R10_single_refY_004-raw03-13,GP_Is_4.8mm_closed_R10_single_refY,GP_Is_4.8mm_closed_R10_single_refY_004,3,-1,449,raw/GP_Is_4.8mm_closed_R10_single_refY_004.mp4,GP_Is_4.8mm_closed_R10_single_refY_004-raw03-13-nbr-1,dg3_neighbors/images/GP_Is_4.8mm_closed_R10_single_refY_004-raw03-13-nbr-1.jpg,False
GP_Is_4.8mm_closed_R10_single_refY_004-raw03-13,GP_Is_4.8mm_closed_R10_single_refY,GP_Is_4.8mm_closed_R10_single_refY_004,3,0,450,raw/GP_Is_4.8mm_closed_R10_single_refY_004.mp4,GP_Is_4.8mm_closed_R10_single_refY_004-raw03-13-nbr+0,dg3_neighbors/images/GP_Is_4.8mm_closed_R10_single_refY_004-raw03-13-nbr+0.jpg,True
GP_Is_4.8mm_closed_R10_single_refY_004-raw03-13,GP_Is_4.8mm_closed_R10_single_refY,GP_Is_4.8mm_closed_R10_single_refY_004,3,1,451,raw/GP_Is_4.8mm_closed_R10_single_refY_004.mp4,GP_Is_4.8mm_closed_R10_single_refY_004-raw03-13-nbr+1,dg3_neighbors/images/GP_Is_4.8mm_closed_R10_single_refY_004-raw03-13-nbr+1.jpg,False
GP_Is_4.8mm_closed_R10_single_refY_004-raw03-13,GP_Is_4.8mm_closed_R10_single_refY,GP_Is_4.8mm_closed_R10_single_refY_004,3,2,452,raw/GP_Is_4.8mm_closed_R10_single_refY_004.mp4,GP_Is_4.8mm_closed_R10_single_refY_004-raw03-13-nbr+2,dg3_neighbors/images/GP_Is_4.8mm_closed_R10_single_refY_004-raw03-13-nbr+2.jpg,False
GP_Is_4.8mm_closed_R10_single_refY_004-raw03-13,GP_Is_4.8mm_closed_R10_single_refY,GP_Is_4.8mm_closed_R10_single_refY_004,3,3,453,raw/GP_Is_4.8mm_closed_R10_single_refY_004.mp4,GP_Is_4.8mm_closed_R10_single_refY_004-raw03-13-nbr+3,dg3_neighbors/images/GP_Is_4.8mm_closed_R10_single_refY_004-raw03-13-nbr+3.jpg,False
GP_Is_4.8mm_closed_R10_single_refY_004-raw04-13,GP_Is_4.8mm_closed_R10_single_refY,GP_Is_4.8mm_closed_R10_single_refY_004,4,-3,609,raw/GP_Is_4.8mm_closed_R10_single_refY_004.mp4,GP_Is_4.8mm_closed_R10_single_refY_004-raw04-13-nbr-3,dg3_neighbors/images/GP_Is_4.8mm_closed_R10_single_refY_004-raw04-13-nbr-3.jpg,False
GP_Is_4.8mm_closed_R10_single_refY_004-raw04-13,GP_Is_4.8mm_closed_R10_single_refY,GP_Is_4.8mm_closed_R10_single_refY_004,4,-2,610,raw/GP_Is_4.8mm_closed_R10_single_refY_004.mp4,GP_Is_4.8mm_closed_R10_single_refY_004-raw04-13-nbr-2,dg3_neighbors/images/GP_Is_4.8mm_closed_R10_single_refY_004-raw04-13-nbr-2.jpg,False
GP_Is_4.8mm_closed_R10_single_refY_004-raw04-13,GP_Is_4.8mm_closed_R10_single_refY,GP_Is_4.8mm_closed_R10_single_refY_004,4,-1,611,raw/GP_Is_4.8mm_closed_R10_single_refY_004.mp4,GP_Is_4.8mm_closed_R10_single_refY_004-raw04-13-nbr-1,dg3_neighbors/images/GP_Is_4.8mm_closed_R10_single_refY_004-raw04-13-nbr-1.jpg,False
GP_Is_4.8mm_closed_R10_single_refY_004-raw04-13,GP_Is_4.8mm_closed_R10_single_refY,GP_Is_4.8mm_closed_R10_single_refY_004,4,0,612,raw/GP_Is_4.8mm_closed_R10_single_refY_004.mp4,GP_Is_4.8mm_closed_R10_single_refY_004-raw04-13-nbr+0,dg3_neighbors/images/GP_Is_4.8mm_closed_R10_single_refY_004-raw04-13-nbr+0.jpg,True
GP_Is_4.8mm_closed_R10_single_refY_004-raw04-13,GP_Is_4.8mm_closed_R10_single_refY,GP_Is_4.8mm_closed_R10_single_refY_004,4,1,613,raw/GP_Is_4.8mm_closed_R10_single_refY_004.mp4,GP_Is_4.8mm_closed_R10_single_refY_004-raw04-13-nbr+1,dg3_neighbors/images/GP_Is_4.8mm_closed_R10_single_refY_004-raw04-13-nbr+1.jpg,False
GP_Is_4.8mm_closed_R10_single_refY_004-raw04-13,GP_Is_4.8mm_closed_R10_single_refY,GP_Is_4.8mm_closed_R10_single_refY_004,4,2,614,raw/GP_Is_4.8mm_closed_R10_single_refY_004.mp4,GP_Is_4.8mm_closed_R10_single_refY_004-raw04-13-nbr+2,dg3_neighbors/images/GP_Is_4.8mm_closed_R10_single_refY_004-raw04-13-nbr+2.jpg,False
GP_Is_4.8mm_closed_R10_single_refY_004-raw04-13,GP_Is_4.8mm_closed_R10_single_refY,GP_Is_4.8mm_closed_R10_single_refY_004,4,3,615,raw/GP_Is_4.8mm_closed_R10_single_refY_004.mp4,GP_Is_4.8mm_closed_R10_single_refY_004-raw04-13-nbr+3,dg3_neighbors/images/GP_Is_4.8mm_closed_R10_single_refY_004-raw04-13-nbr+3.jpg,False
GP_Is_4.8mm_closed_R10_single_refY_004-raw05-17,GP_Is_4.8mm_closed_R10_single_refY,GP_Is_4.8mm_closed_R10_single_refY_004,5,-3,799,raw/GP_Is_4.8mm_closed_R10_single_refY_004.mp4,GP_Is_4.8mm_closed_R10_single_refY_004-raw05-17-nbr-3,dg3_neighbors/images/GP_Is_4.8mm_closed_R10_single_refY_004-raw05-17-nbr-3.jpg,False
GP_Is_4.8mm_closed_R10_single_refY_004-raw05-17,GP_Is_4.8mm_closed_R10_single_refY,GP_Is_4.8mm_closed_R10_single_refY_004,5,-2,800,raw/GP_Is_4.8mm_closed_R10_single_refY_004.mp4,GP_Is_4.8mm_closed_R10_single_refY_004-raw05-17-nbr-2,dg3_neighbors/images/GP_Is_4.8mm_closed_R10_single_refY_004-raw05-17-nbr-2.jpg,False
GP_Is_4.8mm_closed_R10_single_refY_004-raw05-17,GP_Is_4.8mm_closed_R10_single_refY,GP_Is_4.8mm_closed_R10_single_refY_004,5,-1,801,raw/GP_Is_4.8mm_closed_R10_single_refY_004.mp4,GP_Is_4.8mm_closed_R10_single_refY_004-raw05-17-nbr-1,dg3_neighbors/images/GP_Is_4.8mm_closed_R10_single_refY_004-raw05-17-nbr-1.jpg,False
GP_Is_4.8mm_closed_R10_single_refY_004-raw05-17,GP_Is_4.8mm_closed_R10_single_refY,GP_Is_4.8mm_closed_R10_single_refY_004,5,0,802,raw/GP_Is_4.8mm_closed_R10_single_refY_004.mp4,GP_Is_4.8mm_closed_R10_single_refY_004-raw05-17-nbr+0,dg3_neighbors/images/GP_Is_4.8mm_closed_R10_single_refY_004-raw05-17-nbr+0.jpg,True
GP_Is_4.8mm_closed_R10_single_refY_004-raw05-17,GP_Is_4.8mm_closed_R10_single_refY,GP_Is_4.8mm_closed_R10_single_refY_004,5,1,803,raw/GP_Is_4.8mm_closed_R10_single_refY_004.mp4,GP_Is_4.8mm_closed_R10_single_refY_004-raw05-17-nbr+1,dg3_neighbors/images/GP_Is_4.8mm_closed_R10_single_refY_004-raw05-17-nbr+1.jpg,False
GP_Is_4.8mm_closed_R10_single_refY_004-raw05-17,GP_Is_4.8mm_closed_R10_single_refY,GP_Is_4.8mm_closed_R10_single_refY_004,5,2,804,raw/GP_Is_4.8mm_closed_R10_single_refY_004.mp4,GP_Is_4.8mm_closed_R10_single_refY_004-raw05-17-nbr+2,dg3_neighbors/images/GP_Is_4.8mm_closed_R10_single_refY_004-raw05-17-nbr+2.jpg,False
GP_Is_4.8mm_closed_R10_single_refY_004-raw05-17,GP_Is_4.8mm_closed_R10_single_refY,GP_Is_4.8mm_closed_R10_single_refY_004,5,3,805,raw/GP_Is_4.8mm_closed_R10_single_refY_004.mp4,GP_Is_4.8mm_closed_R10_single_refY_004-raw05-17-nbr+3,dg3_neighbors/images/GP_Is_4.8mm_closed_R10_single_refY_004-raw05-17-nbr+3.jpg,False
GP_Is_4.8mm_closed_R10_single_refY_005-raw01-09,GP_Is_4.8mm_closed_R10_single_refY,GP_Is_4.8mm_closed_R10_single_refY_005,1,-3,96,raw/GP_Is_4.8mm_closed_R10_single_refY_005.mp4,GP_Is_4.8mm_closed_R10_single_refY_005-raw01-09-nbr-3,dg3_neighbors/images/GP_Is_4.8mm_closed_R10_single_refY_005-raw01-09-nbr-3.jpg,False
GP_Is_4.8mm_closed_R10_single_refY_005-raw01-09,GP_Is_4.8mm_closed_R10_single_refY,GP_Is_4.8mm_closed_R10_single_refY_005,1,-2,97,raw/GP_Is_4.8mm_closed_R10_single_refY_005.mp4,GP_Is_4.8mm_closed_R10_single_refY_005-raw01-09-nbr-2,dg3_neighbors/images/GP_Is_4.8mm_closed_R10_single_refY_005-raw01-09-nbr-2.jpg,False
GP_Is_4.8mm_closed_R10_single_refY_005-raw01-09,GP_Is_4.8mm_closed_R10_single_refY,GP_Is_4.8mm_closed_R10_single_refY_005,1,-1,98,raw/GP_Is_4.8mm_closed_R10_single_refY_005.mp4,GP_Is_4.8mm_closed_R10_single_refY_005-raw01-09-nbr-1,dg3_neighbors/images/GP_Is_4.8mm_closed_R10_single_refY_005-raw01-09-nbr-1.jpg,False
GP_Is_4.8mm_closed_R10_single_refY_005-raw01-09,GP_Is_4.8mm_closed_R10_single_refY,GP_Is_4.8mm_closed_R10_single_refY_005,1,0,99,raw/GP_Is_4.8mm_closed_R10_single_refY_005.mp4,GP_Is_4.8mm_closed_R10_single_refY_005-raw01-09-nbr+0,dg3_neighbors/images/GP_Is_4.8mm_closed_R10_single_refY_005-raw01-09-nbr+0.jpg,True
GP_Is_4.8mm_closed_R10_single_refY_005-raw01-09,GP_Is_4.8mm_closed_R10_single_refY,GP_Is_4.8mm_closed_R10_single_refY_005,1,1,100,raw/GP_Is_4.8mm_closed_R10_single_refY_005.mp4,GP_Is_4.8mm_closed_R10_single_refY_005-raw01-09-nbr+1,dg3_neighbors/images/GP_Is_4.8mm_closed_R10_single_refY_005-raw01-09-nbr+1.jpg,False
GP_Is_4.8mm_closed_R10_single_refY_005-raw01-09,GP_Is_4.8mm_closed_R10_single_refY,GP_Is_4.8mm_closed_R10_single_refY_005,1,2,101,raw/GP_Is_4.8mm_closed_R10_single_refY_005.mp4,GP_Is_4.8mm_closed_R10_single_refY_005-raw01-09-nbr+2,dg3_neighbors/images/GP_Is_4.8mm_closed_R10_single_refY_005-raw01-09-nbr+2.jpg,False
GP_Is_4.8mm_closed_R10_single_refY_005-raw01-09,GP_Is_4.8mm_closed_R10_single_refY,GP_Is_4.8mm_closed_R10_single_refY_005,1,3,102,raw/GP_Is_4.8mm_closed_R10_single_refY_005.mp4,GP_Is_4.8mm_closed_R10_single_refY_005-raw01-09-nbr+3,dg3_neighbors/images/GP_Is_4.8mm_closed_R10_single_refY_005-raw01-09-nbr+3.jpg,False
GP_Is_4.8mm_closed_R10_single_refY_005-raw02-05,GP_Is_4.8mm_closed_R10_single_refY,GP_Is_4.8mm_closed_R10_single_refY_005,2,-3,232,raw/GP_Is_4.8mm_closed_R10_single_refY_005.mp4,GP_Is_4.8mm_closed_R10_single_refY_005-raw02-05-nbr-3,dg3_neighbors/images/GP_Is_4.8mm_closed_R10_single_refY_005-raw02-05-nbr-3.jpg,False
GP_Is_4.8mm_closed_R10_single_refY_005-raw02-05,GP_Is_4.8mm_closed_R10_single_refY,GP_Is_4.8mm_closed_R10_single_refY_005,2,-2,233,raw/GP_Is_4.8mm_closed_R10_single_refY_005.mp4,GP_Is_4.8mm_closed_R10_single_refY_005-raw02-05-nbr-2,dg3_neighbors/images/GP_Is_4.8mm_closed_R10_single_refY_005-raw02-05-nbr-2.jpg,False
GP_Is_4.8mm_closed_R10_single_refY_005-raw02-05,GP_Is_4.8mm_closed_R10_single_refY,GP_Is_4.8mm_closed_R10_single_refY_005,2,-1,234,raw/GP_Is_4.8mm_closed_R10_single_refY_005.mp4,GP_Is_4.8mm_closed_R10_single_refY_005-raw02-05-nbr-1,dg3_neighbors/images/GP_Is_4.8mm_closed_R10_single_refY_005-raw02-05-nbr-1.jpg,False
GP_Is_4.8mm_closed_R10_single_refY_005-raw02-05,GP_Is_4.8mm_closed_R10_single_refY,GP_Is_4.8mm_closed_R10_single_refY_005,2,0,235,raw/GP_Is_4.8mm_closed_R10_single_refY_005.mp4,GP_Is_4.8mm_closed_R10_single_refY_005-raw02-05-nbr+0,dg3_neighbors/images/GP_Is_4.8mm_closed_R10_single_refY_005-raw02-05-nbr+0.jpg,True
GP_Is_4.8mm_closed_R10_single_refY_005-raw02-05,GP_Is_4.8mm_closed_R10_single_refY,GP_Is_4.8mm_closed_R10_single_refY_005,2,1,236,raw/GP_Is_4.8mm_closed_R10_single_refY_005.mp4,GP_Is_4.8mm_closed_R10_single_refY_005-raw02-05-nbr+1,dg3_neighbors/images/GP_Is_4.8mm_closed_R10_single_refY_005-raw02-05-nbr+1.jpg,False
GP_Is_4.8mm_closed_R10_single_refY_005-raw02-05,GP_Is_4.8mm_closed_R10_single_refY,GP_Is_4.8mm_closed_R10_single_refY_005,2,2,237,raw/GP_Is_4.8mm_closed_R10_single_refY_005.mp4,GP_Is_4.8mm_closed_R10_single_refY_005-raw02-05-nbr+2,dg3_neighbors/images/GP_Is_4.8mm_closed_R10_single_refY_005-raw02-05-nbr+2.jpg,False
GP_Is_4.8mm_closed_R10_single_refY_005-raw02-05,GP_Is_4.8mm_closed_R10_single_refY,GP_Is_4.8mm_closed_R10_single_refY_005,2,3,238,raw/GP_Is_4.8mm_closed_R10_single_refY_005.mp4,GP_Is_4.8mm_closed_R10_single_refY_005-raw02-05-nbr+3,dg3_neighbors/images/GP_Is_4.8mm_closed_R10_single_refY_005-raw02-05-nbr+3.jpg,False
GP_Is_4.8mm_closed_R10_single_refY_005-raw03-18,GP_Is_4.8mm_closed_R10_single_refY,GP_Is_4.8mm_closed_R10_single_refY_005,3,-3,483,raw/GP_Is_4.8mm_closed_R10_single_refY_005.mp4,GP_Is_4.8mm_closed_R10_single_refY_005-raw03-18-nbr-3,dg3_neighbors/images/GP_Is_4.8mm_closed_R10_single_refY_005-raw03-18-nbr-3.jpg,False
GP_Is_4.8mm_closed_R10_single_refY_005-raw03-18,GP_Is_4.8mm_closed_R10_single_refY,GP_Is_4.8mm_closed_R10_single_refY_005,3,-2,484,raw/GP_Is_4.8mm_closed_R10_single_refY_005.mp4,GP_Is_4.8mm_closed_R10_single_refY_005-raw03-18-nbr-2,dg3_neighbors/images/GP_Is_4.8mm_closed_R10_single_refY_005-raw03-18-nbr-2.jpg,False
GP_Is_4.8mm_closed_R10_single_refY_005-raw03-18,GP_Is_4.8mm_closed_R10_single_refY,GP_Is_4.8mm_closed_R10_single_refY_005,3,-1,485,raw/GP_Is_4.8mm_closed_R10_single_refY_005.mp4,GP_Is_4.8mm_closed_R10_single_refY_005-raw03-18-nbr-1,dg3_neighbors/images/GP_Is_4.8mm_closed_R10_single_refY_005-raw03-18-nbr-1.jpg,False
GP_Is_4.8mm_closed_R10_single_refY_005-raw03-18,GP_Is_4.8mm_closed_R10_single_refY,GP_Is_4.8mm_closed_R10_single_refY_005,3,0,486,raw/GP_Is_4.8mm_closed_R10_single_refY_005.mp4,GP_Is_4.8mm_closed_R10_single_refY_005-raw03-18-nbr+0,dg3_neighbors/images/GP_Is_4.8mm_closed_R10_single_refY_005-raw03-18-nbr+0.jpg,True
GP_Is_4.8mm_closed_R10_single_refY_005-raw03-18,GP_Is_4.8mm_closed_R10_single_refY,GP_Is_4.8mm_closed_R10_single_refY_005,3,1,487,raw/GP_Is_4.8mm_closed_R10_single_refY_005.mp4,GP_Is_4.8mm_closed_R10_single_refY_005-raw03-18-nbr+1,dg3_neighbors/images/GP_Is_4.8mm_closed_R10_single_refY_005-raw03-18-nbr+1.jpg,False
GP_Is_4.8mm_closed_R10_single_refY_005-raw03-18,GP_Is_4.8mm_closed_R10_single_refY,GP_Is_4.8mm_closed_R10_single_refY_005,3,2,488,raw/GP_Is_4.8mm_closed_R10_single_refY_005.mp4,GP_Is_4.8mm_closed_R10_single_refY_005-raw03-18-nbr+2,dg3_neighbors/images/GP_Is_4.8mm_closed_R10_single_refY_005-raw03-18-nbr+2.jpg,False
GP_Is_4.8mm_closed_R10_single_refY_005-raw03-18,GP_Is_4.8mm_closed_R10_single_refY,GP_Is_4.8mm_closed_R10_single_refY_005,3,3,489,raw/GP_Is_4.8mm_closed_R10_single_refY_005.mp4,GP_Is_4.8mm_closed_R10_single_refY_005-raw03-18-nbr+3,dg3_neighbors/images/GP_Is_4.8mm_closed_R10_single_refY_005-raw03-18-nbr+3.jpg,False
GP_Is_4.8mm_closed_R10_single_refY_005-raw04-22,GP_Is_4.8mm_closed_R10_single_refY,GP_Is_4.8mm_closed_R10_single_refY_005,4,-3,674,raw/GP_Is_4.8mm_closed_R10_single_refY_005.mp4,GP_Is_4.8mm_closed_R10_single_refY_005-raw04-22-nbr-3,dg3_neighbors/images/GP_Is_4.8mm_closed_R10_single_refY_005-raw04-22-nbr-3.jpg,False
GP_Is_4.8mm_closed_R10_single_refY_005-raw04-22,GP_Is_4.8mm_closed_R10_single_refY,GP_Is_4.8mm_closed_R10_single_refY_005,4,-2,675,raw/GP_Is_4.8mm_closed_R10_single_refY_005.mp4,GP_Is_4.8mm_closed_R10_single_refY_005-raw04-22-nbr-2,dg3_neighbors/images/GP_Is_4.8mm_closed_R10_single_refY_005-raw04-22-nbr-2.jpg,False
GP_Is_4.8mm_closed_R10_single_refY_005-raw04-22,GP_Is_4.8mm_closed_R10_single_refY,GP_Is_4.8mm_closed_R10_single_refY_005,4,-1,676,raw/GP_Is_4.8mm_closed_R10_single_refY_005.mp4,GP_Is_4.8mm_closed_R10_single_refY_005-raw04-22-nbr-1,dg3_neighbors/images/GP_Is_4.8mm_closed_R10_single_refY_005-raw04-22-nbr-1.jpg,False
GP_Is_4.8mm_closed_R10_single_refY_005-raw04-22,GP_Is_4.8mm_closed_R10_single_refY,GP_Is_4.8mm_closed_R10_single_refY_005,4,0,677,raw/GP_Is_4.8mm_closed_R10_single_refY_005.mp4,GP_Is_4.8mm_closed_R10_single_refY_005-raw04-22-nbr+0,dg3_neighbors/images/GP_Is_4.8mm_closed_R10_single_refY_005-raw04-22-nbr+0.jpg,True
GP_Is_4.8mm_closed_R10_single_refY_005-raw04-22,GP_Is_4.8mm_closed_R10_single_refY,GP_Is_4.8mm_closed_R10_single_refY_005,4,1,678,raw/GP_Is_4.8mm_closed_R10_single_refY_005.mp4,GP_Is_4.8mm_closed_R10_single_refY_005-raw04-22-nbr+1,dg3_neighbors/images/GP_Is_4.8mm_closed_R10_single_refY_005-raw04-22-nbr+1.jpg,False
GP_Is_4.8mm_closed_R10_single_refY_005-raw04-22,GP_Is_4.8mm_closed_R10_single_refY,GP_Is_4.8mm_closed_R10_single_refY_005,4,2,679,raw/GP_Is_4.8mm_closed_R10_single_refY_005.mp4,GP_Is_4.8mm_closed_R10_single_refY_005-raw04-22-nbr+2,dg3_neighbors/images/GP_Is_4.8mm_closed_R10_single_refY_005-raw04-22-nbr+2.jpg,False
GP_Is_4.8mm_closed_R10_single_refY_005-raw04-22,GP_Is_4.8mm_closed_R10_single_refY,GP_Is_4.8mm_closed_R10_single_refY_005,4,3,680,raw/GP_Is_4.8mm_closed_R10_single_refY_005.mp4,GP_Is_4.8mm_closed_R10_single_refY_005-raw04-22-nbr+3,dg3_neighbors/images/GP_Is_4.8mm_closed_R10_single_refY_005-raw04-22-nbr+3.jpg,False
GP_Is_4.8mm_closed_R10_single_refY_005-raw05-08,GP_Is_4.8mm_closed_R10_single_refY,GP_Is_4.8mm_closed_R10_single_refY_005,5,-3,742,raw/GP_Is_4.8mm_closed_R10_single_refY_005.mp4,GP_Is_4.8mm_closed_R10_single_refY_005-raw05-08-nbr-3,dg3_neighbors/images/GP_Is_4.8mm_closed_R10_single_refY_005-raw05-08-nbr-3.jpg,False
GP_Is_4.8mm_closed_R10_single_refY_005-raw05-08,GP_Is_4.8mm_closed_R10_single_refY,GP_Is_4.8mm_closed_R10_single_refY_005,5,-2,743,raw/GP_Is_4.8mm_closed_R10_single_refY_005.mp4,GP_Is_4.8mm_closed_R10_single_refY_005-raw05-08-nbr-2,dg3_neighbors/images/GP_Is_4.8mm_closed_R10_single_refY_005-raw05-08-nbr-2.jpg,False
GP_Is_4.8mm_closed_R10_single_refY_005-raw05-08,GP_Is_4.8mm_closed_R10_single_refY,GP_Is_4.8mm_closed_R10_single_refY_005,5,-1,744,raw/GP_Is_4.8mm_closed_R10_single_refY_005.mp4,GP_Is_4.8mm_closed_R10_single_refY_005-raw05-08-nbr-1,dg3_neighbors/images/GP_Is_4.8mm_closed_R10_single_refY_005-raw05-08-nbr-1.jpg,False
GP_Is_4.8mm_closed_R10_single_refY_005-raw05-08,GP_Is_4.8mm_closed_R10_single_refY,GP_Is_4.8mm_closed_R10_single_refY_005,5,0,745,raw/GP_Is_4.8mm_closed_R10_single_refY_005.mp4,GP_Is_4.8mm_closed_R10_single_refY_005-raw05-08-nbr+0,dg3_neighbors/images/GP_Is_4.8mm_closed_R10_single_refY_005-raw05-08-nbr+0.jpg,True
GP_Is_4.8mm_closed_R10_single_refY_005-raw05-08,GP_Is_4.8mm_closed_R10_single_refY,GP_Is_4.8mm_closed_R10_single_refY_005,5,1,746,raw/GP_Is_4.8mm_closed_R10_single_refY_005.mp4,GP_Is_4.8mm_closed_R10_single_refY_005-raw05-08-nbr+1,dg3_neighbors/images/GP_Is_4.8mm_closed_R10_single_refY_005-raw05-08-nbr+1.jpg,False
GP_Is_4.8mm_closed_R10_single_refY_005-raw05-08,GP_Is_4.8mm_closed_R10_single_refY,GP_Is_4.8mm_closed_R10_single_refY_005,5,2,747,raw/GP_Is_4.8mm_closed_R10_single_refY_005.mp4,GP_Is_4.8mm_closed_R10_single_refY_005-raw05-08-nbr+2,dg3_neighbors/images/GP_Is_4.8mm_closed_R10_single_refY_005-raw05-08-nbr+2.jpg,False
GP_Is_4.8mm_closed_R10_single_refY_005-raw05-08,GP_Is_4.8mm_closed_R10_single_refY,GP_Is_4.8mm_closed_R10_single_refY_005,5,3,748,raw/GP_Is_4.8mm_closed_R10_single_refY_005.mp4,GP_Is_4.8mm_closed_R10_single_refY_005-raw05-08-nbr+3,dg3_neighbors/images/GP_Is_4.8mm_closed_R10_single_refY_005-raw05-08-nbr+3.jpg,False
GP_Is_6.5mm_closed_R10_single_refY_004-raw01-07,GP_Is_6.5mm_closed_R10_single_refY,GP_Is_6.5mm_closed_R10_single_refY_004,1,-3,71,raw/GP_Is_6.5mm_closed_R10_single_refY_004.mp4,GP_Is_6.5mm_closed_R10_single_refY_004-raw01-07-nbr-3,dg3_neighbors/images/GP_Is_6.5mm_closed_R10_single_refY_004-raw01-07-nbr-3.jpg,False
GP_Is_6.5mm_closed_R10_single_refY_004-raw01-07,GP_Is_6.5mm_closed_R10_single_refY,GP_Is_6.5mm_closed_R10_single_refY_004,1,-2,72,raw/GP_Is_6.5mm_closed_R10_single_refY_004.mp4,GP_Is_6.5mm_closed_R10_single_refY_004-raw01-07-nbr-2,dg3_neighbors/images/GP_Is_6.5mm_closed_R10_single_refY_004-raw01-07-nbr-2.jpg,False
GP_Is_6.5mm_closed_R10_single_refY_004-raw01-07,GP_Is_6.5mm_closed_R10_single_refY,GP_Is_6.5mm_closed_R10_single_refY_004,1,-1,73,raw/GP_Is_6.5mm_closed_R10_single_refY_004.mp4,GP_Is_6.5mm_closed_R10_single_refY_004-raw01-07-nbr-1,dg3_neighbors/images/GP_Is_6.5mm_closed_R10_single_refY_004-raw01-07-nbr-1.jpg,False
GP_Is_6.5mm_closed_R10_single_refY_004-raw01-07,GP_Is_6.5mm_closed_R10_single_refY,GP_Is_6.5mm_closed_R10_single_refY_004,1,0,74,raw/GP_Is_6.5mm_closed_R10_single_refY_004.mp4,GP_Is_6.5mm_closed_R10_single_refY_004-raw01-07-nbr+0,dg3_neighbors/images/GP_Is_6.5mm_closed_R10_single_refY_004-raw01-07-nbr+0.jpg,True
GP_Is_6.5mm_closed_R10_single_refY_004-raw01-07,GP_Is_6.5mm_closed_R10_single_refY,GP_Is_6.5mm_closed_R10_single_refY_004,1,1,75,raw/GP_Is_6.5mm_closed_R10_single_refY_004.mp4,GP_Is_6.5mm_closed_R10_single_refY_004-raw01-07-nbr+1,dg3_neighbors/images/GP_Is_6.5mm_closed_R10_single_refY_004-raw01-07-nbr+1.jpg,False
GP_Is_6.5mm_closed_R10_single_refY_004-raw01-07,GP_Is_6.5mm_closed_R10_single_refY,GP_Is_6.5mm_closed_R10_single_refY_004,1,2,76,raw/GP_Is_6.5mm_closed_R10_single_refY_004.mp4,GP_Is_6.5mm_closed_R10_single_refY_004-raw01-07-nbr+2,dg3_neighbors/images/GP_Is_6.5mm_closed_R10_single_refY_004-raw01-07-nbr+2.jpg,False
GP_Is_6.5mm_closed_R10_single_refY_004-raw01-07,GP_Is_6.5mm_closed_R10_single_refY,GP_Is_6.5mm_closed_R10_single_refY_004,1,3,77,raw/GP_Is_6.5mm_closed_R10_single_refY_004.mp4,GP_Is_6.5mm_closed_R10_single_refY_004-raw01-07-nbr+3,dg3_neighbors/images/GP_Is_6.5mm_closed_R10_single_refY_004-raw01-07-nbr+3.jpg,False
GP_Is_6.5mm_closed_R10_single_refY_004-raw02-04,GP_Is_6.5mm_closed_R10_single_refY,GP_Is_6.5mm_closed_R10_single_refY_004,2,-3,195,raw/GP_Is_6.5mm_closed_R10_single_refY_004.mp4,GP_Is_6.5mm_closed_R10_single_refY_004-raw02-04-nbr-3,dg3_neighbors/images/GP_Is_6.5mm_closed_R10_single_refY_004-raw02-04-nbr-3.jpg,False
GP_Is_6.5mm_closed_R10_single_refY_004-raw02-04,GP_Is_6.5mm_closed_R10_single_refY,GP_Is_6.5mm_closed_R10_single_refY_004,2,-2,196,raw/GP_Is_6.5mm_closed_R10_single_refY_004.mp4,GP_Is_6.5mm_closed_R10_single_refY_004-raw02-04-nbr-2,dg3_neighbors/images/GP_Is_6.5mm_closed_R10_single_refY_004-raw02-04-nbr-2.jpg,False
GP_Is_6.5mm_closed_R10_single_refY_004-raw02-04,GP_Is_6.5mm_closed_R10_single_refY,GP_Is_6.5mm_closed_R10_single_refY_004,2,-1,197,raw/GP_Is_6.5mm_closed_R10_single_refY_004.mp4,GP_Is_6.5mm_closed_R10_single_refY_004-raw02-04-nbr-1,dg3_neighbors/images/GP_Is_6.5mm_closed_R10_single_refY_004-raw02-04-nbr-1.jpg,False
GP_Is_6.5mm_closed_R10_single_refY_004-raw02-04,GP_Is_6.5mm_closed_R10_single_refY,GP_Is_6.5mm_closed_R10_single_refY_004,2,0,198,raw/GP_Is_6.5mm_closed_R10_single_refY_004.mp4,GP_Is_6.5mm_closed_R10_single_refY_004-raw02-04-nbr+0,dg3_neighbors/images/GP_Is_6.5mm_closed_R10_single_refY_004-raw02-04-nbr+0.jpg,True
GP_Is_6.5mm_closed_R10_single_refY_004-raw02-04,GP_Is_6.5mm_closed_R10_single_refY,GP_Is_6.5mm_closed_R10_single_refY_004,2,1,199,raw/GP_Is_6.5mm_closed_R10_single_refY_004.mp4,GP_Is_6.5mm_closed_R10_single_refY_004-raw02-04-nbr+1,dg3_neighbors/images/GP_Is_6.5mm_closed_R10_single_refY_004-raw02-04-nbr+1.jpg,False
GP_Is_6.5mm_closed_R10_single_refY_004-raw02-04,GP_Is_6.5mm_closed_R10_single_refY,GP_Is_6.5mm_closed_R10_single_refY_004,2,2,200,raw/GP_Is_6.5mm_closed_R10_single_refY_004.mp4,GP_Is_6.5mm_closed_R10_single_refY_004-raw02-04-nbr+2,dg3_neighbors/images/GP_Is_6.5mm_closed_R10_single_refY_004-raw02-04-nbr+2.jpg,False
GP_Is_6.5mm_closed_R10_single_refY_004-raw02-04,GP_Is_6.5mm_closed_R10_single_refY,GP_Is_6.5mm_closed_R10_single_refY_004,2,3,201,raw/GP_Is_6.5mm_closed_R10_single_refY_004.mp4,GP_Is_6.5mm_closed_R10_single_refY_004-raw02-04-nbr+3,dg3_neighbors/images/GP_Is_6.5mm_closed_R10_single_refY_004-raw02-04-nbr+3.jpg,False
GP_Is_6.5mm_closed_R10_single_refY_004-raw03-24,GP_Is_6.5mm_closed_R10_single_refY,GP_Is_6.5mm_closed_R10_single_refY_004,3,-3,453,raw/GP_Is_6.5mm_closed_R10_single_refY_004.mp4,GP_Is_6.5mm_closed_R10_single_refY_004-raw03-24-nbr-3,dg3_neighbors/images/GP_Is_6.5mm_closed_R10_single_refY_004-raw03-24-nbr-3.jpg,False
GP_Is_6.5mm_closed_R10_single_refY_004-raw03-24,GP_Is_6.5mm_closed_R10_single_refY,GP_Is_6.5mm_closed_R10_single_refY_004,3,-2,454,raw/GP_Is_6.5mm_closed_R10_single_refY_004.mp4,GP_Is_6.5mm_closed_R10_single_refY_004-raw03-24-nbr-2,dg3_neighbors/images/GP_Is_6.5mm_closed_R10_single_refY_004-raw03-24-nbr-2.jpg,False
GP_Is_6.5mm_closed_R10_single_refY_004-raw03-24,GP_Is_6.5mm_closed_R10_single_refY,GP_Is_6.5mm_closed_R10_single_refY_004,3,-1,455,raw/GP_Is_6.5mm_closed_R10_single_refY_004.mp4,GP_Is_6.5mm_closed_R10_single_refY_004-raw03-24-nbr-1,dg3_neighbors/images/GP_Is_6.5mm_closed_R10_single_refY_004-raw03-24-nbr-1.jpg,False
GP_Is_6.5mm_closed_R10_single_refY_004-raw03-24,GP_Is_6.5mm_closed_R10_single_refY,GP_Is_6.5mm_closed_R10_single_refY_004,3,0,456,raw/GP_Is_6.5mm_closed_R10_single_refY_004.mp4,GP_Is_6.5mm_closed_R10_single_refY_004-raw03-24-nbr+0,dg3_neighbors/images/GP_Is_6.5mm_closed_R10_single_refY_004-raw03-24-nbr+0.jpg,True
GP_Is_6.5mm_closed_R10_single_refY_004-raw03-24,GP_Is_6.5mm_closed_R10_single_refY,GP_Is_6.5mm_closed_R10_single_refY_004,3,1,457,raw/GP_Is_6.5mm_closed_R10_single_refY_004.mp4,GP_Is_6.5mm_closed_R10_single_refY_004-raw03-24-nbr+1,dg3_neighbors/images/GP_Is_6.5mm_closed_R10_single_refY_004-raw03-24-nbr+1.jpg,False
GP_Is_6.5mm_closed_R10_single_refY_004-raw03-24,GP_Is_6.5mm_closed_R10_single_refY,GP_Is_6.5mm_closed_R10_single_refY_004,3,2,458,raw/GP_Is_6.5mm_closed_R10_single_refY_004.mp4,GP_Is_6.5mm_closed_R10_single_refY_004-raw03-24-nbr+2,dg3_neighbors/images/GP_Is_6.5mm_closed_R10_single_refY_004-raw03-24-nbr+2.jpg,False
GP_Is_6.5mm_closed_R10_single_refY_004-raw03-24,GP_Is_6.5mm_closed_R10_single_refY,GP_Is_6.5mm_closed_R10_single_refY_004,3,3,459,raw/GP_Is_6.5mm_closed_R10_single_refY_004.mp4,GP_Is_6.5mm_closed_R10_single_refY_004-raw03-24-nbr+3,dg3_neighbors/images/GP_Is_6.5mm_closed_R10_single_refY_004-raw03-24-nbr+3.jpg,False
GP_Is_6.5mm_closed_R10_single_refY_004-raw04-19,GP_Is_6.5mm_closed_R10_single_refY,GP_Is_6.5mm_closed_R10_single_refY_004,4,-3,565,raw/GP_Is_6.5mm_closed_R10_single_refY_004.mp4,GP_Is_6.5mm_closed_R10_single_refY_004-raw04-19-nbr-3,dg3_neighbors/images/GP_Is_6.5mm_closed_R10_single_refY_004-raw04-19-nbr-3.jpg,False
GP_Is_6.5mm_closed_R10_single_refY_004-raw04-19,GP_Is_6.5mm_closed_R10_single_refY,GP_Is_6.5mm_closed_R10_single_refY_004,4,-2,566,raw/GP_Is_6.5mm_closed_R10_single_refY_004.mp4,GP_Is_6.5mm_closed_R10_single_refY_004-raw04-19-nbr-2,dg3_neighbors/images/GP_Is_6.5mm_closed_R10_single_refY_004-raw04-19-nbr-2.jpg,False
GP_Is_6.5mm_closed_R10_single_refY_004-raw04-19,GP_Is_6.5mm_closed_R10_single_refY,GP_Is_6.5mm_closed_R10_single_refY_004,4,-1,567,raw/GP_Is_6.5mm_closed_R10_single_refY_004.mp4,GP_Is_6.5mm_closed_R10_single_refY_004-raw04-19-nbr-1,dg3_neighbors/images/GP_Is_6.5mm_closed_R10_single_refY_004-raw04-19-nbr-1.jpg,False
GP_Is_6.5mm_closed_R10_single_refY_004-raw04-19,GP_Is_6.5mm_closed_R10_single_refY,GP_Is_6.5mm_closed_R10_single_refY_004,4,0,568,raw/GP_Is_6.5mm_closed_R10_single_refY_004.mp4,GP_Is_6.5mm_closed_R10_single_refY_004-raw04-19-nbr+0,dg3_neighbors/images/GP_Is_6.5mm_closed_R10_single_refY_004-raw04-19-nbr+0.jpg,True
GP_Is_6.5mm_closed_R10_single_refY_004-raw04-19,GP_Is_6.5mm_closed_R10_single_refY,GP_Is_6.5mm_closed_R10_single_refY_004,4,1,569,raw/GP_Is_6.5mm_closed_R10_single_refY_004.mp4,GP_Is_6.5mm_closed_R10_single_refY_004-raw04-19-nbr+1,dg3_neighbors/images/GP_Is_6.5mm_closed_R10_single_refY_004-raw04-19-nbr+1.jpg,False
GP_Is_6.5mm_closed_R10_single_refY_004-raw04-19,GP_Is_6.5mm_closed_R10_single_refY,GP_Is_6.5mm_closed_R10_single_refY_004,4,2,570,raw/GP_Is_6.5mm_closed_R10_single_refY_004.mp4,GP_Is_6.5mm_closed_R10_single_refY_004-raw04-19-nbr+2,dg3_neighbors/images/GP_Is_6.5mm_closed_R10_single_refY_004-raw04-19-nbr+2.jpg,False
GP_Is_6.5mm_closed_R10_single_refY_004-raw04-19,GP_Is_6.5mm_closed_R10_single_refY,GP_Is_6.5mm_closed_R10_single_refY_004,4,3,571,raw/GP_Is_6.5mm_closed_R10_single_refY_004.mp4,GP_Is_6.5mm_closed_R10_single_refY_004-raw04-19-nbr+3,dg3_neighbors/images/GP_Is_6.5mm_closed_R10_single_refY_004-raw04-19-nbr+3.jpg,False
GP_Is_6.5mm_closed_R10_single_refY_004-raw05-14,GP_Is_6.5mm_closed_R10_single_refY,GP_Is_6.5mm_closed_R10_single_refY_004,5,-3,678,raw/GP_Is_6.5mm_closed_R10_single_refY_004.mp4,GP_Is_6.5mm_closed_R10_single_refY_004-raw05-14-nbr-3,dg3_neighbors/images/GP_Is_6.5mm_closed_R10_single_refY_004-raw05-14-nbr-3.jpg,False
GP_Is_6.5mm_closed_R10_single_refY_004-raw05-14,GP_Is_6.5mm_closed_R10_single_refY,GP_Is_6.5mm_closed_R10_single_refY_004,5,-2,679,raw/GP_Is_6.5mm_closed_R10_single_refY_004.mp4,GP_Is_6.5mm_closed_R10_single_refY_004-raw05-14-nbr-2,dg3_neighbors/images/GP_Is_6.5mm_closed_R10_single_refY_004-raw05-14-nbr-2.jpg,False
GP_Is_6.5mm_closed_R10_single_refY_004-raw05-14,GP_Is_6.5mm_closed_R10_single_refY,GP_Is_6.5mm_closed_R10_single_refY_004,5,-1,680,raw/GP_Is_6.5mm_closed_R10_single_refY_004.mp4,GP_Is_6.5mm_closed_R10_single_refY_004-raw05-14-nbr-1,dg3_neighbors/images/GP_Is_6.5mm_closed_R10_single_refY_004-raw05-14-nbr-1.jpg,False
GP_Is_6.5mm_closed_R10_single_refY_004-raw05-14,GP_Is_6.5mm_closed_R10_single_refY,GP_Is_6.5mm_closed_R10_single_refY_004,5,0,681,raw/GP_Is_6.5mm_closed_R10_single_refY_004.mp4,GP_Is_6.5mm_closed_R10_single_refY_004-raw05-14-nbr+0,dg3_neighbors/images/GP_Is_6.5mm_closed_R10_single_refY_004-raw05-14-nbr+0.jpg,True
GP_Is_6.5mm_closed_R10_single_refY_004-raw05-14,GP_Is_6.5mm_closed_R10_single_refY,GP_Is_6.5mm_closed_R10_single_refY_004,5,1,682,raw/GP_Is_6.5mm_closed_R10_single_refY_004.mp4,GP_Is_6.5mm_closed_R10_single_refY_004-raw05-14-nbr+1,dg3_neighbors/images/GP_Is_6.5mm_closed_R10_single_refY_004-raw05-14-nbr+1.jpg,False
GP_Is_6.5mm_closed_R10_single_refY_004-raw05-14,GP_Is_6.5mm_closed_R10_single_refY,GP_Is_6.5mm_closed_R10_single_refY_004,5,2,683,raw/GP_Is_6.5mm_closed_R10_single_refY_004.mp4,GP_Is_6.5mm_closed_R10_single_refY_004-raw05-14-nbr+2,dg3_neighbors/images/GP_Is_6.5mm_closed_R10_single_refY_004-raw05-14-nbr+2.jpg,False
GP_Is_6.5mm_closed_R10_single_refY_004-raw05-14,GP_Is_6.5mm_closed_R10_single_refY,GP_Is_6.5mm_closed_R10_single_refY_004,5,3,684,raw/GP_Is_6.5mm_closed_R10_single_refY_004.mp4,GP_Is_6.5mm_closed_R10_single_refY_004-raw05-14-nbr+3,dg3_neighbors/images/GP_Is_6.5mm_closed_R10_single_refY_004-raw05-14-nbr+3.jpg,False
GP_Is_6.5mm_closed_R10_single_refY_005-raw01-22,GP_Is_6.5mm_closed_R10_single_refY,GP_Is_6.5mm_closed_R10_single_refY_005,1,-3,157,raw/GP_Is_6.5mm_closed_R10_single_refY_005.mp4,GP_Is_6.5mm_closed_R10_single_refY_005-raw01-22-nbr-3,dg3_neighbors/images/GP_Is_6.5mm_closed_R10_single_refY_005-raw01-22-nbr-3.jpg,False
GP_Is_6.5mm_closed_R10_single_refY_005-raw01-22,GP_Is_6.5mm_closed_R10_single_refY,GP_Is_6.5mm_closed_R10_single_refY_005,1,-2,158,raw/GP_Is_6.5mm_closed_R10_single_refY_005.mp4,GP_Is_6.5mm_closed_R10_single_refY_005-raw01-22-nbr-2,dg3_neighbors/images/GP_Is_6.5mm_closed_R10_single_refY_005-raw01-22-nbr-2.jpg,False
GP_Is_6.5mm_closed_R10_single_refY_005-raw01-22,GP_Is_6.5mm_closed_R10_single_refY,GP_Is_6.5mm_closed_R10_single_refY_005,1,-1,159,raw/GP_Is_6.5mm_closed_R10_single_refY_005.mp4,GP_Is_6.5mm_closed_R10_single_refY_005-raw01-22-nbr-1,dg3_neighbors/images/GP_Is_6.5mm_closed_R10_single_refY_005-raw01-22-nbr-1.jpg,False
GP_Is_6.5mm_closed_R10_single_refY_005-raw01-22,GP_Is_6.5mm_closed_R10_single_refY,GP_Is_6.5mm_closed_R10_single_refY_005,1,0,160,raw/GP_Is_6.5mm_closed_R10_single_refY_005.mp4,GP_Is_6.5mm_closed_R10_single_refY_005-raw01-22-nbr+0,dg3_neighbors/images/GP_Is_6.5mm_closed_R10_single_refY_005-raw01-22-nbr+0.jpg,True
GP_Is_6.5mm_closed_R10_single_refY_005-raw01-22,GP_Is_6.5mm_closed_R10_single_refY,GP_Is_6.5mm_closed_R10_single_refY_005,1,1,161,raw/GP_Is_6.5mm_closed_R10_single_refY_005.mp4,GP_Is_6.5mm_closed_R10_single_refY_005-raw01-22-nbr+1,dg3_neighbors/images/GP_Is_6.5mm_closed_R10_single_refY_005-raw01-22-nbr+1.jpg,False
GP_Is_6.5mm_closed_R10_single_refY_005-raw01-22,GP_Is_6.5mm_closed_R10_single_refY,GP_Is_6.5mm_closed_R10_single_refY_005,1,2,162,raw/GP_Is_6.5mm_closed_R10_single_refY_005.mp4,GP_Is_6.5mm_closed_R10_single_refY_005-raw01-22-nbr+2,dg3_neighbors/images/GP_Is_6.5mm_closed_R10_single_refY_005-raw01-22-nbr+2.jpg,False
GP_Is_6.5mm_closed_R10_single_refY_005-raw01-22,GP_Is_6.5mm_closed_R10_single_refY,GP_Is_6.5mm_closed_R10_single_refY_005,1,3,163,raw/GP_Is_6.5mm_closed_R10_single_refY_005.mp4,GP_Is_6.5mm_closed_R10_single_refY_005-raw01-22-nbr+3,dg3_neighbors/images/GP_Is_6.5mm_closed_R10_single_refY_005-raw01-22-nbr+3.jpg,False
GP_Is_6.5mm_closed_R10_single_refY_005-raw02-12,GP_Is_6.5mm_closed_R10_single_refY,GP_Is_6.5mm_closed_R10_single_refY_005,2,-3,239,raw/GP_Is_6.5mm_closed_R10_single_refY_005.mp4,GP_Is_6.5mm_closed_R10_single_refY_005-raw02-12-nbr-3,dg3_neighbors/images/GP_Is_6.5mm_closed_R10_single_refY_005-raw02-12-nbr-3.jpg,False
GP_Is_6.5mm_closed_R10_single_refY_005-raw02-12,GP_Is_6.5mm_closed_R10_single_refY,GP_Is_6.5mm_closed_R10_single_refY_005,2,-2,240,raw/GP_Is_6.5mm_closed_R10_single_refY_005.mp4,GP_Is_6.5mm_closed_R10_single_refY_005-raw02-12-nbr-2,dg3_neighbors/images/GP_Is_6.5mm_closed_R10_single_refY_005-raw02-12-nbr-2.jpg,False
GP_Is_6.5mm_closed_R10_single_refY_005-raw02-12,GP_Is_6.5mm_closed_R10_single_refY,GP_Is_6.5mm_closed_R10_single_refY_005,2,-1,241,raw/GP_Is_6.5mm_closed_R10_single_refY_005.mp4,GP_Is_6.5mm_closed_R10_single_refY_005-raw02-12-nbr-1,dg3_neighbors/images/GP_Is_6.5mm_closed_R10_single_refY_005-raw02-12-nbr-1.jpg,False
GP_Is_6.5mm_closed_R10_single_refY_005-raw02-12,GP_Is_6.5mm_closed_R10_single_refY,GP_Is_6.5mm_closed_R10_single_refY_005,2,0,242,raw/GP_Is_6.5mm_closed_R10_single_refY_005.mp4,GP_Is_6.5mm_closed_R10_single_refY_005-raw02-12-nbr+0,dg3_neighbors/images/GP_Is_6.5mm_closed_R10_single_refY_005-raw02-12-nbr+0.jpg,True
GP_Is_6.5mm_closed_R10_single_refY_005-raw02-12,GP_Is_6.5mm_closed_R10_single_refY,GP_Is_6.5mm_closed_R10_single_refY_005,2,1,243,raw/GP_Is_6.5mm_closed_R10_single_refY_005.mp4,GP_Is_6.5mm_closed_R10_single_refY_005-raw02-12-nbr+1,dg3_neighbors/images/GP_Is_6.5mm_closed_R10_single_refY_005-raw02-12-nbr+1.jpg,False
GP_Is_6.5mm_closed_R10_single_refY_005-raw02-12,GP_Is_6.5mm_closed_R10_single_refY,GP_Is_6.5mm_closed_R10_single_refY_005,2,2,244,raw/GP_Is_6.5mm_closed_R10_single_refY_005.mp4,GP_Is_6.5mm_closed_R10_single_refY_005-raw02-12-nbr+2,dg3_neighbors/images/GP_Is_6.5mm_closed_R10_single_refY_005-raw02-12-nbr+2.jpg,False
GP_Is_6.5mm_closed_R10_single_refY_005-raw02-12,GP_Is_6.5mm_closed_R10_single_refY,GP_Is_6.5mm_closed_R10_single_refY_005,2,3,245,raw/GP_Is_6.5mm_closed_R10_single_refY_005.mp4,GP_Is_6.5mm_closed_R10_single_refY_005-raw02-12-nbr+3,dg3_neighbors/images/GP_Is_6.5mm_closed_R10_single_refY_005-raw02-12-nbr+3.jpg,False
GP_Is_6.5mm_closed_R10_single_refY_005-raw03-05,GP_Is_6.5mm_closed_R10_single_refY,GP_Is_6.5mm_closed_R10_single_refY_005,3,-3,338,raw/GP_Is_6.5mm_closed_R10_single_refY_005.mp4,GP_Is_6.5mm_closed_R10_single_refY_005-raw03-05-nbr-3,dg3_neighbors/images/GP_Is_6.5mm_closed_R10_single_refY_005-raw03-05-nbr-3.jpg,False
GP_Is_6.5mm_closed_R10_single_refY_005-raw03-05,GP_Is_6.5mm_closed_R10_single_refY,GP_Is_6.5mm_closed_R10_single_refY_005,3,-2,339,raw/GP_Is_6.5mm_closed_R10_single_refY_005.mp4,GP_Is_6.5mm_closed_R10_single_refY_005-raw03-05-nbr-2,dg3_neighbors/images/GP_Is_6.5mm_closed_R10_single_refY_005-raw03-05-nbr-2.jpg,False
GP_Is_6.5mm_closed_R10_single_refY_005-raw03-05,GP_Is_6.5mm_closed_R10_single_refY,GP_Is_6.5mm_closed_R10_single_refY_005,3,-1,340,raw/GP_Is_6.5mm_closed_R10_single_refY_005.mp4,GP_Is_6.5mm_closed_R10_single_refY_005-raw03-05-nbr-1,dg3_neighbors/images/GP_Is_6.5mm_closed_R10_single_refY_005-raw03-05-nbr-1.jpg,False
GP_Is_6.5mm_closed_R10_single_refY_005-raw03-05,GP_Is_6.5mm_closed_R10_single_refY,GP_Is_6.5mm_closed_R10_single_refY_005,3,0,341,raw/GP_Is_6.5mm_closed_R10_single_refY_005.mp4,GP_Is_6.5mm_closed_R10_single_refY_005-raw03-05-nbr+0,dg3_neighbors/images/GP_Is_6.5mm_closed_R10_single_refY_005-raw03-05-nbr+0.jpg,True
GP_Is_6.5mm_closed_R10_single_refY_005-raw03-05,GP_Is_6.5mm_closed_R10_single_refY,GP_Is_6.5mm_closed_R10_single_refY_005,3,1,342,raw/GP_Is_6.5mm_closed_R10_single_refY_005.mp4,GP_Is_6.5mm_closed_R10_single_refY_005-raw03-05-nbr+1,dg3_neighbors/images/GP_Is_6.5mm_closed_R10_single_refY_005-raw03-05-nbr+1.jpg,False
GP_Is_6.5mm_closed_R10_single_refY_005-raw03-05,GP_Is_6.5mm_closed_R10_single_refY,GP_Is_6.5mm_closed_R10_single_refY_005,3,2,343,raw/GP_Is_6.5mm_closed_R10_single_refY_005.mp4,GP_Is_6.5mm_closed_R10_single_refY_005-raw03-05-nbr+2,dg3_neighbors/images/GP_Is_6.5mm_closed_R10_single_refY_005-raw03-05-nbr+2.jpg,False
GP_Is_6.5mm_closed_R10_single_refY_005-raw03-05,GP_Is_6.5mm_closed_R10_single_refY,GP_Is_6.5mm_closed_R10_single_refY_005,3,3,344,raw/GP_Is_6.5mm_closed_R10_single_refY_005.mp4,GP_Is_6.5mm_closed_R10_single_refY_005-raw03-05-nbr+3,dg3_neighbors/images/GP_Is_6.5mm_closed_R10_single_refY_005-raw03-05-nbr+3.jpg,False
GP_Is_6.5mm_closed_R10_single_refY_005-raw04-13,GP_Is_6.5mm_closed_R10_single_refY,GP_Is_6.5mm_closed_R10_single_refY_005,4,-3,525,raw/GP_Is_6.5mm_closed_R10_single_refY_005.mp4,GP_Is_6.5mm_closed_R10_single_refY_005-raw04-13-nbr-3,dg3_neighbors/images/GP_Is_6.5mm_closed_R10_single_refY_005-raw04-13-nbr-3.jpg,False
GP_Is_6.5mm_closed_R10_single_refY_005-raw04-13,GP_Is_6.5mm_closed_R10_single_refY,GP_Is_6.5mm_closed_R10_single_refY_005,4,-2,526,raw/GP_Is_6.5mm_closed_R10_single_refY_005.mp4,GP_Is_6.5mm_closed_R10_single_refY_005-raw04-13-nbr-2,dg3_neighbors/images/GP_Is_6.5mm_closed_R10_single_refY_005-raw04-13-nbr-2.jpg,False
GP_Is_6.5mm_closed_R10_single_refY_005-raw04-13,GP_Is_6.5mm_closed_R10_single_refY,GP_Is_6.5mm_closed_R10_single_refY_005,4,-1,527,raw/GP_Is_6.5mm_closed_R10_single_refY_005.mp4,GP_Is_6.5mm_closed_R10_single_refY_005-raw04-13-nbr-1,dg3_neighbors/images/GP_Is_6.5mm_closed_R10_single_refY_005-raw04-13-nbr-1.jpg,False
GP_Is_6.5mm_closed_R10_single_refY_005-raw04-13,GP_Is_6.5mm_closed_R10_single_refY,GP_Is_6.5mm_closed_R10_single_refY_005,4,0,528,raw/GP_Is_6.5mm_closed_R10_single_refY_005.mp4,GP_Is_6.5mm_closed_R10_single_refY_005-raw04-13-nbr+0,dg3_neighbors/images/GP_Is_6.5mm_closed_R10_single_refY_005-raw04-13-nbr+0.jpg,True
GP_Is_6.5mm_closed_R10_single_refY_005-raw04-13,GP_Is_6.5mm_closed_R10_single_refY,GP_Is_6.5mm_closed_R10_single_refY_005,4,1,529,raw/GP_Is_6.5mm_closed_R10_single_refY_005.mp4,GP_Is_6.5mm_closed_R10_single_refY_005-raw04-13-nbr+1,dg3_neighbors/images/GP_Is_6.5mm_closed_R10_single_refY_005-raw04-13-nbr+1.jpg,False
GP_Is_6.5mm_closed_R10_single_refY_005-raw04-13,GP_Is_6.5mm_closed_R10_single_refY,GP_Is_6.5mm_closed_R10_single_refY_005,4,2,530,raw/GP_Is_6.5mm_closed_R10_single_refY_005.mp4,GP_Is_6.5mm_closed_R10_single_refY_005-raw04-13-nbr+2,dg3_neighbors/images/GP_Is_6.5mm_closed_R10_single_refY_005-raw04-13-nbr+2.jpg,False
GP_Is_6.5mm_closed_R10_single_refY_005-raw04-13,GP_Is_6.5mm_closed_R10_single_refY,GP_Is_6.5mm_closed_R10_single_refY_005,4,3,531,raw/GP_Is_6.5mm_closed_R10_single_refY_005.mp4,GP_Is_6.5mm_closed_R10_single_refY_005-raw04-13-nbr+3,dg3_neighbors/images/GP_Is_6.5mm_closed_R10_single_refY_005-raw04-13-nbr+3.jpg,False
GP_Is_6.5mm_closed_R10_single_refY_005-raw05-11,GP_Is_6.5mm_closed_R10_single_refY,GP_Is_6.5mm_closed_R10_single_refY_005,5,-3,654,raw/GP_Is_6.5mm_closed_R10_single_refY_005.mp4,GP_Is_6.5mm_closed_R10_single_refY_005-raw05-11-nbr-3,dg3_neighbors/images/GP_Is_6.5mm_closed_R10_single_refY_005-raw05-11-nbr-3.jpg,False
GP_Is_6.5mm_closed_R10_single_refY_005-raw05-11,GP_Is_6.5mm_closed_R10_single_refY,GP_Is_6.5mm_closed_R10_single_refY_005,5,-2,655,raw/GP_Is_6.5mm_closed_R10_single_refY_005.mp4,GP_Is_6.5mm_closed_R10_single_refY_005-raw05-11-nbr-2,dg3_neighbors/images/GP_Is_6.5mm_closed_R10_single_refY_005-raw05-11-nbr-2.jpg,False
GP_Is_6.5mm_closed_R10_single_refY_005-raw05-11,GP_Is_6.5mm_closed_R10_single_refY,GP_Is_6.5mm_closed_R10_single_refY_005,5,-1,656,raw/GP_Is_6.5mm_closed_R10_single_refY_005.mp4,GP_Is_6.5mm_closed_R10_single_refY_005-raw05-11-nbr-1,dg3_neighbors/images/GP_Is_6.5mm_closed_R10_single_refY_005-raw05-11-nbr-1.jpg,False
GP_Is_6.5mm_closed_R10_single_refY_005-raw05-11,GP_Is_6.5mm_closed_R10_single_refY,GP_Is_6.5mm_closed_R10_single_refY_005,5,0,657,raw/GP_Is_6.5mm_closed_R10_single_refY_005.mp4,GP_Is_6.5mm_closed_R10_single_refY_005-raw05-11-nbr+0,dg3_neighbors/images/GP_Is_6.5mm_closed_R10_single_refY_005-raw05-11-nbr+0.jpg,True
GP_Is_6.5mm_closed_R10_single_refY_005-raw05-11,GP_Is_6.5mm_closed_R10_single_refY,GP_Is_6.5mm_closed_R10_single_refY_005,5,1,658,raw/GP_Is_6.5mm_closed_R10_single_refY_005.mp4,GP_Is_6.5mm_closed_R10_single_refY_005-raw05-11-nbr+1,dg3_neighbors/images/GP_Is_6.5mm_closed_R10_single_refY_005-raw05-11-nbr+1.jpg,False
GP_Is_6.5mm_closed_R10_single_refY_005-raw05-11,GP_Is_6.5mm_closed_R10_single_refY,GP_Is_6.5mm_closed_R10_single_refY_005,5,2,659,raw/GP_Is_6.5mm_closed_R10_single_refY_005.mp4,GP_Is_6.5mm_closed_R10_single_refY_005-raw05-11-nbr+2,dg3_neighbors/images/GP_Is_6.5mm_closed_R10_single_refY_005-raw05-11-nbr+2.jpg,False
GP_Is_6.5mm_closed_R10_single_refY_005-raw05-11,GP_Is_6.5mm_closed_R10_single_refY,GP_Is_6.5mm_closed_R10_single_refY_005,5,3,660,raw/GP_Is_6.5mm_closed_R10_single_refY_005.mp4,GP_Is_6.5mm_closed_R10_single_refY_005-raw05-11-nbr+3,dg3_neighbors/images/GP_Is_6.5mm_closed_R10_single_refY_005-raw05-11-nbr+3.jpg,False
GP_Is_7.0mm_closed_R5_single_refY_004-raw01-03,GP_Is_7.0mm_closed_R5_single_refY,GP_Is_7.0mm_closed_R5_single_refY_004,1,-3,36,raw/GP_Is_7.0mm_closed_R5_single_refY_004.mp4,GP_Is_7.0mm_closed_R5_single_refY_004-raw01-03-nbr-3,dg3_neighbors/images/GP_Is_7.0mm_closed_R5_single_refY_004-raw01-03-nbr-3.jpg,False
GP_Is_7.0mm_closed_R5_single_refY_004-raw01-03,GP_Is_7.0mm_closed_R5_single_refY,GP_Is_7.0mm_closed_R5_single_refY_004,1,-2,37,raw/GP_Is_7.0mm_closed_R5_single_refY_004.mp4,GP_Is_7.0mm_closed_R5_single_refY_004-raw01-03-nbr-2,dg3_neighbors/images/GP_Is_7.0mm_closed_R5_single_refY_004-raw01-03-nbr-2.jpg,False
GP_Is_7.0mm_closed_R5_single_refY_004-raw01-03,GP_Is_7.0mm_closed_R5_single_refY,GP_Is_7.0mm_closed_R5_single_refY_004,1,-1,38,raw/GP_Is_7.0mm_closed_R5_single_refY_004.mp4,GP_Is_7.0mm_closed_R5_single_refY_004-raw01-03-nbr-1,dg3_neighbors/images/GP_Is_7.0mm_closed_R5_single_refY_004-raw01-03-nbr-1.jpg,False
GP_Is_7.0mm_closed_R5_single_refY_004-raw01-03,GP_Is_7.0mm_closed_R5_single_refY,GP_Is_7.0mm_closed_R5_single_refY_004,1,0,39,raw/GP_Is_7.0mm_closed_R5_single_refY_004.mp4,GP_Is_7.0mm_closed_R5_single_refY_004-raw01-03-nbr+0,dg3_neighbors/images/GP_Is_7.0mm_closed_R5_single_refY_004-raw01-03-nbr+0.jpg,True
GP_Is_7.0mm_closed_R5_single_refY_004-raw01-03,GP_Is_7.0mm_closed_R5_single_refY,GP_Is_7.0mm_closed_R5_single_refY_004,1,1,40,raw/GP_Is_7.0mm_closed_R5_single_refY_004.mp4,GP_Is_7.0mm_closed_R5_single_refY_004-raw01-03-nbr+1,dg3_neighbors/images/GP_Is_7.0mm_closed_R5_single_refY_004-raw01-03-nbr+1.jpg,False
GP_Is_7.0mm_closed_R5_single_refY_004-raw01-03,GP_Is_7.0mm_closed_R5_single_refY,GP_Is_7.0mm_closed_R5_single_refY_004,1,2,41,raw/GP_Is_7.0mm_closed_R5_single_refY_004.mp4,GP_Is_7.0mm_closed_R5_single_refY_004-raw01-03-nbr+2,dg3_neighbors/images/GP_Is_7.0mm_closed_R5_single_refY_004-raw01-03-nbr+2.jpg,False
GP_Is_7.0mm_closed_R5_single_refY_004-raw01-03,GP_Is_7.0mm_closed_R5_single_refY,GP_Is_7.0mm_closed_R5_single_refY_004,1,3,42,raw/GP_Is_7.0mm_closed_R5_single_refY_004.mp4,GP_Is_7.0mm_closed_R5_single_refY_004-raw01-03-nbr+3,dg3_neighbors/images/GP_Is_7.0mm_closed_R5_single_refY_004-raw01-03-nbr+3.jpg,False
GP_Is_7.0mm_closed_R5_single_refY_004-raw02-21,GP_Is_7.0mm_closed_R5_single_refY,GP_Is_7.0mm_closed_R5_single_refY_004,2,-3,229,raw/GP_Is_7.0mm_closed_R5_single_refY_004.mp4,GP_Is_7.0mm_closed_R5_single_refY_004-raw02-21-nbr-3,dg3_neighbors/images/GP_Is_7.0mm_closed_R5_single_refY_004-raw02-21-nbr-3.jpg,False
GP_Is_7.0mm_closed_R5_single_refY_004-raw02-21,GP_Is_7.0mm_closed_R5_single_refY,GP_Is_7.0mm_closed_R5_single_refY_004,2,-2,230,raw/GP_Is_7.0mm_closed_R5_single_refY_004.mp4,GP_Is_7.0mm_closed_R5_single_refY_004-raw02-21-nbr-2,dg3_neighbors/images/GP_Is_7.0mm_closed_R5_single_refY_004-raw02-21-nbr-2.jpg,False
GP_Is_7.0mm_closed_R5_single_refY_004-raw02-21,GP_Is_7.0mm_closed_R5_single_refY,GP_Is_7.0mm_closed_R5_single_refY_004,2,-1,231,raw/GP_Is_7.0mm_closed_R5_single_refY_004.mp4,GP_Is_7.0mm_closed_R5_single_refY_004-raw02-21-nbr-1,dg3_neighbors/images/GP_Is_7.0mm_closed_R5_single_refY_004-raw02-21-nbr-1.jpg,False
GP_Is_7.0mm_closed_R5_single_refY_004-raw02-21,GP_Is_7.0mm_closed_R5_single_refY,GP_Is_7.0mm_closed_R5_single_refY_004,2,0,232,raw/GP_Is_7.0mm_closed_R5_single_refY_004.mp4,GP_Is_7.0mm_closed_R5_single_refY_004-raw02-21-nbr+0,dg3_neighbors/images/GP_Is_7.0mm_closed_R5_single_refY_004-raw02-21-nbr+0.jpg,True
GP_Is_7.0mm_closed_R5_single_refY_004-raw02-21,GP_Is_7.0mm_closed_R5_single_refY,GP_Is_7.0mm_closed_R5_single_refY_004,2,1,233,raw/GP_Is_7.0mm_closed_R5_single_refY_004.mp4,GP_Is_7.0mm_closed_R5_single_refY_004-raw02-21-nbr+1,dg3_neighbors/images/GP_Is_7.0mm_closed_R5_single_refY_004-raw02-21-nbr+1.jpg,False
GP_Is_7.0mm_closed_R5_single_refY_004-raw02-21,GP_Is_7.0mm_closed_R5_single_refY,GP_Is_7.0mm_closed_R5_single_refY_004,2,2,234,raw/GP_Is_7.0mm_closed_R5_single_refY_004.mp4,GP_Is_7.0mm_closed_R5_single_refY_004-raw02-21-nbr+2,dg3_neighbors/images/GP_Is_7.0mm_closed_R5_single_refY_004-raw02-21-nbr+2.jpg,False
GP_Is_7.0mm_closed_R5_single_refY_004-raw02-21,GP_Is_7.0mm_closed_R5_single_refY,GP_Is_7.0mm_closed_R5_single_refY_004,2,3,235,raw/GP_Is_7.0mm_closed_R5_single_refY_004.mp4,GP_Is_7.0mm_closed_R5_single_refY_004-raw02-21-nbr+3,dg3_neighbors/images/GP_Is_7.0mm_closed_R5_single_refY_004-raw02-21-nbr+3.jpg,False
GP_Is_7.0mm_closed_R5_single_refY_004-raw03-12,GP_Is_7.0mm_closed_R5_single_refY,GP_Is_7.0mm_closed_R5_single_refY_004,3,-3,297,raw/GP_Is_7.0mm_closed_R5_single_refY_004.mp4,GP_Is_7.0mm_closed_R5_single_refY_004-raw03-12-nbr-3,dg3_neighbors/images/GP_Is_7.0mm_closed_R5_single_refY_004-raw03-12-nbr-3.jpg,False
GP_Is_7.0mm_closed_R5_single_refY_004-raw03-12,GP_Is_7.0mm_closed_R5_single_refY,GP_Is_7.0mm_closed_R5_single_refY_004,3,-2,298,raw/GP_Is_7.0mm_closed_R5_single_refY_004.mp4,GP_Is_7.0mm_closed_R5_single_refY_004-raw03-12-nbr-2,dg3_neighbors/images/GP_Is_7.0mm_closed_R5_single_refY_004-raw03-12-nbr-2.jpg,False
GP_Is_7.0mm_closed_R5_single_refY_004-raw03-12,GP_Is_7.0mm_closed_R5_single_refY,GP_Is_7.0mm_closed_R5_single_refY_004,3,-1,299,raw/GP_Is_7.0mm_closed_R5_single_refY_004.mp4,GP_Is_7.0mm_closed_R5_single_refY_004-raw03-12-nbr-1,dg3_neighbors/images/GP_Is_7.0mm_closed_R5_single_refY_004-raw03-12-nbr-1.jpg,False
GP_Is_7.0mm_closed_R5_single_refY_004-raw03-12,GP_Is_7.0mm_closed_R5_single_refY,GP_Is_7.0mm_closed_R5_single_refY_004,3,0,300,raw/GP_Is_7.0mm_closed_R5_single_refY_004.mp4,GP_Is_7.0mm_closed_R5_single_refY_004-raw03-12-nbr+0,dg3_neighbors/images/GP_Is_7.0mm_closed_R5_single_refY_004-raw03-12-nbr+0.jpg,True
GP_Is_7.0mm_closed_R5_single_refY_004-raw03-12,GP_Is_7.0mm_closed_R5_single_refY,GP_Is_7.0mm_closed_R5_single_refY_004,3,1,301,raw/GP_Is_7.0mm_closed_R5_single_refY_004.mp4,GP_Is_7.0mm_closed_R5_single_refY_004-raw03-12-nbr+1,dg3_neighbors/images/GP_Is_7.0mm_closed_R5_single_refY_004-raw03-12-nbr+1.jpg,False
GP_Is_7.0mm_closed_R5_single_refY_004-raw03-12,GP_Is_7.0mm_closed_R5_single_refY,GP_Is_7.0mm_closed_R5_single_refY_004,3,2,302,raw/GP_Is_7.0mm_closed_R5_single_refY_004.mp4,GP_Is_7.0mm_closed_R5_single_refY_004-raw03-12-nbr+2,dg3_neighbors/images/GP_Is_7.0mm_closed_R5_single_refY_004-raw03-12-nbr+2.jpg,False
GP_Is_7.0mm_closed_R5_single_refY_004-raw03-12,GP_Is_7.0mm_closed_R5_single_refY,GP_Is_7.0mm_closed_R5_single_refY_004,3,3,303,raw/GP_Is_7.0mm_closed_R5_single_refY_004.mp4,GP_Is_7.0mm_closed_R5_single_refY_004-raw03-12-nbr+3,dg3_neighbors/images/GP_Is_7.0mm_closed_R5_single_refY_004-raw03-12-nbr+3.jpg,False
GP_Is_7.0mm_closed_R5_single_refY_004-raw04-02,GP_Is_7.0mm_closed_R5_single_refY,GP_Is_7.0mm_closed_R5_single_refY_004,4,-3,362,raw/GP_Is_7.0mm_closed_R5_single_refY_004.mp4,GP_Is_7.0mm_closed_R5_single_refY_004-raw04-02-nbr-3,dg3_neighbors/images/GP_Is_7.0mm_closed_R5_single_refY_004-raw04-02-nbr-3.jpg,False
GP_Is_7.0mm_closed_R5_single_refY_004-raw04-02,GP_Is_7.0mm_closed_R5_single_refY,GP_Is_7.0mm_closed_R5_single_refY_004,4,-2,363,raw/GP_Is_7.0mm_closed_R5_single_refY_004.mp4,GP_Is_7.0mm_closed_R5_single_refY_004-raw04-02-nbr-2,dg3_neighbors/images/GP_Is_7.0mm_closed_R5_single_refY_004-raw04-02-nbr-2.jpg,False
GP_Is_7.0mm_closed_R5_single_refY_004-raw04-02,GP_Is_7.0mm_closed_R5_single_refY,GP_Is_7.0mm_closed_R5_single_refY_004,4,-1,364,raw/GP_Is_7.0mm_closed_R5_single_refY_004.mp4,GP_Is_7.0mm_closed_R5_single_refY_004-raw04-02-nbr-1,dg3_neighbors/images/GP_Is_7.0mm_closed_R5_single_refY_004-raw04-02-nbr-1.jpg,False
GP_Is_7.0mm_closed_R5_single_refY_004-raw04-02,GP_Is_7.0mm_closed_R5_single_refY,GP_Is_7.0mm_closed_R5_single_refY_004,4,0,365,raw/GP_Is_7.0mm_closed_R5_single_refY_004.mp4,GP_Is_7.0mm_closed_R5_single_refY_004-raw04-02-nbr+0,dg3_neighbors/images/GP_Is_7.0mm_closed_R5_single_refY_004-raw04-02-nbr+0.jpg,True
GP_Is_7.0mm_closed_R5_single_refY_004-raw04-02,GP_Is_7.0mm_closed_R5_single_refY,GP_Is_7.0mm_closed_R5_single_refY_004,4,1,366,raw/GP_Is_7.0mm_closed_R5_single_refY_004.mp4,GP_Is_7.0mm_closed_R5_single_refY_004-raw04-02-nbr+1,dg3_neighbors/images/GP_Is_7.0mm_closed_R5_single_refY_004-raw04-02-nbr+1.jpg,False
GP_Is_7.0mm_closed_R5_single_refY_004-raw04-02,GP_Is_7.0mm_closed_R5_single_refY,GP_Is_7.0mm_closed_R5_single_refY_004,4,2,367,raw/GP_Is_7.0mm_closed_R5_single_refY_004.mp4,GP_Is_7.0mm_closed_R5_single_refY_004-raw04-02-nbr+2,dg3_neighbors/images/GP_Is_7.0mm_closed_R5_single_refY_004-raw04-02-nbr+2.jpg,False
GP_Is_7.0mm_closed_R5_single_refY_004-raw04-02,GP_Is_7.0mm_closed_R5_single_refY,GP_Is_7.0mm_closed_R5_single_refY_004,4,3,368,raw/GP_Is_7.0mm_closed_R5_single_refY_004.mp4,GP_Is_7.0mm_closed_R5_single_refY_004-raw04-02-nbr+3,dg3_neighbors/images/GP_Is_7.0mm_closed_R5_single_refY_004-raw04-02-nbr+3.jpg,False
GP_Is_7.0mm_closed_R5_single_refY_004-raw05-01,GP_Is_7.0mm_closed_R5_single_refY,GP_Is_7.0mm_closed_R5_single_refY_004,5,-3,467,raw/GP_Is_7.0mm_closed_R5_single_refY_004.mp4,GP_Is_7.0mm_closed_R5_single_refY_004-raw05-01-nbr-3,dg3_neighbors/images/GP_Is_7.0mm_closed_R5_single_refY_004-raw05-01-nbr-3.jpg,False
GP_Is_7.0mm_closed_R5_single_refY_004-raw05-01,GP_Is_7.0mm_closed_R5_single_refY,GP_Is_7.0mm_closed_R5_single_refY_004,5,-2,468,raw/GP_Is_7.0mm_closed_R5_single_refY_004.mp4,GP_Is_7.0mm_closed_R5_single_refY_004-raw05-01-nbr-2,dg3_neighbors/images/GP_Is_7.0mm_closed_R5_single_refY_004-raw05-01-nbr-2.jpg,False
GP_Is_7.0mm_closed_R5_single_refY_004-raw05-01,GP_Is_7.0mm_closed_R5_single_refY,GP_Is_7.0mm_closed_R5_single_refY_004,5,-1,469,raw/GP_Is_7.0mm_closed_R5_single_refY_004.mp4,GP_Is_7.0mm_closed_R5_single_refY_004-raw05-01-nbr-1,dg3_neighbors/images/GP_Is_7.0mm_closed_R5_single_refY_004-raw05-01-nbr-1.jpg,False
GP_Is_7.0mm_closed_R5_single_refY_004-raw05-01,GP_Is_7.0mm_closed_R5_single_refY,GP_Is_7.0mm_closed_R5_single_refY_004,5,0,470,raw/GP_Is_7.0mm_closed_R5_single_refY_004.mp4,GP_Is_7.0mm_closed_R5_single_refY_004-raw05-01-nbr+0,dg3_neighbors/images/GP_Is_7.0mm_closed_R5_single_refY_004-raw05-01-nbr+0.jpg,True
GP_Is_7.0mm_closed_R5_single_refY_004-raw05-01,GP_Is_7.0mm_closed_R5_single_refY,GP_Is_7.0mm_closed_R5_single_refY_004,5,1,471,raw/GP_Is_7.0mm_closed_R5_single_refY_004.mp4,GP_Is_7.0mm_closed_R5_single_refY_004-raw05-01-nbr+1,dg3_neighbors/images/GP_Is_7.0mm_closed_R5_single_refY_004-raw05-01-nbr+1.jpg,False
GP_Is_7.0mm_closed_R5_single_refY_004-raw05-01,GP_Is_7.0mm_closed_R5_single_refY,GP_Is_7.0mm_closed_R5_single_refY_004,5,2,472,raw/GP_Is_7.0mm_closed_R5_single_refY_004.mp4,GP_Is_7.0mm_closed_R5_single_refY_004-raw05-01-nbr+2,dg3_neighbors/images/GP_Is_7.0mm_closed_R5_single_refY_004-raw05-01-nbr+2.jpg,False
GP_Is_7.0mm_closed_R5_single_refY_004-raw05-01,GP_Is_7.0mm_closed_R5_single_refY,GP_Is_7.0mm_closed_R5_single_refY_004,5,3,473,raw/GP_Is_7.0mm_closed_R5_single_refY_004.mp4,GP_Is_7.0mm_closed_R5_single_refY_004-raw05-01-nbr+3,dg3_neighbors/images/GP_Is_7.0mm_closed_R5_single_refY_004-raw05-01-nbr+3.jpg,False
GP_Is_7.0mm_closed_R5_single_refY_005-raw01-19,GP_Is_7.0mm_closed_R5_single_refY,GP_Is_7.0mm_closed_R5_single_refY_005,1,-3,199,raw/GP_Is_7.0mm_closed_R5_single_refY_005.mp4,GP_Is_7.0mm_closed_R5_single_refY_005-raw01-19-nbr-3,dg3_neighbors/images/GP_Is_7.0mm_closed_R5_single_refY_005-raw01-19-nbr-3.jpg,False
GP_Is_7.0mm_closed_R5_single_refY_005-raw01-19,GP_Is_7.0mm_closed_R5_single_refY,GP_Is_7.0mm_closed_R5_single_refY_005,1,-2,200,raw/GP_Is_7.0mm_closed_R5_single_refY_005.mp4,GP_Is_7.0mm_closed_R5_single_refY_005-raw01-19-nbr-2,dg3_neighbors/images/GP_Is_7.0mm_closed_R5_single_refY_005-raw01-19-nbr-2.jpg,False
GP_Is_7.0mm_closed_R5_single_refY_005-raw01-19,GP_Is_7.0mm_closed_R5_single_refY,GP_Is_7.0mm_closed_R5_single_refY_005,1,-1,201,raw/GP_Is_7.0mm_closed_R5_single_refY_005.mp4,GP_Is_7.0mm_closed_R5_single_refY_005-raw01-19-nbr-1,dg3_neighbors/images/GP_Is_7.0mm_closed_R5_single_refY_005-raw01-19-nbr-1.jpg,False
GP_Is_7.0mm_closed_R5_single_refY_005-raw01-19,GP_Is_7.0mm_closed_R5_single_refY,GP_Is_7.0mm_closed_R5_single_refY_005,1,0,202,raw/GP_Is_7.0mm_closed_R5_single_refY_005.mp4,GP_Is_7.0mm_closed_R5_single_refY_005-raw01-19-nbr+0,dg3_neighbors/images/GP_Is_7.0mm_closed_R5_single_refY_005-raw01-19-nbr+0.jpg,True
GP_Is_7.0mm_closed_R5_single_refY_005-raw01-19,GP_Is_7.0mm_closed_R5_single_refY,GP_Is_7.0mm_closed_R5_single_refY_005,1,1,203,raw/GP_Is_7.0mm_closed_R5_single_refY_005.mp4,GP_Is_7.0mm_closed_R5_single_refY_005-raw01-19-nbr+1,dg3_neighbors/images/GP_Is_7.0mm_closed_R5_single_refY_005-raw01-19-nbr+1.jpg,False
GP_Is_7.0mm_closed_R5_single_refY_005-raw01-19,GP_Is_7.0mm_closed_R5_single_refY,GP_Is_7.0mm_closed_R5_single_refY_005,1,2,204,raw/GP_Is_7.0mm_closed_R5_single_refY_005.mp4,GP_Is_7.0mm_closed_R5_single_refY_005-raw01-19-nbr+2,dg3_neighbors/images/GP_Is_7.0mm_closed_R5_single_refY_005-raw01-19-nbr+2.jpg,False
GP_Is_7.0mm_closed_R5_single_refY_005-raw01-19,GP_Is_7.0mm_closed_R5_single_refY,GP_Is_7.0mm_closed_R5_single_refY_005,1,3,205,raw/GP_Is_7.0mm_closed_R5_single_refY_005.mp4,GP_Is_7.0mm_closed_R5_single_refY_005-raw01-19-nbr+3,dg3_neighbors/images/GP_Is_7.0mm_closed_R5_single_refY_005-raw01-19-nbr+3.jpg,False
GP_Is_7.0mm_closed_R5_single_refY_005-raw02-12,GP_Is_7.0mm_closed_R5_single_refY,GP_Is_7.0mm_closed_R5_single_refY_005,2,-3,338,raw/GP_Is_7.0mm_closed_R5_single_refY_005.mp4,GP_Is_7.0mm_closed_R5_single_refY_005-raw02-12-nbr-3,dg3_neighbors/images/GP_Is_7.0mm_closed_R5_single_refY_005-raw02-12-nbr-3.jpg,False
GP_Is_7.0mm_closed_R5_single_refY_005-raw02-12,GP_Is_7.0mm_closed_R5_single_refY,GP_Is_7.0mm_closed_R5_single_refY_005,2,-2,339,raw/GP_Is_7.0mm_closed_R5_single_refY_005.mp4,GP_Is_7.0mm_closed_R5_single_refY_005-raw02-12-nbr-2,dg3_neighbors/images/GP_Is_7.0mm_closed_R5_single_refY_005-raw02-12-nbr-2.jpg,False
GP_Is_7.0mm_closed_R5_single_refY_005-raw02-12,GP_Is_7.0mm_closed_R5_single_refY,GP_Is_7.0mm_closed_R5_single_refY_005,2,-1,340,raw/GP_Is_7.0mm_closed_R5_single_refY_005.mp4,GP_Is_7.0mm_closed_R5_single_refY_005-raw02-12-nbr-1,dg3_neighbors/images/GP_Is_7.0mm_closed_R5_single_refY_005-raw02-12-nbr-1.jpg,False
GP_Is_7.0mm_closed_R5_single_refY_005-raw02-12,GP_Is_7.0mm_closed_R5_single_refY,GP_Is_7.0mm_closed_R5_single_refY_005,2,0,341,raw/GP_Is_7.0mm_closed_R5_single_refY_005.mp4,GP_Is_7.0mm_closed_R5_single_refY_005-raw02-12-nbr+0,dg3_neighbors/images/GP_Is_7.0mm_closed_R5_single_refY_005-raw02-12-nbr+0.jpg,True
GP_Is_7.0mm_closed_R5_single_refY_005-raw02-12,GP_Is_7.0mm_closed_R5_single_refY,GP_Is_7.0mm_closed_R5_single_refY_005,2,1,342,raw/GP_Is_7.0mm_closed_R5_single_refY_005.mp4,GP_Is_7.0mm_closed_R5_single_refY_005-raw02-12-nbr+1,dg3_neighbors/images/GP_Is_7.0mm_closed_R5_single_refY_005-raw02-12-nbr+1.jpg,False
GP_Is_7.0mm_closed_R5_single_refY_005-raw02-12,GP_Is_7.0mm_closed_R5_single_refY,GP_Is_7.0mm_closed_R5_single_refY_005,2,2,343,raw/GP_Is_7.0mm_closed_R5_single_refY_005.mp4,GP_Is_7.0mm_closed_R5_single_refY_005-raw02-12-nbr+2,dg3_neighbors/images/GP_Is_7.0mm_closed_R5_single_refY_005-raw02-12-nbr+2.jpg,False
GP_Is_7.0mm_closed_R5_single_refY_005-raw02-12,GP_Is_7.0mm_closed_R5_single_refY,GP_Is_7.0mm_closed_R5_single_refY_005,2,3,344,raw/GP_Is_7.0mm_closed_R5_single_refY_005.mp4,GP_Is_7.0mm_closed_R5_single_refY_005-raw02-12-nbr+3,dg3_neighbors/images/GP_Is_7.0mm_closed_R5_single_refY_005-raw02-12-nbr+3.jpg,False
GP_Is_7.0mm_closed_R5_single_refY_005-raw03-16,GP_Is_7.0mm_closed_R5_single_refY,GP_Is_7.0mm_closed_R5_single_refY_005,3,-3,568,raw/GP_Is_7.0mm_closed_R5_single_refY_005.mp4,GP_Is_7.0mm_closed_R5_single_refY_005-raw03-16-nbr-3,dg3_neighbors/images/GP_Is_7.0mm_closed_R5_single_refY_005-raw03-16-nbr-3.jpg,False
GP_Is_7.0mm_closed_R5_single_refY_005-raw03-16,GP_Is_7.0mm_closed_R5_single_refY,GP_Is_7.0mm_closed_R5_single_refY_005,3,-2,569,raw/GP_Is_7.0mm_closed_R5_single_refY_005.mp4,GP_Is_7.0mm_closed_R5_single_refY_005-raw03-16-nbr-2,dg3_neighbors/images/GP_Is_7.0mm_closed_R5_single_refY_005-raw03-16-nbr-2.jpg,False
GP_Is_7.0mm_closed_R5_single_refY_005-raw03-16,GP_Is_7.0mm_closed_R5_single_refY,GP_Is_7.0mm_closed_R5_single_refY_005,3,-1,570,raw/GP_Is_7.0mm_closed_R5_single_refY_005.mp4,GP_Is_7.0mm_closed_R5_single_refY_005-raw03-16-nbr-1,dg3_neighbors/images/GP_Is_7.0mm_closed_R5_single_refY_005-raw03-16-nbr-1.jpg,False
GP_Is_7.0mm_closed_R5_single_refY_005-raw03-16,GP_Is_7.0mm_closed_R5_single_refY,GP_Is_7.0mm_closed_R5_single_refY_005,3,0,571,raw/GP_Is_7.0mm_closed_R5_single_refY_005.mp4,GP_Is_7.0mm_closed_R5_single_refY_005-raw03-16-nbr+0,dg3_neighbors/images/GP_Is_7.0mm_closed_R5_single_refY_005-raw03-16-nbr+0.jpg,True
GP_Is_7.0mm_closed_R5_single_refY_005-raw03-16,GP_Is_7.0mm_closed_R5_single_refY,GP_Is_7.0mm_closed_R5_single_refY_005,3,1,572,raw/GP_Is_7.0mm_closed_R5_single_refY_005.mp4,GP_Is_7.0mm_closed_R5_single_refY_005-raw03-16-nbr+1,dg3_neighbors/images/GP_Is_7.0mm_closed_R5_single_refY_005-raw03-16-nbr+1.jpg,False
GP_Is_7.0mm_closed_R5_single_refY_005-raw03-16,GP_Is_7.0mm_closed_R5_single_refY,GP_Is_7.0mm_closed_R5_single_refY_005,3,2,573,raw/GP_Is_7.0mm_closed_R5_single_refY_005.mp4,GP_Is_7.0mm_closed_R5_single_refY_005-raw03-16-nbr+2,dg3_neighbors/images/GP_Is_7.0mm_closed_R5_single_refY_005-raw03-16-nbr+2.jpg,False
GP_Is_7.0mm_closed_R5_single_refY_005-raw03-16,GP_Is_7.0mm_closed_R5_single_refY,GP_Is_7.0mm_closed_R5_single_refY_005,3,3,574,raw/GP_Is_7.0mm_closed_R5_single_refY_005.mp4,GP_Is_7.0mm_closed_R5_single_refY_005-raw03-16-nbr+3,dg3_neighbors/images/GP_Is_7.0mm_closed_R5_single_refY_005-raw03-16-nbr+3.jpg,False
GP_Is_7.0mm_closed_R5_single_refY_005-raw04-03,GP_Is_7.0mm_closed_R5_single_refY,GP_Is_7.0mm_closed_R5_single_refY_005,4,-3,658,raw/GP_Is_7.0mm_closed_R5_single_refY_005.mp4,GP_Is_7.0mm_closed_R5_single_refY_005-raw04-03-nbr-3,dg3_neighbors/images/GP_Is_7.0mm_closed_R5_single_refY_005-raw04-03-nbr-3.jpg,False
GP_Is_7.0mm_closed_R5_single_refY_005-raw04-03,GP_Is_7.0mm_closed_R5_single_refY,GP_Is_7.0mm_closed_R5_single_refY_005,4,-2,659,raw/GP_Is_7.0mm_closed_R5_single_refY_005.mp4,GP_Is_7.0mm_closed_R5_single_refY_005-raw04-03-nbr-2,dg3_neighbors/images/GP_Is_7.0mm_closed_R5_single_refY_005-raw04-03-nbr-2.jpg,False
GP_Is_7.0mm_closed_R5_single_refY_005-raw04-03,GP_Is_7.0mm_closed_R5_single_refY,GP_Is_7.0mm_closed_R5_single_refY_005,4,-1,660,raw/GP_Is_7.0mm_closed_R5_single_refY_005.mp4,GP_Is_7.0mm_closed_R5_single_refY_005-raw04-03-nbr-1,dg3_neighbors/images/GP_Is_7.0mm_closed_R5_single_refY_005-raw04-03-nbr-1.jpg,False
GP_Is_7.0mm_closed_R5_single_refY_005-raw04-03,GP_Is_7.0mm_closed_R5_single_refY,GP_Is_7.0mm_closed_R5_single_refY_005,4,0,661,raw/GP_Is_7.0mm_closed_R5_single_refY_005.mp4,GP_Is_7.0mm_closed_R5_single_refY_005-raw04-03-nbr+0,dg3_neighbors/images/GP_Is_7.0mm_closed_R5_single_refY_005-raw04-03-nbr+0.jpg,True
GP_Is_7.0mm_closed_R5_single_refY_005-raw04-03,GP_Is_7.0mm_closed_R5_single_refY,GP_Is_7.0mm_closed_R5_single_refY_005,4,1,662,raw/GP_Is_7.0mm_closed_R5_single_refY_005.mp4,GP_Is_7.0mm_closed_R5_single_refY_005-raw04-03-nbr+1,dg3_neighbors/images/GP_Is_7.0mm_closed_R5_single_refY_005-raw04-03-nbr+1.jpg,False
GP_Is_7.0mm_closed_R5_single_refY_005-raw04-03,GP_Is_7.0mm_closed_R5_single_refY,GP_Is_7.0mm_closed_R5_single_refY_005,4,2,663,raw/GP_Is_7.0mm_closed_R5_single_refY_005.mp4,GP_Is_7.0mm_closed_R5_single_refY_005-raw04-03-nbr+2,dg3_neighbors/images/GP_Is_7.0mm_closed_R5_single_refY_005-raw04-03-nbr+2.jpg,False
GP_Is_7.0mm_closed_R5_single_refY_005-raw04-03,GP_Is_7.0mm_closed_R5_single_refY,GP_Is_7.0mm_closed_R5_single_refY_005,4,3,664,raw/GP_Is_7.0mm_closed_R5_single_refY_005.mp4,GP_Is_7.0mm_closed_R5_single_refY_005-raw04-03-nbr+3,dg3_neighbors/images/GP_Is_7.0mm_closed_R5_single_refY_005-raw04-03-nbr+3.jpg,False
GP_Is_7.0mm_closed_R5_single_refY_005-raw05-02,GP_Is_7.0mm_closed_R5_single_refY,GP_Is_7.0mm_closed_R5_single_refY_005,5,-3,847,raw/GP_Is_7.0mm_closed_R5_single_refY_005.mp4,GP_Is_7.0mm_closed_R5_single_refY_005-raw05-02-nbr-3,dg3_neighbors/images/GP_Is_7.0mm_closed_R5_single_refY_005-raw05-02-nbr-3.jpg,False
GP_Is_7.0mm_closed_R5_single_refY_005-raw05-02,GP_Is_7.0mm_closed_R5_single_refY,GP_Is_7.0mm_closed_R5_single_refY_005,5,-2,848,raw/GP_Is_7.0mm_closed_R5_single_refY_005.mp4,GP_Is_7.0mm_closed_R5_single_refY_005-raw05-02-nbr-2,dg3_neighbors/images/GP_Is_7.0mm_closed_R5_single_refY_005-raw05-02-nbr-2.jpg,False
GP_Is_7.0mm_closed_R5_single_refY_005-raw05-02,GP_Is_7.0mm_closed_R5_single_refY,GP_Is_7.0mm_closed_R5_single_refY_005,5,-1,849,raw/GP_Is_7.0mm_closed_R5_single_refY_005.mp4,GP_Is_7.0mm_closed_R5_single_refY_005-raw05-02-nbr-1,dg3_neighbors/images/GP_Is_7.0mm_closed_R5_single_refY_005-raw05-02-nbr-1.jpg,False
GP_Is_7.0mm_closed_R5_single_refY_005-raw05-02,GP_Is_7.0mm_closed_R5_single_refY,GP_Is_7.0mm_closed_R5_single_refY_005,5,0,850,raw/GP_Is_7.0mm_closed_R5_single_refY_005.mp4,GP_Is_7.0mm_closed_R5_single_refY_005-raw05-02-nbr+0,dg3_neighbors/images/GP_Is_7.0mm_closed_R5_single_refY_005-raw05-02-nbr+0.jpg,True
GP_Is_7.0mm_closed_R5_single_refY_005-raw05-02,GP_Is_7.0mm_closed_R5_single_refY,GP_Is_7.0mm_closed_R5_single_refY_005,5,1,851,raw/GP_Is_7.0mm_closed_R5_single_refY_005.mp4,GP_Is_7.0mm_closed_R5_single_refY_005-raw05-02-nbr+1,dg3_neighbors/images/GP_Is_7.0mm_closed_R5_single_refY_005-raw05-02-nbr+1.jpg,False
GP_Is_7.0mm_closed_R5_single_refY_005-raw05-02,GP_Is_7.0mm_closed_R5_single_refY,GP_Is_7.0mm_closed_R5_single_refY_005,5,2,852,raw/GP_Is_7.0mm_closed_R5_single_refY_005.mp4,GP_Is_7.0mm_closed_R5_single_refY_005-raw05-02-nbr+2,dg3_neighbors/images/GP_Is_7.0mm_closed_R5_single_refY_005-raw05-02-nbr+2.jpg,False
GP_Is_7.0mm_closed_R5_single_refY_005-raw05-02,GP_Is_7.0mm_closed_R5_single_refY,GP_Is_7.0mm_closed_R5_single_refY_005,5,3,853,raw/GP_Is_7.0mm_closed_R5_single_refY_005.mp4,GP_Is_7.0mm_closed_R5_single_refY_005-raw05-02-nbr+3,dg3_neighbors/images/GP_Is_7.0mm_closed_R5_single_refY_005-raw05-02-nbr+3.jpg,False
GP_Is_7mm_closed_R10_single_refY_004-raw01-03,GP_Is_7mm_closed_R10_single_refY,GP_Is_7mm_closed_R10_single_refY_004,1,-3,52,raw/GP_Is_7mm_closed_R10_single_refY_004.mp4,GP_Is_7mm_closed_R10_single_refY_004-raw01-03-nbr-3,dg3_neighbors/images/GP_Is_7mm_closed_R10_single_refY_004-raw01-03-nbr-3.jpg,False
GP_Is_7mm_closed_R10_single_refY_004-raw01-03,GP_Is_7mm_closed_R10_single_refY,GP_Is_7mm_closed_R10_single_refY_004,1,-2,53,raw/GP_Is_7mm_closed_R10_single_refY_004.mp4,GP_Is_7mm_closed_R10_single_refY_004-raw01-03-nbr-2,dg3_neighbors/images/GP_Is_7mm_closed_R10_single_refY_004-raw01-03-nbr-2.jpg,False
GP_Is_7mm_closed_R10_single_refY_004-raw01-03,GP_Is_7mm_closed_R10_single_refY,GP_Is_7mm_closed_R10_single_refY_004,1,-1,54,raw/GP_Is_7mm_closed_R10_single_refY_004.mp4,GP_Is_7mm_closed_R10_single_refY_004-raw01-03-nbr-1,dg3_neighbors/images/GP_Is_7mm_closed_R10_single_refY_004-raw01-03-nbr-1.jpg,False
GP_Is_7mm_closed_R10_single_refY_004-raw01-03,GP_Is_7mm_closed_R10_single_refY,GP_Is_7mm_closed_R10_single_refY_004,1,0,55,raw/GP_Is_7mm_closed_R10_single_refY_004.mp4,GP_Is_7mm_closed_R10_single_refY_004-raw01-03-nbr+0,dg3_neighbors/images/GP_Is_7mm_closed_R10_single_refY_004-raw01-03-nbr+0.jpg,True
GP_Is_7mm_closed_R10_single_refY_004-raw01-03,GP_Is_7mm_closed_R10_single_refY,GP_Is_7mm_closed_R10_single_refY_004,1,1,56,raw/GP_Is_7mm_closed_R10_single_refY_004.mp4,GP_Is_7mm_closed_R10_single_refY_004-raw01-03-nbr+1,dg3_neighbors/images/GP_Is_7mm_closed_R10_single_refY_004-raw01-03-nbr+1.jpg,False
GP_Is_7mm_closed_R10_single_refY_004-raw01-03,GP_Is_7mm_closed_R10_single_refY,GP_Is_7mm_closed_R10_single_refY_004,1,2,57,raw/GP_Is_7mm_closed_R10_single_refY_004.mp4,GP_Is_7mm_closed_R10_single_refY_004-raw01-03-nbr+2,dg3_neighbors/images/GP_Is_7mm_closed_R10_single_refY_004-raw01-03-nbr+2.jpg,False
GP_Is_7mm_closed_R10_single_refY_004-raw01-03,GP_Is_7mm_closed_R10_single_refY,GP_Is_7mm_closed_R10_single_refY_004,1,3,58,raw/GP_Is_7mm_closed_R10_single_refY_004.mp4,GP_Is_7mm_closed_R10_single_refY_004-raw01-03-nbr+3,dg3_neighbors/images/GP_Is_7mm_closed_R10_single_refY_004-raw01-03-nbr+3.jpg,False
GP_Is_7mm_closed_R10_single_refY_004-raw02-05,GP_Is_7mm_closed_R10_single_refY,GP_Is_7mm_closed_R10_single_refY_004,2,-3,219,raw/GP_Is_7mm_closed_R10_single_refY_004.mp4,GP_Is_7mm_closed_R10_single_refY_004-raw02-05-nbr-3,dg3_neighbors/images/GP_Is_7mm_closed_R10_single_refY_004-raw02-05-nbr-3.jpg,False
GP_Is_7mm_closed_R10_single_refY_004-raw02-05,GP_Is_7mm_closed_R10_single_refY,GP_Is_7mm_closed_R10_single_refY_004,2,-2,220,raw/GP_Is_7mm_closed_R10_single_refY_004.mp4,GP_Is_7mm_closed_R10_single_refY_004-raw02-05-nbr-2,dg3_neighbors/images/GP_Is_7mm_closed_R10_single_refY_004-raw02-05-nbr-2.jpg,False
GP_Is_7mm_closed_R10_single_refY_004-raw02-05,GP_Is_7mm_closed_R10_single_refY,GP_Is_7mm_closed_R10_single_refY_004,2,-1,221,raw/GP_Is_7mm_closed_R10_single_refY_004.mp4,GP_Is_7mm_closed_R10_single_refY_004-raw02-05-nbr-1,dg3_neighbors/images/GP_Is_7mm_closed_R10_single_refY_004-raw02-05-nbr-1.jpg,False
GP_Is_7mm_closed_R10_single_refY_004-raw02-05,GP_Is_7mm_closed_R10_single_refY,GP_Is_7mm_closed_R10_single_refY_004,2,0,222,raw/GP_Is_7mm_closed_R10_single_refY_004.mp4,GP_Is_7mm_closed_R10_single_refY_004-raw02-05-nbr+0,dg3_neighbors/images/GP_Is_7mm_closed_R10_single_refY_004-raw02-05-nbr+0.jpg,True
GP_Is_7mm_closed_R10_single_refY_004-raw02-05,GP_Is_7mm_closed_R10_single_refY,GP_Is_7mm_closed_R10_single_refY_004,2,1,223,raw/GP_Is_7mm_closed_R10_single_refY_004.mp4,GP_Is_7mm_closed_R10_single_refY_004-raw02-05-nbr+1,dg3_neighbors/images/GP_Is_7mm_closed_R10_single_refY_004-raw02-05-nbr+1.jpg,False
GP_Is_7mm_closed_R10_single_refY_004-raw02-05,GP_Is_7mm_closed_R10_single_refY,GP_Is_7mm_closed_R10_single_refY_004,2,2,224,raw/GP_Is_7mm_closed_R10_single_refY_004.mp4,GP_Is_7mm_closed_R10_single_refY_004-raw02-05-nbr+2,dg3_neighbors/images/GP_Is_7mm_closed_R10_single_refY_004-raw02-05-nbr+2.jpg,False
GP_Is_7mm_closed_R10_single_refY_004-raw02-05,GP_Is_7mm_closed_R10_single_refY,GP_Is_7mm_closed_R10_single_refY_004,2,3,225,raw/GP_Is_7mm_closed_R10_single_refY_004.mp4,GP_Is_7mm_closed_R10_single_refY_004-raw02-05-nbr+3,dg3_neighbors/images/GP_Is_7mm_closed_R10_single_refY_004-raw02-05-nbr+3.jpg,False
GP_Is_7mm_closed_R10_single_refY_004-raw03-01,GP_Is_7mm_closed_R10_single_refY,GP_Is_7mm_closed_R10_single_refY_004,3,-3,347,raw/GP_Is_7mm_closed_R10_single_refY_004.mp4,GP_Is_7mm_closed_R10_single_refY_004-raw03-01-nbr-3,dg3_neighbors/images/GP_Is_7mm_closed_R10_single_refY_004-raw03-01-nbr-3.jpg,False
GP_Is_7mm_closed_R10_single_refY_004-raw03-01,GP_Is_7mm_closed_R10_single_refY,GP_Is_7mm_closed_R10_single_refY_004,3,-2,348,raw/GP_Is_7mm_closed_R10_single_refY_004.mp4,GP_Is_7mm_closed_R10_single_refY_004-raw03-01-nbr-2,dg3_neighbors/images/GP_Is_7mm_closed_R10_single_refY_004-raw03-01-nbr-2.jpg,False
GP_Is_7mm_closed_R10_single_refY_004-raw03-01,GP_Is_7mm_closed_R10_single_refY,GP_Is_7mm_closed_R10_single_refY_004,3,-1,349,raw/GP_Is_7mm_closed_R10_single_refY_004.mp4,GP_Is_7mm_closed_R10_single_refY_004-raw03-01-nbr-1,dg3_neighbors/images/GP_Is_7mm_closed_R10_single_refY_004-raw03-01-nbr-1.jpg,False
GP_Is_7mm_closed_R10_single_refY_004-raw03-01,GP_Is_7mm_closed_R10_single_refY,GP_Is_7mm_closed_R10_single_refY_004,3,0,350,raw/GP_Is_7mm_closed_R10_single_refY_004.mp4,GP_Is_7mm_closed_R10_single_refY_004-raw03-01-nbr+0,dg3_neighbors/images/GP_Is_7mm_closed_R10_single_refY_004-raw03-01-nbr+0.jpg,True
GP_Is_7mm_closed_R10_single_refY_004-raw03-01,GP_Is_7mm_closed_R10_single_refY,GP_Is_7mm_closed_R10_single_refY_004,3,1,351,raw/GP_Is_7mm_closed_R10_single_refY_004.mp4,GP_Is_7mm_closed_R10_single_refY_004-raw03-01-nbr+1,dg3_neighbors/images/GP_Is_7mm_closed_R10_single_refY_004-raw03-01-nbr+1.jpg,False
GP_Is_7mm_closed_R10_single_refY_004-raw03-01,GP_Is_7mm_closed_R10_single_refY,GP_Is_7mm_closed_R10_single_refY_004,3,2,352,raw/GP_Is_7mm_closed_R10_single_refY_004.mp4,GP_Is_7mm_closed_R10_single_refY_004-raw03-01-nbr+2,dg3_neighbors/images/GP_Is_7mm_closed_R10_single_refY_004-raw03-01-nbr+2.jpg,False
GP_Is_7mm_closed_R10_single_refY_004-raw03-01,GP_Is_7mm_closed_R10_single_refY,GP_Is_7mm_closed_R10_single_refY_004,3,3,353,raw/GP_Is_7mm_closed_R10_single_refY_004.mp4,GP_Is_7mm_closed_R10_single_refY_004-raw03-01-nbr+3,dg3_neighbors/images/GP_Is_7mm_closed_R10_single_refY_004-raw03-01-nbr+3.jpg,False
GP_Is_7mm_closed_R10_single_refY_004-raw04-09,GP_Is_7mm_closed_R10_single_refY,GP_Is_7mm_closed_R10_single_refY_004,4,-3,552,raw/GP_Is_7mm_closed_R10_single_refY_004.mp4,GP_Is_7mm_closed_R10_single_refY_004-raw04-09-nbr-3,dg3_neighbors/images/GP_Is_7mm_closed_R10_single_refY_004-raw04-09-nbr-3.jpg,False
GP_Is_7mm_closed_R10_single_refY_004-raw04-09,GP_Is_7mm_closed_R10_single_refY,GP_Is_7mm_closed_R10_single_refY_004,4,-2,553,raw/GP_Is_7mm_closed_R10_single_refY_004.mp4,GP_Is_7mm_closed_R10_single_refY_004-raw04-09-nbr-2,dg3_neighbors/images/GP_Is_7mm_closed_R10_single_refY_004-raw04-09-nbr-2.jpg,False
GP_Is_7mm_closed_R10_single_refY_004-raw04-09,GP_Is_7mm_closed_R10_single_refY,GP_Is_7mm_closed_R10_single_refY_004,4,-1,554,raw/GP_Is_7mm_closed_R10_single_refY_004.mp4,GP_Is_7mm_closed_R10_single_refY_004-raw04-09-nbr-1,dg3_neighbors/images/GP_Is_7mm_closed_R10_single_refY_004-raw04-09-nbr-1.jpg,False
GP_Is_7mm_closed_R10_single_refY_004-raw04-09,GP_Is_7mm_closed_R10_single_refY,GP_Is_7mm_closed_R10_single_refY_004,4,0,555,raw/GP_Is_7mm_closed_R10_single_refY_004.mp4,GP_Is_7mm_closed_R10_single_refY_004-raw04-09-nbr+0,dg3_neighbors/images/GP_Is_7mm_closed_R10_single_refY_004-raw04-09-nbr+0.jpg,True
GP_Is_7mm_closed_R10_single_refY_004-raw04-09,GP_Is_7mm_closed_R10_single_refY,GP_Is_7mm_closed_R10_single_refY_004,4,1,556,raw/GP_Is_7mm_closed_R10_single_refY_004.mp4,GP_Is_7mm_closed_R10_single_refY_004-raw04-09-nbr+1,dg3_neighbors/images/GP_Is_7mm_closed_R10_single_refY_004-raw04-09-nbr+1.jpg,False
GP_Is_7mm_closed_R10_single_refY_004-raw04-09,GP_Is_7mm_closed_R10_single_refY,GP_Is_7mm_closed_R10_single_refY_004,4,2,557,raw/GP_Is_7mm_closed_R10_single_refY_004.mp4,GP_Is_7mm_closed_R10_single_refY_004-raw04-09-nbr+2,dg3_neighbors/images/GP_Is_7mm_closed_R10_single_refY_004-raw04-09-nbr+2.jpg,False
GP_Is_7mm_closed_R10_single_refY_004-raw04-09,GP_Is_7mm_closed_R10_single_refY,GP_Is_7mm_closed_R10_single_refY_004,4,3,558,raw/GP_Is_7mm_closed_R10_single_refY_004.mp4,GP_Is_7mm_closed_R10_single_refY_004-raw04-09-nbr+3,dg3_neighbors/images/GP_Is_7mm_closed_R10_single_refY_004-raw04-09-nbr+3.jpg,False
GP_Is_7mm_closed_R10_single_refY_004-raw05-09,GP_Is_7mm_closed_R10_single_refY,GP_Is_7mm_closed_R10_single_refY_004,5,-3,706,raw/GP_Is_7mm_closed_R10_single_refY_004.mp4,GP_Is_7mm_closed_R10_single_refY_004-raw05-09-nbr-3,dg3_neighbors/images/GP_Is_7mm_closed_R10_single_refY_004-raw05-09-nbr-3.jpg,False
GP_Is_7mm_closed_R10_single_refY_004-raw05-09,GP_Is_7mm_closed_R10_single_refY,GP_Is_7mm_closed_R10_single_refY_004,5,-2,707,raw/GP_Is_7mm_closed_R10_single_refY_004.mp4,GP_Is_7mm_closed_R10_single_refY_004-raw05-09-nbr-2,dg3_neighbors/images/GP_Is_7mm_closed_R10_single_refY_004-raw05-09-nbr-2.jpg,False
GP_Is_7mm_closed_R10_single_refY_004-raw05-09,GP_Is_7mm_closed_R10_single_refY,GP_Is_7mm_closed_R10_single_refY_004,5,-1,708,raw/GP_Is_7mm_closed_R10_single_refY_004.mp4,GP_Is_7mm_closed_R10_single_refY_004-raw05-09-nbr-1,dg3_neighbors/images/GP_Is_7mm_closed_R10_single_refY_004-raw05-09-nbr-1.jpg,False
GP_Is_7mm_closed_R10_single_refY_004-raw05-09,GP_Is_7mm_closed_R10_single_refY,GP_Is_7mm_closed_R10_single_refY_004,5,0,709,raw/GP_Is_7mm_closed_R10_single_refY_004.mp4,GP_Is_7mm_closed_R10_single_refY_004-raw05-09-nbr+0,dg3_neighbors/images/GP_Is_7mm_closed_R10_single_refY_004-raw05-09-nbr+0.jpg,True
GP_Is_7mm_closed_R10_single_refY_004-raw05-09,GP_Is_7mm_closed_R10_single_refY,GP_Is_7mm_closed_R10_single_refY_004,5,1,710,raw/GP_Is_7mm_closed_R10_single_refY_004.mp4,GP_Is_7mm_closed_R10_single_refY_004-raw05-09-nbr+1,dg3_neighbors/images/GP_Is_7mm_closed_R10_single_refY_004-raw05-09-nbr+1.jpg,False
GP_Is_7mm_closed_R10_single_refY_004-raw05-09,GP_Is_7mm_closed_R10_single_refY,GP_Is_7mm_closed_R10_single_refY_004,5,2,711,raw/GP_Is_7mm_closed_R10_single_refY_004.mp4,GP_Is_7mm_closed_R10_single_refY_004-raw05-09-nbr+2,dg3_neighbors/images/GP_Is_7mm_closed_R10_single_refY_004-raw05-09-nbr+2.jpg,False
GP_Is_7mm_closed_R10_single_refY_004-raw05-09,GP_Is_7mm_closed_R10_single_refY,GP_Is_7mm_closed_R10_single_refY_004,5,3,712,raw/GP_Is_7mm_closed_R10_single_refY_004.mp4,GP_Is_7mm_closed_R10_single_refY_004-raw05-09-nbr+3,dg3_neighbors/images/GP_Is_7mm_closed_R10_single_refY_004-raw05-09-nbr+3.jpg,False
GP_Is_7mm_closed_R10_single_refY_005-raw01-04,GP_Is_7mm_closed_R10_single_refY,GP_Is_7mm_closed_R10_single_refY_005,1,-3,45,raw/GP_Is_7mm_closed_R10_single_refY_005.mp4,GP_Is_7mm_closed_R10_single_refY_005-raw01-04-nbr-3,dg3_neighbors/images/GP_Is_7mm_closed_R10_single_refY_005-raw01-04-nbr-3.jpg,False
GP_Is_7mm_closed_R10_single_refY_005-raw01-04,GP_Is_7mm_closed_R10_single_refY,GP_Is_7mm_closed_R10_single_refY_005,1,-2,46,raw/GP_Is_7mm_closed_R10_single_refY_005.mp4,GP_Is_7mm_closed_R10_single_refY_005-raw01-04-nbr-2,dg3_neighbors/images/GP_Is_7mm_closed_R10_single_refY_005-raw01-04-nbr-2.jpg,False
GP_Is_7mm_closed_R10_single_refY_005-raw01-04,GP_Is_7mm_closed_R10_single_refY,GP_Is_7mm_closed_R10_single_refY_005,1,-1,47,raw/GP_Is_7mm_closed_R10_single_refY_005.mp4,GP_Is_7mm_closed_R10_single_refY_005-raw01-04-nbr-1,dg3_neighbors/images/GP_Is_7mm_closed_R10_single_refY_005-raw01-04-nbr-1.jpg,False
GP_Is_7mm_closed_R10_single_refY_005-raw01-04,GP_Is_7mm_closed_R10_single_refY,GP_Is_7mm_closed_R10_single_refY_005,1,0,48,raw/GP_Is_7mm_closed_R10_single_refY_005.mp4,GP_Is_7mm_closed_R10_single_refY_005-raw01-04-nbr+0,dg3_neighbors/images/GP_Is_7mm_closed_R10_single_refY_005-raw01-04-nbr+0.jpg,True
GP_Is_7mm_closed_R10_single_refY_005-raw01-04,GP_Is_7mm_closed_R10_single_refY,GP_Is_7mm_closed_R10_single_refY_005,1,1,49,raw/GP_Is_7mm_closed_R10_single_refY_005.mp4,GP_Is_7mm_closed_R10_single_refY_005-raw01-04-nbr+1,dg3_neighbors/images/GP_Is_7mm_closed_R10_single_refY_005-raw01-04-nbr+1.jpg,False
GP_Is_7mm_closed_R10_single_refY_005-raw01-04,GP_Is_7mm_closed_R10_single_refY,GP_Is_7mm_closed_R10_single_refY_005,1,2,50,raw/GP_Is_7mm_closed_R10_single_refY_005.mp4,GP_Is_7mm_closed_R10_single_refY_005-raw01-04-nbr+2,dg3_neighbors/images/GP_Is_7mm_closed_R10_single_refY_005-raw01-04-nbr+2.jpg,False
GP_Is_7mm_closed_R10_single_refY_005-raw01-04,GP_Is_7mm_closed_R10_single_refY,GP_Is_7mm_closed_R10_single_refY_005,1,3,51,raw/GP_Is_7mm_closed_R10_single_refY_005.mp4,GP_Is_7mm_closed_R10_single_refY_005-raw01-04-nbr+3,dg3_neighbors/images/GP_Is_7mm_closed_R10_single_refY_005-raw01-04-nbr+3.jpg,False
GP_Is_7mm_closed_R10_single_refY_005-raw02-23,GP_Is_7mm_closed_R10_single_refY,GP_Is_7mm_closed_R10_single_refY_005,2,-3,264,raw/GP_Is_7mm_closed_R10_single_refY_005.mp4,GP_Is_7mm_closed_R10_single_refY_005-raw02-23-nbr-3,dg3_neighbors/images/GP_Is_7mm_closed_R10_single_refY_005-raw02-23-nbr-3.jpg,False
GP_Is_7mm_closed_R10_single_refY_005-raw02-23,GP_Is_7mm_closed_R10_single_refY,GP_Is_7mm_closed_R10_single_refY_005,2,-2,265,raw/GP_Is_7mm_closed_R10_single_refY_005.mp4,GP_Is_7mm_closed_R10_single_refY_005-raw02-23-nbr-2,dg3_neighbors/images/GP_Is_7mm_closed_R10_single_refY_005-raw02-23-nbr-2.jpg,False
GP_Is_7mm_closed_R10_single_refY_005-raw02-23,GP_Is_7mm_closed_R10_single_refY,GP_Is_7mm_closed_R10_single_refY_005,2,-1,266,raw/GP_Is_7mm_closed_R10_single_refY_005.mp4,GP_Is_7mm_closed_R10_single_refY_005-raw02-23-nbr-1,dg3_neighbors/images/GP_Is_7mm_closed_R10_single_refY_005-raw02-23-nbr-1.jpg,False
GP_Is_7mm_closed_R10_single_refY_005-raw02-23,GP_Is_7mm_closed_R10_single_refY,GP_Is_7mm_closed_R10_single_refY_005,2,0,267,raw/GP_Is_7mm_closed_R10_single_refY_005.mp4,GP_Is_7mm_closed_R10_single_refY_005-raw02-23-nbr+0,dg3_neighbors/images/GP_Is_7mm_closed_R10_single_refY_005-raw02-23-nbr+0.jpg,True
GP_Is_7mm_closed_R10_single_refY_005-raw02-23,GP_Is_7mm_closed_R10_single_refY,GP_Is_7mm_closed_R10_single_refY_005,2,1,268,raw/GP_Is_7mm_closed_R10_single_refY_005.mp4,GP_Is_7mm_closed_R10_single_refY_005-raw02-23-nbr+1,dg3_neighbors/images/GP_Is_7mm_closed_R10_single_refY_005-raw02-23-nbr+1.jpg,False
GP_Is_7mm_closed_R10_single_refY_005-raw02-23,GP_Is_7mm_closed_R10_single_refY,GP_Is_7mm_closed_R10_single_refY_005,2,2,269,raw/GP_Is_7mm_closed_R10_single_refY_005.mp4,GP_Is_7mm_closed_R10_single_refY_005-raw02-23-nbr+2,dg3_neighbors/images/GP_Is_7mm_closed_R10_single_refY_005-raw02-23-nbr+2.jpg,False
GP_Is_7mm_closed_R10_single_refY_005-raw02-23,GP_Is_7mm_closed_R10_single_refY,GP_Is_7mm_closed_R10_single_refY_005,2,3,270,raw/GP_Is_7mm_closed_R10_single_refY_005.mp4,GP_Is_7mm_closed_R10_single_refY_005-raw02-23-nbr+3,dg3_neighbors/images/GP_Is_7mm_closed_R10_single_refY_005-raw02-23-nbr+3.jpg,False
GP_Is_7mm_closed_R10_single_refY_005-raw03-09,GP_Is_7mm_closed_R10_single_refY,GP_Is_7mm_closed_R10_single_refY_005,3,-3,315,raw/GP_Is_7mm_closed_R10_single_refY_005.mp4,GP_Is_7mm_closed_R10_single_refY_005-raw03-09-nbr-3,dg3_neighbors/images/GP_Is_7mm_closed_R10_single_refY_005-raw03-09-nbr-3.jpg,False
GP_Is_7mm_closed_R10_single_refY_005-raw03-09,GP_Is_7mm_closed_R10_single_refY,GP_Is_7mm_closed_R10_single_refY_005,3,-2,316,raw/GP_Is_7mm_closed_R10_single_refY_005.mp4,GP_Is_7mm_closed_R10_single_refY_005-raw03-09-nbr-2,dg3_neighbors/images/GP_Is_7mm_closed_R10_single_refY_005-raw03-09-nbr-2.jpg,False
GP_Is_7mm_closed_R10_single_refY_005-raw03-09,GP_Is_7mm_closed_R10_single_refY,GP_Is_7mm_closed_R10_single_refY_005,3,-1,317,raw/GP_Is_7mm_closed_R10_single_refY_005.mp4,GP_Is_7mm_closed_R10_single_refY_005-raw03-09-nbr-1,dg3_neighbors/images/GP_Is_7mm_closed_R10_single_refY_005-raw03-09-nbr-1.jpg,False
GP_Is_7mm_closed_R10_single_refY_005-raw03-09,GP_Is_7mm_closed_R10_single_refY,GP_Is_7mm_closed_R10_single_refY_005,3,0,318,raw/GP_Is_7mm_closed_R10_single_refY_005.mp4,GP_Is_7mm_closed_R10_single_refY_005-raw03-09-nbr+0,dg3_neighbors/images/GP_Is_7mm_closed_R10_single_refY_005-raw03-09-nbr+0.jpg,True
GP_Is_7mm_closed_R10_single_refY_005-raw03-09,GP_Is_7mm_closed_R10_single_refY,GP_Is_7mm_closed_R10_single_refY_005,3,1,319,raw/GP_Is_7mm_closed_R10_single_refY_005.mp4,GP_Is_7mm_closed_R10_single_refY_005-raw03-09-nbr+1,dg3_neighbors/images/GP_Is_7mm_closed_R10_single_refY_005-raw03-09-nbr+1.jpg,False
GP_Is_7mm_closed_R10_single_refY_005-raw03-09,GP_Is_7mm_closed_R10_single_refY,GP_Is_7mm_closed_R10_single_refY_005,3,2,320,raw/GP_Is_7mm_closed_R10_single_refY_005.mp4,GP_Is_7mm_closed_R10_single_refY_005-raw03-09-nbr+2,dg3_neighbors/images/GP_Is_7mm_closed_R10_single_refY_005-raw03-09-nbr+2.jpg,False
GP_Is_7mm_closed_R10_single_refY_005-raw03-09,GP_Is_7mm_closed_R10_single_refY,GP_Is_7mm_closed_R10_single_refY_005,3,3,321,raw/GP_Is_7mm_closed_R10_single_refY_005.mp4,GP_Is_7mm_closed_R10_single_refY_005-raw03-09-nbr+3,dg3_neighbors/images/GP_Is_7mm_closed_R10_single_refY_005-raw03-09-nbr+3.jpg,False
GP_Is_7mm_closed_R10_single_refY_005-raw04-02,GP_Is_7mm_closed_R10_single_refY,GP_Is_7mm_closed_R10_single_refY_005,4,-3,401,raw/GP_Is_7mm_closed_R10_single_refY_005.mp4,GP_Is_7mm_closed_R10_single_refY_005-raw04-02-nbr-3,dg3_neighbors/images/GP_Is_7mm_closed_R10_single_refY_005-raw04-02-nbr-3.jpg,False
GP_Is_7mm_closed_R10_single_refY_005-raw04-02,GP_Is_7mm_closed_R10_single_refY,GP_Is_7mm_closed_R10_single_refY_005,4,-2,402,raw/GP_Is_7mm_closed_R10_single_refY_005.mp4,GP_Is_7mm_closed_R10_single_refY_005-raw04-02-nbr-2,dg3_neighbors/images/GP_Is_7mm_closed_R10_single_refY_005-raw04-02-nbr-2.jpg,False
GP_Is_7mm_closed_R10_single_refY_005-raw04-02,GP_Is_7mm_closed_R10_single_refY,GP_Is_7mm_closed_R10_single_refY_005,4,-1,403,raw/GP_Is_7mm_closed_R10_single_refY_005.mp4,GP_Is_7mm_closed_R10_single_refY_005-raw04-02-nbr-1,dg3_neighbors/images/GP_Is_7mm_closed_R10_single_refY_005-raw04-02-nbr-1.jpg,False
GP_Is_7mm_closed_R10_single_refY_005-raw04-02,GP_Is_7mm_closed_R10_single_refY,GP_Is_7mm_closed_R10_single_refY_005,4,0,404,raw/GP_Is_7mm_closed_R10_single_refY_005.mp4,GP_Is_7mm_closed_R10_single_refY_005-raw04-02-nbr+0,dg3_neighbors/images/GP_Is_7mm_closed_R10_single_refY_005-raw04-02-nbr+0.jpg,True
GP_Is_7mm_closed_R10_single_refY_005-raw04-02,GP_Is_7mm_closed_R10_single_refY,GP_Is_7mm_closed_R10_single_refY_005,4,1,405,raw/GP_Is_7mm_closed_R10_single_refY_005.mp4,GP_Is_7mm_closed_R10_single_refY_005-raw04-02-nbr+1,dg3_neighbors/images/GP_Is_7mm_closed_R10_single_refY_005-raw04-02-nbr+1.jpg,False
GP_Is_7mm_closed_R10_single_refY_005-raw04-02,GP_Is_7mm_closed_R10_single_refY,GP_Is_7mm_closed_R10_single_refY_005,4,2,406,raw/GP_Is_7mm_closed_R10_single_refY_005.mp4,GP_Is_7mm_closed_R10_single_refY_005-raw04-02-nbr+2,dg3_neighbors/images/GP_Is_7mm_closed_R10_single_refY_005-raw04-02-nbr+2.jpg,False
GP_Is_7mm_closed_R10_single_refY_005-raw04-02,GP_Is_7mm_closed_R10_single_refY,GP_Is_7mm_closed_R10_single_refY_005,4,3,407,raw/GP_Is_7mm_closed_R10_single_refY_005.mp4,GP_Is_7mm_closed_R10_single_refY_005-raw04-02-nbr+3,dg3_neighbors/images/GP_Is_7mm_closed_R10_single_refY_005-raw04-02-nbr+3.jpg,False
GP_Is_7mm_closed_R10_single_refY_005-raw05-07,GP_Is_7mm_closed_R10_single_refY,GP_Is_7mm_closed_R10_single_refY_005,5,-3,549,raw/GP_Is_7mm_closed_R10_single_refY_005.mp4,GP_Is_7mm_closed_R10_single_refY_005-raw05-07-nbr-3,dg3_neighbors/images/GP_Is_7mm_closed_R10_single_refY_005-raw05-07-nbr-3.jpg,False
GP_Is_7mm_closed_R10_single_refY_005-raw05-07,GP_Is_7mm_closed_R10_single_refY,GP_Is_7mm_closed_R10_single_refY_005,5,-2,550,raw/GP_Is_7mm_closed_R10_single_refY_005.mp4,GP_Is_7mm_closed_R10_single_refY_005-raw05-07-nbr-2,dg3_neighbors/images/GP_Is_7mm_closed_R10_single_refY_005-raw05-07-nbr-2.jpg,False
GP_Is_7mm_closed_R10_single_refY_005-raw05-07,GP_Is_7mm_closed_R10_single_refY,GP_Is_7mm_closed_R10_single_refY_005,5,-1,551,raw/GP_Is_7mm_closed_R10_single_refY_005.mp4,GP_Is_7mm_closed_R10_single_refY_005-raw05-07-nbr-1,dg3_neighbors/images/GP_Is_7mm_closed_R10_single_refY_005-raw05-07-nbr-1.jpg,False
GP_Is_7mm_closed_R10_single_refY_005-raw05-07,GP_Is_7mm_closed_R10_single_refY,GP_Is_7mm_closed_R10_single_refY_005,5,0,552,raw/GP_Is_7mm_closed_R10_single_refY_005.mp4,GP_Is_7mm_closed_R10_single_refY_005-raw05-07-nbr+0,dg3_neighbors/images/GP_Is_7mm_closed_R10_single_refY_005-raw05-07-nbr+0.jpg,True
GP_Is_7mm_closed_R10_single_refY_005-raw05-07,GP_Is_7mm_closed_R10_single_refY,GP_Is_7mm_closed_R10_single_refY_005,5,1,553,raw/GP_Is_7mm_closed_R10_single_refY_005.mp4,GP_Is_7mm_closed_R10_single_refY_005-raw05-07-nbr+1,dg3_neighbors/images/GP_Is_7mm_closed_R10_single_refY_005-raw05-07-nbr+1.jpg,False
GP_Is_7mm_closed_R10_single_refY_005-raw05-07,GP_Is_7mm_closed_R10_single_refY,GP_Is_7mm_closed_R10_single_refY_005,5,2,554,raw/GP_Is_7mm_closed_R10_single_refY_005.mp4,GP_Is_7mm_closed_R10_single_refY_005-raw05-07-nbr+2,dg3_neighbors/images/GP_Is_7mm_closed_R10_single_refY_005-raw05-07-nbr+2.jpg,False
GP_Is_7mm_closed_R10_single_refY_005-raw05-07,GP_Is_7mm_closed_R10_single_refY,GP_Is_7mm_closed_R10_single_refY_005,5,3,555,raw/GP_Is_7mm_closed_R10_single_refY_005.mp4,GP_Is_7mm_closed_R10_single_refY_005-raw05-07-nbr+3,dg3_neighbors/images/GP_Is_7mm_closed_R10_single_refY_005-raw05-07-nbr+3.jpg,False
GP_Is_8.8mm_closed_R10_single_refY_005-raw05-24,GP_Is_8.8mm_closed_R10_single_refY,GP_Is_8.8mm_closed_R10_single_refY_005,5,-3,1078,raw/GP_Is_8.8mm_closed_R10_single_refY_005.mp4,GP_Is_8.8mm_closed_R10_single_refY_005-raw05-24-nbr-3,dg3_neighbors/images/GP_Is_8.8mm_closed_R10_single_refY_005-raw05-24-nbr-3.jpg,False
GP_Is_8.8mm_closed_R10_single_refY_005-raw05-24,GP_Is_8.8mm_closed_R10_single_refY,GP_Is_8.8mm_closed_R10_single_refY_005,5,-2,1079,raw/GP_Is_8.8mm_closed_R10_single_refY_005.mp4,GP_Is_8.8mm_closed_R10_single_refY_005-raw05-24-nbr-2,dg3_neighbors/images/GP_Is_8.8mm_closed_R10_single_refY_005-raw05-24-nbr-2.jpg,False
GP_Is_8.8mm_closed_R10_single_refY_005-raw05-24,GP_Is_8.8mm_closed_R10_single_refY,GP_Is_8.8mm_closed_R10_single_refY_005,5,-1,1080,raw/GP_Is_8.8mm_closed_R10_single_refY_005.mp4,GP_Is_8.8mm_closed_R10_single_refY_005-raw05-24-nbr-1,dg3_neighbors/images/GP_Is_8.8mm_closed_R10_single_refY_005-raw05-24-nbr-1.jpg,False
GP_Is_8.8mm_closed_R10_single_refY_005-raw05-24,GP_Is_8.8mm_closed_R10_single_refY,GP_Is_8.8mm_closed_R10_single_refY_005,5,0,1081,raw/GP_Is_8.8mm_closed_R10_single_refY_005.mp4,GP_Is_8.8mm_closed_R10_single_refY_005-raw05-24-nbr+0,dg3_neighbors/images/GP_Is_8.8mm_closed_R10_single_refY_005-raw05-24-nbr+0.jpg,True
GP_Is_8.8mm_closed_R10_single_refY_005-raw05-24,GP_Is_8.8mm_closed_R10_single_refY,GP_Is_8.8mm_closed_R10_single_refY_005,5,1,1082,raw/GP_Is_8.8mm_closed_R10_single_refY_005.mp4,GP_Is_8.8mm_closed_R10_single_refY_005-raw05-24-nbr+1,dg3_neighbors/images/GP_Is_8.8mm_closed_R10_single_refY_005-raw05-24-nbr+1.jpg,False
GP_Is_8.8mm_closed_R10_single_refY_005-raw05-24,GP_Is_8.8mm_closed_R10_single_refY,GP_Is_8.8mm_closed_R10_single_refY_005,5,2,1083,raw/GP_Is_8.8mm_closed_R10_single_refY_005.mp4,GP_Is_8.8mm_closed_R10_single_refY_005-raw05-24-nbr+2,dg3_neighbors/images/GP_Is_8.8mm_closed_R10_single_refY_005-raw05-24-nbr+2.jpg,False
GP_Is_8.8mm_closed_R10_single_refY_005-raw05-24,GP_Is_8.8mm_closed_R10_single_refY,GP_Is_8.8mm_closed_R10_single_refY_005,5,3,1084,raw/GP_Is_8.8mm_closed_R10_single_refY_005.mp4,GP_Is_8.8mm_closed_R10_single_refY_005-raw05-24-nbr+3,dg3_neighbors/images/GP_Is_8.8mm_closed_R10_single_refY_005-raw05-24-nbr+3.jpg,False
GP_Is_8.8mm_closed_R5_single_refY_004-raw01-18,GP_Is_8.8mm_closed_R5_single_refY,GP_Is_8.8mm_closed_R5_single_refY_004,1,-3,178,raw/GP_Is_8.8mm_closed_R5_single_refY_004.mp4,GP_Is_8.8mm_closed_R5_single_refY_004-raw01-18-nbr-3,dg3_neighbors/images/GP_Is_8.8mm_closed_R5_single_refY_004-raw01-18-nbr-3.jpg,False
GP_Is_8.8mm_closed_R5_single_refY_004-raw01-18,GP_Is_8.8mm_closed_R5_single_refY,GP_Is_8.8mm_closed_R5_single_refY_004,1,-2,179,raw/GP_Is_8.8mm_closed_R5_single_refY_004.mp4,GP_Is_8.8mm_closed_R5_single_refY_004-raw01-18-nbr-2,dg3_neighbors/images/GP_Is_8.8mm_closed_R5_single_refY_004-raw01-18-nbr-2.jpg,False
GP_Is_8.8mm_closed_R5_single_refY_004-raw01-18,GP_Is_8.8mm_closed_R5_single_refY,GP_Is_8.8mm_closed_R5_single_refY_004,1,-1,180,raw/GP_Is_8.8mm_closed_R5_single_refY_004.mp4,GP_Is_8.8mm_closed_R5_single_refY_004-raw01-18-nbr-1,dg3_neighbors/images/GP_Is_8.8mm_closed_R5_single_refY_004-raw01-18-nbr-1.jpg,False
GP_Is_8.8mm_closed_R5_single_refY_004-raw01-18,GP_Is_8.8mm_closed_R5_single_refY,GP_Is_8.8mm_closed_R5_single_refY_004,1,0,181,raw/GP_Is_8.8mm_closed_R5_single_refY_004.mp4,GP_Is_8.8mm_closed_R5_single_refY_004-raw01-18-nbr+0,dg3_neighbors/images/GP_Is_8.8mm_closed_R5_single_refY_004-raw01-18-nbr+0.jpg,True
GP_Is_8.8mm_closed_R5_single_refY_004-raw01-18,GP_Is_8.8mm_closed_R5_single_refY,GP_Is_8.8mm_closed_R5_single_refY_004,1,1,182,raw/GP_Is_8.8mm_closed_R5_single_refY_004.mp4,GP_Is_8.8mm_closed_R5_single_refY_004-raw01-18-nbr+1,dg3_neighbors/images/GP_Is_8.8mm_closed_R5_single_refY_004-raw01-18-nbr+1.jpg,False
GP_Is_8.8mm_closed_R5_single_refY_004-raw01-18,GP_Is_8.8mm_closed_R5_single_refY,GP_Is_8.8mm_closed_R5_single_refY_004,1,2,183,raw/GP_Is_8.8mm_closed_R5_single_refY_004.mp4,GP_Is_8.8mm_closed_R5_single_refY_004-raw01-18-nbr+2,dg3_neighbors/images/GP_Is_8.8mm_closed_R5_single_refY_004-raw01-18-nbr+2.jpg,False
GP_Is_8.8mm_closed_R5_single_refY_004-raw01-18,GP_Is_8.8mm_closed_R5_single_refY,GP_Is_8.8mm_closed_R5_single_refY_004,1,3,184,raw/GP_Is_8.8mm_closed_R5_single_refY_004.mp4,GP_Is_8.8mm_closed_R5_single_refY_004-raw01-18-nbr+3,dg3_neighbors/images/GP_Is_8.8mm_closed_R5_single_refY_004-raw01-18-nbr+3.jpg,False
GP_Is_8.8mm_closed_R5_single_refY_004-raw02-02,GP_Is_8.8mm_closed_R5_single_refY,GP_Is_8.8mm_closed_R5_single_refY_004,2,-3,240,raw/GP_Is_8.8mm_closed_R5_single_refY_004.mp4,GP_Is_8.8mm_closed_R5_single_refY_004-raw02-02-nbr-3,dg3_neighbors/images/GP_Is_8.8mm_closed_R5_single_refY_004-raw02-02-nbr-3.jpg,False
GP_Is_8.8mm_closed_R5_single_refY_004-raw02-02,GP_Is_8.8mm_closed_R5_single_refY,GP_Is_8.8mm_closed_R5_single_refY_004,2,-2,241,raw/GP_Is_8.8mm_closed_R5_single_refY_004.mp4,GP_Is_8.8mm_closed_R5_single_refY_004-raw02-02-nbr-2,dg3_neighbors/images/GP_Is_8.8mm_closed_R5_single_refY_004-raw02-02-nbr-2.jpg,False
GP_Is_8.8mm_closed_R5_single_refY_004-raw02-02,GP_Is_8.8mm_closed_R5_single_refY,GP_Is_8.8mm_closed_R5_single_refY_004,2,-1,242,raw/GP_Is_8.8mm_closed_R5_single_refY_004.mp4,GP_Is_8.8mm_closed_R5_single_refY_004-raw02-02-nbr-1,dg3_neighbors/images/GP_Is_8.8mm_closed_R5_single_refY_004-raw02-02-nbr-1.jpg,False
GP_Is_8.8mm_closed_R5_single_refY_004-raw02-02,GP_Is_8.8mm_closed_R5_single_refY,GP_Is_8.8mm_closed_R5_single_refY_004,2,0,243,raw/GP_Is_8.8mm_closed_R5_single_refY_004.mp4,GP_Is_8.8mm_closed_R5_single_refY_004-raw02-02-nbr+0,dg3_neighbors/images/GP_Is_8.8mm_closed_R5_single_refY_004-raw02-02-nbr+0.jpg,True
GP_Is_8.8mm_closed_R5_single_refY_004-raw02-02,GP_Is_8.8mm_closed_R5_single_refY,GP_Is_8.8mm_closed_R5_single_refY_004,2,1,244,raw/GP_Is_8.8mm_closed_R5_single_refY_004.mp4,GP_Is_8.8mm_closed_R5_single_refY_004-raw02-02-nbr+1,dg3_neighbors/images/GP_Is_8.8mm_closed_R5_single_refY_004-raw02-02-nbr+1.jpg,False
GP_Is_8.8mm_closed_R5_single_refY_004-raw02-02,GP_Is_8.8mm_closed_R5_single_refY,GP_Is_8.8mm_closed_R5_single_refY_004,2,2,245,raw/GP_Is_8.8mm_closed_R5_single_refY_004.mp4,GP_Is_8.8mm_closed_R5_single_refY_004-raw02-02-nbr+2,dg3_neighbors/images/GP_Is_8.8mm_closed_R5_single_refY_004-raw02-02-nbr+2.jpg,False
GP_Is_8.8mm_closed_R5_single_refY_004-raw02-02,GP_Is_8.8mm_closed_R5_single_refY,GP_Is_8.8mm_closed_R5_single_refY_004,2,3,246,raw/GP_Is_8.8mm_closed_R5_single_refY_004.mp4,GP_Is_8.8mm_closed_R5_single_refY_004-raw02-02-nbr+3,dg3_neighbors/images/GP_Is_8.8mm_closed_R5_single_refY_004-raw02-02-nbr+3.jpg,False
GP_Is_8.8mm_closed_R5_single_refY_004-raw03-02,GP_Is_8.8mm_closed_R5_single_refY,GP_Is_8.8mm_closed_R5_single_refY_004,3,-3,424,raw/GP_Is_8.8mm_closed_R5_single_refY_004.mp4,GP_Is_8.8mm_closed_R5_single_refY_004-raw03-02-nbr-3,dg3_neighbors/images/GP_Is_8.8mm_closed_R5_single_refY_004-raw03-02-nbr-3.jpg,False
GP_Is_8.8mm_closed_R5_single_refY_004-raw03-02,GP_Is_8.8mm_closed_R5_single_refY,GP_Is_8.8mm_closed_R5_single_refY_004,3,-2,425,raw/GP_Is_8.8mm_closed_R5_single_refY_004.mp4,GP_Is_8.8mm_closed_R5_single_refY_004-raw03-02-nbr-2,dg3_neighbors/images/GP_Is_8.8mm_closed_R5_single_refY_004-raw03-02-nbr-2.jpg,False
GP_Is_8.8mm_closed_R5_single_refY_004-raw03-02,GP_Is_8.8mm_closed_R5_single_refY,GP_Is_8.8mm_closed_R5_single_refY_004,3,-1,426,raw/GP_Is_8.8mm_closed_R5_single_refY_004.mp4,GP_Is_8.8mm_closed_R5_single_refY_004-raw03-02-nbr-1,dg3_neighbors/images/GP_Is_8.8mm_closed_R5_single_refY_004-raw03-02-nbr-1.jpg,False
GP_Is_8.8mm_closed_R5_single_refY_004-raw03-02,GP_Is_8.8mm_closed_R5_single_refY,GP_Is_8.8mm_closed_R5_single_refY_004,3,0,427,raw/GP_Is_8.8mm_closed_R5_single_refY_004.mp4,GP_Is_8.8mm_closed_R5_single_refY_004-raw03-02-nbr+0,dg3_neighbors/images/GP_Is_8.8mm_closed_R5_single_refY_004-raw03-02-nbr+0.jpg,True
GP_Is_8.8mm_closed_R5_single_refY_004-raw03-02,GP_Is_8.8mm_closed_R5_single_refY,GP_Is_8.8mm_closed_R5_single_refY_004,3,1,428,raw/GP_Is_8.8mm_closed_R5_single_refY_004.mp4,GP_Is_8.8mm_closed_R5_single_refY_004-raw03-02-nbr+1,dg3_neighbors/images/GP_Is_8.8mm_closed_R5_single_refY_004-raw03-02-nbr+1.jpg,False
GP_Is_8.8mm_closed_R5_single_refY_004-raw03-02,GP_Is_8.8mm_closed_R5_single_refY,GP_Is_8.8mm_closed_R5_single_refY_004,3,2,429,raw/GP_Is_8.8mm_closed_R5_single_refY_004.mp4,GP_Is_8.8mm_closed_R5_single_refY_004-raw03-02-nbr+2,dg3_neighbors/images/GP_Is_8.8mm_closed_R5_single_refY_004-raw03-02-nbr+2.jpg,False
GP_Is_8.8mm_closed_R5_single_refY_004-raw03-02,GP_Is_8.8mm_closed_R5_single_refY,GP_Is_8.8mm_closed_R5_single_refY_004,3,3,430,raw/GP_Is_8.8mm_closed_R5_single_refY_004.mp4,GP_Is_8.8mm_closed_R5_single_refY_004-raw03-02-nbr+3,dg3_neighbors/images/GP_Is_8.8mm_closed_R5_single_refY_004-raw03-02-nbr+3.jpg,False
GP_Is_8.8mm_closed_R5_single_refY_004-raw04-24,GP_Is_8.8mm_closed_R5_single_refY,GP_Is_8.8mm_closed_R5_single_refY_004,4,-3,776,raw/GP_Is_8.8mm_closed_R5_single_refY_004.mp4,GP_Is_8.8mm_closed_R5_single_refY_004-raw04-24-nbr-3,dg3_neighbors/images/GP_Is_8.8mm_closed_R5_single_refY_004-raw04-24-nbr-3.jpg,False
GP_Is_8.8mm_closed_R5_single_refY_004-raw04-24,GP_Is_8.8mm_closed_R5_single_refY,GP_Is_8.8mm_closed_R5_single_refY_004,4,-2,777,raw/GP_Is_8.8mm_closed_R5_single_refY_004.mp4,GP_Is_8.8mm_closed_R5_single_refY_004-raw04-24-nbr-2,dg3_neighbors/images/GP_Is_8.8mm_closed_R5_single_refY_004-raw04-24-nbr-2.jpg,False
GP_Is_8.8mm_closed_R5_single_refY_004-raw04-24,GP_Is_8.8mm_closed_R5_single_refY,GP_Is_8.8mm_closed_R5_single_refY_004,4,-1,778,raw/GP_Is_8.8mm_closed_R5_single_refY_004.mp4,GP_Is_8.8mm_closed_R5_single_refY_004-raw04-24-nbr-1,dg3_neighbors/images/GP_Is_8.8mm_closed_R5_single_refY_004-raw04-24-nbr-1.jpg,False
GP_Is_8.8mm_closed_R5_single_refY_004-raw04-24,GP_Is_8.8mm_closed_R5_single_refY,GP_Is_8.8mm_closed_R5_single_refY_004,4,0,779,raw/GP_Is_8.8mm_closed_R5_single_refY_004.mp4,GP_Is_8.8mm_closed_R5_single_refY_004-raw04-24-nbr+0,dg3_neighbors/images/GP_Is_8.8mm_closed_R5_single_refY_004-raw04-24-nbr+0.jpg,True
GP_Is_8.8mm_closed_R5_single_refY_004-raw04-24,GP_Is_8.8mm_closed_R5_single_refY,GP_Is_8.8mm_closed_R5_single_refY_004,4,1,780,raw/GP_Is_8.8mm_closed_R5_single_refY_004.mp4,GP_Is_8.8mm_closed_R5_single_refY_004-raw04-24-nbr+1,dg3_neighbors/images/GP_Is_8.8mm_closed_R5_single_refY_004-raw04-24-nbr+1.jpg,False
GP_Is_8.8mm_closed_R5_single_refY_004-raw04-24,GP_Is_8.8mm_closed_R5_single_refY,GP_Is_8.8mm_closed_R5_single_refY_004,4,2,781,raw/GP_Is_8.8mm_closed_R5_single_refY_004.mp4,GP_Is_8.8mm_closed_R5_single_refY_004-raw04-24-nbr+2,dg3_neighbors/images/GP_Is_8.8mm_closed_R5_single_refY_004-raw04-24-nbr+2.jpg,False
GP_Is_8.8mm_closed_R5_single_refY_004-raw04-24,GP_Is_8.8mm_closed_R5_single_refY,GP_Is_8.8mm_closed_R5_single_refY_004,4,3,782,raw/GP_Is_8.8mm_closed_R5_single_refY_004.mp4,GP_Is_8.8mm_closed_R5_single_refY_004-raw04-24-nbr+3,dg3_neighbors/images/GP_Is_8.8mm_closed_R5_single_refY_004-raw04-24-nbr+3.jpg,False
GP_Is_8.8mm_closed_R5_single_refY_004-raw05-04,GP_Is_8.8mm_closed_R5_single_refY,GP_Is_8.8mm_closed_R5_single_refY_004,5,-3,807,raw/GP_Is_8.8mm_closed_R5_single_refY_004.mp4,GP_Is_8.8mm_closed_R5_single_refY_004-raw05-04-nbr-3,dg3_neighbors/images/GP_Is_8.8mm_closed_R5_single_refY_004-raw05-04-nbr-3.jpg,False
GP_Is_8.8mm_closed_R5_single_refY_004-raw05-04,GP_Is_8.8mm_closed_R5_single_refY,GP_Is_8.8mm_closed_R5_single_refY_004,5,-2,808,raw/GP_Is_8.8mm_closed_R5_single_refY_004.mp4,GP_Is_8.8mm_closed_R5_single_refY_004-raw05-04-nbr-2,dg3_neighbors/images/GP_Is_8.8mm_closed_R5_single_refY_004-raw05-04-nbr-2.jpg,False
GP_Is_8.8mm_closed_R5_single_refY_004-raw05-04,GP_Is_8.8mm_closed_R5_single_refY,GP_Is_8.8mm_closed_R5_single_refY_004,5,-1,809,raw/GP_Is_8.8mm_closed_R5_single_refY_004.mp4,GP_Is_8.8mm_closed_R5_single_refY_004-raw05-04-nbr-1,dg3_neighbors/images/GP_Is_8.8mm_closed_R5_single_refY_004-raw05-04-nbr-1.jpg,False
GP_Is_8.8mm_closed_R5_single_refY_004-raw05-04,GP_Is_8.8mm_closed_R5_single_refY,GP_Is_8.8mm_closed_R5_single_refY_004,5,0,810,raw/GP_Is_8.8mm_closed_R5_single_refY_004.mp4,GP_Is_8.8mm_closed_R5_single_refY_004-raw05-04-nbr+0,dg3_neighbors/images/GP_Is_8.8mm_closed_R5_single_refY_004-raw05-04-nbr+0.jpg,True
GP_Is_8.8mm_closed_R5_single_refY_004-raw05-04,GP_Is_8.8mm_closed_R5_single_refY,GP_Is_8.8mm_closed_R5_single_refY_004,5,1,811,raw/GP_Is_8.8mm_closed_R5_single_refY_004.mp4,GP_Is_8.8mm_closed_R5_single_refY_004-raw05-04-nbr+1,dg3_neighbors/images/GP_Is_8.8mm_closed_R5_single_refY_004-raw05-04-nbr+1.jpg,False
GP_Is_8.8mm_closed_R5_single_refY_004-raw05-04,GP_Is_8.8mm_closed_R5_single_refY,GP_Is_8.8mm_closed_R5_single_refY_004,5,2,812,raw/GP_Is_8.8mm_closed_R5_single_refY_004.mp4,GP_Is_8.8mm_closed_R5_single_refY_004-raw05-04-nbr+2,dg3_neighbors/images/GP_Is_8.8mm_closed_R5_single_refY_004-raw05-04-nbr+2.jpg,False
GP_Is_8.8mm_closed_R5_single_refY_004-raw05-04,GP_Is_8.8mm_closed_R5_single_refY,GP_Is_8.8mm_closed_R5_single_refY_004,5,3,813,raw/GP_Is_8.8mm_closed_R5_single_refY_004.mp4,GP_Is_8.8mm_closed_R5_single_refY_004-raw05-04-nbr+3,dg3_neighbors/images/GP_Is_8.8mm_closed_R5_single_refY_004-raw05-04-nbr+3.jpg,False
GP_Is_8.8mm_closed_R5_single_refY_005-raw01-19,GP_Is_8.8mm_closed_R5_single_refY,GP_Is_8.8mm_closed_R5_single_refY_005,1,-3,154,raw/GP_Is_8.8mm_closed_R5_single_refY_005.mp4,GP_Is_8.8mm_closed_R5_single_refY_005-raw01-19-nbr-3,dg3_neighbors/images/GP_Is_8.8mm_closed_R5_single_refY_005-raw01-19-nbr-3.jpg,False
GP_Is_8.8mm_closed_R5_single_refY_005-raw01-19,GP_Is_8.8mm_closed_R5_single_refY,GP_Is_8.8mm_closed_R5_single_refY_005,1,-2,155,raw/GP_Is_8.8mm_closed_R5_single_refY_005.mp4,GP_Is_8.8mm_closed_R5_single_refY_005-raw01-19-nbr-2,dg3_neighbors/images/GP_Is_8.8mm_closed_R5_single_refY_005-raw01-19-nbr-2.jpg,False
GP_Is_8.8mm_closed_R5_single_refY_005-raw01-19,GP_Is_8.8mm_closed_R5_single_refY,GP_Is_8.8mm_closed_R5_single_refY_005,1,-1,156,raw/GP_Is_8.8mm_closed_R5_single_refY_005.mp4,GP_Is_8.8mm_closed_R5_single_refY_005-raw01-19-nbr-1,dg3_neighbors/images/GP_Is_8.8mm_closed_R5_single_refY_005-raw01-19-nbr-1.jpg,False
GP_Is_8.8mm_closed_R5_single_refY_005-raw01-19,GP_Is_8.8mm_closed_R5_single_refY,GP_Is_8.8mm_closed_R5_single_refY_005,1,0,157,raw/GP_Is_8.8mm_closed_R5_single_refY_005.mp4,GP_Is_8.8mm_closed_R5_single_refY_005-raw01-19-nbr+0,dg3_neighbors/images/GP_Is_8.8mm_closed_R5_single_refY_005-raw01-19-nbr+0.jpg,True
GP_Is_8.8mm_closed_R5_single_refY_005-raw01-19,GP_Is_8.8mm_closed_R5_single_refY,GP_Is_8.8mm_closed_R5_single_refY_005,1,1,158,raw/GP_Is_8.8mm_closed_R5_single_refY_005.mp4,GP_Is_8.8mm_closed_R5_single_refY_005-raw01-19-nbr+1,dg3_neighbors/images/GP_Is_8.8mm_closed_R5_single_refY_005-raw01-19-nbr+1.jpg,False
GP_Is_8.8mm_closed_R5_single_refY_005-raw01-19,GP_Is_8.8mm_closed_R5_single_refY,GP_Is_8.8mm_closed_R5_single_refY_005,1,2,159,raw/GP_Is_8.8mm_closed_R5_single_refY_005.mp4,GP_Is_8.8mm_closed_R5_single_refY_005-raw01-19-nbr+2,dg3_neighbors/images/GP_Is_8.8mm_closed_R5_single_refY_005-raw01-19-nbr+2.jpg,False
GP_Is_8.8mm_closed_R5_single_refY_005-raw01-19,GP_Is_8.8mm_closed_R5_single_refY,GP_Is_8.8mm_closed_R5_single_refY_005,1,3,160,raw/GP_Is_8.8mm_closed_R5_single_refY_005.mp4,GP_Is_8.8mm_closed_R5_single_refY_005-raw01-19-nbr+3,dg3_neighbors/images/GP_Is_8.8mm_closed_R5_single_refY_005-raw01-19-nbr+3.jpg,False
GP_Is_8.8mm_closed_R5_single_refY_005-raw02-06,GP_Is_8.8mm_closed_R5_single_refY,GP_Is_8.8mm_closed_R5_single_refY_005,2,-3,224,raw/GP_Is_8.8mm_closed_R5_single_refY_005.mp4,GP_Is_8.8mm_closed_R5_single_refY_005-raw02-06-nbr-3,dg3_neighbors/images/GP_Is_8.8mm_closed_R5_single_refY_005-raw02-06-nbr-3.jpg,False
GP_Is_8.8mm_closed_R5_single_refY_005-raw02-06,GP_Is_8.8mm_closed_R5_single_refY,GP_Is_8.8mm_closed_R5_single_refY_005,2,-2,225,raw/GP_Is_8.8mm_closed_R5_single_refY_005.mp4,GP_Is_8.8mm_closed_R5_single_refY_005-raw02-06-nbr-2,dg3_neighbors/images/GP_Is_8.8mm_closed_R5_single_refY_005-raw02-06-nbr-2.jpg,False
GP_Is_8.8mm_closed_R5_single_refY_005-raw02-06,GP_Is_8.8mm_closed_R5_single_refY,GP_Is_8.8mm_closed_R5_single_refY_005,2,-1,226,raw/GP_Is_8.8mm_closed_R5_single_refY_005.mp4,GP_Is_8.8mm_closed_R5_single_refY_005-raw02-06-nbr-1,dg3_neighbors/images/GP_Is_8.8mm_closed_R5_single_refY_005-raw02-06-nbr-1.jpg,False
GP_Is_8.8mm_closed_R5_single_refY_005-raw02-06,GP_Is_8.8mm_closed_R5_single_refY,GP_Is_8.8mm_closed_R5_single_refY_005,2,0,227,raw/GP_Is_8.8mm_closed_R5_single_refY_005.mp4,GP_Is_8.8mm_closed_R5_single_refY_005-raw02-06-nbr+0,dg3_neighbors/images/GP_Is_8.8mm_closed_R5_single_refY_005-raw02-06-nbr+0.jpg,True
GP_Is_8.8mm_closed_R5_single_refY_005-raw02-06,GP_Is_8.8mm_closed_R5_single_refY,GP_Is_8.8mm_closed_R5_single_refY_005,2,1,228,raw/GP_Is_8.8mm_closed_R5_single_refY_005.mp4,GP_Is_8.8mm_closed_R5_single_refY_005-raw02-06-nbr+1,dg3_neighbors/images/GP_Is_8.8mm_closed_R5_single_refY_005-raw02-06-nbr+1.jpg,False
GP_Is_8.8mm_closed_R5_single_refY_005-raw02-06,GP_Is_8.8mm_closed_R5_single_refY,GP_Is_8.8mm_closed_R5_single_refY_005,2,2,229,raw/GP_Is_8.8mm_closed_R5_single_refY_005.mp4,GP_Is_8.8mm_closed_R5_single_refY_005-raw02-06-nbr+2,dg3_neighbors/images/GP_Is_8.8mm_closed_R5_single_refY_005-raw02-06-nbr+2.jpg,False
GP_Is_8.8mm_closed_R5_single_refY_005-raw02-06,GP_Is_8.8mm_closed_R5_single_refY,GP_Is_8.8mm_closed_R5_single_refY_005,2,3,230,raw/GP_Is_8.8mm_closed_R5_single_refY_005.mp4,GP_Is_8.8mm_closed_R5_single_refY_005-raw02-06-nbr+3,dg3_neighbors/images/GP_Is_8.8mm_closed_R5_single_refY_005-raw02-06-nbr+3.jpg,False
GP_Is_8.8mm_closed_R5_single_refY_005-raw03-12,GP_Is_8.8mm_closed_R5_single_refY,GP_Is_8.8mm_closed_R5_single_refY_005,3,-3,415,raw/GP_Is_8.8mm_closed_R5_single_refY_005.mp4,GP_Is_8.8mm_closed_R5_single_refY_005-raw03-12-nbr-3,dg3_neighbors/images/GP_Is_8.8mm_closed_R5_single_refY_005-raw03-12-nbr-3.jpg,False
GP_Is_8.8mm_closed_R5_single_refY_005-raw03-12,GP_Is_8.8mm_closed_R5_single_refY,GP_Is_8.8mm_closed_R5_single_refY_005,3,-2,416,raw/GP_Is_8.8mm_closed_R5_single_refY_005.mp4,GP_Is_8.8mm_closed_R5_single_refY_005-raw03-12-nbr-2,dg3_neighbors/images/GP_Is_8.8mm_closed_R5_single_refY_005-raw03-12-nbr-2.jpg,False
GP_Is_8.8mm_closed_R5_single_refY_005-raw03-12,GP_Is_8.8mm_closed_R5_single_refY,GP_Is_8.8mm_closed_R5_single_refY_005,3,-1,417,raw/GP_Is_8.8mm_closed_R5_single_refY_005.mp4,GP_Is_8.8mm_closed_R5_single_refY_005-raw03-12-nbr-1,dg3_neighbors/images/GP_Is_8.8mm_closed_R5_single_refY_005-raw03-12-nbr-1.jpg,False
GP_Is_8.8mm_closed_R5_single_refY_005-raw03-12,GP_Is_8.8mm_closed_R5_single_refY,GP_Is_8.8mm_closed_R5_single_refY_005,3,0,418,raw/GP_Is_8.8mm_closed_R5_single_refY_005.mp4,GP_Is_8.8mm_closed_R5_single_refY_005-raw03-12-nbr+0,dg3_neighbors/images/GP_Is_8.8mm_closed_R5_single_refY_005-raw03-12-nbr+0.jpg,True
GP_Is_8.8mm_closed_R5_single_refY_005-raw03-12,GP_Is_8.8mm_closed_R5_single_refY,GP_Is_8.8mm_closed_R5_single_refY_005,3,1,419,raw/GP_Is_8.8mm_closed_R5_single_refY_005.mp4,GP_Is_8.8mm_closed_R5_single_refY_005-raw03-12-nbr+1,dg3_neighbors/images/GP_Is_8.8mm_closed_R5_single_refY_005-raw03-12-nbr+1.jpg,False
GP_Is_8.8mm_closed_R5_single_refY_005-raw03-12,GP_Is_8.8mm_closed_R5_single_refY,GP_Is_8.8mm_closed_R5_single_refY_005,3,2,420,raw/GP_Is_8.8mm_closed_R5_single_refY_005.mp4,GP_Is_8.8mm_closed_R5_single_refY_005-raw03-12-nbr+2,dg3_neighbors/images/GP_Is_8.8mm_closed_R5_single_refY_005-raw03-12-nbr+2.jpg,False
GP_Is_8.8mm_closed_R5_single_refY_005-raw03-12,GP_Is_8.8mm_closed_R5_single_refY,GP_Is_8.8mm_closed_R5_single_refY_005,3,3,421,raw/GP_Is_8.8mm_closed_R5_single_refY_005.mp4,GP_Is_8.8mm_closed_R5_single_refY_005-raw03-12-nbr+3,dg3_neighbors/images/GP_Is_8.8mm_closed_R5_single_refY_005-raw03-12-nbr+3.jpg,False
GP_Is_8.8mm_closed_R5_single_refY_005-raw04-24,GP_Is_8.8mm_closed_R5_single_refY,GP_Is_8.8mm_closed_R5_single_refY_005,4,-3,645,raw/GP_Is_8.8mm_closed_R5_single_refY_005.mp4,GP_Is_8.8mm_closed_R5_single_refY_005-raw04-24-nbr-3,dg3_neighbors/images/GP_Is_8.8mm_closed_R5_single_refY_005-raw04-24-nbr-3.jpg,False
GP_Is_8.8mm_closed_R5_single_refY_005-raw04-24,GP_Is_8.8mm_closed_R5_single_refY,GP_Is_8.8mm_closed_R5_single_refY_005,4,-2,646,raw/GP_Is_8.8mm_closed_R5_single_refY_005.mp4,GP_Is_8.8mm_closed_R5_single_refY_005-raw04-24-nbr-2,dg3_neighbors/images/GP_Is_8.8mm_closed_R5_single_refY_005-raw04-24-nbr-2.jpg,False
GP_Is_8.8mm_closed_R5_single_refY_005-raw04-24,GP_Is_8.8mm_closed_R5_single_refY,GP_Is_8.8mm_closed_R5_single_refY_005,4,-1,647,raw/GP_Is_8.8mm_closed_R5_single_refY_005.mp4,GP_Is_8.8mm_closed_R5_single_refY_005-raw04-24-nbr-1,dg3_neighbors/images/GP_Is_8.8mm_closed_R5_single_refY_005-raw04-24-nbr-1.jpg,False
GP_Is_8.8mm_closed_R5_single_refY_005-raw04-24,GP_Is_8.8mm_closed_R5_single_refY,GP_Is_8.8mm_closed_R5_single_refY_005,4,0,648,raw/GP_Is_8.8mm_closed_R5_single_refY_005.mp4,GP_Is_8.8mm_closed_R5_single_refY_005-raw04-24-nbr+0,dg3_neighbors/images/GP_Is_8.8mm_closed_R5_single_refY_005-raw04-24-nbr+0.jpg,True
GP_Is_8.8mm_closed_R5_single_refY_005-raw04-24,GP_Is_8.8mm_closed_R5_single_refY,GP_Is_8.8mm_closed_R5_single_refY_005,4,1,649,raw/GP_Is_8.8mm_closed_R5_single_refY_005.mp4,GP_Is_8.8mm_closed_R5_single_refY_005-raw04-24-nbr+1,dg3_neighbors/images/GP_Is_8.8mm_closed_R5_single_refY_005-raw04-24-nbr+1.jpg,False
GP_Is_8.8mm_closed_R5_single_refY_005-raw04-24,GP_Is_8.8mm_closed_R5_single_refY,GP_Is_8.8mm_closed_R5_single_refY_005,4,2,650,raw/GP_Is_8.8mm_closed_R5_single_refY_005.mp4,GP_Is_8.8mm_closed_R5_single_refY_005-raw04-24-nbr+2,dg3_neighbors/images/GP_Is_8.8mm_closed_R5_single_refY_005-raw04-24-nbr+2.jpg,False
GP_Is_8.8mm_closed_R5_single_refY_005-raw04-24,GP_Is_8.8mm_closed_R5_single_refY,GP_Is_8.8mm_closed_R5_single_refY_005,4,3,651,raw/GP_Is_8.8mm_closed_R5_single_refY_005.mp4,GP_Is_8.8mm_closed_R5_single_refY_005-raw04-24-nbr+3,dg3_neighbors/images/GP_Is_8.8mm_closed_R5_single_refY_005-raw04-24-nbr+3.jpg,False
GP_Is_8.8mm_closed_R5_single_refY_005-raw05-16,GP_Is_8.8mm_closed_R5_single_refY,GP_Is_8.8mm_closed_R5_single_refY_005,5,-3,749,raw/GP_Is_8.8mm_closed_R5_single_refY_005.mp4,GP_Is_8.8mm_closed_R5_single_refY_005-raw05-16-nbr-3,dg3_neighbors/images/GP_Is_8.8mm_closed_R5_single_refY_005-raw05-16-nbr-3.jpg,False
GP_Is_8.8mm_closed_R5_single_refY_005-raw05-16,GP_Is_8.8mm_closed_R5_single_refY,GP_Is_8.8mm_closed_R5_single_refY_005,5,-2,750,raw/GP_Is_8.8mm_closed_R5_single_refY_005.mp4,GP_Is_8.8mm_closed_R5_single_refY_005-raw05-16-nbr-2,dg3_neighbors/images/GP_Is_8.8mm_closed_R5_single_refY_005-raw05-16-nbr-2.jpg,False
GP_Is_8.8mm_closed_R5_single_refY_005-raw05-16,GP_Is_8.8mm_closed_R5_single_refY,GP_Is_8.8mm_closed_R5_single_refY_005,5,-1,751,raw/GP_Is_8.8mm_closed_R5_single_refY_005.mp4,GP_Is_8.8mm_closed_R5_single_refY_005-raw05-16-nbr-1,dg3_neighbors/images/GP_Is_8.8mm_closed_R5_single_refY_005-raw05-16-nbr-1.jpg,False
GP_Is_8.8mm_closed_R5_single_refY_005-raw05-16,GP_Is_8.8mm_closed_R5_single_refY,GP_Is_8.8mm_closed_R5_single_refY_005,5,0,752,raw/GP_Is_8.8mm_closed_R5_single_refY_005.mp4,GP_Is_8.8mm_closed_R5_single_refY_005-raw05-16-nbr+0,dg3_neighbors/images/GP_Is_8.8mm_closed_R5_single_refY_005-raw05-16-nbr+0.jpg,True
GP_Is_8.8mm_closed_R5_single_refY_005-raw05-16,GP_Is_8.8mm_closed_R5_single_refY,GP_Is_8.8mm_closed_R5_single_refY_005,5,1,753,raw/GP_Is_8.8mm_closed_R5_single_refY_005.mp4,GP_Is_8.8mm_closed_R5_single_refY_005-raw05-16-nbr+1,dg3_neighbors/images/GP_Is_8.8mm_closed_R5_single_refY_005-raw05-16-nbr+1.jpg,False
GP_Is_8.8mm_closed_R5_single_refY_005-raw05-16,GP_Is_8.8mm_closed_R5_single_refY,GP_Is_8.8mm_closed_R5_single_refY_005,5,2,754,raw/GP_Is_8.8mm_closed_R5_single_refY_005.mp4,GP_Is_8.8mm_closed_R5_single_refY_005-raw05-16-nbr+2,dg3_neighbors/images/GP_Is_8.8mm_closed_R5_single_refY_005-raw05-16-nbr+2.jpg,False
GP_Is_8.8mm_closed_R5_single_refY_005-raw05-16,GP_Is_8.8mm_closed_R5_single_refY,GP_Is_8.8mm_closed_R5_single_refY_005,5,3,755,raw/GP_Is_8.8mm_closed_R5_single_refY_005.mp4,GP_Is_8.8mm_closed_R5_single_refY_005-raw05-16-nbr+3,dg3_neighbors/images/GP_Is_8.8mm_closed_R5_single_refY_005-raw05-16-nbr+3.jpg,False
