method,group,capture,bin,center_stem,bin_Dxy_mm,n_valid_neighbors,log_ratio_MAD
B0,GP_IIa_14.0mm_closed_R10_single_refY,GP_IIa_14.0mm_closed_R10_single_refY_004,1,GP_IIa_14.0mm_closed_R10_single_refY_004-raw01-01,13.974016233132222,7,0.02
B1,GP_IIa_14.0mm_closed_R10_single_refY,GP_IIa_14.0mm_closed_R10_single_refY_004,1,GP_IIa_14.0mm_closed_R10_single_refY_004-raw01-01,13.700317079602693,7,0.02
B2,GP_IIa_14.0mm_closed_R10_single_refY,GP_IIa_14.0mm_closed_R10_single_refY_004,1,GP_IIa_14.0mm_closed_R10_single_refY_004-raw01-01,13.812549375644327,7,0.02
B3,GP_IIa_14.0mm_closed_R10_single_refY,GP_IIa_14.0mm_closed_R10_single_refY_004,1,GP_IIa_14.0mm_closed_R10_single_refY_004-raw01-01,13.812549375644327,7,0.02
B0,GP_IIa_14.0mm_closed_R10_single_refY,GP_IIa_14.0mm_closed_R10_single_refY_004,2,GP_IIa_14.0mm_closed_R10_single_refY_004-raw02-17,13.514197490942244,7,0.02
B1,GP_IIa_14.0mm_closed_R10_single_refY,GP_IIa_14.0mm_closed_R10_single_refY_004,2,GP_IIa_14.0mm_closed_R10_single_refY_004-raw02-17,13.419323080652406,7,0.02
B2,GP_IIa_14.0mm_closed_R10_single_refY,GP_IIa_14.0mm_closed_R10_single_refY_004,2,GP_IIa_14.0mm_closed_R10_single_refY_004-raw02-17,13.390034812974053,7,0.02
B3,GP_IIa_14.0mm_closed_R10_single_refY,GP_IIa_14.0mm_closed_R10_single_refY_004,2,GP_IIa_14.0mm_closed_R10_single_refY_004-raw02-17,13.390034812974053,7,0.02
B0,GP_IIa_14.0mm_closed_R10_single_refY,GP_IIa_14.0mm_closed_R10_single_refY_004,3,GP_IIa_14.0mm_closed_R10_single_refY_004-raw03-02,13.031505124319464,7,0.02
B1,GP_IIa_14.0mm_closed_R10_single_refY,GP_IIa_14.0mm_closed_R10_single_refY_004,3,GP_IIa_14.0mm_closed_R10_single_refY_004-raw03-02,13.078551141093982,7,0.02
B2,GP_IIa_14.0mm_closed_R10_single_refY,GP_IIa_14.0mm_closed_R10_single_refY_004,3,GP_IIa_14.0mm_closed_R10_single_refY_004-raw03-02,13.180296250586789,7,0.02
B3,GP_IIa_14.0mm_closed_R10_single_refY,GP_IIa_14.0mm_closed_R10_single_refY_004,3,GP_IIa_14.0mm_closed_R10_single_refY_004-raw03-02,13.180296250586789,7,0.02
B0,GP_IIa_14.0mm_closed_R10_single_refY,GP_IIa_14.0mm_closed_R10_single_refY_004,4,GP_IIa_14.0mm_closed_R10_single_refY_004-raw04-11,12.662296085684767,7,0.02
B1,GP_IIa_14.0mm_closed_R10_single_refY,GP_IIa_14.0mm_closed_R10_single_refY_004,4,GP_IIa_14.0mm_closed_R10_single_refY_004-raw04-11,12.670234081011351,7,0.02
B2,GP_IIa_14.0mm_closed_R10_single_refY,GP_IIa_14.0mm_closed_R10_single_refY_004,4,GP_IIa_14.0mm_closed_R10_single_refY_004-raw04-11,12.643405149192441,7,0.02
B3,GP_IIa_14.0mm_closed_R10_single_refY,GP_IIa_14.0mm_closed_R10_single_refY_004,4,GP_IIa_14.0mm_closed_R10_single_refY_004-raw04-11,12.643405149192441,7,0.02
B0,GP_IIa_14.0mm_closed_R10_single_refY,GP_IIa_14.0mm_closed_R10_single_refY_004,5,GP_IIa_14.0mm_closed_R10_single_refY_004-raw05-14,11.860621652570822,7,0.02
B1,GP_IIa_14.0mm_closed_R10_single_refY,GP_IIa_14.0mm_closed_R10_single_refY_004,5,GP_IIa_14.0mm_closed_R10_single_refY_004-raw05-14,11.8083564068963,7,0.02
B2,GP_IIa_14.0mm_closed_R10_single_refY,GP_IIa_14.0mm_closed_R10_single_refY_004,5,GP_IIa_14.0mm_closed_R10_single_refY_004-raw05-14,11.814162233372443,7,0.02
B3,GP_IIa_14.0mm_closed_R10_single_refY,GP_IIa_14.0mm_closed_R10_single_refY_004,5,GP_IIa_14.0mm_closed_R10_single_refY_004-raw05-14,11.814162233372443,7,0.02
B0,GP_IIa_14.0mm_closed_R10_single_refY,GP_IIa_14.0mm_closed_R10_single_refY_005,1,GP_IIa_14.0mm_closed_R10_single_refY_005-raw01-16,12.774110761121122,7,0.02
B1,GP_IIa_14.0mm_closed_R10_single_refY,GP_IIa_14.0mm_closed_R10_single_refY_005,1,GP_IIa_14.0mm_closed_R10_single_refY_005-raw01-16,12.829529490148174,7,0.02
B2,GP_IIa_14.0mm_closed_R10_single_refY,GP_IIa_14.0mm_closed_R10_single_refY_005,1,GP_IIa_14.0mm_closed_R10_single_refY_005-raw01-16,12.807263113496052,7,0.02
B3,GP_IIa_14.0mm_closed_R10_single_refY,GP_IIa_14.0mm_closed_R10_single_refY_005,1,GP_IIa_14.0mm_closed_R10_single_refY_005-raw01-16,12.807263113496052,7,0.02
B0,GP_IIa_14.0mm_closed_R10_single_refY,GP_IIa_14.0mm_closed_R10_single_refY_005,2,GP_IIa_14.0mm_closed_R10_single_refY_005-raw02-23,12.066165689147905,7,0.02
B1,GP_IIa_14.0mm_closed_R10_single_refY,GP_IIa_14.0mm_closed_R10_single_refY_005,2,GP_IIa_14.0mm_closed_R10_single_refY_005-raw02-23,12.06352265138802,7,0.02
B2,GP_IIa_14.0mm_closed_R10_single_refY,GP_IIa_14.0mm_closed_R10_single_refY_005,2,GP_IIa_14.0mm_closed_R10_single_refY_005-raw02-23,12.046195413498669,7,0.02
B3,GP_IIa_14.0mm_closed_R10_single_refY,GP_IIa_14.0mm_closed_R10_single_refY_005,2,GP_IIa_14.0mm_closed_R10_single_refY_005-raw02-23,12.046195413498669,7,0.02
B0,GP_IIa_14.0mm_closed_R10_single_refY,GP_IIa_14.0mm_closed_R10_single_refY_005,3,GP_IIa_14.0mm_closed_R10_single_refY_005-raw03-04,12.252370965639487,7,0.02
B1,GP_IIa_14.0mm_closed_R10_single_refY,GP_IIa_14.0mm_closed_R10_single_refY_005,3,GP_IIa_14.0mm_closed_R10_single_refY_005-raw03-04,12.252370965639487,7,0.02
B2,GP_IIa_14.0mm_closed_R10_single_refY,GP_IIa_14.0mm_closed_R10_single_refY_005,3,GP_IIa_14.0mm_closed_R10_single_refY_005-raw03-04,12.282011975170992,7,0.02
B3,GP_IIa_14.0mm_closed_R10_single_refY,GP_IIa_14.0mm_closed_R10_single_refY_005,3,GP_IIa_14.0mm_closed_R10_single_refY_005-raw03-04,12.275826256290323,7,0.02
B0,GP_IIa_14.0mm_closed_R10_single_refY,GP_IIa_14.0mm_closed_R10_single_refY_005,4,GP_IIa_14.0mm_closed_R10_single_refY_005-raw04-20,12.189164233878037,7,0.02
B1,GP_IIa_14.0mm_closed_R10_single_refY,GP_IIa_14.0mm_closed_R10_single_refY_005,4,GP_IIa_14.0mm_closed_R10_single_refY_005-raw04-20,12.177550202957937,7,0.02
B2,GP_IIa_14.0mm_closed_R10_single_refY,GP_IIa_14.0mm_closed_R10_single_refY_005,4,GP_IIa_14.0mm_closed_R10_single_refY_005-raw04-20,12.174095658792387,7,0.02
B3,GP_IIa_14.0mm_closed_R10_single_refY,GP_IIa_14.0mm_closed_R10_single_refY_005,4,GP_IIa_14.0mm_closed_R10_single_refY_005-raw04-20,12.174095658792387,7,0.02
B0,GP_IIa_14.0mm_closed_R10_single_refY,GP_IIa_14.0mm_closed_R10_single_refY_005,5,GP_IIa_14.0mm_closed_R10_single_refY_005-raw05-04,12.313297536906108,5,0.02
B1,GP_IIa_14.0mm_closed_R10_single_refY,GP_IIa_14.0mm_closed_R10_single_refY_005,5,GP_IIa_14.0mm_closed_R10_single_refY_005-raw05-04,12.309618584471671,5,0.02
B2,GP_IIa_14.0mm_closed_R10_single_refY,GP_IIa_14.0mm_closed_R10_single_refY_005,5,GP_IIa_14.0mm_closed_R10_single_refY_005-raw05-04,12.299081647575814,5,0.02
B3,GP_IIa_14.0mm_closed_R10_single_refY,GP_IIa_14.0mm_closed_R10_single_refY_005,5,GP_IIa_14.0mm_closed_R10_single_refY_005-raw05-04,12.299081647575814,5,0.02
B0,GP_IIa_14.0mm_closed_R5_single_refY,GP_IIa_14.0mm_closed_R5_single_refY_004,1,GP_IIa_14.0mm_closed_R5_single_refY_004-raw01-11,13.844236154915702,7,0.02
B1,GP_IIa_14.0mm_closed_R5_single_refY,GP_IIa_14.0mm_closed_R5_single_refY_004,1,GP_IIa_14.0mm_closed_R5_single_refY_004-raw01-11,13.844236154915702,7,0.02
B2,GP_IIa_14.0mm_closed_R5_single_refY,GP_IIa_14.0mm_closed_R5_single_refY_004,1,GP_IIa_14.0mm_closed_R5_single_refY_004-raw01-11,13.946285703741225,7,0.02
B3,GP_IIa_14.0mm_closed_R5_single_refY,GP_IIa_14.0mm_closed_R5_single_refY_004,1,GP_IIa_14.0mm_closed_R5_single_refY_004-raw01-11,13.943129056651424,7,0.02
B0,GP_IIa_14.0mm_closed_R5_single_refY,GP_IIa_14.0mm_closed_R5_single_refY_004,2,GP_IIa_14.0mm_closed_R5_single_refY_004-raw02-18,18.05824580233547,7,0.02
B1,GP_IIa_14.0mm_closed_R5_single_refY,GP_IIa_14.0mm_closed_R5_single_refY_004,2,GP_IIa_14.0mm_closed_R5_single_refY_004-raw02-18,18.058791631267756,7,0.02
B2,GP_IIa_14.0mm_closed_R5_single_refY,GP_IIa_14.0mm_closed_R5_single_refY_004,2,GP_IIa_14.0mm_closed_R5_single_refY_004-raw02-18,18.057687341160413,7,0.02
B3,GP_IIa_14.0mm_closed_R5_single_refY,GP_IIa_14.0mm_closed_R5_single_refY_004,2,GP_IIa_14.0mm_closed_R5_single_refY_004-raw02-18,18.057687341160413,7,0.02
B0,GP_IIa_14.0mm_closed_R5_single_refY,GP_IIa_14.0mm_closed_R5_single_refY_004,3,GP_IIa_14.0mm_closed_R5_single_refY_004-raw03-16,16.72478689764798,7,0.02
B1,GP_IIa_14.0mm_closed_R5_single_refY,GP_IIa_14.0mm_closed_R5_single_refY_004,3,GP_IIa_14.0mm_closed_R5_single_refY_004-raw03-16,16.727339298931632,7,0.02
B2,GP_IIa_14.0mm_closed_R5_single_refY,GP_IIa_14.0mm_closed_R5_single_refY_004,3,GP_IIa_14.0mm_closed_R5_single_refY_004-raw03-16,16.73905785948255,7,0.02
B3,GP_IIa_14.0mm_closed_R5_single_refY,GP_IIa_14.0mm_closed_R5_single_refY_004,3,GP_IIa_14.0mm_closed_R5_single_refY_004-raw03-16,16.73905785948255,7,0.02
B0,GP_IIa_14.0mm_closed_R5_single_refY,GP_IIa_14.0mm_closed_R5_single_refY_004,4,GP_IIa_14.0mm_closed_R5_single_refY_004-raw04-16,15.082815977930556,7,0.02
B1,GP_IIa_14.0mm_closed_R5_single_refY,GP_IIa_14.0mm_closed_R5_single_refY_004,4,GP_IIa_14.0mm_closed_R5_single_refY_004-raw04-16,15.045283319633297,7,0.02
B2,GP_IIa_14.0mm_closed_R5_single_refY,GP_IIa_14.0mm_closed_R5_single_refY_004,4,GP_IIa_14.0mm_closed_R5_single_refY_004-raw04-16,15.022516491237589,7,0.02
B3,GP_IIa_14.0mm_closed_R5_single_refY,GP_IIa_14.0mm_closed_R5_single_refY_004,4,GP_IIa_14.0mm_closed_R5_single_refY_004-raw04-16,15.022516491237589,7,0.02
B0,GP_IIa_14.0mm_closed_R5_single_refY,GP_IIa_14.0mm_closed_R5_single_refY_004,5,GP_IIa_14.0mm_closed_R5_single_refY_004-raw05-14,15.760268712975748,7,0.02
B1,GP_IIa_14.0mm_closed_R5_single_refY,GP_IIa_14.0mm_closed_R5_single_refY_004,5,GP_IIa_14.0mm_closed_R5_single_refY_004-raw05-14,15.756185617883048,7,0.02
B2,GP_IIa_14.0mm_closed_R5_single_refY,GP_IIa_14.0mm_closed_R5_single_refY_004,5,GP_IIa_14.0mm_closed_R5_single_refY_004-raw05-14,15.748750805708355,7,0.02
B3,GP_IIa_14.0mm_closed_R5_single_refY,GP_IIa_14.0mm_closed_R5_single_refY_004,5,GP_IIa_14.0mm_closed_R5_single_refY_004-raw05-14,15.748750805708355,7,0.02
B0,GP_IIa_14.0mm_closed_R5_single_refY,GP_IIa_14.0mm_closed_R5_single_refY_005,1,GP_IIa_14.0mm_closed_R5_single_refY_005-raw01-09,14.048096777379993,7,0.02
B1,GP_IIa_14.0mm_closed_R5_single_refY,GP_IIa_14.0mm_closed_R5_single_refY_005,1,GP_IIa_14.0mm_closed_R5_single_refY_005-raw01-09,14.05379724970532,7,0.02
B2,GP_IIa_14.0mm_closed_R5_single_refY,GP_IIa_14.0mm_closed_R5_single_refY_005,1,GP_IIa_14.0mm_closed_R5_single_refY_005-raw01-09,14.1536304967605,7,0.02
B3,GP_IIa_14.0mm_closed_R5_single_refY,GP_IIa_14.0mm_closed_R5_single_refY_005,1,GP_IIa_14.0mm_closed_R5_single_refY_005-raw01-09,14.1536304967605,7,0.02
B0,GP_IIa_14.0mm_closed_R5_single_refY,GP_IIa_14.0mm_closed_R5_single_refY_005,2,GP_IIa_14.0mm_closed_R5_single_refY_005-raw02-11,14.51617367867873,7,0.02
B1,GP_IIa_14.0mm_closed_R5_single_refY,GP_IIa_14.0mm_closed_R5_single_refY_005,2,GP_IIa_14.0mm_closed_R5_single_refY_005-raw02-11,14.59579446377359,7,0.02
B2,GP_IIa_14.0mm_closed_R5_single_refY,GP_IIa_14.0mm_closed_R5_single_refY_005,2,GP_IIa_14.0mm_closed_R5_single_refY_005-raw02-11,14.544089527454698,7,0.02
B3,GP_IIa_14.0mm_closed_R5_single_refY,GP_IIa_14.0mm_closed_R5_single_refY_005,2,GP_IIa_14.0mm_closed_R5_single_refY_005-raw02-11,14.544089527454698,7,0.02
B0,GP_IIa_14.0mm_closed_R5_single_refY,GP_IIa_14.0mm_closed_R5_single_refY_005,3,GP_IIa_14.0mm_closed_R5_single_refY_005-raw03-20,,5,0.02
B1,GP_IIa_14.0mm_closed_R5_single_refY,GP_IIa_14.0mm_closed_R5_single_refY_005,3,GP_IIa_14.0mm_closed_R5_single_refY_005-raw03-20,14.46856546172069,5,0.02
B2,GP_IIa_14.0mm_closed_R5_single_refY,GP_IIa_14.0mm_closed_R5_single_refY_005,3,GP_IIa_14.0mm_closed_R5_single_refY_005-raw03-20,14.47478418604174,5,0.02
B3,GP_IIa_14.0mm_closed_R5_single_refY,GP_IIa_14.0mm_closed_R5_single_refY_005,3,GP_IIa_14.0mm_closed_R5_single_refY_005-raw03-20,14.47478418604174,5,0.02
B0,GP_IIa_14.0mm_closed_R5_single_refY,GP_IIa_14.0mm_closed_R5_single_refY_005,4,GP_IIa_14.0mm_closed_R5_single_refY_005-raw04-08,14.292539964667805,7,0.02
B1,GP_IIa_14.0mm_closed_R5_single_refY,GP_IIa_14.0mm_closed_R5_single_refY_005,4,GP_IIa_14.0mm_closed_R5_single_refY_005-raw04-08,14.294584348627463,7,0.02
B2,GP_IIa_14.0mm_closed_R5_single_refY,GP_IIa_14.0mm_closed_R5_single_refY_005,4,GP_IIa_14.0mm_closed_R5_single_refY_005-raw04-08,14.313266823175377,7,0.02
B3,GP_IIa_14.0mm_closed_R5_single_refY,GP_IIa_14.0mm_closed_R5_single_refY_005,4,GP_IIa_14.0mm_closed_R5_single_refY_005-raw04-08,14.313266823175377,7,0.02
B0,GP_IIa_14.0mm_closed_R5_single_refY,GP_IIa_14.0mm_closed_R5_single_refY_005,5,GP_IIa_14.0mm_closed_R5_single_refY_005-raw05-24,14.392673167607745,7,0.02
B1,GP_IIa_14.0mm_closed_R5_single_refY,GP_IIa_14.0mm_closed_R5_single_refY_005,5,GP_IIa_14.0mm_closed_R5_single_refY_005-raw05-24,14.392673167607745,7,0.02
B2,GP_IIa_14.0mm_closed_R5_single_refY,GP_IIa_14.0mm_closed_R5_single_refY_005,5,GP_IIa_14.0mm_closed_R5_single_refY_005-raw05-24,14.390464386234616,7,0.02
B3,GP_IIa_14.0mm_closed_R5_single_refY,GP_IIa_14.0mm_closed_R5_single_refY_005,5,GP_IIa_14.0mm_closed_R5_single_refY_005-raw05-24,14.390464386234616,7,0.02
B0,GP_IIa_22.0mm_closed_R10_single_refY,GP_IIa_22.0mm_closed_R10_single_refY_005,1,GP_IIa_22.0mm_closed_R10_single_refY_005-raw01-20,22.96656253965989,7,0.02
B1,GP_IIa_22.0mm_closed_R10_single_refY,GP_IIa_22.0mm_closed_R10_single_refY_005,1,GP_IIa_22.0mm_closed_R10_single_refY_005-raw01-20,22.96599404495238,7,0.02
B2,GP_IIa_22.0mm_closed_R10_single_refY,GP_IIa_22.0mm_closed_R10_single_refY_005,1,GP_IIa_22.0mm_closed_R10_single_refY_005-raw01-20,22.96504657419063,7,0.02
B3,GP_IIa_22.0mm_closed_R10_single_refY,GP_IIa_22.0mm_closed_R10_single_refY_005,1,GP_IIa_22.0mm_closed_R10_single_refY_005-raw01-20,22.96504657419063,7,0.02
B0,GP_IIa_22.0mm_closed_R10_single_refY,GP_IIa_22.0mm_closed_R10_single_refY_005,2,GP_IIa_22.0mm_closed_R10_single_refY_005-raw02-06,22.76540322116372,7,0.02
B1,GP_IIa_22.0mm_closed_R10_single_refY,GP_IIa_22.0mm_closed_R10_single_refY_005,2,GP_IIa_22.0mm_closed_R10_single_refY_005-raw02-06,22.76540322116372,7,0.02
B2,GP_IIa_22.0mm_closed_R10_single_refY,GP_IIa_22.0mm_closed_R10_single_refY_005,2,GP_IIa_22.0mm_closed_R10_single_refY_005-raw02-06,22.75099932872623,7,0.02
B3,GP_IIa_22.0mm_closed_R10_single_refY,GP_IIa_22.0mm_closed_R10_single_refY_005,2,GP_IIa_22.0mm_closed_R10_single_refY_005-raw02-06,22.75099932872623,7,0.02
B0,GP_IIa_22.0mm_closed_R10_single_refY,GP_IIa_22.0mm_closed_R10_single_refY_005,3,GP_IIa_22.0mm_closed_R10_single_refY_005-raw03-19,22.46999347790628,7,0.02
B1,GP_IIa_22.0mm_closed_R10_single_refY,GP_IIa_22.0mm_closed_R10_single_refY_005,3,GP_IIa_22.0mm_closed_R10_single_refY_005-raw03-19,22.469993477906282,7,0.02
B2,GP_IIa_22.0mm_closed_R10_single_refY,GP_IIa_22.0mm_closed_R10_single_refY_005,3,GP_IIa_22.0mm_closed_R10_single_refY_005-raw03-19,22.45326994980563,7,0.02
B3,GP_IIa_22.0mm_closed_R10_single_refY,GP_IIa_22.0mm_closed_R10_single_refY_005,3,GP_IIa_22.0mm_closed_R10_single_refY_005-raw03-19,22.45326994980563,7,0.02
B0,GP_IIa_22.0mm_closed_R10_single_refY,GP_IIa_22.0mm_closed_R10_single_refY_005,4,GP_IIa_22.0mm_closed_R10_single_refY_005-raw04-05,22.41122623926336,7,0.02
B1,GP_IIa_22.0mm_closed_R10_single_refY,GP_IIa_22.0mm_closed_R10_single_refY_005,4,GP_IIa_22.0mm_closed_R10_single_refY_005-raw04-05,22.417618955303983,7,0.02
B2,GP_IIa_22.0mm_closed_R10_single_refY,GP_IIa_22.0mm_closed_R10_single_refY_005,4,GP_IIa_22.0mm_closed_R10_single_refY_005-raw04-05,22.44255787938778,7,0.02
B3,GP_IIa_22.0mm_closed_R10_single_refY,GP_IIa_22.0mm_closed_R10_single_refY_005,4,GP_IIa_22.0mm_closed_R10_single_refY_005-raw04-05,22.44255787938778,7,0.02
B0,GP_IIa_22.0mm_closed_R10_single_refY,GP_IIa_22.0mm_closed_R10_single_refY_005,5,GP_IIa_22.0mm_closed_R10_single_refY_005-raw05-01,22.221793255477657,7,0.02
B1,GP_IIa_22.0mm_closed_R10_single_refY,GP_IIa_22.0mm_closed_R10_single_refY_005,5,GP_IIa_22.0mm_closed_R10_single_refY_005-raw05-01,22.21881283383267,7,0.02
B2,GP_IIa_22.0mm_closed_R10_single_refY,GP_IIa_22.0mm_closed_R10_single_refY_005,5,GP_IIa_22.0mm_closed_R10_single_refY_005-raw05-01,22.21565635525269,7,0.02
B3,GP_IIa_22.0mm_closed_R10_single_refY,GP_IIa_22.0mm_closed_R10_single_refY_005,5,GP_IIa_22.0mm_closed_R10_single_refY_005-raw05-01,22.21565635525269,7,0.02
B0,GP_IIa_22.0mm_closed_R10_single_refY,GP_IIa_22.0mm_closed_R10_single_refY_006,1,GP_IIa_22.0mm_closed_R10_single_refY_006-raw01-09,21.08876509262673,7,0.02
B1,GP_IIa_22.0mm_closed_R10_single_refY,GP_IIa_22.0mm_closed_R10_single_refY_006,1,GP_IIa_22.0mm_closed_R10_single_refY_006-raw01-09,21.08712261030637,7,0.02
B2,GP_IIa_22.0mm_closed_R10_single_refY,GP_IIa_22.0mm_closed_R10_single_refY_006,1,GP_IIa_22.0mm_closed_R10_single_refY_006-raw01-09,21.085502770387873,7,0.02
B3,GP_IIa_22.0mm_closed_R10_single_refY,GP_IIa_22.0mm_closed_R10_single_refY_006,1,GP_IIa_22.0mm_closed_R10_single_refY_006-raw01-09,21.085502770387873,7,0.02
B0,GP_IIa_22.0mm_closed_R10_single_refY,GP_IIa_22.0mm_closed_R10_single_refY_006,2,GP_IIa_22.0mm_closed_R10_single_refY_006-raw02-15,20.961646643923565,7,0.02
B1,GP_IIa_22.0mm_closed_R10_single_refY,GP_IIa_22.0mm_closed_R10_single_refY_006,2,GP_IIa_22.0mm_closed_R10_single_refY_006-raw02-15,20.961646643923565,7,0.02
B2,GP_IIa_22.0mm_closed_R10_single_refY,GP_IIa_22.0mm_closed_R10_single_refY_006,2,GP_IIa_22.0mm_closed_R10_single_refY_006-raw02-15,20.97600692121066,7,0.02
B3,GP_IIa_22.0mm_closed_R10_single_refY,GP_IIa_22.0mm_closed_R10_single_refY_006,2,GP_IIa_22.0mm_closed_R10_single_refY_006-raw02-15,20.97600692121066,7,0.02
B0,GP_IIa_22.0mm_closed_R10_single_refY,GP_IIa_22.0mm_closed_R10_single_refY_006,3,GP_IIa_22.0mm_closed_R10_single_refY_006-raw03-18,21.04936008654732,7,0.02
B1,GP_IIa_22.0mm_closed_R10_single_refY,GP_IIa_22.0mm_closed_R10_single_refY_006,3,GP_IIa_22.0mm_closed_R10_single_refY_006-raw03-18,21.04913416163143,7,0.02
B2,GP_IIa_22.0mm_closed_R10_single_refY,GP_IIa_22.0mm_closed_R10_single_refY_006,3,GP_IIa_22.0mm_closed_R10_single_refY_006-raw03-18,21.045077120318897,7,0.02
B3,GP_IIa_22.0mm_closed_R10_single_refY,GP_IIa_22.0mm_closed_R10_single_refY_006,3,GP_IIa_22.0mm_closed_R10_single_refY_006-raw03-18,21.045077120318897,7,0.02
B0,GP_IIa_22.0mm_closed_R10_single_refY,GP_IIa_22.0mm_closed_R10_single_refY_006,4,GP_IIa_22.0mm_closed_R10_single_refY_006-raw04-23,20.717970302734766,7,0.02
B1,GP_IIa_22.0mm_closed_R10_single_refY,GP_IIa_22.0mm_closed_R10_single_refY_006,4,GP_IIa_22.0mm_closed_R10_single_refY_006-raw04-23,20.720747133930317,7,0.02
B2,GP_IIa_22.0mm_closed_R10_single_refY,GP_IIa_22.0mm_closed_R10_single_refY_006,4,GP_IIa_22.0mm_closed_R10_single_refY_006-raw04-23,20.723162299326564,7,0.02
B3,GP_IIa_22.0mm_closed_R10_single_refY,GP_IIa_22.0mm_closed_R10_single_refY_006,4,GP_IIa_22.0mm_closed_R10_single_refY_006-raw04-23,20.723162299326564,7,0.02
B0,GP_IIa_22.0mm_closed_R10_single_refY,GP_IIa_22.0mm_closed_R10_single_refY_006,5,GP_IIa_22.0mm_closed_R10_single_refY_006-raw05-20,20.54161274498979,7,0.02
B1,GP_IIa_22.0mm_closed_R10_single_refY,GP_IIa_22.0mm_closed_R10_single_refY_006,5,GP_IIa_22.0mm_closed_R10_single_refY_006-raw05-20,20.539916788889613,7,0.02
B2,GP_IIa_22.0mm_closed_R10_single_refY,GP_IIa_22.0mm_closed_R10_single_refY_006,5,GP_IIa_22.0mm_closed_R10_single_refY_006-raw05-20,20.540952788959732,7,0.02
B3,GP_IIa_22.0mm_closed_R10_single_refY,GP_IIa_22.0mm_closed_R10_single_refY_006,5,GP_IIa_22.0mm_closed_R10_single_refY_006-raw05-20,20.540952788959732,7,0.02
B0,GP_IIa_22.0mm_closed_R5_single_refY,GP_IIa_22.0mm_closed_R5_single_refY_004,1,GP_IIa_22.0mm_closed_R5_single_refY_004-raw01-08,22.34733902164368,7,0.02
B1,GP_IIa_22.0mm_closed_R5_single_refY,GP_IIa_22.0mm_closed_R5_single_refY_004,1,GP_IIa_22.0mm_closed_R5_single_refY_004-raw01-08,22.347871527278848,7,0.02
B2,GP_IIa_22.0mm_closed_R5_single_refY,GP_IIa_22.0mm_closed_R5_single_refY_004,1,GP_IIa_22.0mm_closed_R5_single_refY_004-raw01-08,22.301212212851354,7,0.02
B3,GP_IIa_22.0mm_closed_R5_single_refY,GP_IIa_22.0mm_closed_R5_single_refY_004,1,GP_IIa_22.0mm_closed_R5_single_refY_004-raw01-08,22.301212212851354,7,0.02
B0,GP_IIa_22.0mm_closed_R5_single_refY,GP_IIa_22.0mm_closed_R5_single_refY_004,2,GP_IIa_22.0mm_closed_R5_single_refY_004-raw02-01,22.56773713592125,7,0.02
B1,GP_IIa_22.0mm_closed_R5_single_refY,GP_IIa_22.0mm_closed_R5_single_refY_004,2,GP_IIa_22.0mm_closed_R5_single_refY_004-raw02-01,22.56852648625079,7,0.02
B2,GP_IIa_22.0mm_closed_R5_single_refY,GP_IIa_22.0mm_closed_R5_single_refY_004,2,GP_IIa_22.0mm_closed_R5_single_refY_004-raw02-01,22.585375248930497,7,0.02
B3,GP_IIa_22.0mm_closed_R5_single_refY,GP_IIa_22.0mm_closed_R5_single_refY_004,2,GP_IIa_22.0mm_closed_R5_single_refY_004-raw02-01,22.585375248930497,7,0.02
B0,GP_IIa_22.0mm_closed_R5_single_refY,GP_IIa_22.0mm_closed_R5_single_refY_004,3,GP_IIa_22.0mm_closed_R5_single_refY_004-raw03-04,22.42650918712352,7,0.02
B1,GP_IIa_22.0mm_closed_R5_single_refY,GP_IIa_22.0mm_closed_R5_single_refY_004,3,GP_IIa_22.0mm_closed_R5_single_refY_004-raw03-04,22.426509187123518,7,0.02
B2,GP_IIa_22.0mm_closed_R5_single_refY,GP_IIa_22.0mm_closed_R5_single_refY_004,3,GP_IIa_22.0mm_closed_R5_single_refY_004-raw03-04,22.431368888417175,7,0.02
B3,GP_IIa_22.0mm_closed_R5_single_refY,GP_IIa_22.0mm_closed_R5_single_refY_004,3,GP_IIa_22.0mm_closed_R5_single_refY_004-raw03-04,22.431368888417175,7,0.02
B0,GP_IIa_22.0mm_closed_R5_single_refY,GP_IIa_22.0mm_closed_R5_single_refY_004,4,GP_IIa_22.0mm_closed_R5_single_refY_004-raw04-19,21.115122016828614,7,0.02
B1,GP_IIa_22.0mm_closed_R5_single_refY,GP_IIa_22.0mm_closed_R5_single_refY_004,4,GP_IIa_22.0mm_closed_R5_single_refY_004-raw04-19,21.115122016828618,7,0.02
B2,GP_IIa_22.0mm_closed_R5_single_refY,GP_IIa_22.0mm_closed_R5_single_refY_004,4,GP_IIa_22.0mm_closed_R5_single_refY_004-raw04-19,21.12084070691175,7,0.02
B3,GP_IIa_22.0mm_closed_R5_single_refY,GP_IIa_22.0mm_closed_R5_single_refY_004,4,GP_IIa_22.0mm_closed_R5_single_refY_004-raw04-19,21.12084070691175,7,0.02
B0,GP_IIa_22.0mm_closed_R5_single_refY,GP_IIa_22.0mm_closed_R5_single_refY_004,5,GP_IIa_22.0mm_closed_R5_single_refY_004-raw05-15,,2,0.02
B1,GP_IIa_22.0mm_closed_R5_single_refY,GP_IIa_22.0mm_closed_R5_single_refY_004,5,GP_IIa_22.0mm_closed_R5_single_refY_004-raw05-15,21.277272040240096,2,0.02
B2,GP_IIa_22.0mm_closed_R5_single_refY,GP_IIa_22.0mm_closed_R5_single_refY_004,5,GP_IIa_22.0mm_closed_R5_single_refY_004-raw05-15,21.277271832754714,2,0.02
B3,GP_IIa_22.0mm_closed_R5_single_refY,GP_IIa_22.0mm_closed_R5_single_refY_004,5,GP_IIa_22.0mm_closed_R5_single_refY_004-raw05-15,21.277271832754714,2,0.02
B0,GP_IIa_22.0mm_closed_R5_single_refY,GP_IIa_22.0mm_closed_R5_single_refY_005,1,GP_IIa_22.0mm_closed_R5_single_refY_005-raw01-11,20.62107004454392,6,0.02
B1,GP_IIa_22.0mm_closed_R5_single_refY,GP_IIa_22.0mm_closed_R5_single_refY_005,1,GP_IIa_22.0mm_closed_R5_single_refY_005-raw01-11,20.619480946241936,6,0.02
B2,GP_IIa_22.0mm_closed_R5_single_refY,GP_IIa_22.0mm_closed_R5_single_refY_005,1,GP_IIa_22.0mm_closed_R5_single_refY_005-raw01-11,20.617318558811345,6,0.02
B3,GP_IIa_22.0mm_closed_R5_single_refY,GP_IIa_22.0mm_closed_R5_single_refY_005,1,GP_IIa_22.0mm_closed_R5_single_refY_005-raw01-11,20.617318558811345,6,0.02
B0,GP_IIa_22.0mm_closed_R5_single_refY,GP_IIa_22.0mm_closed_R5_single_refY_005,2,GP_IIa_22.0mm_closed_R5_single_refY_005-raw02-22,20.303288295953788,5,0.02
B1,GP_IIa_22.0mm_closed_R5_single_refY,GP_IIa_22.0mm_closed_R5_single_refY_005,2,GP_IIa_22.0mm_closed_R5_single_refY_005-raw02-22,20.28981278881621,5,0.02
B2,GP_IIa_22.0mm_closed_R5_single_refY,GP_IIa_22.0mm_closed_R5_single_refY_005,2,GP_IIa_22.0mm_closed_R5_single_refY_005-raw02-22,20.2928490690801,5,0.02
B3,GP_IIa_22.0mm_closed_R5_single_refY,GP_IIa_22.0mm_closed_R5_single_refY_005,2,GP_IIa_22.0mm_closed_R5_single_refY_005-raw02-22,20.2928490690801,5,0.02
B0,GP_IIa_22.0mm_closed_R5_single_refY,GP_IIa_22.0mm_closed_R5_single_refY_005,3,GP_IIa_22.0mm_closed_R5_single_refY_005-raw03-11,,2,0.02
B1,GP_IIa_22.0mm_closed_R5_single_refY,GP_IIa_22.0mm_closed_R5_single_refY_005,3,GP_IIa_22.0mm_closed_R5_single_refY_005-raw03-11,20.351429816471082,2,0.02
B2,GP_IIa_22.0mm_closed_R5_single_refY,GP_IIa_22.0mm_closed_R5_single_refY_005,3,GP_IIa_22.0mm_closed_R5_single_refY_005-raw03-11,20.351429495713063,2,0.02
B3,GP_IIa_22.0mm_closed_R5_single_refY,GP_IIa_22.0mm_closed_R5_single_refY_005,3,GP_IIa_22.0mm_closed_R5_single_refY_005-raw03-11,20.351429495713063,2,0.02
B0,GP_IIa_22.0mm_closed_R5_single_refY,GP_IIa_22.0mm_closed_R5_single_refY_005,4,GP_IIa_22.0mm_closed_R5_single_refY_005-raw04-13,,1,
B1,GP_IIa_22.0mm_closed_R5_single_refY,GP_IIa_22.0mm_closed_R5_single_refY_005,4,GP_IIa_22.0mm_closed_R5_single_refY_005-raw04-13,20.325108081136243,1,
B2,GP_IIa_22.0mm_closed_R5_single_refY,GP_IIa_22.0mm_closed_R5_single_refY_005,4,GP_IIa_22.0mm_closed_R5_single_refY_005-raw04-13,,1,
B3,GP_IIa_22.0mm_closed_R5_single_refY,GP_IIa_22.0mm_closed_R5_single_refY_005,4,GP_IIa_22.0mm_closed_R5_single_refY_005-raw04-13,,1,
B0,GP_IIa_22.0mm_closed_R5_single_refY,GP_IIa_22.0mm_closed_R5_single_refY_005,5,GP_IIa_22.0mm_closed_R5_single_refY_005-raw05-01,,0,
B1,GP_IIa_22.0mm_closed_R5_single_refY,GP_IIa_22.0mm_closed_R5_single_refY_005,5,GP_IIa_22.0mm_closed_R5_single_refY_005-raw05-01,,0,
B2,GP_IIa_22.0mm_closed_R5_single_refY,GP_IIa_22.0mm_closed_R5_single_refY_005,5,GP_IIa_22.0mm_closed_R5_single_refY_005-raw05-01,,0,
B3,GP_IIa_22.0mm_closed_R5_single_refY,GP_IIa_22.0mm_closed_R5_single_refY_005,5,GP_IIa_22.0mm_closed_R5_single_refY_005-raw05-01,,0,
B0,GP_IIa_4.5mm_closed_R10_single_refY,GP_IIa_4.5mm_closed_R10_single_refY_004,1,GP_IIa_4.5mm_closed_R10_single_refY_004-raw01-11,,0,
B1,GP_IIa_4.5mm_closed_R10_single_refY,GP_IIa_4.5mm_closed_R10_single_refY_004,1,GP_IIa_4.5mm_closed_R10_single_refY_004-raw01-11,,0,
B2,GP_IIa_4.5mm_closed_R10_single_refY,GP_IIa_4.5mm_closed_R10_single_refY_004,1,GP_IIa_4.5mm_closed_R10_single_refY_004-raw01-11,,0,
B3,GP_IIa_4.5mm_closed_R10_single_refY,GP_IIa_4.5mm_closed_R10_single_refY_004,1,GP_IIa_4.5mm_closed_R10_single_refY_004-raw01-11,,0,
B0,GP_IIa_4.5mm_closed_R10_single_refY,GP_IIa_4.5mm_closed_R10_single_refY_004,2,GP_IIa_4.5mm_closed_R10_single_refY_004-raw02-08,,0,
B1,GP_IIa_4.5mm_closed_R10_single_refY,GP_IIa_4.5mm_closed_R10_single_refY_004,2,GP_IIa_4.5mm_closed_R10_single_refY_004-raw02-08,,0,
B2,GP_IIa_4.5mm_closed_R10_single_refY,GP_IIa_4.5mm_closed_R10_single_refY_004,2,GP_IIa_4.5mm_closed_R10_single_refY_004-raw02-08,,0,
B3,GP_IIa_4.5mm_closed_R10_single_refY,GP_IIa_4.5mm_closed_R10_single_refY_004,2,GP_IIa_4.5mm_closed_R10_single_refY_004-raw02-08,,0,
B0,GP_IIa_4.5mm_closed_R10_single_refY,GP_IIa_4.5mm_closed_R10_single_refY_004,3,GP_IIa_4.5mm_closed_R10_single_refY_004-raw03-18,,0,
B1,GP_IIa_4.5mm_closed_R10_single_refY,GP_IIa_4.5mm_closed_R10_single_refY_004,3,GP_IIa_4.5mm_closed_R10_single_refY_004-raw03-18,,0,
B2,GP_IIa_4.5mm_closed_R10_single_refY,GP_IIa_4.5mm_closed_R10_single_refY_004,3,GP_IIa_4.5mm_closed_R10_single_refY_004-raw03-18,,0,
B3,GP_IIa_4.5mm_closed_R10_single_refY,GP_IIa_4.5mm_closed_R10_single_refY_004,3,GP_IIa_4.5mm_closed_R10_single_refY_004-raw03-18,,0,
B0,GP_IIa_4.5mm_closed_R10_single_refY,GP_IIa_4.5mm_closed_R10_single_refY_004,4,GP_IIa_4.5mm_closed_R10_single_refY_004-raw04-04,,0,
B1,GP_IIa_4.5mm_closed_R10_single_refY,GP_IIa_4.5mm_closed_R10_single_refY_004,4,GP_IIa_4.5mm_closed_R10_single_refY_004-raw04-04,,0,
B2,GP_IIa_4.5mm_closed_R10_single_refY,GP_IIa_4.5mm_closed_R10_single_refY_004,4,GP_IIa_4.5mm_closed_R10_single_refY_004-raw04-04,,0,
B3,GP_IIa_4.5mm_closed_R10_single_refY,GP_IIa_4.5mm_closed_R10_single_refY_004,4,GP_IIa_4.5mm_closed_R10_single_refY_004-raw04-04,,0,
B0,GP_IIa_4.5mm_closed_R10_single_refY,GP_IIa_4.5mm_closed_R10_single_refY_004,5,GP_IIa_4.5mm_closed_R10_single_refY_004-raw05-05,,0,
B1,GP_IIa_4.5mm_closed_R10_single_refY,GP_IIa_4.5mm_closed_R10_single_refY_004,5,GP_IIa_4.5mm_closed_R10_single_refY_004-raw05-05,,0,
B2,GP_IIa_4.5mm_closed_R10_single_refY,GP_IIa_4.5mm_closed_R10_single_refY_004,5,GP_IIa_4.5mm_closed_R10_single_refY_004-raw05-05,,0,
B3,GP_IIa_4.5mm_closed_R10_single_refY,GP_IIa_4.5mm_closed_R10_single_refY_004,5,GP_IIa_4.5mm_closed_R10_single_refY_004-raw05-05,,0,
B0,GP_IIa_4.5mm_closed_R10_single_refY,GP_IIa_4.5mm_closed_R10_single_refY_005,1,GP_IIa_4.5mm_closed_R10_single_refY_005-raw01-14,,0,
B1,GP_IIa_4.5mm_closed_R10_single_refY,GP_IIa_4.5mm_closed_R10_single_refY_005,1,GP_IIa_4.5mm_closed_R10_single_refY_005-raw01-14,,0,
B2,GP_IIa_4.5mm_closed_R10_single_refY,GP_IIa_4.5mm_closed_R10_single_refY_005,1,GP_IIa_4.5mm_closed_R10_single_refY_005-raw01-14,,0,
B3,GP_IIa_4.5mm_closed_R10_single_refY,GP_IIa_4.5mm_closed_R10_single_refY_005,1,GP_IIa_4.5mm_closed_R10_single_refY_005-raw01-14,,0,
B0,GP_IIa_4.5mm_closed_R10_single_refY,GP_IIa_4.5mm_closed_R10_single_refY_005,2,GP_IIa_4.5mm_closed_R10_single_refY_005-raw02-24,,0,
B1,GP_IIa_4.5mm_closed_R10_single_refY,GP_IIa_4.5mm_closed_R10_single_refY_005,2,GP_IIa_4.5mm_closed_R10_single_refY_005-raw02-24,,0,
B2,GP_IIa_4.5mm_closed_R10_single_refY,GP_IIa_4.5mm_closed_R10_single_refY_005,2,GP_IIa_4.5mm_closed_R10_single_refY_005-raw02-24,,0,
B3,GP_IIa_4.5mm_closed_R10_single_refY,GP_IIa_4.5mm_closed_R10_single_refY_005,2,GP_IIa_4.5mm_closed_R10_single_refY_005-raw02-24,,0,
B0,GP_IIa_4.5mm_closed_R10_single_refY,GP_IIa_4.5mm_closed_R10_single_refY_005,3,GP_IIa_4.5mm_closed_R10_single_refY_005-raw03-19,,0,
B1,GP_IIa_4.5mm_closed_R10_single_refY,GP_IIa_4.5mm_closed_R10_single_refY_005,3,GP_IIa_4.5mm_closed_R10_single_refY_005-raw03-19,,0,
B2,GP_IIa_4.5mm_closed_R10_single_refY,GP_IIa_4.5mm_closed_R10_single_refY_005,3,GP_IIa_4.5mm_closed_R10_single_refY_005-raw03-19,,0,
B3,GP_IIa_4.5mm_closed_R10_single_refY,GP_IIa_4.5mm_closed_R10_single_refY_005,3,GP_IIa_4.5mm_closed_R10_single_refY_005-raw03-19,,0,
B0,GP_IIa_4.5mm_closed_R10_single_refY,GP_IIa_4.5mm_closed_R10_single_refY_005,4,GP_IIa_4.5mm_closed_R10_single_refY_005-raw04-05,,0,
B1,GP_IIa_4.5mm_closed_R10_single_refY,GP_IIa_4.5mm_closed_R10_single_refY_005,4,GP_IIa_4.5mm_closed_R10_single_refY_005-raw04-05,,0,
B2,GP_IIa_4.5mm_closed_R10_single_refY,GP_IIa_4.5mm_closed_R10_single_refY_005,4,GP_IIa_4.5mm_closed_R10_single_refY_005-raw04-05,,0,
B3,GP_IIa_4.5mm_closed_R10_single_refY,GP_IIa_4.5mm_closed_R10_single_refY_005,4,GP_IIa_4.5mm_closed_R10_single_refY_005-raw04-05,,0,
B0,GP_IIa_4.5mm_closed_R10_single_refY,GP_IIa_4.5mm_closed_R10_single_refY_005,5,GP_IIa_4.5mm_closed_R10_single_refY_005-raw05-21,,0,
B1,GP_IIa_4.5mm_closed_R10_single_refY,GP_IIa_4.5mm_closed_R10_single_refY_005,5,GP_IIa_4.5mm_closed_R10_single_refY_005-raw05-21,,0,
B2,GP_IIa_4.5mm_closed_R10_single_refY,GP_IIa_4.5mm_closed_R10_single_refY_005,5,GP_IIa_4.5mm_closed_R10_single_refY_005-raw05-21,,0,
B3,GP_IIa_4.5mm_closed_R10_single_refY,GP_IIa_4.5mm_closed_R10_single_refY_005,5,GP_IIa_4.5mm_closed_R10_single_refY_005-raw05-21,,0,
B0,GP_IIa_5.2mm_closed_R10_single_refY,GP_IIa_5.2mm_closed_R10_single_refY_001,1,GP_IIa_5.2mm_closed_R10_single_refY_001-raw01-23,,0,
B1,GP_IIa_5.2mm_closed_R10_single_refY,GP_IIa_5.2mm_closed_R10_single_refY_001,1,GP_IIa_5.2mm_closed_R10_single_refY_001-raw01-23,,0,
B2,GP_IIa_5.2mm_closed_R10_single_refY,GP_IIa_5.2mm_closed_R10_single_refY_001,1,GP_IIa_5.2mm_closed_R10_single_refY_001-raw01-23,,0,
B3,GP_IIa_5.2mm_closed_R10_single_refY,GP_IIa_5.2mm_closed_R10_single_refY_001,1,GP_IIa_5.2mm_closed_R10_single_refY_001-raw01-23,,0,
B0,GP_IIa_5.2mm_closed_R10_single_refY,GP_IIa_5.2mm_closed_R10_single_refY_001,2,GP_IIa_5.2mm_closed_R10_single_refY_001-raw02-19,,0,
B1,GP_IIa_5.2mm_closed_R10_single_refY,GP_IIa_5.2mm_closed_R10_single_refY_001,2,GP_IIa_5.2mm_closed_R10_single_refY_001-raw02-19,,0,
B2,GP_IIa_5.2mm_closed_R10_single_refY,GP_IIa_5.2mm_closed_R10_single_refY_001,2,GP_IIa_5.2mm_closed_R10_single_refY_001-raw02-19,,0,
B3,GP_IIa_5.2mm_closed_R10_single_refY,GP_IIa_5.2mm_closed_R10_single_refY_001,2,GP_IIa_5.2mm_closed_R10_single_refY_001-raw02-19,,0,
B0,GP_IIa_5.2mm_closed_R10_single_refY,GP_IIa_5.2mm_closed_R10_single_refY_001,3,GP_IIa_5.2mm_closed_R10_single_refY_001-raw03-09,,0,
B1,GP_IIa_5.2mm_closed_R10_single_refY,GP_IIa_5.2mm_closed_R10_single_refY_001,3,GP_IIa_5.2mm_closed_R10_single_refY_001-raw03-09,,0,
B2,GP_IIa_5.2mm_closed_R10_single_refY,GP_IIa_5.2mm_closed_R10_single_refY_001,3,GP_IIa_5.2mm_closed_R10_single_refY_001-raw03-09,,0,
B3,GP_IIa_5.2mm_closed_R10_single_refY,GP_IIa_5.2mm_closed_R10_single_refY_001,3,GP_IIa_5.2mm_closed_R10_single_refY_001-raw03-09,,0,
B0,GP_IIa_5.2mm_closed_R10_single_refY,GP_IIa_5.2mm_closed_R10_single_refY_001,4,GP_IIa_5.2mm_closed_R10_single_refY_001-raw04-17,,0,
B1,GP_IIa_5.2mm_closed_R10_single_refY,GP_IIa_5.2mm_closed_R10_single_refY_001,4,GP_IIa_5.2mm_closed_R10_single_refY_001-raw04-17,,0,
B2,GP_IIa_5.2mm_closed_R10_single_refY,GP_IIa_5.2mm_closed_R10_single_refY_001,4,GP_IIa_5.2mm_closed_R10_single_refY_001-raw04-17,,0,
B3,GP_IIa_5.2mm_closed_R10_single_refY,GP_IIa_5.2mm_closed_R10_single_refY_001,4,GP_IIa_5.2mm_closed_R10_single_refY_001-raw04-17,,0,
B0,GP_IIa_5.2mm_closed_R10_single_refY,GP_IIa_5.2mm_closed_R10_single_refY_001,5,GP_IIa_5.2mm_closed_R10_single_refY_001-raw05-15,,0,
B1,GP_IIa_5.2mm_closed_R10_single_refY,GP_IIa_5.2mm_closed_R10_single_refY_001,5,GP_IIa_5.2mm_closed_R10_single_refY_001-raw05-15,,0,
B2,GP_IIa_5.2mm_closed_R10_single_refY,GP_IIa_5.2mm_closed_R10_single_refY_001,5,GP_IIa_5.2mm_closed_R10_single_refY_001-raw05-15,,0,
B3,GP_IIa_5.2mm_closed_R10_single_refY,GP_IIa_5.2mm_closed_R10_single_refY_001,5,GP_IIa_5.2mm_closed_R10_single_refY_001-raw05-15,,0,
B0,GP_IIa_5.2mm_closed_R10_single_refY,GP_IIa_5.2mm_closed_R10_single_refY_004,1,GP_IIa_5.2mm_closed_R10_single_refY_004-raw01-12,,0,
B1,GP_IIa_5.2mm_closed_R10_single_refY,GP_IIa_5.2mm_closed_R10_single_refY_004,1,GP_IIa_5.2mm_closed_R10_single_refY_004-raw01-12,,0,
B2,GP_IIa_5.2mm_closed_R10_single_refY,GP_IIa_5.2mm_closed_R10_single_refY_004,1,GP_IIa_5.2mm_closed_R10_single_refY_004-raw01-12,,0,
B3,GP_IIa_5.2mm_closed_R10_single_refY,GP_IIa_5.2mm_closed_R10_single_refY_004,1,GP_IIa_5.2mm_closed_R10_single_refY_004-raw01-12,,0,
B0,GP_IIa_5.2mm_closed_R10_single_refY,GP_IIa_5.2mm_closed_R10_single_refY_004,2,GP_IIa_5.2mm_closed_R10_single_refY_004-raw02-01,,0,
B1,GP_IIa_5.2mm_closed_R10_single_refY,GP_IIa_5.2mm_closed_R10_single_refY_004,2,GP_IIa_5.2mm_closed_R10_single_refY_004-raw02-01,,0,
B2,GP_IIa_5.2mm_closed_R10_single_refY,GP_IIa_5.2mm_closed_R10_single_refY_004,2,GP_IIa_5.2mm_closed_R10_single_refY_004-raw02-01,,0,
B3,GP_IIa_5.2mm_closed_R10_single_refY,GP_IIa_5.2mm_closed_R10_single_refY_004,2,GP_IIa_5.2mm_closed_R10_single_refY_004-raw02-01,,0,
B0,GP_IIa_5.2mm_closed_R10_single_refY,GP_IIa_5.2mm_closed_R10_single_refY_004,3,GP_IIa_5.2mm_closed_R10_single_refY_004-raw03-23,,0,
B1,GP_IIa_5.2mm_closed_R10_single_refY,GP_IIa_5.2mm_closed_R10_single_refY_004,3,GP_IIa_5.2mm_closed_R10_single_refY_004-raw03-23,,0,
B2,GP_IIa_5.2mm_closed_R10_single_refY,GP_IIa_5.2mm_closed_R10_single_refY_004,3,GP_IIa_5.2mm_closed_R10_single_refY_004-raw03-23,,0,
B3,GP_IIa_5.2mm_closed_R10_single_refY,GP_IIa_5.2mm_closed_R10_single_refY_004,3,GP_IIa_5.2mm_closed_R10_single_refY_004-raw03-23,,0,
B0,GP_IIa_5.2mm_closed_R10_single_refY,GP_IIa_5.2mm_closed_R10_single_refY_004,4,GP_IIa_5.2mm_closed_R10_single_refY_004-raw04-06,,0,
B1,GP_IIa_5.2mm_closed_R10_single_refY,GP_IIa_5.2mm_closed_R10_single_refY_004,4,GP_IIa_5.2mm_closed_R10_single_refY_004-raw04-06,,0,
B2,GP_IIa_5.2mm_closed_R10_single_refY,GP_IIa_5.2mm_closed_R10_single_refY_004,4,GP_IIa_5.2mm_closed_R10_single_refY_004-raw04-06,,0,
B3,GP_IIa_5.2mm_closed_R10_single_refY,GP_IIa_5.2mm_closed_R10_single_refY_004,4,GP_IIa_5.2mm_closed_R10_single_refY_004-raw04-06,,0,
B0,GP_IIa_5.2mm_closed_R10_single_refY,GP_IIa_5.2mm_closed_R10_single_refY_004,5,GP_IIa_5.2mm_closed_R10_single_refY_004-raw05-04,,0,
B1,GP_IIa_5.2mm_closed_R10_single_refY,GP_IIa_5.2mm_closed_R10_single_refY_004,5,GP_IIa_5.2mm_closed_R10_single_refY_004-raw05-04,,0,
B2,GP_IIa_5.2mm_closed_R10_single_refY,GP_IIa_5.2mm_closed_R10_single_refY_004,5,GP_IIa_5.2mm_closed_R10_single_refY_004-raw05-04,,0,
B3,GP_IIa_5.2mm_closed_R10_single_refY,GP_IIa_5.2mm_closed_R10_single_refY_004,5,GP_IIa_5.2mm_closed_R10_single_refY_004-raw05-04,,0,
B0,GP_IIa_9.5mm_closed_R5_single_refY,GP_IIa_9.5mm_closed_R5_single_refY_004,1,GP_IIa_9.5mm_closed_R5_single_refY_004-raw01-10,9.843426779269056,7,0.02
B1,GP_IIa_9.5mm_closed_R5_single_refY,GP_IIa_9.5mm_closed_R5_single_refY_004,1,GP_IIa_9.5mm_closed_R5_single_refY_004-raw01-10,9.843426779269057,7,0.02
B2,GP_IIa_9.5mm_closed_R5_single_refY,GP_IIa_9.5mm_closed_R5_single_refY_004,1,GP_IIa_9.5mm_closed_R5_single_refY_004-raw01-10,9.845308409771919,7,0.02
B3,GP_IIa_9.5mm_closed_R5_single_refY,GP_IIa_9.5mm_closed_R5_single_refY_004,1,GP_IIa_9.5mm_closed_R5_single_refY_004-raw01-10,9.845308409771919,7,0.02
B0,GP_IIa_9.5mm_closed_R5_single_refY,GP_IIa_9.5mm_closed_R5_single_refY_004,2,GP_IIa_9.5mm_closed_R5_single_refY_004-raw02-24,9.312161159530564,7,0.02
B1,GP_IIa_9.5mm_closed_R5_single_refY,GP_IIa_9.5mm_closed_R5_single_refY_004,2,GP_IIa_9.5mm_closed_R5_single_refY_004-raw02-24,9.291595065867588,7,0.02
B2,GP_IIa_9.5mm_closed_R5_single_refY,GP_IIa_9.5mm_closed_R5_single_refY_004,2,GP_IIa_9.5mm_closed_R5_single_refY_004-raw02-24,9.287899207532794,7,0.02
B3,GP_IIa_9.5mm_closed_R5_single_refY,GP_IIa_9.5mm_closed_R5_single_refY_004,2,GP_IIa_9.5mm_closed_R5_single_refY_004-raw02-24,9.287899207532794,7,0.02
B0,GP_IIa_9.5mm_closed_R5_single_refY,GP_IIa_9.5mm_closed_R5_single_refY_004,3,GP_IIa_9.5mm_closed_R5_single_refY_004-raw03-02,9.220484798515123,7,0.02
B1,GP_IIa_9.5mm_closed_R5_single_refY,GP_IIa_9.5mm_closed_R5_single_refY_004,3,GP_IIa_9.5mm_closed_R5_single_refY_004-raw03-02,9.220484798515123,7,0.02
B2,GP_IIa_9.5mm_closed_R5_single_refY,GP_IIa_9.5mm_closed_R5_single_refY_004,3,GP_IIa_9.5mm_closed_R5_single_refY_004-raw03-02,9.21382374564413,7,0.02
B3,GP_IIa_9.5mm_closed_R5_single_refY,GP_IIa_9.5mm_closed_R5_single_refY_004,3,GP_IIa_9.5mm_closed_R5_single_refY_004-raw03-02,9.21382374564413,7,0.02
B0,GP_IIa_9.5mm_closed_R5_single_refY,GP_IIa_9.5mm_closed_R5_single_refY_004,4,GP_IIa_9.5mm_closed_R5_single_refY_004-raw04-01,9.558245176878623,7,0.02
B1,GP_IIa_9.5mm_closed_R5_single_refY,GP_IIa_9.5mm_closed_R5_single_refY_004,4,GP_IIa_9.5mm_closed_R5_single_refY_004-raw04-01,9.469014672558197,7,0.02
B2,GP_IIa_9.5mm_closed_R5_single_refY,GP_IIa_9.5mm_closed_R5_single_refY_004,4,GP_IIa_9.5mm_closed_R5_single_refY_004-raw04-01,9.48085379015028,7,0.02
B3,GP_IIa_9.5mm_closed_R5_single_refY,GP_IIa_9.5mm_closed_R5_single_refY_004,4,GP_IIa_9.5mm_closed_R5_single_refY_004-raw04-01,9.490685427557912,7,0.02
B0,GP_IIa_9.5mm_closed_R5_single_refY,GP_IIa_9.5mm_closed_R5_single_refY_004,5,GP_IIa_9.5mm_closed_R5_single_refY_004-raw05-03,9.04519051553392,7,0.02
B1,GP_IIa_9.5mm_closed_R5_single_refY,GP_IIa_9.5mm_closed_R5_single_refY_004,5,GP_IIa_9.5mm_closed_R5_single_refY_004-raw05-03,9.04865132109136,7,0.02
B2,GP_IIa_9.5mm_closed_R5_single_refY,GP_IIa_9.5mm_closed_R5_single_refY_004,5,GP_IIa_9.5mm_closed_R5_single_refY_004-raw05-03,9.067168095106288,7,0.02
B3,GP_IIa_9.5mm_closed_R5_single_refY,GP_IIa_9.5mm_closed_R5_single_refY_004,5,GP_IIa_9.5mm_closed_R5_single_refY_004-raw05-03,9.067168095106288,7,0.02
B0,GP_IIa_9.5mm_closed_R5_single_refY,GP_IIa_9.5mm_closed_R5_single_refY_005,1,GP_IIa_9.5mm_closed_R5_single_refY_005-raw01-16,7.337504101418491,7,0.02
B1,GP_IIa_9.5mm_closed_R5_single_refY,GP_IIa_9.5mm_closed_R5_single_refY_005,1,GP_IIa_9.5mm_closed_R5_single_refY_005-raw01-16,7.333332918714713,7,0.02
B2,GP_IIa_9.5mm_closed_R5_single_refY,GP_IIa_9.5mm_closed_R5_single_refY_005,1,GP_IIa_9.5mm_closed_R5_single_refY_005-raw01-16,7.332207956944307,7,0.02
B3,GP_IIa_9.5mm_closed_R5_single_refY,GP_IIa_9.5mm_closed_R5_single_refY_005,1,GP_IIa_9.5mm_closed_R5_single_refY_005-raw01-16,7.332207956944307,7,0.02
B0,GP_IIa_9.5mm_closed_R5_single_refY,GP_IIa_9.5mm_closed_R5_single_refY_005,2,GP_IIa_9.5mm_closed_R5_single_refY_005-raw02-07,7.567806399958471,7,0.02
B1,GP_IIa_9.5mm_closed_R5_single_refY,GP_IIa_9.5mm_closed_R5_single_refY_005,2,GP_IIa_9.5mm_closed_R5_single_refY_005-raw02-07,7.567806399958471,7,0.02
B2,GP_IIa_9.5mm_closed_R5_single_refY,GP_IIa_9.5mm_closed_R5_single_refY_005,2,GP_IIa_9.5mm_closed_R5_single_refY_005-raw02-07,7.547897407019094,7,0.02
B3,GP_IIa_9.5mm_closed_R5_single_refY,GP_IIa_9.5mm_closed_R5_single_refY_005,2,GP_IIa_9.5mm_closed_R5_single_refY_005-raw02-07,7.547897407019094,7,0.02
B0,GP_IIa_9.5mm_closed_R5_single_refY,GP_IIa_9.5mm_closed_R5_single_refY_005,3,GP_IIa_9.5mm_closed_R5_single_refY_005-raw03-12,7.325120654203567,7,0.02
B1,GP_IIa_9.5mm_closed_R5_single_refY,GP_IIa_9.5mm_closed_R5_single_refY_005,3,GP_IIa_9.5mm_closed_R5_single_refY_005-raw03-12,7.334327550284243,7,0.02
B2,GP_IIa_9.5mm_closed_R5_single_refY,GP_IIa_9.5mm_closed_R5_single_refY_005,3,GP_IIa_9.5mm_closed_R5_single_refY_005-raw03-12,7.348344246262687,7,0.02
B3,GP_IIa_9.5mm_closed_R5_single_refY,GP_IIa_9.5mm_closed_R5_single_refY_005,3,GP_IIa_9.5mm_closed_R5_single_refY_005-raw03-12,7.348344246262687,7,0.02
B0,GP_IIa_9.5mm_closed_R5_single_refY,GP_IIa_9.5mm_closed_R5_single_refY_005,4,GP_IIa_9.5mm_closed_R5_single_refY_005-raw04-08,7.914653921142939,7,0.02
B1,GP_IIa_9.5mm_closed_R5_single_refY,GP_IIa_9.5mm_closed_R5_single_refY_005,4,GP_IIa_9.5mm_closed_R5_single_refY_005-raw04-08,7.914653921142939,7,0.02
B2,GP_IIa_9.5mm_closed_R5_single_refY,GP_IIa_9.5mm_closed_R5_single_refY_005,4,GP_IIa_9.5mm_closed_R5_single_refY_005-raw04-08,7.8491992081007,7,0.02
B3,GP_IIa_9.5mm_closed_R5_single_refY,GP_IIa_9.5mm_closed_R5_single_refY_005,4,GP_IIa_9.5mm_closed_R5_single_refY_005-raw04-08,7.8491992081007,7,0.02
B0,GP_IIa_9.5mm_closed_R5_single_refY,GP_IIa_9.5mm_closed_R5_single_refY_005,5,GP_IIa_9.5mm_closed_R5_single_refY_005-raw05-11,7.791463088602736,7,0.02
B1,GP_IIa_9.5mm_closed_R5_single_refY,GP_IIa_9.5mm_closed_R5_single_refY_005,5,GP_IIa_9.5mm_closed_R5_single_refY_005-raw05-11,7.791463088602735,7,0.02
B2,GP_IIa_9.5mm_closed_R5_single_refY,GP_IIa_9.5mm_closed_R5_single_refY_005,5,GP_IIa_9.5mm_closed_R5_single_refY_005-raw05-11,7.7949592788494195,7,0.02
B3,GP_IIa_9.5mm_closed_R5_single_refY,GP_IIa_9.5mm_closed_R5_single_refY_005,5,GP_IIa_9.5mm_closed_R5_single_refY_005-raw05-11,7.7949592788494195,7,0.02
B0,GP_Ip_10.3mm_closed_R5_single_refY,GP_Ip_10.3mm_closed_R5_single_refY_005,1,GP_Ip_10.3mm_closed_R5_single_refY_005-raw01-10,10.173558689432678,7,0.02
B1,GP_Ip_10.3mm_closed_R5_single_refY,GP_Ip_10.3mm_closed_R5_single_refY_005,1,GP_Ip_10.3mm_closed_R5_single_refY_005-raw01-10,10.17348941530451,7,0.02
B2,GP_Ip_10.3mm_closed_R5_single_refY,GP_Ip_10.3mm_closed_R5_single_refY_005,1,GP_Ip_10.3mm_closed_R5_single_refY_005-raw01-10,10.172037513707368,7,0.02
B3,GP_Ip_10.3mm_closed_R5_single_refY,GP_Ip_10.3mm_closed_R5_single_refY_005,1,GP_Ip_10.3mm_closed_R5_single_refY_005-raw01-10,10.172037513707368,7,0.02
B0,GP_Ip_10.3mm_closed_R5_single_refY,GP_Ip_10.3mm_closed_R5_single_refY_005,2,GP_Ip_10.3mm_closed_R5_single_refY_005-raw02-02,10.553960407553625,7,0.02
B1,GP_Ip_10.3mm_closed_R5_single_refY,GP_Ip_10.3mm_closed_R5_single_refY_005,2,GP_Ip_10.3mm_closed_R5_single_refY_005-raw02-02,10.554072527549407,7,0.02
B2,GP_Ip_10.3mm_closed_R5_single_refY,GP_Ip_10.3mm_closed_R5_single_refY_005,2,GP_Ip_10.3mm_closed_R5_single_refY_005-raw02-02,10.581238038545994,7,0.02
B3,GP_Ip_10.3mm_closed_R5_single_refY,GP_Ip_10.3mm_closed_R5_single_refY_005,2,GP_Ip_10.3mm_closed_R5_single_refY_005-raw02-02,10.581238038545994,7,0.02
B0,GP_Ip_10.3mm_closed_R5_single_refY,GP_Ip_10.3mm_closed_R5_single_refY_005,3,GP_Ip_10.3mm_closed_R5_single_refY_005-raw03-08,12.482600740811613,5,0.02
B1,GP_Ip_10.3mm_closed_R5_single_refY,GP_Ip_10.3mm_closed_R5_single_refY_005,3,GP_Ip_10.3mm_closed_R5_single_refY_005-raw03-08,12.50682129867594,5,0.02
B2,GP_Ip_10.3mm_closed_R5_single_refY,GP_Ip_10.3mm_closed_R5_single_refY_005,3,GP_Ip_10.3mm_closed_R5_single_refY_005-raw03-08,12.554396351619527,5,0.02
B3,GP_Ip_10.3mm_closed_R5_single_refY,GP_Ip_10.3mm_closed_R5_single_refY_005,3,GP_Ip_10.3mm_closed_R5_single_refY_005-raw03-08,12.554396351619527,5,0.02
B0,GP_Ip_10.3mm_closed_R5_single_refY,GP_Ip_10.3mm_closed_R5_single_refY_005,4,GP_Ip_10.3mm_closed_R5_single_refY_005-raw04-24,9.613179055940709,7,0.02
B1,GP_Ip_10.3mm_closed_R5_single_refY,GP_Ip_10.3mm_closed_R5_single_refY_005,4,GP_Ip_10.3mm_closed_R5_single_refY_005-raw04-24,9.607863563922573,7,0.02
B2,GP_Ip_10.3mm_closed_R5_single_refY,GP_Ip_10.3mm_closed_R5_single_refY_005,4,GP_Ip_10.3mm_closed_R5_single_refY_005-raw04-24,9.600289005795904,7,0.02
B3,GP_Ip_10.3mm_closed_R5_single_refY,GP_Ip_10.3mm_closed_R5_single_refY_005,4,GP_Ip_10.3mm_closed_R5_single_refY_005-raw04-24,9.600289005795904,7,0.02
B0,GP_Ip_10.3mm_closed_R5_single_refY,GP_Ip_10.3mm_closed_R5_single_refY_005,5,GP_Ip_10.3mm_closed_R5_single_refY_005-raw05-22,9.515839523598398,7,0.02
B1,GP_Ip_10.3mm_closed_R5_single_refY,GP_Ip_10.3mm_closed_R5_single_refY_005,5,GP_Ip_10.3mm_closed_R5_single_refY_005-raw05-22,9.517452245338456,7,0.02
B2,GP_Ip_10.3mm_closed_R5_single_refY,GP_Ip_10.3mm_closed_R5_single_refY_005,5,GP_Ip_10.3mm_closed_R5_single_refY_005-raw05-22,9.513413024136014,7,0.02
B3,GP_Ip_10.3mm_closed_R5_single_refY,GP_Ip_10.3mm_closed_R5_single_refY_005,5,GP_Ip_10.3mm_closed_R5_single_refY_005-raw05-22,9.513413024136014,7,0.02
B0,GP_Ip_12.0mm_closed_R10_single_refY,GP_Ip_12.0mm_closed_R10_single_refY_004,2,GP_Ip_12.0mm_closed_R10_single_refY_004-raw02-21,11.585323481164174,7,0.02
B1,GP_Ip_12.0mm_closed_R10_single_refY,GP_Ip_12.0mm_closed_R10_single_refY_004,2,GP_Ip_12.0mm_closed_R10_single_refY_004-raw02-21,11.583337836687374,7,0.02
B2,GP_Ip_12.0mm_closed_R10_single_refY,GP_Ip_12.0mm_closed_R10_single_refY_004,2,GP_Ip_12.0mm_closed_R10_single_refY_004-raw02-21,11.573554659318617,7,0.02
B3,GP_Ip_12.0mm_closed_R10_single_refY,GP_Ip_12.0mm_closed_R10_single_refY_004,2,GP_Ip_12.0mm_closed_R10_single_refY_004-raw02-21,11.573554659318617,7,0.02
B0,GP_Ip_12.0mm_closed_R10_single_refY,GP_Ip_12.0mm_closed_R10_single_refY_004,3,GP_Ip_12.0mm_closed_R10_single_refY_004-raw03-10,11.650644545292632,7,0.02
B1,GP_Ip_12.0mm_closed_R10_single_refY,GP_Ip_12.0mm_closed_R10_single_refY_004,3,GP_Ip_12.0mm_closed_R10_single_refY_004-raw03-10,11.651265047154522,7,0.02
B2,GP_Ip_12.0mm_closed_R10_single_refY,GP_Ip_12.0mm_closed_R10_single_refY_004,3,GP_Ip_12.0mm_closed_R10_single_refY_004-raw03-10,11.651107411731228,7,0.02
B3,GP_Ip_12.0mm_closed_R10_single_refY,GP_Ip_12.0mm_closed_R10_single_refY_004,3,GP_Ip_12.0mm_closed_R10_single_refY_004-raw03-10,11.651107411731228,7,0.02
B0,GP_Ip_12.0mm_closed_R10_single_refY,GP_Ip_12.0mm_closed_R10_single_refY_004,4,GP_Ip_12.0mm_closed_R10_single_refY_004-raw04-23,11.857485113096937,7,0.02
B1,GP_Ip_12.0mm_closed_R10_single_refY,GP_Ip_12.0mm_closed_R10_single_refY_004,4,GP_Ip_12.0mm_closed_R10_single_refY_004-raw04-23,11.903907677864215,7,0.02
B2,GP_Ip_12.0mm_closed_R10_single_refY,GP_Ip_12.0mm_closed_R10_single_refY_004,4,GP_Ip_12.0mm_closed_R10_single_refY_004-raw04-23,11.889649156837237,7,0.02
B3,GP_Ip_12.0mm_closed_R10_single_refY,GP_Ip_12.0mm_closed_R10_single_refY_004,4,GP_Ip_12.0mm_closed_R10_single_refY_004-raw04-23,11.889649156837237,7,0.02
B0,GP_Ip_12.0mm_closed_R10_single_refY,GP_Ip_12.0mm_closed_R10_single_refY_004,5,GP_Ip_12.0mm_closed_R10_single_refY_004-raw05-17,11.599924876884003,7,0.02
B1,GP_Ip_12.0mm_closed_R10_single_refY,GP_Ip_12.0mm_closed_R10_single_refY_004,5,GP_Ip_12.0mm_closed_R10_single_refY_004-raw05-17,11.5781934102549,7,0.02
B2,GP_Ip_12.0mm_closed_R10_single_refY,GP_Ip_12.0mm_closed_R10_single_refY_004,5,GP_Ip_12.0mm_closed_R10_single_refY_004-raw05-17,11.583810876357006,7,0.02
B3,GP_Ip_12.0mm_closed_R10_single_refY,GP_Ip_12.0mm_closed_R10_single_refY_004,5,GP_Ip_12.0mm_closed_R10_single_refY_004-raw05-17,11.583810876357006,7,0.02
B0,GP_Ip_12.0mm_closed_R10_single_refY,GP_Ip_12.0mm_closed_R10_single_refY_005,1,GP_Ip_12.0mm_closed_R10_single_refY_005-raw01-11,12.85112743648461,7,0.02
B1,GP_Ip_12.0mm_closed_R10_single_refY,GP_Ip_12.0mm_closed_R10_single_refY_005,1,GP_Ip_12.0mm_closed_R10_single_refY_005-raw01-11,12.798995999994505,7,0.02
B2,GP_Ip_12.0mm_closed_R10_single_refY,GP_Ip_12.0mm_closed_R10_single_refY_005,1,GP_Ip_12.0mm_closed_R10_single_refY_005-raw01-11,12.716200114606146,7,0.02
B3,GP_Ip_12.0mm_closed_R10_single_refY,GP_Ip_12.0mm_closed_R10_single_refY_005,1,GP_Ip_12.0mm_closed_R10_single_refY_005-raw01-11,12.716200114606146,7,0.02
B0,GP_Ip_12.0mm_closed_R10_single_refY,GP_Ip_12.0mm_closed_R10_single_refY_005,2,GP_Ip_12.0mm_closed_R10_single_refY_005-raw02-13,12.316798938975062,7,0.02
B1,GP_Ip_12.0mm_closed_R10_single_refY,GP_Ip_12.0mm_closed_R10_single_refY_005,2,GP_Ip_12.0mm_closed_R10_single_refY_005-raw02-13,12.32941771524631,7,0.02
B2,GP_Ip_12.0mm_closed_R10_single_refY,GP_Ip_12.0mm_closed_R10_single_refY_005,2,GP_Ip_12.0mm_closed_R10_single_refY_005-raw02-13,12.330285720794096,7,0.02
B3,GP_Ip_12.0mm_closed_R10_single_refY,GP_Ip_12.0mm_closed_R10_single_refY_005,2,GP_Ip_12.0mm_closed_R10_single_refY_005-raw02-13,12.330285720794096,7,0.02
B0,GP_Ip_12.0mm_closed_R10_single_refY,GP_Ip_12.0mm_closed_R10_single_refY_005,3,GP_Ip_12.0mm_closed_R10_single_refY_005-raw03-12,12.004148253784576,7,0.02
B1,GP_Ip_12.0mm_closed_R10_single_refY,GP_Ip_12.0mm_closed_R10_single_refY_005,3,GP_Ip_12.0mm_closed_R10_single_refY_005-raw03-12,12.004148253784576,7,0.02
B2,GP_Ip_12.0mm_closed_R10_single_refY,GP_Ip_12.0mm_closed_R10_single_refY_005,3,GP_Ip_12.0mm_closed_R10_single_refY_005-raw03-12,12.027546769441726,7,0.02
B3,GP_Ip_12.0mm_closed_R10_single_refY,GP_Ip_12.0mm_closed_R10_single_refY_005,3,GP_Ip_12.0mm_closed_R10_single_refY_005-raw03-12,12.027546769441726,7,0.02
B0,GP_Ip_12.0mm_closed_R10_single_refY,GP_Ip_12.0mm_closed_R10_single_refY_005,4,GP_Ip_12.0mm_closed_R10_single_refY_005-raw04-02,11.804695312494362,7,0.02
B1,GP_Ip_12.0mm_closed_R10_single_refY,GP_Ip_12.0mm_closed_R10_single_refY_005,4,GP_Ip_12.0mm_closed_R10_single_refY_005-raw04-02,11.804695312494362,7,0.02
B2,GP_Ip_12.0mm_closed_R10_single_refY,GP_Ip_12.0mm_closed_R10_single_refY_005,4,GP_Ip_12.0mm_closed_R10_single_refY_005-raw04-02,11.830125068196342,7,0.02
B3,GP_Ip_12.0mm_closed_R10_single_refY,GP_Ip_12.0mm_closed_R10_single_refY_005,4,GP_Ip_12.0mm_closed_R10_single_refY_005-raw04-02,11.830125068196342,7,0.02
B0,GP_Ip_12.0mm_closed_R10_single_refY,GP_Ip_12.0mm_closed_R10_single_refY_005,5,GP_Ip_12.0mm_closed_R10_single_refY_005-raw05-07,11.016100980551125,7,0.02
B1,GP_Ip_12.0mm_closed_R10_single_refY,GP_Ip_12.0mm_closed_R10_single_refY_005,5,GP_Ip_12.0mm_closed_R10_single_refY_005-raw05-07,11.015168032200318,7,0.02
B2,GP_Ip_12.0mm_closed_R10_single_refY,GP_Ip_12.0mm_closed_R10_single_refY_005,5,GP_Ip_12.0mm_closed_R10_single_refY_005-raw05-07,10.99377312375414,7,0.02
B3,GP_Ip_12.0mm_closed_R10_single_refY,GP_Ip_12.0mm_closed_R10_single_refY_005,5,GP_Ip_12.0mm_closed_R10_single_refY_005-raw05-07,10.99377312375414,7,0.02
B0,GP_Ip_12.0mm_closed_R5_single_refY,GP_Ip_12.0mm_closed_R5_single_refY_004,1,GP_Ip_12.0mm_closed_R5_single_refY_004-raw01-12,12.349052605344792,7,0.02
B1,GP_Ip_12.0mm_closed_R5_single_refY,GP_Ip_12.0mm_closed_R5_single_refY_004,1,GP_Ip_12.0mm_closed_R5_single_refY_004-raw01-12,12.349052605344793,7,0.02
B2,GP_Ip_12.0mm_closed_R5_single_refY,GP_Ip_12.0mm_closed_R5_single_refY_004,1,GP_Ip_12.0mm_closed_R5_single_refY_004-raw01-12,12.34666603304737,7,0.02
B3,GP_Ip_12.0mm_closed_R5_single_refY,GP_Ip_12.0mm_closed_R5_single_refY_004,1,GP_Ip_12.0mm_closed_R5_single_refY_004-raw01-12,12.34666603304737,7,0.02
B0,GP_Ip_12.0mm_closed_R5_single_refY,GP_Ip_12.0mm_closed_R5_single_refY_004,2,GP_Ip_12.0mm_closed_R5_single_refY_004-raw02-23,12.160053332877842,7,0.02
B1,GP_Ip_12.0mm_closed_R5_single_refY,GP_Ip_12.0mm_closed_R5_single_refY_004,2,GP_Ip_12.0mm_closed_R5_single_refY_004-raw02-23,12.16005333287784,7,0.02
B2,GP_Ip_12.0mm_closed_R5_single_refY,GP_Ip_12.0mm_closed_R5_single_refY_004,2,GP_Ip_12.0mm_closed_R5_single_refY_004-raw02-23,12.165214623168673,7,0.02
B3,GP_Ip_12.0mm_closed_R5_single_refY,GP_Ip_12.0mm_closed_R5_single_refY_004,2,GP_Ip_12.0mm_closed_R5_single_refY_004-raw02-23,12.165214623168673,7,0.02
B0,GP_Ip_12.0mm_closed_R5_single_refY,GP_Ip_12.0mm_closed_R5_single_refY_004,3,GP_Ip_12.0mm_closed_R5_single_refY_004-raw03-12,12.009231880600536,7,0.02
B1,GP_Ip_12.0mm_closed_R5_single_refY,GP_Ip_12.0mm_closed_R5_single_refY_004,3,GP_Ip_12.0mm_closed_R5_single_refY_004-raw03-12,12.011138239955656,7,0.02
B2,GP_Ip_12.0mm_closed_R5_single_refY,GP_Ip_12.0mm_closed_R5_single_refY_004,3,GP_Ip_12.0mm_closed_R5_single_refY_004-raw03-12,12.009895999862547,7,0.02
B3,GP_Ip_12.0mm_closed_R5_single_refY,GP_Ip_12.0mm_closed_R5_single_refY_004,3,GP_Ip_12.0mm_closed_R5_single_refY_004-raw03-12,12.009895999862547,7,0.02
B0,GP_Ip_12.0mm_closed_R5_single_refY,GP_Ip_12.0mm_closed_R5_single_refY_004,4,GP_Ip_12.0mm_closed_R5_single_refY_004-raw04-21,11.97657910300115,7,0.02
B1,GP_Ip_12.0mm_closed_R5_single_refY,GP_Ip_12.0mm_closed_R5_single_refY_004,4,GP_Ip_12.0mm_closed_R5_single_refY_004-raw04-21,11.974067203520919,7,0.02
B2,GP_Ip_12.0mm_closed_R5_single_refY,GP_Ip_12.0mm_closed_R5_single_refY_004,4,GP_Ip_12.0mm_closed_R5_single_refY_004-raw04-21,11.976621646031882,7,0.02
B3,GP_Ip_12.0mm_closed_R5_single_refY,GP_Ip_12.0mm_closed_R5_single_refY_004,4,GP_Ip_12.0mm_closed_R5_single_refY_004-raw04-21,11.976621646031882,7,0.02
B0,GP_Ip_12.0mm_closed_R5_single_refY,GP_Ip_12.0mm_closed_R5_single_refY_004,5,GP_Ip_12.0mm_closed_R5_single_refY_004-raw05-16,12.118287766143377,7,0.02
B1,GP_Ip_12.0mm_closed_R5_single_refY,GP_Ip_12.0mm_closed_R5_single_refY_004,5,GP_Ip_12.0mm_closed_R5_single_refY_004-raw05-16,12.116242755259142,7,0.02
B2,GP_Ip_12.0mm_closed_R5_single_refY,GP_Ip_12.0mm_closed_R5_single_refY_004,5,GP_Ip_12.0mm_closed_R5_single_refY_004-raw05-16,12.116434533804078,7,0.02
B3,GP_Ip_12.0mm_closed_R5_single_refY,GP_Ip_12.0mm_closed_R5_single_refY_004,5,GP_Ip_12.0mm_closed_R5_single_refY_004-raw05-16,12.116434533804078,7,0.02
B0,GP_Ip_12.0mm_closed_R5_single_refY,GP_Ip_12.0mm_closed_R5_single_refY_005,1,GP_Ip_12.0mm_closed_R5_single_refY_005-raw01-02,10.421856943592148,7,0.02
B1,GP_Ip_12.0mm_closed_R5_single_refY,GP_Ip_12.0mm_closed_R5_single_refY_005,1,GP_Ip_12.0mm_closed_R5_single_refY_005-raw01-02,10.41359965320085,7,0.02
B2,GP_Ip_12.0mm_closed_R5_single_refY,GP_Ip_12.0mm_closed_R5_single_refY_005,1,GP_Ip_12.0mm_closed_R5_single_refY_005-raw01-02,10.414386096664106,7,0.02
B3,GP_Ip_12.0mm_closed_R5_single_refY,GP_Ip_12.0mm_closed_R5_single_refY_005,1,GP_Ip_12.0mm_closed_R5_single_refY_005-raw01-02,10.414386096664106,7,0.02
B0,GP_Ip_12.0mm_closed_R5_single_refY,GP_Ip_12.0mm_closed_R5_single_refY_005,2,GP_Ip_12.0mm_closed_R5_single_refY_005-raw02-23,10.308011823138232,7,0.02
B1,GP_Ip_12.0mm_closed_R5_single_refY,GP_Ip_12.0mm_closed_R5_single_refY_005,2,GP_Ip_12.0mm_closed_R5_single_refY_005-raw02-23,10.308321083219743,7,0.02
B2,GP_Ip_12.0mm_closed_R5_single_refY,GP_Ip_12.0mm_closed_R5_single_refY_005,2,GP_Ip_12.0mm_closed_R5_single_refY_005-raw02-23,10.355494606505264,7,0.02
B3,GP_Ip_12.0mm_closed_R5_single_refY,GP_Ip_12.0mm_closed_R5_single_refY_005,2,GP_Ip_12.0mm_closed_R5_single_refY_005-raw02-23,10.355494606505264,7,0.02
B0,GP_Ip_12.0mm_closed_R5_single_refY,GP_Ip_12.0mm_closed_R5_single_refY_005,3,GP_Ip_12.0mm_closed_R5_single_refY_005-raw03-16,10.505299343365456,7,0.02
B1,GP_Ip_12.0mm_closed_R5_single_refY,GP_Ip_12.0mm_closed_R5_single_refY_005,3,GP_Ip_12.0mm_closed_R5_single_refY_005-raw03-16,10.50326914493771,7,0.02
B2,GP_Ip_12.0mm_closed_R5_single_refY,GP_Ip_12.0mm_closed_R5_single_refY_005,3,GP_Ip_12.0mm_closed_R5_single_refY_005-raw03-16,10.496720607688195,7,0.02
B3,GP_Ip_12.0mm_closed_R5_single_refY,GP_Ip_12.0mm_closed_R5_single_refY_005,3,GP_Ip_12.0mm_closed_R5_single_refY_005-raw03-16,10.496720607688195,7,0.02
B0,GP_Ip_12.0mm_closed_R5_single_refY,GP_Ip_12.0mm_closed_R5_single_refY_005,4,GP_Ip_12.0mm_closed_R5_single_refY_005-raw04-06,10.472465895459653,7,0.02
B1,GP_Ip_12.0mm_closed_R5_single_refY,GP_Ip_12.0mm_closed_R5_single_refY_005,4,GP_Ip_12.0mm_closed_R5_single_refY_005-raw04-06,10.474083595715326,7,0.02
B2,GP_Ip_12.0mm_closed_R5_single_refY,GP_Ip_12.0mm_closed_R5_single_refY_005,4,GP_Ip_12.0mm_closed_R5_single_refY_005-raw04-06,10.479877723469075,7,0.02
B3,GP_Ip_12.0mm_closed_R5_single_refY,GP_Ip_12.0mm_closed_R5_single_refY_005,4,GP_Ip_12.0mm_closed_R5_single_refY_005-raw04-06,10.479877723469075,7,0.02
B0,GP_Ip_12.0mm_closed_R5_single_refY,GP_Ip_12.0mm_closed_R5_single_refY_005,5,GP_Ip_12.0mm_closed_R5_single_refY_005-raw05-24,10.540609949371545,7,0.02
B1,GP_Ip_12.0mm_closed_R5_single_refY,GP_Ip_12.0mm_closed_R5_single_refY_005,5,GP_Ip_12.0mm_closed_R5_single_refY_005-raw05-24,10.591049212891404,7,0.02
B2,GP_Ip_12.0mm_closed_R5_single_refY,GP_Ip_12.0mm_closed_R5_single_refY_005,5,GP_Ip_12.0mm_closed_R5_single_refY_005-raw05-24,10.585107792801587,7,0.02
B3,GP_Ip_12.0mm_closed_R5_single_refY,GP_Ip_12.0mm_closed_R5_single_refY_005,5,GP_Ip_12.0mm_closed_R5_single_refY_005-raw05-24,10.585107792801587,7,0.02
B0,GP_Ip_2.9mm_closed_R10_single_refY,GP_Ip_2.9mm_closed_R10_single_refY_004,1,GP_Ip_2.9mm_closed_R10_single_refY_004-raw01-07,,0,
B1,GP_Ip_2.9mm_closed_R10_single_refY,GP_Ip_2.9mm_closed_R10_single_refY_004,1,GP_Ip_2.9mm_closed_R10_single_refY_004-raw01-07,,0,
B2,GP_Ip_2.9mm_closed_R10_single_refY,GP_Ip_2.9mm_closed_R10_single_refY_004,1,GP_Ip_2.9mm_closed_R10_single_refY_004-raw01-07,,0,
B3,GP_Ip_2.9mm_closed_R10_single_refY,GP_Ip_2.9mm_closed_R10_single_refY_004,1,GP_Ip_2.9mm_closed_R10_single_refY_004-raw01-07,,0,
B0,GP_Ip_2.9mm_closed_R10_single_refY,GP_Ip_2.9mm_closed_R10_single_refY_004,2,GP_Ip_2.9mm_closed_R10_single_refY_004-raw02-19,,0,
B1,GP_Ip_2.9mm_closed_R10_single_refY,GP_Ip_2.9mm_closed_R10_single_refY_004,2,GP_Ip_2.9mm_closed_R10_single_refY_004-raw02-19,,0,
B2,GP_Ip_2.9mm_closed_R10_single_refY,GP_Ip_2.9mm_closed_R10_single_refY_004,2,GP_Ip_2.9mm_closed_R10_single_refY_004-raw02-19,,0,
B3,GP_Ip_2.9mm_closed_R10_single_refY,GP_Ip_2.9mm_closed_R10_single_refY_004,2,GP_Ip_2.9mm_closed_R10_single_refY_004-raw02-19,,0,
B0,GP_Ip_2.9mm_closed_R10_single_refY,GP_Ip_2.9mm_closed_R10_single_refY_004,3,GP_Ip_2.9mm_closed_R10_single_refY_004-raw03-08,,0,
B1,GP_Ip_2.9mm_closed_R10_single_refY,GP_Ip_2.9mm_closed_R10_single_refY_004,3,GP_Ip_2.9mm_closed_R10_single_refY_004-raw03-08,,0,
B2,GP_Ip_2.9mm_closed_R10_single_refY,GP_Ip_2.9mm_closed_R10_single_refY_004,3,GP_Ip_2.9mm_closed_R10_single_refY_004-raw03-08,,0,
B3,GP_Ip_2.9mm_closed_R10_single_refY,GP_Ip_2.9mm_closed_R10_single_refY_004,3,GP_Ip_2.9mm_closed_R10_single_refY_004-raw03-08,,0,
B0,GP_Ip_2.9mm_closed_R10_single_refY,GP_Ip_2.9mm_closed_R10_single_refY_004,4,GP_Ip_2.9mm_closed_R10_single_refY_004-raw04-03,,0,
B1,GP_Ip_2.9mm_closed_R10_single_refY,GP_Ip_2.9mm_closed_R10_single_refY_004,4,GP_Ip_2.9mm_closed_R10_single_refY_004-raw04-03,,0,
B2,GP_Ip_2.9mm_closed_R10_single_refY,GP_Ip_2.9mm_closed_R10_single_refY_004,4,GP_Ip_2.9mm_closed_R10_single_refY_004-raw04-03,,0,
B3,GP_Ip_2.9mm_closed_R10_single_refY,GP_Ip_2.9mm_closed_R10_single_refY_004,4,GP_Ip_2.9mm_closed_R10_single_refY_004-raw04-03,,0,
B0,GP_Ip_2.9mm_closed_R10_single_refY,GP_Ip_2.9mm_closed_R10_single_refY_004,5,GP_Ip_2.9mm_closed_R10_single_refY_004-raw05-17,,0,
B1,GP_Ip_2.9mm_closed_R10_single_refY,GP_Ip_2.9mm_closed_R10_single_refY_004,5,GP_Ip_2.9mm_closed_R10_single_refY_004-raw05-17,,0,
B2,GP_Ip_2.9mm_closed_R10_single_refY,GP_Ip_2.9mm_closed_R10_single_refY_004,5,GP_Ip_2.9mm_closed_R10_single_refY_004-raw05-17,,0,
B3,GP_Ip_2.9mm_closed_R10_single_refY,GP_Ip_2.9mm_closed_R10_single_refY_004,5,GP_Ip_2.9mm_closed_R10_single_refY_004-raw05-17,,0,
B0,GP_Ip_2.9mm_closed_R10_single_refY,GP_Ip_2.9mm_closed_R10_single_refY_005,1,GP_Ip_2.9mm_closed_R10_single_refY_005-raw01-02,,0,
B1,GP_Ip_2.9mm_closed_R10_single_refY,GP_Ip_2.9mm_closed_R10_single_refY_005,1,GP_Ip_2.9mm_closed_R10_single_refY_005-raw01-02,,0,
B2,GP_Ip_2.9mm_closed_R10_single_refY,GP_Ip_2.9mm_closed_R10_single_refY_005,1,GP_Ip_2.9mm_closed_R10_single_refY_005-raw01-02,,0,
B3,GP_Ip_2.9mm_closed_R10_single_refY,GP_Ip_2.9mm_closed_R10_single_refY_005,1,GP_Ip_2.9mm_closed_R10_single_refY_005-raw01-02,,0,
B0,GP_Ip_2.9mm_closed_R10_single_refY,GP_Ip_2.9mm_closed_R10_single_refY_005,2,GP_Ip_2.9mm_closed_R10_single_refY_005-raw02-11,,0,
B1,GP_Ip_2.9mm_closed_R10_single_refY,GP_Ip_2.9mm_closed_R10_single_refY_005,2,GP_Ip_2.9mm_closed_R10_single_refY_005-raw02-11,,0,
B2,GP_Ip_2.9mm_closed_R10_single_refY,GP_Ip_2.9mm_closed_R10_single_refY_005,2,GP_Ip_2.9mm_closed_R10_single_refY_005-raw02-11,,0,
B3,GP_Ip_2.9mm_closed_R10_single_refY,GP_Ip_2.9mm_closed_R10_single_refY_005,2,GP_Ip_2.9mm_closed_R10_single_refY_005-raw02-11,,0,
B0,GP_Ip_2.9mm_closed_R10_single_refY,GP_Ip_2.9mm_closed_R10_single_refY_005,3,GP_Ip_2.9mm_closed_R10_single_refY_005-raw03-11,,0,
B1,GP_Ip_2.9mm_closed_R10_single_refY,GP_Ip_2.9mm_closed_R10_single_refY_005,3,GP_Ip_2.9mm_closed_R10_single_refY_005-raw03-11,,0,
B2,GP_Ip_2.9mm_closed_R10_single_refY,GP_Ip_2.9mm_closed_R10_single_refY_005,3,GP_Ip_2.9mm_closed_R10_single_refY_005-raw03-11,,0,
B3,GP_Ip_2.9mm_closed_R10_single_refY,GP_Ip_2.9mm_closed_R10_single_refY_005,3,GP_Ip_2.9mm_closed_R10_single_refY_005-raw03-11,,0,
B0,GP_Ip_2.9mm_closed_R10_single_refY,GP_Ip_2.9mm_closed_R10_single_refY_005,4,GP_Ip_2.9mm_closed_R10_single_refY_005-raw04-20,,0,
B1,GP_Ip_2.9mm_closed_R10_single_refY,GP_Ip_2.9mm_closed_R10_single_refY_005,4,GP_Ip_2.9mm_closed_R10_single_refY_005-raw04-20,,0,
B2,GP_Ip_2.9mm_closed_R10_single_refY,GP_Ip_2.9mm_closed_R10_single_refY_005,4,GP_Ip_2.9mm_closed_R10_single_refY_005-raw04-20,,0,
B3,GP_Ip_2.9mm_closed_R10_single_refY,GP_Ip_2.9mm_closed_R10_single_refY_005,4,GP_Ip_2.9mm_closed_R10_single_refY_005-raw04-20,,0,
B0,GP_Ip_2.9mm_closed_R10_single_refY,GP_Ip_2.9mm_closed_R10_single_refY_005,5,GP_Ip_2.9mm_closed_R10_single_refY_005-raw05-20,,0,
B1,GP_Ip_2.9mm_closed_R10_single_refY,GP_Ip_2.9mm_closed_R10_single_refY_005,5,GP_Ip_2.9mm_closed_R10_single_refY_005-raw05-20,,0,
B2,GP_Ip_2.9mm_closed_R10_single_refY,GP_Ip_2.9mm_closed_R10_single_refY_005,5,GP_Ip_2.9mm_closed_R10_single_refY_005-raw05-20,,0,
B3,GP_Ip_2.9mm_closed_R10_single_refY,GP_Ip_2.9mm_closed_R10_single_refY_005,5,GP_Ip_2.9mm_closed_R10_single_refY_005-raw05-20,,0,
B0,GP_Ip_2.9mm_closed_R5_single_refY,GP_Ip_2.9mm_closed_R5_single_refY_004,2,GP_Ip_2.9mm_closed_R5_single_refY_004-raw02-10,3.9231615256780095,1,
B1,GP_Ip_2.9mm_closed_R5_single_refY,GP_Ip_2.9mm_closed_R5_single_refY_004,2,GP_Ip_2.9mm_closed_R5_single_refY_004-raw02-10,3.9231615256780086,1,
B2,GP_Ip_2.9mm_closed_R5_single_refY,GP_Ip_2.9mm_closed_R5_single_refY_004,2,GP_Ip_2.9mm_closed_R5_single_refY_004-raw02-10,,1,
B3,GP_Ip_2.9mm_closed_R5_single_refY,GP_Ip_2.9mm_closed_R5_single_refY_004,2,GP_Ip_2.9mm_closed_R5_single_refY_004-raw02-10,,1,
B0,GP_Ip_2.9mm_closed_R5_single_refY,GP_Ip_2.9mm_closed_R5_single_refY_004,3,GP_Ip_2.9mm_closed_R5_single_refY_004-raw03-22,3.753011421030727,7,0.02
B1,GP_Ip_2.9mm_closed_R5_single_refY,GP_Ip_2.9mm_closed_R5_single_refY_004,3,GP_Ip_2.9mm_closed_R5_single_refY_004-raw03-22,3.753011421030727,7,0.02
B2,GP_Ip_2.9mm_closed_R5_single_refY,GP_Ip_2.9mm_closed_R5_single_refY_004,3,GP_Ip_2.9mm_closed_R5_single_refY_004-raw03-22,3.7463140425287356,7,0.02
B3,GP_Ip_2.9mm_closed_R5_single_refY,GP_Ip_2.9mm_closed_R5_single_refY_004,3,GP_Ip_2.9mm_closed_R5_single_refY_004-raw03-22,3.7463140425287356,7,0.02
B0,GP_Ip_2.9mm_closed_R5_single_refY,GP_Ip_2.9mm_closed_R5_single_refY_004,4,GP_Ip_2.9mm_closed_R5_single_refY_004-raw04-07,3.343870481555772,2,0.02
B1,GP_Ip_2.9mm_closed_R5_single_refY,GP_Ip_2.9mm_closed_R5_single_refY_004,4,GP_Ip_2.9mm_closed_R5_single_refY_004-raw04-07,3.346433716935792,2,0.02
B2,GP_Ip_2.9mm_closed_R5_single_refY,GP_Ip_2.9mm_closed_R5_single_refY_004,4,GP_Ip_2.9mm_closed_R5_single_refY_004-raw04-07,3.3464347765356113,2,0.02
B3,GP_Ip_2.9mm_closed_R5_single_refY,GP_Ip_2.9mm_closed_R5_single_refY_004,4,GP_Ip_2.9mm_closed_R5_single_refY_004-raw04-07,3.3464347765356113,2,0.02
B0,GP_Ip_2.9mm_closed_R5_single_refY,GP_Ip_2.9mm_closed_R5_single_refY_004,5,GP_Ip_2.9mm_closed_R5_single_refY_004-raw05-23,3.606524683405104,7,0.02
B1,GP_Ip_2.9mm_closed_R5_single_refY,GP_Ip_2.9mm_closed_R5_single_refY_004,5,GP_Ip_2.9mm_closed_R5_single_refY_004-raw05-23,3.6065246834051043,7,0.02
B2,GP_Ip_2.9mm_closed_R5_single_refY,GP_Ip_2.9mm_closed_R5_single_refY_004,5,GP_Ip_2.9mm_closed_R5_single_refY_004-raw05-23,3.585674577249351,7,0.02
B3,GP_Ip_2.9mm_closed_R5_single_refY,GP_Ip_2.9mm_closed_R5_single_refY_004,5,GP_Ip_2.9mm_closed_R5_single_refY_004-raw05-23,3.585681264502203,7,0.02
B0,GP_Ip_2.9mm_closed_R5_single_refY,GP_Ip_2.9mm_closed_R5_single_refY_005,3,GP_Ip_2.9mm_closed_R5_single_refY_005-raw03-20,3.6448175882562897,7,0.02
B1,GP_Ip_2.9mm_closed_R5_single_refY,GP_Ip_2.9mm_closed_R5_single_refY_005,3,GP_Ip_2.9mm_closed_R5_single_refY_005-raw03-20,3.644999199720078,7,0.02
B2,GP_Ip_2.9mm_closed_R5_single_refY,GP_Ip_2.9mm_closed_R5_single_refY_005,3,GP_Ip_2.9mm_closed_R5_single_refY_005-raw03-20,3.655556726957783,7,0.02
B3,GP_Ip_2.9mm_closed_R5_single_refY,GP_Ip_2.9mm_closed_R5_single_refY_005,3,GP_Ip_2.9mm_closed_R5_single_refY_005-raw03-20,3.6553672877065457,7,0.02
B0,GP_Ip_2.9mm_closed_R5_single_refY,GP_Ip_2.9mm_closed_R5_single_refY_005,4,GP_Ip_2.9mm_closed_R5_single_refY_005-raw04-10,3.4517836419663706,7,0.02
B1,GP_Ip_2.9mm_closed_R5_single_refY,GP_Ip_2.9mm_closed_R5_single_refY_005,4,GP_Ip_2.9mm_closed_R5_single_refY_005-raw04-10,3.449669180003274,7,0.02
B2,GP_Ip_2.9mm_closed_R5_single_refY,GP_Ip_2.9mm_closed_R5_single_refY_005,4,GP_Ip_2.9mm_closed_R5_single_refY_005-raw04-10,3.4473980267042115,7,0.02
B3,GP_Ip_2.9mm_closed_R5_single_refY,GP_Ip_2.9mm_closed_R5_single_refY_005,4,GP_Ip_2.9mm_closed_R5_single_refY_005-raw04-10,3.4473980267042115,7,0.02
B0,GP_Ip_2.9mm_closed_R5_single_refY,GP_Ip_2.9mm_closed_R5_single_refY_005,5,GP_Ip_2.9mm_closed_R5_single_refY_005-raw05-24,3.511150992983447,7,0.02
B1,GP_Ip_2.9mm_closed_R5_single_refY,GP_Ip_2.9mm_closed_R5_single_refY_005,5,GP_Ip_2.9mm_closed_R5_single_refY_005-raw05-24,3.5111509929834472,7,0.02
B2,GP_Ip_2.9mm_closed_R5_single_refY,GP_Ip_2.9mm_closed_R5_single_refY_005,5,GP_Ip_2.9mm_closed_R5_single_refY_005-raw05-24,3.5017022872787957,7,0.02
B3,GP_Ip_2.9mm_closed_R5_single_refY,GP_Ip_2.9mm_closed_R5_single_refY_005,5,GP_Ip_2.9mm_closed_R5_single_refY_005-raw05-24,3.5014930922218737,7,0.02
B0,GP_Ip_20.0mm_closed_R10_single_refY,GP_Ip_20.0mm_closed_R10_single_refY_004,1,GP_Ip_20.0mm_closed_R10_single_refY_004-raw01-11,19.171888896779677,7,0.02
B1,GP_Ip_20.0mm_closed_R10_single_refY,GP_Ip_20.0mm_closed_R10_single_refY_004,1,GP_Ip_20.0mm_closed_R10_single_refY_004-raw01-11,19.171888896779674,7,0.02
B2,GP_Ip_20.0mm_closed_R10_single_refY,GP_Ip_20.0mm_closed_R10_single_refY_004,1,GP_Ip_20.0mm_closed_R10_single_refY_004-raw01-11,19.207212416754132,7,0.02
B3,GP_Ip_20.0mm_closed_R10_single_refY,GP_Ip_20.0mm_closed_R10_single_refY_004,1,GP_Ip_20.0mm_closed_R10_single_refY_004-raw01-11,19.207212416754132,7,0.02
B0,GP_Ip_20.0mm_closed_R10_single_refY,GP_Ip_20.0mm_closed_R10_single_refY_004,2,GP_Ip_20.0mm_closed_R10_single_refY_004-raw02-14,19.301019934739703,7,0.02
B1,GP_Ip_20.0mm_closed_R10_single_refY,GP_Ip_20.0mm_closed_R10_single_refY_004,2,GP_Ip_20.0mm_closed_R10_single_refY_004-raw02-14,19.301019934739703,7,0.02
B2,GP_Ip_20.0mm_closed_R10_single_refY,GP_Ip_20.0mm_closed_R10_single_refY_004,2,GP_Ip_20.0mm_closed_R10_single_refY_004-raw02-14,19.306235418383267,7,0.02
B3,GP_Ip_20.0mm_closed_R10_single_refY,GP_Ip_20.0mm_closed_R10_single_refY_004,2,GP_Ip_20.0mm_closed_R10_single_refY_004-raw02-14,19.306235418383267,7,0.02
B0,GP_Ip_20.0mm_closed_R10_single_refY,GP_Ip_20.0mm_closed_R10_single_refY_004,3,GP_Ip_20.0mm_closed_R10_single_refY_004-raw03-03,19.330643535065384,7,0.02
B1,GP_Ip_20.0mm_closed_R10_single_refY,GP_Ip_20.0mm_closed_R10_single_refY_004,3,GP_Ip_20.0mm_closed_R10_single_refY_004-raw03-03,19.39132576792756,7,0.02
B2,GP_Ip_20.0mm_closed_R10_single_refY,GP_Ip_20.0mm_closed_R10_single_refY_004,3,GP_Ip_20.0mm_closed_R10_single_refY_004-raw03-03,19.578441500331135,7,0.02
B3,GP_Ip_20.0mm_closed_R10_single_refY,GP_Ip_20.0mm_closed_R10_single_refY_004,3,GP_Ip_20.0mm_closed_R10_single_refY_004-raw03-03,19.593195792194393,7,0.02
B0,GP_Ip_20.0mm_closed_R10_single_refY,GP_Ip_20.0mm_closed_R10_single_refY_004,4,GP_Ip_20.0mm_closed_R10_single_refY_004-raw04-19,18.85525976177815,7,0.02
B1,GP_Ip_20.0mm_closed_R10_single_refY,GP_Ip_20.0mm_closed_R10_single_refY_004,4,GP_Ip_20.0mm_closed_R10_single_refY_004-raw04-19,18.843006879456276,7,0.02
B2,GP_Ip_20.0mm_closed_R10_single_refY,GP_Ip_20.0mm_closed_R10_single_refY_004,4,GP_Ip_20.0mm_closed_R10_single_refY_004-raw04-19,18.83587709008278,7,0.02
B3,GP_Ip_20.0mm_closed_R10_single_refY,GP_Ip_20.0mm_closed_R10_single_refY_004,4,GP_Ip_20.0mm_closed_R10_single_refY_004-raw04-19,18.83587709008278,7,0.02
B0,GP_Ip_20.0mm_closed_R10_single_refY,GP_Ip_20.0mm_closed_R10_single_refY_004,5,GP_Ip_20.0mm_closed_R10_single_refY_004-raw05-19,19.23052199714054,7,0.02
B1,GP_Ip_20.0mm_closed_R10_single_refY,GP_Ip_20.0mm_closed_R10_single_refY_004,5,GP_Ip_20.0mm_closed_R10_single_refY_004-raw05-19,19.230627259842457,7,0.02
B2,GP_Ip_20.0mm_closed_R10_single_refY,GP_Ip_20.0mm_closed_R10_single_refY_004,5,GP_Ip_20.0mm_closed_R10_single_refY_004-raw05-19,19.236875032228244,7,0.02
B3,GP_Ip_20.0mm_closed_R10_single_refY,GP_Ip_20.0mm_closed_R10_single_refY_004,5,GP_Ip_20.0mm_closed_R10_single_refY_004-raw05-19,19.236875032228244,7,0.02
B0,GP_Ip_20.0mm_closed_R10_single_refY,GP_Ip_20.0mm_closed_R10_single_refY_005,1,GP_Ip_20.0mm_closed_R10_single_refY_005-raw01-22,18.045541804723463,7,0.02
B1,GP_Ip_20.0mm_closed_R10_single_refY,GP_Ip_20.0mm_closed_R10_single_refY_005,1,GP_Ip_20.0mm_closed_R10_single_refY_005-raw01-22,18.043189790593583,7,0.02
B2,GP_Ip_20.0mm_closed_R10_single_refY,GP_Ip_20.0mm_closed_R10_single_refY_005,1,GP_Ip_20.0mm_closed_R10_single_refY_005-raw01-22,18.040108989460794,7,0.02
B3,GP_Ip_20.0mm_closed_R10_single_refY,GP_Ip_20.0mm_closed_R10_single_refY_005,1,GP_Ip_20.0mm_closed_R10_single_refY_005-raw01-22,18.040108989460794,7,0.02
B0,GP_Ip_20.0mm_closed_R10_single_refY,GP_Ip_20.0mm_closed_R10_single_refY_005,2,GP_Ip_20.0mm_closed_R10_single_refY_005-raw02-07,17.863571302276668,7,0.02
B1,GP_Ip_20.0mm_closed_R10_single_refY,GP_Ip_20.0mm_closed_R10_single_refY_005,2,GP_Ip_20.0mm_closed_R10_single_refY_005-raw02-07,17.863571302276668,7,0.02
B2,GP_Ip_20.0mm_closed_R10_single_refY,GP_Ip_20.0mm_closed_R10_single_refY_005,2,GP_Ip_20.0mm_closed_R10_single_refY_005-raw02-07,17.8500076978806,7,0.02
B3,GP_Ip_20.0mm_closed_R10_single_refY,GP_Ip_20.0mm_closed_R10_single_refY_005,2,GP_Ip_20.0mm_closed_R10_single_refY_005-raw02-07,17.8500076978806,7,0.02
B0,GP_Ip_20.0mm_closed_R10_single_refY,GP_Ip_20.0mm_closed_R10_single_refY_005,3,GP_Ip_20.0mm_closed_R10_single_refY_005-raw03-01,17.53255239693976,7,0.02
B1,GP_Ip_20.0mm_closed_R10_single_refY,GP_Ip_20.0mm_closed_R10_single_refY_005,3,GP_Ip_20.0mm_closed_R10_single_refY_005-raw03-01,17.522640631793326,7,0.02
B2,GP_Ip_20.0mm_closed_R10_single_refY,GP_Ip_20.0mm_closed_R10_single_refY_005,3,GP_Ip_20.0mm_closed_R10_single_refY_005-raw03-01,17.525004055828383,7,0.02
B3,GP_Ip_20.0mm_closed_R10_single_refY,GP_Ip_20.0mm_closed_R10_single_refY_005,3,GP_Ip_20.0mm_closed_R10_single_refY_005-raw03-01,17.525004055828383,7,0.02
B0,GP_Ip_20.0mm_closed_R10_single_refY,GP_Ip_20.0mm_closed_R10_single_refY_005,4,GP_Ip_20.0mm_closed_R10_single_refY_005-raw04-10,17.129429022514206,7,0.02
B1,GP_Ip_20.0mm_closed_R10_single_refY,GP_Ip_20.0mm_closed_R10_single_refY_005,4,GP_Ip_20.0mm_closed_R10_single_refY_005-raw04-10,17.12972784195136,7,0.02
B2,GP_Ip_20.0mm_closed_R10_single_refY,GP_Ip_20.0mm_closed_R10_single_refY_005,4,GP_Ip_20.0mm_closed_R10_single_refY_005-raw04-10,17.12857264323643,7,0.02
B3,GP_Ip_20.0mm_closed_R10_single_refY,GP_Ip_20.0mm_closed_R10_single_refY_005,4,GP_Ip_20.0mm_closed_R10_single_refY_005-raw04-10,17.12857264323643,7,0.02
B0,GP_Ip_20.0mm_closed_R10_single_refY,GP_Ip_20.0mm_closed_R10_single_refY_005,5,GP_Ip_20.0mm_closed_R10_single_refY_005-raw05-24,17.504018306211105,7,0.02
B1,GP_Ip_20.0mm_closed_R10_single_refY,GP_Ip_20.0mm_closed_R10_single_refY_005,5,GP_Ip_20.0mm_closed_R10_single_refY_005-raw05-24,17.504018306211105,7,0.02
B2,GP_Ip_20.0mm_closed_R10_single_refY,GP_Ip_20.0mm_closed_R10_single_refY_005,5,GP_Ip_20.0mm_closed_R10_single_refY_005-raw05-24,17.518124300922747,7,0.02
B3,GP_Ip_20.0mm_closed_R10_single_refY,GP_Ip_20.0mm_closed_R10_single_refY_005,5,GP_Ip_20.0mm_closed_R10_single_refY_005-raw05-24,17.518124300922747,7,0.02
B0,GP_Ip_4.0mm_closed_R10_single_refY,GP_Ip_4.0mm_closed_R10_single_refY_004,1,GP_Ip_4.0mm_closed_R10_single_refY_004-raw01-05,,0,
B1,GP_Ip_4.0mm_closed_R10_single_refY,GP_Ip_4.0mm_closed_R10_single_refY_004,1,GP_Ip_4.0mm_closed_R10_single_refY_004-raw01-05,,0,
B2,GP_Ip_4.0mm_closed_R10_single_refY,GP_Ip_4.0mm_closed_R10_single_refY_004,1,GP_Ip_4.0mm_closed_R10_single_refY_004-raw01-05,,0,
B3,GP_Ip_4.0mm_closed_R10_single_refY,GP_Ip_4.0mm_closed_R10_single_refY_004,1,GP_Ip_4.0mm_closed_R10_single_refY_004-raw01-05,,0,
B0,GP_Ip_4.0mm_closed_R10_single_refY,GP_Ip_4.0mm_closed_R10_single_refY_004,2,GP_Ip_4.0mm_closed_R10_single_refY_004-raw02-14,,0,
B1,GP_Ip_4.0mm_closed_R10_single_refY,GP_Ip_4.0mm_closed_R10_single_refY_004,2,GP_Ip_4.0mm_closed_R10_single_refY_004-raw02-14,,0,
B2,GP_Ip_4.0mm_closed_R10_single_refY,GP_Ip_4.0mm_closed_R10_single_refY_004,2,GP_Ip_4.0mm_closed_R10_single_refY_004-raw02-14,,0,
B3,GP_Ip_4.0mm_closed_R10_single_refY,GP_Ip_4.0mm_closed_R10_single_refY_004,2,GP_Ip_4.0mm_closed_R10_single_refY_004-raw02-14,,0,
B0,GP_Ip_4.0mm_closed_R10_single_refY,GP_Ip_4.0mm_closed_R10_single_refY_004,3,GP_Ip_4.0mm_closed_R10_single_refY_004-raw03-23,,0,
B1,GP_Ip_4.0mm_closed_R10_single_refY,GP_Ip_4.0mm_closed_R10_single_refY_004,3,GP_Ip_4.0mm_closed_R10_single_refY_004-raw03-23,,0,
B2,GP_Ip_4.0mm_closed_R10_single_refY,GP_Ip_4.0mm_closed_R10_single_refY_004,3,GP_Ip_4.0mm_closed_R10_single_refY_004-raw03-23,,0,
B3,GP_Ip_4.0mm_closed_R10_single_refY,GP_Ip_4.0mm_closed_R10_single_refY_004,3,GP_Ip_4.0mm_closed_R10_single_refY_004-raw03-23,,0,
B0,GP_Ip_4.0mm_closed_R10_single_refY,GP_Ip_4.0mm_closed_R10_single_refY_004,4,GP_Ip_4.0mm_closed_R10_single_refY_004-raw04-21,,0,
B1,GP_Ip_4.0mm_closed_R10_single_refY,GP_Ip_4.0mm_closed_R10_single_refY_004,4,GP_Ip_4.0mm_closed_R10_single_refY_004-raw04-21,,0,
B2,GP_Ip_4.0mm_closed_R10_single_refY,GP_Ip_4.0mm_closed_R10_single_refY_004,4,GP_Ip_4.0mm_closed_R10_single_refY_004-raw04-21,,0,
B3,GP_Ip_4.0mm_closed_R10_single_refY,GP_Ip_4.0mm_closed_R10_single_refY_004,4,GP_Ip_4.0mm_closed_R10_single_refY_004-raw04-21,,0,
B0,GP_Ip_4.0mm_closed_R10_single_refY,GP_Ip_4.0mm_closed_R10_single_refY_004,5,GP_Ip_4.0mm_closed_R10_single_refY_004-raw05-07,,0,
B1,GP_Ip_4.0mm_closed_R10_single_refY,GP_Ip_4.0mm_closed_R10_single_refY_004,5,GP_Ip_4.0mm_closed_R10_single_refY_004-raw05-07,,0,
B2,GP_Ip_4.0mm_closed_R10_single_refY,GP_Ip_4.0mm_closed_R10_single_refY_004,5,GP_Ip_4.0mm_closed_R10_single_refY_004-raw05-07,,0,
B3,GP_Ip_4.0mm_closed_R10_single_refY,GP_Ip_4.0mm_closed_R10_single_refY_004,5,GP_Ip_4.0mm_closed_R10_single_refY_004-raw05-07,,0,
B0,GP_Ip_4.0mm_closed_R10_single_refY,GP_Ip_4.0mm_closed_R10_single_refY_005,1,GP_Ip_4.0mm_closed_R10_single_refY_005-raw01-22,,0,
B1,GP_Ip_4.0mm_closed_R10_single_refY,GP_Ip_4.0mm_closed_R10_single_refY_005,1,GP_Ip_4.0mm_closed_R10_single_refY_005-raw01-22,,0,
B2,GP_Ip_4.0mm_closed_R10_single_refY,GP_Ip_4.0mm_closed_R10_single_refY_005,1,GP_Ip_4.0mm_closed_R10_single_refY_005-raw01-22,,0,
B3,GP_Ip_4.0mm_closed_R10_single_refY,GP_Ip_4.0mm_closed_R10_single_refY_005,1,GP_Ip_4.0mm_closed_R10_single_refY_005-raw01-22,,0,
B0,GP_Ip_4.0mm_closed_R10_single_refY,GP_Ip_4.0mm_closed_R10_single_refY_005,2,GP_Ip_4.0mm_closed_R10_single_refY_005-raw02-19,,0,
B1,GP_Ip_4.0mm_closed_R10_single_refY,GP_Ip_4.0mm_closed_R10_single_refY_005,2,GP_Ip_4.0mm_closed_R10_single_refY_005-raw02-19,,0,
B2,GP_Ip_4.0mm_closed_R10_single_refY,GP_Ip_4.0mm_closed_R10_single_refY_005,2,GP_Ip_4.0mm_closed_R10_single_refY_005-raw02-19,,0,
B3,GP_Ip_4.0mm_closed_R10_single_refY,GP_Ip_4.0mm_closed_R10_single_refY_005,2,GP_Ip_4.0mm_closed_R10_single_refY_005-raw02-19,,0,
B0,GP_Ip_4.0mm_closed_R10_single_refY,GP_Ip_4.0mm_closed_R10_single_refY_005,3,GP_Ip_4.0mm_closed_R10_single_refY_005-raw03-14,,0,
B1,GP_Ip_4.0mm_closed_R10_single_refY,GP_Ip_4.0mm_closed_R10_single_refY_005,3,GP_Ip_4.0mm_closed_R10_single_refY_005-raw03-14,,0,
B2,GP_Ip_4.0mm_closed_R10_single_refY,GP_Ip_4.0mm_closed_R10_single_refY_005,3,GP_Ip_4.0mm_closed_R10_single_refY_005-raw03-14,,0,
B3,GP_Ip_4.0mm_closed_R10_single_refY,GP_Ip_4.0mm_closed_R10_single_refY_005,3,GP_Ip_4.0mm_closed_R10_single_refY_005-raw03-14,,0,
B0,GP_Ip_4.0mm_closed_R10_single_refY,GP_Ip_4.0mm_closed_R10_single_refY_005,4,GP_Ip_4.0mm_closed_R10_single_refY_005-raw04-07,,0,
B1,GP_Ip_4.0mm_closed_R10_single_refY,GP_Ip_4.0mm_closed_R10_single_refY_005,4,GP_Ip_4.0mm_closed_R10_single_refY_005-raw04-07,,0,
B2,GP_Ip_4.0mm_closed_R10_single_refY,GP_Ip_4.0mm_closed_R10_single_refY_005,4,GP_Ip_4.0mm_closed_R10_single_refY_005-raw04-07,,0,
B3,GP_Ip_4.0mm_closed_R10_single_refY,GP_Ip_4.0mm_closed_R10_single_refY_005,4,GP_Ip_4.0mm_closed_R10_single_refY_005-raw04-07,,0,
B0,GP_Ip_4.0mm_closed_R10_single_refY,GP_Ip_4.0mm_closed_R10_single_refY_005,5,GP_Ip_4.0mm_closed_R10_single_refY_005-raw05-20,,0,
B1,GP_Ip_4.0mm_closed_R10_single_refY,GP_Ip_4.0mm_closed_R10_single_refY_005,5,GP_Ip_4.0mm_closed_R10_single_refY_005-raw05-20,,0,
B2,GP_Ip_4.0mm_closed_R10_single_refY,GP_Ip_4.0mm_closed_R10_single_refY_005,5,GP_Ip_4.0mm_closed_R10_single_refY_005-raw05-20,,0,
B3,GP_Ip_4.0mm_closed_R10_single_refY,GP_Ip_4.0mm_closed_R10_single_refY_005,5,GP_Ip_4.0mm_closed_R10_single_refY_005-raw05-20,,0,
B0,GP_Ip_4.0mm_closed_R5_single_refY,GP_Ip_4.0mm_closed_R5_single_refY_005,5,GP_Ip_4.0mm_closed_R5_single_refY_005-raw05-16,4.802948087503566,5,0.02
B1,GP_Ip_4.0mm_closed_R5_single_refY,GP_Ip_4.0mm_closed_R5_single_refY_005,5,GP_Ip_4.0mm_closed_R5_single_refY_005-raw05-16,4.8031133228422,5,0.02
B2,GP_Ip_4.0mm_closed_R5_single_refY,GP_Ip_4.0mm_closed_R5_single_refY_005,5,GP_Ip_4.0mm_closed_R5_single_refY_005-raw05-16,4.803616198893334,5,0.02
B3,GP_Ip_4.0mm_closed_R5_single_refY,GP_Ip_4.0mm_closed_R5_single_refY_005,5,GP_Ip_4.0mm_closed_R5_single_refY_005-raw05-16,4.803616198893334,5,0.02
B0,GP_Ip_4.0mm_closed_R5_single_refY,GP_Ip_4.0mm_closed_R5_single_refY_006,1,GP_Ip_4.0mm_closed_R5_single_refY_006-raw01-24,4.824688930089383,7,0.02
B1,GP_Ip_4.0mm_closed_R5_single_refY,GP_Ip_4.0mm_closed_R5_single_refY_006,1,GP_Ip_4.0mm_closed_R5_single_refY_006-raw01-24,4.824800042604062,7,0.02
B2,GP_Ip_4.0mm_closed_R5_single_refY,GP_Ip_4.0mm_closed_R5_single_refY_006,1,GP_Ip_4.0mm_closed_R5_single_refY_006-raw01-24,4.821879691750733,7,0.02
B3,GP_Ip_4.0mm_closed_R5_single_refY,GP_Ip_4.0mm_closed_R5_single_refY_006,1,GP_Ip_4.0mm_closed_R5_single_refY_006-raw01-24,4.821879691750733,7,0.02
B0,GP_Ip_4.0mm_closed_R5_single_refY,GP_Ip_4.0mm_closed_R5_single_refY_006,3,GP_Ip_4.0mm_closed_R5_single_refY_006-raw03-24,4.857936564607945,7,0.02
B1,GP_Ip_4.0mm_closed_R5_single_refY,GP_Ip_4.0mm_closed_R5_single_refY_006,3,GP_Ip_4.0mm_closed_R5_single_refY_006-raw03-24,4.87322084913876,7,0.02
B2,GP_Ip_4.0mm_closed_R5_single_refY,GP_Ip_4.0mm_closed_R5_single_refY_006,3,GP_Ip_4.0mm_closed_R5_single_refY_006-raw03-24,4.869334619141487,7,0.02
B3,GP_Ip_4.0mm_closed_R5_single_refY,GP_Ip_4.0mm_closed_R5_single_refY_006,3,GP_Ip_4.0mm_closed_R5_single_refY_006-raw03-24,4.869334619141487,7,0.02
B0,GP_Ip_4.0mm_closed_R5_single_refY,GP_Ip_4.0mm_closed_R5_single_refY_007,1,GP_Ip_4.0mm_closed_R5_single_refY_007-raw01-17,4.576638574960593,7,0.02
B1,GP_Ip_4.0mm_closed_R5_single_refY,GP_Ip_4.0mm_closed_R5_single_refY_007,1,GP_Ip_4.0mm_closed_R5_single_refY_007-raw01-17,4.576638574960593,7,0.02
B2,GP_Ip_4.0mm_closed_R5_single_refY,GP_Ip_4.0mm_closed_R5_single_refY_007,1,GP_Ip_4.0mm_closed_R5_single_refY_007-raw01-17,4.578950314396443,7,0.02
B3,GP_Ip_4.0mm_closed_R5_single_refY,GP_Ip_4.0mm_closed_R5_single_refY_007,1,GP_Ip_4.0mm_closed_R5_single_refY_007-raw01-17,4.578950314396443,7,0.02
B0,GP_Ip_4.0mm_closed_R5_single_refY,GP_Ip_4.0mm_closed_R5_single_refY_007,2,GP_Ip_4.0mm_closed_R5_single_refY_007-raw02-16,4.789691956857726,7,0.02
B1,GP_Ip_4.0mm_closed_R5_single_refY,GP_Ip_4.0mm_closed_R5_single_refY_007,2,GP_Ip_4.0mm_closed_R5_single_refY_007-raw02-16,4.786876685456741,7,0.02
B2,GP_Ip_4.0mm_closed_R5_single_refY,GP_Ip_4.0mm_closed_R5_single_refY_007,2,GP_Ip_4.0mm_closed_R5_single_refY_007-raw02-16,4.766950927630529,7,0.02
B3,GP_Ip_4.0mm_closed_R5_single_refY,GP_Ip_4.0mm_closed_R5_single_refY_007,2,GP_Ip_4.0mm_closed_R5_single_refY_007-raw02-16,4.766950927630529,7,0.02
B0,GP_Ip_4.0mm_closed_R5_single_refY,GP_Ip_4.0mm_closed_R5_single_refY_007,3,GP_Ip_4.0mm_closed_R5_single_refY_007-raw03-20,4.858683630542271,7,0.02
B1,GP_Ip_4.0mm_closed_R5_single_refY,GP_Ip_4.0mm_closed_R5_single_refY_007,3,GP_Ip_4.0mm_closed_R5_single_refY_007-raw03-20,4.858771800550086,7,0.02
B2,GP_Ip_4.0mm_closed_R5_single_refY,GP_Ip_4.0mm_closed_R5_single_refY_007,3,GP_Ip_4.0mm_closed_R5_single_refY_007-raw03-20,4.85801179979587,7,0.02
B3,GP_Ip_4.0mm_closed_R5_single_refY,GP_Ip_4.0mm_closed_R5_single_refY_007,3,GP_Ip_4.0mm_closed_R5_single_refY_007-raw03-20,4.85801179979587,7,0.02
B0,GP_Ip_4.0mm_closed_R5_single_refY,GP_Ip_4.0mm_closed_R5_single_refY_007,4,GP_Ip_4.0mm_closed_R5_single_refY_007-raw04-22,4.817792982087033,7,0.02
B1,GP_Ip_4.0mm_closed_R5_single_refY,GP_Ip_4.0mm_closed_R5_single_refY_007,4,GP_Ip_4.0mm_closed_R5_single_refY_007-raw04-22,4.828932574364362,7,0.02
B2,GP_Ip_4.0mm_closed_R5_single_refY,GP_Ip_4.0mm_closed_R5_single_refY_007,4,GP_Ip_4.0mm_closed_R5_single_refY_007-raw04-22,4.864970478593889,7,0.02
B3,GP_Ip_4.0mm_closed_R5_single_refY,GP_Ip_4.0mm_closed_R5_single_refY_007,4,GP_Ip_4.0mm_closed_R5_single_refY_007-raw04-22,4.864970478593889,7,0.02
B0,GP_Ip_4.7mm_closed_R5_single_refY,GP_Ip_4.7mm_closed_R5_single_refY_004,1,GP_Ip_4.7mm_closed_R5_single_refY_004-raw01-23,30.802982048481343,7,0.02
B1,GP_Ip_4.7mm_closed_R5_single_refY,GP_Ip_4.7mm_closed_R5_single_refY_004,1,GP_Ip_4.7mm_closed_R5_single_refY_004-raw01-23,30.47381047428718,7,0.02
B2,GP_Ip_4.7mm_closed_R5_single_refY,GP_Ip_4.7mm_closed_R5_single_refY_004,1,GP_Ip_4.7mm_closed_R5_single_refY_004-raw01-23,30.58374871146757,7,0.02
B3,GP_Ip_4.7mm_closed_R5_single_refY,GP_Ip_4.7mm_closed_R5_single_refY_004,1,GP_Ip_4.7mm_closed_R5_single_refY_004-raw01-23,30.58374871146757,7,0.02
B0,GP_Ip_4.7mm_closed_R5_single_refY,GP_Ip_4.7mm_closed_R5_single_refY_004,2,GP_Ip_4.7mm_closed_R5_single_refY_004-raw02-12,30.35654534265461,5,0.02
B1,GP_Ip_4.7mm_closed_R5_single_refY,GP_Ip_4.7mm_closed_R5_single_refY_004,2,GP_Ip_4.7mm_closed_R5_single_refY_004-raw02-12,29.474967533780788,5,0.02
B2,GP_Ip_4.7mm_closed_R5_single_refY,GP_Ip_4.7mm_closed_R5_single_refY_004,2,GP_Ip_4.7mm_closed_R5_single_refY_004-raw02-12,29.701226860733264,5,0.02
B3,GP_Ip_4.7mm_closed_R5_single_refY,GP_Ip_4.7mm_closed_R5_single_refY_004,2,GP_Ip_4.7mm_closed_R5_single_refY_004-raw02-12,29.701226860733264,5,0.02
B0,GP_Ip_4.7mm_closed_R5_single_refY,GP_Ip_4.7mm_closed_R5_single_refY_004,4,GP_Ip_4.7mm_closed_R5_single_refY_004-raw04-09,,0,
B1,GP_Ip_4.7mm_closed_R5_single_refY,GP_Ip_4.7mm_closed_R5_single_refY_004,4,GP_Ip_4.7mm_closed_R5_single_refY_004-raw04-09,,0,
B2,GP_Ip_4.7mm_closed_R5_single_refY,GP_Ip_4.7mm_closed_R5_single_refY_004,4,GP_Ip_4.7mm_closed_R5_single_refY_004-raw04-09,,0,
B3,GP_Ip_4.7mm_closed_R5_single_refY,GP_Ip_4.7mm_closed_R5_single_refY_004,4,GP_Ip_4.7mm_closed_R5_single_refY_004-raw04-09,,0,
B0,GP_Ip_4.7mm_closed_R5_single_refY,GP_Ip_4.7mm_closed_R5_single_refY_004,5,GP_Ip_4.7mm_closed_R5_single_refY_004-raw05-23,25.31120280586668,7,0.02
B1,GP_Ip_4.7mm_closed_R5_single_refY,GP_Ip_4.7mm_closed_R5_single_refY_004,5,GP_Ip_4.7mm_closed_R5_single_refY_004-raw05-23,25.056007385090922,7,0.02
B2,GP_Ip_4.7mm_closed_R5_single_refY,GP_Ip_4.7mm_closed_R5_single_refY_004,5,GP_Ip_4.7mm_closed_R5_single_refY_004-raw05-23,25.056109759051495,7,0.02
B3,GP_Ip_4.7mm_closed_R5_single_refY,GP_Ip_4.7mm_closed_R5_single_refY_004,5,GP_Ip_4.7mm_closed_R5_single_refY_004-raw05-23,25.056109759051495,7,0.02
B0,GP_Ip_4.7mm_closed_R5_single_refY,GP_Ip_4.7mm_closed_R5_single_refY_005,1,GP_Ip_4.7mm_closed_R5_single_refY_005-raw01-16,,0,
B1,GP_Ip_4.7mm_closed_R5_single_refY,GP_Ip_4.7mm_closed_R5_single_refY_005,1,GP_Ip_4.7mm_closed_R5_single_refY_005-raw01-16,,0,
B2,GP_Ip_4.7mm_closed_R5_single_refY,GP_Ip_4.7mm_closed_R5_single_refY_005,1,GP_Ip_4.7mm_closed_R5_single_refY_005-raw01-16,,0,
B3,GP_Ip_4.7mm_closed_R5_single_refY,GP_Ip_4.7mm_closed_R5_single_refY_005,1,GP_Ip_4.7mm_closed_R5_single_refY_005-raw01-16,,0,
B0,GP_Ip_4.7mm_closed_R5_single_refY,GP_Ip_4.7mm_closed_R5_single_refY_005,5,GP_Ip_4.7mm_closed_R5_single_refY_005-raw05-19,,0,
B1,GP_Ip_4.7mm_closed_R5_single_refY,GP_Ip_4.7mm_closed_R5_single_refY_005,5,GP_Ip_4.7mm_closed_R5_single_refY_005-raw05-19,,0,
B2,GP_Ip_4.7mm_closed_R5_single_refY,GP_Ip_4.7mm_closed_R5_single_refY_005,5,GP_Ip_4.7mm_closed_R5_single_refY_005-raw05-19,,0,
B3,GP_Ip_4.7mm_closed_R5_single_refY,GP_Ip_4.7mm_closed_R5_single_refY_005,5,GP_Ip_4.7mm_closed_R5_single_refY_005-raw05-19,,0,
B0,GP_Ip_5.6mm_closed_R10_single_refY,GP_Ip_5.6mm_closed_R10_single_refY_005,1,GP_Ip_5.6mm_closed_R10_single_refY_005-raw01-08,6.051050757684977,7,0.02
B1,GP_Ip_5.6mm_closed_R10_single_refY,GP_Ip_5.6mm_closed_R10_single_refY_005,1,GP_Ip_5.6mm_closed_R10_single_refY_005-raw01-08,6.049510778095869,7,0.02
B2,GP_Ip_5.6mm_closed_R10_single_refY,GP_Ip_5.6mm_closed_R10_single_refY_005,1,GP_Ip_5.6mm_closed_R10_single_refY_005-raw01-08,6.050167056301438,7,0.02
B3,GP_Ip_5.6mm_closed_R10_single_refY,GP_Ip_5.6mm_closed_R10_single_refY_005,1,GP_Ip_5.6mm_closed_R10_single_refY_005-raw01-08,6.050167056301438,7,0.02
B0,GP_Ip_5.6mm_closed_R10_single_refY,GP_Ip_5.6mm_closed_R10_single_refY_005,2,GP_Ip_5.6mm_closed_R10_single_refY_005-raw02-07,6.007645958982587,7,0.02
B1,GP_Ip_5.6mm_closed_R10_single_refY,GP_Ip_5.6mm_closed_R10_single_refY_005,2,GP_Ip_5.6mm_closed_R10_single_refY_005-raw02-07,6.008290867514968,7,0.02
B2,GP_Ip_5.6mm_closed_R10_single_refY,GP_Ip_5.6mm_closed_R10_single_refY_005,2,GP_Ip_5.6mm_closed_R10_single_refY_005-raw02-07,6.059296212671653,7,0.02
B3,GP_Ip_5.6mm_closed_R10_single_refY,GP_Ip_5.6mm_closed_R10_single_refY_005,2,GP_Ip_5.6mm_closed_R10_single_refY_005-raw02-07,6.059296212671653,7,0.02
B0,GP_Ip_5.6mm_closed_R10_single_refY,GP_Ip_5.6mm_closed_R10_single_refY_005,3,GP_Ip_5.6mm_closed_R10_single_refY_005-raw03-19,6.006359632284756,7,0.02
B1,GP_Ip_5.6mm_closed_R10_single_refY,GP_Ip_5.6mm_closed_R10_single_refY_005,3,GP_Ip_5.6mm_closed_R10_single_refY_005-raw03-19,6.00595166699219,7,0.02
B2,GP_Ip_5.6mm_closed_R10_single_refY,GP_Ip_5.6mm_closed_R10_single_refY_005,3,GP_Ip_5.6mm_closed_R10_single_refY_005-raw03-19,6.002729251955515,7,0.02
B3,GP_Ip_5.6mm_closed_R10_single_refY,GP_Ip_5.6mm_closed_R10_single_refY_005,3,GP_Ip_5.6mm_closed_R10_single_refY_005-raw03-19,6.002729251955515,7,0.02
B0,GP_Ip_5.6mm_closed_R10_single_refY,GP_Ip_5.6mm_closed_R10_single_refY_005,4,GP_Ip_5.6mm_closed_R10_single_refY_005-raw04-18,6.05660032830205,7,0.02
B1,GP_Ip_5.6mm_closed_R10_single_refY,GP_Ip_5.6mm_closed_R10_single_refY_005,4,GP_Ip_5.6mm_closed_R10_single_refY_005-raw04-18,6.056600328302048,7,0.02
B2,GP_Ip_5.6mm_closed_R10_single_refY,GP_Ip_5.6mm_closed_R10_single_refY_005,4,GP_Ip_5.6mm_closed_R10_single_refY_005-raw04-18,6.056740724879951,7,0.02
B3,GP_Ip_5.6mm_closed_R10_single_refY,GP_Ip_5.6mm_closed_R10_single_refY_005,4,GP_Ip_5.6mm_closed_R10_single_refY_005-raw04-18,6.056740724879951,7,0.02
B0,GP_Ip_5.6mm_closed_R10_single_refY,GP_Ip_5.6mm_closed_R10_single_refY_005,5,GP_Ip_5.6mm_closed_R10_single_refY_005-raw05-24,6.4969014482231975,7,0.02
B1,GP_Ip_5.6mm_closed_R10_single_refY,GP_Ip_5.6mm_closed_R10_single_refY_005,5,GP_Ip_5.6mm_closed_R10_single_refY_005-raw05-24,6.48154658512476,7,0.02
B2,GP_Ip_5.6mm_closed_R10_single_refY,GP_Ip_5.6mm_closed_R10_single_refY_005,5,GP_Ip_5.6mm_closed_R10_single_refY_005-raw05-24,6.434901802023154,7,0.02
B3,GP_Ip_5.6mm_closed_R10_single_refY,GP_Ip_5.6mm_closed_R10_single_refY_005,5,GP_Ip_5.6mm_closed_R10_single_refY_005-raw05-24,6.434901802023154,7,0.02
B0,GP_Ip_6.2mm_closed_R10_single_refY,GP_Ip_6.2mm_closed_R10_single_refY_005,5,GP_Ip_6.2mm_closed_R10_single_refY_005-raw05-04,6.940555147749364,7,0.02
B1,GP_Ip_6.2mm_closed_R10_single_refY,GP_Ip_6.2mm_closed_R10_single_refY_005,5,GP_Ip_6.2mm_closed_R10_single_refY_005-raw05-04,6.907660434531361,7,0.02
B2,GP_Ip_6.2mm_closed_R10_single_refY,GP_Ip_6.2mm_closed_R10_single_refY_005,5,GP_Ip_6.2mm_closed_R10_single_refY_005-raw05-04,6.907986211690441,7,0.02
B3,GP_Ip_6.2mm_closed_R10_single_refY,GP_Ip_6.2mm_closed_R10_single_refY_005,5,GP_Ip_6.2mm_closed_R10_single_refY_005-raw05-04,6.907986211690441,7,0.02
B0,GP_Ip_6.2mm_closed_R5_single_refY,GP_Ip_6.2mm_closed_R5_single_refY_004,1,GP_Ip_6.2mm_closed_R5_single_refY_004-raw01-10,6.283834136678261,7,0.02
B1,GP_Ip_6.2mm_closed_R5_single_refY,GP_Ip_6.2mm_closed_R5_single_refY_004,1,GP_Ip_6.2mm_closed_R5_single_refY_004-raw01-10,6.299034949645047,7,0.02
B2,GP_Ip_6.2mm_closed_R5_single_refY,GP_Ip_6.2mm_closed_R5_single_refY_004,1,GP_Ip_6.2mm_closed_R5_single_refY_004-raw01-10,6.322693359339259,7,0.02
B3,GP_Ip_6.2mm_closed_R5_single_refY,GP_Ip_6.2mm_closed_R5_single_refY_004,1,GP_Ip_6.2mm_closed_R5_single_refY_004-raw01-10,6.320582354098737,7,0.02
B0,GP_Ip_6.2mm_closed_R5_single_refY,GP_Ip_6.2mm_closed_R5_single_refY_004,2,GP_Ip_6.2mm_closed_R5_single_refY_004-raw02-14,6.183116251868635,7,0.02
B1,GP_Ip_6.2mm_closed_R5_single_refY,GP_Ip_6.2mm_closed_R5_single_refY_004,2,GP_Ip_6.2mm_closed_R5_single_refY_004-raw02-14,6.183116251868635,7,0.02
B2,GP_Ip_6.2mm_closed_R5_single_refY,GP_Ip_6.2mm_closed_R5_single_refY_004,2,GP_Ip_6.2mm_closed_R5_single_refY_004-raw02-14,6.166558987519142,7,0.02
B3,GP_Ip_6.2mm_closed_R5_single_refY,GP_Ip_6.2mm_closed_R5_single_refY_004,2,GP_Ip_6.2mm_closed_R5_single_refY_004-raw02-14,6.166558987519142,7,0.02
B0,GP_Ip_6.2mm_closed_R5_single_refY,GP_Ip_6.2mm_closed_R5_single_refY_004,3,GP_Ip_6.2mm_closed_R5_single_refY_004-raw03-11,6.850913078630356,7,0.02
B1,GP_Ip_6.2mm_closed_R5_single_refY,GP_Ip_6.2mm_closed_R5_single_refY_004,3,GP_Ip_6.2mm_closed_R5_single_refY_004-raw03-11,6.852469879135706,7,0.02
B2,GP_Ip_6.2mm_closed_R5_single_refY,GP_Ip_6.2mm_closed_R5_single_refY_004,3,GP_Ip_6.2mm_closed_R5_single_refY_004-raw03-11,6.880352403946136,7,0.02
B3,GP_Ip_6.2mm_closed_R5_single_refY,GP_Ip_6.2mm_closed_R5_single_refY_004,3,GP_Ip_6.2mm_closed_R5_single_refY_004-raw03-11,6.880352403946136,7,0.02
B0,GP_Ip_6.2mm_closed_R5_single_refY,GP_Ip_6.2mm_closed_R5_single_refY_004,4,GP_Ip_6.2mm_closed_R5_single_refY_004-raw04-14,6.7868526182203786,7,0.02
B1,GP_Ip_6.2mm_closed_R5_single_refY,GP_Ip_6.2mm_closed_R5_single_refY_004,4,GP_Ip_6.2mm_closed_R5_single_refY_004-raw04-14,6.802263243061448,7,0.02
B2,GP_Ip_6.2mm_closed_R5_single_refY,GP_Ip_6.2mm_closed_R5_single_refY_004,4,GP_Ip_6.2mm_closed_R5_single_refY_004-raw04-14,6.799454957499686,7,0.02
B3,GP_Ip_6.2mm_closed_R5_single_refY,GP_Ip_6.2mm_closed_R5_single_refY_004,4,GP_Ip_6.2mm_closed_R5_single_refY_004-raw04-14,6.799454957499686,7,0.02
B0,GP_Ip_6.2mm_closed_R5_single_refY,GP_Ip_6.2mm_closed_R5_single_refY_004,5,GP_Ip_6.2mm_closed_R5_single_refY_004-raw05-15,6.498003529691256,7,0.02
B1,GP_Ip_6.2mm_closed_R5_single_refY,GP_Ip_6.2mm_closed_R5_single_refY_004,5,GP_Ip_6.2mm_closed_R5_single_refY_004-raw05-15,6.498003529691256,7,0.02
B2,GP_Ip_6.2mm_closed_R5_single_refY,GP_Ip_6.2mm_closed_R5_single_refY_004,5,GP_Ip_6.2mm_closed_R5_single_refY_004-raw05-15,6.506913857130096,7,0.02
B3,GP_Ip_6.2mm_closed_R5_single_refY,GP_Ip_6.2mm_closed_R5_single_refY_004,5,GP_Ip_6.2mm_closed_R5_single_refY_004-raw05-15,6.506913857130096,7,0.02
B0,GP_Ip_6.2mm_closed_R5_single_refY,GP_Ip_6.2mm_closed_R5_single_refY_005,1,GP_Ip_6.2mm_closed_R5_single_refY_005-raw01-12,7.125477735314265,7,0.02
B1,GP_Ip_6.2mm_closed_R5_single_refY,GP_Ip_6.2mm_closed_R5_single_refY_005,1,GP_Ip_6.2mm_closed_R5_single_refY_005-raw01-12,7.124158220599227,7,0.02
B2,GP_Ip_6.2mm_closed_R5_single_refY,GP_Ip_6.2mm_closed_R5_single_refY_005,1,GP_Ip_6.2mm_closed_R5_single_refY_005-raw01-12,7.13213873740693,7,0.02
B3,GP_Ip_6.2mm_closed_R5_single_refY,GP_Ip_6.2mm_closed_R5_single_refY_005,1,GP_Ip_6.2mm_closed_R5_single_refY_005-raw01-12,7.13213873740693,7,0.02
B0,GP_Ip_6.2mm_closed_R5_single_refY,GP_Ip_6.2mm_closed_R5_single_refY_005,2,GP_Ip_6.2mm_closed_R5_single_refY_005-raw02-13,6.75539162345108,7,0.02
B1,GP_Ip_6.2mm_closed_R5_single_refY,GP_Ip_6.2mm_closed_R5_single_refY_005,2,GP_Ip_6.2mm_closed_R5_single_refY_005-raw02-13,6.759926595060764,7,0.02
B2,GP_Ip_6.2mm_closed_R5_single_refY,GP_Ip_6.2mm_closed_R5_single_refY_005,2,GP_Ip_6.2mm_closed_R5_single_refY_005-raw02-13,6.777770982846257,7,0.02
B3,GP_Ip_6.2mm_closed_R5_single_refY,GP_Ip_6.2mm_closed_R5_single_refY_005,2,GP_Ip_6.2mm_closed_R5_single_refY_005-raw02-13,6.777770982846257,7,0.02
B0,GP_Ip_6.2mm_closed_R5_single_refY,GP_Ip_6.2mm_closed_R5_single_refY_005,3,GP_Ip_6.2mm_closed_R5_single_refY_005-raw03-12,6.544046893997365,7,0.02
B1,GP_Ip_6.2mm_closed_R5_single_refY,GP_Ip_6.2mm_closed_R5_single_refY_005,3,GP_Ip_6.2mm_closed_R5_single_refY_005-raw03-12,6.539654407413427,7,0.02
B2,GP_Ip_6.2mm_closed_R5_single_refY,GP_Ip_6.2mm_closed_R5_single_refY_005,3,GP_Ip_6.2mm_closed_R5_single_refY_005-raw03-12,6.5178484026452015,7,0.02
B3,GP_Ip_6.2mm_closed_R5_single_refY,GP_Ip_6.2mm_closed_R5_single_refY_005,3,GP_Ip_6.2mm_closed_R5_single_refY_005-raw03-12,6.5178484026452015,7,0.02
B0,GP_Ip_6.2mm_closed_R5_single_refY,GP_Ip_6.2mm_closed_R5_single_refY_005,4,GP_Ip_6.2mm_closed_R5_single_refY_005-raw04-22,6.733070598832669,7,0.02
B1,GP_Ip_6.2mm_closed_R5_single_refY,GP_Ip_6.2mm_closed_R5_single_refY_005,4,GP_Ip_6.2mm_closed_R5_single_refY_005-raw04-22,6.721386388229367,7,0.02
B2,GP_Ip_6.2mm_closed_R5_single_refY,GP_Ip_6.2mm_closed_R5_single_refY_005,4,GP_Ip_6.2mm_closed_R5_single_refY_005-raw04-22,6.699622369814665,7,0.02
B3,GP_Ip_6.2mm_closed_R5_single_refY,GP_Ip_6.2mm_closed_R5_single_refY_005,4,GP_Ip_6.2mm_closed_R5_single_refY_005-raw04-22,6.699622369814665,7,0.02
B0,GP_Ip_6.2mm_closed_R5_single_refY,GP_Ip_6.2mm_closed_R5_single_refY_005,5,GP_Ip_6.2mm_closed_R5_single_refY_005-raw05-01,6.561057432379168,7,0.02
B1,GP_Ip_6.2mm_closed_R5_single_refY,GP_Ip_6.2mm_closed_R5_single_refY_005,5,GP_Ip_6.2mm_closed_R5_single_refY_005-raw05-01,6.557215359924037,7,0.02
B2,GP_Ip_6.2mm_closed_R5_single_refY,GP_Ip_6.2mm_closed_R5_single_refY_005,5,GP_Ip_6.2mm_closed_R5_single_refY_005-raw05-01,6.5572810182849235,7,0.02
B3,GP_Ip_6.2mm_closed_R5_single_refY,GP_Ip_6.2mm_closed_R5_single_refY_005,5,GP_Ip_6.2mm_closed_R5_single_refY_005-raw05-01,6.5572810182849235,7,0.02
B0,GP_Ip_8.8mm_closed_R5_single_refY,GP_Ip_8.8mm_closed_R5_single_refY_004,1,GP_Ip_8.8mm_closed_R5_single_refY_004-raw01-24,9.245118279520328,7,0.02
B1,GP_Ip_8.8mm_closed_R5_single_refY,GP_Ip_8.8mm_closed_R5_single_refY_004,1,GP_Ip_8.8mm_closed_R5_single_refY_004-raw01-24,9.245118279520328,7,0.02
B2,GP_Ip_8.8mm_closed_R5_single_refY,GP_Ip_8.8mm_closed_R5_single_refY_004,1,GP_Ip_8.8mm_closed_R5_single_refY_004-raw01-24,9.245934405671717,7,0.02
B3,GP_Ip_8.8mm_closed_R5_single_refY,GP_Ip_8.8mm_closed_R5_single_refY_004,1,GP_Ip_8.8mm_closed_R5_single_refY_004-raw01-24,9.245934405671717,7,0.02
B0,GP_Ip_8.8mm_closed_R5_single_refY,GP_Ip_8.8mm_closed_R5_single_refY_004,2,GP_Ip_8.8mm_closed_R5_single_refY_004-raw02-17,9.415031497323625,7,0.02
B1,GP_Ip_8.8mm_closed_R5_single_refY,GP_Ip_8.8mm_closed_R5_single_refY_004,2,GP_Ip_8.8mm_closed_R5_single_refY_004-raw02-17,9.417246006807392,7,0.02
B2,GP_Ip_8.8mm_closed_R5_single_refY,GP_Ip_8.8mm_closed_R5_single_refY_004,2,GP_Ip_8.8mm_closed_R5_single_refY_004-raw02-17,9.415185906798628,7,0.02
B3,GP_Ip_8.8mm_closed_R5_single_refY,GP_Ip_8.8mm_closed_R5_single_refY_004,2,GP_Ip_8.8mm_closed_R5_single_refY_004-raw02-17,9.415185906798628,7,0.02
B0,GP_Ip_8.8mm_closed_R5_single_refY,GP_Ip_8.8mm_closed_R5_single_refY_004,3,GP_Ip_8.8mm_closed_R5_single_refY_004-raw03-04,9.51988055342989,7,0.02
B1,GP_Ip_8.8mm_closed_R5_single_refY,GP_Ip_8.8mm_closed_R5_single_refY_004,3,GP_Ip_8.8mm_closed_R5_single_refY_004-raw03-04,9.519490351200089,7,0.02
B2,GP_Ip_8.8mm_closed_R5_single_refY,GP_Ip_8.8mm_closed_R5_single_refY_004,3,GP_Ip_8.8mm_closed_R5_single_refY_004-raw03-04,9.5130021208981,7,0.02
B3,GP_Ip_8.8mm_closed_R5_single_refY,GP_Ip_8.8mm_closed_R5_single_refY_004,3,GP_Ip_8.8mm_closed_R5_single_refY_004-raw03-04,9.5130021208981,7,0.02
B0,GP_Ip_8.8mm_closed_R5_single_refY,GP_Ip_8.8mm_closed_R5_single_refY_005,1,GP_Ip_8.8mm_closed_R5_single_refY_005-raw01-13,8.267909055598865,7,0.02
B1,GP_Ip_8.8mm_closed_R5_single_refY,GP_Ip_8.8mm_closed_R5_single_refY_005,1,GP_Ip_8.8mm_closed_R5_single_refY_005-raw01-13,8.266529133647929,7,0.02
B2,GP_Ip_8.8mm_closed_R5_single_refY,GP_Ip_8.8mm_closed_R5_single_refY_005,1,GP_Ip_8.8mm_closed_R5_single_refY_005-raw01-13,8.264897110672967,7,0.02
B3,GP_Ip_8.8mm_closed_R5_single_refY,GP_Ip_8.8mm_closed_R5_single_refY_005,1,GP_Ip_8.8mm_closed_R5_single_refY_005-raw01-13,8.264897110672967,7,0.02
B0,GP_Ip_8.8mm_closed_R5_single_refY,GP_Ip_8.8mm_closed_R5_single_refY_005,2,GP_Ip_8.8mm_closed_R5_single_refY_005-raw02-23,8.972682191306387,7,0.02
B1,GP_Ip_8.8mm_closed_R5_single_refY,GP_Ip_8.8mm_closed_R5_single_refY_005,2,GP_Ip_8.8mm_closed_R5_single_refY_005-raw02-23,8.978354880929466,7,0.02
B2,GP_Ip_8.8mm_closed_R5_single_refY,GP_Ip_8.8mm_closed_R5_single_refY_005,2,GP_Ip_8.8mm_closed_R5_single_refY_005-raw02-23,9.006159647756606,7,0.02
B3,GP_Ip_8.8mm_closed_R5_single_refY,GP_Ip_8.8mm_closed_R5_single_refY_005,2,GP_Ip_8.8mm_closed_R5_single_refY_005-raw02-23,9.006159647756606,7,0.02
B0,GP_Ip_8.8mm_closed_R5_single_refY,GP_Ip_8.8mm_closed_R5_single_refY_005,3,GP_Ip_8.8mm_closed_R5_single_refY_005-raw03-14,9.536901619113362,7,0.0334220866037839
B1,GP_Ip_8.8mm_closed_R5_single_refY,GP_Ip_8.8mm_closed_R5_single_refY_005,3,GP_Ip_8.8mm_closed_R5_single_refY_005-raw03-14,9.458102641002252,7,0.0334220866037839
B2,GP_Ip_8.8mm_closed_R5_single_refY,GP_Ip_8.8mm_closed_R5_single_refY_005,3,GP_Ip_8.8mm_closed_R5_single_refY_005-raw03-14,9.446679065111272,7,0.0334220866037839
B3,GP_Ip_8.8mm_closed_R5_single_refY,GP_Ip_8.8mm_closed_R5_single_refY_005,3,GP_Ip_8.8mm_closed_R5_single_refY_005-raw03-14,9.439140888538969,7,0.0334220866037839
B0,GP_Ip_8.8mm_closed_R5_single_refY,GP_Ip_8.8mm_closed_R5_single_refY_005,4,GP_Ip_8.8mm_closed_R5_single_refY_005-raw04-20,8.364252946365655,7,0.02
B1,GP_Ip_8.8mm_closed_R5_single_refY,GP_Ip_8.8mm_closed_R5_single_refY_005,4,GP_Ip_8.8mm_closed_R5_single_refY_005-raw04-20,8.37306652756065,7,0.02
B2,GP_Ip_8.8mm_closed_R5_single_refY,GP_Ip_8.8mm_closed_R5_single_refY_005,4,GP_Ip_8.8mm_closed_R5_single_refY_005-raw04-20,8.378526486779728,7,0.02
B3,GP_Ip_8.8mm_closed_R5_single_refY,GP_Ip_8.8mm_closed_R5_single_refY_005,4,GP_Ip_8.8mm_closed_R5_single_refY_005-raw04-20,8.378526486779728,7,0.02
B0,GP_Ip_8.8mm_closed_R5_single_refY,GP_Ip_8.8mm_closed_R5_single_refY_005,5,GP_Ip_8.8mm_closed_R5_single_refY_005-raw05-23,8.712177966858627,7,0.02
B1,GP_Ip_8.8mm_closed_R5_single_refY,GP_Ip_8.8mm_closed_R5_single_refY_005,5,GP_Ip_8.8mm_closed_R5_single_refY_005-raw05-23,8.712177966858627,7,0.02
B2,GP_Ip_8.8mm_closed_R5_single_refY,GP_Ip_8.8mm_closed_R5_single_refY_005,5,GP_Ip_8.8mm_closed_R5_single_refY_005-raw05-23,8.710464361199508,7,0.02
B3,GP_Ip_8.8mm_closed_R5_single_refY,GP_Ip_8.8mm_closed_R5_single_refY_005,5,GP_Ip_8.8mm_closed_R5_single_refY_005-raw05-23,8.710464361199508,7,0.02
B0,GP_Ip_9.7mm_closed_R5_single_refY,GP_Ip_9.7mm_closed_R5_single_refY_004,1,GP_Ip_9.7mm_closed_R5_single_refY_004-raw01-04,12.251228279849974,7,0.02
B1,GP_Ip_9.7mm_closed_R5_single_refY,GP_Ip_9.7mm_closed_R5_single_refY_004,1,GP_Ip_9.7mm_closed_R5_single_refY_004-raw01-04,12.251228279849974,7,0.02
B2,GP_Ip_9.7mm_closed_R5_single_refY,GP_Ip_9.7mm_closed_R5_single_refY_004,1,GP_Ip_9.7mm_closed_R5_single_refY_004-raw01-04,12.12677593811322,7,0.02
B3,GP_Ip_9.7mm_closed_R5_single_refY,GP_Ip_9.7mm_closed_R5_single_refY_004,1,GP_Ip_9.7mm_closed_R5_single_refY_004-raw01-04,12.12677593811322,7,0.02
B0,GP_Ip_9.7mm_closed_R5_single_refY,GP_Ip_9.7mm_closed_R5_single_refY_004,3,GP_Ip_9.7mm_closed_R5_single_refY_004-raw03-24,11.77992658052369,7,0.02
B1,GP_Ip_9.7mm_closed_R5_single_refY,GP_Ip_9.7mm_closed_R5_single_refY_004,3,GP_Ip_9.7mm_closed_R5_single_refY_004-raw03-24,11.78020880680916,7,0.02
B2,GP_Ip_9.7mm_closed_R5_single_refY,GP_Ip_9.7mm_closed_R5_single_refY_004,3,GP_Ip_9.7mm_closed_R5_single_refY_004-raw03-24,11.753096023200689,7,0.02
B3,GP_Ip_9.7mm_closed_R5_single_refY,GP_Ip_9.7mm_closed_R5_single_refY_004,3,GP_Ip_9.7mm_closed_R5_single_refY_004-raw03-24,11.753096023200689,7,0.02
B0,GP_Ip_9.7mm_closed_R5_single_refY,GP_Ip_9.7mm_closed_R5_single_refY_004,4,GP_Ip_9.7mm_closed_R5_single_refY_004-raw04-15,13.806295685184544,7,0.02
B1,GP_Ip_9.7mm_closed_R5_single_refY,GP_Ip_9.7mm_closed_R5_single_refY_004,4,GP_Ip_9.7mm_closed_R5_single_refY_004-raw04-15,13.806295685184544,7,0.02
B2,GP_Ip_9.7mm_closed_R5_single_refY,GP_Ip_9.7mm_closed_R5_single_refY_004,4,GP_Ip_9.7mm_closed_R5_single_refY_004-raw04-15,13.7305051392337,7,0.02
B3,GP_Ip_9.7mm_closed_R5_single_refY,GP_Ip_9.7mm_closed_R5_single_refY_004,4,GP_Ip_9.7mm_closed_R5_single_refY_004-raw04-15,13.7305051392337,7,0.02
B0,GP_Ip_9.7mm_closed_R5_single_refY,GP_Ip_9.7mm_closed_R5_single_refY_004,5,GP_Ip_9.7mm_closed_R5_single_refY_004-raw05-10,13.386311777946595,7,0.02
B1,GP_Ip_9.7mm_closed_R5_single_refY,GP_Ip_9.7mm_closed_R5_single_refY_004,5,GP_Ip_9.7mm_closed_R5_single_refY_004-raw05-10,13.386720363581224,7,0.02
B2,GP_Ip_9.7mm_closed_R5_single_refY,GP_Ip_9.7mm_closed_R5_single_refY_004,5,GP_Ip_9.7mm_closed_R5_single_refY_004-raw05-10,13.411576654068213,7,0.02
B3,GP_Ip_9.7mm_closed_R5_single_refY,GP_Ip_9.7mm_closed_R5_single_refY_004,5,GP_Ip_9.7mm_closed_R5_single_refY_004-raw05-10,13.411576654068213,7,0.02
B0,GP_Ip_9.7mm_closed_R5_single_refY,GP_Ip_9.7mm_closed_R5_single_refY_005,1,GP_Ip_9.7mm_closed_R5_single_refY_005-raw01-09,9.63088572388592,7,0.02
B1,GP_Ip_9.7mm_closed_R5_single_refY,GP_Ip_9.7mm_closed_R5_single_refY_005,1,GP_Ip_9.7mm_closed_R5_single_refY_005-raw01-09,9.623688996122917,7,0.02
B2,GP_Ip_9.7mm_closed_R5_single_refY,GP_Ip_9.7mm_closed_R5_single_refY_005,1,GP_Ip_9.7mm_closed_R5_single_refY_005-raw01-09,9.57556471388732,7,0.02
B3,GP_Ip_9.7mm_closed_R5_single_refY,GP_Ip_9.7mm_closed_R5_single_refY_005,1,GP_Ip_9.7mm_closed_R5_single_refY_005-raw01-09,9.57556471388732,7,0.02
B0,GP_Ip_9.7mm_closed_R5_single_refY,GP_Ip_9.7mm_closed_R5_single_refY_005,2,GP_Ip_9.7mm_closed_R5_single_refY_005-raw02-02,9.67434285050366,7,0.02
B1,GP_Ip_9.7mm_closed_R5_single_refY,GP_Ip_9.7mm_closed_R5_single_refY_005,2,GP_Ip_9.7mm_closed_R5_single_refY_005-raw02-02,9.674642892674816,7,0.02
B2,GP_Ip_9.7mm_closed_R5_single_refY,GP_Ip_9.7mm_closed_R5_single_refY_005,2,GP_Ip_9.7mm_closed_R5_single_refY_005-raw02-02,9.675710322163683,7,0.02
B3,GP_Ip_9.7mm_closed_R5_single_refY,GP_Ip_9.7mm_closed_R5_single_refY_005,2,GP_Ip_9.7mm_closed_R5_single_refY_005-raw02-02,9.675710322163683,7,0.02
B0,GP_Ip_9.7mm_closed_R5_single_refY,GP_Ip_9.7mm_closed_R5_single_refY_005,3,GP_Ip_9.7mm_closed_R5_single_refY_005-raw03-01,10.17201307501649,7,0.02
B1,GP_Ip_9.7mm_closed_R5_single_refY,GP_Ip_9.7mm_closed_R5_single_refY_005,3,GP_Ip_9.7mm_closed_R5_single_refY_005-raw03-01,10.181878582843177,7,0.02
B2,GP_Ip_9.7mm_closed_R5_single_refY,GP_Ip_9.7mm_closed_R5_single_refY_005,3,GP_Ip_9.7mm_closed_R5_single_refY_005-raw03-01,10.222901904753506,7,0.02
B3,GP_Ip_9.7mm_closed_R5_single_refY,GP_Ip_9.7mm_closed_R5_single_refY_005,3,GP_Ip_9.7mm_closed_R5_single_refY_005-raw03-01,10.222901904753506,7,0.02
B0,GP_Ip_9.7mm_closed_R5_single_refY,GP_Ip_9.7mm_closed_R5_single_refY_005,4,GP_Ip_9.7mm_closed_R5_single_refY_005-raw04-24,10.508678148477053,7,0.02
B1,GP_Ip_9.7mm_closed_R5_single_refY,GP_Ip_9.7mm_closed_R5_single_refY_005,4,GP_Ip_9.7mm_closed_R5_single_refY_005-raw04-24,10.48799436222955,7,0.02
B2,GP_Ip_9.7mm_closed_R5_single_refY,GP_Ip_9.7mm_closed_R5_single_refY_005,4,GP_Ip_9.7mm_closed_R5_single_refY_005-raw04-24,10.458883425866976,7,0.02
B3,GP_Ip_9.7mm_closed_R5_single_refY,GP_Ip_9.7mm_closed_R5_single_refY_005,4,GP_Ip_9.7mm_closed_R5_single_refY_005-raw04-24,10.458883425866976,7,0.02
B0,GP_Ip_9.7mm_closed_R5_single_refY,GP_Ip_9.7mm_closed_R5_single_refY_005,5,GP_Ip_9.7mm_closed_R5_single_refY_005-raw05-22,9.691017298183755,7,0.02
B1,GP_Ip_9.7mm_closed_R5_single_refY,GP_Ip_9.7mm_closed_R5_single_refY_005,5,GP_Ip_9.7mm_closed_R5_single_refY_005-raw05-22,9.691017298183759,7,0.02
B2,GP_Ip_9.7mm_closed_R5_single_refY,GP_Ip_9.7mm_closed_R5_single_refY_005,5,GP_Ip_9.7mm_closed_R5_single_refY_005-raw05-22,9.714014420597643,7,0.02
B3,GP_Ip_9.7mm_closed_R5_single_refY,GP_Ip_9.7mm_closed_R5_single_refY_005,5,GP_Ip_9.7mm_closed_R5_single_refY_005-raw05-22,9.714014420597643,7,0.02
B0,GP_Is_10.5mm_closed_R5_single_refY,GP_Is_10.5mm_closed_R5_single_refY_004,1,GP_Is_10.5mm_closed_R5_single_refY_004-raw01-09,11.373434759670284,7,0.02
B1,GP_Is_10.5mm_closed_R5_single_refY,GP_Is_10.5mm_closed_R5_single_refY_004,1,GP_Is_10.5mm_closed_R5_single_refY_004-raw01-09,11.370853127743286,7,0.02
B2,GP_Is_10.5mm_closed_R5_single_refY,GP_Is_10.5mm_closed_R5_single_refY_004,1,GP_Is_10.5mm_closed_R5_single_refY_004-raw01-09,11.358715670576737,7,0.02
B3,GP_Is_10.5mm_closed_R5_single_refY,GP_Is_10.5mm_closed_R5_single_refY_004,1,GP_Is_10.5mm_closed_R5_single_refY_004-raw01-09,11.358715670576737,7,0.02
B0,GP_Is_10.5mm_closed_R5_single_refY,GP_Is_10.5mm_closed_R5_single_refY_004,2,GP_Is_10.5mm_closed_R5_single_refY_004-raw02-22,11.148870444239892,7,0.02
B1,GP_Is_10.5mm_closed_R5_single_refY,GP_Is_10.5mm_closed_R5_single_refY_004,2,GP_Is_10.5mm_closed_R5_single_refY_004-raw02-22,11.137001475576787,7,0.02
B2,GP_Is_10.5mm_closed_R5_single_refY,GP_Is_10.5mm_closed_R5_single_refY_004,2,GP_Is_10.5mm_closed_R5_single_refY_004-raw02-22,11.134880743964079,7,0.02
B3,GP_Is_10.5mm_closed_R5_single_refY,GP_Is_10.5mm_closed_R5_single_refY_004,2,GP_Is_10.5mm_closed_R5_single_refY_004-raw02-22,11.134880743964079,7,0.02
B0,GP_Is_10.5mm_closed_R5_single_refY,GP_Is_10.5mm_closed_R5_single_refY_004,3,GP_Is_10.5mm_closed_R5_single_refY_004-raw03-05,11.243063794380594,7,0.02
B1,GP_Is_10.5mm_closed_R5_single_refY,GP_Is_10.5mm_closed_R5_single_refY_004,3,GP_Is_10.5mm_closed_R5_single_refY_004-raw03-05,11.24949213823043,7,0.02
B2,GP_Is_10.5mm_closed_R5_single_refY,GP_Is_10.5mm_closed_R5_single_refY_004,3,GP_Is_10.5mm_closed_R5_single_refY_004-raw03-05,11.245688793753455,7,0.02
B3,GP_Is_10.5mm_closed_R5_single_refY,GP_Is_10.5mm_closed_R5_single_refY_004,3,GP_Is_10.5mm_closed_R5_single_refY_004-raw03-05,11.245688793753455,7,0.02
B0,GP_Is_10.5mm_closed_R5_single_refY,GP_Is_10.5mm_closed_R5_single_refY_004,4,GP_Is_10.5mm_closed_R5_single_refY_004-raw04-24,11.506021184357422,7,0.02
B1,GP_Is_10.5mm_closed_R5_single_refY,GP_Is_10.5mm_closed_R5_single_refY_004,4,GP_Is_10.5mm_closed_R5_single_refY_004-raw04-24,11.506021184357422,7,0.02
B2,GP_Is_10.5mm_closed_R5_single_refY,GP_Is_10.5mm_closed_R5_single_refY_004,4,GP_Is_10.5mm_closed_R5_single_refY_004-raw04-24,11.505118329577495,7,0.02
B3,GP_Is_10.5mm_closed_R5_single_refY,GP_Is_10.5mm_closed_R5_single_refY_004,4,GP_Is_10.5mm_closed_R5_single_refY_004-raw04-24,11.505118329577495,7,0.02
B0,GP_Is_10.5mm_closed_R5_single_refY,GP_Is_10.5mm_closed_R5_single_refY_004,5,GP_Is_10.5mm_closed_R5_single_refY_004-raw05-05,11.466671542717672,7,0.02
B1,GP_Is_10.5mm_closed_R5_single_refY,GP_Is_10.5mm_closed_R5_single_refY_004,5,GP_Is_10.5mm_closed_R5_single_refY_004-raw05-05,11.466370198573873,7,0.02
B2,GP_Is_10.5mm_closed_R5_single_refY,GP_Is_10.5mm_closed_R5_single_refY_004,5,GP_Is_10.5mm_closed_R5_single_refY_004-raw05-05,11.440681076386232,7,0.02
B3,GP_Is_10.5mm_closed_R5_single_refY,GP_Is_10.5mm_closed_R5_single_refY_004,5,GP_Is_10.5mm_closed_R5_single_refY_004-raw05-05,11.440681076386232,7,0.02
B0,GP_Is_10.5mm_closed_R5_single_refY,GP_Is_10.5mm_closed_R5_single_refY_005,1,GP_Is_10.5mm_closed_R5_single_refY_005-raw01-07,10.797661625083208,7,0.02
B1,GP_Is_10.5mm_closed_R5_single_refY,GP_Is_10.5mm_closed_R5_single_refY_005,1,GP_Is_10.5mm_closed_R5_single_refY_005-raw01-07,10.797661625083208,7,0.02
B2,GP_Is_10.5mm_closed_R5_single_refY,GP_Is_10.5mm_closed_R5_single_refY_005,1,GP_Is_10.5mm_closed_R5_single_refY_005-raw01-07,10.82231040888497,7,0.02
B3,GP_Is_10.5mm_closed_R5_single_refY,GP_Is_10.5mm_closed_R5_single_refY_005,1,GP_Is_10.5mm_closed_R5_single_refY_005-raw01-07,10.82231040888497,7,0.02
B0,GP_Is_10.5mm_closed_R5_single_refY,GP_Is_10.5mm_closed_R5_single_refY_005,2,GP_Is_10.5mm_closed_R5_single_refY_005-raw02-14,11.244301294515694,7,0.02
B1,GP_Is_10.5mm_closed_R5_single_refY,GP_Is_10.5mm_closed_R5_single_refY_005,2,GP_Is_10.5mm_closed_R5_single_refY_005-raw02-14,11.26136772332482,7,0.02
B2,GP_Is_10.5mm_closed_R5_single_refY,GP_Is_10.5mm_closed_R5_single_refY_005,2,GP_Is_10.5mm_closed_R5_single_refY_005-raw02-14,11.25992006662458,7,0.02
B3,GP_Is_10.5mm_closed_R5_single_refY,GP_Is_10.5mm_closed_R5_single_refY_005,2,GP_Is_10.5mm_closed_R5_single_refY_005-raw02-14,11.25992006662458,7,0.02
B0,GP_Is_10.5mm_closed_R5_single_refY,GP_Is_10.5mm_closed_R5_single_refY_005,3,GP_Is_10.5mm_closed_R5_single_refY_005-raw03-09,10.887721203982249,7,0.02
B1,GP_Is_10.5mm_closed_R5_single_refY,GP_Is_10.5mm_closed_R5_single_refY_005,3,GP_Is_10.5mm_closed_R5_single_refY_005-raw03-09,10.896508756365208,7,0.02
B2,GP_Is_10.5mm_closed_R5_single_refY,GP_Is_10.5mm_closed_R5_single_refY_005,3,GP_Is_10.5mm_closed_R5_single_refY_005-raw03-09,10.891919471795262,7,0.02
B3,GP_Is_10.5mm_closed_R5_single_refY,GP_Is_10.5mm_closed_R5_single_refY_005,3,GP_Is_10.5mm_closed_R5_single_refY_005-raw03-09,10.891919471795262,7,0.02
B0,GP_Is_10.5mm_closed_R5_single_refY,GP_Is_10.5mm_closed_R5_single_refY_005,4,GP_Is_10.5mm_closed_R5_single_refY_005-raw04-04,10.61592242136698,7,0.02
B1,GP_Is_10.5mm_closed_R5_single_refY,GP_Is_10.5mm_closed_R5_single_refY_005,4,GP_Is_10.5mm_closed_R5_single_refY_005-raw04-04,10.62050343927478,7,0.02
B2,GP_Is_10.5mm_closed_R5_single_refY,GP_Is_10.5mm_closed_R5_single_refY_005,4,GP_Is_10.5mm_closed_R5_single_refY_005-raw04-04,10.619380304817806,7,0.02
B3,GP_Is_10.5mm_closed_R5_single_refY,GP_Is_10.5mm_closed_R5_single_refY_005,4,GP_Is_10.5mm_closed_R5_single_refY_005-raw04-04,10.619380304817806,7,0.02
B0,GP_Is_10.5mm_closed_R5_single_refY,GP_Is_10.5mm_closed_R5_single_refY_005,5,GP_Is_10.5mm_closed_R5_single_refY_005-raw05-10,10.15378351776669,7,0.02
B1,GP_Is_10.5mm_closed_R5_single_refY,GP_Is_10.5mm_closed_R5_single_refY_005,5,GP_Is_10.5mm_closed_R5_single_refY_005-raw05-10,10.15378351776669,7,0.02
B2,GP_Is_10.5mm_closed_R5_single_refY,GP_Is_10.5mm_closed_R5_single_refY_005,5,GP_Is_10.5mm_closed_R5_single_refY_005-raw05-10,10.159823642438505,7,0.02
B3,GP_Is_10.5mm_closed_R5_single_refY,GP_Is_10.5mm_closed_R5_single_refY_005,5,GP_Is_10.5mm_closed_R5_single_refY_005-raw05-10,10.159823642438505,7,0.02
B0,GP_Is_14.0mm_closed_R10_single_refY,GP_Is_14.0mm_closed_R10_single_refY_004,1,GP_Is_14.0mm_closed_R10_single_refY_004-raw01-20,11.56644298961784,7,0.02
B1,GP_Is_14.0mm_closed_R10_single_refY,GP_Is_14.0mm_closed_R10_single_refY_004,1,GP_Is_14.0mm_closed_R10_single_refY_004-raw01-20,11.566499204759525,7,0.02
B2,GP_Is_14.0mm_closed_R10_single_refY,GP_Is_14.0mm_closed_R10_single_refY_004,1,GP_Is_14.0mm_closed_R10_single_refY_004-raw01-20,11.566516974801784,7,0.02
B3,GP_Is_14.0mm_closed_R10_single_refY,GP_Is_14.0mm_closed_R10_single_refY_004,1,GP_Is_14.0mm_closed_R10_single_refY_004-raw01-20,11.566516974801784,7,0.02
B0,GP_Is_14.0mm_closed_R10_single_refY,GP_Is_14.0mm_closed_R10_single_refY_004,2,GP_Is_14.0mm_closed_R10_single_refY_004-raw02-20,11.653511655466373,7,0.02
B1,GP_Is_14.0mm_closed_R10_single_refY,GP_Is_14.0mm_closed_R10_single_refY_004,2,GP_Is_14.0mm_closed_R10_single_refY_004-raw02-20,11.647289761284927,7,0.02
B2,GP_Is_14.0mm_closed_R10_single_refY,GP_Is_14.0mm_closed_R10_single_refY_004,2,GP_Is_14.0mm_closed_R10_single_refY_004-raw02-20,11.64679694161211,7,0.02
B3,GP_Is_14.0mm_closed_R10_single_refY,GP_Is_14.0mm_closed_R10_single_refY_004,2,GP_Is_14.0mm_closed_R10_single_refY_004-raw02-20,11.64679694161211,7,0.02
B0,GP_Is_14.0mm_closed_R10_single_refY,GP_Is_14.0mm_closed_R10_single_refY_004,3,GP_Is_14.0mm_closed_R10_single_refY_004-raw03-03,11.736201043555452,7,0.02
B1,GP_Is_14.0mm_closed_R10_single_refY,GP_Is_14.0mm_closed_R10_single_refY_004,3,GP_Is_14.0mm_closed_R10_single_refY_004-raw03-03,11.74128787075937,7,0.02
B2,GP_Is_14.0mm_closed_R10_single_refY,GP_Is_14.0mm_closed_R10_single_refY_004,3,GP_Is_14.0mm_closed_R10_single_refY_004-raw03-03,11.732447981150003,7,0.02
B3,GP_Is_14.0mm_closed_R10_single_refY,GP_Is_14.0mm_closed_R10_single_refY_004,3,GP_Is_14.0mm_closed_R10_single_refY_004-raw03-03,11.732447981150003,7,0.02
B0,GP_Is_14.0mm_closed_R10_single_refY,GP_Is_14.0mm_closed_R10_single_refY_004,4,GP_Is_14.0mm_closed_R10_single_refY_004-raw04-04,11.499828350011098,7,0.02
B1,GP_Is_14.0mm_closed_R10_single_refY,GP_Is_14.0mm_closed_R10_single_refY_004,4,GP_Is_14.0mm_closed_R10_single_refY_004-raw04-04,11.501691219328594,7,0.02
B2,GP_Is_14.0mm_closed_R10_single_refY,GP_Is_14.0mm_closed_R10_single_refY_004,4,GP_Is_14.0mm_closed_R10_single_refY_004-raw04-04,11.506415742214347,7,0.02
B3,GP_Is_14.0mm_closed_R10_single_refY,GP_Is_14.0mm_closed_R10_single_refY_004,4,GP_Is_14.0mm_closed_R10_single_refY_004-raw04-04,11.506415742214347,7,0.02
B0,GP_Is_14.0mm_closed_R10_single_refY,GP_Is_14.0mm_closed_R10_single_refY_004,5,GP_Is_14.0mm_closed_R10_single_refY_004-raw05-02,11.84197765978936,7,0.02
B1,GP_Is_14.0mm_closed_R10_single_refY,GP_Is_14.0mm_closed_R10_single_refY_004,5,GP_Is_14.0mm_closed_R10_single_refY_004-raw05-02,11.841977659789361,7,0.02
B2,GP_Is_14.0mm_closed_R10_single_refY,GP_Is_14.0mm_closed_R10_single_refY_004,5,GP_Is_14.0mm_closed_R10_single_refY_004-raw05-02,11.833444433469065,7,0.02
B3,GP_Is_14.0mm_closed_R10_single_refY,GP_Is_14.0mm_closed_R10_single_refY_004,5,GP_Is_14.0mm_closed_R10_single_refY_004-raw05-02,11.833444433469065,7,0.02
B0,GP_Is_14.0mm_closed_R10_single_refY,GP_Is_14.0mm_closed_R10_single_refY_005,1,GP_Is_14.0mm_closed_R10_single_refY_005-raw01-21,12.858957869199504,7,0.02
B1,GP_Is_14.0mm_closed_R10_single_refY,GP_Is_14.0mm_closed_R10_single_refY_005,1,GP_Is_14.0mm_closed_R10_single_refY_005-raw01-21,12.874140268966563,7,0.02
B2,GP_Is_14.0mm_closed_R10_single_refY,GP_Is_14.0mm_closed_R10_single_refY_005,1,GP_Is_14.0mm_closed_R10_single_refY_005-raw01-21,12.877587601386814,7,0.02
B3,GP_Is_14.0mm_closed_R10_single_refY,GP_Is_14.0mm_closed_R10_single_refY_005,1,GP_Is_14.0mm_closed_R10_single_refY_005-raw01-21,12.877587601386814,7,0.02
B0,GP_Is_14.0mm_closed_R10_single_refY,GP_Is_14.0mm_closed_R10_single_refY_005,2,GP_Is_14.0mm_closed_R10_single_refY_005-raw02-12,12.912079773299936,7,0.02
B1,GP_Is_14.0mm_closed_R10_single_refY,GP_Is_14.0mm_closed_R10_single_refY_005,2,GP_Is_14.0mm_closed_R10_single_refY_005-raw02-12,12.919341040071508,7,0.02
B2,GP_Is_14.0mm_closed_R10_single_refY,GP_Is_14.0mm_closed_R10_single_refY_005,2,GP_Is_14.0mm_closed_R10_single_refY_005-raw02-12,12.926560697219234,7,0.02
B3,GP_Is_14.0mm_closed_R10_single_refY,GP_Is_14.0mm_closed_R10_single_refY_005,2,GP_Is_14.0mm_closed_R10_single_refY_005-raw02-12,12.926560697219234,7,0.02
B0,GP_Is_14.0mm_closed_R10_single_refY,GP_Is_14.0mm_closed_R10_single_refY_005,3,GP_Is_14.0mm_closed_R10_single_refY_005-raw03-10,12.443017967289624,7,0.02
B1,GP_Is_14.0mm_closed_R10_single_refY,GP_Is_14.0mm_closed_R10_single_refY_005,3,GP_Is_14.0mm_closed_R10_single_refY_005-raw03-10,12.442780742825962,7,0.02
B2,GP_Is_14.0mm_closed_R10_single_refY,GP_Is_14.0mm_closed_R10_single_refY_005,3,GP_Is_14.0mm_closed_R10_single_refY_005-raw03-10,12.441976640241705,7,0.02
B3,GP_Is_14.0mm_closed_R10_single_refY,GP_Is_14.0mm_closed_R10_single_refY_005,3,GP_Is_14.0mm_closed_R10_single_refY_005-raw03-10,12.441976640241705,7,0.02
B0,GP_Is_14.0mm_closed_R10_single_refY,GP_Is_14.0mm_closed_R10_single_refY_005,4,GP_Is_14.0mm_closed_R10_single_refY_005-raw04-17,11.92465162325314,7,0.02
B1,GP_Is_14.0mm_closed_R10_single_refY,GP_Is_14.0mm_closed_R10_single_refY_005,4,GP_Is_14.0mm_closed_R10_single_refY_005-raw04-17,11.924242423247934,7,0.02
B2,GP_Is_14.0mm_closed_R10_single_refY,GP_Is_14.0mm_closed_R10_single_refY_005,4,GP_Is_14.0mm_closed_R10_single_refY_005-raw04-17,11.925353389441234,7,0.02
B3,GP_Is_14.0mm_closed_R10_single_refY,GP_Is_14.0mm_closed_R10_single_refY_005,4,GP_Is_14.0mm_closed_R10_single_refY_005-raw04-17,11.925353389441234,7,0.02
B0,GP_Is_14.0mm_closed_R10_single_refY,GP_Is_14.0mm_closed_R10_single_refY_005,5,GP_Is_14.0mm_closed_R10_single_refY_005-raw05-11,11.18753830137797,7,0.02
B1,GP_Is_14.0mm_closed_R10_single_refY,GP_Is_14.0mm_closed_R10_single_refY_005,5,GP_Is_14.0mm_closed_R10_single_refY_005-raw05-11,11.197487546366462,7,0.02
B2,GP_Is_14.0mm_closed_R10_single_refY,GP_Is_14.0mm_closed_R10_single_refY_005,5,GP_Is_14.0mm_closed_R10_single_refY_005-raw05-11,11.196154341258426,7,0.02
B3,GP_Is_14.0mm_closed_R10_single_refY,GP_Is_14.0mm_closed_R10_single_refY_005,5,GP_Is_14.0mm_closed_R10_single_refY_005-raw05-11,11.196154341258426,7,0.02
B0,GP_Is_14.0mm_closed_R5_single_refY,GP_Is_14.0mm_closed_R5_single_refY_004,1,GP_Is_14.0mm_closed_R5_single_refY_004-raw01-24,13.71029007865844,7,0.02
B1,GP_Is_14.0mm_closed_R5_single_refY,GP_Is_14.0mm_closed_R5_single_refY_004,1,GP_Is_14.0mm_closed_R5_single_refY_004-raw01-24,13.7114076192288,7,0.02
B2,GP_Is_14.0mm_closed_R5_single_refY,GP_Is_14.0mm_closed_R5_single_refY_004,1,GP_Is_14.0mm_closed_R5_single_refY_004-raw01-24,13.718067297708822,7,0.02
B3,GP_Is_14.0mm_closed_R5_single_refY,GP_Is_14.0mm_closed_R5_single_refY_004,1,GP_Is_14.0mm_closed_R5_single_refY_004-raw01-24,13.718067297708822,7,0.02
B0,GP_Is_14.0mm_closed_R5_single_refY,GP_Is_14.0mm_closed_R5_single_refY_004,2,GP_Is_14.0mm_closed_R5_single_refY_004-raw02-01,13.709925470948724,7,0.02
B1,GP_Is_14.0mm_closed_R5_single_refY,GP_Is_14.0mm_closed_R5_single_refY_004,2,GP_Is_14.0mm_closed_R5_single_refY_004-raw02-01,13.722229608267655,7,0.02
B2,GP_Is_14.0mm_closed_R5_single_refY,GP_Is_14.0mm_closed_R5_single_refY_004,2,GP_Is_14.0mm_closed_R5_single_refY_004-raw02-01,13.768378606853018,7,0.02
B3,GP_Is_14.0mm_closed_R5_single_refY,GP_Is_14.0mm_closed_R5_single_refY_004,2,GP_Is_14.0mm_closed_R5_single_refY_004-raw02-01,13.768378606853018,7,0.02
B0,GP_Is_14.0mm_closed_R5_single_refY,GP_Is_14.0mm_closed_R5_single_refY_004,3,GP_Is_14.0mm_closed_R5_single_refY_004-raw03-01,13.115069931881328,7,0.02
B1,GP_Is_14.0mm_closed_R5_single_refY,GP_Is_14.0mm_closed_R5_single_refY_004,3,GP_Is_14.0mm_closed_R5_single_refY_004-raw03-01,13.093173406021114,7,0.02
B2,GP_Is_14.0mm_closed_R5_single_refY,GP_Is_14.0mm_closed_R5_single_refY_004,3,GP_Is_14.0mm_closed_R5_single_refY_004-raw03-01,13.062231865987092,7,0.02
B3,GP_Is_14.0mm_closed_R5_single_refY,GP_Is_14.0mm_closed_R5_single_refY_004,3,GP_Is_14.0mm_closed_R5_single_refY_004-raw03-01,13.062231865987092,7,0.02
B0,GP_Is_14.0mm_closed_R5_single_refY,GP_Is_14.0mm_closed_R5_single_refY_004,4,GP_Is_14.0mm_closed_R5_single_refY_004-raw04-01,13.372715492109712,7,0.02
B1,GP_Is_14.0mm_closed_R5_single_refY,GP_Is_14.0mm_closed_R5_single_refY_004,4,GP_Is_14.0mm_closed_R5_single_refY_004-raw04-01,13.372715492109712,7,0.02
B2,GP_Is_14.0mm_closed_R5_single_refY,GP_Is_14.0mm_closed_R5_single_refY_004,4,GP_Is_14.0mm_closed_R5_single_refY_004-raw04-01,13.383859262126443,7,0.02
B3,GP_Is_14.0mm_closed_R5_single_refY,GP_Is_14.0mm_closed_R5_single_refY_004,4,GP_Is_14.0mm_closed_R5_single_refY_004-raw04-01,13.383859262126443,7,0.02
B0,GP_Is_14.0mm_closed_R5_single_refY,GP_Is_14.0mm_closed_R5_single_refY_004,5,GP_Is_14.0mm_closed_R5_single_refY_004-raw05-20,13.623468178645387,7,0.02
B1,GP_Is_14.0mm_closed_R5_single_refY,GP_Is_14.0mm_closed_R5_single_refY_004,5,GP_Is_14.0mm_closed_R5_single_refY_004-raw05-20,13.63164428964477,7,0.02
B2,GP_Is_14.0mm_closed_R5_single_refY,GP_Is_14.0mm_closed_R5_single_refY_004,5,GP_Is_14.0mm_closed_R5_single_refY_004-raw05-20,13.63433596764767,7,0.02
B3,GP_Is_14.0mm_closed_R5_single_refY,GP_Is_14.0mm_closed_R5_single_refY_004,5,GP_Is_14.0mm_closed_R5_single_refY_004-raw05-20,13.63433596764767,7,0.02
B0,GP_Is_14.0mm_closed_R5_single_refY,GP_Is_14.0mm_closed_R5_single_refY_005,1,GP_Is_14.0mm_closed_R5_single_refY_005-raw01-02,15.625497210857164,7,0.02
B1,GP_Is_14.0mm_closed_R5_single_refY,GP_Is_14.0mm_closed_R5_single_refY_005,1,GP_Is_14.0mm_closed_R5_single_refY_005-raw01-02,15.625486678324993,7,0.02
B2,GP_Is_14.0mm_closed_R5_single_refY,GP_Is_14.0mm_closed_R5_single_refY_005,1,GP_Is_14.0mm_closed_R5_single_refY_005-raw01-02,15.67523153528386,7,0.02
B3,GP_Is_14.0mm_closed_R5_single_refY,GP_Is_14.0mm_closed_R5_single_refY_005,1,GP_Is_14.0mm_closed_R5_single_refY_005-raw01-02,15.67523153528386,7,0.02
B0,GP_Is_14.0mm_closed_R5_single_refY,GP_Is_14.0mm_closed_R5_single_refY_005,2,GP_Is_14.0mm_closed_R5_single_refY_005-raw02-11,,1,
B1,GP_Is_14.0mm_closed_R5_single_refY,GP_Is_14.0mm_closed_R5_single_refY_005,2,GP_Is_14.0mm_closed_R5_single_refY_005-raw02-11,15.513034406338345,1,
B2,GP_Is_14.0mm_closed_R5_single_refY,GP_Is_14.0mm_closed_R5_single_refY_005,2,GP_Is_14.0mm_closed_R5_single_refY_005-raw02-11,,1,
B3,GP_Is_14.0mm_closed_R5_single_refY,GP_Is_14.0mm_closed_R5_single_refY_005,2,GP_Is_14.0mm_closed_R5_single_refY_005-raw02-11,,1,
B0,GP_Is_14.0mm_closed_R5_single_refY,GP_Is_14.0mm_closed_R5_single_refY_005,3,GP_Is_14.0mm_closed_R5_single_refY_005-raw03-20,13.976737053058237,7,0.02
B1,GP_Is_14.0mm_closed_R5_single_refY,GP_Is_14.0mm_closed_R5_single_refY_005,3,GP_Is_14.0mm_closed_R5_single_refY_005-raw03-20,13.980324504832929,7,0.02
B2,GP_Is_14.0mm_closed_R5_single_refY,GP_Is_14.0mm_closed_R5_single_refY_005,3,GP_Is_14.0mm_closed_R5_single_refY_005-raw03-20,14.00464478359016,7,0.02
B3,GP_Is_14.0mm_closed_R5_single_refY,GP_Is_14.0mm_closed_R5_single_refY_005,3,GP_Is_14.0mm_closed_R5_single_refY_005-raw03-20,14.00464478359016,7,0.02
B0,GP_Is_14.0mm_closed_R5_single_refY,GP_Is_14.0mm_closed_R5_single_refY_005,4,GP_Is_14.0mm_closed_R5_single_refY_005-raw04-13,12.446219209766353,7,0.02
B1,GP_Is_14.0mm_closed_R5_single_refY,GP_Is_14.0mm_closed_R5_single_refY_005,4,GP_Is_14.0mm_closed_R5_single_refY_005-raw04-13,12.446219209766353,7,0.02
B2,GP_Is_14.0mm_closed_R5_single_refY,GP_Is_14.0mm_closed_R5_single_refY_005,4,GP_Is_14.0mm_closed_R5_single_refY_005-raw04-13,12.45100798402822,7,0.02
B3,GP_Is_14.0mm_closed_R5_single_refY,GP_Is_14.0mm_closed_R5_single_refY_005,4,GP_Is_14.0mm_closed_R5_single_refY_005-raw04-13,12.45100798402822,7,0.02
B0,GP_Is_14.0mm_closed_R5_single_refY,GP_Is_14.0mm_closed_R5_single_refY_005,5,GP_Is_14.0mm_closed_R5_single_refY_005-raw05-16,13.863734129965952,7,0.02
B1,GP_Is_14.0mm_closed_R5_single_refY,GP_Is_14.0mm_closed_R5_single_refY_005,5,GP_Is_14.0mm_closed_R5_single_refY_005-raw05-16,13.863478830537511,7,0.02
B2,GP_Is_14.0mm_closed_R5_single_refY,GP_Is_14.0mm_closed_R5_single_refY_005,5,GP_Is_14.0mm_closed_R5_single_refY_005-raw05-16,13.853819555708114,7,0.02
B3,GP_Is_14.0mm_closed_R5_single_refY,GP_Is_14.0mm_closed_R5_single_refY_005,5,GP_Is_14.0mm_closed_R5_single_refY_005-raw05-16,13.853819555708114,7,0.02
B0,GP_Is_18.0mm_closed_R10_single_refY,GP_Is_18.0mm_closed_R10_single_refY_004,1,GP_Is_18.0mm_closed_R10_single_refY_004-raw01-01,16.952410421644604,7,0.02
B1,GP_Is_18.0mm_closed_R10_single_refY,GP_Is_18.0mm_closed_R10_single_refY_004,1,GP_Is_18.0mm_closed_R10_single_refY_004-raw01-01,16.929689709490262,7,0.02
B2,GP_Is_18.0mm_closed_R10_single_refY,GP_Is_18.0mm_closed_R10_single_refY_004,1,GP_Is_18.0mm_closed_R10_single_refY_004-raw01-01,16.93058813917277,7,0.02
B3,GP_Is_18.0mm_closed_R10_single_refY,GP_Is_18.0mm_closed_R10_single_refY_004,1,GP_Is_18.0mm_closed_R10_single_refY_004-raw01-01,16.93058813917277,7,0.02
B0,GP_Is_18.0mm_closed_R10_single_refY,GP_Is_18.0mm_closed_R10_single_refY_004,2,GP_Is_18.0mm_closed_R10_single_refY_004-raw02-11,16.90854730399856,7,0.02
B1,GP_Is_18.0mm_closed_R10_single_refY,GP_Is_18.0mm_closed_R10_single_refY_004,2,GP_Is_18.0mm_closed_R10_single_refY_004-raw02-11,16.90541789571138,7,0.02
B2,GP_Is_18.0mm_closed_R10_single_refY,GP_Is_18.0mm_closed_R10_single_refY_004,2,GP_Is_18.0mm_closed_R10_single_refY_004-raw02-11,16.903147619892696,7,0.02
B3,GP_Is_18.0mm_closed_R10_single_refY,GP_Is_18.0mm_closed_R10_single_refY_004,2,GP_Is_18.0mm_closed_R10_single_refY_004-raw02-11,16.903147619892696,7,0.02
B0,GP_Is_18.0mm_closed_R10_single_refY,GP_Is_18.0mm_closed_R10_single_refY_004,3,GP_Is_18.0mm_closed_R10_single_refY_004-raw03-06,16.880452999439658,7,0.02
B1,GP_Is_18.0mm_closed_R10_single_refY,GP_Is_18.0mm_closed_R10_single_refY_004,3,GP_Is_18.0mm_closed_R10_single_refY_004-raw03-06,16.88045299943966,7,0.02
B2,GP_Is_18.0mm_closed_R10_single_refY,GP_Is_18.0mm_closed_R10_single_refY_004,3,GP_Is_18.0mm_closed_R10_single_refY_004-raw03-06,16.876840664994624,7,0.02
B3,GP_Is_18.0mm_closed_R10_single_refY,GP_Is_18.0mm_closed_R10_single_refY_004,3,GP_Is_18.0mm_closed_R10_single_refY_004-raw03-06,16.876840664994624,7,0.02
B0,GP_Is_18.0mm_closed_R10_single_refY,GP_Is_18.0mm_closed_R10_single_refY_004,4,GP_Is_18.0mm_closed_R10_single_refY_004-raw04-22,17.04050218713843,7,0.02
B1,GP_Is_18.0mm_closed_R10_single_refY,GP_Is_18.0mm_closed_R10_single_refY_004,4,GP_Is_18.0mm_closed_R10_single_refY_004-raw04-22,17.04050218713843,7,0.02
B2,GP_Is_18.0mm_closed_R10_single_refY,GP_Is_18.0mm_closed_R10_single_refY_004,4,GP_Is_18.0mm_closed_R10_single_refY_004-raw04-22,17.036313562933245,7,0.02
B3,GP_Is_18.0mm_closed_R10_single_refY,GP_Is_18.0mm_closed_R10_single_refY_004,4,GP_Is_18.0mm_closed_R10_single_refY_004-raw04-22,17.036313562933245,7,0.02
B0,GP_Is_18.0mm_closed_R10_single_refY,GP_Is_18.0mm_closed_R10_single_refY_004,5,GP_Is_18.0mm_closed_R10_single_refY_004-raw05-03,17.07069504057135,7,0.02
B1,GP_Is_18.0mm_closed_R10_single_refY,GP_Is_18.0mm_closed_R10_single_refY_004,5,GP_Is_18.0mm_closed_R10_single_refY_004-raw05-03,17.068910503406794,7,0.02
B2,GP_Is_18.0mm_closed_R10_single_refY,GP_Is_18.0mm_closed_R10_single_refY_004,5,GP_Is_18.0mm_closed_R10_single_refY_004-raw05-03,17.06903858611274,7,0.02
B3,GP_Is_18.0mm_closed_R10_single_refY,GP_Is_18.0mm_closed_R10_single_refY_004,5,GP_Is_18.0mm_closed_R10_single_refY_004-raw05-03,17.06903858611274,7,0.02
B0,GP_Is_18.0mm_closed_R10_single_refY,GP_Is_18.0mm_closed_R10_single_refY_005,1,GP_Is_18.0mm_closed_R10_single_refY_005-raw01-20,16.290281569398484,7,0.02
B1,GP_Is_18.0mm_closed_R10_single_refY,GP_Is_18.0mm_closed_R10_single_refY_005,1,GP_Is_18.0mm_closed_R10_single_refY_005-raw01-20,16.288841599539204,7,0.02
B2,GP_Is_18.0mm_closed_R10_single_refY,GP_Is_18.0mm_closed_R10_single_refY_005,1,GP_Is_18.0mm_closed_R10_single_refY_005-raw01-20,16.290304875904745,7,0.02
B3,GP_Is_18.0mm_closed_R10_single_refY,GP_Is_18.0mm_closed_R10_single_refY_005,1,GP_Is_18.0mm_closed_R10_single_refY_005-raw01-20,16.290304875904745,7,0.02
B0,GP_Is_18.0mm_closed_R10_single_refY,GP_Is_18.0mm_closed_R10_single_refY_005,2,GP_Is_18.0mm_closed_R10_single_refY_005-raw02-20,16.368913127147167,7,0.02
B1,GP_Is_18.0mm_closed_R10_single_refY,GP_Is_18.0mm_closed_R10_single_refY_005,2,GP_Is_18.0mm_closed_R10_single_refY_005-raw02-20,16.36629575167752,7,0.02
B2,GP_Is_18.0mm_closed_R10_single_refY,GP_Is_18.0mm_closed_R10_single_refY_005,2,GP_Is_18.0mm_closed_R10_single_refY_005-raw02-20,16.33414544502774,7,0.02
B3,GP_Is_18.0mm_closed_R10_single_refY,GP_Is_18.0mm_closed_R10_single_refY_005,2,GP_Is_18.0mm_closed_R10_single_refY_005-raw02-20,16.33414544502774,7,0.02
B0,GP_Is_18.0mm_closed_R10_single_refY,GP_Is_18.0mm_closed_R10_single_refY_005,3,GP_Is_18.0mm_closed_R10_single_refY_005-raw03-21,15.89936316496875,7,0.02
B1,GP_Is_18.0mm_closed_R10_single_refY,GP_Is_18.0mm_closed_R10_single_refY_005,3,GP_Is_18.0mm_closed_R10_single_refY_005-raw03-21,15.89936316496875,7,0.02
B2,GP_Is_18.0mm_closed_R10_single_refY,GP_Is_18.0mm_closed_R10_single_refY_005,3,GP_Is_18.0mm_closed_R10_single_refY_005-raw03-21,15.889022323439669,7,0.02
B3,GP_Is_18.0mm_closed_R10_single_refY,GP_Is_18.0mm_closed_R10_single_refY_005,3,GP_Is_18.0mm_closed_R10_single_refY_005-raw03-21,15.889022323439669,7,0.02
B0,GP_Is_18.0mm_closed_R10_single_refY,GP_Is_18.0mm_closed_R10_single_refY_005,4,GP_Is_18.0mm_closed_R10_single_refY_005-raw04-16,15.171798191457064,7,0.02
B1,GP_Is_18.0mm_closed_R10_single_refY,GP_Is_18.0mm_closed_R10_single_refY_005,4,GP_Is_18.0mm_closed_R10_single_refY_005-raw04-16,15.171798191457064,7,0.02
B2,GP_Is_18.0mm_closed_R10_single_refY,GP_Is_18.0mm_closed_R10_single_refY_005,4,GP_Is_18.0mm_closed_R10_single_refY_005-raw04-16,15.176001903742325,7,0.02
B3,GP_Is_18.0mm_closed_R10_single_refY,GP_Is_18.0mm_closed_R10_single_refY_005,4,GP_Is_18.0mm_closed_R10_single_refY_005-raw04-16,15.176001903742325,7,0.02
B0,GP_Is_18.0mm_closed_R10_single_refY,GP_Is_18.0mm_closed_R10_single_refY_005,5,GP_Is_18.0mm_closed_R10_single_refY_005-raw05-20,15.042634454113443,7,0.02
B1,GP_Is_18.0mm_closed_R10_single_refY,GP_Is_18.0mm_closed_R10_single_refY_005,5,GP_Is_18.0mm_closed_R10_single_refY_005-raw05-20,15.040334820565194,7,0.02
B2,GP_Is_18.0mm_closed_R10_single_refY,GP_Is_18.0mm_closed_R10_single_refY_005,5,GP_Is_18.0mm_closed_R10_single_refY_005-raw05-20,15.040605024789414,7,0.02
B3,GP_Is_18.0mm_closed_R10_single_refY,GP_Is_18.0mm_closed_R10_single_refY_005,5,GP_Is_18.0mm_closed_R10_single_refY_005-raw05-20,15.040605024789414,7,0.02
B0,GP_Is_18.0mm_closed_R5_single_refY,GP_Is_18.0mm_closed_R5_single_refY_004,1,GP_Is_18.0mm_closed_R5_single_refY_004-raw01-22,18.95808941870901,7,0.02
B1,GP_Is_18.0mm_closed_R5_single_refY,GP_Is_18.0mm_closed_R5_single_refY_004,1,GP_Is_18.0mm_closed_R5_single_refY_004-raw01-22,18.958089418709015,7,0.02
B2,GP_Is_18.0mm_closed_R5_single_refY,GP_Is_18.0mm_closed_R5_single_refY_004,1,GP_Is_18.0mm_closed_R5_single_refY_004-raw01-22,19.00141024343913,7,0.02
B3,GP_Is_18.0mm_closed_R5_single_refY,GP_Is_18.0mm_closed_R5_single_refY_004,1,GP_Is_18.0mm_closed_R5_single_refY_004-raw01-22,19.00141024343913,7,0.02
B0,GP_Is_18.0mm_closed_R5_single_refY,GP_Is_18.0mm_closed_R5_single_refY_004,2,GP_Is_18.0mm_closed_R5_single_refY_004-raw02-15,18.891133546342203,7,0.02
B1,GP_Is_18.0mm_closed_R5_single_refY,GP_Is_18.0mm_closed_R5_single_refY_004,2,GP_Is_18.0mm_closed_R5_single_refY_004-raw02-15,18.88654865105049,7,0.02
B2,GP_Is_18.0mm_closed_R5_single_refY,GP_Is_18.0mm_closed_R5_single_refY_004,2,GP_Is_18.0mm_closed_R5_single_refY_004-raw02-15,18.890148279323935,7,0.02
B3,GP_Is_18.0mm_closed_R5_single_refY,GP_Is_18.0mm_closed_R5_single_refY_004,2,GP_Is_18.0mm_closed_R5_single_refY_004-raw02-15,18.890148279323935,7,0.02
B0,GP_Is_18.0mm_closed_R5_single_refY,GP_Is_18.0mm_closed_R5_single_refY_004,3,GP_Is_18.0mm_closed_R5_single_refY_004-raw03-10,18.43682677835669,7,0.02
B1,GP_Is_18.0mm_closed_R5_single_refY,GP_Is_18.0mm_closed_R5_single_refY_004,3,GP_Is_18.0mm_closed_R5_single_refY_004-raw03-10,18.44758023177856,7,0.02
B2,GP_Is_18.0mm_closed_R5_single_refY,GP_Is_18.0mm_closed_R5_single_refY_004,3,GP_Is_18.0mm_closed_R5_single_refY_004-raw03-10,18.45847438502523,7,0.02
B3,GP_Is_18.0mm_closed_R5_single_refY,GP_Is_18.0mm_closed_R5_single_refY_004,3,GP_Is_18.0mm_closed_R5_single_refY_004-raw03-10,18.45847438502523,7,0.02
B0,GP_Is_18.0mm_closed_R5_single_refY,GP_Is_18.0mm_closed_R5_single_refY_004,4,GP_Is_18.0mm_closed_R5_single_refY_004-raw04-20,18.16424102923424,7,0.02
B1,GP_Is_18.0mm_closed_R5_single_refY,GP_Is_18.0mm_closed_R5_single_refY_004,4,GP_Is_18.0mm_closed_R5_single_refY_004-raw04-20,18.164421098685878,7,0.02
B2,GP_Is_18.0mm_closed_R5_single_refY,GP_Is_18.0mm_closed_R5_single_refY_004,4,GP_Is_18.0mm_closed_R5_single_refY_004-raw04-20,18.17027044572988,7,0.02
B3,GP_Is_18.0mm_closed_R5_single_refY,GP_Is_18.0mm_closed_R5_single_refY_004,4,GP_Is_18.0mm_closed_R5_single_refY_004-raw04-20,18.17027044572988,7,0.02
B0,GP_Is_18.0mm_closed_R5_single_refY,GP_Is_18.0mm_closed_R5_single_refY_004,5,GP_Is_18.0mm_closed_R5_single_refY_004-raw05-21,17.813700725236558,7,0.02
B1,GP_Is_18.0mm_closed_R5_single_refY,GP_Is_18.0mm_closed_R5_single_refY_004,5,GP_Is_18.0mm_closed_R5_single_refY_004-raw05-21,17.813700725236558,7,0.02
B2,GP_Is_18.0mm_closed_R5_single_refY,GP_Is_18.0mm_closed_R5_single_refY_004,5,GP_Is_18.0mm_closed_R5_single_refY_004-raw05-21,17.80451536485096,7,0.02
B3,GP_Is_18.0mm_closed_R5_single_refY,GP_Is_18.0mm_closed_R5_single_refY_004,5,GP_Is_18.0mm_closed_R5_single_refY_004-raw05-21,17.80451536485096,7,0.02
B0,GP_Is_18.0mm_closed_R5_single_refY,GP_Is_18.0mm_closed_R5_single_refY_005,1,GP_Is_18.0mm_closed_R5_single_refY_005-raw01-06,,0,
B1,GP_Is_18.0mm_closed_R5_single_refY,GP_Is_18.0mm_closed_R5_single_refY_005,1,GP_Is_18.0mm_closed_R5_single_refY_005-raw01-06,,0,
B2,GP_Is_18.0mm_closed_R5_single_refY,GP_Is_18.0mm_closed_R5_single_refY_005,1,GP_Is_18.0mm_closed_R5_single_refY_005-raw01-06,,0,
B3,GP_Is_18.0mm_closed_R5_single_refY,GP_Is_18.0mm_closed_R5_single_refY_005,1,GP_Is_18.0mm_closed_R5_single_refY_005-raw01-06,,0,
B0,GP_Is_18.0mm_closed_R5_single_refY,GP_Is_18.0mm_closed_R5_single_refY_005,2,GP_Is_18.0mm_closed_R5_single_refY_005-raw02-19,,0,
B1,GP_Is_18.0mm_closed_R5_single_refY,GP_Is_18.0mm_closed_R5_single_refY_005,2,GP_Is_18.0mm_closed_R5_single_refY_005-raw02-19,,0,
B2,GP_Is_18.0mm_closed_R5_single_refY,GP_Is_18.0mm_closed_R5_single_refY_005,2,GP_Is_18.0mm_closed_R5_single_refY_005-raw02-19,,0,
B3,GP_Is_18.0mm_closed_R5_single_refY,GP_Is_18.0mm_closed_R5_single_refY_005,2,GP_Is_18.0mm_closed_R5_single_refY_005-raw02-19,,0,
B0,GP_Is_18.0mm_closed_R5_single_refY,GP_Is_18.0mm_closed_R5_single_refY_005,3,GP_Is_18.0mm_closed_R5_single_refY_005-raw03-19,,0,
B1,GP_Is_18.0mm_closed_R5_single_refY,GP_Is_18.0mm_closed_R5_single_refY_005,3,GP_Is_18.0mm_closed_R5_single_refY_005-raw03-19,,0,
B2,GP_Is_18.0mm_closed_R5_single_refY,GP_Is_18.0mm_closed_R5_single_refY_005,3,GP_Is_18.0mm_closed_R5_single_refY_005-raw03-19,,0,
B3,GP_Is_18.0mm_closed_R5_single_refY,GP_Is_18.0mm_closed_R5_single_refY_005,3,GP_Is_18.0mm_closed_R5_single_refY_005-raw03-19,,0,
B0,GP_Is_18.0mm_closed_R5_single_refY,GP_Is_18.0mm_closed_R5_single_refY_005,4,GP_Is_18.0mm_closed_R5_single_refY_005-raw04-03,,0,
B1,GP_Is_18.0mm_closed_R5_single_refY,GP_Is_18.0mm_closed_R5_single_refY_005,4,GP_Is_18.0mm_closed_R5_single_refY_005-raw04-03,,0,
B2,GP_Is_18.0mm_closed_R5_single_refY,GP_Is_18.0mm_closed_R5_single_refY_005,4,GP_Is_18.0mm_closed_R5_single_refY_005-raw04-03,,0,
B3,GP_Is_18.0mm_closed_R5_single_refY,GP_Is_18.0mm_closed_R5_single_refY_005,4,GP_Is_18.0mm_closed_R5_single_refY_005-raw04-03,,0,
B0,GP_Is_18.0mm_closed_R5_single_refY,GP_Is_18.0mm_closed_R5_single_refY_005,5,GP_Is_18.0mm_closed_R5_single_refY_005-raw05-01,,0,
B1,GP_Is_18.0mm_closed_R5_single_refY,GP_Is_18.0mm_closed_R5_single_refY_005,5,GP_Is_18.0mm_closed_R5_single_refY_005-raw05-01,,0,
B2,GP_Is_18.0mm_closed_R5_single_refY,GP_Is_18.0mm_closed_R5_single_refY_005,5,GP_Is_18.0mm_closed_R5_single_refY_005-raw05-01,,0,
B3,GP_Is_18.0mm_closed_R5_single_refY,GP_Is_18.0mm_closed_R5_single_refY_005,5,GP_Is_18.0mm_closed_R5_single_refY_005-raw05-01,,0,
B0,GP_Is_4.8mm_closed_R10_single_refY,GP_Is_4.8mm_closed_R10_single_refY_004,1,GP_Is_4.8mm_closed_R10_single_refY_004-raw01-01,,0,
B1,GP_Is_4.8mm_closed_R10_single_refY,GP_Is_4.8mm_closed_R10_single_refY_004,1,GP_Is_4.8mm_closed_R10_single_refY_004-raw01-01,,0,
B2,GP_Is_4.8mm_closed_R10_single_refY,GP_Is_4.8mm_closed_R10_single_refY_004,1,GP_Is_4.8mm_closed_R10_single_refY_004-raw01-01,,0,
B3,GP_Is_4.8mm_closed_R10_single_refY,GP_Is_4.8mm_closed_R10_single_refY_004,1,GP_Is_4.8mm_closed_R10_single_refY_004-raw01-01,,0,
B0,GP_Is_4.8mm_closed_R10_single_refY,GP_Is_4.8mm_closed_R10_single_refY_004,2,GP_Is_4.8mm_closed_R10_single_refY_004-raw02-09,,0,
B1,GP_Is_4.8mm_closed_R10_single_refY,GP_Is_4.8mm_closed_R10_single_refY_004,2,GP_Is_4.8mm_closed_R10_single_refY_004-raw02-09,,0,
B2,GP_Is_4.8mm_closed_R10_single_refY,GP_Is_4.8mm_closed_R10_single_refY_004,2,GP_Is_4.8mm_closed_R10_single_refY_004-raw02-09,,0,
B3,GP_Is_4.8mm_closed_R10_single_refY,GP_Is_4.8mm_closed_R10_single_refY_004,2,GP_Is_4.8mm_closed_R10_single_refY_004-raw02-09,,0,
B0,GP_Is_4.8mm_closed_R10_single_refY,GP_Is_4.8mm_closed_R10_single_refY_004,3,GP_Is_4.8mm_closed_R10_single_refY_004-raw03-13,,0,
B1,GP_Is_4.8mm_closed_R10_single_refY,GP_Is_4.8mm_closed_R10_single_refY_004,3,GP_Is_4.8mm_closed_R10_single_refY_004-raw03-13,,0,
B2,GP_Is_4.8mm_closed_R10_single_refY,GP_Is_4.8mm_closed_R10_single_refY_004,3,GP_Is_4.8mm_closed_R10_single_refY_004-raw03-13,,0,
B3,GP_Is_4.8mm_closed_R10_single_refY,GP_Is_4.8mm_closed_R10_single_refY_004,3,GP_Is_4.8mm_closed_R10_single_refY_004-raw03-13,,0,
B0,GP_Is_4.8mm_closed_R10_single_refY,GP_Is_4.8mm_closed_R10_single_refY_004,4,GP_Is_4.8mm_closed_R10_single_refY_004-raw04-13,,0,
B1,GP_Is_4.8mm_closed_R10_single_refY,GP_Is_4.8mm_closed_R10_single_refY_004,4,GP_Is_4.8mm_closed_R10_single_refY_004-raw04-13,,0,
B2,GP_Is_4.8mm_closed_R10_single_refY,GP_Is_4.8mm_closed_R10_single_refY_004,4,GP_Is_4.8mm_closed_R10_single_refY_004-raw04-13,,0,
B3,GP_Is_4.8mm_closed_R10_single_refY,GP_Is_4.8mm_closed_R10_single_refY_004,4,GP_Is_4.8mm_closed_R10_single_refY_004-raw04-13,,0,
B0,GP_Is_4.8mm_closed_R10_single_refY,GP_Is_4.8mm_closed_R10_single_refY_004,5,GP_Is_4.8mm_closed_R10_single_refY_004-raw05-17,,0,
B1,GP_Is_4.8mm_closed_R10_single_refY,GP_Is_4.8mm_closed_R10_single_refY_004,5,GP_Is_4.8mm_closed_R10_single_refY_004-raw05-17,,0,
B2,GP_Is_4.8mm_closed_R10_single_refY,GP_Is_4.8mm_closed_R10_single_refY_004,5,GP_Is_4.8mm_closed_R10_single_refY_004-raw05-17,,0,
B3,GP_Is_4.8mm_closed_R10_single_refY,GP_Is_4.8mm_closed_R10_single_refY_004,5,GP_Is_4.8mm_closed_R10_single_refY_004-raw05-17,,0,
B0,GP_Is_4.8mm_closed_R10_single_refY,GP_Is_4.8mm_closed_R10_single_refY_005,1,GP_Is_4.8mm_closed_R10_single_refY_005-raw01-09,,0,
B1,GP_Is_4.8mm_closed_R10_single_refY,GP_Is_4.8mm_closed_R10_single_refY_005,1,GP_Is_4.8mm_closed_R10_single_refY_005-raw01-09,,0,
B2,GP_Is_4.8mm_closed_R10_single_refY,GP_Is_4.8mm_closed_R10_single_refY_005,1,GP_Is_4.8mm_closed_R10_single_refY_005-raw01-09,,0,
B3,GP_Is_4.8mm_closed_R10_single_refY,GP_Is_4.8mm_closed_R10_single_refY_005,1,GP_Is_4.8mm_closed_R10_single_refY_005-raw01-09,,0,
B0,GP_Is_4.8mm_closed_R10_single_refY,GP_Is_4.8mm_closed_R10_single_refY_005,2,GP_Is_4.8mm_closed_R10_single_refY_005-raw02-05,,0,
B1,GP_Is_4.8mm_closed_R10_single_refY,GP_Is_4.8mm_closed_R10_single_refY_005,2,GP_Is_4.8mm_closed_R10_single_refY_005-raw02-05,,0,
B2,GP_Is_4.8mm_closed_R10_single_refY,GP_Is_4.8mm_closed_R10_single_refY_005,2,GP_Is_4.8mm_closed_R10_single_refY_005-raw02-05,,0,
B3,GP_Is_4.8mm_closed_R10_single_refY,GP_Is_4.8mm_closed_R10_single_refY_005,2,GP_Is_4.8mm_closed_R10_single_refY_005-raw02-05,,0,
B0,GP_Is_4.8mm_closed_R10_single_refY,GP_Is_4.8mm_closed_R10_single_refY_005,3,GP_Is_4.8mm_closed_R10_single_refY_005-raw03-18,,0,
B1,GP_Is_4.8mm_closed_R10_single_refY,GP_Is_4.8mm_closed_R10_single_refY_005,3,GP_Is_4.8mm_closed_R10_single_refY_005-raw03-18,,0,
B2,GP_Is_4.8mm_closed_R10_single_refY,GP_Is_4.8mm_closed_R10_single_refY_005,3,GP_Is_4.8mm_closed_R10_single_refY_005-raw03-18,,0,
B3,GP_Is_4.8mm_closed_R10_single_refY,GP_Is_4.8mm_closed_R10_single_refY_005,3,GP_Is_4.8mm_closed_R10_single_refY_005-raw03-18,,0,
B0,GP_Is_4.8mm_closed_R10_single_refY,GP_Is_4.8mm_closed_R10_single_refY_005,4,GP_Is_4.8mm_closed_R10_single_refY_005-raw04-22,4.910706498521302,7,0.02
B1,GP_Is_4.8mm_closed_R10_single_refY,GP_Is_4.8mm_closed_R10_single_refY_005,4,GP_Is_4.8mm_closed_R10_single_refY_005-raw04-22,4.910948109269511,7,0.02
B2,GP_Is_4.8mm_closed_R10_single_refY,GP_Is_4.8mm_closed_R10_single_refY_005,4,GP_Is_4.8mm_closed_R10_single_refY_005-raw04-22,4.927846523256608,7,0.02
B3,GP_Is_4.8mm_closed_R10_single_refY,GP_Is_4.8mm_closed_R10_single_refY_005,4,GP_Is_4.8mm_closed_R10_single_refY_005-raw04-22,4.927846523256608,7,0.02
B0,GP_Is_4.8mm_closed_R10_single_refY,GP_Is_4.8mm_closed_R10_single_refY_005,5,GP_Is_4.8mm_closed_R10_single_refY_005-raw05-08,,0,
B1,GP_Is_4.8mm_closed_R10_single_refY,GP_Is_4.8mm_closed_R10_single_refY_005,5,GP_Is_4.8mm_closed_R10_single_refY_005-raw05-08,,0,
B2,GP_Is_4.8mm_closed_R10_single_refY,GP_Is_4.8mm_closed_R10_single_refY_005,5,GP_Is_4.8mm_closed_R10_single_refY_005-raw05-08,,0,
B3,GP_Is_4.8mm_closed_R10_single_refY,GP_Is_4.8mm_closed_R10_single_refY_005,5,GP_Is_4.8mm_closed_R10_single_refY_005-raw05-08,,0,
B0,GP_Is_6.5mm_closed_R10_single_refY,GP_Is_6.5mm_closed_R10_single_refY_004,1,GP_Is_6.5mm_closed_R10_single_refY_004-raw01-07,5.1060356174019415,7,0.02
B1,GP_Is_6.5mm_closed_R10_single_refY,GP_Is_6.5mm_closed_R10_single_refY_004,1,GP_Is_6.5mm_closed_R10_single_refY_004-raw01-07,5.105441006054056,7,0.02
B2,GP_Is_6.5mm_closed_R10_single_refY,GP_Is_6.5mm_closed_R10_single_refY_004,1,GP_Is_6.5mm_closed_R10_single_refY_004-raw01-07,5.102858779731973,7,0.02
B3,GP_Is_6.5mm_closed_R10_single_refY,GP_Is_6.5mm_closed_R10_single_refY_004,1,GP_Is_6.5mm_closed_R10_single_refY_004-raw01-07,5.102858779731973,7,0.02
B0,GP_Is_6.5mm_closed_R10_single_refY,GP_Is_6.5mm_closed_R10_single_refY_004,2,GP_Is_6.5mm_closed_R10_single_refY_004-raw02-04,5.283675240077542,7,0.02
B1,GP_Is_6.5mm_closed_R10_single_refY,GP_Is_6.5mm_closed_R10_single_refY_004,2,GP_Is_6.5mm_closed_R10_single_refY_004-raw02-04,5.29015193207479,7,0.02
B2,GP_Is_6.5mm_closed_R10_single_refY,GP_Is_6.5mm_closed_R10_single_refY_004,2,GP_Is_6.5mm_closed_R10_single_refY_004-raw02-04,5.28892444026853,7,0.02
B3,GP_Is_6.5mm_closed_R10_single_refY,GP_Is_6.5mm_closed_R10_single_refY_004,2,GP_Is_6.5mm_closed_R10_single_refY_004-raw02-04,5.28892444026853,7,0.02
B0,GP_Is_6.5mm_closed_R10_single_refY,GP_Is_6.5mm_closed_R10_single_refY_004,3,GP_Is_6.5mm_closed_R10_single_refY_004-raw03-24,5.477010391250971,7,0.02
B1,GP_Is_6.5mm_closed_R10_single_refY,GP_Is_6.5mm_closed_R10_single_refY_004,3,GP_Is_6.5mm_closed_R10_single_refY_004-raw03-24,5.482768691490868,7,0.02
B2,GP_Is_6.5mm_closed_R10_single_refY,GP_Is_6.5mm_closed_R10_single_refY_004,3,GP_Is_6.5mm_closed_R10_single_refY_004-raw03-24,5.49146394609801,7,0.02
B3,GP_Is_6.5mm_closed_R10_single_refY,GP_Is_6.5mm_closed_R10_single_refY_004,3,GP_Is_6.5mm_closed_R10_single_refY_004-raw03-24,5.49146394609801,7,0.02
B0,GP_Is_6.5mm_closed_R10_single_refY,GP_Is_6.5mm_closed_R10_single_refY_004,4,GP_Is_6.5mm_closed_R10_single_refY_004-raw04-19,5.654500253796909,7,0.02
B1,GP_Is_6.5mm_closed_R10_single_refY,GP_Is_6.5mm_closed_R10_single_refY_004,4,GP_Is_6.5mm_closed_R10_single_refY_004-raw04-19,5.651079736337033,7,0.02
B2,GP_Is_6.5mm_closed_R10_single_refY,GP_Is_6.5mm_closed_R10_single_refY_004,4,GP_Is_6.5mm_closed_R10_single_refY_004-raw04-19,5.651418139371528,7,0.02
B3,GP_Is_6.5mm_closed_R10_single_refY,GP_Is_6.5mm_closed_R10_single_refY_004,4,GP_Is_6.5mm_closed_R10_single_refY_004-raw04-19,5.651418139371528,7,0.02
B0,GP_Is_6.5mm_closed_R10_single_refY,GP_Is_6.5mm_closed_R10_single_refY_004,5,GP_Is_6.5mm_closed_R10_single_refY_004-raw05-14,5.657668158157683,7,0.02
B1,GP_Is_6.5mm_closed_R10_single_refY,GP_Is_6.5mm_closed_R10_single_refY_004,5,GP_Is_6.5mm_closed_R10_single_refY_004-raw05-14,5.657642102268485,7,0.02
B2,GP_Is_6.5mm_closed_R10_single_refY,GP_Is_6.5mm_closed_R10_single_refY_004,5,GP_Is_6.5mm_closed_R10_single_refY_004-raw05-14,5.656517852471536,7,0.02
B3,GP_Is_6.5mm_closed_R10_single_refY,GP_Is_6.5mm_closed_R10_single_refY_004,5,GP_Is_6.5mm_closed_R10_single_refY_004-raw05-14,5.656517852471536,7,0.02
B0,GP_Is_6.5mm_closed_R10_single_refY,GP_Is_6.5mm_closed_R10_single_refY_005,1,GP_Is_6.5mm_closed_R10_single_refY_005-raw01-22,6.159555921108094,7,0.02
B1,GP_Is_6.5mm_closed_R10_single_refY,GP_Is_6.5mm_closed_R10_single_refY_005,1,GP_Is_6.5mm_closed_R10_single_refY_005-raw01-22,6.116389197250417,7,0.02
B2,GP_Is_6.5mm_closed_R10_single_refY,GP_Is_6.5mm_closed_R10_single_refY_005,1,GP_Is_6.5mm_closed_R10_single_refY_005-raw01-22,6.10734032582797,7,0.02
B3,GP_Is_6.5mm_closed_R10_single_refY,GP_Is_6.5mm_closed_R10_single_refY_005,1,GP_Is_6.5mm_closed_R10_single_refY_005-raw01-22,6.1058583362261185,7,0.02
B0,GP_Is_6.5mm_closed_R10_single_refY,GP_Is_6.5mm_closed_R10_single_refY_005,2,GP_Is_6.5mm_closed_R10_single_refY_005-raw02-12,6.108325833048867,7,0.02
B1,GP_Is_6.5mm_closed_R10_single_refY,GP_Is_6.5mm_closed_R10_single_refY_005,2,GP_Is_6.5mm_closed_R10_single_refY_005-raw02-12,6.108325833048867,7,0.02
B2,GP_Is_6.5mm_closed_R10_single_refY,GP_Is_6.5mm_closed_R10_single_refY_005,2,GP_Is_6.5mm_closed_R10_single_refY_005-raw02-12,6.105588478309558,7,0.02
B3,GP_Is_6.5mm_closed_R10_single_refY,GP_Is_6.5mm_closed_R10_single_refY_005,2,GP_Is_6.5mm_closed_R10_single_refY_005-raw02-12,6.105588478309558,7,0.02
B0,GP_Is_6.5mm_closed_R10_single_refY,GP_Is_6.5mm_closed_R10_single_refY_005,3,GP_Is_6.5mm_closed_R10_single_refY_005-raw03-05,5.965916630955167,7,0.02
B1,GP_Is_6.5mm_closed_R10_single_refY,GP_Is_6.5mm_closed_R10_single_refY_005,3,GP_Is_6.5mm_closed_R10_single_refY_005-raw03-05,5.965699783455748,7,0.02
B2,GP_Is_6.5mm_closed_R10_single_refY,GP_Is_6.5mm_closed_R10_single_refY_005,3,GP_Is_6.5mm_closed_R10_single_refY_005-raw03-05,5.958202060601074,7,0.02
B3,GP_Is_6.5mm_closed_R10_single_refY,GP_Is_6.5mm_closed_R10_single_refY_005,3,GP_Is_6.5mm_closed_R10_single_refY_005-raw03-05,5.958202060601074,7,0.02
B0,GP_Is_6.5mm_closed_R10_single_refY,GP_Is_6.5mm_closed_R10_single_refY_005,4,GP_Is_6.5mm_closed_R10_single_refY_005-raw04-13,5.675505699649995,7,0.02
B1,GP_Is_6.5mm_closed_R10_single_refY,GP_Is_6.5mm_closed_R10_single_refY_005,4,GP_Is_6.5mm_closed_R10_single_refY_005-raw04-13,5.676210130122558,7,0.02
B2,GP_Is_6.5mm_closed_R10_single_refY,GP_Is_6.5mm_closed_R10_single_refY_005,4,GP_Is_6.5mm_closed_R10_single_refY_005-raw04-13,5.676883292447808,7,0.02
B3,GP_Is_6.5mm_closed_R10_single_refY,GP_Is_6.5mm_closed_R10_single_refY_005,4,GP_Is_6.5mm_closed_R10_single_refY_005-raw04-13,5.676883292447808,7,0.02
B0,GP_Is_6.5mm_closed_R10_single_refY,GP_Is_6.5mm_closed_R10_single_refY_005,5,GP_Is_6.5mm_closed_R10_single_refY_005-raw05-11,5.443714570259571,7,0.02
B1,GP_Is_6.5mm_closed_R10_single_refY,GP_Is_6.5mm_closed_R10_single_refY_005,5,GP_Is_6.5mm_closed_R10_single_refY_005-raw05-11,5.427051252859617,7,0.02
B2,GP_Is_6.5mm_closed_R10_single_refY,GP_Is_6.5mm_closed_R10_single_refY_005,5,GP_Is_6.5mm_closed_R10_single_refY_005-raw05-11,5.42300572097483,7,0.02
B3,GP_Is_6.5mm_closed_R10_single_refY,GP_Is_6.5mm_closed_R10_single_refY_005,5,GP_Is_6.5mm_closed_R10_single_refY_005-raw05-11,5.42300572097483,7,0.02
B0,GP_Is_7.0mm_closed_R5_single_refY,GP_Is_7.0mm_closed_R5_single_refY_004,1,GP_Is_7.0mm_closed_R5_single_refY_004-raw01-03,9.076329882418724,7,0.02
B1,GP_Is_7.0mm_closed_R5_single_refY,GP_Is_7.0mm_closed_R5_single_refY_004,1,GP_Is_7.0mm_closed_R5_single_refY_004-raw01-03,9.076329882418724,7,0.02
B2,GP_Is_7.0mm_closed_R5_single_refY,GP_Is_7.0mm_closed_R5_single_refY_004,1,GP_Is_7.0mm_closed_R5_single_refY_004-raw01-03,9.061459362648886,7,0.02
B3,GP_Is_7.0mm_closed_R5_single_refY,GP_Is_7.0mm_closed_R5_single_refY_004,1,GP_Is_7.0mm_closed_R5_single_refY_004-raw01-03,9.061459362648886,7,0.02
B0,GP_Is_7.0mm_closed_R5_single_refY,GP_Is_7.0mm_closed_R5_single_refY_004,2,GP_Is_7.0mm_closed_R5_single_refY_004-raw02-21,8.316929106323283,7,0.02
B1,GP_Is_7.0mm_closed_R5_single_refY,GP_Is_7.0mm_closed_R5_single_refY_004,2,GP_Is_7.0mm_closed_R5_single_refY_004-raw02-21,8.31437474327592,7,0.02
B2,GP_Is_7.0mm_closed_R5_single_refY,GP_Is_7.0mm_closed_R5_single_refY_004,2,GP_Is_7.0mm_closed_R5_single_refY_004-raw02-21,8.318021336910194,7,0.02
B3,GP_Is_7.0mm_closed_R5_single_refY,GP_Is_7.0mm_closed_R5_single_refY_004,2,GP_Is_7.0mm_closed_R5_single_refY_004-raw02-21,8.318021336910194,7,0.02
B0,GP_Is_7.0mm_closed_R5_single_refY,GP_Is_7.0mm_closed_R5_single_refY_004,3,GP_Is_7.0mm_closed_R5_single_refY_004-raw03-12,8.562943033162355,7,0.02
B1,GP_Is_7.0mm_closed_R5_single_refY,GP_Is_7.0mm_closed_R5_single_refY_004,3,GP_Is_7.0mm_closed_R5_single_refY_004-raw03-12,8.539913577627262,7,0.02
B2,GP_Is_7.0mm_closed_R5_single_refY,GP_Is_7.0mm_closed_R5_single_refY_004,3,GP_Is_7.0mm_closed_R5_single_refY_004-raw03-12,8.54690103349767,7,0.02
B3,GP_Is_7.0mm_closed_R5_single_refY,GP_Is_7.0mm_closed_R5_single_refY_004,3,GP_Is_7.0mm_closed_R5_single_refY_004-raw03-12,8.54690103349767,7,0.02
B0,GP_Is_7.0mm_closed_R5_single_refY,GP_Is_7.0mm_closed_R5_single_refY_004,4,GP_Is_7.0mm_closed_R5_single_refY_004-raw04-02,9.26567410136514,7,0.02
B1,GP_Is_7.0mm_closed_R5_single_refY,GP_Is_7.0mm_closed_R5_single_refY_004,4,GP_Is_7.0mm_closed_R5_single_refY_004-raw04-02,9.265605774398452,7,0.02
B2,GP_Is_7.0mm_closed_R5_single_refY,GP_Is_7.0mm_closed_R5_single_refY_004,4,GP_Is_7.0mm_closed_R5_single_refY_004-raw04-02,9.211418392425813,7,0.02
B3,GP_Is_7.0mm_closed_R5_single_refY,GP_Is_7.0mm_closed_R5_single_refY_004,4,GP_Is_7.0mm_closed_R5_single_refY_004-raw04-02,9.221068285642112,7,0.02
B0,GP_Is_7.0mm_closed_R5_single_refY,GP_Is_7.0mm_closed_R5_single_refY_004,5,GP_Is_7.0mm_closed_R5_single_refY_004-raw05-01,8.031713510584403,7,0.02
B1,GP_Is_7.0mm_closed_R5_single_refY,GP_Is_7.0mm_closed_R5_single_refY_004,5,GP_Is_7.0mm_closed_R5_single_refY_004-raw05-01,8.031986861594872,7,0.02
B2,GP_Is_7.0mm_closed_R5_single_refY,GP_Is_7.0mm_closed_R5_single_refY_004,5,GP_Is_7.0mm_closed_R5_single_refY_004-raw05-01,8.032360391141864,7,0.02
B3,GP_Is_7.0mm_closed_R5_single_refY,GP_Is_7.0mm_closed_R5_single_refY_004,5,GP_Is_7.0mm_closed_R5_single_refY_004-raw05-01,8.032360391141864,7,0.02
B0,GP_Is_7.0mm_closed_R5_single_refY,GP_Is_7.0mm_closed_R5_single_refY_005,1,GP_Is_7.0mm_closed_R5_single_refY_005-raw01-19,7.118023921775015,7,0.02
B1,GP_Is_7.0mm_closed_R5_single_refY,GP_Is_7.0mm_closed_R5_single_refY_005,1,GP_Is_7.0mm_closed_R5_single_refY_005-raw01-19,7.1208235118555665,7,0.02
B2,GP_Is_7.0mm_closed_R5_single_refY,GP_Is_7.0mm_closed_R5_single_refY_005,1,GP_Is_7.0mm_closed_R5_single_refY_005-raw01-19,7.151898932901574,7,0.02
B3,GP_Is_7.0mm_closed_R5_single_refY,GP_Is_7.0mm_closed_R5_single_refY_005,1,GP_Is_7.0mm_closed_R5_single_refY_005-raw01-19,7.151898932901574,7,0.02
B0,GP_Is_7.0mm_closed_R5_single_refY,GP_Is_7.0mm_closed_R5_single_refY_005,2,GP_Is_7.0mm_closed_R5_single_refY_005-raw02-12,7.077076876515895,7,0.02
B1,GP_Is_7.0mm_closed_R5_single_refY,GP_Is_7.0mm_closed_R5_single_refY_005,2,GP_Is_7.0mm_closed_R5_single_refY_005-raw02-12,7.076695200189991,7,0.02
B2,GP_Is_7.0mm_closed_R5_single_refY,GP_Is_7.0mm_closed_R5_single_refY_005,2,GP_Is_7.0mm_closed_R5_single_refY_005-raw02-12,7.067011680413721,7,0.02
B3,GP_Is_7.0mm_closed_R5_single_refY,GP_Is_7.0mm_closed_R5_single_refY_005,2,GP_Is_7.0mm_closed_R5_single_refY_005-raw02-12,7.067011680413721,7,0.02
B0,GP_Is_7.0mm_closed_R5_single_refY,GP_Is_7.0mm_closed_R5_single_refY_005,3,GP_Is_7.0mm_closed_R5_single_refY_005-raw03-16,7.241995837138423,7,0.02
B1,GP_Is_7.0mm_closed_R5_single_refY,GP_Is_7.0mm_closed_R5_single_refY_005,3,GP_Is_7.0mm_closed_R5_single_refY_005-raw03-16,7.24390199023512,7,0.02
B2,GP_Is_7.0mm_closed_R5_single_refY,GP_Is_7.0mm_closed_R5_single_refY_005,3,GP_Is_7.0mm_closed_R5_single_refY_005-raw03-16,7.314061379376771,7,0.02
B3,GP_Is_7.0mm_closed_R5_single_refY,GP_Is_7.0mm_closed_R5_single_refY_005,3,GP_Is_7.0mm_closed_R5_single_refY_005-raw03-16,7.314061379376771,7,0.02
B0,GP_Is_7.0mm_closed_R5_single_refY,GP_Is_7.0mm_closed_R5_single_refY_005,4,GP_Is_7.0mm_closed_R5_single_refY_005-raw04-03,7.473144979771526,7,0.02
B1,GP_Is_7.0mm_closed_R5_single_refY,GP_Is_7.0mm_closed_R5_single_refY_005,4,GP_Is_7.0mm_closed_R5_single_refY_005-raw04-03,7.4755015952237445,7,0.02
B2,GP_Is_7.0mm_closed_R5_single_refY,GP_Is_7.0mm_closed_R5_single_refY_005,4,GP_Is_7.0mm_closed_R5_single_refY_005-raw04-03,7.505941433928408,7,0.02
B3,GP_Is_7.0mm_closed_R5_single_refY,GP_Is_7.0mm_closed_R5_single_refY_005,4,GP_Is_7.0mm_closed_R5_single_refY_005-raw04-03,7.505941433928408,7,0.02
B0,GP_Is_7.0mm_closed_R5_single_refY,GP_Is_7.0mm_closed_R5_single_refY_005,5,GP_Is_7.0mm_closed_R5_single_refY_005-raw05-02,7.5791352305682205,7,0.02
B1,GP_Is_7.0mm_closed_R5_single_refY,GP_Is_7.0mm_closed_R5_single_refY_005,5,GP_Is_7.0mm_closed_R5_single_refY_005-raw05-02,7.5791352305682205,7,0.02
B2,GP_Is_7.0mm_closed_R5_single_refY,GP_Is_7.0mm_closed_R5_single_refY_005,5,GP_Is_7.0mm_closed_R5_single_refY_005-raw05-02,7.580822676938437,7,0.02
B3,GP_Is_7.0mm_closed_R5_single_refY,GP_Is_7.0mm_closed_R5_single_refY_005,5,GP_Is_7.0mm_closed_R5_single_refY_005-raw05-02,7.580822676938437,7,0.02
B0,GP_Is_7mm_closed_R10_single_refY,GP_Is_7mm_closed_R10_single_refY_004,1,GP_Is_7mm_closed_R10_single_refY_004-raw01-03,7.343472224279311,7,0.02
B1,GP_Is_7mm_closed_R10_single_refY,GP_Is_7mm_closed_R10_single_refY_004,1,GP_Is_7mm_closed_R10_single_refY_004-raw01-03,7.338864161230546,7,0.02
B2,GP_Is_7mm_closed_R10_single_refY,GP_Is_7mm_closed_R10_single_refY_004,1,GP_Is_7mm_closed_R10_single_refY_004-raw01-03,7.322494875322341,7,0.02
B3,GP_Is_7mm_closed_R10_single_refY,GP_Is_7mm_closed_R10_single_refY_004,1,GP_Is_7mm_closed_R10_single_refY_004-raw01-03,7.322494875322341,7,0.02
B0,GP_Is_7mm_closed_R10_single_refY,GP_Is_7mm_closed_R10_single_refY_004,2,GP_Is_7mm_closed_R10_single_refY_004-raw02-05,7.800010039711265,7,0.02
B1,GP_Is_7mm_closed_R10_single_refY,GP_Is_7mm_closed_R10_single_refY_004,2,GP_Is_7mm_closed_R10_single_refY_004-raw02-05,7.787295910754155,7,0.02
B2,GP_Is_7mm_closed_R10_single_refY,GP_Is_7mm_closed_R10_single_refY_004,2,GP_Is_7mm_closed_R10_single_refY_004-raw02-05,7.798873799814439,7,0.02
B3,GP_Is_7mm_closed_R10_single_refY,GP_Is_7mm_closed_R10_single_refY_004,2,GP_Is_7mm_closed_R10_single_refY_004-raw02-05,7.798873799814439,7,0.02
B0,GP_Is_7mm_closed_R10_single_refY,GP_Is_7mm_closed_R10_single_refY_004,3,GP_Is_7mm_closed_R10_single_refY_004-raw03-01,,5,0.02
B1,GP_Is_7mm_closed_R10_single_refY,GP_Is_7mm_closed_R10_single_refY_004,3,GP_Is_7mm_closed_R10_single_refY_004-raw03-01,7.517302233656901,5,0.02
B2,GP_Is_7mm_closed_R10_single_refY,GP_Is_7mm_closed_R10_single_refY_004,3,GP_Is_7mm_closed_R10_single_refY_004-raw03-01,7.467690592428996,5,0.02
B3,GP_Is_7mm_closed_R10_single_refY,GP_Is_7mm_closed_R10_single_refY_004,3,GP_Is_7mm_closed_R10_single_refY_004-raw03-01,7.467690592428996,5,0.02
B0,GP_Is_7mm_closed_R10_single_refY,GP_Is_7mm_closed_R10_single_refY_004,4,GP_Is_7mm_closed_R10_single_refY_004-raw04-09,7.41967263941158,7,0.02
B1,GP_Is_7mm_closed_R10_single_refY,GP_Is_7mm_closed_R10_single_refY_004,4,GP_Is_7mm_closed_R10_single_refY_004-raw04-09,7.421650028914598,7,0.02
B2,GP_Is_7mm_closed_R10_single_refY,GP_Is_7mm_closed_R10_single_refY_004,4,GP_Is_7mm_closed_R10_single_refY_004-raw04-09,7.435475587021937,7,0.02
B3,GP_Is_7mm_closed_R10_single_refY,GP_Is_7mm_closed_R10_single_refY_004,4,GP_Is_7mm_closed_R10_single_refY_004-raw04-09,7.436780715042438,7,0.02
B0,GP_Is_7mm_closed_R10_single_refY,GP_Is_7mm_closed_R10_single_refY_004,5,GP_Is_7mm_closed_R10_single_refY_004-raw05-09,7.514922660773555,7,0.02
B1,GP_Is_7mm_closed_R10_single_refY,GP_Is_7mm_closed_R10_single_refY_004,5,GP_Is_7mm_closed_R10_single_refY_004-raw05-09,7.508913259651753,7,0.02
B2,GP_Is_7mm_closed_R10_single_refY,GP_Is_7mm_closed_R10_single_refY_004,5,GP_Is_7mm_closed_R10_single_refY_004-raw05-09,7.5050325362744825,7,0.02
B3,GP_Is_7mm_closed_R10_single_refY,GP_Is_7mm_closed_R10_single_refY_004,5,GP_Is_7mm_closed_R10_single_refY_004-raw05-09,7.5050325362744825,7,0.02
B0,GP_Is_7mm_closed_R10_single_refY,GP_Is_7mm_closed_R10_single_refY_005,1,GP_Is_7mm_closed_R10_single_refY_005-raw01-04,,4,0.02
B1,GP_Is_7mm_closed_R10_single_refY,GP_Is_7mm_closed_R10_single_refY_005,1,GP_Is_7mm_closed_R10_single_refY_005-raw01-04,7.176029662266794,4,0.02
B2,GP_Is_7mm_closed_R10_single_refY,GP_Is_7mm_closed_R10_single_refY_005,1,GP_Is_7mm_closed_R10_single_refY_005-raw01-04,7.176254320020785,4,0.02
B3,GP_Is_7mm_closed_R10_single_refY,GP_Is_7mm_closed_R10_single_refY_005,1,GP_Is_7mm_closed_R10_single_refY_005-raw01-04,7.176254320020785,4,0.02
B0,GP_Is_7mm_closed_R10_single_refY,GP_Is_7mm_closed_R10_single_refY_005,2,GP_Is_7mm_closed_R10_single_refY_005-raw02-23,7.126671142533088,5,0.02
B1,GP_Is_7mm_closed_R10_single_refY,GP_Is_7mm_closed_R10_single_refY_005,2,GP_Is_7mm_closed_R10_single_refY_005-raw02-23,7.050220902836858,5,0.02
B2,GP_Is_7mm_closed_R10_single_refY,GP_Is_7mm_closed_R10_single_refY_005,2,GP_Is_7mm_closed_R10_single_refY_005-raw02-23,7.075945657014389,5,0.02
B3,GP_Is_7mm_closed_R10_single_refY,GP_Is_7mm_closed_R10_single_refY_005,2,GP_Is_7mm_closed_R10_single_refY_005-raw02-23,7.075945657014389,5,0.02
B0,GP_Is_7mm_closed_R10_single_refY,GP_Is_7mm_closed_R10_single_refY_005,3,GP_Is_7mm_closed_R10_single_refY_005-raw03-09,7.079416555442585,3,0.02
B1,GP_Is_7mm_closed_R10_single_refY,GP_Is_7mm_closed_R10_single_refY_005,3,GP_Is_7mm_closed_R10_single_refY_005-raw03-09,7.079531523101871,3,0.02
B2,GP_Is_7mm_closed_R10_single_refY,GP_Is_7mm_closed_R10_single_refY_005,3,GP_Is_7mm_closed_R10_single_refY_005-raw03-09,7.103774019774505,3,0.02
B3,GP_Is_7mm_closed_R10_single_refY,GP_Is_7mm_closed_R10_single_refY_005,3,GP_Is_7mm_closed_R10_single_refY_005-raw03-09,7.103774019774505,3,0.02
B0,GP_Is_7mm_closed_R10_single_refY,GP_Is_7mm_closed_R10_single_refY_005,4,GP_Is_7mm_closed_R10_single_refY_005-raw04-02,7.090493422179832,7,0.02
B1,GP_Is_7mm_closed_R10_single_refY,GP_Is_7mm_closed_R10_single_refY_005,4,GP_Is_7mm_closed_R10_single_refY_005-raw04-02,7.091661545413677,7,0.02
B2,GP_Is_7mm_closed_R10_single_refY,GP_Is_7mm_closed_R10_single_refY_005,4,GP_Is_7mm_closed_R10_single_refY_005-raw04-02,7.094839254514592,7,0.02
B3,GP_Is_7mm_closed_R10_single_refY,GP_Is_7mm_closed_R10_single_refY_005,4,GP_Is_7mm_closed_R10_single_refY_005-raw04-02,7.094839254514592,7,0.02
B0,GP_Is_7mm_closed_R10_single_refY,GP_Is_7mm_closed_R10_single_refY_005,5,GP_Is_7mm_closed_R10_single_refY_005-raw05-07,,1,
B1,GP_Is_7mm_closed_R10_single_refY,GP_Is_7mm_closed_R10_single_refY_005,5,GP_Is_7mm_closed_R10_single_refY_005-raw05-07,7.13330932552364,1,
B2,GP_Is_7mm_closed_R10_single_refY,GP_Is_7mm_closed_R10_single_refY_005,5,GP_Is_7mm_closed_R10_single_refY_005-raw05-07,,1,
B3,GP_Is_7mm_closed_R10_single_refY,GP_Is_7mm_closed_R10_single_refY_005,5,GP_Is_7mm_closed_R10_single_refY_005-raw05-07,,1,
B0,GP_Is_8.8mm_closed_R10_single_refY,GP_Is_8.8mm_closed_R10_single_refY_005,5,GP_Is_8.8mm_closed_R10_single_refY_005-raw05-24,9.330356564737349,7,0.02
B1,GP_Is_8.8mm_closed_R10_single_refY,GP_Is_8.8mm_closed_R10_single_refY_005,5,GP_Is_8.8mm_closed_R10_single_refY_005-raw05-24,9.344985173426721,7,0.02
B2,GP_Is_8.8mm_closed_R10_single_refY,GP_Is_8.8mm_closed_R10_single_refY_005,5,GP_Is_8.8mm_closed_R10_single_refY_005-raw05-24,9.34337364523892,7,0.02
B3,GP_Is_8.8mm_closed_R10_single_refY,GP_Is_8.8mm_closed_R10_single_refY_005,5,GP_Is_8.8mm_closed_R10_single_refY_005-raw05-24,9.34337364523892,7,0.02
B0,GP_Is_8.8mm_closed_R5_single_refY,GP_Is_8.8mm_closed_R5_single_refY_004,1,GP_Is_8.8mm_closed_R5_single_refY_004-raw01-18,9.811072840645076,7,0.02
B1,GP_Is_8.8mm_closed_R5_single_refY,GP_Is_8.8mm_closed_R5_single_refY_004,1,GP_Is_8.8mm_closed_R5_single_refY_004-raw01-18,9.809360275515337,7,0.02
B2,GP_Is_8.8mm_closed_R5_single_refY,GP_Is_8.8mm_closed_R5_single_refY_004,1,GP_Is_8.8mm_closed_R5_single_refY_004-raw01-18,9.829988538340725,7,0.02
B3,GP_Is_8.8mm_closed_R5_single_refY,GP_Is_8.8mm_closed_R5_single_refY_004,1,GP_Is_8.8mm_closed_R5_single_refY_004-raw01-18,9.829988538340725,7,0.02
B0,GP_Is_8.8mm_closed_R5_single_refY,GP_Is_8.8mm_closed_R5_single_refY_004,2,GP_Is_8.8mm_closed_R5_single_refY_004-raw02-02,10.001053738148697,7,0.02
B1,GP_Is_8.8mm_closed_R5_single_refY,GP_Is_8.8mm_closed_R5_single_refY_004,2,GP_Is_8.8mm_closed_R5_single_refY_004-raw02-02,10.002468537350298,7,0.02
B2,GP_Is_8.8mm_closed_R5_single_refY,GP_Is_8.8mm_closed_R5_single_refY_004,2,GP_Is_8.8mm_closed_R5_single_refY_004-raw02-02,10.01667235532267,7,0.02
B3,GP_Is_8.8mm_closed_R5_single_refY,GP_Is_8.8mm_closed_R5_single_refY_004,2,GP_Is_8.8mm_closed_R5_single_refY_004-raw02-02,10.01667235532267,7,0.02
B0,GP_Is_8.8mm_closed_R5_single_refY,GP_Is_8.8mm_closed_R5_single_refY_004,3,GP_Is_8.8mm_closed_R5_single_refY_004-raw03-02,9.753245781025406,7,0.02
B1,GP_Is_8.8mm_closed_R5_single_refY,GP_Is_8.8mm_closed_R5_single_refY_004,3,GP_Is_8.8mm_closed_R5_single_refY_004-raw03-02,9.74620027268853,7,0.02
B2,GP_Is_8.8mm_closed_R5_single_refY,GP_Is_8.8mm_closed_R5_single_refY_004,3,GP_Is_8.8mm_closed_R5_single_refY_004-raw03-02,9.745461378750088,7,0.02
B3,GP_Is_8.8mm_closed_R5_single_refY,GP_Is_8.8mm_closed_R5_single_refY_004,3,GP_Is_8.8mm_closed_R5_single_refY_004-raw03-02,9.745461378750088,7,0.02
B0,GP_Is_8.8mm_closed_R5_single_refY,GP_Is_8.8mm_closed_R5_single_refY_004,4,GP_Is_8.8mm_closed_R5_single_refY_004-raw04-24,9.367870285612875,7,0.02
B1,GP_Is_8.8mm_closed_R5_single_refY,GP_Is_8.8mm_closed_R5_single_refY_004,4,GP_Is_8.8mm_closed_R5_single_refY_004-raw04-24,9.367870285612875,7,0.02
B2,GP_Is_8.8mm_closed_R5_single_refY,GP_Is_8.8mm_closed_R5_single_refY_004,4,GP_Is_8.8mm_closed_R5_single_refY_004-raw04-24,9.376587727636373,7,0.02
B3,GP_Is_8.8mm_closed_R5_single_refY,GP_Is_8.8mm_closed_R5_single_refY_004,4,GP_Is_8.8mm_closed_R5_single_refY_004-raw04-24,9.376587727636373,7,0.02
B0,GP_Is_8.8mm_closed_R5_single_refY,GP_Is_8.8mm_closed_R5_single_refY_004,5,GP_Is_8.8mm_closed_R5_single_refY_004-raw05-04,9.312316578879935,7,0.02
B1,GP_Is_8.8mm_closed_R5_single_refY,GP_Is_8.8mm_closed_R5_single_refY_004,5,GP_Is_8.8mm_closed_R5_single_refY_004-raw05-04,9.319098619316405,7,0.02
B2,GP_Is_8.8mm_closed_R5_single_refY,GP_Is_8.8mm_closed_R5_single_refY_004,5,GP_Is_8.8mm_closed_R5_single_refY_004-raw05-04,9.314484034327021,7,0.02
B3,GP_Is_8.8mm_closed_R5_single_refY,GP_Is_8.8mm_closed_R5_single_refY_004,5,GP_Is_8.8mm_closed_R5_single_refY_004-raw05-04,9.314484034327021,7,0.02
B0,GP_Is_8.8mm_closed_R5_single_refY,GP_Is_8.8mm_closed_R5_single_refY_005,1,GP_Is_8.8mm_closed_R5_single_refY_005-raw01-19,8.696275473458124,7,0.02
B1,GP_Is_8.8mm_closed_R5_single_refY,GP_Is_8.8mm_closed_R5_single_refY_005,1,GP_Is_8.8mm_closed_R5_single_refY_005-raw01-19,8.68524233147962,7,0.02
B2,GP_Is_8.8mm_closed_R5_single_refY,GP_Is_8.8mm_closed_R5_single_refY_005,1,GP_Is_8.8mm_closed_R5_single_refY_005-raw01-19,8.63976332844255,7,0.02
B3,GP_Is_8.8mm_closed_R5_single_refY,GP_Is_8.8mm_closed_R5_single_refY_005,1,GP_Is_8.8mm_closed_R5_single_refY_005-raw01-19,8.63976332844255,7,0.02
B0,GP_Is_8.8mm_closed_R5_single_refY,GP_Is_8.8mm_closed_R5_single_refY_005,2,GP_Is_8.8mm_closed_R5_single_refY_005-raw02-06,8.814742934272825,7,0.02
B1,GP_Is_8.8mm_closed_R5_single_refY,GP_Is_8.8mm_closed_R5_single_refY_005,2,GP_Is_8.8mm_closed_R5_single_refY_005-raw02-06,8.834475269478956,7,0.02
B2,GP_Is_8.8mm_closed_R5_single_refY,GP_Is_8.8mm_closed_R5_single_refY_005,2,GP_Is_8.8mm_closed_R5_single_refY_005-raw02-06,8.832267157270229,7,0.02
B3,GP_Is_8.8mm_closed_R5_single_refY,GP_Is_8.8mm_closed_R5_single_refY_005,2,GP_Is_8.8mm_closed_R5_single_refY_005-raw02-06,8.832267157270229,7,0.02
B0,GP_Is_8.8mm_closed_R5_single_refY,GP_Is_8.8mm_closed_R5_single_refY_005,3,GP_Is_8.8mm_closed_R5_single_refY_005-raw03-12,8.199280014569032,7,0.02
B1,GP_Is_8.8mm_closed_R5_single_refY,GP_Is_8.8mm_closed_R5_single_refY_005,3,GP_Is_8.8mm_closed_R5_single_refY_005-raw03-12,8.20319389614804,7,0.02
B2,GP_Is_8.8mm_closed_R5_single_refY,GP_Is_8.8mm_closed_R5_single_refY_005,3,GP_Is_8.8mm_closed_R5_single_refY_005-raw03-12,8.248217268205774,7,0.02
B3,GP_Is_8.8mm_closed_R5_single_refY,GP_Is_8.8mm_closed_R5_single_refY_005,3,GP_Is_8.8mm_closed_R5_single_refY_005-raw03-12,8.248217268205774,7,0.02
B0,GP_Is_8.8mm_closed_R5_single_refY,GP_Is_8.8mm_closed_R5_single_refY_005,4,GP_Is_8.8mm_closed_R5_single_refY_005-raw04-24,8.19119080761551,7,0.02
B1,GP_Is_8.8mm_closed_R5_single_refY,GP_Is_8.8mm_closed_R5_single_refY_005,4,GP_Is_8.8mm_closed_R5_single_refY_005-raw04-24,8.19119080761551,7,0.02
B2,GP_Is_8.8mm_closed_R5_single_refY,GP_Is_8.8mm_closed_R5_single_refY_005,4,GP_Is_8.8mm_closed_R5_single_refY_005-raw04-24,8.203860499402797,7,0.02
B3,GP_Is_8.8mm_closed_R5_single_refY,GP_Is_8.8mm_closed_R5_single_refY_005,4,GP_Is_8.8mm_closed_R5_single_refY_005-raw04-24,8.203860499402797,7,0.02
B0,GP_Is_8.8mm_closed_R5_single_refY,GP_Is_8.8mm_closed_R5_single_refY_005,5,GP_Is_8.8mm_closed_R5_single_refY_005-raw05-16,8.192975394429983,7,0.02
B1,GP_Is_8.8mm_closed_R5_single_refY,GP_Is_8.8mm_closed_R5_single_refY_005,5,GP_Is_8.8mm_closed_R5_single_refY_005-raw05-16,8.16104602788633,7,0.02
B2,GP_Is_8.8mm_closed_R5_single_refY,GP_Is_8.8mm_closed_R5_single_refY_005,5,GP_Is_8.8mm_closed_R5_single_refY_005-raw05-16,8.186036495376827,7,0.02
B3,GP_Is_8.8mm_closed_R5_single_refY,GP_Is_8.8mm_closed_R5_single_refY_005,5,GP_Is_8.8mm_closed_R5_single_refY_005-raw05-16,8.186036495376827,7,0.02
