tenengrad_polyp_roi,tenengrad_polyp_edge,tenengrad_ring_edge,laplacian_polyp_roi,laplacian_polyp_edge,laplacian_ring_edge,polyp_roi_pixels,polyp_edge_pixels,ring_edge_pixels,adj_high_fraction,trusted_arc_count,trusted_arc_length_px,ring_component_fraction,group,capture,segment_id,frame_index,stem,sharpness,entropy,valid,ring_px,ring_frontality,ring_inner_residual,Dxy_mm,L_px,image_path,mask_path,ring_json_path,chosen_shape,chosen_model_candidate,status,feature_failure_reason
226.314044213264,173.67,21290.8601953602,9.685590052015606,7.391,342.2921245421245,24608.0,1000.0,3276.0,0.540268456375839,4.0,736.9259612560272,1.0,GP_IIa_14.0mm_closed_R10_single_refY,GP_IIa_14.0mm_closed_R10_single_refY_004,1,53,GP_IIa_14.0mm_closed_R10_single_refY_004-raw01-01,21.27318983740159,7.807519614791335,True,216.1426696777344,0.5658644207164338,0.5755807757377625,14.305636250605888,309.20584106445364,dxy_raw_candidates/images/GP_IIa_14.0mm_closed_R10_single_refY_004-raw01-01.jpg,dxy_raw_candidates/masks/GP_IIa_14.0mm_closed_R10_single_refY_004-raw01-01.png,dxy_raw_candidates/ring_fit/json/GP_IIa_14.0mm_closed_R10_single_refY_004-raw01-01.json,ellipse,A,ok,
203.60991533936,141.71371769383697,27999.08199541285,9.361278519156263,8.646123260437376,451.6407683486239,27876.0,1006.0,3488.0,0.5387096774193548,3.0,761.51171875,1.0,GP_IIa_14.0mm_closed_R10_single_refY,GP_IIa_14.0mm_closed_R10_single_refY_004,1,149,GP_IIa_14.0mm_closed_R10_single_refY_004-raw01-13,20.83105466760236,7.7979066012738,True,230.4373321533203,0.5745813835799655,0.6987429261207581,14.559769502476536,335.51144409179705,dxy_raw_candidates/images/GP_IIa_14.0mm_closed_R10_single_refY_004-raw01-13.jpg,dxy_raw_candidates/masks/GP_IIa_14.0mm_closed_R10_single_refY_004-raw01-13.png,dxy_raw_candidates/ring_fit/json/GP_IIa_14.0mm_closed_R10_single_refY_004-raw01-13.json,ellipse,A,ok,
195.6017713110865,193.61923454367027,18533.74220623501,9.335046655068796,9.29244357212954,254.1241007194245,25292.0,1019.0,3336.0,0.5351530190239868,4.0,741.5827910900116,1.0,GP_IIa_14.0mm_closed_R10_single_refY,GP_IIa_14.0mm_closed_R10_single_refY_004,1,93,GP_IIa_14.0mm_closed_R10_single_refY_004-raw01-06,19.401923736476885,7.802471544762114,True,219.4152374267578,0.5731472054833492,0.5124289989471436,14.707713992262786,322.70965576171875,dxy_raw_candidates/images/GP_IIa_14.0mm_closed_R10_single_refY_004-raw01-06.jpg,dxy_raw_candidates/masks/GP_IIa_14.0mm_closed_R10_single_refY_004-raw01-06.png,dxy_raw_candidates/ring_fit/json/GP_IIa_14.0mm_closed_R10_single_refY_004-raw01-06.json,ellipse,A,ok,
196.1986541837332,112.65024630541872,27014.746527777777,8.371086892919836,6.7349753694581285,460.4380787037037,27344.0,1015.0,3456.0,0.5229653505237711,3.0,738.7838439941406,1.0,GP_IIa_14.0mm_closed_R10_single_refY,GP_IIa_14.0mm_closed_R10_single_refY_004,2,325,GP_IIa_14.0mm_closed_R10_single_refY_004-raw02-11,19.39027124866909,7.785896176799381,True,228.4602203369141,0.5686468258066458,0.7068167328834534,14.19842244069726,324.37747192382835,dxy_raw_candidates/images/GP_IIa_14.0mm_closed_R10_single_refY_004-raw02-11.jpg,dxy_raw_candidates/masks/GP_IIa_14.0mm_closed_R10_single_refY_004-raw02-11.png,dxy_raw_candidates/ring_fit/json/GP_IIa_14.0mm_closed_R10_single_refY_004-raw02-11.json,ellipse,A,ok,
194.43140520896424,132.74468085106383,23281.234918793503,8.937878558449425,6.824468085106383,382.6986658932715,26416.0,940.0,3448.0,0.5466893039049237,4.0,735.2691024541855,1.0,GP_IIa_14.0mm_closed_R10_single_refY,GP_IIa_14.0mm_closed_R10_single_refY_004,2,373,GP_IIa_14.0mm_closed_R10_single_refY_004-raw02-17,18.721344224707284,7.789992504730337,True,227.06301879882807,0.5724300739346971,0.5667975544929504,22.22760170412812,504.7066343597312,dxy_raw_candidates/images/GP_IIa_14.0mm_closed_R10_single_refY_004-raw02-17.jpg,dxy_raw_candidates/masks/GP_IIa_14.0mm_closed_R10_single_refY_004-raw02-17.png,dxy_raw_candidates/ring_fit/json/GP_IIa_14.0mm_closed_R10_single_refY_004-raw02-17.json,circle,A,ok,
185.56953618216983,119.6994923857868,24827.12485681558,8.609422326022699,7.819289340101522,367.0455326460481,27403.0,985.0,3492.0,0.5432098765432098,3.0,756.8254073858261,1.0,GP_IIa_14.0mm_closed_R10_single_refY,GP_IIa_14.0mm_closed_R10_single_refY_004,2,317,GP_IIa_14.0mm_closed_R10_single_refY_004-raw02-10,17.666157763811988,7.770747416656475,True,229.70486450195312,0.5743097108738372,0.5509994029998779,13.317821556060611,305.91683959960966,dxy_raw_candidates/images/GP_IIa_14.0mm_closed_R10_single_refY_004-raw02-10.jpg,dxy_raw_candidates/masks/GP_IIa_14.0mm_closed_R10_single_refY_004-raw02-10.png,dxy_raw_candidates/ring_fit/json/GP_IIa_14.0mm_closed_R10_single_refY_004-raw02-10.json,ellipse,A,ok,
184.28689141260344,181.9817073170732,26008.167039106145,8.601583491563071,7.585365853658536,389.98324022346367,27913.0,984.0,3580.0,0.5441176470588235,5.0,760.8254699707031,1.0,GP_IIa_14.0mm_closed_R10_single_refY,GP_IIa_14.0mm_closed_R10_single_refY_004,3,461,GP_IIa_14.0mm_closed_R10_single_refY_004-raw03-04,17.31454426171573,7.802504498352546,True,236.9160614013672,0.5651483871849292,0.6953624486923218,13.93185638182798,330.0680541992194,dxy_raw_candidates/images/GP_IIa_14.0mm_closed_R10_single_refY_004-raw03-04.jpg,dxy_raw_candidates/masks/GP_IIa_14.0mm_closed_R10_single_refY_004-raw03-04.png,dxy_raw_candidates/ring_fit/json/GP_IIa_14.0mm_closed_R10_single_refY_004-raw03-04.json,ellipse,A,ok,
184.43554032375675,174.2053475935829,17991.598544232922,9.006489718535803,7.240641711229946,282.7964725643897,27428.0,935.0,3572.0,0.5569514237855946,6.0,757.5827910900116,1.0,GP_IIa_14.0mm_closed_R10_single_refY,GP_IIa_14.0mm_closed_R10_single_refY_004,3,445,GP_IIa_14.0mm_closed_R10_single_refY_004-raw03-02,16.677701686812032,7.806918253805633,True,236.00230407714844,0.5595321829366574,0.7304094433784485,4.2899698945737885,101.24427795410172,dxy_raw_candidates/images/GP_IIa_14.0mm_closed_R10_single_refY_004-raw03-02.jpg,dxy_raw_candidates/masks/GP_IIa_14.0mm_closed_R10_single_refY_004-raw03-02.png,dxy_raw_candidates/ring_fit/json/GP_IIa_14.0mm_closed_R10_single_refY_004-raw03-02.json,ellipse,B,ok,
177.76068009715672,131.6024973985432,20150.57399103139,7.770181454493499,6.917793964620187,310.7987668161435,27996.0,961.0,3568.0,0.5524360033030553,4.0,764.4112548828125,1.0,GP_IIa_14.0mm_closed_R10_single_refY,GP_IIa_14.0mm_closed_R10_single_refY_004,3,437,GP_IIa_14.0mm_closed_R10_single_refY_004-raw03-01,16.614264272953562,7.799880102043725,True,236.4847869873047,0.5580150523231824,0.7138775587081909,13.027522367500833,308.08108520507835,dxy_raw_candidates/images/GP_IIa_14.0mm_closed_R10_single_refY_004-raw03-01.jpg,dxy_raw_candidates/masks/GP_IIa_14.0mm_closed_R10_single_refY_004-raw03-01.png,dxy_raw_candidates/ring_fit/json/GP_IIa_14.0mm_closed_R10_single_refY_004-raw03-01.json,ellipse,A,ok,
145.7301965153971,110.24259789875836,12096.067924528305,7.065868111831443,6.202483285577841,203.66438679245283,39488.0,1047.0,4240.0,0.5526127415891195,5.0,881.3229033946991,1.0,GP_IIa_14.0mm_closed_R10_single_refY,GP_IIa_14.0mm_closed_R10_single_refY_004,4,797,GP_IIa_14.0mm_closed_R10_single_refY_004-raw04-22,14.22788949787352,7.784979154362301,True,266.8399353027344,0.686807547066103,0.79315185546875,19.108907180929386,509.9019555865165,dxy_raw_candidates/images/GP_IIa_14.0mm_closed_R10_single_refY_004-raw04-22.jpg,dxy_raw_candidates/masks/GP_IIa_14.0mm_closed_R10_single_refY_004-raw04-22.png,dxy_raw_candidates/ring_fit/json/GP_IIa_14.0mm_closed_R10_single_refY_004-raw04-22.json,circle,A,ok,
151.6725949659236,96.69581749049428,13091.617529880476,7.764397621439627,6.389733840304182,173.19198207171314,36829.0,1052.0,4016.0,0.5593471810089021,5.0,864.5655422210693,1.0,GP_IIa_14.0mm_closed_R10_single_refY,GP_IIa_14.0mm_closed_R10_single_refY_004,4,709,GP_IIa_14.0mm_closed_R10_single_refY_004-raw04-11,13.827800562953946,7.778430275856444,True,256.7765197753906,0.6586049857556349,0.7752054929733276,18.810062187040973,482.99823051470594,dxy_raw_candidates/images/GP_IIa_14.0mm_closed_R10_single_refY_004-raw04-11.jpg,dxy_raw_candidates/masks/GP_IIa_14.0mm_closed_R10_single_refY_004-raw04-11.png,dxy_raw_candidates/ring_fit/json/GP_IIa_14.0mm_closed_R10_single_refY_004-raw04-11.json,circle,A,ok,
154.58286280882476,83.48544600938968,11906.503021148035,7.197124521442146,6.383098591549296,152.622860020141,36307.0,1065.0,3972.0,0.5587797619047619,5.0,858.666036605835,1.0,GP_IIa_14.0mm_closed_R10_single_refY,GP_IIa_14.0mm_closed_R10_single_refY_004,4,701,GP_IIa_14.0mm_closed_R10_single_refY_004-raw04-10,13.522202688259547,7.779243416445562,True,253.8365173339844,0.6537101921288944,0.7358999252319336,2.8200085600432327,71.58211517333986,dxy_raw_candidates/images/GP_IIa_14.0mm_closed_R10_single_refY_004-raw04-10.jpg,dxy_raw_candidates/masks/GP_IIa_14.0mm_closed_R10_single_refY_004-raw04-10.png,dxy_raw_candidates/ring_fit/json/GP_IIa_14.0mm_closed_R10_single_refY_004-raw04-10.json,ellipse,B,ok,
147.65557761016277,85.4423076923077,13423.657298657718,7.66540293767368,5.270104895104895,265.5817953020134,50380.0,1144.0,4768.0,0.5689320388349515,5.0,1005.7198371887208,1.0,GP_IIa_14.0mm_closed_R10_single_refY,GP_IIa_14.0mm_closed_R10_single_refY_004,5,927,GP_IIa_14.0mm_closed_R10_single_refY_004-raw05-14,13.786705698267616,7.794877097637702,True,297.1871643066406,0.7205052372877271,0.7779859900474548,19.048794962093748,566.1057358243272,dxy_raw_candidates/images/GP_IIa_14.0mm_closed_R10_single_refY_004-raw05-14.jpg,dxy_raw_candidates/masks/GP_IIa_14.0mm_closed_R10_single_refY_004-raw05-14.png,dxy_raw_candidates/ring_fit/json/GP_IIa_14.0mm_closed_R10_single_refY_004-raw05-14.json,circle,A,ok,
157.0414077291458,98.29190207156309,12062.815766550522,8.470007795968371,5.216572504708098,231.7343205574913,44895.0,1062.0,4592.0,0.5650988411724608,6.0,948.0924682617188,1.0,GP_IIa_14.0mm_closed_R10_single_refY,GP_IIa_14.0mm_closed_R10_single_refY_004,5,886,GP_IIa_14.0mm_closed_R10_single_refY_004-raw05-09,13.768468192629168,7.8093597250346845,True,287.8919677734375,0.7037245066436041,0.8348166942596436,18.487938728255344,532.2529060552188,dxy_raw_candidates/images/GP_IIa_14.0mm_closed_R10_single_refY_004-raw05-09.jpg,dxy_raw_candidates/masks/GP_IIa_14.0mm_closed_R10_single_refY_004-raw05-09.png,dxy_raw_candidates/ring_fit/json/GP_IIa_14.0mm_closed_R10_single_refY_004-raw05-09.json,circle,A,ok,
147.22337413691264,86.61962134251291,12255.913851351352,7.777114691325336,4.985370051635112,245.88809121621625,49097.0,1162.0,4736.0,0.559662775616083,6.0,988.7198791503906,1.0,GP_IIa_14.0mm_closed_R10_single_refY,GP_IIa_14.0mm_closed_R10_single_refY_004,5,919,GP_IIa_14.0mm_closed_R10_single_refY_004-raw05-13,13.63550225024635,7.8040506417436735,True,295.54608154296875,0.7177380362650883,0.7739181518554688,19.252747734448484,569.0074151851526,dxy_raw_candidates/images/GP_IIa_14.0mm_closed_R10_single_refY_004-raw05-13.jpg,dxy_raw_candidates/masks/GP_IIa_14.0mm_closed_R10_single_refY_004-raw05-13.png,dxy_raw_candidates/ring_fit/json/GP_IIa_14.0mm_closed_R10_single_refY_004-raw05-13.json,circle,A,ok,
226.08447908456665,144.1461342395922,15480.96887966805,11.422979245117784,6.053525913338998,306.8246887966805,34257.0,1177.0,3856.0,0.5089221984296931,4.0,823.7371311187744,1.0,GP_IIa_14.0mm_closed_R10_single_refY,GP_IIa_14.0mm_closed_R10_single_refY_005,1,155,GP_IIa_14.0mm_closed_R10_single_refY_005-raw01-16,16.14871286496292,7.637726748095534,True,233.70021057128903,0.7654507300148471,0.6577008366584778,3.786502637117268,88.49064636230476,dxy_raw_candidates/images/GP_IIa_14.0mm_closed_R10_single_refY_005-raw01-16.jpg,dxy_raw_candidates/masks/GP_IIa_14.0mm_closed_R10_single_refY_005-raw01-16.png,dxy_raw_candidates/ring_fit/json/GP_IIa_14.0mm_closed_R10_single_refY_005-raw01-16.json,ellipse,B,ok,
208.2234623744345,77.66948356807512,14737.330897703549,11.025553662691651,5.714553990610328,265.29723382045927,34046.0,1065.0,3832.0,0.5063291139240507,8.0,776.796017408371,1.0,GP_IIa_14.0mm_closed_R10_single_refY,GP_IIa_14.0mm_closed_R10_single_refY_005,1,169,GP_IIa_14.0mm_closed_R10_single_refY_005-raw01-18,15.434907755108815,7.629586085361623,True,232.35255432128903,0.7681381958273341,0.6290819644927979,15.587560681043588,362.180953987857,dxy_raw_candidates/images/GP_IIa_14.0mm_closed_R10_single_refY_005-raw01-18.jpg,dxy_raw_candidates/masks/GP_IIa_14.0mm_closed_R10_single_refY_005-raw01-18.png,dxy_raw_candidates/ring_fit/json/GP_IIa_14.0mm_closed_R10_single_refY_005-raw01-18.json,circle,A,ok,
209.96892792767017,100.53492063492064,16379.91649269311,10.644673972132416,6.200793650793651,276.47390396659705,34951.0,1260.0,3832.0,0.4989662301860785,3.0,837.3940124511719,1.0,GP_IIa_14.0mm_closed_R10_single_refY,GP_IIa_14.0mm_closed_R10_single_refY_005,1,126,GP_IIa_14.0mm_closed_R10_single_refY_005-raw01-12,15.28244891139725,7.658215335434216,True,233.744140625,0.7553162223828331,0.6702283024787903,16.34528928793398,382.06155978751474,dxy_raw_candidates/images/GP_IIa_14.0mm_closed_R10_single_refY_005-raw01-12.jpg,dxy_raw_candidates/masks/GP_IIa_14.0mm_closed_R10_single_refY_005-raw01-12.png,dxy_raw_candidates/ring_fit/json/GP_IIa_14.0mm_closed_R10_single_refY_005-raw01-12.json,circle,A,ok,
286.8857216895569,87.35015772870662,19750.0833545108,15.866257810025626,6.992639327024185,334.04447268106736,34731.0,951.0,3935.0,0.5734824281150159,6.0,822.5949691534042,1.0,GP_IIa_14.0mm_closed_R10_single_refY,GP_IIa_14.0mm_closed_R10_single_refY_005,2,377,GP_IIa_14.0mm_closed_R10_single_refY_005-raw02-23,19.658792185577365,7.525320756174507,True,232.48146057128903,0.8300303807395311,0.6568078398704529,16.905286473646942,393.0165690769501,dxy_raw_candidates/images/GP_IIa_14.0mm_closed_R10_single_refY_005-raw02-23.jpg,dxy_raw_candidates/masks/GP_IIa_14.0mm_closed_R10_single_refY_005-raw02-23.png,dxy_raw_candidates/ring_fit/json/GP_IIa_14.0mm_closed_R10_single_refY_005-raw02-23.json,circle,A,ok,
277.4283670774648,92.84958979033728,19631.248234106963,16.002723371478872,9.194165907019142,361.6021695257316,36352.0,1097.0,3964.0,0.5282199710564399,3.0,840.9086990356445,1.0,GP_IIa_14.0mm_closed_R10_single_refY,GP_IIa_14.0mm_closed_R10_single_refY_005,2,319,GP_IIa_14.0mm_closed_R10_single_refY_005-raw02-15,18.704037386546894,7.547264458677091,True,232.18345642089844,0.8529915781111693,0.6450622081756592,13.914444143233853,323.0703735351564,dxy_raw_candidates/images/GP_IIa_14.0mm_closed_R10_single_refY_005-raw02-15.jpg,dxy_raw_candidates/masks/GP_IIa_14.0mm_closed_R10_single_refY_005-raw02-15.png,dxy_raw_candidates/ring_fit/json/GP_IIa_14.0mm_closed_R10_single_refY_005-raw02-15.json,ellipse,A,ok,
252.4233489898704,77.61735700197238,22853.11663286004,14.29704034859374,6.711045364891519,417.4939148073023,35342.0,1014.0,3944.0,0.5641813989239047,5.0,840.837646484375,1.0,GP_IIa_14.0mm_closed_R10_single_refY,GP_IIa_14.0mm_closed_R10_single_refY_005,2,355,GP_IIa_14.0mm_closed_R10_single_refY_005-raw02-20,18.69740099303516,7.558516411473562,True,233.7953948974609,0.8307248912440537,0.6601166725158691,16.97451013762866,396.8562300817848,dxy_raw_candidates/images/GP_IIa_14.0mm_closed_R10_single_refY_005-raw02-20.jpg,dxy_raw_candidates/masks/GP_IIa_14.0mm_closed_R10_single_refY_005-raw02-20.png,dxy_raw_candidates/ring_fit/json/GP_IIa_14.0mm_closed_R10_single_refY_005-raw02-20.json,circle,A,ok,
292.1895085335921,77.73180873180873,11276.208291708292,15.8501912209601,7.754677754677755,191.4265734265734,35038.0,962.0,4004.0,0.563921568627451,7.0,823.0091537237167,1.0,GP_IIa_14.0mm_closed_R10_single_refY,GP_IIa_14.0mm_closed_R10_single_refY_005,3,448,GP_IIa_14.0mm_closed_R10_single_refY_005-raw03-09,18.70948619017306,7.456749304254496,True,237.9478912353516,0.8133886446960126,0.6455525159835815,17.55857507155076,417.8025911373125,dxy_raw_candidates/images/GP_IIa_14.0mm_closed_R10_single_refY_005-raw03-09.jpg,dxy_raw_candidates/masks/GP_IIa_14.0mm_closed_R10_single_refY_005-raw03-09.png,dxy_raw_candidates/ring_fit/json/GP_IIa_14.0mm_closed_R10_single_refY_005-raw03-09.json,circle,A,ok,
257.98546989801514,62.68426197458456,20866.589615576635,14.497834192345652,5.872922776148583,334.0192211682476,36476.0,1023.0,4006.0,0.5690440060698028,2.0,861.0802917480469,1.0,GP_IIa_14.0mm_closed_R10_single_refY,GP_IIa_14.0mm_closed_R10_single_refY_005,3,413,GP_IIa_14.0mm_closed_R10_single_refY_005-raw03-04,18.613350966464143,7.514740956781518,True,238.28582763671875,0.820182229652133,0.6518081426620483,2.578839737966099,61.45009613037114,dxy_raw_candidates/images/GP_IIa_14.0mm_closed_R10_single_refY_005-raw03-04.jpg,dxy_raw_candidates/masks/GP_IIa_14.0mm_closed_R10_single_refY_005-raw03-04.png,dxy_raw_candidates/ring_fit/json/GP_IIa_14.0mm_closed_R10_single_refY_005-raw03-04.json,ellipse,B,ok,
316.37592430627336,76.51417004048584,18168.85117747026,17.904667249741593,10.447368421052632,294.8815246419033,37731.0,988.0,4119.0,0.5630252100840336,6.0,846.1513351202011,1.0,GP_IIa_14.0mm_closed_R10_single_refY,GP_IIa_14.0mm_closed_R10_single_refY_005,3,491,GP_IIa_14.0mm_closed_R10_single_refY_005-raw03-15,18.16317766018973,7.459430779349682,True,244.475830078125,0.8102076359285154,0.6667746305465698,18.048462898124047,441.24129486531245,dxy_raw_candidates/images/GP_IIa_14.0mm_closed_R10_single_refY_005-raw03-15.jpg,dxy_raw_candidates/masks/GP_IIa_14.0mm_closed_R10_single_refY_005-raw03-15.png,dxy_raw_candidates/ring_fit/json/GP_IIa_14.0mm_closed_R10_single_refY_005-raw03-15.json,circle,A,ok,
463.3243415613559,472.2359447004608,18907.455284552845,23.58518955946616,38.18709677419355,288.2789069557362,42335.0,1085.0,4428.0,0.5708215297450425,5.0,929.4061546325684,1.0,GP_IIa_14.0mm_closed_R10_single_refY,GP_IIa_14.0mm_closed_R10_single_refY_005,4,699,GP_IIa_14.0mm_closed_R10_single_refY_005-raw04-20,16.62574811770121,7.311968321777917,True,262.50390625,0.8253979206253601,0.6679821610450745,21.588857494680138,566.7159423828132,dxy_raw_candidates/images/GP_IIa_14.0mm_closed_R10_single_refY_005-raw04-20.jpg,dxy_raw_candidates/masks/GP_IIa_14.0mm_closed_R10_single_refY_005-raw04-20.png,dxy_raw_candidates/ring_fit/json/GP_IIa_14.0mm_closed_R10_single_refY_005-raw04-20.json,ellipse,A,ok,
444.7249836799403,301.1083916083916,19436.039982030547,21.32726382542199,32.78409090909091,301.957097933513,42892.0,1144.0,4452.0,0.5357142857142857,5.0,930.506649851799,1.0,GP_IIa_14.0mm_closed_R10_single_refY,GP_IIa_14.0mm_closed_R10_single_refY_005,4,692,GP_IIa_14.0mm_closed_R10_single_refY_005-raw04-19,16.422422000026696,7.31762385880078,True,263.1855163574219,0.8203300849383094,0.7262073159217834,17.07547262624498,449.4017080185311,dxy_raw_candidates/images/GP_IIa_14.0mm_closed_R10_single_refY_005-raw04-19.jpg,dxy_raw_candidates/masks/GP_IIa_14.0mm_closed_R10_single_refY_005-raw04-19.png,dxy_raw_candidates/ring_fit/json/GP_IIa_14.0mm_closed_R10_single_refY_005-raw04-19.json,circle,A,ok,
303.798318220739,1299.625,14218.39748045178,15.074209058774452,37.450819672131146,150.66898349261513,45547.0,976.0,4604.0,0.5611664295874822,9.0,900.5361338853836,1.0,GP_IIa_14.0mm_closed_R10_single_refY,GP_IIa_14.0mm_closed_R10_single_refY_005,4,728,GP_IIa_14.0mm_closed_R10_single_refY_005-raw04-24,16.199958002495467,7.302323012564914,True,269.2652893066406,0.8611038395870765,0.6174182891845703,17.010569467145704,458.0355908841698,dxy_raw_candidates/images/GP_IIa_14.0mm_closed_R10_single_refY_005-raw04-24.jpg,dxy_raw_candidates/masks/GP_IIa_14.0mm_closed_R10_single_refY_005-raw04-24.png,dxy_raw_candidates/ring_fit/json/GP_IIa_14.0mm_closed_R10_single_refY_005-raw04-24.json,circle,A,ok,
358.95149753674275,2432.370562770562,19953.01452991453,20.17071712736792,153.2961038961039,288.34850427350426,48513.0,1155.0,4680.0,0.56550362080316,8.0,974.8497924804688,1.0,GP_IIa_14.0mm_closed_R10_single_refY,GP_IIa_14.0mm_closed_R10_single_refY_005,5,757,GP_IIa_14.0mm_closed_R10_single_refY_005-raw05-04,20.75117325732856,7.320766267642629,True,273.0774230957031,0.8661772281036522,0.6919317245483398,9.981103365309853,272.561398665067,dxy_raw_candidates/images/GP_IIa_14.0mm_closed_R10_single_refY_005-raw05-04.jpg,dxy_raw_candidates/masks/GP_IIa_14.0mm_closed_R10_single_refY_005-raw05-04.png,dxy_raw_candidates/ring_fit/json/GP_IIa_14.0mm_closed_R10_single_refY_005-raw05-04.json,circle,A,ok,
254.5650865472862,64.42358604091456,9413.598138747884,11.290653746825177,6.380264741275572,164.00296108291033,46853.0,831.0,4728.0,0.5287356321839081,14.0,829.695499420166,1.0,GP_IIa_14.0mm_closed_R10_single_refY,GP_IIa_14.0mm_closed_R10_single_refY_005,5,793,GP_IIa_14.0mm_closed_R10_single_refY_005-raw05-09,19.84015964506172,7.237004052239777,True,270.8867492675781,0.9046100335906008,0.659543514251709,7.951501974967216,215.39565217935967,dxy_raw_candidates/images/GP_IIa_14.0mm_closed_R10_single_refY_005-raw05-09.jpg,dxy_raw_candidates/masks/GP_IIa_14.0mm_closed_R10_single_refY_005-raw05-09.png,dxy_raw_candidates/ring_fit/json/GP_IIa_14.0mm_closed_R10_single_refY_005-raw05-09.json,circle,A,ok,
378.6691124061885,3240.8241965973534,18401.48029134533,19.869062093832543,148.7381852551985,265.1990145672665,47702.0,1058.0,4668.0,0.5573227302849569,5.0,953.6366256475447,1.0,GP_IIa_14.0mm_closed_R10_single_refY,GP_IIa_14.0mm_closed_R10_single_refY_005,5,749,GP_IIa_14.0mm_closed_R10_single_refY_005-raw05-03,18.7280423210568,7.311277822554048,True,272.1533203125,0.8702378243339068,0.7644565105438232,9.063451384292197,246.6648387726052,dxy_raw_candidates/images/GP_IIa_14.0mm_closed_R10_single_refY_005-raw05-03.jpg,dxy_raw_candidates/masks/GP_IIa_14.0mm_closed_R10_single_refY_005-raw05-03.png,dxy_raw_candidates/ring_fit/json/GP_IIa_14.0mm_closed_R10_single_refY_005-raw05-03.json,circle,A,ok,
254.3209882181021,160.48347826086956,4526.541825095057,11.644442414832405,6.357101449275362,56.65684410646388,43796.0,1725.0,2104.0,0.637589928057554,3.0,833.5777877569199,1.0,GP_IIa_14.0mm_closed_R5_single_refY,GP_IIa_14.0mm_closed_R5_single_refY_004,1,134,GP_IIa_14.0mm_closed_R5_single_refY_004-raw01-10,19.319281011115184,7.827046265433016,True,112.9689483642578,0.6155563952073762,0.7016236186027527,14.65970503542025,331.2182922363285,dxy_raw_candidates/images/GP_IIa_14.0mm_closed_R5_single_refY_004-raw01-10.jpg,dxy_raw_candidates/masks/GP_IIa_14.0mm_closed_R5_single_refY_004-raw01-10.png,dxy_raw_candidates/ring_fit/json/GP_IIa_14.0mm_closed_R5_single_refY_004-raw01-10.json,ellipse,A,ok,
331.71937408143856,87.91262716935967,3975.2490421455936,14.825249992795596,5.71573907839617,56.547413793103445,34701.0,1671.0,2088.0,0.6470588235294118,4.0,826.9798263311386,1.0,GP_IIa_14.0mm_closed_R5_single_refY,GP_IIa_14.0mm_closed_R5_single_refY_004,1,142,GP_IIa_14.0mm_closed_R5_single_refY_004-raw01-11,16.58292640023761,7.851732393322342,True,114.76056671142578,0.5808877400842846,0.5000419020652771,19.564082907893862,449.0370483398441,dxy_raw_candidates/images/GP_IIa_14.0mm_closed_R5_single_refY_004-raw01-11.jpg,dxy_raw_candidates/masks/GP_IIa_14.0mm_closed_R5_single_refY_004-raw01-11.png,dxy_raw_candidates/ring_fit/json/GP_IIa_14.0mm_closed_R5_single_refY_004-raw01-11.json,ellipse,B,ok,
260.29918162079906,122.28232971372162,5644.876363636364,13.0859205374209,5.938795656465943,71.0409090909091,53887.0,2026.0,2200.0,0.6190828402366864,3.0,981.045744419098,1.0,GP_IIa_14.0mm_closed_R5_single_refY,GP_IIa_14.0mm_closed_R5_single_refY_004,1,100,GP_IIa_14.0mm_closed_R5_single_refY_004-raw01-06,16.512074588309396,7.700112243779213,True,115.37039947509766,0.6252548108092798,0.6060460805892944,15.270076126373338,352.34295654296915,dxy_raw_candidates/images/GP_IIa_14.0mm_closed_R5_single_refY_004-raw01-06.jpg,dxy_raw_candidates/masks/GP_IIa_14.0mm_closed_R5_single_refY_004-raw01-06.png,dxy_raw_candidates/ring_fit/json/GP_IIa_14.0mm_closed_R5_single_refY_004-raw01-06.json,ellipse,A,ok,
268.04785556947263,114.27628635346755,5025.745490981964,11.592709368116443,5.382550335570469,142.94138276553107,46306.0,1788.0,1996.0,0.5520206362854686,1.0,741.2396240234375,1.0,GP_IIa_14.0mm_closed_R5_single_refY,GP_IIa_14.0mm_closed_R5_single_refY_004,2,262,GP_IIa_14.0mm_closed_R5_single_refY_004-raw02-01,9.185083480824366,7.715712844720159,True,105.98719787597656,0.4611945340859298,0.4599251449108124,16.783864962409176,355.7749633789068,dxy_raw_candidates/images/GP_IIa_14.0mm_closed_R5_single_refY_004-raw02-01.jpg,dxy_raw_candidates/masks/GP_IIa_14.0mm_closed_R5_single_refY_004-raw02-01.png,dxy_raw_candidates/ring_fit/json/GP_IIa_14.0mm_closed_R5_single_refY_004-raw02-01.json,ellipse,A,ok,
276.14791585508374,236.70063025210084,3989.6800766283527,12.287105570705103,7.297794117647059,89.12068965517241,51340.0,1904.0,2088.0,0.5647058823529412,1.0,781.1807861328125,1.0,GP_IIa_14.0mm_closed_R5_single_refY,GP_IIa_14.0mm_closed_R5_single_refY_004,2,407,GP_IIa_14.0mm_closed_R5_single_refY_004-raw02-18,9.0714938636768,7.444039995279667,True,110.65530395507812,0.3794913841272432,0.600975751876831,18.007617583570443,398.5276794433601,dxy_raw_candidates/images/GP_IIa_14.0mm_closed_R5_single_refY_004-raw02-18.jpg,dxy_raw_candidates/masks/GP_IIa_14.0mm_closed_R5_single_refY_004-raw02-18.png,dxy_raw_candidates/ring_fit/json/GP_IIa_14.0mm_closed_R5_single_refY_004-raw02-18.json,ellipse,B,ok,
257.4636566608782,149.00207684319835,5248.6905222437135,11.238306967158367,7.413291796469367,125.93133462282398,52403.0,1926.0,2068.0,0.5504807692307693,1.0,796.1807861328125,1.0,GP_IIa_14.0mm_closed_R5_single_refY,GP_IIa_14.0mm_closed_R5_single_refY_004,2,305,GP_IIa_14.0mm_closed_R5_single_refY_004-raw02-06,8.820494705835983,7.633843682379398,True,112.93164825439452,0.4495269569319657,0.6492034792900085,16.859963233786488,380.80468750000006,dxy_raw_candidates/images/GP_IIa_14.0mm_closed_R5_single_refY_004-raw02-06.jpg,dxy_raw_candidates/masks/GP_IIa_14.0mm_closed_R5_single_refY_004-raw02-06.png,dxy_raw_candidates/ring_fit/json/GP_IIa_14.0mm_closed_R5_single_refY_004-raw02-06.json,ellipse,A,ok,
299.6144379696366,169.63240506329117,6978.71037735849,15.232364667995704,7.452658227848101,150.6943396226415,52168.0,1975.0,2120.0,0.5510534846029174,2.0,795.222412109375,1.0,GP_IIa_14.0mm_closed_R5_single_refY,GP_IIa_14.0mm_closed_R5_single_refY_004,3,467,GP_IIa_14.0mm_closed_R5_single_refY_004-raw03-01,10.506796518843853,7.537031282034007,True,114.71360778808594,0.4538941115215397,0.6570722460746765,16.607490338687644,381.02102661132886,dxy_raw_candidates/images/GP_IIa_14.0mm_closed_R5_single_refY_004-raw03-01.jpg,dxy_raw_candidates/masks/GP_IIa_14.0mm_closed_R5_single_refY_004-raw03-01.png,dxy_raw_candidates/ring_fit/json/GP_IIa_14.0mm_closed_R5_single_refY_004-raw03-01.json,ellipse,A,ok,
334.9851395837596,173.7399061032864,5129.4,16.72018152398311,6.759154929577464,79.13169642857143,53767.0,2130.0,2240.0,0.5560098119378577,2.0,803.9208984375,1.0,GP_IIa_14.0mm_closed_R5_single_refY,GP_IIa_14.0mm_closed_R5_single_refY_004,3,604,GP_IIa_14.0mm_closed_R5_single_refY_004-raw03-17,9.996552546935618,7.529029816997889,True,117.5973663330078,0.4454963599520718,0.6048297882080078,16.758916503100288,394.1608886718752,dxy_raw_candidates/images/GP_IIa_14.0mm_closed_R5_single_refY_004-raw03-17.jpg,dxy_raw_candidates/masks/GP_IIa_14.0mm_closed_R5_single_refY_004-raw03-17.png,dxy_raw_candidates/ring_fit/json/GP_IIa_14.0mm_closed_R5_single_refY_004-raw03-17.json,ellipse,A,ok,
330.26791228550206,243.38820029747149,5016.007276034561,15.562678341085878,9.8601883986118,77.61982719417917,51166.0,2017.0,2199.0,0.5766362883181442,2.0,811.3939666748047,1.0,GP_IIa_14.0mm_closed_R5_single_refY,GP_IIa_14.0mm_closed_R5_single_refY_004,3,595,GP_IIa_14.0mm_closed_R5_single_refY_004-raw03-16,9.953795512781037,7.529207598916257,True,116.0587921142578,0.4503232199510251,0.549963116645813,25.01521936130801,580.6472287093219,dxy_raw_candidates/images/GP_IIa_14.0mm_closed_R5_single_refY_004-raw03-16.jpg,dxy_raw_candidates/masks/GP_IIa_14.0mm_closed_R5_single_refY_004-raw03-16.png,dxy_raw_candidates/ring_fit/json/GP_IIa_14.0mm_closed_R5_single_refY_004-raw03-16.json,circle,B,ok,
277.1630009371038,113.12311557788944,3221.6530065109155,11.501819083843229,6.277219430485762,32.1585599387208,72564.0,2388.0,2611.0,0.6285714285714286,4.0,1132.5848236083984,1.0,GP_IIa_14.0mm_closed_R5_single_refY,GP_IIa_14.0mm_closed_R5_single_refY_004,4,800,GP_IIa_14.0mm_closed_R5_single_refY_004-raw04-16,10.505636635503649,7.40702818264227,True,138.7677764892578,0.6128506786007764,0.8453503847122192,15.16156795174112,420.78741455078136,dxy_raw_candidates/images/GP_IIa_14.0mm_closed_R5_single_refY_004-raw04-16.jpg,dxy_raw_candidates/masks/GP_IIa_14.0mm_closed_R5_single_refY_004-raw04-16.png,dxy_raw_candidates/ring_fit/json/GP_IIa_14.0mm_closed_R5_single_refY_004-raw04-16.json,ellipse,B,ok,
309.84172681804955,116.41852487135506,3341.6890080428952,13.559387079344408,5.9721269296741,38.13289927230946,72179.0,2332.0,2611.0,0.6280160857908847,5.0,1099.7564086914062,1.0,GP_IIa_14.0mm_closed_R5_single_refY,GP_IIa_14.0mm_closed_R5_single_refY_004,4,774,GP_IIa_14.0mm_closed_R5_single_refY_004-raw04-13,10.308287621090736,7.393746352439331,True,138.90374755859375,0.5765611639632453,0.6764445900917053,15.23286766537818,423.1804809570314,dxy_raw_candidates/images/GP_IIa_14.0mm_closed_R5_single_refY_004-raw04-13.jpg,dxy_raw_candidates/masks/GP_IIa_14.0mm_closed_R5_single_refY_004-raw04-13.png,dxy_raw_candidates/ring_fit/json/GP_IIa_14.0mm_closed_R5_single_refY_004-raw04-13.json,ellipse,B,ok,
276.72133215253734,103.2630293159609,3326.144259818731,12.742546225478357,5.697882736156352,34.2107250755287,74526.0,2456.0,2648.0,0.6097560975609756,6.0,1142.9696418046951,1.0,GP_IIa_14.0mm_closed_R5_single_refY,GP_IIa_14.0mm_closed_R5_single_refY_004,4,834,GP_IIa_14.0mm_closed_R5_single_refY_004-raw04-20,10.023072573343905,7.407757229292501,True,141.4446563720703,0.6415058791151029,0.755107581615448,15.016730284214717,424.80725097656347,dxy_raw_candidates/images/GP_IIa_14.0mm_closed_R5_single_refY_004-raw04-20.jpg,dxy_raw_candidates/masks/GP_IIa_14.0mm_closed_R5_single_refY_004-raw04-20.png,dxy_raw_candidates/ring_fit/json/GP_IIa_14.0mm_closed_R5_single_refY_004-raw04-20.json,ellipse,B,ok,
386.7425694646142,137.18415507796038,2818.346518987342,16.71775721615977,8.07416772018542,43.79786392405063,72303.0,2373.0,2528.0,0.6255798542080848,3.0,1109.5847988128662,1.0,GP_IIa_14.0mm_closed_R5_single_refY,GP_IIa_14.0mm_closed_R5_single_refY_004,5,990,GP_IIa_14.0mm_closed_R5_single_refY_004-raw05-14,9.416144652631552,7.379651779523397,True,135.64784240722656,0.5649841090230409,0.6550458073616028,15.6044550748345,423.34213256836017,dxy_raw_candidates/images/GP_IIa_14.0mm_closed_R5_single_refY_004-raw05-14.jpg,dxy_raw_candidates/masks/GP_IIa_14.0mm_closed_R5_single_refY_004-raw05-14.png,dxy_raw_candidates/ring_fit/json/GP_IIa_14.0mm_closed_R5_single_refY_004-raw05-14.json,ellipse,A,ok,
314.2852582704585,110.690734055355,4036.8647540983607,13.74962275101567,6.730445246690734,50.170491803278686,68920.0,2493.0,2440.0,0.56299938537185,4.0,1072.714811682701,1.0,GP_IIa_14.0mm_closed_R5_single_refY,GP_IIa_14.0mm_closed_R5_single_refY_004,5,1076,GP_IIa_14.0mm_closed_R5_single_refY_004-raw05-24,9.369016658071825,7.521081522772024,True,130.2185821533203,0.6318298210603742,0.4242182970046997,15.156290627905657,394.7261352539072,dxy_raw_candidates/images/GP_IIa_14.0mm_closed_R5_single_refY_004-raw05-24.jpg,dxy_raw_candidates/masks/GP_IIa_14.0mm_closed_R5_single_refY_004-raw05-24.png,dxy_raw_candidates/ring_fit/json/GP_IIa_14.0mm_closed_R5_single_refY_004-raw05-24.json,ellipse,A,ok,
237.122781394658,98.1147852527556,4539.674332344213,11.425798945466248,5.919802356518434,52.18545994065282,80794.0,2631.0,2696.0,0.6124260355029586,3.0,1218.81020963192,1.0,GP_IIa_14.0mm_closed_R5_single_refY,GP_IIa_14.0mm_closed_R5_single_refY_004,5,877,GP_IIa_14.0mm_closed_R5_single_refY_004-raw05-01,9.3138877409935,7.513395518247872,True,143.18838500976562,0.6609587806320917,0.7661866545677185,15.141750943148514,433.6245727539069,dxy_raw_candidates/images/GP_IIa_14.0mm_closed_R5_single_refY_004-raw05-01.jpg,dxy_raw_candidates/masks/GP_IIa_14.0mm_closed_R5_single_refY_004-raw05-01.png,dxy_raw_candidates/ring_fit/json/GP_IIa_14.0mm_closed_R5_single_refY_004-raw05-01.json,ellipse,A,ok,
330.2612855957488,95.63213703099512,11765.404255319148,17.59507794431792,6.648042414355628,135.14051418439718,56643.0,2452.0,2256.0,0.5455112219451371,4.0,1024.6731491088867,1.0,GP_IIa_14.0mm_closed_R5_single_refY,GP_IIa_14.0mm_closed_R5_single_refY_005,1,141,GP_IIa_14.0mm_closed_R5_single_refY_005-raw01-12,12.92599923508138,7.495203579830436,True,116.29557037353516,0.7648277598694005,0.5765076875686646,14.648879987808249,340.7199707031256,dxy_raw_candidates/images/GP_IIa_14.0mm_closed_R5_single_refY_005-raw01-12.jpg,dxy_raw_candidates/masks/GP_IIa_14.0mm_closed_R5_single_refY_005-raw01-12.png,dxy_raw_candidates/ring_fit/json/GP_IIa_14.0mm_closed_R5_single_refY_005-raw01-12.json,ellipse,A,ok,
349.9401226359338,107.65586234493796,10483.170231729056,17.84977098108747,6.0,130.34848484848484,54144.0,2499.0,2244.0,0.5400122174709835,4.0,1033.6732177734375,1.0,GP_IIa_14.0mm_closed_R5_single_refY,GP_IIa_14.0mm_closed_R5_single_refY_005,1,149,GP_IIa_14.0mm_closed_R5_single_refY_005-raw01-13,12.911024268251586,7.489283259905819,True,115.6068344116211,0.7618987598204824,0.5143938064575195,14.54144341062874,336.21804809570364,dxy_raw_candidates/images/GP_IIa_14.0mm_closed_R5_single_refY_005-raw01-13.jpg,dxy_raw_candidates/masks/GP_IIa_14.0mm_closed_R5_single_refY_005-raw01-13.png,dxy_raw_candidates/ring_fit/json/GP_IIa_14.0mm_closed_R5_single_refY_005-raw01-13.json,ellipse,A,ok,
357.4989095083222,101.89505902929602,6519.136684303351,16.745590204706332,5.835155225185833,66.82671957671958,52270.0,2287.0,2268.0,0.5993150684931506,3.0,1031.4721740484238,1.0,GP_IIa_14.0mm_closed_R5_single_refY,GP_IIa_14.0mm_closed_R5_single_refY_005,1,117,GP_IIa_14.0mm_closed_R5_single_refY_005-raw01-09,12.095008647325312,7.497325838730864,True,116.111328125,0.7540035131406968,0.6227483153343201,12.42004191113459,288.4215123340006,dxy_raw_candidates/images/GP_IIa_14.0mm_closed_R5_single_refY_005-raw01-09.jpg,dxy_raw_candidates/masks/GP_IIa_14.0mm_closed_R5_single_refY_005-raw01-09.png,dxy_raw_candidates/ring_fit/json/GP_IIa_14.0mm_closed_R5_single_refY_005-raw01-09.json,circle,A,ok,
318.876908626226,120.62979136341582,7563.119170984456,16.03471023831888,7.846191169335274,142.061705134244,45779.0,2061.0,2123.0,0.5663454410674573,2.0,905.31787109375,1.0,GP_IIa_14.0mm_closed_R5_single_refY,GP_IIa_14.0mm_closed_R5_single_refY_005,2,431,GP_IIa_14.0mm_closed_R5_single_refY_005-raw02-24,12.300424093288848,7.2401182223553,True,108.62914276123048,0.7613054066033842,0.5239387154579163,14.5653040379502,316.44329833984415,dxy_raw_candidates/images/GP_IIa_14.0mm_closed_R5_single_refY_005-raw02-24.jpg,dxy_raw_candidates/masks/GP_IIa_14.0mm_closed_R5_single_refY_005-raw02-24.png,dxy_raw_candidates/ring_fit/json/GP_IIa_14.0mm_closed_R5_single_refY_005-raw02-24.json,ellipse,A,ok,
330.4045238902067,110.654051431344,8894.59756097561,17.35401135208404,7.316836487142164,153.2842401500938,47216.0,2061.0,2132.0,0.5724797645327446,3.0,916.2467803955078,1.0,GP_IIa_14.0mm_closed_R5_single_refY,GP_IIa_14.0mm_closed_R5_single_refY_005,2,423,GP_IIa_14.0mm_closed_R5_single_refY_005-raw02-23,11.690001619296607,7.25808005275686,True,109.23858642578124,0.7629128877253947,0.4893733561038971,14.64462513234978,319.9516296386722,dxy_raw_candidates/images/GP_IIa_14.0mm_closed_R5_single_refY_005-raw02-23.jpg,dxy_raw_candidates/masks/GP_IIa_14.0mm_closed_R5_single_refY_005-raw02-23.png,dxy_raw_candidates/ring_fit/json/GP_IIa_14.0mm_closed_R5_single_refY_005-raw02-23.json,ellipse,B,ok,
427.2535093547074,131.9607843137255,7956.843045112781,20.47654358029189,8.10735294117647,140.6499060150376,46661.0,2040.0,2128.0,0.5800604229607251,4.0,908.1462860107422,1.0,GP_IIa_14.0mm_closed_R5_single_refY,GP_IIa_14.0mm_closed_R5_single_refY_005,2,326,GP_IIa_14.0mm_closed_R5_single_refY_005-raw02-11,11.071620946205986,7.279312476596052,True,109.9199676513672,0.7271720284333879,0.512600839138031,14.90451523970618,327.6607666015628,dxy_raw_candidates/images/GP_IIa_14.0mm_closed_R5_single_refY_005-raw02-11.jpg,dxy_raw_candidates/masks/GP_IIa_14.0mm_closed_R5_single_refY_005-raw02-11.png,dxy_raw_candidates/ring_fit/json/GP_IIa_14.0mm_closed_R5_single_refY_005-raw02-11.json,ellipse,B,ok,
726.9378765673343,165.25209380234506,10627.741935483871,37.32130353362645,16.09463986599665,183.52087286527515,49128.0,2388.0,2108.0,1.0,1.0,987.9036254882812,1.0,GP_IIa_14.0mm_closed_R5_single_refY,GP_IIa_14.0mm_closed_R5_single_refY_005,3,592,GP_IIa_14.0mm_closed_R5_single_refY_005-raw03-20,20.56699978236329,7.118205272440376,True,106.94412231445312,0.8141661862989619,0.5495076775550842,12.813622914281,274.0683312472296,dxy_raw_candidates/images/GP_IIa_14.0mm_closed_R5_single_refY_005-raw03-20.jpg,dxy_raw_candidates/masks/GP_IIa_14.0mm_closed_R5_single_refY_005-raw03-20.png,dxy_raw_candidates/ring_fit/json/GP_IIa_14.0mm_closed_R5_single_refY_005-raw03-20.json,circle,A,ok,
679.4850782114738,1027.7783783783784,7354.667619047619,36.4170791303803,56.95945945945946,101.56857142857145,47883.0,2220.0,2100.0,0.5488466757123474,9.0,935.0335655212402,1.0,GP_IIa_14.0mm_closed_R5_single_refY,GP_IIa_14.0mm_closed_R5_single_refY_005,3,576,GP_IIa_14.0mm_closed_R5_single_refY_005-raw03-18,20.315372994877382,7.155724058691479,True,106.26255798339844,0.810924614688768,0.5004816651344299,14.18491484135631,301.4650671638389,dxy_raw_candidates/images/GP_IIa_14.0mm_closed_R5_single_refY_005-raw03-18.jpg,dxy_raw_candidates/masks/GP_IIa_14.0mm_closed_R5_single_refY_005-raw03-18.png,dxy_raw_candidates/ring_fit/json/GP_IIa_14.0mm_closed_R5_single_refY_005-raw03-18.json,circle,B,ok,
737.5804365569345,220.93310013117625,8436.352443609023,36.4822635665404,10.361609094884129,145.7937030075188,47783.0,2287.0,2128.0,0.5379537953795379,8.0,947.4183349609376,1.0,GP_IIa_14.0mm_closed_R5_single_refY,GP_IIa_14.0mm_closed_R5_single_refY_005,3,600,GP_IIa_14.0mm_closed_R5_single_refY_005-raw03-21,20.140939595370817,7.124387309343065,True,107.34429168701172,0.8206781516983105,0.5523452162742615,12.642292250751408,271.4155813914219,dxy_raw_candidates/images/GP_IIa_14.0mm_closed_R5_single_refY_005-raw03-21.jpg,dxy_raw_candidates/masks/GP_IIa_14.0mm_closed_R5_single_refY_005-raw03-21.png,dxy_raw_candidates/ring_fit/json/GP_IIa_14.0mm_closed_R5_single_refY_005-raw03-21.json,circle,B,ok,
676.9339933318333,2291.8315395414133,6795.233944954129,33.13344515126102,96.4356574637342,89.41284403669725,48889.0,2137.0,2180.0,0.5645833333333333,4.0,941.134162902832,1.0,GP_IIa_14.0mm_closed_R5_single_refY,GP_IIa_14.0mm_closed_R5_single_refY_005,4,688,GP_IIa_14.0mm_closed_R5_single_refY_005-raw04-08,22.32708351697451,6.935580809305685,True,110.79039764404295,0.8045285878833934,0.5762539505958557,14.975667931553188,331.83204102438407,dxy_raw_candidates/images/GP_IIa_14.0mm_closed_R5_single_refY_005-raw04-08.jpg,dxy_raw_candidates/masks/GP_IIa_14.0mm_closed_R5_single_refY_005-raw04-08.png,dxy_raw_candidates/ring_fit/json/GP_IIa_14.0mm_closed_R5_single_refY_005-raw04-08.json,circle,B,ok,
750.3655673096868,1135.3718244803697,7117.051020408163,38.16872018253474,68.11131639722863,112.88404452690168,48210.0,2165.0,2156.0,0.5637254901960784,4.0,942.2467727661132,1.0,GP_IIa_14.0mm_closed_R5_single_refY,GP_IIa_14.0mm_closed_R5_single_refY_005,4,696,GP_IIa_14.0mm_closed_R5_single_refY_005-raw04-09,22.278204169773755,6.937974003871805,True,109.41397857666016,0.8217784172859753,0.5436490178108215,14.57278792037631,318.8933410644537,dxy_raw_candidates/images/GP_IIa_14.0mm_closed_R5_single_refY_005-raw04-09.jpg,dxy_raw_candidates/masks/GP_IIa_14.0mm_closed_R5_single_refY_005-raw04-09.png,dxy_raw_candidates/ring_fit/json/GP_IIa_14.0mm_closed_R5_single_refY_005-raw04-09.json,ellipse,B,ok,
602.7127210075071,376.0008826125331,9789.319597069598,30.79238626574229,20.05207413945278,136.61813186813183,48754.0,2266.0,2184.0,0.5540540540540541,5.0,965.3594245910645,1.0,GP_IIa_14.0mm_closed_R5_single_refY,GP_IIa_14.0mm_closed_R5_single_refY_005,4,737,GP_IIa_14.0mm_closed_R5_single_refY_005-raw04-14,22.19760612314012,6.989008966006106,True,110.96926879882812,0.8240007284665439,0.5965120196342468,14.431440325324973,320.2892761230471,dxy_raw_candidates/images/GP_IIa_14.0mm_closed_R5_single_refY_005-raw04-14.jpg,dxy_raw_candidates/masks/GP_IIa_14.0mm_closed_R5_single_refY_005-raw04-14.png,dxy_raw_candidates/ring_fit/json/GP_IIa_14.0mm_closed_R5_single_refY_005-raw04-14.json,ellipse,A,ok,
698.3630650412659,306.76657329598504,10715.641868512112,38.59087983645037,15.828664799253035,154.26340830449826,52828.0,2142.0,2312.0,0.5832167832167832,7.0,969.4894580841064,1.0,GP_IIa_14.0mm_closed_R5_single_refY,GP_IIa_14.0mm_closed_R5_single_refY_005,5,1011,GP_IIa_14.0mm_closed_R5_single_refY_005-raw05-24,24.897114998353555,6.911730382288646,True,119.56922912597656,0.7888180178875948,0.6249284148216248,14.381033701888787,343.9058227539065,dxy_raw_candidates/images/GP_IIa_14.0mm_closed_R5_single_refY_005-raw05-24.jpg,dxy_raw_candidates/masks/GP_IIa_14.0mm_closed_R5_single_refY_005-raw05-24.png,dxy_raw_candidates/ring_fit/json/GP_IIa_14.0mm_closed_R5_single_refY_005-raw05-24.json,ellipse,B,ok,
697.7743762032388,321.0421585160202,9180.793402777776,33.157600694575514,12.390809443507589,139.93359375,52982.0,2372.0,2304.0,0.558898847631242,14.0,1010.1879439353944,1.0,GP_IIa_14.0mm_closed_R5_single_refY,GP_IIa_14.0mm_closed_R5_single_refY_005,5,1003,GP_IIa_14.0mm_closed_R5_single_refY_005-raw05-23,24.48763226386177,6.9165525412861255,True,117.85911560058594,0.784962610080094,0.7811772227287292,14.664159766649858,345.6609802246099,dxy_raw_candidates/images/GP_IIa_14.0mm_closed_R5_single_refY_005-raw05-23.jpg,dxy_raw_candidates/masks/GP_IIa_14.0mm_closed_R5_single_refY_005-raw05-23.png,dxy_raw_candidates/ring_fit/json/GP_IIa_14.0mm_closed_R5_single_refY_005-raw05-23.json,ellipse,B,ok,
681.5964755077658,342.7855626326964,9116.04168475901,34.35487604540024,24.171549893842887,150.13808076422058,53568.0,2355.0,2303.0,0.5549904640813732,8.0,1013.7025909423828,1.0,GP_IIa_14.0mm_closed_R5_single_refY,GP_IIa_14.0mm_closed_R5_single_refY_005,5,971,GP_IIa_14.0mm_closed_R5_single_refY_005-raw05-19,23.20847414539008,6.929263210419553,True,117.9574203491211,0.7892208450976376,0.6757702231407166,14.75610466780265,348.11840820312574,dxy_raw_candidates/images/GP_IIa_14.0mm_closed_R5_single_refY_005-raw05-19.jpg,dxy_raw_candidates/masks/GP_IIa_14.0mm_closed_R5_single_refY_005-raw05-19.png,dxy_raw_candidates/ring_fit/json/GP_IIa_14.0mm_closed_R5_single_refY_005-raw05-19.json,ellipse,A,ok,
429.8347304217359,3570.932307692308,91940.3412462908,14.1604096676343,87.18974358974359,1575.623887240356,61318.0,1950.0,2696.0,0.6325385694249649,2.0,1040.0041198730469,1.0,GP_IIa_22.0mm_closed_R10_single_refY,GP_IIa_22.0mm_closed_R10_single_refY_005,1,240,GP_IIa_22.0mm_closed_R10_single_refY_005-raw01-21,26.33966459671657,7.877061983619088,True,186.12234497070312,0.3767377401134207,0.7043060660362244,23.1392783926562,430.6736755371098,dxy_raw_candidates/images/GP_IIa_22.0mm_closed_R10_single_refY_005-raw01-21.jpg,dxy_raw_candidates/masks/GP_IIa_22.0mm_closed_R10_single_refY_005-raw01-21.png,dxy_raw_candidates/ring_fit/json/GP_IIa_22.0mm_closed_R10_single_refY_005-raw01-21.json,ellipse,B,ok,
378.8755906030325,3864.7461617195495,76378.5314477112,11.219547931448892,71.12691914022518,1266.515444733904,60743.0,1954.0,2687.0,0.6348314606741573,2.0,1042.4183959960938,1.0,GP_IIa_22.0mm_closed_R10_single_refY,GP_IIa_22.0mm_closed_R10_single_refY_005,1,222,GP_IIa_22.0mm_closed_R10_single_refY_005-raw01-19,24.75059338958057,7.889859579834152,True,185.15171813964844,0.3671861557631085,0.7415921092033386,23.59859645167014,436.932067871094,dxy_raw_candidates/images/GP_IIa_22.0mm_closed_R10_single_refY_005-raw01-19.jpg,dxy_raw_candidates/masks/GP_IIa_22.0mm_closed_R10_single_refY_005-raw01-19.png,dxy_raw_candidates/ring_fit/json/GP_IIa_22.0mm_closed_R10_single_refY_005-raw01-19.json,ellipse,A,ok,
401.5551996339092,3050.6437371663246,80172.87295690936,12.487554545900274,71.36755646817248,1344.0118870728083,61187.0,1948.0,2692.0,0.6348983882270498,2.0,1042.7615356445312,1.0,GP_IIa_22.0mm_closed_R10_single_refY,GP_IIa_22.0mm_closed_R10_single_refY_005,1,231,GP_IIa_22.0mm_closed_R10_single_refY_005-raw01-20,24.73341254277995,7.880286156974371,True,186.12355041503903,0.3725554694491307,0.7742722630500793,23.34768429010068,434.5553894042977,dxy_raw_candidates/images/GP_IIa_22.0mm_closed_R10_single_refY_005-raw01-20.jpg,dxy_raw_candidates/masks/GP_IIa_22.0mm_closed_R10_single_refY_005-raw01-20.png,dxy_raw_candidates/ring_fit/json/GP_IIa_22.0mm_closed_R10_single_refY_005-raw01-20.json,ellipse,B,ok,
346.4216735924387,4448.609366958312,97973.64328358207,11.649018169966594,95.47349459598558,1625.0992537313432,61365.0,1943.0,2680.0,0.6224703419399861,3.0,1024.861997961998,1.0,GP_IIa_22.0mm_closed_R10_single_refY,GP_IIa_22.0mm_closed_R10_single_refY_005,2,321,GP_IIa_22.0mm_closed_R10_single_refY_005-raw02-06,29.03789129604646,7.899938285254717,True,184.33563232421875,0.422753358486957,1.1311928033828735,22.94872779708326,423.026824951172,dxy_raw_candidates/images/GP_IIa_22.0mm_closed_R10_single_refY_005-raw02-06.jpg,dxy_raw_candidates/masks/GP_IIa_22.0mm_closed_R10_single_refY_005-raw02-06.png,dxy_raw_candidates/ring_fit/json/GP_IIa_22.0mm_closed_R10_single_refY_005-raw02-06.json,ellipse,B,ok,
319.0866139313417,5264.680701754386,109275.3060781476,11.533031257199909,119.91629072681704,1824.314037626628,65105.0,1995.0,2764.0,0.6150202976995941,4.0,1049.9746978282928,1.0,GP_IIa_22.0mm_closed_R10_single_refY,GP_IIa_22.0mm_closed_R10_single_refY_005,2,447,GP_IIa_22.0mm_closed_R10_single_refY_005-raw02-20,28.67986975519627,7.874979083731198,True,189.1309509277344,0.4647244310861724,0.6006909608840942,22.43206593428935,424.2597961425788,dxy_raw_candidates/images/GP_IIa_22.0mm_closed_R10_single_refY_005-raw02-20.jpg,dxy_raw_candidates/masks/GP_IIa_22.0mm_closed_R10_single_refY_005-raw02-20.png,dxy_raw_candidates/ring_fit/json/GP_IIa_22.0mm_closed_R10_single_refY_005-raw02-20.json,ellipse,B,ok,
364.7892602206359,4653.339853300734,101673.15761886934,13.453520441271902,102.41418092909537,1712.0355672032947,61640.0,2045.0,2671.0,0.6044325050369376,8.0,1031.175733923912,1.0,GP_IIa_22.0mm_closed_R10_single_refY,GP_IIa_22.0mm_closed_R10_single_refY_005,2,330,GP_IIa_22.0mm_closed_R10_single_refY_005-raw02-07,28.5610112801964,7.894351227659213,True,183.7385406494141,0.4291639721320951,0.9270924925804138,22.987389682455383,422.3669433593754,dxy_raw_candidates/images/GP_IIa_22.0mm_closed_R10_single_refY_005-raw02-07.jpg,dxy_raw_candidates/masks/GP_IIa_22.0mm_closed_R10_single_refY_005-raw02-07.png,dxy_raw_candidates/ring_fit/json/GP_IIa_22.0mm_closed_R10_single_refY_005-raw02-07.json,ellipse,A,ok,
347.5665540353404,2000.2093896713616,101150.62087912088,12.98566720212707,75.12018779342723,2079.6490384615386,72212.0,2130.0,2912.0,0.6122186495176849,5.0,1106.0579787492752,1.0,GP_IIa_22.0mm_closed_R10_single_refY,GP_IIa_22.0mm_closed_R10_single_refY_005,3,663,GP_IIa_22.0mm_closed_R10_single_refY_005-raw03-20,24.06417200554623,7.760736742657178,True,199.27316284179688,0.4531107449681018,0.848102867603302,22.546779885334622,449.2968139648443,dxy_raw_candidates/images/GP_IIa_22.0mm_closed_R10_single_refY_005-raw03-20.jpg,dxy_raw_candidates/masks/GP_IIa_22.0mm_closed_R10_single_refY_005-raw03-20.png,dxy_raw_candidates/ring_fit/json/GP_IIa_22.0mm_closed_R10_single_refY_005-raw03-20.json,ellipse,A,ok,
360.05865184155664,2385.73590225564,89048.01650618982,12.071369006254344,81.09633458646617,1813.273039889959,71950.0,2128.0,2908.0,0.6170212765957447,3.0,1112.64370572567,1.0,GP_IIa_22.0mm_closed_R10_single_refY,GP_IIa_22.0mm_closed_R10_single_refY_005,3,654,GP_IIa_22.0mm_closed_R10_single_refY_005-raw03-19,23.88014643585652,7.772635399320957,True,198.9358062744141,0.4492167070396287,0.8041432499885559,22.6499830450064,450.5892639160162,dxy_raw_candidates/images/GP_IIa_22.0mm_closed_R10_single_refY_005-raw03-19.jpg,dxy_raw_candidates/masks/GP_IIa_22.0mm_closed_R10_single_refY_005-raw03-19.png,dxy_raw_candidates/ring_fit/json/GP_IIa_22.0mm_closed_R10_single_refY_005-raw03-19.json,ellipse,A,ok,
340.72300914736746,4055.941970985493,102501.08393632415,11.360877413038825,84.3991995997999,1848.253979739508,65374.0,1999.0,2764.0,0.616271186440678,2.0,1051.5604553222656,1.0,GP_IIa_22.0mm_closed_R10_single_refY,GP_IIa_22.0mm_closed_R10_single_refY_005,3,492,GP_IIa_22.0mm_closed_R10_single_refY_005-raw03-01,23.22269422740113,7.83870039000877,True,188.6334686279297,0.4609450947757659,0.7252408266067505,22.66906525275307,427.61444091796926,dxy_raw_candidates/images/GP_IIa_22.0mm_closed_R10_single_refY_005-raw03-01.jpg,dxy_raw_candidates/masks/GP_IIa_22.0mm_closed_R10_single_refY_005-raw03-01.png,dxy_raw_candidates/ring_fit/json/GP_IIa_22.0mm_closed_R10_single_refY_005-raw03-01.json,ellipse,A,ok,
394.9750723529733,2552.6601307189544,104385.587431694,15.147545459509638,114.98879551820728,2560.5157103825136,73252.0,2142.0,2928.0,0.6157793457344451,3.0,1116.886442542076,1.0,GP_IIa_22.0mm_closed_R10_single_refY,GP_IIa_22.0mm_closed_R10_single_refY_005,4,753,GP_IIa_22.0mm_closed_R10_single_refY_005-raw04-06,26.989337022304536,7.775861836174546,True,200.4140167236328,0.4569642079014611,0.787249743938446,22.59085558436808,452.75241088867256,dxy_raw_candidates/images/GP_IIa_22.0mm_closed_R10_single_refY_005-raw04-06.jpg,dxy_raw_candidates/masks/GP_IIa_22.0mm_closed_R10_single_refY_005-raw04-06.png,dxy_raw_candidates/ring_fit/json/GP_IIa_22.0mm_closed_R10_single_refY_005-raw04-06.json,ellipse,A,ok,
398.90766624895,2357.500934579439,100226.02051983585,15.12549403032348,88.57149532710281,2434.4186046511627,72617.0,2140.0,2924.0,0.6169665809768637,4.0,1117.129025220871,1.0,GP_IIa_22.0mm_closed_R10_single_refY,GP_IIa_22.0mm_closed_R10_single_refY_005,4,744,GP_IIa_22.0mm_closed_R10_single_refY_005-raw04-05,26.61990123183521,7.769885081636711,True,199.9667053222656,0.4522676282447296,0.8867076635360718,22.54342878430232,450.7935180664069,dxy_raw_candidates/images/GP_IIa_22.0mm_closed_R10_single_refY_005-raw04-05.jpg,dxy_raw_candidates/masks/GP_IIa_22.0mm_closed_R10_single_refY_005-raw04-05.png,dxy_raw_candidates/ring_fit/json/GP_IIa_22.0mm_closed_R10_single_refY_005-raw04-05.json,ellipse,B,ok,
375.3870846166842,2445.228948566227,101203.87483530962,15.062042704718833,78.53072371415567,2223.9179841897235,76947.0,2197.0,3036.0,0.6149532710280374,4.0,1150.342190504074,1.0,GP_IIa_22.0mm_closed_R10_single_refY,GP_IIa_22.0mm_closed_R10_single_refY_005,4,789,GP_IIa_22.0mm_closed_R10_single_refY_005-raw04-10,26.252673505147307,7.766903977679556,True,205.3352813720703,0.4600159075554393,0.8151376843452454,22.3937424299723,459.8225402832037,dxy_raw_candidates/images/GP_IIa_22.0mm_closed_R10_single_refY_005-raw04-10.jpg,dxy_raw_candidates/masks/GP_IIa_22.0mm_closed_R10_single_refY_005-raw04-10.png,dxy_raw_candidates/ring_fit/json/GP_IIa_22.0mm_closed_R10_single_refY_005-raw04-10.json,ellipse,A,ok,
318.4373305968568,1903.5699658703072,74038.70727272728,12.00026769879424,61.91211604095563,1510.260909090909,89653.0,2344.0,3300.0,0.6230366492146597,3.0,1244.040739417076,1.0,GP_IIa_22.0mm_closed_R10_single_refY,GP_IIa_22.0mm_closed_R10_single_refY_005,5,924,GP_IIa_22.0mm_closed_R10_single_refY_005-raw05-01,22.842523288001527,7.7321763823858225,True,223.5740661621093,0.4444735091493099,0.8599578142166138,22.257499411349187,497.6199645996104,dxy_raw_candidates/images/GP_IIa_22.0mm_closed_R10_single_refY_005-raw05-01.jpg,dxy_raw_candidates/masks/GP_IIa_22.0mm_closed_R10_single_refY_005-raw05-01.png,dxy_raw_candidates/ring_fit/json/GP_IIa_22.0mm_closed_R10_single_refY_005-raw05-01.json,ellipse,B,ok,
306.46198389546254,1606.2662746745066,58199.61873311318,12.230609546909657,52.52750944981101,1056.8354848393876,91527.0,2381.0,3331.0,0.621046578493387,4.0,1254.52602994442,1.0,GP_IIa_22.0mm_closed_R10_single_refY,GP_IIa_22.0mm_closed_R10_single_refY_005,5,942,GP_IIa_22.0mm_closed_R10_single_refY_005-raw05-03,19.45218510604672,7.680378556071439,True,225.2301177978516,0.4491390182054666,0.7989360094070435,22.279660403202264,501.80505371093847,dxy_raw_candidates/images/GP_IIa_22.0mm_closed_R10_single_refY_005-raw05-03.jpg,dxy_raw_candidates/masks/GP_IIa_22.0mm_closed_R10_single_refY_005-raw05-03.png,dxy_raw_candidates/ring_fit/json/GP_IIa_22.0mm_closed_R10_single_refY_005-raw05-03.json,ellipse,B,ok,
283.454241574578,1510.9219015280137,73195.80857487922,11.095992083127165,46.3081494057725,1257.600845410628,90945.0,2356.0,3312.0,0.6212471131639723,2.0,1249.62646484375,1.0,GP_IIa_22.0mm_closed_R10_single_refY,GP_IIa_22.0mm_closed_R10_single_refY_005,5,933,GP_IIa_22.0mm_closed_R10_single_refY_005-raw05-02,19.447987034125383,7.67038547937403,True,224.7967834472656,0.4461731648804407,1.0555890798568726,22.23514591968848,499.8389282226568,dxy_raw_candidates/images/GP_IIa_22.0mm_closed_R10_single_refY_005-raw05-02.jpg,dxy_raw_candidates/masks/GP_IIa_22.0mm_closed_R10_single_refY_005-raw05-02.png,dxy_raw_candidates/ring_fit/json/GP_IIa_22.0mm_closed_R10_single_refY_005-raw05-02.json,ellipse,A,ok,
305.4911035646745,991.5426271496524,79160.4431693989,12.160745877137686,37.10537870472009,1179.7459016393443,98354.0,2733.0,3660.0,0.5356277266117305,2.0,1300.5797424316406,1.0,GP_IIa_22.0mm_closed_R10_single_refY,GP_IIa_22.0mm_closed_R10_single_refY_006,1,104,GP_IIa_22.0mm_closed_R10_single_refY_006-raw01-12,23.011179376191272,7.53594704417446,True,227.02691650390625,0.7093409826361405,0.5890026092529297,20.86004738670113,473.5792236328134,dxy_raw_candidates/images/GP_IIa_22.0mm_closed_R10_single_refY_006-raw01-12.jpg,dxy_raw_candidates/masks/GP_IIa_22.0mm_closed_R10_single_refY_006-raw01-12.png,dxy_raw_candidates/ring_fit/json/GP_IIa_22.0mm_closed_R10_single_refY_006-raw01-12.json,ellipse,A,ok,
301.655387373439,857.993413830955,80189.70810514786,13.39181453337951,30.92718624222466,1200.9671412924424,98174.0,2733.0,3652.0,0.5393203883495146,2.0,1306.16552734375,1.0,GP_IIa_22.0mm_closed_R10_single_refY,GP_IIa_22.0mm_closed_R10_single_refY_006,1,86,GP_IIa_22.0mm_closed_R10_single_refY_006-raw01-09,22.82697806260733,7.536367253622106,True,226.8495483398437,0.7102689438952889,0.5541155934333801,20.95482205599963,475.3591918945312,dxy_raw_candidates/images/GP_IIa_22.0mm_closed_R10_single_refY_006-raw01-09.jpg,dxy_raw_candidates/masks/GP_IIa_22.0mm_closed_R10_single_refY_006-raw01-09.png,dxy_raw_candidates/ring_fit/json/GP_IIa_22.0mm_closed_R10_single_refY_006-raw01-09.json,ellipse,A,ok,
286.624204599831,837.4152046783626,79868.81673960613,12.878518850347684,35.521929824561404,1214.2311269146608,98221.0,2736.0,3656.0,0.5385735080058224,2.0,1305.994110107422,1.0,GP_IIa_22.0mm_closed_R10_single_refY,GP_IIa_22.0mm_closed_R10_single_refY_006,1,98,GP_IIa_22.0mm_closed_R10_single_refY_006-raw01-11,22.55180337997248,7.534310411837643,True,226.93801879882807,0.7092370943191646,0.5883315801620483,20.904039035515623,474.3921203613289,dxy_raw_candidates/images/GP_IIa_22.0mm_closed_R10_single_refY_006-raw01-11.jpg,dxy_raw_candidates/masks/GP_IIa_22.0mm_closed_R10_single_refY_006-raw01-11.png,dxy_raw_candidates/ring_fit/json/GP_IIa_22.0mm_closed_R10_single_refY_006-raw01-11.json,ellipse,A,ok,
239.23384974308053,590.7369519832986,88342.32996811903,9.654445719133513,26.809324982602643,1277.3868225292242,103729.0,2874.0,3764.0,0.5281264528126453,4.0,1335.792984008789,1.0,GP_IIa_22.0mm_closed_R10_single_refY,GP_IIa_22.0mm_closed_R10_single_refY_006,2,258,GP_IIa_22.0mm_closed_R10_single_refY_006-raw02-14,23.05516599087068,7.417201215825813,True,230.1972045898437,0.7395651864109083,0.6889108419418335,20.774275622946632,478.2180175781251,dxy_raw_candidates/images/GP_IIa_22.0mm_closed_R10_single_refY_006-raw02-14.jpg,dxy_raw_candidates/masks/GP_IIa_22.0mm_closed_R10_single_refY_006-raw02-14.png,dxy_raw_candidates/ring_fit/json/GP_IIa_22.0mm_closed_R10_single_refY_006-raw02-14.json,ellipse,A,ok,
262.898225308642,687.6332637439109,89121.77311370883,11.438261959876543,27.94989561586639,1217.5895324123271,103680.0,2874.0,3764.0,0.5281264528126453,3.0,1339.2782545089722,1.0,GP_IIa_22.0mm_closed_R10_single_refY,GP_IIa_22.0mm_closed_R10_single_refY_006,2,264,GP_IIa_22.0mm_closed_R10_single_refY_006-raw02-15,23.00395805980071,7.411344469834825,True,230.0719146728516,0.7452737854766998,0.6296527981758118,20.76432851507492,477.7288818359378,dxy_raw_candidates/images/GP_IIa_22.0mm_closed_R10_single_refY_006-raw02-15.jpg,dxy_raw_candidates/masks/GP_IIa_22.0mm_closed_R10_single_refY_006-raw02-15.png,dxy_raw_candidates/ring_fit/json/GP_IIa_22.0mm_closed_R10_single_refY_006-raw02-15.json,ellipse,A,ok,
257.57616648497884,490.488858416181,56868.690322580645,10.904677725071938,21.157010627356872,654.3301075268818,101823.0,2917.0,3720.0,0.512396694214876,4.0,1315.7930269241333,1.0,GP_IIa_22.0mm_closed_R10_single_refY,GP_IIa_22.0mm_closed_R10_single_refY_006,2,287,GP_IIa_22.0mm_closed_R10_single_refY_006-raw02-19,19.929903091825075,7.372702490443918,True,226.5418395996093,0.7576767355417069,0.8226746916770935,20.808496410569767,471.3995056152344,dxy_raw_candidates/images/GP_IIa_22.0mm_closed_R10_single_refY_006-raw02-19.jpg,dxy_raw_candidates/masks/GP_IIa_22.0mm_closed_R10_single_refY_006-raw02-19.png,dxy_raw_candidates/ring_fit/json/GP_IIa_22.0mm_closed_R10_single_refY_006-raw02-19.json,ellipse,A,ok,
245.63024301013937,471.5937172774869,78079.36489361702,11.05272267734036,21.330890052356025,1253.9058510638297,101683.0,2865.0,3760.0,0.5173050299953853,6.0,1312.5797882080078,1.0,GP_IIa_22.0mm_closed_R10_single_refY,GP_IIa_22.0mm_closed_R10_single_refY_006,3,424,GP_IIa_22.0mm_closed_R10_single_refY_006-raw03-18,24.914084835333888,7.246355190823408,True,225.2893218994141,0.7648343317326664,0.8879954218864441,21.021967398827503,473.602478027344,dxy_raw_candidates/images/GP_IIa_22.0mm_closed_R10_single_refY_006-raw03-18.jpg,dxy_raw_candidates/masks/GP_IIa_22.0mm_closed_R10_single_refY_006-raw03-18.png,dxy_raw_candidates/ring_fit/json/GP_IIa_22.0mm_closed_R10_single_refY_006-raw03-18.json,ellipse,A,ok,
245.75935665903123,466.2938917975568,78087.76489361702,11.056970674112014,21.44118673647469,1253.7226063829787,101719.0,2865.0,3760.0,0.5170821791320406,6.0,1311.9939727783203,1.0,GP_IIa_22.0mm_closed_R10_single_refY,GP_IIa_22.0mm_closed_R10_single_refY_006,3,429,GP_IIa_22.0mm_closed_R10_single_refY_006-raw03-19,24.90109985611056,7.246395927377131,True,225.2979888916016,0.7648229647656445,0.8890576362609863,21.024952778942875,473.6879577636728,dxy_raw_candidates/images/GP_IIa_22.0mm_closed_R10_single_refY_006-raw03-19.jpg,dxy_raw_candidates/masks/GP_IIa_22.0mm_closed_R10_single_refY_006-raw03-19.png,dxy_raw_candidates/ring_fit/json/GP_IIa_22.0mm_closed_R10_single_refY_006-raw03-19.json,ellipse,A,ok,
206.5186643971182,456.1931659693166,83253.10599571734,10.1552529490935,20.782775453277544,1418.0034796573875,101048.0,2868.0,3736.0,0.5088757396449705,6.0,1307.9229221343994,1.0,GP_IIa_22.0mm_closed_R10_single_refY,GP_IIa_22.0mm_closed_R10_single_refY_006,3,453,GP_IIa_22.0mm_closed_R10_single_refY_006-raw03-23,24.69252487478256,7.163991227315909,True,222.872787475586,0.7760273311897106,0.7691255211830139,20.94905646516604,466.89746093750017,dxy_raw_candidates/images/GP_IIa_22.0mm_closed_R10_single_refY_006-raw03-23.jpg,dxy_raw_candidates/masks/GP_IIa_22.0mm_closed_R10_single_refY_006-raw03-23.png,dxy_raw_candidates/ring_fit/json/GP_IIa_22.0mm_closed_R10_single_refY_006-raw03-23.json,ellipse,A,ok,
182.55698417924413,495.75280898876406,70036.04954428604,8.465802561125647,25.28566564521621,1274.5129703201685,115418.0,2937.0,4279.0,0.4929810074318745,3.0,1392.3077278137207,1.0,GP_IIa_22.0mm_closed_R10_single_refY,GP_IIa_22.0mm_closed_R10_single_refY_006,4,595,GP_IIa_22.0mm_closed_R10_single_refY_006-raw04-23,28.87214193835672,7.038272681078729,True,239.19583129882807,0.807030562668304,0.9302016496658324,20.59269052990641,492.5685729980469,dxy_raw_candidates/images/GP_IIa_22.0mm_closed_R10_single_refY_006-raw04-23.jpg,dxy_raw_candidates/masks/GP_IIa_22.0mm_closed_R10_single_refY_006-raw04-23.png,dxy_raw_candidates/ring_fit/json/GP_IIa_22.0mm_closed_R10_single_refY_006-raw04-23.json,ellipse,A,ok,
188.8210756401308,672.4374193548387,95752.03664122138,9.591409206127622,31.10258064516129,1853.042748091603,108884.0,3100.0,3930.0,0.4758534554537885,5.0,1337.650943160057,1.0,GP_IIa_22.0mm_closed_R10_single_refY,GP_IIa_22.0mm_closed_R10_single_refY_006,4,495,GP_IIa_22.0mm_closed_R10_single_refY_006-raw04-06,26.779995412751184,7.167289654687203,True,229.5748748779297,0.8015592518636544,0.8202861547470093,20.86449569799285,478.99639892578176,dxy_raw_candidates/images/GP_IIa_22.0mm_closed_R10_single_refY_006-raw04-06.jpg,dxy_raw_candidates/masks/GP_IIa_22.0mm_closed_R10_single_refY_006-raw04-06.png,dxy_raw_candidates/ring_fit/json/GP_IIa_22.0mm_closed_R10_single_refY_006-raw04-06.json,ellipse,A,ok,
192.90275981026303,489.6245186136072,92237.58082329316,10.034165229265488,28.573491655969192,1653.6701807228917,111312.0,3116.0,3984.0,0.4809602649006622,3.0,1356.994026184082,1.0,GP_IIa_22.0mm_closed_R10_single_refY,GP_IIa_22.0mm_closed_R10_single_refY_006,4,512,GP_IIa_22.0mm_closed_R10_single_refY_006-raw04-09,26.263583781601472,7.163989494292546,True,231.7359313964844,0.8059339536061513,0.8284934163093567,20.737400808557503,480.5600891113288,dxy_raw_candidates/images/GP_IIa_22.0mm_closed_R10_single_refY_006-raw04-09.jpg,dxy_raw_candidates/masks/GP_IIa_22.0mm_closed_R10_single_refY_006-raw04-09.png,dxy_raw_candidates/ring_fit/json/GP_IIa_22.0mm_closed_R10_single_refY_006-raw04-09.json,ellipse,A,ok,
162.1890140263371,467.1243469174504,76828.01865136299,8.229790478611028,18.946708463949843,1296.4650884744142,125906.0,2871.0,4182.0,0.4648221343873517,9.0,1358.7808207273483,1.0,GP_IIa_22.0mm_closed_R10_single_refY,GP_IIa_22.0mm_closed_R10_single_refY_006,5,729,GP_IIa_22.0mm_closed_R10_single_refY_006-raw05-21,41.19340725262959,6.995786222169808,True,251.6222381591797,0.8486431008353801,0.876344621181488,20.45393068598144,514.6663818359375,dxy_raw_candidates/images/GP_IIa_22.0mm_closed_R10_single_refY_006-raw05-21.jpg,dxy_raw_candidates/masks/GP_IIa_22.0mm_closed_R10_single_refY_006-raw05-21.png,dxy_raw_candidates/ring_fit/json/GP_IIa_22.0mm_closed_R10_single_refY_006-raw05-21.json,ellipse,A,ok,
170.83648809997612,453.3835327234342,78887.43948742287,8.4628512298018,21.184377199155524,1343.9523018509728,125630.0,2842.0,4214.0,0.4770604953308973,13.0,1356.6803493499756,1.0,GP_IIa_22.0mm_closed_R10_single_refY,GP_IIa_22.0mm_closed_R10_single_refY_006,5,723,GP_IIa_22.0mm_closed_R10_single_refY_006-raw05-20,40.52400660158793,6.992580886895113,True,251.070068359375,0.8491426455242791,0.8432765603065491,20.48399040046364,514.2916870117194,dxy_raw_candidates/images/GP_IIa_22.0mm_closed_R10_single_refY_006-raw05-20.jpg,dxy_raw_candidates/masks/GP_IIa_22.0mm_closed_R10_single_refY_006-raw05-20.png,dxy_raw_candidates/ring_fit/json/GP_IIa_22.0mm_closed_R10_single_refY_006-raw05-20.json,ellipse,A,ok,
166.08387157755442,479.41147483280537,76324.07438016529,8.088621254607895,19.17423442449841,1290.863879436072,126956.0,2841.0,4114.0,0.4470355731225296,10.0,1308.2244886159897,1.0,GP_IIa_22.0mm_closed_R10_single_refY,GP_IIa_22.0mm_closed_R10_single_refY_006,5,747,GP_IIa_22.0mm_closed_R10_single_refY_006-raw05-24,39.23599497221016,6.983239637411392,True,253.6562042236328,0.8488861606137671,0.9085696935653688,20.406076585156303,517.6127929687502,dxy_raw_candidates/images/GP_IIa_22.0mm_closed_R10_single_refY_006-raw05-24.jpg,dxy_raw_candidates/masks/GP_IIa_22.0mm_closed_R10_single_refY_006-raw05-24.png,dxy_raw_candidates/ring_fit/json/GP_IIa_22.0mm_closed_R10_single_refY_006-raw05-24.json,ellipse,A,ok,
254.9278286678197,1334.0291651476489,53386.397208803006,9.944825230072812,38.06124681006197,700.9039184111648,93666.0,2743.0,1863.0,0.6962616822429907,3.0,1221.0112762451172,1.0,GP_IIa_22.0mm_closed_R5_single_refY,GP_IIa_22.0mm_closed_R5_single_refY_004,1,129,GP_IIa_22.0mm_closed_R5_single_refY_004-raw01-08,15.06349500782224,7.846419287257736,True,104.93380737304688,0.5222830809289776,0.5464966893196106,22.31245515812116,468.2661743164065,dxy_raw_candidates/images/GP_IIa_22.0mm_closed_R5_single_refY_004-raw01-08.jpg,dxy_raw_candidates/masks/GP_IIa_22.0mm_closed_R5_single_refY_004-raw01-08.png,dxy_raw_candidates/ring_fit/json/GP_IIa_22.0mm_closed_R5_single_refY_004-raw01-08.json,ellipse,B,ok,
251.01425944929025,1382.2474452554743,52908.48494623656,9.69284462117325,38.2007299270073,693.5236559139785,93552.0,2740.0,1860.0,0.696,3.0,1221.5970916748047,1.0,GP_IIa_22.0mm_closed_R5_single_refY,GP_IIa_22.0mm_closed_R5_single_refY_004,1,120,GP_IIa_22.0mm_closed_R5_single_refY_004-raw01-07,14.808000212915449,7.845611987370245,True,104.94279479980467,0.5220537913398626,0.5406719446182251,22.29453709478009,467.9302062988292,dxy_raw_candidates/images/GP_IIa_22.0mm_closed_R5_single_refY_004-raw01-07.jpg,dxy_raw_candidates/masks/GP_IIa_22.0mm_closed_R5_single_refY_004-raw01-07.png,dxy_raw_candidates/ring_fit/json/GP_IIa_22.0mm_closed_R5_single_refY_004-raw01-07.json,ellipse,B,ok,
225.76120662377383,1253.142960028808,48879.686170212764,9.91929121400696,32.61577241627656,537.5356382978723,94810.0,2777.0,1880.0,0.6889325474787165,5.0,1227.5969467163086,1.0,GP_IIa_22.0mm_closed_R5_single_refY,GP_IIa_22.0mm_closed_R5_single_refY_004,1,110,GP_IIa_22.0mm_closed_R5_single_refY_004-raw01-06,14.18064645225619,7.854040170296413,True,106.03508758544922,0.5168564429575108,0.545917809009552,22.22216338180017,471.2658081054693,dxy_raw_candidates/images/GP_IIa_22.0mm_closed_R5_single_refY_004-raw01-06.jpg,dxy_raw_candidates/masks/GP_IIa_22.0mm_closed_R5_single_refY_004-raw01-06.png,dxy_raw_candidates/ring_fit/json/GP_IIa_22.0mm_closed_R5_single_refY_004-raw01-06.json,ellipse,B,ok,
244.90672970526103,902.2114760014435,49390.74408828166,10.084347651141735,33.95092024539877,691.724119810825,99410.0,2771.0,1903.0,0.6454849498327759,5.0,1136.0407654047012,1.0,GP_IIa_22.0mm_closed_R5_single_refY,GP_IIa_22.0mm_closed_R5_single_refY_004,2,290,GP_IIa_22.0mm_closed_R5_single_refY_004-raw02-01,12.517698116583878,7.76130602760522,True,109.19932556152344,0.4553639531409065,0.8726824522018433,22.675337773966472,495.2263183593751,dxy_raw_candidates/images/GP_IIa_22.0mm_closed_R5_single_refY_004-raw02-01.jpg,dxy_raw_candidates/masks/GP_IIa_22.0mm_closed_R5_single_refY_004-raw02-01.png,dxy_raw_candidates/ring_fit/json/GP_IIa_22.0mm_closed_R5_single_refY_004-raw02-01.json,ellipse,A,ok,
239.2789083994174,1041.983375496928,35721.207188160675,8.386520877164589,29.799783158655583,458.4698731501057,98864.0,2767.0,1892.0,0.6411804158283032,1.0,1128.1412353515625,1.0,GP_IIa_22.0mm_closed_R5_single_refY,GP_IIa_22.0mm_closed_R5_single_refY_004,2,318,GP_IIa_22.0mm_closed_R5_single_refY_004-raw02-04,11.643232410797072,7.785949117446265,True,107.4212875366211,0.4528458463702574,0.5350696444511414,23.175271626130343,497.9035034179692,dxy_raw_candidates/images/GP_IIa_22.0mm_closed_R5_single_refY_004-raw02-04.jpg,dxy_raw_candidates/masks/GP_IIa_22.0mm_closed_R5_single_refY_004-raw02-04.png,dxy_raw_candidates/ring_fit/json/GP_IIa_22.0mm_closed_R5_single_refY_004-raw02-04.json,ellipse,B,ok,
217.33374741622453,660.7899891186072,24419.4817987152,7.817053426875337,17.210736307580703,247.7119914346895,98209.0,2757.0,1868.0,0.6437710437710438,2.0,1126.7269287109375,1.0,GP_IIa_22.0mm_closed_R5_single_refY,GP_IIa_22.0mm_closed_R5_single_refY_004,2,299,GP_IIa_22.0mm_closed_R5_single_refY_004-raw02-02,10.544071977138524,7.766810401668532,True,107.07527923583984,0.4576518027921385,0.7894015908241272,23.09646942539248,494.6121826171876,dxy_raw_candidates/images/GP_IIa_22.0mm_closed_R5_single_refY_004-raw02-02.jpg,dxy_raw_candidates/masks/GP_IIa_22.0mm_closed_R5_single_refY_004-raw02-02.png,dxy_raw_candidates/ring_fit/json/GP_IIa_22.0mm_closed_R5_single_refY_004-raw02-02.json,ellipse,B,ok,
168.91118992729207,501.40047473719903,18950.889867841408,6.6822663592835605,13.202441505595116,173.49290259422418,112780.0,2949.0,2043.0,0.6438356164383562,10.0,1211.2244811058044,1.0,GP_IIa_22.0mm_closed_R5_single_refY,GP_IIa_22.0mm_closed_R5_single_refY_004,3,517,GP_IIa_22.0mm_closed_R5_single_refY_004-raw03-01,8.906290998440022,7.653225241688039,True,115.1669921875,0.5002886581762139,0.6494827270507812,22.599025065504403,520.5323486328134,dxy_raw_candidates/images/GP_IIa_22.0mm_closed_R5_single_refY_004-raw03-01.jpg,dxy_raw_candidates/masks/GP_IIa_22.0mm_closed_R5_single_refY_004-raw03-01.png,dxy_raw_candidates/ring_fit/json/GP_IIa_22.0mm_closed_R5_single_refY_004-raw03-01.json,ellipse,B,ok,
144.48189838309926,513.0928270042194,25445.799582463467,5.716002301428065,12.739602169981916,200.08643006263048,135568.0,3318.0,2395.0,0.6293290043290043,6.0,1367.0063353776932,1.0,GP_IIa_22.0mm_closed_R5_single_refY,GP_IIa_22.0mm_closed_R5_single_refY_004,3,716,GP_IIa_22.0mm_closed_R5_single_refY_004-raw03-22,8.534427047687108,7.671215859161609,True,124.6614990234375,0.5826779498579518,0.5831643342971802,21.818447318764584,543.9840698242197,dxy_raw_candidates/images/GP_IIa_22.0mm_closed_R5_single_refY_004-raw03-22.jpg,dxy_raw_candidates/masks/GP_IIa_22.0mm_closed_R5_single_refY_004-raw03-22.png,dxy_raw_candidates/ring_fit/json/GP_IIa_22.0mm_closed_R5_single_refY_004-raw03-22.json,ellipse,A,ok,
185.6623363295048,677.9197324414715,28095.949416342413,7.122187347661361,20.56923076923077,288.7251945525292,116927.0,2990.0,2056.0,0.6892307692307692,13.0,1300.437690615654,1.0,GP_IIa_22.0mm_closed_R5_single_refY,GP_IIa_22.0mm_closed_R5_single_refY_004,3,545,GP_IIa_22.0mm_closed_R5_single_refY_004-raw03-04,8.48060537244538,7.66651748166568,True,118.00830841064452,0.4826743459644694,0.575297474861145,22.45572531199925,529.9924316406251,dxy_raw_candidates/images/GP_IIa_22.0mm_closed_R5_single_refY_004-raw03-04.jpg,dxy_raw_candidates/masks/GP_IIa_22.0mm_closed_R5_single_refY_004-raw03-04.png,dxy_raw_candidates/ring_fit/json/GP_IIa_22.0mm_closed_R5_single_refY_004-raw03-04.json,ellipse,B,ok,
167.2195080189487,525.5315263908702,51217.94324631101,7.948326294161292,20.659058487874464,488.0446462353386,140168.0,3505.0,2643.0,0.9954128440366972,1.0,1519.7047119140625,0.958153805979893,GP_IIa_22.0mm_closed_R5_single_refY,GP_IIa_22.0mm_closed_R5_single_refY_004,4,895,GP_IIa_22.0mm_closed_R5_single_refY_004-raw04-17,14.224070956741144,7.715980257500727,True,125.23149871826172,0.6767679611154908,0.6373770833015442,21.055156456764674,527.3537597656258,dxy_raw_candidates/images/GP_IIa_22.0mm_closed_R5_single_refY_004-raw04-17.jpg,dxy_raw_candidates/masks/GP_IIa_22.0mm_closed_R5_single_refY_004-raw04-17.png,dxy_raw_candidates/ring_fit/json/GP_IIa_22.0mm_closed_R5_single_refY_004-raw04-17.json,ellipse,A,ok,
167.93585816258707,501.040761678072,41005.91860869565,7.864780510360373,20.74590895566796,407.32660869565217,138412.0,3361.0,2875.0,1.0,1.0,1520.4620361328125,0.931012577817304,GP_IIa_22.0mm_closed_R5_single_refY,GP_IIa_22.0mm_closed_R5_single_refY_004,4,914,GP_IIa_22.0mm_closed_R5_single_refY_004-raw04-19,13.9051636542697,7.71301913747164,True,124.1602554321289,0.6846020814565454,0.6242717504501343,21.107207458700977,524.1352539062507,dxy_raw_candidates/images/GP_IIa_22.0mm_closed_R5_single_refY_004-raw04-19.jpg,dxy_raw_candidates/masks/GP_IIa_22.0mm_closed_R5_single_refY_004-raw04-19.png,dxy_raw_candidates/ring_fit/json/GP_IIa_22.0mm_closed_R5_single_refY_004-raw04-19.json,ellipse,A,ok,
160.99417748775076,530.64,52243.52635431918,6.931558016390921,18.305777777777777,550.1065153733529,136539.0,3375.0,2732.0,0.9953703703703703,1.0,1503.5625,0.9379364354238726,GP_IIa_22.0mm_closed_R5_single_refY,GP_IIa_22.0mm_closed_R5_single_refY_004,4,943,GP_IIa_22.0mm_closed_R5_single_refY_004-raw04-22,13.176326971547397,7.696892449113742,True,123.75160217285156,0.674234199155563,0.7445415258407593,21.07201993542688,521.5392456054691,dxy_raw_candidates/images/GP_IIa_22.0mm_closed_R5_single_refY_004-raw04-22.jpg,dxy_raw_candidates/masks/GP_IIa_22.0mm_closed_R5_single_refY_004-raw04-22.png,dxy_raw_candidates/ring_fit/json/GP_IIa_22.0mm_closed_R5_single_refY_004-raw04-22.json,ellipse,A,ok,
178.95681544028952,510.3969594594595,44473.10054347826,7.565158177360987,19.53913288288288,403.9809782608696,128495.0,3552.0,2208.0,1.0,1.0,1470.90576171875,1.0,GP_IIa_22.0mm_closed_R5_single_refY,GP_IIa_22.0mm_closed_R5_single_refY_004,5,1103,GP_IIa_22.0mm_closed_R5_single_refY_004-raw05-15,14.573216433432073,7.534435249091496,True,120.01179504394533,0.6510552510659119,0.5814550518989563,21.29167576276593,511.0504455566413,dxy_raw_candidates/images/GP_IIa_22.0mm_closed_R5_single_refY_004-raw05-15.jpg,dxy_raw_candidates/masks/GP_IIa_22.0mm_closed_R5_single_refY_004-raw05-15.png,dxy_raw_candidates/ring_fit/json/GP_IIa_22.0mm_closed_R5_single_refY_004-raw05-15.json,ellipse,A,ok,
191.46671202101064,503.4350574712644,45344.30688294608,7.838883966712021,20.07816091954023,435.40157825515126,126412.0,3480.0,2281.0,0.9959839357429718,1.0,1454.3909912109375,0.9976883623492018,GP_IIa_22.0mm_closed_R5_single_refY,GP_IIa_22.0mm_closed_R5_single_refY_004,5,1132,GP_IIa_22.0mm_closed_R5_single_refY_004-raw05-18,13.906939908176009,7.513869809843477,True,120.20032501220705,0.6408358199097577,0.734748125076294,21.149543535575003,508.436401367188,dxy_raw_candidates/images/GP_IIa_22.0mm_closed_R5_single_refY_004-raw05-18.jpg,dxy_raw_candidates/masks/GP_IIa_22.0mm_closed_R5_single_refY_004-raw05-18.png,dxy_raw_candidates/ring_fit/json/GP_IIa_22.0mm_closed_R5_single_refY_004-raw05-18.json,ellipse,A,ok,
191.68872436818265,410.9667042889391,41983.07818181818,8.428467694833383,19.654345372460497,414.2568181818182,126698.0,3544.0,2200.0,0.9951884522854852,2.0,1452.7342529296875,1.0,GP_IIa_22.0mm_closed_R5_single_refY,GP_IIa_22.0mm_closed_R5_single_refY_004,5,1141,GP_IIa_22.0mm_closed_R5_single_refY_004-raw05-19,13.37027075138327,7.511983599163992,True,119.97545623779295,0.6367093327455992,0.7927242517471313,21.22397852191321,509.27130126953136,dxy_raw_candidates/images/GP_IIa_22.0mm_closed_R5_single_refY_004-raw05-19.jpg,dxy_raw_candidates/masks/GP_IIa_22.0mm_closed_R5_single_refY_004-raw05-19.png,dxy_raw_candidates/ring_fit/json/GP_IIa_22.0mm_closed_R5_single_refY_004-raw05-19.json,ellipse,A,ok,
224.08630721489527,709.1741770533716,127460.72392124005,10.96850095211228,29.28379674017258,2637.448680351906,113432.0,3129.0,2387.0,0.995741056218058,1.0,1361.0234375,0.9522269221199304,GP_IIa_22.0mm_closed_R5_single_refY,GP_IIa_22.0mm_closed_R5_single_refY_005,1,39,GP_IIa_22.0mm_closed_R5_single_refY_005-raw01-02,32.16849820375324,7.569743184312851,True,111.92654418945312,0.732823972490064,0.6759170293807983,20.732155472407225,464.0957031250001,dxy_raw_candidates/images/GP_IIa_22.0mm_closed_R5_single_refY_005-raw01-02.jpg,dxy_raw_candidates/masks/GP_IIa_22.0mm_closed_R5_single_refY_005-raw01-02.png,dxy_raw_candidates/ring_fit/json/GP_IIa_22.0mm_closed_R5_single_refY_005-raw01-02.json,ellipse,A,ok,
220.9258593318306,729.9458779106357,126654.48482257377,11.04724022699166,30.63058527375708,2463.286874732792,114013.0,3178.0,2339.0,0.9965899403239556,1.0,1365.9940185546875,0.9648538352627634,GP_IIa_22.0mm_closed_R5_single_refY,GP_IIa_22.0mm_closed_R5_single_refY_005,1,85,GP_IIa_22.0mm_closed_R5_single_refY_005-raw01-11,28.66661970603731,7.516236006329628,True,112.6552276611328,0.7420041041820656,0.5503396987915039,20.61492978506084,464.4759216308603,dxy_raw_candidates/images/GP_IIa_22.0mm_closed_R5_single_refY_005-raw01-11.jpg,dxy_raw_candidates/masks/GP_IIa_22.0mm_closed_R5_single_refY_005-raw01-11.png,dxy_raw_candidates/ring_fit/json/GP_IIa_22.0mm_closed_R5_single_refY_005-raw01-11.json,ellipse,A,ok,
235.93511903706724,653.5986202571339,106242.10956443648,10.913580684618248,34.45845092505488,1963.9088459811403,112822.0,3189.0,2227.0,0.9948497854077252,1.0,1354.337158203125,0.9871614491734084,GP_IIa_22.0mm_closed_R5_single_refY,GP_IIa_22.0mm_closed_R5_single_refY_005,1,54,GP_IIa_22.0mm_closed_R5_single_refY_005-raw01-05,27.654135197051936,7.5757696240963375,True,111.8237762451172,0.7390766131455692,0.6445490121841431,20.62359154002268,461.2415771484378,dxy_raw_candidates/images/GP_IIa_22.0mm_closed_R5_single_refY_005-raw01-05.jpg,dxy_raw_candidates/masks/GP_IIa_22.0mm_closed_R5_single_refY_005-raw01-05.png,dxy_raw_candidates/ring_fit/json/GP_IIa_22.0mm_closed_R5_single_refY_005-raw01-05.json,ellipse,B,ok,
210.216484343016,637.0649006622516,101298.0,10.300686450924948,31.624172185430464,1551.576855123675,105033.0,3020.0,2264.0,0.9911190053285968,2.0,1299.981803894043,0.9706459671663098,GP_IIa_22.0mm_closed_R5_single_refY,GP_IIa_22.0mm_closed_R5_single_refY_005,2,181,GP_IIa_22.0mm_closed_R5_single_refY_005-raw02-06,21.78303269133273,7.546690548497019,True,107.02770233154295,0.7615242841418352,0.4356740117073059,20.579244792771203,440.509857177735,dxy_raw_candidates/images/GP_IIa_22.0mm_closed_R5_single_refY_005-raw02-06.jpg,dxy_raw_candidates/masks/GP_IIa_22.0mm_closed_R5_single_refY_005-raw02-06.png,dxy_raw_candidates/ring_fit/json/GP_IIa_22.0mm_closed_R5_single_refY_005-raw02-06.json,ellipse,B,ok,
212.89720819548435,555.1643192488262,87639.90717662226,10.84376148741463,29.87592219986586,1329.7571981091537,103374.0,2982.0,2327.0,0.9955277280858676,1.0,1297.567626953125,0.9413623595505618,GP_IIa_22.0mm_closed_R5_single_refY,GP_IIa_22.0mm_closed_R5_single_refY_005,2,263,GP_IIa_22.0mm_closed_R5_single_refY_005-raw02-22,21.603560539170257,7.475777402868091,True,108.5654296875,0.7445783519111261,0.5699147582054138,20.36711321972457,442.2328796386725,dxy_raw_candidates/images/GP_IIa_22.0mm_closed_R5_single_refY_005-raw02-22.jpg,dxy_raw_candidates/masks/GP_IIa_22.0mm_closed_R5_single_refY_005-raw02-22.png,dxy_raw_candidates/ring_fit/json/GP_IIa_22.0mm_closed_R5_single_refY_005-raw02-22.json,ellipse,A,ok,
200.8285538792276,500.7479892761394,91544.71714534378,11.192281853430076,22.51239946380697,1274.5596170583117,104196.0,2984.0,2298.0,0.9892569382273948,2.0,1288.981834411621,0.949438202247191,GP_IIa_22.0mm_closed_R5_single_refY,GP_IIa_22.0mm_closed_R5_single_refY_005,2,207,GP_IIa_22.0mm_closed_R5_single_refY_005-raw02-11,21.525311219899447,7.499829204886431,True,107.3337860107422,0.7700295182604,0.4632583260536194,20.393608281336387,437.7846374511723,dxy_raw_candidates/images/GP_IIa_22.0mm_closed_R5_single_refY_005-raw02-11.jpg,dxy_raw_candidates/masks/GP_IIa_22.0mm_closed_R5_single_refY_005-raw02-11.png,dxy_raw_candidates/ring_fit/json/GP_IIa_22.0mm_closed_R5_single_refY_005-raw02-11.json,ellipse,B,ok,
207.755952437349,775.6721518987342,128532.92570281123,11.096413851911509,35.38481012658228,2162.2248995983937,105545.0,3160.0,1992.0,1.0,1.0,1310.638671875,1.0,GP_IIa_22.0mm_closed_R5_single_refY,GP_IIa_22.0mm_closed_R5_single_refY_005,3,329,GP_IIa_22.0mm_closed_R5_single_refY_005-raw03-11,23.253618403953983,7.4591913408323265,True,107.6265869140625,0.7754870088082833,0.6110186576843262,20.31647360654752,437.3185424804688,dxy_raw_candidates/images/GP_IIa_22.0mm_closed_R5_single_refY_005-raw03-11.jpg,dxy_raw_candidates/masks/GP_IIa_22.0mm_closed_R5_single_refY_005-raw03-11.png,dxy_raw_candidates/ring_fit/json/GP_IIa_22.0mm_closed_R5_single_refY_005-raw03-11.json,ellipse,A,ok,
207.5756614767409,567.9781167108754,114839.22932498882,10.85185786608081,23.957559681697614,1831.5136343316944,104690.0,3016.0,2237.0,0.9946428571428572,1.0,1298.567626953125,0.9823933975240716,GP_IIa_22.0mm_closed_R5_single_refY,GP_IIa_22.0mm_closed_R5_single_refY_005,3,334,GP_IIa_22.0mm_closed_R5_single_refY_005-raw03-12,22.499185765541924,7.449178776794188,True,106.99028778076172,0.7793603238900337,0.5202716588973999,20.379851407262603,436.0892333984379,dxy_raw_candidates/images/GP_IIa_22.0mm_closed_R5_single_refY_005-raw03-12.jpg,dxy_raw_candidates/masks/GP_IIa_22.0mm_closed_R5_single_refY_005-raw03-12.png,dxy_raw_candidates/ring_fit/json/GP_IIa_22.0mm_closed_R5_single_refY_005-raw03-12.json,ellipse,B,ok,
211.0565653165788,593.8612565445026,85922.15008880994,11.800824638168969,26.18520942408377,1281.986234458259,106956.0,3056.0,2252.0,0.9946996466431096,1.0,1313.0528564453125,0.9705239219802326,GP_IIa_22.0mm_closed_R5_single_refY,GP_IIa_22.0mm_closed_R5_single_refY_005,3,380,GP_IIa_22.0mm_closed_R5_single_refY_005-raw03-21,21.92554865179651,7.44385583729213,True,106.88256072998048,0.7795147479115282,0.52850741147995,20.53320680795793,438.9283447265629,dxy_raw_candidates/images/GP_IIa_22.0mm_closed_R5_single_refY_005-raw03-21.jpg,dxy_raw_candidates/masks/GP_IIa_22.0mm_closed_R5_single_refY_005-raw03-21.png,dxy_raw_candidates/ring_fit/json/GP_IIa_22.0mm_closed_R5_single_refY_005-raw03-21.json,ellipse,B,ok,
184.25184363834768,561.6648009950248,109326.79650895728,9.890191315979372,29.718594527363184,1781.3766651355077,113634.0,3216.0,2177.0,1.0,1.0,1357.16552734375,0.9967146828405358,GP_IIa_22.0mm_closed_R5_single_refY,GP_IIa_22.0mm_closed_R5_single_refY_005,4,461,GP_IIa_22.0mm_closed_R5_single_refY_005-raw04-13,23.5670328432248,7.352030134653684,True,110.12163543701172,0.796603950764932,0.5716915130615234,20.3192963657754,447.5188293457035,dxy_raw_candidates/images/GP_IIa_22.0mm_closed_R5_single_refY_005-raw04-13.jpg,dxy_raw_candidates/masks/GP_IIa_22.0mm_closed_R5_single_refY_005-raw04-13.png,dxy_raw_candidates/ring_fit/json/GP_IIa_22.0mm_closed_R5_single_refY_005-raw04-13.json,ellipse,B,ok,
194.4205894518221,452.0353089533417,97125.41145605595,10.784425024861171,25.540983606557376,1620.3362483602973,113631.0,3172.0,2287.0,0.996560619088564,1.0,1355.1656494140625,0.981772784019975,GP_IIa_22.0mm_closed_R5_single_refY,GP_IIa_22.0mm_closed_R5_single_refY_005,4,451,GP_IIa_22.0mm_closed_R5_single_refY_005-raw04-11,23.29389619821501,7.361613510249107,True,110.4936752319336,0.7768152725003488,0.6454125642776489,20.32335984348696,449.1205444335945,dxy_raw_candidates/images/GP_IIa_22.0mm_closed_R5_single_refY_005-raw04-11.jpg,dxy_raw_candidates/masks/GP_IIa_22.0mm_closed_R5_single_refY_005-raw04-11.png,dxy_raw_candidates/ring_fit/json/GP_IIa_22.0mm_closed_R5_single_refY_005-raw04-11.json,ellipse,A,ok,
179.1649780123131,572.6985616010006,108380.84569868002,9.54170624450308,27.711694809255786,1743.2553482020935,113700.0,3198.0,2197.0,1.0,1.0,1356.094482421875,0.9949528936742934,GP_IIa_22.0mm_closed_R5_single_refY,GP_IIa_22.0mm_closed_R5_single_refY_005,4,456,GP_IIa_22.0mm_closed_R5_single_refY_005-raw04-12,22.709271356228253,7.349574508037753,True,110.03463745117188,0.7965663658478527,0.5856309533119202,20.396408102362567,448.8622741699222,dxy_raw_candidates/images/GP_IIa_22.0mm_closed_R5_single_refY_005-raw04-12.jpg,dxy_raw_candidates/masks/GP_IIa_22.0mm_closed_R5_single_refY_005-raw04-12.png,dxy_raw_candidates/ring_fit/json/GP_IIa_22.0mm_closed_R5_single_refY_005-raw04-12.json,ellipse,A,ok,
167.50905842850062,774.1064231738035,109584.1484063745,9.021203363356625,32.63476070528967,1980.2988047808765,106917.0,3176.0,2008.0,1.0,1.0,1316.295654296875,1.0,GP_IIa_22.0mm_closed_R5_single_refY,GP_IIa_22.0mm_closed_R5_single_refY_005,5,553,GP_IIa_22.0mm_closed_R5_single_refY_005-raw05-07,25.73809337382376,7.329134110300936,True,104.55651092529295,0.8255293307528109,0.5013508796691895,20.542786490004584,429.5764160156251,dxy_raw_candidates/images/GP_IIa_22.0mm_closed_R5_single_refY_005-raw05-07.jpg,dxy_raw_candidates/masks/GP_IIa_22.0mm_closed_R5_single_refY_005-raw05-07.png,dxy_raw_candidates/ring_fit/json/GP_IIa_22.0mm_closed_R5_single_refY_005-raw05-07.json,ellipse,A,ok,
164.61868372511427,510.8711276332094,83818.05196078432,8.450183093600357,22.067843866171003,1128.6338235294118,110053.0,3228.0,2040.0,1.0,1.0,1331.75146484375,1.0,GP_IIa_22.0mm_closed_R5_single_refY,GP_IIa_22.0mm_closed_R5_single_refY_005,5,548,GP_IIa_22.0mm_closed_R5_single_refY_005-raw05-06,23.88908962512428,7.352956441080963,True,106.98543548583984,0.8198242882520437,0.4937803745269775,20.324463133062988,434.8843078613282,dxy_raw_candidates/images/GP_IIa_22.0mm_closed_R5_single_refY_005-raw05-06.jpg,dxy_raw_candidates/masks/GP_IIa_22.0mm_closed_R5_single_refY_005-raw05-06.png,dxy_raw_candidates/ring_fit/json/GP_IIa_22.0mm_closed_R5_single_refY_005-raw05-06.json,ellipse,B,ok,
148.00232938582454,304.63435582822086,54204.7027027027,7.919716206123973,17.79601226993865,753.3527992277992,112476.0,3260.0,2072.0,1.0,1.0,1348.337158203125,1.0,GP_IIa_22.0mm_closed_R5_single_refY,GP_IIa_22.0mm_closed_R5_single_refY_005,5,522,GP_IIa_22.0mm_closed_R5_single_refY_005-raw05-01,21.95679470278423,7.351124520160541,True,107.92416381835938,0.8129237963813298,0.5330913066864014,20.36284882703292,439.528686523438,dxy_raw_candidates/images/GP_IIa_22.0mm_closed_R5_single_refY_005-raw05-01.jpg,dxy_raw_candidates/masks/GP_IIa_22.0mm_closed_R5_single_refY_005-raw05-01.png,dxy_raw_candidates/ring_fit/json/GP_IIa_22.0mm_closed_R5_single_refY_005-raw05-01.json,ellipse,B,ok,
757.8605411834671,1093.7061855670104,10924.861593462718,15.834820101100208,25.480670103092784,166.65602655771195,6726.0,776.0,3916.0,1.0,1.0,320.7350769042969,1.0,GP_IIa_4.5mm_closed_R10_single_refY,GP_IIa_4.5mm_closed_R10_single_refY_004,1,123,GP_IIa_4.5mm_closed_R10_single_refY_004-raw01-10,22.44295346001048,7.766101997908881,True,238.80572509765625,0.704583448424384,0.8684442639350891,4.711932406462926,112.52364349365236,dxy_raw_candidates/images/GP_IIa_4.5mm_closed_R10_single_refY_004-raw01-10.jpg,dxy_raw_candidates/masks/GP_IIa_4.5mm_closed_R10_single_refY_004-raw01-10.png,dxy_raw_candidates/ring_fit/json/GP_IIa_4.5mm_closed_R10_single_refY_004-raw01-10.json,ellipse,B,ok,
928.1426747526332,1163.6,6772.664225941423,18.02760932014044,29.713513513513515,174.1895920502092,6266.0,740.0,3824.0,1.0,1.0,308.5929260253906,1.0,GP_IIa_4.5mm_closed_R10_single_refY,GP_IIa_4.5mm_closed_R10_single_refY_004,1,171,GP_IIa_4.5mm_closed_R10_single_refY_004-raw01-16,22.26997395464108,7.829083136860877,True,236.1407928466797,0.6644299840507955,0.8954810500144958,4.613112421306584,108.93440246582036,dxy_raw_candidates/images/GP_IIa_4.5mm_closed_R10_single_refY_004-raw01-16.jpg,dxy_raw_candidates/masks/GP_IIa_4.5mm_closed_R10_single_refY_004-raw01-16.png,dxy_raw_candidates/ring_fit/json/GP_IIa_4.5mm_closed_R10_single_refY_004-raw01-16.json,ellipse,A,ok,
820.3883551673945,932.5663265306124,10322.835546475995,14.7235807860262,21.24872448979592,269.46424923391214,6870.0,784.0,3916.0,1.0,1.0,322.97772216796875,1.0,GP_IIa_4.5mm_closed_R10_single_refY,GP_IIa_4.5mm_closed_R10_single_refY_004,1,131,GP_IIa_4.5mm_closed_R10_single_refY_004-raw01-11,21.965383850055268,7.812480957484039,True,239.62838745117188,0.7044005479086652,0.8183461427688599,4.7098938468135385,112.86242675781264,dxy_raw_candidates/images/GP_IIa_4.5mm_closed_R10_single_refY_004-raw01-11.jpg,dxy_raw_candidates/masks/GP_IIa_4.5mm_closed_R10_single_refY_004-raw01-11.png,dxy_raw_candidates/ring_fit/json/GP_IIa_4.5mm_closed_R10_single_refY_004-raw01-11.json,ellipse,A,ok,
712.5870998874055,533.3244680851063,4333.313991323211,13.317355637767411,13.422872340425531,70.0545010845987,6217.0,752.0,3688.0,1.0,1.0,308.73504638671875,1.0,GP_IIa_4.5mm_closed_R10_single_refY,GP_IIa_4.5mm_closed_R10_single_refY_004,2,297,GP_IIa_4.5mm_closed_R10_single_refY_004-raw02-08,25.021522343519003,7.821770752339788,True,225.74468994140625,0.6817095270941811,0.7163628339767456,4.831350083450473,109.06516265869143,dxy_raw_candidates/images/GP_IIa_4.5mm_closed_R10_single_refY_004-raw02-08.jpg,dxy_raw_candidates/masks/GP_IIa_4.5mm_closed_R10_single_refY_004-raw02-08.png,dxy_raw_candidates/ring_fit/json/GP_IIa_4.5mm_closed_R10_single_refY_004-raw02-08.json,ellipse,B,ok,
925.2880155779784,1551.8016759776535,8774.213501646542,17.8143034165339,26.706703910614525,146.66767288693742,5649.0,716.0,3644.0,1.0,1.0,294.2497863769531,1.0,GP_IIa_4.5mm_closed_R10_single_refY,GP_IIa_4.5mm_closed_R10_single_refY_004,2,353,GP_IIa_4.5mm_closed_R10_single_refY_004-raw02-15,23.436371945264604,7.851294142715433,True,224.3904571533203,0.6709057458434033,0.7841798067092896,4.5966425292368855,103.14427185058592,dxy_raw_candidates/images/GP_IIa_4.5mm_closed_R10_single_refY_004-raw02-15.jpg,dxy_raw_candidates/masks/GP_IIa_4.5mm_closed_R10_single_refY_004-raw02-15.png,dxy_raw_candidates/ring_fit/json/GP_IIa_4.5mm_closed_R10_single_refY_004-raw02-15.json,ellipse,A,ok,
905.34554973822,1302.5279329608938,11340.857299670692,15.39546247818499,22.80586592178771,210.3754116355653,5730.0,716.0,3644.0,1.0,1.0,296.00714111328125,1.0,GP_IIa_4.5mm_closed_R10_single_refY,GP_IIa_4.5mm_closed_R10_single_refY_004,2,345,GP_IIa_4.5mm_closed_R10_single_refY_004-raw02-14,22.387829689303743,7.84929239704584,True,224.176513671875,0.6750610233695923,0.8049992918968201,4.668287702822941,104.65204620361332,dxy_raw_candidates/images/GP_IIa_4.5mm_closed_R10_single_refY_004-raw02-14.jpg,dxy_raw_candidates/masks/GP_IIa_4.5mm_closed_R10_single_refY_004-raw02-14.png,dxy_raw_candidates/ring_fit/json/GP_IIa_4.5mm_closed_R10_single_refY_004-raw02-14.json,ellipse,A,ok,
889.1941340782123,896.3666666666667,6682.9553072625695,18.901361731843576,27.929166666666667,124.7122905027933,5728.0,720.0,3580.0,1.0,1.0,298.00714111328125,1.0,GP_IIa_4.5mm_closed_R10_single_refY,GP_IIa_4.5mm_closed_R10_single_refY_004,3,448,GP_IIa_4.5mm_closed_R10_single_refY_004-raw03-03,23.805530424441823,7.852675847624668,True,220.16622924804688,0.670361479157019,0.7104811668395996,4.8180092972298345,106.0762939453126,dxy_raw_candidates/images/GP_IIa_4.5mm_closed_R10_single_refY_004-raw03-03.jpg,dxy_raw_candidates/masks/GP_IIa_4.5mm_closed_R10_single_refY_004-raw03-03.png,dxy_raw_candidates/ring_fit/json/GP_IIa_4.5mm_closed_R10_single_refY_004-raw03-03.json,ellipse,B,ok,
881.0406046756899,993.1312849162013,6622.364093959732,18.43047987343997,27.8282122905028,128.2743288590604,5689.0,716.0,3576.0,1.0,1.0,297.7644958496094,1.0,GP_IIa_4.5mm_closed_R10_single_refY,GP_IIa_4.5mm_closed_R10_single_refY_004,3,440,GP_IIa_4.5mm_closed_R10_single_refY_004-raw03-02,23.72483379315861,7.852533824654332,True,220.170166015625,0.6703391972927145,0.729083240032196,4.808237840936687,105.86305236816412,dxy_raw_candidates/images/GP_IIa_4.5mm_closed_R10_single_refY_004-raw03-02.jpg,dxy_raw_candidates/masks/GP_IIa_4.5mm_closed_R10_single_refY_004-raw03-02.png,dxy_raw_candidates/ring_fit/json/GP_IIa_4.5mm_closed_R10_single_refY_004-raw03-02.json,ellipse,B,ok,
702.072778561354,616.1377551020408,7450.932186234818,16.398871650211564,16.831632653061224,151.18142712550608,7090.0,784.0,3952.0,1.0,1.0,325.9066467285156,1.0,GP_IIa_4.5mm_closed_R10_single_refY,GP_IIa_4.5mm_closed_R10_single_refY_004,3,567,GP_IIa_4.5mm_closed_R10_single_refY_004-raw03-18,22.359955429471565,7.7832755032746626,True,240.9759826660156,0.7206531595954887,0.7725039124488831,4.726760036123243,113.903564453125,dxy_raw_candidates/images/GP_IIa_4.5mm_closed_R10_single_refY_004-raw03-18.jpg,dxy_raw_candidates/masks/GP_IIa_4.5mm_closed_R10_single_refY_004-raw03-18.png,dxy_raw_candidates/ring_fit/json/GP_IIa_4.5mm_closed_R10_single_refY_004-raw03-18.json,ellipse,A,ok,
620.453172205438,617.2225,11034.365147318056,17.09763801153529,19.23875,332.7365902795266,7282.0,800.0,3971.0,1.0,1.0,327.4630126953125,1.0,GP_IIa_4.5mm_closed_R10_single_refY,GP_IIa_4.5mm_closed_R10_single_refY_004,4,804,GP_IIa_4.5mm_closed_R10_single_refY_004-raw04-24,21.331017449268288,7.641016869407768,True,233.28396606445312,0.8041794274549507,0.7589152455329895,4.73501157536862,110.46022796630862,dxy_raw_candidates/images/GP_IIa_4.5mm_closed_R10_single_refY_004-raw04-24.jpg,dxy_raw_candidates/masks/GP_IIa_4.5mm_closed_R10_single_refY_004-raw04-24.png,dxy_raw_candidates/ring_fit/json/GP_IIa_4.5mm_closed_R10_single_refY_004-raw04-24.json,ellipse,B,ok,
726.2300810735253,410.4543147208122,11271.181514762517,20.26726306961141,18.615482233502537,283.4798459563543,7154.0,788.0,3895.0,1.0,1.0,326.7350769042969,1.0,GP_IIa_4.5mm_closed_R10_single_refY,GP_IIa_4.5mm_closed_R10_single_refY_004,4,725,GP_IIa_4.5mm_closed_R10_single_refY_004-raw04-14,20.214451806780737,7.704661054044348,True,234.5992584228516,0.7509620471688363,0.7028647065162659,4.756250155694125,111.58127593994148,dxy_raw_candidates/images/GP_IIa_4.5mm_closed_R10_single_refY_004-raw04-14.jpg,dxy_raw_candidates/masks/GP_IIa_4.5mm_closed_R10_single_refY_004-raw04-14.png,dxy_raw_candidates/ring_fit/json/GP_IIa_4.5mm_closed_R10_single_refY_004-raw04-14.json,ellipse,B,ok,
672.0371134020619,587.655,7136.281529294935,19.45072164948453,17.27375,230.33118172790464,7275.0,800.0,4028.0,1.0,1.0,330.39190673828125,1.0,GP_IIa_4.5mm_closed_R10_single_refY,GP_IIa_4.5mm_closed_R10_single_refY_004,4,646,GP_IIa_4.5mm_closed_R10_single_refY_004-raw04-04,19.61964620828512,7.713368474706661,True,242.3861083984375,0.7418140598042141,0.8407527804374695,4.701922239171808,113.96806335449229,dxy_raw_candidates/images/GP_IIa_4.5mm_closed_R10_single_refY_004-raw04-04.jpg,dxy_raw_candidates/masks/GP_IIa_4.5mm_closed_R10_single_refY_004-raw04-04.png,dxy_raw_candidates/ring_fit/json/GP_IIa_4.5mm_closed_R10_single_refY_004-raw04-04.json,ellipse,B,ok,
649.2442916093535,453.3156565656566,20469.91700819672,14.253782668500689,13.928030303030305,538.8936987704918,7270.0,792.0,3904.0,1.0,1.0,328.1492919921875,1.0,GP_IIa_4.5mm_closed_R10_single_refY,GP_IIa_4.5mm_closed_R10_single_refY_004,5,900,GP_IIa_4.5mm_closed_R10_single_refY_004-raw05-12,24.26862629296574,7.713359264266032,True,230.9590301513672,0.7922790125291523,0.8500029444694519,4.812125701079093,111.14038848876967,dxy_raw_candidates/images/GP_IIa_4.5mm_closed_R10_single_refY_004-raw05-12.jpg,dxy_raw_candidates/masks/GP_IIa_4.5mm_closed_R10_single_refY_004-raw05-12.png,dxy_raw_candidates/ring_fit/json/GP_IIa_4.5mm_closed_R10_single_refY_004-raw05-12.json,ellipse,A,ok,
591.1654967602592,543.5866336633663,13389.9994994995,15.225161987041036,17.387376237623762,367.8796296296296,7408.0,808.0,3996.0,1.0,1.0,332.0487670898437,1.0,GP_IIa_4.5mm_closed_R10_single_refY,GP_IIa_4.5mm_closed_R10_single_refY_004,5,844,GP_IIa_4.5mm_closed_R10_single_refY_004-raw05-05,23.88026258198301,7.633715487751298,True,235.0023803710937,0.8161803891781744,0.6515223383903503,4.702543309199152,110.51088714599628,dxy_raw_candidates/images/GP_IIa_4.5mm_closed_R10_single_refY_004-raw05-05.jpg,dxy_raw_candidates/masks/GP_IIa_4.5mm_closed_R10_single_refY_004-raw05-05.png,dxy_raw_candidates/ring_fit/json/GP_IIa_4.5mm_closed_R10_single_refY_004-raw05-05.json,ellipse,A,ok,
670.9624190064795,564.4538461538461,15368.55601233299,14.993520518358531,13.852564102564102,383.8049845837616,6945.0,780.0,3892.0,1.0,1.0,321.5634765625,1.0,GP_IIa_4.5mm_closed_R10_single_refY,GP_IIa_4.5mm_closed_R10_single_refY_004,5,931,GP_IIa_4.5mm_closed_R10_single_refY_004-raw05-16,23.641364482507583,7.724892992316777,True,231.0386657714844,0.783776461879414,0.7041714787483215,4.760175281596423,109.97845458984382,dxy_raw_candidates/images/GP_IIa_4.5mm_closed_R10_single_refY_004-raw05-16.jpg,dxy_raw_candidates/masks/GP_IIa_4.5mm_closed_R10_single_refY_004-raw05-16.png,dxy_raw_candidates/ring_fit/json/GP_IIa_4.5mm_closed_R10_single_refY_004-raw05-16.json,ellipse,A,ok,
416.4954420005018,487.86507936507934,6833.394163424125,9.784812243873882,14.262896825396826,113.68696498054474,11957.0,1008.0,5140.0,1.0,1.0,419.1614990234375,1.0,GP_IIa_4.5mm_closed_R10_single_refY,GP_IIa_4.5mm_closed_R10_single_refY_005,1,94,GP_IIa_4.5mm_closed_R10_single_refY_005-raw01-13,21.974909604756608,7.7516841571087,True,305.506103515625,0.788173715200474,0.8366618752479553,4.636996914539703,141.6630859375002,dxy_raw_candidates/images/GP_IIa_4.5mm_closed_R10_single_refY_005-raw01-13.jpg,dxy_raw_candidates/masks/GP_IIa_4.5mm_closed_R10_single_refY_005-raw01-13.png,dxy_raw_candidates/ring_fit/json/GP_IIa_4.5mm_closed_R10_single_refY_005-raw01-13.json,ellipse,B,ok,
394.90519224449554,425.14313725490194,5537.843000773395,8.270292474531713,8.794117647058824,72.64269141531322,12172.0,1020.0,5172.0,1.0,1.0,423.4041137695313,1.0,GP_IIa_4.5mm_closed_R10_single_refY,GP_IIa_4.5mm_closed_R10_single_refY_005,1,99,GP_IIa_4.5mm_closed_R10_single_refY_005-raw01-14,21.94191510461761,7.761350977052625,True,306.81011962890625,0.791218843932327,0.7071176767349243,4.678693723632459,143.54705810546895,dxy_raw_candidates/images/GP_IIa_4.5mm_closed_R10_single_refY_005-raw01-14.jpg,dxy_raw_candidates/masks/GP_IIa_4.5mm_closed_R10_single_refY_005-raw01-14.png,dxy_raw_candidates/ring_fit/json/GP_IIa_4.5mm_closed_R10_single_refY_005-raw01-14.json,ellipse,B,ok,
416.90056913290925,489.0158102766798,6844.159174936758,9.795112152661533,14.278656126482211,112.42167736913795,11948.0,1012.0,5139.0,1.0,1.0,419.9899291992188,1.0,GP_IIa_4.5mm_closed_R10_single_refY,GP_IIa_4.5mm_closed_R10_single_refY_005,1,89,GP_IIa_4.5mm_closed_R10_single_refY_005-raw01-12,21.9162550600676,7.752232360837574,True,305.4930419921875,0.7883898641137709,0.8371543288230896,4.638820482226677,141.7127380371097,dxy_raw_candidates/images/GP_IIa_4.5mm_closed_R10_single_refY_005-raw01-12.jpg,dxy_raw_candidates/masks/GP_IIa_4.5mm_closed_R10_single_refY_005-raw01-12.png,dxy_raw_candidates/ring_fit/json/GP_IIa_4.5mm_closed_R10_single_refY_005-raw01-12.json,ellipse,A,ok,
423.50850897736143,361.3965517241379,5658.567629179332,9.981967213114752,10.775862068965518,91.866641337386,12810.0,1044.0,5264.0,1.0,1.0,435.4041137695313,1.0,GP_IIa_4.5mm_closed_R10_single_refY,GP_IIa_4.5mm_closed_R10_single_refY_005,2,262,GP_IIa_4.5mm_closed_R10_single_refY_005-raw02-22,18.88532854289183,7.737970464836416,True,317.1341247558594,0.7688540515633646,0.7572299242019653,4.753009353194152,150.7341461181641,dxy_raw_candidates/images/GP_IIa_4.5mm_closed_R10_single_refY_005-raw02-22.jpg,dxy_raw_candidates/masks/GP_IIa_4.5mm_closed_R10_single_refY_005-raw02-22.png,dxy_raw_candidates/ring_fit/json/GP_IIa_4.5mm_closed_R10_single_refY_005-raw02-22.json,ellipse,B,ok,
417.7916026211472,402.4453125,3651.8653846153848,9.952754631502303,10.9423828125,55.62826923076923,12361.0,1024.0,5200.0,1.0,1.0,428.33306884765625,1.0,GP_IIa_4.5mm_closed_R10_single_refY,GP_IIa_4.5mm_closed_R10_single_refY_005,2,216,GP_IIa_4.5mm_closed_R10_single_refY_005-raw02-13,18.274968220716644,7.729053470592072,True,310.07061767578125,0.7698616289502349,0.7401407361030579,4.721130893152372,146.38839721679724,dxy_raw_candidates/images/GP_IIa_4.5mm_closed_R10_single_refY_005-raw02-13.jpg,dxy_raw_candidates/masks/GP_IIa_4.5mm_closed_R10_single_refY_005-raw02-13.png,dxy_raw_candidates/ring_fit/json/GP_IIa_4.5mm_closed_R10_single_refY_005-raw02-13.json,ellipse,B,ok,
425.6502152521525,319.212927756654,4884.210168210168,10.573185731857318,11.096958174904945,76.98412398412398,13008.0,1052.0,5291.0,1.0,1.0,438.81829833984375,1.0,GP_IIa_4.5mm_closed_R10_single_refY,GP_IIa_4.5mm_closed_R10_single_refY_005,2,272,GP_IIa_4.5mm_closed_R10_single_refY_005-raw02-24,18.21239017692731,7.729639328042251,True,317.6537475585937,0.7653217107779023,0.7927531599998474,4.676955575807498,148.56524658203145,dxy_raw_candidates/images/GP_IIa_4.5mm_closed_R10_single_refY_005-raw02-24.jpg,dxy_raw_candidates/masks/GP_IIa_4.5mm_closed_R10_single_refY_005-raw02-24.png,dxy_raw_candidates/ring_fit/json/GP_IIa_4.5mm_closed_R10_single_refY_005-raw02-24.json,ellipse,B,ok,
403.87115596909007,539.2137404580153,2934.564237415477,11.095174262734584,13.912213740458014,50.67073628850488,12682.0,1048.0,5324.0,1.0,1.0,437.4040832519531,1.0,GP_IIa_4.5mm_closed_R10_single_refY,GP_IIa_4.5mm_closed_R10_single_refY_005,3,363,GP_IIa_4.5mm_closed_R10_single_refY_005-raw03-18,20.33617828225973,7.768284400826854,True,323.9744873046875,0.7250814034865722,0.9469236731529236,4.74913894089636,153.8599853515628,dxy_raw_candidates/images/GP_IIa_4.5mm_closed_R10_single_refY_005-raw03-18.jpg,dxy_raw_candidates/masks/GP_IIa_4.5mm_closed_R10_single_refY_005-raw03-18.png,dxy_raw_candidates/ring_fit/json/GP_IIa_4.5mm_closed_R10_single_refY_005-raw03-18.json,ellipse,B,ok,
417.570942812983,478.46022727272725,2681.185254491018,11.983462132921174,12.698863636363637,47.6062874251497,12940.0,1056.0,5344.0,1.0,1.0,440.81829833984375,1.0,GP_IIa_4.5mm_closed_R10_single_refY,GP_IIa_4.5mm_closed_R10_single_refY_005,3,369,GP_IIa_4.5mm_closed_R10_single_refY_005-raw03-19,20.24704181104118,7.769791636668302,True,324.2088317871094,0.7253869529652465,0.8428001999855042,4.80816854807776,155.88507080078145,dxy_raw_candidates/images/GP_IIa_4.5mm_closed_R10_single_refY_005-raw03-19.jpg,dxy_raw_candidates/masks/GP_IIa_4.5mm_closed_R10_single_refY_005-raw03-19.png,dxy_raw_candidates/ring_fit/json/GP_IIa_4.5mm_closed_R10_single_refY_005-raw03-19.json,ellipse,B,ok,
406.8058745410515,501.3617424242424,2504.44498502994,10.399109444574645,12.37310606060606,45.773577844311376,12801.0,1056.0,5344.0,1.0,1.0,440.2325439453125,1.0,GP_IIa_4.5mm_closed_R10_single_refY,GP_IIa_4.5mm_closed_R10_single_refY_005,3,374,GP_IIa_4.5mm_closed_R10_single_refY_005-raw03-20,19.184619059187103,7.773953499788093,True,324.6473693847656,0.7213577540004797,0.9403959512710572,4.763125179485516,154.6336059570317,dxy_raw_candidates/images/GP_IIa_4.5mm_closed_R10_single_refY_005-raw03-20.jpg,dxy_raw_candidates/masks/GP_IIa_4.5mm_closed_R10_single_refY_005-raw03-20.png,dxy_raw_candidates/ring_fit/json/GP_IIa_4.5mm_closed_R10_single_refY_005-raw03-20.json,ellipse,A,ok,
345.5929473225947,293.50367647058823,2248.1586360266865,7.655420113191119,9.111213235294118,26.565233506300963,13782.0,1088.0,5396.0,1.0,1.0,455.646728515625,1.0,GP_IIa_4.5mm_closed_R10_single_refY,GP_IIa_4.5mm_closed_R10_single_refY_005,4,414,GP_IIa_4.5mm_closed_R10_single_refY_005-raw04-04,19.353659775429,7.749618292088234,True,328.6015930175781,0.7252333857322573,0.9856047034263612,4.908576335878218,161.2966003417974,dxy_raw_candidates/images/GP_IIa_4.5mm_closed_R10_single_refY_005-raw04-04.jpg,dxy_raw_candidates/masks/GP_IIa_4.5mm_closed_R10_single_refY_005-raw04-04.png,dxy_raw_candidates/ring_fit/json/GP_IIa_4.5mm_closed_R10_single_refY_005-raw04-04.json,ellipse,B,ok,
370.63802612481857,278.2149362477232,2533.050628233555,8.022496371552975,9.487249544626591,33.08407243163341,13780.0,1098.0,5412.0,1.0,1.0,455.7888793945313,1.0,GP_IIa_4.5mm_closed_R10_single_refY,GP_IIa_4.5mm_closed_R10_single_refY_005,4,419,GP_IIa_4.5mm_closed_R10_single_refY_005-raw04-05,19.1900769260536,7.758413926361735,True,328.9477844238281,0.7277627963506429,0.7738838195800781,4.859243854764852,159.8437500000001,dxy_raw_candidates/images/GP_IIa_4.5mm_closed_R10_single_refY_005-raw04-05.jpg,dxy_raw_candidates/masks/GP_IIa_4.5mm_closed_R10_single_refY_005-raw04-05.png,dxy_raw_candidates/ring_fit/json/GP_IIa_4.5mm_closed_R10_single_refY_005-raw04-05.json,ellipse,B,ok,
343.7984868325331,310.77389705882354,2241.412592592593,7.587443619962171,9.613970588235292,26.11537037037037,13746.0,1088.0,5400.0,1.0,1.0,455.0609436035156,1.0,GP_IIa_4.5mm_closed_R10_single_refY,GP_IIa_4.5mm_closed_R10_single_refY_005,4,409,GP_IIa_4.5mm_closed_R10_single_refY_005-raw04-03,18.786811883201125,7.746703198501203,True,328.65496826171875,0.724562059115247,0.993882417678833,4.899898006995026,161.03758239746102,dxy_raw_candidates/images/GP_IIa_4.5mm_closed_R10_single_refY_005-raw04-03.jpg,dxy_raw_candidates/masks/GP_IIa_4.5mm_closed_R10_single_refY_005-raw04-03.png,dxy_raw_candidates/ring_fit/json/GP_IIa_4.5mm_closed_R10_single_refY_005-raw04-03.json,ellipse,B,ok,
365.321905260403,275.8,4227.638208537439,11.083813137922007,10.656140350877193,67.62106368089573,15284.0,1140.0,5716.0,1.0,1.0,475.2030944824219,1.0,GP_IIa_4.5mm_closed_R10_single_refY,GP_IIa_4.5mm_closed_R10_single_refY_005,5,641,GP_IIa_4.5mm_closed_R10_single_refY_005-raw05-24,16.118230236702196,7.654472141394501,True,342.124267578125,0.7798265531517153,0.76493239402771,4.761688090193608,162.90890502929696,dxy_raw_candidates/images/GP_IIa_4.5mm_closed_R10_single_refY_005-raw05-24.jpg,dxy_raw_candidates/masks/GP_IIa_4.5mm_closed_R10_single_refY_005-raw05-24.png,dxy_raw_candidates/ring_fit/json/GP_IIa_4.5mm_closed_R10_single_refY_005-raw05-24.json,ellipse,B,ok,
358.92820773930754,190.25173611111111,3911.83147632312,9.283477596741344,7.859375,49.7200557103064,15712.0,1152.0,5744.0,1.0,1.0,481.2030944824219,1.0,GP_IIa_4.5mm_closed_R10_single_refY,GP_IIa_4.5mm_closed_R10_single_refY_005,5,625,GP_IIa_4.5mm_closed_R10_single_refY_005-raw05-21,15.60352212997248,7.643863105106348,True,343.1153564453125,0.7878234478598438,0.8409483432769775,4.778073047504964,163.94302368164068,dxy_raw_candidates/images/GP_IIa_4.5mm_closed_R10_single_refY_005-raw05-21.jpg,dxy_raw_candidates/masks/GP_IIa_4.5mm_closed_R10_single_refY_005-raw05-21.png,dxy_raw_candidates/ring_fit/json/GP_IIa_4.5mm_closed_R10_single_refY_005-raw05-21.json,ellipse,B,ok,
358.5181448971571,269.90669014084506,4260.856293706293,9.885824708502554,9.32218309859155,66.24982517482518,15266.0,1136.0,5720.0,1.0,1.0,474.3746643066406,1.0,GP_IIa_4.5mm_closed_R10_single_refY,GP_IIa_4.5mm_closed_R10_single_refY_005,5,636,GP_IIa_4.5mm_closed_R10_single_refY_005-raw05-23,14.865159477647149,7.650342159462781,True,342.2551574707031,0.7795419984844449,0.7602455615997314,4.767601778936225,163.1736297607424,dxy_raw_candidates/images/GP_IIa_4.5mm_closed_R10_single_refY_005-raw05-23.jpg,dxy_raw_candidates/masks/GP_IIa_4.5mm_closed_R10_single_refY_005-raw05-23.png,dxy_raw_candidates/ring_fit/json/GP_IIa_4.5mm_closed_R10_single_refY_005-raw05-23.json,ellipse,B,ok,
191.44056618948045,239.59883154819863,14058.60486522025,7.929950136721891,8.915287244401169,206.30024106947184,12434.0,1027.0,4563.0,1.0,1.0,423.889404296875,1.0,GP_IIa_5.2mm_closed_R10_single_refY,GP_IIa_5.2mm_closed_R10_single_refY_001,1,180,GP_IIa_5.2mm_closed_R10_single_refY_001-raw01-22,32.20063363256454,7.233569110917296,True,267.8896789550781,0.8141986555064814,1.2162944078445437,4.76831470271044,127.73822948658815,dxy_raw_candidates/images/GP_IIa_5.2mm_closed_R10_single_refY_001-raw01-22.jpg,dxy_raw_candidates/masks/GP_IIa_5.2mm_closed_R10_single_refY_001-raw01-22.png,dxy_raw_candidates/ring_fit/json/GP_IIa_5.2mm_closed_R10_single_refY_001-raw01-22.json,circle,B,ok,
197.884945305737,173.94230769230768,12653.420844327176,8.5311245770048,11.819230769230767,186.05672823219,12707.0,1040.0,4548.0,1.0,1.0,428.71783447265625,1.0,GP_IIa_5.2mm_closed_R10_single_refY,GP_IIa_5.2mm_closed_R10_single_refY_001,1,187,GP_IIa_5.2mm_closed_R10_single_refY_001-raw01-23,31.309257661602807,7.228746538493794,True,267.3274230957031,0.8106818639512264,1.0712677240371704,4.821736488985847,128.8982390447113,dxy_raw_candidates/images/GP_IIa_5.2mm_closed_R10_single_refY_001-raw01-23.jpg,dxy_raw_candidates/masks/GP_IIa_5.2mm_closed_R10_single_refY_001-raw01-23.png,dxy_raw_candidates/ring_fit/json/GP_IIa_5.2mm_closed_R10_single_refY_001-raw01-23.json,circle,B,ok,
197.47682379790663,173.8403846153846,12548.525945470536,8.4593531124577,11.648076923076925,184.51473175021988,12707.0,1040.0,4548.0,1.0,1.0,428.71783447265625,1.0,GP_IIa_5.2mm_closed_R10_single_refY,GP_IIa_5.2mm_closed_R10_single_refY_001,1,193,GP_IIa_5.2mm_closed_R10_single_refY_001-raw01-24,31.287253520116696,7.228688024115669,True,267.3226013183594,0.8107182632979917,1.0688172578811646,4.831974054565293,129.16958737692153,dxy_raw_candidates/images/GP_IIa_5.2mm_closed_R10_single_refY_001-raw01-24.jpg,dxy_raw_candidates/masks/GP_IIa_5.2mm_closed_R10_single_refY_001-raw01-24.png,dxy_raw_candidates/ring_fit/json/GP_IIa_5.2mm_closed_R10_single_refY_001-raw01-24.json,circle,A,ok,
191.4607249389858,664.555785123967,20680.198033707864,9.732079905992949,21.229338842975206,334.5936329588015,11063.0,968.0,4272.0,1.0,1.0,399.1614685058594,1.0,GP_IIa_5.2mm_closed_R10_single_refY,GP_IIa_5.2mm_closed_R10_single_refY_001,2,311,GP_IIa_5.2mm_closed_R10_single_refY_001-raw02-18,50.03594174797153,7.118164940224294,True,240.34445190429688,0.9126784364193232,0.8771917223930359,5.0078244880756655,120.3602831819464,dxy_raw_candidates/images/GP_IIa_5.2mm_closed_R10_single_refY_001-raw02-18.jpg,dxy_raw_candidates/masks/GP_IIa_5.2mm_closed_R10_single_refY_001-raw02-18.png,dxy_raw_candidates/ring_fit/json/GP_IIa_5.2mm_closed_R10_single_refY_001-raw02-18.json,circle,A,ok,
249.7335439705108,402.77777777777777,23663.60177404295,12.671493768650167,16.194444444444443,402.4488795518207,11394.0,972.0,4284.0,1.0,1.0,405.2619934082031,1.0,GP_IIa_5.2mm_closed_R10_single_refY,GP_IIa_5.2mm_closed_R10_single_refY_001,2,318,GP_IIa_5.2mm_closed_R10_single_refY_001-raw02-19,48.76000838385215,7.121003462632366,True,241.021240234375,0.9088306677102668,0.8558961153030396,5.062259138017311,122.0111975832733,dxy_raw_candidates/images/GP_IIa_5.2mm_closed_R10_single_refY_001-raw02-19.jpg,dxy_raw_candidates/masks/GP_IIa_5.2mm_closed_R10_single_refY_001-raw02-19.png,dxy_raw_candidates/ring_fit/json/GP_IIa_5.2mm_closed_R10_single_refY_001-raw02-19.json,circle,A,ok,
256.62070197374294,1276.823770491803,20858.62652296157,11.966866124854873,96.8186475409836,310.302014995314,11197.0,976.0,4268.0,1.0,1.0,403.1614685058594,1.0,GP_IIa_5.2mm_closed_R10_single_refY,GP_IIa_5.2mm_closed_R10_single_refY_001,2,337,GP_IIa_5.2mm_closed_R10_single_refY_001-raw02-22,47.89139629881,7.1307271181095375,True,240.39556884765625,0.9033700869635076,0.8105767965316772,5.036191694275814,121.06781671712773,dxy_raw_candidates/images/GP_IIa_5.2mm_closed_R10_single_refY_001-raw02-22.jpg,dxy_raw_candidates/masks/GP_IIa_5.2mm_closed_R10_single_refY_001-raw02-22.png,dxy_raw_candidates/ring_fit/json/GP_IIa_5.2mm_closed_R10_single_refY_001-raw02-22.json,circle,A,ok,
541.1009421265142,4019.2966804979255,11445.30270522388,26.402243158366986,171.48858921161826,258.4869402985075,11145.0,964.0,4288.0,1.0,1.0,400.0903930664063,1.0,GP_IIa_5.2mm_closed_R10_single_refY,GP_IIa_5.2mm_closed_R10_single_refY_001,3,409,GP_IIa_5.2mm_closed_R10_single_refY_001-raw03-09,57.94078735057219,7.0532113374630985,True,241.86477661132807,0.884864002314695,0.835196316242218,4.990897416972863,120.71222888461976,dxy_raw_candidates/images/GP_IIa_5.2mm_closed_R10_single_refY_001-raw03-09.jpg,dxy_raw_candidates/masks/GP_IIa_5.2mm_closed_R10_single_refY_001-raw03-09.png,dxy_raw_candidates/ring_fit/json/GP_IIa_5.2mm_closed_R10_single_refY_001-raw03-09.json,circle,A,ok,
271.3679716595513,2471.6348547717844,20513.373358348967,13.91888454900536,121.63381742738588,478.13602251407127,11009.0,964.0,4264.0,1.0,1.0,398.33306884765625,1.0,GP_IIa_5.2mm_closed_R10_single_refY,GP_IIa_5.2mm_closed_R10_single_refY_001,3,383,GP_IIa_5.2mm_closed_R10_single_refY_001-raw03-05,57.194182864943855,7.080973668736706,True,240.9279937744141,0.8874155355706959,0.773553192615509,4.993179229766504,120.29966543837187,dxy_raw_candidates/images/GP_IIa_5.2mm_closed_R10_single_refY_001-raw03-05.jpg,dxy_raw_candidates/masks/GP_IIa_5.2mm_closed_R10_single_refY_001-raw03-05.png,dxy_raw_candidates/ring_fit/json/GP_IIa_5.2mm_closed_R10_single_refY_001-raw03-05.json,circle,B,ok,
316.0057704445045,2320.4303278688526,19949.174647887325,15.538634929221892,113.33811475409836,473.1929577464789,11091.0,976.0,4260.0,1.0,1.0,401.4041137695313,1.0,GP_IIa_5.2mm_closed_R10_single_refY,GP_IIa_5.2mm_closed_R10_single_refY_001,3,377,GP_IIa_5.2mm_closed_R10_single_refY_001-raw03-04,56.73988380193709,7.079383086512781,True,240.86231994628903,0.8876313706728222,0.7581624984741211,4.925942316113769,118.64738941807587,dxy_raw_candidates/images/GP_IIa_5.2mm_closed_R10_single_refY_001-raw03-04.jpg,dxy_raw_candidates/masks/GP_IIa_5.2mm_closed_R10_single_refY_001-raw03-04.png,dxy_raw_candidates/ring_fit/json/GP_IIa_5.2mm_closed_R10_single_refY_001-raw03-04.json,circle,A,ok,
160.25065022637511,1672.2629310344828,15265.324544582934,10.062421732010405,67.55926724137932,477.6462128475552,10381.0,928.0,4172.0,1.0,1.0,389.1198425292969,1.0,GP_IIa_5.2mm_closed_R10_single_refY,GP_IIa_5.2mm_closed_R10_single_refY_001,4,664,GP_IIa_5.2mm_closed_R10_single_refY_001-raw04-24,89.30799479098852,6.946690147606001,True,229.662109375,0.9374373048912368,1.0668045282363892,5.070005526021675,116.43881636490444,dxy_raw_candidates/images/GP_IIa_5.2mm_closed_R10_single_refY_001-raw04-24.jpg,dxy_raw_candidates/masks/GP_IIa_5.2mm_closed_R10_single_refY_001-raw04-24.png,dxy_raw_candidates/ring_fit/json/GP_IIa_5.2mm_closed_R10_single_refY_001-raw04-24.json,circle,B,ok,
344.9758354755784,2716.418699186992,14517.22476635514,16.182005141388174,112.54674796747967,388.4976635514018,11670.0,984.0,4280.0,1.0,1.0,411.8477783203125,1.0,GP_IIa_5.2mm_closed_R10_single_refY,GP_IIa_5.2mm_closed_R10_single_refY_001,4,619,GP_IIa_5.2mm_closed_R10_single_refY_001-raw04-17,84.7543848885242,6.941492869686703,True,239.1234436035156,0.9102538291878164,0.8563499450683594,5.165982044399904,123.53074160508372,dxy_raw_candidates/images/GP_IIa_5.2mm_closed_R10_single_refY_001-raw04-17.jpg,dxy_raw_candidates/masks/GP_IIa_5.2mm_closed_R10_single_refY_001-raw04-17.png,dxy_raw_candidates/ring_fit/json/GP_IIa_5.2mm_closed_R10_single_refY_001-raw04-17.json,circle,A,ok,
253.94298510033587,1315.327935222672,10732.514540337712,15.202480406511068,82.63663967611336,333.11772983114446,11611.0,988.0,4264.0,1.0,1.0,410.3330383300781,1.0,GP_IIa_5.2mm_closed_R10_single_refY,GP_IIa_5.2mm_closed_R10_single_refY_001,4,638,GP_IIa_5.2mm_closed_R10_single_refY_001-raw04-20,82.17890716620553,6.966695497389254,True,236.3595733642578,0.9104431108392592,0.7432898283004761,5.213229489761189,123.21966980499238,dxy_raw_candidates/images/GP_IIa_5.2mm_closed_R10_single_refY_001-raw04-20.jpg,dxy_raw_candidates/masks/GP_IIa_5.2mm_closed_R10_single_refY_001-raw04-20.png,dxy_raw_candidates/ring_fit/json/GP_IIa_5.2mm_closed_R10_single_refY_001-raw04-20.json,circle,B,ok,
246.6279116066096,1777.375,13416.455653021443,12.393788572566196,87.50969827586206,455.3206627680312,10046.0,928.0,4104.0,1.0,1.0,381.504638671875,1.0,GP_IIa_5.2mm_closed_R10_single_refY,GP_IIa_5.2mm_closed_R10_single_refY_001,5,764,GP_IIa_5.2mm_closed_R10_single_refY_001-raw05-15,92.95773280706996,7.011682286327631,True,224.7654724121093,0.9576379712341512,0.8471511602401733,5.114596282455848,114.95846496234094,dxy_raw_candidates/images/GP_IIa_5.2mm_closed_R10_single_refY_001-raw05-15.jpg,dxy_raw_candidates/masks/GP_IIa_5.2mm_closed_R10_single_refY_001-raw05-15.png,dxy_raw_candidates/ring_fit/json/GP_IIa_5.2mm_closed_R10_single_refY_001-raw05-15.json,circle,A,ok,
123.59745222929936,1693.2847826086957,15656.653550863724,7.977364037236649,131.17391304347825,551.2147312859885,10205.0,920.0,4168.0,1.0,1.0,385.7056274414063,1.0,GP_IIa_5.2mm_closed_R10_single_refY,GP_IIa_5.2mm_closed_R10_single_refY_001,5,671,GP_IIa_5.2mm_closed_R10_single_refY_001-raw05-01,91.99771542984648,6.948284170693457,True,229.3805389404297,0.9285468293611022,0.9982943534851074,5.0369246899800855,115.5372499989991,dxy_raw_candidates/images/GP_IIa_5.2mm_closed_R10_single_refY_001-raw05-01.jpg,dxy_raw_candidates/masks/GP_IIa_5.2mm_closed_R10_single_refY_001-raw05-01.png,dxy_raw_candidates/ring_fit/json/GP_IIa_5.2mm_closed_R10_single_refY_001-raw05-01.json,circle,A,ok,
153.69250072386836,778.7693965517242,17787.40366088632,8.27777241578998,36.011853448275865,700.7757707129094,10361.0,928.0,4152.0,1.0,1.0,387.3624877929688,1.0,GP_IIa_5.2mm_closed_R10_single_refY,GP_IIa_5.2mm_closed_R10_single_refY_001,5,691,GP_IIa_5.2mm_closed_R10_single_refY_001-raw05-04,91.69943236196896,6.9716737438214045,True,227.89683532714844,0.931480437591517,0.8922767639160156,5.106179334166627,116.36821108694612,dxy_raw_candidates/images/GP_IIa_5.2mm_closed_R10_single_refY_001-raw05-04.jpg,dxy_raw_candidates/masks/GP_IIa_5.2mm_closed_R10_single_refY_001-raw05-04.png,dxy_raw_candidates/ring_fit/json/GP_IIa_5.2mm_closed_R10_single_refY_001-raw05-04.json,circle,B,ok,
314.19621286320603,241.2246835443038,11247.582914572864,9.939384046142129,11.28876582278481,153.4450825556353,18378.0,1264.0,5572.0,1.0,1.0,526.658935546875,1.0,GP_IIa_5.2mm_closed_R10_single_refY,GP_IIa_5.2mm_closed_R10_single_refY_004,1,143,GP_IIa_5.2mm_closed_R10_single_refY_004-raw01-13,30.81253129789446,7.806701100437015,True,354.732421875,0.6188365049381906,2.134659767150879,5.2398004726824245,185.8727111816409,dxy_raw_candidates/images/GP_IIa_5.2mm_closed_R10_single_refY_004-raw01-13.jpg,dxy_raw_candidates/masks/GP_IIa_5.2mm_closed_R10_single_refY_004-raw01-13.png,dxy_raw_candidates/ring_fit/json/GP_IIa_5.2mm_closed_R10_single_refY_004-raw01-13.json,ellipse,B,ok,
218.8726015557476,138.8754098360656,7777.419500281796,6.472371074618265,6.559016393442623,78.32124741687018,17355.0,1220.0,5323.0,1.0,1.0,506.4162902832031,1.0,GP_IIa_5.2mm_closed_R10_single_refY,GP_IIa_5.2mm_closed_R10_single_refY_004,1,213,GP_IIa_5.2mm_closed_R10_single_refY_004-raw01-22,30.63231430641341,7.610366324812685,True,331.2344970703125,0.6814192361643412,1.6601899862289429,5.240900683367772,173.5967102050784,dxy_raw_candidates/images/GP_IIa_5.2mm_closed_R10_single_refY_004-raw01-22.jpg,dxy_raw_candidates/masks/GP_IIa_5.2mm_closed_R10_single_refY_004-raw01-22.png,dxy_raw_candidates/ring_fit/json/GP_IIa_5.2mm_closed_R10_single_refY_004-raw01-22.json,ellipse,A,ok,
314.19718617079286,243.123417721519,11672.929648241206,10.081633765950484,12.932753164556962,141.7627422828428,18338.0,1264.0,5572.0,1.0,1.0,526.658935546875,1.0,GP_IIa_5.2mm_closed_R10_single_refY,GP_IIa_5.2mm_closed_R10_single_refY_004,1,136,GP_IIa_5.2mm_closed_R10_single_refY_004-raw01-12,30.267648447812626,7.80368504195429,True,355.09344482421875,0.6183419072568158,1.8871955871582031,5.250443849455753,186.43981933593773,dxy_raw_candidates/images/GP_IIa_5.2mm_closed_R10_single_refY_004-raw01-12.jpg,dxy_raw_candidates/masks/GP_IIa_5.2mm_closed_R10_single_refY_004-raw01-12.png,dxy_raw_candidates/ring_fit/json/GP_IIa_5.2mm_closed_R10_single_refY_004-raw01-12.json,ellipse,B,ok,
258.3757079924481,138.320819112628,11105.999609298691,6.941724354940214,8.748293515358363,116.50537214299668,15890.0,1172.0,5119.0,1.0,1.0,484.1736450195313,1.0,GP_IIa_5.2mm_closed_R10_single_refY,GP_IIa_5.2mm_closed_R10_single_refY_004,2,251,GP_IIa_5.2mm_closed_R10_single_refY_004-raw02-03,29.571792534679844,7.683015964607963,True,315.4718017578125,0.6872708870410019,1.6535595655441284,5.245063062400725,165.46694946289088,dxy_raw_candidates/images/GP_IIa_5.2mm_closed_R10_single_refY_004-raw02-03.jpg,dxy_raw_candidates/masks/GP_IIa_5.2mm_closed_R10_single_refY_004-raw02-03.png,dxy_raw_candidates/ring_fit/json/GP_IIa_5.2mm_closed_R10_single_refY_004-raw02-03.json,ellipse,A,ok,
242.35536533170284,173.06101694915253,14601.12886996904,7.120635891164781,9.865254237288136,165.62596749226006,16355.0,1180.0,5168.0,1.0,1.0,490.5167846679688,1.0,GP_IIa_5.2mm_closed_R10_single_refY,GP_IIa_5.2mm_closed_R10_single_refY_004,2,236,GP_IIa_5.2mm_closed_R10_single_refY_004-raw02-01,29.3970561818429,7.709153357844232,True,321.0717163085937,0.6913000585167055,1.694830298423767,5.225896070651138,167.78874206542994,dxy_raw_candidates/images/GP_IIa_5.2mm_closed_R10_single_refY_004-raw02-01.jpg,dxy_raw_candidates/masks/GP_IIa_5.2mm_closed_R10_single_refY_004-raw02-01.png,dxy_raw_candidates/ring_fit/json/GP_IIa_5.2mm_closed_R10_single_refY_004-raw02-01.json,ellipse,B,ok,
255.24818198769344,159.964406779661,13288.536102484471,7.532786375784697,9.272881355932205,147.3233695652174,16089.0,1180.0,5152.0,1.0,1.0,489.34521484375,1.0,GP_IIa_5.2mm_closed_R10_single_refY,GP_IIa_5.2mm_closed_R10_single_refY_004,2,244,GP_IIa_5.2mm_closed_R10_single_refY_004-raw02-02,29.37250427018153,7.700897388594621,True,318.01348876953125,0.6915189714533142,1.6556241512298584,5.259517961711852,167.25976562500003,dxy_raw_candidates/images/GP_IIa_5.2mm_closed_R10_single_refY_004-raw02-02.jpg,dxy_raw_candidates/masks/GP_IIa_5.2mm_closed_R10_single_refY_004-raw02-02.png,dxy_raw_candidates/ring_fit/json/GP_IIa_5.2mm_closed_R10_single_refY_004-raw02-02.json,ellipse,B,ok,
363.5976042241312,221.98490566037736,11952.74688057041,10.768618488454567,12.822641509433964,230.2453208556149,12689.0,1060.0,4488.0,1.0,1.0,436.96044921875,1.0,GP_IIa_5.2mm_closed_R10_single_refY,GP_IIa_5.2mm_closed_R10_single_refY_004,3,591,GP_IIa_5.2mm_closed_R10_single_refY_004-raw03-23,24.16636567878253,7.599740019314986,True,278.7842102050781,0.6717600211315674,1.6147576570510864,5.354741510340057,149.2817382812501,dxy_raw_candidates/images/GP_IIa_5.2mm_closed_R10_single_refY_004-raw03-23.jpg,dxy_raw_candidates/masks/GP_IIa_5.2mm_closed_R10_single_refY_004-raw03-23.png,dxy_raw_candidates/ring_fit/json/GP_IIa_5.2mm_closed_R10_single_refY_004-raw03-23.json,ellipse,A,ok,
396.2364958731715,254.6158301158301,9987.248660714286,10.38326387186402,12.038610038610038,157.57433035714286,12237.0,1036.0,4480.0,1.0,1.0,430.2325134277344,1.0,GP_IIa_5.2mm_closed_R10_single_refY,GP_IIa_5.2mm_closed_R10_single_refY_004,3,467,GP_IIa_5.2mm_closed_R10_single_refY_004-raw03-07,22.60214026345029,7.661536150303769,True,281.2086486816406,0.633530127893278,1.9906213283538816,5.308784548943557,149.28761291503943,dxy_raw_candidates/images/GP_IIa_5.2mm_closed_R10_single_refY_004-raw03-07.jpg,dxy_raw_candidates/masks/GP_IIa_5.2mm_closed_R10_single_refY_004-raw03-07.png,dxy_raw_candidates/ring_fit/json/GP_IIa_5.2mm_closed_R10_single_refY_004-raw03-07.json,ellipse,A,ok,
336.1019170104344,202.21946564885496,8406.993327402135,9.850845264094476,12.168893129770993,128.40925266903915,12363.0,1048.0,4496.0,1.0,1.0,433.8893737792969,1.0,GP_IIa_5.2mm_closed_R10_single_refY,GP_IIa_5.2mm_closed_R10_single_refY_004,3,490,GP_IIa_5.2mm_closed_R10_single_refY_004-raw03-10,22.300297093351368,7.644744414860075,True,283.048828125,0.6312420407177765,1.6811776161193848,5.44898653835538,154.2329254150393,dxy_raw_candidates/images/GP_IIa_5.2mm_closed_R10_single_refY_004-raw03-10.jpg,dxy_raw_candidates/masks/GP_IIa_5.2mm_closed_R10_single_refY_004-raw03-10.png,dxy_raw_candidates/ring_fit/json/GP_IIa_5.2mm_closed_R10_single_refY_004-raw03-10.json,ellipse,B,ok,
331.27799841143764,210.772030651341,13946.352119026147,10.144162033359809,9.88888888888889,274.5245716862038,12590.0,1044.0,4436.0,1.0,1.0,435.4040832519531,1.0,GP_IIa_5.2mm_closed_R10_single_refY,GP_IIa_5.2mm_closed_R10_single_refY_004,4,652,GP_IIa_5.2mm_closed_R10_single_refY_004-raw04-07,25.019052464236747,7.51242461095278,True,270.70635986328125,0.7076269061008948,1.5371402502059937,5.401752729776632,146.22888183593756,dxy_raw_candidates/images/GP_IIa_5.2mm_closed_R10_single_refY_004-raw04-07.jpg,dxy_raw_candidates/masks/GP_IIa_5.2mm_closed_R10_single_refY_004-raw04-07.png,dxy_raw_candidates/ring_fit/json/GP_IIa_5.2mm_closed_R10_single_refY_004-raw04-07.json,ellipse,A,ok,
279.95750535004584,178.00553505535055,14827.12941696113,8.268572302048304,8.391143911439114,246.92491166077733,13084.0,1084.0,4528.0,1.0,1.0,444.8599243164063,1.0,GP_IIa_5.2mm_closed_R10_single_refY,GP_IIa_5.2mm_closed_R10_single_refY_004,4,645,GP_IIa_5.2mm_closed_R10_single_refY_004-raw04-06,24.101936898761355,7.542906469744082,True,277.2237243652344,0.6959012203904762,1.7276045083999634,5.369172750487199,148.84620666503932,dxy_raw_candidates/images/GP_IIa_5.2mm_closed_R10_single_refY_004-raw04-06.jpg,dxy_raw_candidates/masks/GP_IIa_5.2mm_closed_R10_single_refY_004-raw04-06.png,dxy_raw_candidates/ring_fit/json/GP_IIa_5.2mm_closed_R10_single_refY_004-raw04-06.json,ellipse,A,ok,
292.3278795278796,226.5519230769231,12762.49546279492,9.451770451770452,11.884615384615383,279.7334392014519,12285.0,1040.0,4408.0,1.0,1.0,429.3035888671875,1.0,GP_IIa_5.2mm_closed_R10_single_refY,GP_IIa_5.2mm_closed_R10_single_refY_004,4,660,GP_IIa_5.2mm_closed_R10_single_refY_004-raw04-08,23.74149263170031,7.525937218361226,True,267.1697692871094,0.7155153369597141,1.4764331579208374,5.382105720420272,143.7935943603517,dxy_raw_candidates/images/GP_IIa_5.2mm_closed_R10_single_refY_004-raw04-08.jpg,dxy_raw_candidates/masks/GP_IIa_5.2mm_closed_R10_single_refY_004-raw04-08.png,dxy_raw_candidates/ring_fit/json/GP_IIa_5.2mm_closed_R10_single_refY_004-raw04-08.json,ellipse,A,ok,
219.4227642276423,206.4679487179488,11055.810022438294,6.76439701897019,7.770032051282051,175.137808526552,17712.0,1248.0,5348.0,1.0,1.0,514.5584106445312,1.0,GP_IIa_5.2mm_closed_R10_single_refY,GP_IIa_5.2mm_closed_R10_single_refY_004,5,853,GP_IIa_5.2mm_closed_R10_single_refY_004-raw05-09,14.333585465484193,7.566852281898047,True,321.58551025390625,0.7394550007140265,1.7794928550720217,5.53131969609348,177.87922668457043,dxy_raw_candidates/images/GP_IIa_5.2mm_closed_R10_single_refY_004-raw05-09.jpg,dxy_raw_candidates/masks/GP_IIa_5.2mm_closed_R10_single_refY_004-raw05-09.png,dxy_raw_candidates/ring_fit/json/GP_IIa_5.2mm_closed_R10_single_refY_004-raw05-09.json,ellipse,A,ok,
162.18236961169393,126.14153846153846,11173.904976590948,6.574106299408343,9.114615384615384,123.19611583145485,20113.0,1300.0,5767.0,1.0,1.0,541.72998046875,1.0,GP_IIa_5.2mm_closed_R10_single_refY,GP_IIa_5.2mm_closed_R10_single_refY_004,5,970,GP_IIa_5.2mm_closed_R10_single_refY_004-raw05-24,14.272925280530952,7.599187498634672,True,327.4519958496094,0.8337156506374709,1.153829574584961,5.411869695162521,177.21275329589855,dxy_raw_candidates/images/GP_IIa_5.2mm_closed_R10_single_refY_004-raw05-24.jpg,dxy_raw_candidates/masks/GP_IIa_5.2mm_closed_R10_single_refY_004-raw05-24.png,dxy_raw_candidates/ring_fit/json/GP_IIa_5.2mm_closed_R10_single_refY_004-raw05-24.json,ellipse,A,ok,
241.9755128693476,295.05537974683546,10237.94585511576,9.059313272024813,10.240506329113924,152.5670276325616,18377.0,1264.0,5356.0,1.0,1.0,523.1441650390625,1.0,GP_IIa_5.2mm_closed_R10_single_refY,GP_IIa_5.2mm_closed_R10_single_refY_004,5,814,GP_IIa_5.2mm_closed_R10_single_refY_004-raw05-04,14.0506639358332,7.531663273450407,True,325.1730041503906,0.7373434736678045,1.3802930116653442,5.507737533421259,179.09675598144543,dxy_raw_candidates/images/GP_IIa_5.2mm_closed_R10_single_refY_004-raw05-04.jpg,dxy_raw_candidates/masks/GP_IIa_5.2mm_closed_R10_single_refY_004-raw05-04.png,dxy_raw_candidates/ring_fit/json/GP_IIa_5.2mm_closed_R10_single_refY_004-raw05-04.json,ellipse,B,ok,
306.26091932099945,,30970.71329639889,8.777353932227097,,522.6216528162512,31458.0,0.0,4332.0,0.9314024390243902,2.0,709.2396821975708,1.0,GP_IIa_9.5mm_closed_R10_single_refY,GP_IIa_9.5mm_closed_R10_single_refY_004,1,117,GP_IIa_9.5mm_closed_R10_single_refY_004-raw01-07,32.94807059393992,7.800986286158563,False,271.9020080566406,0.613605831013094,1.4323242902755735,,,dxy_raw_candidates/images/GP_IIa_9.5mm_closed_R10_single_refY_004-raw01-07.jpg,dxy_raw_candidates/masks/GP_IIa_9.5mm_closed_R10_single_refY_004-raw01-07.png,dxy_raw_candidates/ring_fit/json/GP_IIa_9.5mm_closed_R10_single_refY_004-raw01-07.json,none,none,ok,
313.31576579471687,,22297.658139534884,9.452535509994217,,385.4406976744186,31118.0,1.0,4300.0,0.946875,1.0,703.9970092773438,1.0,GP_IIa_9.5mm_closed_R10_single_refY,GP_IIa_9.5mm_closed_R10_single_refY_004,1,107,GP_IIa_9.5mm_closed_R10_single_refY_004-raw01-06,31.91517125447121,7.793731426551954,False,270.3324584960937,0.6135253084352439,1.4178956747055054,,,dxy_raw_candidates/images/GP_IIa_9.5mm_closed_R10_single_refY_004-raw01-06.jpg,dxy_raw_candidates/masks/GP_IIa_9.5mm_closed_R10_single_refY_004-raw01-06.png,dxy_raw_candidates/ring_fit/json/GP_IIa_9.5mm_closed_R10_single_refY_004-raw01-06.json,none,none,ok,
277.7164567221641,,20210.29241706161,9.650670358988211,,258.2154028436019,29611.0,0.0,4220.0,1.0,1.0,734.7249755859375,1.0,GP_IIa_9.5mm_closed_R10_single_refY,GP_IIa_9.5mm_closed_R10_single_refY_004,1,80,GP_IIa_9.5mm_closed_R10_single_refY_004-raw01-03,31.72213731327292,7.846468333416279,False,267.3352966308594,0.5788640226944846,1.4753787517547607,,,dxy_raw_candidates/images/GP_IIa_9.5mm_closed_R10_single_refY_004-raw01-03.jpg,dxy_raw_candidates/masks/GP_IIa_9.5mm_closed_R10_single_refY_004-raw01-03.png,dxy_raw_candidates/ring_fit/json/GP_IIa_9.5mm_closed_R10_single_refY_004-raw01-03.json,none,none,ok,
362.4002916794596,,18661.25721393035,12.762703408044212,,223.03084577114427,26056.0,1.0,4020.0,0.9749163879598662,1.0,677.6832885742188,1.0,GP_IIa_9.5mm_closed_R10_single_refY,GP_IIa_9.5mm_closed_R10_single_refY_004,2,303,GP_IIa_9.5mm_closed_R10_single_refY_004-raw02-03,23.51716238309012,7.796561352730949,False,254.45106506347656,0.570385980341331,1.17928147315979,,,dxy_raw_candidates/images/GP_IIa_9.5mm_closed_R10_single_refY_004-raw02-03.jpg,dxy_raw_candidates/masks/GP_IIa_9.5mm_closed_R10_single_refY_004-raw02-03.png,dxy_raw_candidates/ring_fit/json/GP_IIa_9.5mm_closed_R10_single_refY_004-raw02-03.json,none,none,ok,
350.18154656043254,,11724.288834951456,12.337411965568757,,164.04101941747572,28114.0,0.0,4120.0,1.0,1.0,718.2396240234375,1.0,GP_IIa_9.5mm_closed_R10_single_refY,GP_IIa_9.5mm_closed_R10_single_refY_004,2,321,GP_IIa_9.5mm_closed_R10_single_refY_004-raw02-05,22.24033739909302,7.692226009277126,False,260.3968200683594,0.5810347118254864,1.4064874649047852,,,dxy_raw_candidates/images/GP_IIa_9.5mm_closed_R10_single_refY_004-raw02-05.jpg,dxy_raw_candidates/masks/GP_IIa_9.5mm_closed_R10_single_refY_004-raw02-05.png,dxy_raw_candidates/ring_fit/json/GP_IIa_9.5mm_closed_R10_single_refY_004-raw02-05.json,none,none,ok,
316.8600836055784,,11660.79054054054,11.113113429585134,,120.95945945945944,28467.0,0.0,4144.0,1.0,1.0,722.2396240234375,1.0,GP_IIa_9.5mm_closed_R10_single_refY,GP_IIa_9.5mm_closed_R10_single_refY_004,2,330,GP_IIa_9.5mm_closed_R10_single_refY_004-raw02-06,21.049242238998414,7.693882522449383,False,261.09228515625,0.5847035286372908,1.1125398874282837,,,dxy_raw_candidates/images/GP_IIa_9.5mm_closed_R10_single_refY_004-raw02-06.jpg,dxy_raw_candidates/masks/GP_IIa_9.5mm_closed_R10_single_refY_004-raw02-06.png,dxy_raw_candidates/ring_fit/json/GP_IIa_9.5mm_closed_R10_single_refY_004-raw02-06.json,none,none,ok,
181.5769198803192,,9161.089604344454,7.28949883643617,,89.52424359968968,48128.0,0.0,5156.0,0.9443742098609356,2.0,863.4650421142578,1.0,GP_IIa_9.5mm_closed_R10_single_refY,GP_IIa_9.5mm_closed_R10_single_refY_004,3,646,GP_IIa_9.5mm_closed_R10_single_refY_004-raw03-16,18.199359633603507,7.678543551341292,False,313.1588134765625,0.7202292521623644,1.7844732999801636,,,dxy_raw_candidates/images/GP_IIa_9.5mm_closed_R10_single_refY_004-raw03-16.jpg,dxy_raw_candidates/masks/GP_IIa_9.5mm_closed_R10_single_refY_004-raw03-16.png,dxy_raw_candidates/ring_fit/json/GP_IIa_9.5mm_closed_R10_single_refY_004-raw03-16.json,none,none,ok,
193.28678873617764,,9525.04648900992,6.993127993911448,,90.22660960902547,44674.0,0.0,5141.0,1.0,1.0,890.1218872070312,1.0,GP_IIa_9.5mm_closed_R10_single_refY,GP_IIa_9.5mm_closed_R10_single_refY_004,3,609,GP_IIa_9.5mm_closed_R10_single_refY_004-raw03-12,17.747525869859295,7.707597904681298,False,308.9555969238281,0.6796210896113577,1.8289998769760127,,,dxy_raw_candidates/images/GP_IIa_9.5mm_closed_R10_single_refY_004-raw03-12.jpg,dxy_raw_candidates/masks/GP_IIa_9.5mm_closed_R10_single_refY_004-raw03-12.png,dxy_raw_candidates/ring_fit/json/GP_IIa_9.5mm_closed_R10_single_refY_004-raw03-12.json,none,none,ok,
188.9684525149958,,10835.92275334608,6.513010010850206,,112.42982791586998,48847.0,0.0,5230.0,0.8965952080706179,3.0,823.9797921180725,1.0,GP_IIa_9.5mm_closed_R10_single_refY,GP_IIa_9.5mm_closed_R10_single_refY_004,3,656,GP_IIa_9.5mm_closed_R10_single_refY_004-raw03-17,17.27029730478923,7.656734749656863,False,311.9593200683594,0.7350518598556093,1.4043138027191162,,,dxy_raw_candidates/images/GP_IIa_9.5mm_closed_R10_single_refY_004-raw03-17.jpg,dxy_raw_candidates/masks/GP_IIa_9.5mm_closed_R10_single_refY_004-raw03-17.png,dxy_raw_candidates/ring_fit/json/GP_IIa_9.5mm_closed_R10_single_refY_004-raw03-17.json,none,none,ok,
379.4050092709774,,14030.54399633364,16.832298319451393,,234.59028414298808,33977.0,0.0,4364.0,1.0,1.0,772.13916015625,1.0,GP_IIa_9.5mm_closed_R10_single_refY,GP_IIa_9.5mm_closed_R10_single_refY_004,4,869,GP_IIa_9.5mm_closed_R10_single_refY_004-raw04-16,18.39777096591056,7.668073870461572,False,268.1309814453125,0.6818091642775717,1.4655221700668335,,,dxy_raw_candidates/images/GP_IIa_9.5mm_closed_R10_single_refY_004-raw04-16.jpg,dxy_raw_candidates/masks/GP_IIa_9.5mm_closed_R10_single_refY_004-raw04-16.png,dxy_raw_candidates/ring_fit/json/GP_IIa_9.5mm_closed_R10_single_refY_004-raw04-16.json,none,none,ok,
334.79788647343,,13404.758333333331,15.814522946859904,,205.97291666666663,33120.0,0.0,4320.0,1.0,1.0,763.5533447265625,1.0,GP_IIa_9.5mm_closed_R10_single_refY,GP_IIa_9.5mm_closed_R10_single_refY_004,4,842,GP_IIa_9.5mm_closed_R10_single_refY_004-raw04-13,17.491378912597234,7.649691665333806,False,263.8755187988281,0.6817429142526487,1.4492205381393433,,,dxy_raw_candidates/images/GP_IIa_9.5mm_closed_R10_single_refY_004-raw04-13.jpg,dxy_raw_candidates/masks/GP_IIa_9.5mm_closed_R10_single_refY_004-raw04-13.png,dxy_raw_candidates/ring_fit/json/GP_IIa_9.5mm_closed_R10_single_refY_004-raw04-13.json,none,none,ok,
322.5736012738154,,14039.87954494758,15.362076538736067,,178.12313183136294,36426.0,0.0,4483.0,0.9970845481049564,2.0,788.0386962890625,1.0,GP_IIa_9.5mm_closed_R10_single_refY,GP_IIa_9.5mm_closed_R10_single_refY_004,4,814,GP_IIa_9.5mm_closed_R10_single_refY_004-raw04-10,16.611604799311845,7.649013467818546,False,272.4921875,0.7068778661277827,1.168041706085205,,,dxy_raw_candidates/images/GP_IIa_9.5mm_closed_R10_single_refY_004-raw04-10.jpg,dxy_raw_candidates/masks/GP_IIa_9.5mm_closed_R10_single_refY_004-raw04-10.png,dxy_raw_candidates/ring_fit/json/GP_IIa_9.5mm_closed_R10_single_refY_004-raw04-10.json,none,none,ok,
206.5001550387597,,13681.956984924624,9.589324473975635,,192.9091457286432,45150.0,0.0,4975.0,1.0,1.0,877.234619140625,1.0,GP_IIa_9.5mm_closed_R10_single_refY,GP_IIa_9.5mm_closed_R10_single_refY_004,5,1122,GP_IIa_9.5mm_closed_R10_single_refY_004-raw05-19,19.300745440531365,7.675040112048654,False,296.9621887207031,0.7572032630562039,1.0421980619430542,,,dxy_raw_candidates/images/GP_IIa_9.5mm_closed_R10_single_refY_004-raw05-19.jpg,dxy_raw_candidates/masks/GP_IIa_9.5mm_closed_R10_single_refY_004-raw05-19.png,dxy_raw_candidates/ring_fit/json/GP_IIa_9.5mm_closed_R10_single_refY_004-raw05-19.json,none,none,ok,
215.9927311174255,,14057.559847113256,9.981805766646842,,231.32890766445385,45399.0,0.0,4971.0,0.9705488621151273,1.0,852.8203735351562,1.0,GP_IIa_9.5mm_closed_R10_single_refY,GP_IIa_9.5mm_closed_R10_single_refY_004,5,1094,GP_IIa_9.5mm_closed_R10_single_refY_004-raw05-16,19.08987623426649,7.660593329164287,False,294.9916381835937,0.7618778351157433,1.1604210138320925,,,dxy_raw_candidates/images/GP_IIa_9.5mm_closed_R10_single_refY_004-raw05-16.jpg,dxy_raw_candidates/masks/GP_IIa_9.5mm_closed_R10_single_refY_004-raw05-16.png,dxy_raw_candidates/ring_fit/json/GP_IIa_9.5mm_closed_R10_single_refY_004-raw05-16.json,none,none,ok,
247.0522105812285,,12111.317857142858,9.936834325957484,,203.96349206349203,46006.0,0.0,5040.0,0.9482758620689656,2.0,840.9919052124023,1.0,GP_IIa_9.5mm_closed_R10_single_refY,GP_IIa_9.5mm_closed_R10_single_refY_004,5,1150,GP_IIa_9.5mm_closed_R10_single_refY_004-raw05-22,17.935511772928123,7.626810597959259,False,300.5053100585937,0.7513899620660747,0.9852169752120972,,,dxy_raw_candidates/images/GP_IIa_9.5mm_closed_R10_single_refY_004-raw05-22.jpg,dxy_raw_candidates/masks/GP_IIa_9.5mm_closed_R10_single_refY_004-raw05-22.png,dxy_raw_candidates/ring_fit/json/GP_IIa_9.5mm_closed_R10_single_refY_004-raw05-22.json,none,none,ok,
410.2740638955685,,12940.39543147208,16.336585365853658,,199.0510152284264,29110.0,0.0,3940.0,1.0,1.0,700.0975341796875,1.0,GP_IIa_9.5mm_closed_R10_single_refY,GP_IIa_9.5mm_closed_R10_single_refY_005,1,88,GP_IIa_9.5mm_closed_R10_single_refY_005-raw01-03,49.401531570429896,7.496841538853171,False,233.60401916503903,0.7727507420535956,1.118151068687439,,,dxy_raw_candidates/images/GP_IIa_9.5mm_closed_R10_single_refY_005-raw01-03.jpg,dxy_raw_candidates/masks/GP_IIa_9.5mm_closed_R10_single_refY_005-raw01-03.png,dxy_raw_candidates/ring_fit/json/GP_IIa_9.5mm_closed_R10_single_refY_005-raw01-03.json,none,none,ok,
549.034433626217,,34764.61797188755,29.07134375954134,,860.9410140562248,29477.0,0.0,3984.0,1.0,1.0,707.51171875,1.0,GP_IIa_9.5mm_closed_R10_single_refY,GP_IIa_9.5mm_closed_R10_single_refY_005,1,68,GP_IIa_9.5mm_closed_R10_single_refY_005-raw01-01,49.11821417574356,7.518973271290139,False,236.5892791748047,0.7933966660234524,0.7943999171257019,,,dxy_raw_candidates/images/GP_IIa_9.5mm_closed_R10_single_refY_005-raw01-01.jpg,dxy_raw_candidates/masks/GP_IIa_9.5mm_closed_R10_single_refY_005-raw01-01.png,dxy_raw_candidates/ring_fit/json/GP_IIa_9.5mm_closed_R10_single_refY_005-raw01-01.json,none,none,ok,
430.0993261455525,,26620.37974051896,17.041812668463614,,417.686377245509,29680.0,0.0,4008.0,1.0,1.0,711.5534057617188,1.0,GP_IIa_9.5mm_closed_R10_single_refY,GP_IIa_9.5mm_closed_R10_single_refY_005,1,109,GP_IIa_9.5mm_closed_R10_single_refY_005-raw01-05,46.62572470431387,7.489715353226675,False,236.9982147216797,0.7886101681937512,0.9058873653411864,,,dxy_raw_candidates/images/GP_IIa_9.5mm_closed_R10_single_refY_005-raw01-05.jpg,dxy_raw_candidates/masks/GP_IIa_9.5mm_closed_R10_single_refY_005-raw01-05.png,dxy_raw_candidates/ring_fit/json/GP_IIa_9.5mm_closed_R10_single_refY_005-raw01-05.json,none,none,ok,
958.6249040995364,,13736.055308641977,53.37826478534974,,240.90024691358025,29979.0,0.0,4050.0,0.9448946515397084,1.0,676.8548583984375,1.0,GP_IIa_9.5mm_closed_R10_single_refY,GP_IIa_9.5mm_closed_R10_single_refY_005,2,395,GP_IIa_9.5mm_closed_R10_single_refY_005-raw02-09,31.081090952437588,7.338504711421548,False,239.5057678222656,0.7756062370073298,1.219639539718628,,,dxy_raw_candidates/images/GP_IIa_9.5mm_closed_R10_single_refY_005-raw02-09.jpg,dxy_raw_candidates/masks/GP_IIa_9.5mm_closed_R10_single_refY_005-raw02-09.png,dxy_raw_candidates/ring_fit/json/GP_IIa_9.5mm_closed_R10_single_refY_005-raw02-09.json,none,none,ok,
650.8816444623873,,12985.60631895687,31.473556721840936,,247.1043129388165,29724.0,0.0,3988.0,1.0,1.0,707.2691040039062,1.0,GP_IIa_9.5mm_closed_R10_single_refY,GP_IIa_9.5mm_closed_R10_single_refY_005,2,344,GP_IIa_9.5mm_closed_R10_single_refY_005-raw02-04,30.405280985418955,7.360712343674884,False,235.72122192382807,0.7817274654916703,1.4177974462509155,,,dxy_raw_candidates/images/GP_IIa_9.5mm_closed_R10_single_refY_005-raw02-04.jpg,dxy_raw_candidates/masks/GP_IIa_9.5mm_closed_R10_single_refY_005-raw02-04.png,dxy_raw_candidates/ring_fit/json/GP_IIa_9.5mm_closed_R10_single_refY_005-raw02-04.json,none,none,ok,
520.7751280572611,,10496.279797979798,21.90294786118932,,146.7689393939394,29479.0,0.0,3960.0,1.0,1.0,702.197998046875,1.0,GP_IIa_9.5mm_closed_R10_single_refY,GP_IIa_9.5mm_closed_R10_single_refY_005,2,354,GP_IIa_9.5mm_closed_R10_single_refY_005-raw02-05,30.006549035300743,7.3255471369592335,False,234.51171875,0.777472150837002,1.262057900428772,,,dxy_raw_candidates/images/GP_IIa_9.5mm_closed_R10_single_refY_005-raw02-05.jpg,dxy_raw_candidates/masks/GP_IIa_9.5mm_closed_R10_single_refY_005-raw02-05.png,dxy_raw_candidates/ring_fit/json/GP_IIa_9.5mm_closed_R10_single_refY_005-raw02-05.json,none,none,ok,
337.4276013143483,,15879.027397260274,15.648083242059146,,283.2127853881278,36520.0,0.0,4380.0,1.0,1.0,782.3229370117188,1.0,GP_IIa_9.5mm_closed_R10_single_refY,GP_IIa_9.5mm_closed_R10_single_refY_005,3,752,GP_IIa_9.5mm_closed_R10_single_refY_005-raw03-20,35.1073068169064,7.421216200875435,False,255.09405517578125,0.825845220639215,0.837148129940033,,,dxy_raw_candidates/images/GP_IIa_9.5mm_closed_R10_single_refY_005-raw03-20.jpg,dxy_raw_candidates/masks/GP_IIa_9.5mm_closed_R10_single_refY_005-raw03-20.png,dxy_raw_candidates/ring_fit/json/GP_IIa_9.5mm_closed_R10_single_refY_005-raw03-20.json,none,none,ok,
452.5805632127993,,15234.486830154405,23.69031403707908,,276.4791099000908,37002.0,0.0,4404.0,1.0,1.0,783.837646484375,1.0,GP_IIa_9.5mm_closed_R10_single_refY,GP_IIa_9.5mm_closed_R10_single_refY_005,3,783,GP_IIa_9.5mm_closed_R10_single_refY_005-raw03-23,31.929305126030066,7.380813167982495,False,257.9444885253906,0.8204821790750036,0.8378303050994873,,,dxy_raw_candidates/images/GP_IIa_9.5mm_closed_R10_single_refY_005-raw03-23.jpg,dxy_raw_candidates/masks/GP_IIa_9.5mm_closed_R10_single_refY_005-raw03-23.png,dxy_raw_candidates/ring_fit/json/GP_IIa_9.5mm_closed_R10_single_refY_005-raw03-23.json,none,none,ok,
791.9604438012542,,12565.909212880144,37.26239481159887,,228.1149373881932,37314.0,0.0,4472.0,1.0,1.0,792.666015625,1.0,GP_IIa_9.5mm_closed_R10_single_refY,GP_IIa_9.5mm_closed_R10_single_refY_005,3,680,GP_IIa_9.5mm_closed_R10_single_refY_005-raw03-13,31.63494236232497,7.337867303986924,False,265.60040283203125,0.7679983075846574,0.8638699054718018,,,dxy_raw_candidates/images/GP_IIa_9.5mm_closed_R10_single_refY_005-raw03-13.jpg,dxy_raw_candidates/masks/GP_IIa_9.5mm_closed_R10_single_refY_005-raw03-13.png,dxy_raw_candidates/ring_fit/json/GP_IIa_9.5mm_closed_R10_single_refY_005-raw03-13.json,none,none,ok,
341.0990120867597,,16019.468007312616,15.892902478061703,,295.77582266910423,36238.0,0.0,4376.0,1.0,1.0,781.7371215820312,1.0,GP_IIa_9.5mm_closed_R10_single_refY,GP_IIa_9.5mm_closed_R10_single_refY_005,4,905,GP_IIa_9.5mm_closed_R10_single_refY_005-raw04-11,30.49840378508273,7.480007679745809,False,257.9886474609375,0.8013293934395334,0.812721848487854,,,dxy_raw_candidates/images/GP_IIa_9.5mm_closed_R10_single_refY_005-raw04-11.jpg,dxy_raw_candidates/masks/GP_IIa_9.5mm_closed_R10_single_refY_005-raw04-11.png,dxy_raw_candidates/ring_fit/json/GP_IIa_9.5mm_closed_R10_single_refY_005-raw04-11.json,none,none,ok,
378.57924397894624,,15729.717430368371,18.14477112020841,,233.5545822102426,37618.0,0.0,4452.0,1.0,1.0,798.222412109375,1.0,GP_IIa_9.5mm_closed_R10_single_refY,GP_IIa_9.5mm_closed_R10_single_refY_005,4,813,GP_IIa_9.5mm_closed_R10_single_refY_005-raw04-02,29.339843744555804,7.402981149144876,False,265.0052490234375,0.7988456091343068,0.7623604536056519,,,dxy_raw_candidates/images/GP_IIa_9.5mm_closed_R10_single_refY_005-raw04-02.jpg,dxy_raw_candidates/masks/GP_IIa_9.5mm_closed_R10_single_refY_005-raw04-02.png,dxy_raw_candidates/ring_fit/json/GP_IIa_9.5mm_closed_R10_single_refY_005-raw04-02.json,none,none,ok,
329.23745837805114,,18669.8688,15.352678939981836,,319.5689142857143,36339.0,0.0,4375.0,1.0,1.0,782.5655517578125,1.0,GP_IIa_9.5mm_closed_R10_single_refY,GP_IIa_9.5mm_closed_R10_single_refY_005,4,895,GP_IIa_9.5mm_closed_R10_single_refY_005-raw04-10,29.215660592621948,7.477303822703503,False,258.3733215332031,0.8012436854517211,0.7631155252456665,,,dxy_raw_candidates/images/GP_IIa_9.5mm_closed_R10_single_refY_005-raw04-10.jpg,dxy_raw_candidates/masks/GP_IIa_9.5mm_closed_R10_single_refY_005-raw04-10.png,dxy_raw_candidates/ring_fit/json/GP_IIa_9.5mm_closed_R10_single_refY_005-raw04-10.json,none,none,ok,
388.0735597943593,,9769.33139050791,14.84860423773603,,155.61698584512905,41626.0,0.0,4804.0,1.0,1.0,847.8204345703125,1.0,GP_IIa_9.5mm_closed_R10_single_refY,GP_IIa_9.5mm_closed_R10_single_refY_005,5,1232,GP_IIa_9.5mm_closed_R10_single_refY_005-raw05-19,25.103631726299103,7.462916574027546,False,286.2943725585937,0.7334913348182757,1.1582530736923218,,,dxy_raw_candidates/images/GP_IIa_9.5mm_closed_R10_single_refY_005-raw05-19.jpg,dxy_raw_candidates/masks/GP_IIa_9.5mm_closed_R10_single_refY_005-raw05-19.png,dxy_raw_candidates/ring_fit/json/GP_IIa_9.5mm_closed_R10_single_refY_005-raw05-19.json,none,none,ok,
271.3768243362054,,11847.87489845654,10.99597766836645,,188.533103168156,45496.0,0.0,4924.0,1.0,1.0,880.749267578125,1.0,GP_IIa_9.5mm_closed_R10_single_refY,GP_IIa_9.5mm_closed_R10_single_refY_005,5,1284,GP_IIa_9.5mm_closed_R10_single_refY_005-raw05-24,21.98101838645936,7.495004595665659,False,289.5582580566406,0.8040169620776496,0.8891651630401611,,,dxy_raw_candidates/images/GP_IIa_9.5mm_closed_R10_single_refY_005-raw05-24.jpg,dxy_raw_candidates/masks/GP_IIa_9.5mm_closed_R10_single_refY_005-raw05-24.png,dxy_raw_candidates/ring_fit/json/GP_IIa_9.5mm_closed_R10_single_refY_005-raw05-24.json,none,none,ok,
261.070260516522,,11226.024886877827,10.28160595466336,,154.73144796380092,35468.0,0.0,4420.0,1.0,1.0,781.1513671875,1.0,GP_IIa_9.5mm_closed_R10_single_refY,GP_IIa_9.5mm_closed_R10_single_refY_005,5,1048,GP_IIa_9.5mm_closed_R10_single_refY_005-raw05-01,21.91163733290567,7.550773809107556,False,265.2651062011719,0.725485126880199,0.8691135048866272,,,dxy_raw_candidates/images/GP_IIa_9.5mm_closed_R10_single_refY_005-raw05-01.jpg,dxy_raw_candidates/masks/GP_IIa_9.5mm_closed_R10_single_refY_005-raw05-01.png,dxy_raw_candidates/ring_fit/json/GP_IIa_9.5mm_closed_R10_single_refY_005-raw05-01.json,none,none,ok,
207.0027685492801,468.81388621022177,20212.464882943143,9.709191583610188,16.40887174541948,222.60994983277592,18060.0,1037.0,2392.0,0.5292864749733759,8.0,573.4995861053467,1.0,GP_IIa_9.5mm_closed_R5_single_refY,GP_IIa_9.5mm_closed_R5_single_refY_004,1,98,GP_IIa_9.5mm_closed_R5_single_refY_004-raw01-08,10.11657966512044,7.61359884815825,True,130.47543334960938,0.5589294763221974,0.6844123601913452,9.97872957013102,260.3958129882818,dxy_raw_candidates/images/GP_IIa_9.5mm_closed_R5_single_refY_004-raw01-08.jpg,dxy_raw_candidates/masks/GP_IIa_9.5mm_closed_R5_single_refY_004-raw01-08.png,dxy_raw_candidates/ring_fit/json/GP_IIa_9.5mm_closed_R5_single_refY_004-raw01-08.json,ellipse,A,ok,
212.2080961416825,197.1510658016682,17585.609452736317,10.407442546911238,8.57645968489342,174.6782752902156,18972.0,1079.0,2412.0,0.5392561983471075,3.0,607.6416931152344,1.0,GP_IIa_9.5mm_closed_R5_single_refY,GP_IIa_9.5mm_closed_R5_single_refY_004,1,170,GP_IIa_9.5mm_closed_R5_single_refY_004-raw01-18,9.171147652477694,7.570292765897171,True,132.0730438232422,0.597790581966912,0.5100697875022888,9.841485319400675,259.9589843750007,dxy_raw_candidates/images/GP_IIa_9.5mm_closed_R5_single_refY_004-raw01-18.jpg,dxy_raw_candidates/masks/GP_IIa_9.5mm_closed_R5_single_refY_004-raw01-18.png,dxy_raw_candidates/ring_fit/json/GP_IIa_9.5mm_closed_R5_single_refY_004-raw01-18.json,ellipse,B,ok,
224.5702921991833,188.4962264150944,22588.764358108107,11.835339661664104,12.510377358490564,210.76984797297297,18857.0,1060.0,2368.0,0.5466804979253111,2.0,607.0142517089844,1.0,GP_IIa_9.5mm_closed_R5_single_refY,GP_IIa_9.5mm_closed_R5_single_refY_004,1,112,GP_IIa_9.5mm_closed_R5_single_refY_004-raw01-10,9.16855550017062,7.592116612296179,True,130.74203491210938,0.570748428756417,0.6839566230773926,9.881455036057286,258.3843078613282,dxy_raw_candidates/images/GP_IIa_9.5mm_closed_R5_single_refY_004-raw01-10.jpg,dxy_raw_candidates/masks/GP_IIa_9.5mm_closed_R5_single_refY_004-raw01-10.png,dxy_raw_candidates/ring_fit/json/GP_IIa_9.5mm_closed_R5_single_refY_004-raw01-10.json,ellipse,A,ok,
225.51593739289387,242.25519287833828,34018.352040816324,10.554666971324115,14.696340257171116,346.1811224489796,17506.0,1011.0,2352.0,0.551760939167556,5.0,594.8427077531815,1.0,GP_IIa_9.5mm_closed_R5_single_refY,GP_IIa_9.5mm_closed_R5_single_refY_004,2,385,GP_IIa_9.5mm_closed_R5_single_refY_004-raw02-24,9.871791993501446,7.625533499827304,True,126.85842895507812,0.7186896913571478,0.4928174018859863,9.42383224794841,239.0985107421875,dxy_raw_candidates/images/GP_IIa_9.5mm_closed_R5_single_refY_004-raw02-24.jpg,dxy_raw_candidates/masks/GP_IIa_9.5mm_closed_R5_single_refY_004-raw02-24.png,dxy_raw_candidates/ring_fit/json/GP_IIa_9.5mm_closed_R5_single_refY_004-raw02-24.json,ellipse,A,ok,
213.0296492708208,184.29447852760737,33762.02155172414,10.473544654694468,6.651329243353783,320.9896551724138,16594.0,978.0,2320.0,0.5501653803748622,3.0,582.156431555748,1.0,GP_IIa_9.5mm_closed_R5_single_refY,GP_IIa_9.5mm_closed_R5_single_refY_004,2,370,GP_IIa_9.5mm_closed_R5_single_refY_004-raw02-22,9.84119450460246,7.598823272284392,True,125.08829498291016,0.7184377311424055,0.4239803850650787,9.287129519657531,232.34223937988327,dxy_raw_candidates/images/GP_IIa_9.5mm_closed_R5_single_refY_004-raw02-22.jpg,dxy_raw_candidates/masks/GP_IIa_9.5mm_closed_R5_single_refY_004-raw02-22.png,dxy_raw_candidates/ring_fit/json/GP_IIa_9.5mm_closed_R5_single_refY_004-raw02-22.json,ellipse,A,ok,
222.26886562804285,228.6048879837068,31826.61111111111,9.947663096397273,10.35437881873727,311.35980902777777,16432.0,982.0,2304.0,0.5443592552026287,4.0,575.4284957647324,1.0,GP_IIa_9.5mm_closed_R5_single_refY,GP_IIa_9.5mm_closed_R5_single_refY_004,2,363,GP_IIa_9.5mm_closed_R5_single_refY_004-raw02-21,9.631403898940851,7.595436666022485,True,124.31190490722656,0.7148777867974554,0.392835259437561,9.37829948919252,233.1668548583984,dxy_raw_candidates/images/GP_IIa_9.5mm_closed_R5_single_refY_004-raw02-21.jpg,dxy_raw_candidates/masks/GP_IIa_9.5mm_closed_R5_single_refY_004-raw02-21.png,dxy_raw_candidates/ring_fit/json/GP_IIa_9.5mm_closed_R5_single_refY_004-raw02-21.json,ellipse,A,ok,
177.47936825714604,150.70229007633588,32003.76132686084,8.302747191636081,7.813931297709924,372.0246763754045,17982.0,1048.0,2472.0,0.541497975708502,8.0,611.499568104744,1.0,GP_IIa_9.5mm_closed_R5_single_refY,GP_IIa_9.5mm_closed_R5_single_refY_004,3,528,GP_IIa_9.5mm_closed_R5_single_refY_004-raw03-20,10.724727612331764,7.543270588005459,True,132.9623260498047,0.7171099632985926,0.5459864139556885,12.5478174611439,333.67739929641,dxy_raw_candidates/images/GP_IIa_9.5mm_closed_R5_single_refY_004-raw03-20.jpg,dxy_raw_candidates/masks/GP_IIa_9.5mm_closed_R5_single_refY_004-raw03-20.png,dxy_raw_candidates/ring_fit/json/GP_IIa_9.5mm_closed_R5_single_refY_004-raw03-20.json,circle,B,ok,
167.94584530269177,123.90398550724638,26470.220161290323,9.734173848281731,7.853260869565218,302.9491935483871,18798.0,1104.0,2480.0,0.5376344086021505,6.0,631.8132569789886,1.0,GP_IIa_9.5mm_closed_R5_single_refY,GP_IIa_9.5mm_closed_R5_single_refY_004,3,521,GP_IIa_9.5mm_closed_R5_single_refY_004-raw03-19,9.75578333557506,7.510984064324894,True,133.12843322753906,0.7155345388686332,0.5534278750419617,13.142826986909906,349.93679298958745,dxy_raw_candidates/images/GP_IIa_9.5mm_closed_R5_single_refY_004-raw03-19.jpg,dxy_raw_candidates/masks/GP_IIa_9.5mm_closed_R5_single_refY_004-raw03-19.png,dxy_raw_candidates/ring_fit/json/GP_IIa_9.5mm_closed_R5_single_refY_004-raw03-19.json,circle,B,ok,
229.856076640303,186.4116504854369,25768.175126903552,9.280383201514985,9.812621359223302,184.0321489001692,17954.0,1030.0,2364.0,0.5466101694915254,4.0,600.2274749279022,1.0,GP_IIa_9.5mm_closed_R5_single_refY,GP_IIa_9.5mm_closed_R5_single_refY_004,3,399,GP_IIa_9.5mm_closed_R5_single_refY_004-raw03-02,9.412330642059704,7.648064973611792,True,128.65020751953125,0.7003600377058664,0.525568425655365,9.305136148742411,239.4215393066408,dxy_raw_candidates/images/GP_IIa_9.5mm_closed_R5_single_refY_004-raw03-02.jpg,dxy_raw_candidates/masks/GP_IIa_9.5mm_closed_R5_single_refY_004-raw03-02.png,dxy_raw_candidates/ring_fit/json/GP_IIa_9.5mm_closed_R5_single_refY_004-raw03-02.json,ellipse,A,ok,
190.2478341923457,138.1302681992337,25965.523089171973,9.397466827503017,9.22222222222222,279.88455414012736,18238.0,1044.0,2512.0,0.5496957403651116,5.0,623.5706176757812,1.0,GP_IIa_9.5mm_closed_R5_single_refY,GP_IIa_9.5mm_closed_R5_single_refY_004,4,564,GP_IIa_9.5mm_closed_R5_single_refY_004-raw04-01,10.223561885549993,7.579883673833535,True,133.93927001953125,0.7397815550765897,0.5210251212120056,9.762676347403758,261.5211486816412,dxy_raw_candidates/images/GP_IIa_9.5mm_closed_R5_single_refY_004-raw04-01.jpg,dxy_raw_candidates/masks/GP_IIa_9.5mm_closed_R5_single_refY_004-raw04-01.png,dxy_raw_candidates/ring_fit/json/GP_IIa_9.5mm_closed_R5_single_refY_004-raw04-01.json,ellipse,A,ok,
154.89190971341617,120.57745187901008,24633.35857805255,7.876895764646209,6.553620531622365,242.4972952086553,19715.0,1091.0,2588.0,0.5416666666666666,6.0,642.8843352794647,1.0,GP_IIa_9.5mm_closed_R5_single_refY,GP_IIa_9.5mm_closed_R5_single_refY_004,4,593,GP_IIa_9.5mm_closed_R5_single_refY_004-raw04-05,9.708408740568752,7.587022340137498,True,137.7256317138672,0.7590427824072401,0.4186128675937652,9.456164738548814,260.4712524414067,dxy_raw_candidates/images/GP_IIa_9.5mm_closed_R5_single_refY_004-raw04-05.jpg,dxy_raw_candidates/masks/GP_IIa_9.5mm_closed_R5_single_refY_004-raw04-05.png,dxy_raw_candidates/ring_fit/json/GP_IIa_9.5mm_closed_R5_single_refY_004-raw04-05.json,ellipse,A,ok,
142.32452484543165,85.75441860465116,15564.194524495677,7.315731623540188,6.56093023255814,127.57168587896254,21835.0,1075.0,2776.0,0.5544747081712063,10.0,655.6832885742188,1.0,GP_IIa_9.5mm_closed_R5_single_refY,GP_IIa_9.5mm_closed_R5_single_refY_004,4,700,GP_IIa_9.5mm_closed_R5_single_refY_004-raw04-20,9.517977269372825,7.592170531918176,True,147.3594207763672,0.7528986908031178,0.6153327226638794,10.526108922956348,310.22426278316,dxy_raw_candidates/images/GP_IIa_9.5mm_closed_R5_single_refY_004-raw04-20.jpg,dxy_raw_candidates/masks/GP_IIa_9.5mm_closed_R5_single_refY_004-raw04-20.png,dxy_raw_candidates/ring_fit/json/GP_IIa_9.5mm_closed_R5_single_refY_004-raw04-20.json,circle,A,ok,
134.2674774585867,77.61675579322637,11114.273793103448,7.15655273642273,5.906417112299465,92.98758620689657,23845.0,1122.0,2900.0,0.562097516099356,7.0,700.0975036621094,1.0,GP_IIa_9.5mm_closed_R5_single_refY,GP_IIa_9.5mm_closed_R5_single_refY_004,5,751,GP_IIa_9.5mm_closed_R5_single_refY_004-raw05-03,8.73162526579963,7.546856523598411,True,153.119384765625,0.7596751038249663,0.5322428345680237,11.254472349066686,344.6555763901661,dxy_raw_candidates/images/GP_IIa_9.5mm_closed_R5_single_refY_004-raw05-03.jpg,dxy_raw_candidates/masks/GP_IIa_9.5mm_closed_R5_single_refY_004-raw05-03.png,dxy_raw_candidates/ring_fit/json/GP_IIa_9.5mm_closed_R5_single_refY_004-raw05-03.json,circle,A,ok,
123.63425958494548,49.41062801932368,9366.129559748428,7.063454097784031,5.085346215780999,84.63930817610063,28430.0,1242.0,3180.0,0.560374149659864,8.0,764.4944763183594,1.0,GP_IIa_9.5mm_closed_R5_single_refY,GP_IIa_9.5mm_closed_R5_single_refY_004,5,831,GP_IIa_9.5mm_closed_R5_single_refY_004-raw05-14,8.134923892550994,7.568666363728157,True,166.7257537841797,0.8120195295691959,0.6435918211936951,9.517634705352682,317.36696409847923,dxy_raw_candidates/images/GP_IIa_9.5mm_closed_R5_single_refY_004-raw05-14.jpg,dxy_raw_candidates/masks/GP_IIa_9.5mm_closed_R5_single_refY_004-raw05-14.png,dxy_raw_candidates/ring_fit/json/GP_IIa_9.5mm_closed_R5_single_refY_004-raw05-14.json,circle,B,ok,
115.75413402959094,60.23433685923515,10572.850515463915,6.55997969248622,4.991049633848657,90.96907216494846,27576.0,1229.0,3104.0,0.5548936170212766,5.0,754.2812805175781,1.0,GP_IIa_9.5mm_closed_R5_single_refY,GP_IIa_9.5mm_closed_R5_single_refY_004,5,809,GP_IIa_9.5mm_closed_R5_single_refY_004-raw05-11,7.93955597762002,7.558171962253112,True,163.52992248535156,0.7965574621876743,0.6014502644538879,8.87025376368246,290.11038208007847,dxy_raw_candidates/images/GP_IIa_9.5mm_closed_R5_single_refY_004-raw05-11.jpg,dxy_raw_candidates/masks/GP_IIa_9.5mm_closed_R5_single_refY_004-raw05-11.png,dxy_raw_candidates/ring_fit/json/GP_IIa_9.5mm_closed_R5_single_refY_004-raw05-11.json,ellipse,A,ok,
180.12573581351543,98.3915547024952,80936.2049395691,18.136096067812574,7.884836852207294,1799.7272727272727,8494.0,521.0,1903.0,0.6132879045996593,2.0,414.3330078125,1.0,GP_IIa_9.5mm_closed_R5_single_refY,GP_IIa_9.5mm_closed_R5_single_refY_005,1,264,GP_IIa_9.5mm_closed_R5_single_refY_005-raw01-16,25.17994004651175,7.145387299440828,True,98.5361099243164,0.8480685705388108,0.469066709280014,11.305490957447835,222.799819946289,dxy_raw_candidates/images/GP_IIa_9.5mm_closed_R5_single_refY_005-raw01-16.jpg,dxy_raw_candidates/masks/GP_IIa_9.5mm_closed_R5_single_refY_005-raw01-16.png,dxy_raw_candidates/ring_fit/json/GP_IIa_9.5mm_closed_R5_single_refY_005-raw01-16.json,ellipse,A,ok,
195.8741458439572,1040.4084278768232,84538.35774058578,18.73431922488526,21.80388978930308,1570.8901673640166,9805.0,617.0,1912.0,0.5780525502318392,3.0,429.4040832519531,1.0,GP_IIa_9.5mm_closed_R5_single_refY,GP_IIa_9.5mm_closed_R5_single_refY_005,1,362,GP_IIa_9.5mm_closed_R5_single_refY_005-raw01-24,24.650827756244748,7.081322992353709,True,99.58614349365234,0.8655052100289964,0.4021042585372925,9.231351827996036,183.86294555664065,dxy_raw_candidates/images/GP_IIa_9.5mm_closed_R5_single_refY_005-raw01-24.jpg,dxy_raw_candidates/masks/GP_IIa_9.5mm_closed_R5_single_refY_005-raw01-24.png,dxy_raw_candidates/ring_fit/json/GP_IIa_9.5mm_closed_R5_single_refY_005-raw01-24.json,ellipse,B,ok,
222.7428571428572,463.0969793322735,81413.33264033264,17.96306620209059,10.041335453100158,1463.3986486486488,10045.0,629.0,1924.0,0.5696969696969697,4.0,433.71780240535736,1.0,GP_IIa_9.5mm_closed_R5_single_refY,GP_IIa_9.5mm_closed_R5_single_refY_005,1,325,GP_IIa_9.5mm_closed_R5_single_refY_005-raw01-21,24.18526328530841,7.100940380306425,True,100.5427703857422,0.8569224042359666,0.4256862103939056,8.579647576303605,172.52430725097662,dxy_raw_candidates/images/GP_IIa_9.5mm_closed_R5_single_refY_005-raw01-21.jpg,dxy_raw_candidates/masks/GP_IIa_9.5mm_closed_R5_single_refY_005-raw01-21.png,dxy_raw_candidates/ring_fit/json/GP_IIa_9.5mm_closed_R5_single_refY_005-raw01-21.json,ellipse,A,ok,
185.9307543913088,1033.6637168141592,94302.08974358976,16.589501472230683,32.286725663716815,2093.683431952663,9849.0,565.0,2028.0,0.608214849921011,4.0,440.6467269659042,1.0,GP_IIa_9.5mm_closed_R5_single_refY,GP_IIa_9.5mm_closed_R5_single_refY_005,2,447,GP_IIa_9.5mm_closed_R5_single_refY_005-raw02-07,32.407035183207185,7.073783571800856,True,102.45785522460938,0.9142304935433434,0.6270617842674255,12.570080054471712,257.5806884765628,dxy_raw_candidates/images/GP_IIa_9.5mm_closed_R5_single_refY_005-raw02-07.jpg,dxy_raw_candidates/masks/GP_IIa_9.5mm_closed_R5_single_refY_005-raw02-07.png,dxy_raw_candidates/ring_fit/json/GP_IIa_9.5mm_closed_R5_single_refY_005-raw02-07.json,ellipse,B,ok,
240.5101980490689,770.8833333333333,89755.25433526012,18.34387624396492,61.318333333333335,1822.0452793834293,10149.0,600.0,2076.0,0.5741839762611276,2.0,446.7178039550781,1.0,GP_IIa_9.5mm_closed_R5_single_refY,GP_IIa_9.5mm_closed_R5_single_refY_005,2,569,GP_IIa_9.5mm_closed_R5_single_refY_005-raw02-17,30.61935860713325,6.997137439129867,True,103.25851440429688,0.9305132549180712,0.4390377402305603,14.082072955380037,290.81878662109426,dxy_raw_candidates/images/GP_IIa_9.5mm_closed_R5_single_refY_005-raw02-17.jpg,dxy_raw_candidates/masks/GP_IIa_9.5mm_closed_R5_single_refY_005-raw02-17.png,dxy_raw_candidates/ring_fit/json/GP_IIa_9.5mm_closed_R5_single_refY_005-raw02-17.json,ellipse,A,ok,
214.1508068459657,899.5654952076677,70032.80078895463,12.849290953545232,41.426517571884986,1167.2475345167652,10225.0,626.0,2028.0,0.5705882352941176,2.0,447.3035736083984,1.0,GP_IIa_9.5mm_closed_R5_single_refY,GP_IIa_9.5mm_closed_R5_single_refY_005,2,496,GP_IIa_9.5mm_closed_R5_single_refY_005-raw02-11,28.97923581911723,7.04066095833579,True,103.02497863769533,0.9095575272123216,0.5012977719306946,9.928780948022355,204.58248901367224,dxy_raw_candidates/images/GP_IIa_9.5mm_closed_R5_single_refY_005-raw02-11.jpg,dxy_raw_candidates/masks/GP_IIa_9.5mm_closed_R5_single_refY_005-raw02-11.png,dxy_raw_candidates/ring_fit/json/GP_IIa_9.5mm_closed_R5_single_refY_005-raw02-11.json,ellipse,B,ok,
328.3008849557522,121.14115308151094,73187.2833092833,26.963938053097344,10.485089463220676,1307.7715247715248,9040.0,503.0,2079.0,0.6177924217462932,2.0,430.9898986816406,1.0,GP_IIa_9.5mm_closed_R5_single_refY,GP_IIa_9.5mm_closed_R5_single_refY_005,3,801,GP_IIa_9.5mm_closed_R5_single_refY_005-raw03-12,35.06480576445851,6.8780809216855925,True,104.44189453125,0.9229512666266656,0.73858642578125,9.096603814694316,190.0133072413741,dxy_raw_candidates/images/GP_IIa_9.5mm_closed_R5_single_refY_005-raw03-12.jpg,dxy_raw_candidates/masks/GP_IIa_9.5mm_closed_R5_single_refY_005-raw03-12.png,dxy_raw_candidates/ring_fit/json/GP_IIa_9.5mm_closed_R5_single_refY_005-raw03-12.json,circle,B,ok,
288.34335511982573,1138.5464098073555,55829.24754420432,19.13082788671024,74.81611208406305,933.6856581532415,9180.0,571.0,2036.0,0.5978090766823161,3.0,438.646728515625,1.0,GP_IIa_9.5mm_closed_R5_single_refY,GP_IIa_9.5mm_closed_R5_single_refY_005,3,777,GP_IIa_9.5mm_closed_R5_single_refY_005-raw03-10,31.60432668660481,6.8853905942403735,True,101.8349380493164,0.9253139282618597,0.5885366797447205,7.260419746939344,147.8728790283205,dxy_raw_candidates/images/GP_IIa_9.5mm_closed_R5_single_refY_005-raw03-10.jpg,dxy_raw_candidates/masks/GP_IIa_9.5mm_closed_R5_single_refY_005-raw03-10.png,dxy_raw_candidates/ring_fit/json/GP_IIa_9.5mm_closed_R5_single_refY_005-raw03-10.json,ellipse,B,ok,
242.1376382527092,117.99620493358634,74036.86956521739,19.484303429784383,11.01518026565465,1314.949604743083,8951.0,527.0,2024.0,0.6098360655737705,4.0,424.33302307128906,1.0,GP_IIa_9.5mm_closed_R5_single_refY,GP_IIa_9.5mm_closed_R5_single_refY_005,3,752,GP_IIa_9.5mm_closed_R5_single_refY_005-raw03-08,31.415931966559093,6.896560257521491,True,100.8411865234375,0.940203185996664,0.4383363723754883,6.99081275549546,140.99237060546898,dxy_raw_candidates/images/GP_IIa_9.5mm_closed_R5_single_refY_005-raw03-08.jpg,dxy_raw_candidates/masks/GP_IIa_9.5mm_closed_R5_single_refY_005-raw03-08.png,dxy_raw_candidates/ring_fit/json/GP_IIa_9.5mm_closed_R5_single_refY_005-raw03-08.json,ellipse,A,ok,
366.382933672119,110.12083333333334,18456.963215258857,18.33354507437404,6.452083333333333,180.42064032697547,18891.0,960.0,2936.0,0.5354713313896987,6.0,635.2985229492188,1.0,GP_IIa_9.5mm_closed_R5_single_refY,GP_IIa_9.5mm_closed_R5_single_refY_005,4,1058,GP_IIa_9.5mm_closed_R5_single_refY_005-raw04-09,12.946877868641751,7.177324555856912,True,144.76229858398438,0.9806388123008084,0.9809793829917908,8.462621849804073,245.013718204938,dxy_raw_candidates/images/GP_IIa_9.5mm_closed_R5_single_refY_005-raw04-09.jpg,dxy_raw_candidates/masks/GP_IIa_9.5mm_closed_R5_single_refY_005-raw04-09.png,dxy_raw_candidates/ring_fit/json/GP_IIa_9.5mm_closed_R5_single_refY_005-raw04-09.json,circle,A,ok,
354.1726320157693,82.95913978494623,13884.27192982456,15.951706608569353,5.413978494623656,124.15384615384616,19278.0,930.0,2964.0,0.5593561368209256,9.0,640.197998046875,1.0,GP_IIa_9.5mm_closed_R5_single_refY,GP_IIa_9.5mm_closed_R5_single_refY_005,4,1045,GP_IIa_9.5mm_closed_R5_single_refY_005-raw04-08,12.31227311096074,7.190271987502189,True,145.50306701660156,0.9797112227494263,0.9483471512794496,8.207460527000064,238.84213581924064,dxy_raw_candidates/images/GP_IIa_9.5mm_closed_R5_single_refY_005-raw04-08.jpg,dxy_raw_candidates/masks/GP_IIa_9.5mm_closed_R5_single_refY_005-raw04-08.png,dxy_raw_candidates/ring_fit/json/GP_IIa_9.5mm_closed_R5_single_refY_005-raw04-08.json,circle,A,ok,
241.15273976011545,65.88397246804327,9751.973082099596,9.414920619121087,4.9734513274336285,85.72207267833109,20093.0,1017.0,2972.0,0.529467680608365,9.0,634.570604801178,1.0,GP_IIa_9.5mm_closed_R5_single_refY,GP_IIa_9.5mm_closed_R5_single_refY_005,4,972,GP_IIa_9.5mm_closed_R5_single_refY_005-raw04-02,11.678021643733976,7.091644029168008,True,147.0515899658203,0.9649120086909108,0.698464572429657,8.019671847750374,235.86109924316472,dxy_raw_candidates/images/GP_IIa_9.5mm_closed_R5_single_refY_005-raw04-02.jpg,dxy_raw_candidates/masks/GP_IIa_9.5mm_closed_R5_single_refY_005-raw04-02.png,dxy_raw_candidates/ring_fit/json/GP_IIa_9.5mm_closed_R5_single_refY_005-raw04-02.json,ellipse,A,ok,
276.91280083711194,65.46463547334059,22933.81857142857,13.911056853854204,4.897714907508161,218.4928571428572,17202.0,919.0,2800.0,0.5354251012145749,3.0,615.8843383789062,1.0,GP_IIa_9.5mm_closed_R5_single_refY,GP_IIa_9.5mm_closed_R5_single_refY_005,5,1375,GP_IIa_9.5mm_closed_R5_single_refY_005-raw05-11,11.051002359347873,7.2981222586459005,True,142.02061462402344,0.8836889221454475,0.8364648818969727,9.972401716772874,283.2573242187506,dxy_raw_candidates/images/GP_IIa_9.5mm_closed_R5_single_refY_005-raw05-11.jpg,dxy_raw_candidates/masks/GP_IIa_9.5mm_closed_R5_single_refY_005-raw05-11.png,dxy_raw_candidates/ring_fit/json/GP_IIa_9.5mm_closed_R5_single_refY_005-raw05-11.json,ellipse,A,ok,
282.7745147965824,70.4581589958159,21293.72330613693,15.215300175408816,5.395397489539749,187.26959914863423,17673.0,956.0,2819.0,0.5314057826520439,2.0,625.8548889160156,1.0,GP_IIa_9.5mm_closed_R5_single_refY,GP_IIa_9.5mm_closed_R5_single_refY_005,5,1412,GP_IIa_9.5mm_closed_R5_single_refY_005-raw05-14,10.869073126880036,7.32847508199999,True,144.23300170898438,0.8574462782927521,0.8609869480133057,8.108045933006391,233.88956058236727,dxy_raw_candidates/images/GP_IIa_9.5mm_closed_R5_single_refY_005-raw05-14.jpg,dxy_raw_candidates/masks/GP_IIa_9.5mm_closed_R5_single_refY_005-raw05-14.png,dxy_raw_candidates/ring_fit/json/GP_IIa_9.5mm_closed_R5_single_refY_005-raw05-14.json,circle,A,ok,
172.20298541870787,76.52263374485597,19305.679644808744,10.226903348510172,6.8940329218107,185.051912568306,17351.0,972.0,2928.0,0.4499540863177226,5.0,568.2568969726562,1.0,GP_IIa_9.5mm_closed_R5_single_refY,GP_IIa_9.5mm_closed_R5_single_refY_005,5,1473,GP_IIa_9.5mm_closed_R5_single_refY_005-raw05-19,10.764182360838664,7.459133164284444,True,151.87930297851562,0.8422208519281084,1.24063241481781,7.796958571011628,236.83932662352208,dxy_raw_candidates/images/GP_IIa_9.5mm_closed_R5_single_refY_005-raw05-19.jpg,dxy_raw_candidates/masks/GP_IIa_9.5mm_closed_R5_single_refY_005-raw05-19.png,dxy_raw_candidates/ring_fit/json/GP_IIa_9.5mm_closed_R5_single_refY_005-raw05-19.json,circle,A,ok,
491.7399655634207,1511.4478114478115,11704.648148148148,13.931356418595753,56.6986531986532,245.82002314814807,52270.0,1782.0,1728.0,0.6107317073170732,1.0,733.1097412109375,1.0,GP_Ip_10.3mm_closed_R5_single_refY,GP_Ip_10.3mm_closed_R5_single_refY_004,1,80,GP_Ip_10.3mm_closed_R5_single_refY_004-raw01-05,23.44101887002521,7.705704892680878,True,89.2156982421875,0.2470693946686221,1.105596899986267,15.20332605596438,271.27506993730105,dxy_raw_candidates/images/GP_Ip_10.3mm_closed_R5_single_refY_004-raw01-05.jpg,dxy_raw_candidates/masks/GP_Ip_10.3mm_closed_R5_single_refY_004-raw01-05.png,dxy_raw_candidates/ring_fit/json/GP_Ip_10.3mm_closed_R5_single_refY_004-raw01-05.json,circle,A,ok,
466.7514959184844,1424.9775784753365,11779.297453703704,13.872125255692136,59.651905829596416,210.14178240740745,52309.0,1784.0,1728.0,0.6117073170731707,1.0,734.52392578125,1.0,GP_Ip_10.3mm_closed_R5_single_refY,GP_Ip_10.3mm_closed_R5_single_refY_004,1,73,GP_Ip_10.3mm_closed_R5_single_refY_004-raw01-04,22.679380412366648,7.701968720137723,True,88.77374267578125,0.2435779228547502,1.119018793106079,15.270190850265074,271.1183986303002,dxy_raw_candidates/images/GP_Ip_10.3mm_closed_R5_single_refY_004-raw01-04.jpg,dxy_raw_candidates/masks/GP_Ip_10.3mm_closed_R5_single_refY_004-raw01-04.png,dxy_raw_candidates/ring_fit/json/GP_Ip_10.3mm_closed_R5_single_refY_004-raw01-04.json,circle,B,ok,
409.654082763364,896.2635135135135,5774.331988472623,10.970043177562951,28.66948198198198,77.27319884726225,52342.0,1776.0,1735.0,0.6060311284046692,1.0,730.1097412109375,1.0,GP_Ip_10.3mm_closed_R5_single_refY,GP_Ip_10.3mm_closed_R5_single_refY_004,1,149,GP_Ip_10.3mm_closed_R5_single_refY_004-raw01-14,21.660107061822927,7.759062991380217,True,86.98983001708984,0.2412941323124375,1.6185041666030884,15.556433453062509,270.6503003508159,dxy_raw_candidates/images/GP_Ip_10.3mm_closed_R5_single_refY_004-raw01-14.jpg,dxy_raw_candidates/masks/GP_Ip_10.3mm_closed_R5_single_refY_004-raw01-14.png,dxy_raw_candidates/ring_fit/json/GP_Ip_10.3mm_closed_R5_single_refY_004-raw01-14.json,circle,B,ok,
494.3954814847823,883.1772534785239,13136.269026548673,19.556882491867565,46.269207501512405,195.37522123893805,44882.0,1653.0,1695.0,0.586171310629515,1.0,672.210205078125,1.0,GP_Ip_10.3mm_closed_R5_single_refY,GP_Ip_10.3mm_closed_R5_single_refY_004,2,370,GP_Ip_10.3mm_closed_R5_single_refY_004-raw02-19,19.42275818532308,7.702720031956576,True,91.35826110839844,0.2801161893675948,0.9833546876907348,13.866012731541815,253.35496233211515,dxy_raw_candidates/images/GP_Ip_10.3mm_closed_R5_single_refY_004-raw02-19.jpg,dxy_raw_candidates/masks/GP_Ip_10.3mm_closed_R5_single_refY_004-raw02-19.png,dxy_raw_candidates/ring_fit/json/GP_Ip_10.3mm_closed_R5_single_refY_004-raw02-19.json,circle,B,ok,
554.3960837952632,925.0,14650.367901234567,20.438245386701222,55.432129514321296,247.970987654321,41673.0,1606.0,1620.0,0.5942184154175589,1.0,655.896484375,1.0,GP_Ip_10.3mm_closed_R5_single_refY,GP_Ip_10.3mm_closed_R5_single_refY_004,2,408,GP_Ip_10.3mm_closed_R5_single_refY_004-raw02-24,17.99219386453511,7.672938418266048,True,88.76829528808594,0.2760710049218149,0.7837024927139282,13.760474011067986,244.29876406370323,dxy_raw_candidates/images/GP_Ip_10.3mm_closed_R5_single_refY_004-raw02-24.jpg,dxy_raw_candidates/masks/GP_Ip_10.3mm_closed_R5_single_refY_004-raw02-24.png,dxy_raw_candidates/ring_fit/json/GP_Ip_10.3mm_closed_R5_single_refY_004-raw02-24.json,circle,A,ok,
430.51549372826383,848.7447413303013,7601.658129175947,14.503614551990934,33.49232518476407,105.478285077951,51182.0,1759.0,1796.0,0.5884057971014492,1.0,717.7666015625,1.0,GP_Ip_10.3mm_closed_R5_single_refY,GP_Ip_10.3mm_closed_R5_single_refY_004,2,294,GP_Ip_10.3mm_closed_R5_single_refY_004-raw02-09,17.68840873735216,7.709784745937281,True,97.55664825439452,0.2743224898276757,1.357588768005371,13.939519298453444,271.9785562069136,dxy_raw_candidates/images/GP_Ip_10.3mm_closed_R5_single_refY_004-raw02-09.jpg,dxy_raw_candidates/masks/GP_Ip_10.3mm_closed_R5_single_refY_004-raw02-09.png,dxy_raw_candidates/ring_fit/json/GP_Ip_10.3mm_closed_R5_single_refY_004-raw02-09.json,circle,B,ok,
598.6341601969324,1475.522496371553,21093.39630681818,22.48639777819857,58.36066763425254,468.7620738636364,31686.0,1378.0,1408.0,0.5878712871287128,1.0,560.9848022460938,1.0,GP_Ip_10.3mm_closed_R5_single_refY,GP_Ip_10.3mm_closed_R5_single_refY_004,3,591,GP_Ip_10.3mm_closed_R5_single_refY_004-raw03-24,20.736016685993285,7.723176268570095,True,76.6474838256836,0.3095891117802191,0.7992309927940369,13.877585929711804,212.73640861742413,dxy_raw_candidates/images/GP_Ip_10.3mm_closed_R5_single_refY_004-raw03-24.jpg,dxy_raw_candidates/masks/GP_Ip_10.3mm_closed_R5_single_refY_004-raw03-24.png,dxy_raw_candidates/ring_fit/json/GP_Ip_10.3mm_closed_R5_single_refY_004-raw03-24.json,circle,B,ok,
585.8556058197823,1090.277856135402,20785.609483960947,20.507488690548968,43.42595204513399,400.9295676429568,32716.0,1418.0,1434.0,0.5935960591133005,1.0,573.7838134765625,1.0,GP_Ip_10.3mm_closed_R5_single_refY,GP_Ip_10.3mm_closed_R5_single_refY_004,3,508,GP_Ip_10.3mm_closed_R5_single_refY_004-raw03-13,20.69524409305784,7.765931079991182,True,74.71907043457031,0.2965417803970332,0.6906102299690247,14.684401903109253,219.4409720175917,dxy_raw_candidates/images/GP_Ip_10.3mm_closed_R5_single_refY_004-raw03-13.jpg,dxy_raw_candidates/masks/GP_Ip_10.3mm_closed_R5_single_refY_004-raw03-13.png,dxy_raw_candidates/ring_fit/json/GP_Ip_10.3mm_closed_R5_single_refY_004-raw03-13.json,circle,A,ok,
577.7895486347595,1336.5178947368422,17533.63700070077,21.354405299981423,45.22315789473684,344.8199018920813,32302.0,1425.0,1427.0,0.5967940813810111,1.0,576.6121826171875,1.0,GP_Ip_10.3mm_closed_R5_single_refY,GP_Ip_10.3mm_closed_R5_single_refY_004,3,530,GP_Ip_10.3mm_closed_R5_single_refY_004-raw03-16,20.56835389920342,7.766359074261462,True,75.33937072753906,0.2869306525125533,0.5481134057044983,14.374253544829305,216.5894433491077,dxy_raw_candidates/images/GP_Ip_10.3mm_closed_R5_single_refY_004-raw03-16.jpg,dxy_raw_candidates/masks/GP_Ip_10.3mm_closed_R5_single_refY_004-raw03-16.png,dxy_raw_candidates/ring_fit/json/GP_Ip_10.3mm_closed_R5_single_refY_004-raw03-16.json,circle,A,ok,
638.4094272606186,1871.809076682316,18664.76828329484,22.731056681959448,78.44522691705791,560.3749037721324,27028.0,1278.0,1299.0,0.6054054054054054,1.0,524.8721313476562,1.0,GP_Ip_10.3mm_closed_R5_single_refY,GP_Ip_10.3mm_closed_R5_single_refY_004,4,706,GP_Ip_10.3mm_closed_R5_single_refY_004-raw04-15,32.20617726906552,7.784266395920788,True,67.44853210449219,0.3251790903425598,0.5412596464157104,14.51308802499995,195.77729671790613,dxy_raw_candidates/images/GP_Ip_10.3mm_closed_R5_single_refY_004-raw04-15.jpg,dxy_raw_candidates/masks/GP_Ip_10.3mm_closed_R5_single_refY_004-raw04-15.png,dxy_raw_candidates/ring_fit/json/GP_Ip_10.3mm_closed_R5_single_refY_004-raw04-15.json,circle,A,ok,
534.1111483842111,1302.4397496087638,25654.882789317508,19.920011927392,38.68857589984351,457.1951038575668,26829.0,1278.0,1348.0,0.5869853917662683,1.0,520.9432373046875,1.0,GP_Ip_10.3mm_closed_R5_single_refY,GP_Ip_10.3mm_closed_R5_single_refY_004,4,691,GP_Ip_10.3mm_closed_R5_single_refY_004-raw04-13,30.80206487864624,7.750795457500269,True,71.57408142089844,0.2977376903009536,0.596869945526123,13.769310856541829,197.1051552711572,dxy_raw_candidates/images/GP_Ip_10.3mm_closed_R5_single_refY_004-raw04-13.jpg,dxy_raw_candidates/masks/GP_Ip_10.3mm_closed_R5_single_refY_004-raw04-13.png,dxy_raw_candidates/ring_fit/json/GP_Ip_10.3mm_closed_R5_single_refY_004-raw04-13.json,circle,A,ok,
534.1111483842111,1302.4397496087638,25665.649851632046,19.920011927392,38.68857589984351,457.36127596439167,26829.0,1278.0,1348.0,0.5869853917662683,1.0,520.9432373046875,1.0,GP_Ip_10.3mm_closed_R5_single_refY,GP_Ip_10.3mm_closed_R5_single_refY_004,4,683,GP_Ip_10.3mm_closed_R5_single_refY_004-raw04-12,30.80185437517402,7.750783156847402,True,71.57264709472656,0.2977376903009536,0.596869945526123,13.755809969113606,196.90794648429795,dxy_raw_candidates/images/GP_Ip_10.3mm_closed_R5_single_refY_004-raw04-12.jpg,dxy_raw_candidates/masks/GP_Ip_10.3mm_closed_R5_single_refY_004-raw04-12.png,dxy_raw_candidates/ring_fit/json/GP_Ip_10.3mm_closed_R5_single_refY_004-raw04-12.json,circle,B,ok,
615.224701250259,2057.85252069225,22284.48071216617,26.77619672584099,64.31075996990218,441.2908011869436,28954.0,1329.0,1348.0,0.6062176165803109,1.0,546.9432373046875,1.0,GP_Ip_10.3mm_closed_R5_single_refY,GP_Ip_10.3mm_closed_R5_single_refY_004,5,828,GP_Ip_10.3mm_closed_R5_single_refY_004-raw05-07,33.23021701139757,7.70800158080816,True,66.78132629394531,0.2856399864524427,0.6331402659416199,15.24067410997788,203.55848613562355,dxy_raw_candidates/images/GP_Ip_10.3mm_closed_R5_single_refY_004-raw05-07.jpg,dxy_raw_candidates/masks/GP_Ip_10.3mm_closed_R5_single_refY_004-raw05-07.png,dxy_raw_candidates/ring_fit/json/GP_Ip_10.3mm_closed_R5_single_refY_004-raw05-07.json,circle,B,ok,
574.8579231146279,2078.402132520944,22295.212893553224,28.037882501225404,99.7905559786748,526.5727136431784,28562.0,1313.0,1334.0,0.6089238845144357,1.0,541.286376953125,1.0,GP_Ip_10.3mm_closed_R5_single_refY,GP_Ip_10.3mm_closed_R5_single_refY_004,5,851,GP_Ip_10.3mm_closed_R5_single_refY_004-raw05-10,32.8530999450672,7.695357289932717,True,66.48905944824219,0.279893615787081,0.4908222556114197,15.238456097054954,202.6381226673032,dxy_raw_candidates/images/GP_Ip_10.3mm_closed_R5_single_refY_004-raw05-10.jpg,dxy_raw_candidates/masks/GP_Ip_10.3mm_closed_R5_single_refY_004-raw05-10.png,dxy_raw_candidates/ring_fit/json/GP_Ip_10.3mm_closed_R5_single_refY_004-raw05-10.json,circle,B,ok,
622.6348270305482,1969.4113149847087,20623.21477015825,22.32883052765112,73.4059633027523,473.758854559156,29167.0,1308.0,1327.0,0.6067708333333334,1.0,541.6295166015625,1.0,GP_Ip_10.3mm_closed_R5_single_refY,GP_Ip_10.3mm_closed_R5_single_refY_004,5,882,GP_Ip_10.3mm_closed_R5_single_refY_004-raw05-14,32.4614007970916,7.690171760985126,True,64.38109588623047,0.2643617143975872,0.5566801428794861,15.864213602148965,204.271091415919,dxy_raw_candidates/images/GP_Ip_10.3mm_closed_R5_single_refY_004-raw05-14.jpg,dxy_raw_candidates/masks/GP_Ip_10.3mm_closed_R5_single_refY_004-raw05-14.png,dxy_raw_candidates/ring_fit/json/GP_Ip_10.3mm_closed_R5_single_refY_004-raw05-14.json,circle,A,ok,
508.0599600641224,2382.398190045249,27684.33302583026,27.2327249205501,118.32880844645553,493.4031365313653,35557.0,1326.0,2168.0,0.5320910973084886,16.0,581.671098947525,1.0,GP_Ip_10.3mm_closed_R5_single_refY,GP_Ip_10.3mm_closed_R5_single_refY_005,1,86,GP_Ip_10.3mm_closed_R5_single_refY_005-raw01-05,53.1042990342882,7.067548426795884,True,121.26893615722656,0.5407969758117797,0.5874843001365662,10.08403943545026,244.57614690091447,dxy_raw_candidates/images/GP_Ip_10.3mm_closed_R5_single_refY_005-raw01-05.jpg,dxy_raw_candidates/masks/GP_Ip_10.3mm_closed_R5_single_refY_005-raw01-05.png,dxy_raw_candidates/ring_fit/json/GP_Ip_10.3mm_closed_R5_single_refY_005-raw01-05.json,circle,B,ok,
646.3726391015824,1828.0701454234388,39613.99143468951,35.80554947859695,113.15312232677502,718.0728051391862,27426.0,1169.0,1868.0,0.5679903730445247,15.0,533.2152853012085,1.0,GP_Ip_10.3mm_closed_R5_single_refY,GP_Ip_10.3mm_closed_R5_single_refY_005,1,127,GP_Ip_10.3mm_closed_R5_single_refY_005-raw01-10,52.60941971423774,7.067810881724676,True,104.58844757080078,0.5566168939173253,0.5841456651687622,10.184616880997218,213.0386537373741,dxy_raw_candidates/images/GP_Ip_10.3mm_closed_R5_single_refY_005-raw01-10.jpg,dxy_raw_candidates/masks/GP_Ip_10.3mm_closed_R5_single_refY_005-raw01-10.png,dxy_raw_candidates/ring_fit/json/GP_Ip_10.3mm_closed_R5_single_refY_005-raw01-10.json,circle,A,ok,
523.5411172073026,1909.7284345047924,35595.80009945301,26.90685661115924,79.34824281150159,672.8796618597712,31167.0,1252.0,2011.0,0.5162374020156775,10.0,532.1858752965927,1.0,GP_Ip_10.3mm_closed_R5_single_refY,GP_Ip_10.3mm_closed_R5_single_refY_005,1,111,GP_Ip_10.3mm_closed_R5_single_refY_005-raw01-08,51.88875381490452,7.074405910988094,True,112.20152282714844,0.5516099007331233,0.5851227641105652,10.23853786558315,229.7559080083705,dxy_raw_candidates/images/GP_Ip_10.3mm_closed_R5_single_refY_005-raw01-08.jpg,dxy_raw_candidates/masks/GP_Ip_10.3mm_closed_R5_single_refY_005-raw01-08.png,dxy_raw_candidates/ring_fit/json/GP_Ip_10.3mm_closed_R5_single_refY_005-raw01-08.json,circle,A,ok,
567.9458893578042,1713.5149606299212,37578.07082452432,24.722609349952563,98.50708661417325,615.7093023255813,30567.0,1270.0,1892.0,0.570267131242741,13.0,571.6122335195541,1.0,GP_Ip_10.3mm_closed_R5_single_refY,GP_Ip_10.3mm_closed_R5_single_refY_005,2,257,GP_Ip_10.3mm_closed_R5_single_refY_005-raw02-02,39.3236759485127,7.242928315714964,True,105.57347869873048,0.522806371763471,0.4730788767337799,10.578272803499148,223.35701169791577,dxy_raw_candidates/images/GP_Ip_10.3mm_closed_R5_single_refY_005-raw02-02.jpg,dxy_raw_candidates/masks/GP_Ip_10.3mm_closed_R5_single_refY_005-raw02-02.png,dxy_raw_candidates/ring_fit/json/GP_Ip_10.3mm_closed_R5_single_refY_005-raw02-02.json,circle,A,ok,
422.94712126723766,1580.3428571428572,24004.774468085103,16.209332319190448,62.74126984126984,309.1313829787234,30239.0,1260.0,1880.0,0.5635939323220537,17.0,552.9848079681396,1.0,GP_Ip_10.3mm_closed_R5_single_refY,GP_Ip_10.3mm_closed_R5_single_refY_005,2,249,GP_Ip_10.3mm_closed_R5_single_refY_005-raw02-01,33.22970762650171,7.276571144903677,True,105.47393798828124,0.5321274765686486,0.4805602431297302,10.536685500326,222.2691426126813,dxy_raw_candidates/images/GP_Ip_10.3mm_closed_R5_single_refY_005-raw02-01.jpg,dxy_raw_candidates/masks/GP_Ip_10.3mm_closed_R5_single_refY_005-raw02-01.png,dxy_raw_candidates/ring_fit/json/GP_Ip_10.3mm_closed_R5_single_refY_005-raw02-01.json,circle,A,ok,
649.4249879711307,4938.793503480279,28233.968817204302,28.198396150761827,253.6249033255993,423.9645161290322,31175.0,1293.0,1860.0,0.5011547344110855,1.0,517.9136962890625,1.0,GP_Ip_10.3mm_closed_R5_single_refY,GP_Ip_10.3mm_closed_R5_single_refY_005,2,298,GP_Ip_10.3mm_closed_R5_single_refY_005-raw02-07,33.04586509398942,7.241254308364069,True,104.68424224853516,0.4916359807338482,0.6001642346382141,10.798830223136882,226.09347181593304,dxy_raw_candidates/images/GP_Ip_10.3mm_closed_R5_single_refY_005-raw02-07.jpg,dxy_raw_candidates/masks/GP_Ip_10.3mm_closed_R5_single_refY_005-raw02-07.png,dxy_raw_candidates/ring_fit/json/GP_Ip_10.3mm_closed_R5_single_refY_005-raw02-07.json,circle,B,ok,
375.88157097081495,849.7425742574258,9572.151072124756,14.77604572616264,29.034653465346533,144.18421052631578,46188.0,1616.0,2052.0,0.5364173228346457,1.0,648.3818359375,1.0,GP_Ip_10.3mm_closed_R5_single_refY,GP_Ip_10.3mm_closed_R5_single_refY_005,3,493,GP_Ip_10.3mm_closed_R5_single_refY_005-raw03-07,16.267752704355445,7.45294453285503,True,113.38224792480467,0.3765016173643661,0.6894168853759766,11.270072705182807,255.5652355179226,dxy_raw_candidates/images/GP_Ip_10.3mm_closed_R5_single_refY_005-raw03-07.jpg,dxy_raw_candidates/masks/GP_Ip_10.3mm_closed_R5_single_refY_005-raw03-07.png,dxy_raw_candidates/ring_fit/json/GP_Ip_10.3mm_closed_R5_single_refY_005-raw03-07.json,circle,A,ok,
364.22393123727664,1055.8985115020298,8294.207594936708,12.288723013898313,37.57780784844384,74.69822784810127,39789.0,1478.0,1975.0,0.5198329853862212,1.0,592.2691040039062,1.0,GP_Ip_10.3mm_closed_R5_single_refY,GP_Ip_10.3mm_closed_R5_single_refY_005,3,452,GP_Ip_10.3mm_closed_R5_single_refY_005-raw03-02,15.846260823492353,7.420628636852362,True,110.9664306640625,0.4118641030964816,0.516312301158905,10.969439850724156,243.4479173237976,dxy_raw_candidates/images/GP_Ip_10.3mm_closed_R5_single_refY_005-raw03-02.jpg,dxy_raw_candidates/masks/GP_Ip_10.3mm_closed_R5_single_refY_005-raw03-02.png,dxy_raw_candidates/ring_fit/json/GP_Ip_10.3mm_closed_R5_single_refY_005-raw03-02.json,circle,B,ok,
366.83526752072345,744.6757594544328,7823.1549707602335,12.338249542469589,24.23062616243025,93.07894736842104,46445.0,1613.0,2052.0,0.5377081292850147,1.0,651.13916015625,1.0,GP_Ip_10.3mm_closed_R5_single_refY,GP_Ip_10.3mm_closed_R5_single_refY_005,3,501,GP_Ip_10.3mm_closed_R5_single_refY_005-raw03-08,15.620897680207236,7.457675445002549,True,114.40756225585938,0.3724183987886444,0.5819929242134094,11.157375200418144,255.29761957076423,dxy_raw_candidates/images/GP_Ip_10.3mm_closed_R5_single_refY_005-raw03-08.jpg,dxy_raw_candidates/masks/GP_Ip_10.3mm_closed_R5_single_refY_005-raw03-08.png,dxy_raw_candidates/ring_fit/json/GP_Ip_10.3mm_closed_R5_single_refY_005-raw03-08.json,circle,A,ok,
248.3839992690949,400.2620380739082,6243.718120805369,9.16251979534657,16.2956326987682,66.54563758389261,65672.0,1786.0,2980.0,0.6356123215627348,4.0,983.6609634160995,1.0,GP_Ip_10.3mm_closed_R5_single_refY,GP_Ip_10.3mm_closed_R5_single_refY_005,4,826,GP_Ip_10.3mm_closed_R5_single_refY_005-raw04-24,16.396148640327695,7.413147260152084,True,174.07135009765625,0.546643774469444,0.7361012101173401,9.701004050272797,337.733374466764,dxy_raw_candidates/images/GP_Ip_10.3mm_closed_R5_single_refY_005-raw04-24.jpg,dxy_raw_candidates/masks/GP_Ip_10.3mm_closed_R5_single_refY_005-raw04-24.png,dxy_raw_candidates/ring_fit/json/GP_Ip_10.3mm_closed_R5_single_refY_005-raw04-24.json,circle,B,ok,
269.95167781079743,1126.433426183844,5649.334036568213,9.631887691926696,38.4991643454039,59.29430379746835,64608.0,1795.0,2844.0,0.6258714175058094,4.0,945.2467620372772,1.0,GP_Ip_10.3mm_closed_R5_single_refY,GP_Ip_10.3mm_closed_R5_single_refY_005,4,777,GP_Ip_10.3mm_closed_R5_single_refY_005-raw04-18,14.43420064899656,7.507351174304825,True,166.55484008789062,0.4938965524391902,0.6050278544425964,10.02583344216304,333.97021714145825,dxy_raw_candidates/images/GP_Ip_10.3mm_closed_R5_single_refY_005-raw04-18.jpg,dxy_raw_candidates/masks/GP_Ip_10.3mm_closed_R5_single_refY_005-raw04-18.png,dxy_raw_candidates/ring_fit/json/GP_Ip_10.3mm_closed_R5_single_refY_005-raw04-18.json,circle,A,ok,
257.9346777456197,1263.099109131403,6589.8564356435645,9.609809230386208,38.13084632516704,67.54879773691655,64266.0,1796.0,2828.0,0.6252909231962762,5.0,941.4184066057204,1.0,GP_Ip_10.3mm_closed_R5_single_refY,GP_Ip_10.3mm_closed_R5_single_refY_005,4,769,GP_Ip_10.3mm_closed_R5_single_refY_005-raw04-17,14.222474904885702,7.486541527318742,True,166.17271423339844,0.4845045569106156,0.7344883680343628,10.121606095804411,336.3869514682264,dxy_raw_candidates/images/GP_Ip_10.3mm_closed_R5_single_refY_005-raw04-17.jpg,dxy_raw_candidates/masks/GP_Ip_10.3mm_closed_R5_single_refY_005-raw04-17.png,dxy_raw_candidates/ring_fit/json/GP_Ip_10.3mm_closed_R5_single_refY_005-raw04-17.json,circle,B,ok,
213.531817700534,355.0011135857461,6401.581081081081,8.149022099196806,13.550111358574611,59.36293436293436,66111.0,1796.0,3108.0,0.637490882567469,5.0,1008.1757493019104,1.0,GP_Ip_10.3mm_closed_R5_single_refY,GP_Ip_10.3mm_closed_R5_single_refY_005,5,1007,GP_Ip_10.3mm_closed_R5_single_refY_005-raw05-22,21.690962395928217,7.325139616335902,True,177.4269561767578,0.616744683325546,1.051140308380127,9.534647287463946,338.3406892867416,dxy_raw_candidates/images/GP_Ip_10.3mm_closed_R5_single_refY_005-raw05-22.jpg,dxy_raw_candidates/masks/GP_Ip_10.3mm_closed_R5_single_refY_005-raw05-22.png,dxy_raw_candidates/ring_fit/json/GP_Ip_10.3mm_closed_R5_single_refY_005-raw05-22.json,circle,B,ok,
212.4895961203304,298.4378830083565,6346.154884318766,8.424960218231416,14.444568245125348,60.017352185089976,65985.0,1795.0,3112.0,0.6356986100950988,4.0,1006.2467346191406,1.0,GP_Ip_10.3mm_closed_R5_single_refY,GP_Ip_10.3mm_closed_R5_single_refY_005,5,1016,GP_Ip_10.3mm_closed_R5_single_refY_005-raw05-23,21.47323882843653,7.325003561694805,True,176.8369598388672,0.6167183624580745,1.064616084098816,9.559211653648424,338.08438545749226,dxy_raw_candidates/images/GP_Ip_10.3mm_closed_R5_single_refY_005-raw05-23.jpg,dxy_raw_candidates/masks/GP_Ip_10.3mm_closed_R5_single_refY_005-raw05-23.png,dxy_raw_candidates/ring_fit/json/GP_Ip_10.3mm_closed_R5_single_refY_005-raw05-23.json,circle,A,ok,
211.51704571315867,256.0500834724541,6077.387703090156,7.54711656627877,14.279910962715638,60.31124561962408,65911.0,1797.0,3139.0,0.6321506154960174,3.0,1010.83251953125,1.0,GP_Ip_10.3mm_closed_R5_single_refY,GP_Ip_10.3mm_closed_R5_single_refY_005,5,991,GP_Ip_10.3mm_closed_R5_single_refY_005-raw05-20,21.246715150051354,7.326793543578416,True,177.0110626220703,0.6196908282899932,0.940636157989502,9.605836920208004,340.06788012406787,dxy_raw_candidates/images/GP_Ip_10.3mm_closed_R5_single_refY_005-raw05-20.jpg,dxy_raw_candidates/masks/GP_Ip_10.3mm_closed_R5_single_refY_005-raw05-20.png,dxy_raw_candidates/ring_fit/json/GP_Ip_10.3mm_closed_R5_single_refY_005-raw05-20.json,circle,A,ok,
,,,,,,,,,,,,,GP_Ip_12.0mm_closed_R10_single_refY,GP_Ip_12.0mm_closed_R10_single_refY_004,1,63,GP_Ip_12.0mm_closed_R10_single_refY_004-raw01-01,17.876395051969133,,False,,,,,,dxy_raw_candidates/images/GP_Ip_12.0mm_closed_R10_single_refY_004-raw01-01.jpg,,,,,feature_failure,FileNotFoundError
,,,,,,,,,,,,,GP_Ip_12.0mm_closed_R10_single_refY,GP_Ip_12.0mm_closed_R10_single_refY_004,1,271,GP_Ip_12.0mm_closed_R10_single_refY_004-raw01-23,15.907266238307953,,False,,,,,,dxy_raw_candidates/images/GP_Ip_12.0mm_closed_R10_single_refY_004-raw01-23.jpg,,,,,feature_failure,FileNotFoundError
,,,,,,,,,,,,,GP_Ip_12.0mm_closed_R10_single_refY,GP_Ip_12.0mm_closed_R10_single_refY_004,1,91,GP_Ip_12.0mm_closed_R10_single_refY_004-raw01-04,15.565781044284204,,False,,,,,,dxy_raw_candidates/images/GP_Ip_12.0mm_closed_R10_single_refY_004-raw01-04.jpg,,,,,feature_failure,FileNotFoundError
333.1422115618591,1839.120178041543,15261.836492890996,9.371988737094588,63.82121661721068,155.3281990521327,57534.0,1348.0,4220.0,0.6323731138545954,3.0,1066.874235510826,1.0,GP_Ip_12.0mm_closed_R10_single_refY,GP_Ip_12.0mm_closed_R10_single_refY_004,2,479,GP_Ip_12.0mm_closed_R10_single_refY_004-raw02-21,26.020224596884223,7.75690029410586,True,295.98748779296875,0.6005071396290631,5.707708358764648,10.28135946301119,304.3153758553154,dxy_raw_candidates/images/GP_Ip_12.0mm_closed_R10_single_refY_004-raw02-21.jpg,dxy_raw_candidates/masks/GP_Ip_12.0mm_closed_R10_single_refY_004-raw02-21.png,dxy_raw_candidates/ring_fit/json/GP_Ip_12.0mm_closed_R10_single_refY_004-raw02-21.json,circle,A,ok,
334.5591832355886,970.3480243161094,16917.983653846153,9.794360606494063,29.68237082066869,180.171875,55928.0,1316.0,4160.0,0.623340321453529,2.0,1033.7320556640625,1.0,GP_Ip_12.0mm_closed_R10_single_refY,GP_Ip_12.0mm_closed_R10_single_refY_004,2,508,GP_Ip_12.0mm_closed_R10_single_refY_004-raw02-24,25.550030974153824,7.804065624941366,True,289.1221923828125,0.6039120982639505,5.531130313873291,10.421443685680815,301.3070646198057,dxy_raw_candidates/images/GP_Ip_12.0mm_closed_R10_single_refY_004-raw02-24.jpg,dxy_raw_candidates/masks/GP_Ip_12.0mm_closed_R10_single_refY_004-raw02-24.png,dxy_raw_candidates/ring_fit/json/GP_Ip_12.0mm_closed_R10_single_refY_004-raw02-24.json,circle,A,ok,
350.0408034714446,1145.563201196709,16799.352631578946,10.64984602463606,45.0037397157816,180.5344497607656,57152.0,1337.0,4180.0,0.6208563535911602,4.0,1043.288449048996,1.0,GP_Ip_12.0mm_closed_R10_single_refY,GP_Ip_12.0mm_closed_R10_single_refY_004,2,498,GP_Ip_12.0mm_closed_R10_single_refY_004-raw02-23,24.85962453804958,7.803539587202477,True,290.1549377441406,0.6138268956364079,5.557131767272949,10.47625544969106,303.97372477968304,dxy_raw_candidates/images/GP_Ip_12.0mm_closed_R10_single_refY_004-raw02-23.jpg,dxy_raw_candidates/masks/GP_Ip_12.0mm_closed_R10_single_refY_004-raw02-23.png,dxy_raw_candidates/ring_fit/json/GP_Ip_12.0mm_closed_R10_single_refY_004-raw02-23.json,circle,A,ok,
375.4953523892647,786.0366492146596,23234.591227614845,10.806131355007636,30.271378708551484,305.38593303919026,45830.0,1146.0,3853.0,0.6230529595015576,3.0,929.9625196456908,0.9999542480669809,GP_Ip_12.0mm_closed_R10_single_refY,GP_Ip_12.0mm_closed_R10_single_refY_004,3,649,GP_Ip_12.0mm_closed_R10_single_refY_004-raw03-15,37.36072076982925,7.792203218191838,True,249.7813873291016,0.6807273372801945,2.544663190841675,11.06288716650969,276.3303304316105,dxy_raw_candidates/images/GP_Ip_12.0mm_closed_R10_single_refY_004-raw03-15.jpg,dxy_raw_candidates/masks/GP_Ip_12.0mm_closed_R10_single_refY_004-raw03-15.png,dxy_raw_candidates/ring_fit/json/GP_Ip_12.0mm_closed_R10_single_refY_004-raw03-15.json,circle,A,ok,
396.52959971422337,1592.3460046547711,31141.84248704664,11.708368890035525,67.20558572536851,393.0025906735751,50389.0,1289.0,3860.0,0.6162876008804109,3.0,974.9330687522888,1.0,GP_Ip_12.0mm_closed_R10_single_refY,GP_Ip_12.0mm_closed_R10_single_refY_004,3,725,GP_Ip_12.0mm_closed_R10_single_refY_004-raw03-23,36.8808337788888,7.729865379766271,True,264.5429382324219,0.6149226083769465,4.136657238006592,10.809754157556982,285.96441264102657,dxy_raw_candidates/images/GP_Ip_12.0mm_closed_R10_single_refY_004-raw03-23.jpg,dxy_raw_candidates/masks/GP_Ip_12.0mm_closed_R10_single_refY_004-raw03-23.png,dxy_raw_candidates/ring_fit/json/GP_Ip_12.0mm_closed_R10_single_refY_004-raw03-23.json,circle,A,ok,
348.1958588357859,980.8452173913043,24892.2879256966,10.148131267092069,24.55391304347826,309.0657894736842,46074.0,1150.0,3876.0,0.6255742725880551,3.0,945.3056321144104,1.0,GP_Ip_12.0mm_closed_R10_single_refY,GP_Ip_12.0mm_closed_R10_single_refY_004,3,602,GP_Ip_12.0mm_closed_R10_single_refY_004-raw03-10,35.66318357067343,7.775082741607638,True,262.34100341796875,0.6475431026852935,4.126952648162842,10.610590722866036,278.359301709407,dxy_raw_candidates/images/GP_Ip_12.0mm_closed_R10_single_refY_004-raw03-10.jpg,dxy_raw_candidates/masks/GP_Ip_12.0mm_closed_R10_single_refY_004-raw03-10.png,dxy_raw_candidates/ring_fit/json/GP_Ip_12.0mm_closed_R10_single_refY_004-raw03-10.json,circle,A,ok,
350.2755268090716,591.3556280587276,26393.302577319588,10.80252126804952,27.70146818923328,298.44329896907215,48547.0,1226.0,3880.0,0.6111940298507462,5.0,942.820340037346,1.0,GP_Ip_12.0mm_closed_R10_single_refY,GP_Ip_12.0mm_closed_R10_single_refY_004,4,924,GP_Ip_12.0mm_closed_R10_single_refY_004-raw04-20,46.07975129012,7.653267224821167,True,252.76974487304688,0.6792998078935811,2.511205673217773,11.857830079362213,299.73006839083314,dxy_raw_candidates/images/GP_Ip_12.0mm_closed_R10_single_refY_004-raw04-20.jpg,dxy_raw_candidates/masks/GP_Ip_12.0mm_closed_R10_single_refY_004-raw04-20.png,dxy_raw_candidates/ring_fit/json/GP_Ip_12.0mm_closed_R10_single_refY_004-raw04-20.json,circle,B,ok,
366.08533670466,658.7244340359094,33888.97357512953,10.634948541176936,24.684621389539423,393.32331606217616,50623.0,1281.0,3860.0,0.6112737920937042,4.0,963.9624633789062,1.0,GP_Ip_12.0mm_closed_R10_single_refY,GP_Ip_12.0mm_closed_R10_single_refY_004,4,876,GP_Ip_12.0mm_closed_R10_single_refY_004-raw04-15,43.96119327968552,7.668095709767158,True,263.2086486816406,0.6277424566770651,3.3306872844696045,12.040205486894513,316.908621605478,dxy_raw_candidates/images/GP_Ip_12.0mm_closed_R10_single_refY_004-raw04-15.jpg,dxy_raw_candidates/masks/GP_Ip_12.0mm_closed_R10_single_refY_004-raw04-15.png,dxy_raw_candidates/ring_fit/json/GP_Ip_12.0mm_closed_R10_single_refY_004-raw04-15.json,circle,A,ok,
355.22976224460666,829.1477272727273,29803.642930327867,10.407140818074303,26.37824675324676,434.1795594262295,49042.0,1232.0,3904.0,0.6129753914988815,4.0,951.3767074346542,1.0,GP_Ip_12.0mm_closed_R10_single_refY,GP_Ip_12.0mm_closed_R10_single_refY_004,4,952,GP_Ip_12.0mm_closed_R10_single_refY_004-raw04-23,43.46339516881187,7.707011823937755,True,254.37161254882807,0.6880523323542878,2.6120965480804443,11.39669112919,289.89947002529914,dxy_raw_candidates/images/GP_Ip_12.0mm_closed_R10_single_refY_004-raw04-23.jpg,dxy_raw_candidates/masks/GP_Ip_12.0mm_closed_R10_single_refY_004-raw04-23.png,dxy_raw_candidates/ring_fit/json/GP_Ip_12.0mm_closed_R10_single_refY_004-raw04-23.json,circle,A,ok,
378.4735861673672,836.4075403949731,37396.68506493507,12.649813717997707,28.59874326750449,632.7989718614718,41872.0,1114.0,3696.0,0.6095238095238096,5.0,883.9503126144409,1.0,GP_Ip_12.0mm_closed_R10_single_refY,GP_Ip_12.0mm_closed_R10_single_refY_004,5,1106,GP_Ip_12.0mm_closed_R10_single_refY_004-raw05-15,48.53684343328476,7.682278561678167,True,237.3516998291016,0.709619526179253,2.035939216613769,13.360805916481851,317.12099953636897,dxy_raw_candidates/images/GP_Ip_12.0mm_closed_R10_single_refY_004-raw05-15.jpg,dxy_raw_candidates/masks/GP_Ip_12.0mm_closed_R10_single_refY_004-raw05-15.png,dxy_raw_candidates/ring_fit/json/GP_Ip_12.0mm_closed_R10_single_refY_004-raw05-15.json,circle,A,ok,
357.6630146082337,748.0867208672087,31226.323466092574,11.002845759817871,26.52755194218609,439.6272874058127,42168.0,1107.0,3716.0,0.6054097056483692,4.0,876.7076995372772,1.0,GP_Ip_12.0mm_closed_R10_single_refY,GP_Ip_12.0mm_closed_R10_single_refY_004,5,1077,GP_Ip_12.0mm_closed_R10_single_refY_004-raw05-12,48.12842547904002,7.688311664880429,True,238.5646209716797,0.7214852977914912,2.2839906215667725,11.697937920620534,279.0714126183081,dxy_raw_candidates/images/GP_Ip_12.0mm_closed_R10_single_refY_004-raw05-12.jpg,dxy_raw_candidates/masks/GP_Ip_12.0mm_closed_R10_single_refY_004-raw05-12.png,dxy_raw_candidates/ring_fit/json/GP_Ip_12.0mm_closed_R10_single_refY_004-raw05-12.json,circle,B,ok,
412.03917275518216,774.2057245080501,40080.9402173913,12.258835288797926,26.63685152057245,573.2125,42019.0,1118.0,3680.0,0.6151368760064412,4.0,887.9919402599335,1.0,GP_Ip_12.0mm_closed_R10_single_refY,GP_Ip_12.0mm_closed_R10_single_refY_004,5,1125,GP_Ip_12.0mm_closed_R10_single_refY_004-raw05-17,47.92588830921384,7.691223213094535,True,237.5599822998047,0.7030927436399612,2.111032485961914,12.592321230964616,299.1431608741412,dxy_raw_candidates/images/GP_Ip_12.0mm_closed_R10_single_refY_004-raw05-17.jpg,dxy_raw_candidates/masks/GP_Ip_12.0mm_closed_R10_single_refY_004-raw05-17.png,dxy_raw_candidates/ring_fit/json/GP_Ip_12.0mm_closed_R10_single_refY_004-raw05-17.json,circle,A,ok,
254.9176098008168,720.8948275862069,9657.3615136876,8.372231019251604,20.775,149.45652173913044,59995.0,1160.0,4968.0,0.6775288526816021,7.0,1142.6020766496658,1.0,GP_Ip_12.0mm_closed_R10_single_refY,GP_Ip_12.0mm_closed_R10_single_refY_005,1,108,GP_Ip_12.0mm_closed_R10_single_refY_005-raw01-11,47.27358393774973,7.454363541059117,True,291.96649169921875,0.884168692980856,1.6539257764816284,4.140556422293852,120.89037322998064,dxy_raw_candidates/images/GP_Ip_12.0mm_closed_R10_single_refY_005-raw01-11.jpg,dxy_raw_candidates/masks/GP_Ip_12.0mm_closed_R10_single_refY_005-raw01-11.png,dxy_raw_candidates/ring_fit/json/GP_Ip_12.0mm_closed_R10_single_refY_005-raw01-11.json,ellipse,B,ok,
227.61329375024096,742.8557692307693,7983.247950819672,8.127481975556154,18.34134615384616,105.00491803278688,51874.0,624.0,4880.0,0.6557911908646004,10.0,920.335130095482,1.0,GP_Ip_12.0mm_closed_R10_single_refY,GP_Ip_12.0mm_closed_R10_single_refY_005,1,192,GP_Ip_12.0mm_closed_R10_single_refY_005-raw01-24,46.61754664866013,7.355832765201602,True,279.5142822265625,0.9126545359804844,1.183151125907898,3.828780459790696,107.01988220214848,dxy_raw_candidates/images/GP_Ip_12.0mm_closed_R10_single_refY_005-raw01-24.jpg,dxy_raw_candidates/masks/GP_Ip_12.0mm_closed_R10_single_refY_005-raw01-24.png,dxy_raw_candidates/ring_fit/json/GP_Ip_12.0mm_closed_R10_single_refY_005-raw01-24.json,ellipse,B,ok,
287.3018549747049,782.497512437811,10432.140816326531,10.291943039160577,25.4863184079602,163.50714285714287,53370.0,804.0,4900.0,0.6155589123867069,14.0,926.9208918809892,1.0,GP_Ip_12.0mm_closed_R10_single_refY,GP_Ip_12.0mm_closed_R10_single_refY_005,1,172,GP_Ip_12.0mm_closed_R10_single_refY_005-raw01-21,46.16072984327975,7.3855568148155,True,282.3240966796875,0.9138151378327972,1.2949634790420532,3.83997539345183,108.41175842285168,dxy_raw_candidates/images/GP_Ip_12.0mm_closed_R10_single_refY_005-raw01-21.jpg,dxy_raw_candidates/masks/GP_Ip_12.0mm_closed_R10_single_refY_005-raw01-21.png,dxy_raw_candidates/ring_fit/json/GP_Ip_12.0mm_closed_R10_single_refY_005-raw01-21.json,ellipse,B,ok,
319.6621613046513,872.6913907284768,13344.685540069686,12.094126107832562,26.656953642384103,228.3155487804878,47277.0,755.0,4592.0,0.6489533011272142,3.0,930.1635131835938,1.0,GP_Ip_12.0mm_closed_R10_single_refY,GP_Ip_12.0mm_closed_R10_single_refY_005,2,295,GP_Ip_12.0mm_closed_R10_single_refY_005-raw02-16,55.9278721192148,7.323940199803583,True,267.7318115234375,0.8712766929185729,1.2705849409103394,3.737753099383155,100.07154083251972,dxy_raw_candidates/images/GP_Ip_12.0mm_closed_R10_single_refY_005-raw02-16.jpg,dxy_raw_candidates/masks/GP_Ip_12.0mm_closed_R10_single_refY_005-raw02-16.png,dxy_raw_candidates/ring_fit/json/GP_Ip_12.0mm_closed_R10_single_refY_005-raw02-16.json,ellipse,B,ok,
320.2510245686303,860.9343832020998,12947.14485165794,10.048906075954688,25.056430446194227,190.92386561954623,47581.0,762.0,4584.0,0.6498800959232613,4.0,934.0924668312072,1.0,GP_Ip_12.0mm_closed_R10_single_refY,GP_Ip_12.0mm_closed_R10_single_refY_005,2,276,GP_Ip_12.0mm_closed_R10_single_refY_005-raw02-13,55.36745324904711,7.32688018000916,True,267.0149841308594,0.8793956972901138,1.2497355937957764,3.6118172746543338,96.44093322753923,dxy_raw_candidates/images/GP_Ip_12.0mm_closed_R10_single_refY_005-raw02-13.jpg,dxy_raw_candidates/masks/GP_Ip_12.0mm_closed_R10_single_refY_005-raw02-13.png,dxy_raw_candidates/ring_fit/json/GP_Ip_12.0mm_closed_R10_single_refY_005-raw02-13.json,ellipse,B,ok,
319.1992093216812,1073.381495564005,14483.094240837696,11.513025384935498,32.39036755386565,197.61540139616056,48060.0,789.0,4584.0,0.6463607594936709,7.0,938.820434331894,1.0,GP_Ip_12.0mm_closed_R10_single_refY,GP_Ip_12.0mm_closed_R10_single_refY_005,2,269,GP_Ip_12.0mm_closed_R10_single_refY_005-raw02-12,54.68063968430506,7.342041810547023,True,268.3797302246094,0.8748582506977061,1.1420485973358154,3.790410559515648,101.72693634033205,dxy_raw_candidates/images/GP_Ip_12.0mm_closed_R10_single_refY_005-raw02-12.jpg,dxy_raw_candidates/masks/GP_Ip_12.0mm_closed_R10_single_refY_005-raw02-12.png,dxy_raw_candidates/ring_fit/json/GP_Ip_12.0mm_closed_R10_single_refY_005-raw02-12.json,ellipse,B,ok,
408.94415420215176,1393.497584541063,39300.5623967917,15.956296667382333,64.84782608695652,850.5017692852088,41919.0,828.0,4239.0,0.6210008203445447,7.0,874.6782776117325,1.0,GP_Ip_12.0mm_closed_R10_single_refY,GP_Ip_12.0mm_closed_R10_single_refY_005,3,502,GP_Ip_12.0mm_closed_R10_single_refY_005-raw03-24,67.90008521227304,7.263246422172735,True,252.0194854736328,0.8305049979277792,1.2863579988479614,3.5017324349346213,88.25048065185567,dxy_raw_candidates/images/GP_Ip_12.0mm_closed_R10_single_refY_005-raw03-24.jpg,dxy_raw_candidates/masks/GP_Ip_12.0mm_closed_R10_single_refY_005-raw03-24.png,dxy_raw_candidates/ring_fit/json/GP_Ip_12.0mm_closed_R10_single_refY_005-raw03-24.json,ellipse,B,ok,
392.8203753351206,832.115107913669,35833.144598078274,13.40622553322736,32.97841726618705,739.1403796578393,42149.0,834.0,4267.0,0.6180327868852459,4.0,875.0924361944199,1.0,GP_Ip_12.0mm_closed_R10_single_refY,GP_Ip_12.0mm_closed_R10_single_refY_005,3,495,GP_Ip_12.0mm_closed_R10_single_refY_005-raw03-23,64.46177491825128,7.265036749659847,True,253.1969146728516,0.8305161797732649,1.1943330764770508,10.899108585385145,275.96206665039125,dxy_raw_candidates/images/GP_Ip_12.0mm_closed_R10_single_refY_005-raw03-23.jpg,dxy_raw_candidates/masks/GP_Ip_12.0mm_closed_R10_single_refY_005-raw03-23.png,dxy_raw_candidates/ring_fit/json/GP_Ip_12.0mm_closed_R10_single_refY_005-raw03-23.json,ellipse,A,ok,
352.6454956928019,829.8595988538682,18838.22309107636,12.947632257750524,22.810888252149,356.7454001839926,41094.0,698.0,4348.0,0.6470588235294118,3.0,878.193052649498,1.0,GP_Ip_12.0mm_closed_R10_single_refY,GP_Ip_12.0mm_closed_R10_single_refY_005,3,424,GP_Ip_12.0mm_closed_R10_single_refY_005-raw03-12,60.25463140982051,7.29060914645633,True,254.5769500732422,0.8641632254571893,1.1661746501922607,3.0706535111129227,78.1717605590821,dxy_raw_candidates/images/GP_Ip_12.0mm_closed_R10_single_refY_005-raw03-12.jpg,dxy_raw_candidates/masks/GP_Ip_12.0mm_closed_R10_single_refY_005-raw03-12.png,dxy_raw_candidates/ring_fit/json/GP_Ip_12.0mm_closed_R10_single_refY_005-raw03-12.json,ellipse,B,ok,
420.0229475003616,1964.401997503121,42515.98866320265,18.728727763582896,90.08863920099876,1034.4152102031176,41486.0,801.0,4234.0,0.6275,2.0,876.9208374023438,1.0,GP_Ip_12.0mm_closed_R10_single_refY,GP_Ip_12.0mm_closed_R10_single_refY_005,4,514,GP_Ip_12.0mm_closed_R10_single_refY_005-raw04-02,71.5027294072987,7.26770910868001,True,251.7867584228516,0.8315767362125267,1.3425679206848145,10.438680531361037,262.8321533203129,dxy_raw_candidates/images/GP_Ip_12.0mm_closed_R10_single_refY_005-raw04-02.jpg,dxy_raw_candidates/masks/GP_Ip_12.0mm_closed_R10_single_refY_005-raw04-02.png,dxy_raw_candidates/ring_fit/json/GP_Ip_12.0mm_closed_R10_single_refY_005-raw04-02.json,ellipse,A,ok,
410.7837194918883,1859.992700729927,39704.25495750708,15.609401018126457,84.43430656934306,882.9995278564684,42038.0,822.0,4236.0,0.6248969497114591,5.0,879.7493255138397,1.0,GP_Ip_12.0mm_closed_R10_single_refY,GP_Ip_12.0mm_closed_R10_single_refY_005,4,508,GP_Ip_12.0mm_closed_R10_single_refY_005-raw04-01,69.69240848229963,7.268189907300245,True,252.0999755859375,0.8297642799455849,1.3305609226226809,3.532669064493902,89.05857849121097,dxy_raw_candidates/images/GP_Ip_12.0mm_closed_R10_single_refY_005-raw04-01.jpg,dxy_raw_candidates/masks/GP_Ip_12.0mm_closed_R10_single_refY_005-raw04-01.png,dxy_raw_candidates/ring_fit/json/GP_Ip_12.0mm_closed_R10_single_refY_005-raw04-01.json,ellipse,B,ok,
406.0108471949832,992.5678704856788,39763.93979303857,15.508050652526574,40.891656288916565,876.0444496707432,41301.0,803.0,4252.0,0.6184100418410042,3.0,862.7492980957031,1.0,GP_Ip_12.0mm_closed_R10_single_refY,GP_Ip_12.0mm_closed_R10_single_refY_005,4,540,GP_Ip_12.0mm_closed_R10_single_refY_005-raw04-06,69.00474555571756,7.261989479802201,True,252.1096343994141,0.8358077460483065,1.2513257265090942,3.310297134344297,83.45578002929689,dxy_raw_candidates/images/GP_Ip_12.0mm_closed_R10_single_refY_005-raw04-06.jpg,dxy_raw_candidates/masks/GP_Ip_12.0mm_closed_R10_single_refY_005-raw04-06.png,dxy_raw_candidates/ring_fit/json/GP_Ip_12.0mm_closed_R10_single_refY_005-raw04-06.json,ellipse,B,ok,
395.1417837647108,814.1884498480243,34136.65807860262,16.12555262666307,24.81357649442756,623.4705240174673,48179.0,987.0,4580.0,0.5989621942179392,8.0,942.9036165475844,1.0,GP_Ip_12.0mm_closed_R10_single_refY,GP_Ip_12.0mm_closed_R10_single_refY_005,5,702,GP_Ip_12.0mm_closed_R10_single_refY_005-raw05-07,71.91322578382021,7.129737524627382,True,274.8748779296875,0.8136196235952022,1.7823923826217651,3.017740449201186,82.95010375976575,dxy_raw_candidates/images/GP_Ip_12.0mm_closed_R10_single_refY_005-raw05-07.jpg,dxy_raw_candidates/masks/GP_Ip_12.0mm_closed_R10_single_refY_005-raw05-07.png,dxy_raw_candidates/ring_fit/json/GP_Ip_12.0mm_closed_R10_single_refY_005-raw05-07.json,ellipse,B,ok,
393.3059387251343,767.2444444444444,32925.11834061136,17.033645169989008,31.31010101010101,621.311135371179,48209.0,990.0,4580.0,0.5955555555555555,5.0,942.7321062088012,1.0,GP_Ip_12.0mm_closed_R10_single_refY,GP_Ip_12.0mm_closed_R10_single_refY_005,5,695,GP_Ip_12.0mm_closed_R10_single_refY_005-raw05-06,69.98557038630261,7.126281785963957,True,274.8511962890625,0.8137234255196732,1.8187322616577148,3.0118053714256785,82.77983093261727,dxy_raw_candidates/images/GP_Ip_12.0mm_closed_R10_single_refY_005-raw05-06.jpg,dxy_raw_candidates/masks/GP_Ip_12.0mm_closed_R10_single_refY_005-raw05-06.png,dxy_raw_candidates/ring_fit/json/GP_Ip_12.0mm_closed_R10_single_refY_005-raw05-06.json,ellipse,B,ok,
408.9648082901554,856.6382113821138,31319.26373147341,17.842673575129535,25.164634146341463,559.3977768090672,48250.0,984.0,4588.0,0.5949741315594974,9.0,940.5604741573334,1.0,GP_Ip_12.0mm_closed_R10_single_refY,GP_Ip_12.0mm_closed_R10_single_refY_005,5,715,GP_Ip_12.0mm_closed_R10_single_refY_005-raw05-09,69.88704853634304,7.137381787451514,True,274.704345703125,0.8205500041182041,1.858218789100647,2.5219860285694224,69.28005218505865,dxy_raw_candidates/images/GP_Ip_12.0mm_closed_R10_single_refY_005-raw05-09.jpg,dxy_raw_candidates/masks/GP_Ip_12.0mm_closed_R10_single_refY_005-raw05-09.png,dxy_raw_candidates/ring_fit/json/GP_Ip_12.0mm_closed_R10_single_refY_005-raw05-09.json,ellipse,B,ok,
491.0091448389157,1115.5141612200437,37539.44538606403,14.865309847586015,33.778322440087145,632.6840866290019,54785.0,1836.0,2124.0,0.703483432455395,2.0,948.607192993164,1.0,GP_Ip_12.0mm_closed_R5_single_refY,GP_Ip_12.0mm_closed_R5_single_refY_004,1,174,GP_Ip_12.0mm_closed_R5_single_refY_004-raw01-15,37.64553531942369,7.788788427726678,True,121.74609375,0.6178299988992545,0.8306465148925781,11.21141189390014,272.9891207009265,dxy_raw_candidates/images/GP_Ip_12.0mm_closed_R5_single_refY_004-raw01-15.jpg,dxy_raw_candidates/masks/GP_Ip_12.0mm_closed_R5_single_refY_004-raw01-15.png,dxy_raw_candidates/ring_fit/json/GP_Ip_12.0mm_closed_R5_single_refY_004-raw01-15.json,circle,B,ok,
449.42349061200014,969.3604395604395,25292.965317919075,12.160457969493685,29.41098901098901,257.27601156069363,53366.0,1820.0,2076.0,0.7039586919104991,6.0,929.2224426269532,1.0,GP_Ip_12.0mm_closed_R5_single_refY,GP_Ip_12.0mm_closed_R5_single_refY_004,1,149,GP_Ip_12.0mm_closed_R5_single_refY_004-raw01-12,35.10686816134983,7.795040869599841,True,118.22157287597656,0.5990604350197112,0.9796225428581238,11.395377693836114,269.4358948962249,dxy_raw_candidates/images/GP_Ip_12.0mm_closed_R5_single_refY_004-raw01-12.jpg,dxy_raw_candidates/masks/GP_Ip_12.0mm_closed_R5_single_refY_004-raw01-12.png,dxy_raw_candidates/ring_fit/json/GP_Ip_12.0mm_closed_R5_single_refY_004-raw01-12.json,circle,A,ok,
462.5560231735019,842.4332627118644,19797.59711620017,11.50661219602388,25.198093220338983,243.40118744698896,56789.0,1888.0,2358.0,0.687235841081995,8.0,929.2640322446824,0.985843373493976,GP_Ip_12.0mm_closed_R5_single_refY,GP_Ip_12.0mm_closed_R5_single_refY_004,1,124,GP_Ip_12.0mm_closed_R5_single_refY_004-raw01-09,34.91365754630831,7.75898198868175,True,121.36495208740234,0.5726310719761812,1.1536777019500732,11.392575099667464,276.53186622465535,dxy_raw_candidates/images/GP_Ip_12.0mm_closed_R5_single_refY_004-raw01-09.jpg,dxy_raw_candidates/masks/GP_Ip_12.0mm_closed_R5_single_refY_004-raw01-09.png,dxy_raw_candidates/ring_fit/json/GP_Ip_12.0mm_closed_R5_single_refY_004-raw01-09.json,circle,A,ok,
563.3973693112849,1883.926658905704,55846.04230769231,22.086900284560127,130.34924330616997,862.7485576923077,50253.0,1718.0,2080.0,0.6781914893617021,4.0,871.5950607061386,1.0,GP_Ip_12.0mm_closed_R5_single_refY,GP_Ip_12.0mm_closed_R5_single_refY_004,2,437,GP_Ip_12.0mm_closed_R5_single_refY_004-raw02-22,42.75125615426053,7.720377231730722,True,117.15496826171876,0.5947194342605623,0.6762783527374268,11.378790863490966,266.61637649380435,dxy_raw_candidates/images/GP_Ip_12.0mm_closed_R5_single_refY_004-raw02-22.jpg,dxy_raw_candidates/masks/GP_Ip_12.0mm_closed_R5_single_refY_004-raw02-22.png,dxy_raw_candidates/ring_fit/json/GP_Ip_12.0mm_closed_R5_single_refY_004-raw02-22.json,circle,B,ok,
542.0022777628228,1672.893111638955,55191.873046875,18.808730043691632,75.87114014251782,692.63720703125,48293.0,1684.0,2048.0,0.685251798561151,4.0,867.3523406982422,1.0,GP_Ip_12.0mm_closed_R5_single_refY,GP_Ip_12.0mm_closed_R5_single_refY_004,2,454,GP_Ip_12.0mm_closed_R5_single_refY_004-raw02-24,42.49459303721557,7.701244945489552,True,115.68882751464844,0.5896261364690949,0.5615381002426147,11.273910856708875,260.8531057034634,dxy_raw_candidates/images/GP_Ip_12.0mm_closed_R5_single_refY_004-raw02-24.jpg,dxy_raw_candidates/masks/GP_Ip_12.0mm_closed_R5_single_refY_004-raw02-24.png,dxy_raw_candidates/ring_fit/json/GP_Ip_12.0mm_closed_R5_single_refY_004-raw02-24.json,circle,A,ok,
593.7636848600661,1597.248120300752,55180.11872586873,21.836956089016283,96.9091960670908,723.280888030888,50238.0,1729.0,2072.0,0.6905393457117595,4.0,890.4945373535156,1.0,GP_Ip_12.0mm_closed_R5_single_refY,GP_Ip_12.0mm_closed_R5_single_refY_004,2,445,GP_Ip_12.0mm_closed_R5_single_refY_004-raw02-23,40.5639125974867,7.711696013002268,True,116.84446716308594,0.594143310658999,0.560067355632782,11.300531478372982,264.08091585003416,dxy_raw_candidates/images/GP_Ip_12.0mm_closed_R5_single_refY_004-raw02-23.jpg,dxy_raw_candidates/masks/GP_Ip_12.0mm_closed_R5_single_refY_004-raw02-23.png,dxy_raw_candidates/ring_fit/json/GP_Ip_12.0mm_closed_R5_single_refY_004-raw02-23.json,circle,A,ok,
488.2412493476874,1312.545980335454,52794.47169811321,15.243433386806858,85.26257952573742,721.7330188679246,51739.0,1729.0,2120.0,0.68059181897302,3.0,891.2518768310547,1.0,GP_Ip_12.0mm_closed_R5_single_refY,GP_Ip_12.0mm_closed_R5_single_refY_004,3,555,GP_Ip_12.0mm_closed_R5_single_refY_004-raw03-12,50.53032309502026,7.697739890122647,True,119.97825622558594,0.5755141093492397,0.5791732668876648,11.317355768866012,271.56732204662427,dxy_raw_candidates/images/GP_Ip_12.0mm_closed_R5_single_refY_004-raw03-12.jpg,dxy_raw_candidates/masks/GP_Ip_12.0mm_closed_R5_single_refY_004-raw03-12.png,dxy_raw_candidates/ring_fit/json/GP_Ip_12.0mm_closed_R5_single_refY_004-raw03-12.json,circle,A,ok,
478.93318804608833,1784.9165687426555,44108.26996197719,16.647315212785276,83.66921269095182,532.3460076045627,49557.0,1702.0,2104.0,0.6693476318141197,10.0,850.8376423120499,1.0,GP_Ip_12.0mm_closed_R5_single_refY,GP_Ip_12.0mm_closed_R5_single_refY_004,3,580,GP_Ip_12.0mm_closed_R5_single_refY_004-raw03-15,48.21685928514154,7.6774178309203,True,117.87322998046876,0.5544399115353367,0.5513375401496887,11.307921204147169,266.58023933949204,dxy_raw_candidates/images/GP_Ip_12.0mm_closed_R5_single_refY_004-raw03-15.jpg,dxy_raw_candidates/masks/GP_Ip_12.0mm_closed_R5_single_refY_004-raw03-15.png,dxy_raw_candidates/ring_fit/json/GP_Ip_12.0mm_closed_R5_single_refY_004-raw03-15.json,circle,A,ok,
535.8797165598143,1343.8175479372458,58163.79316888045,19.90591691312201,64.78965717606043,715.6925996204934,50381.0,1721.0,2108.0,0.6616071428571428,10.0,846.1513310670853,1.0,GP_Ip_12.0mm_closed_R5_single_refY,GP_Ip_12.0mm_closed_R5_single_refY_004,3,572,GP_Ip_12.0mm_closed_R5_single_refY_004-raw03-14,47.22292314988126,7.673538883534181,True,118.50763702392578,0.5602769565827933,0.6766594052314758,11.396324604772392,270.11029993384034,dxy_raw_candidates/images/GP_Ip_12.0mm_closed_R5_single_refY_004-raw03-14.jpg,dxy_raw_candidates/masks/GP_Ip_12.0mm_closed_R5_single_refY_004-raw03-14.png,dxy_raw_candidates/ring_fit/json/GP_Ip_12.0mm_closed_R5_single_refY_004-raw03-14.json,circle,A,ok,
602.3574580311406,718.1985244802146,65077.10326086957,23.256808845159,29.41113346747149,1036.3733695652174,39434.0,1491.0,1840.0,0.6600418410041841,14.0,715.5827976465225,1.0,GP_Ip_12.0mm_closed_R5_single_refY,GP_Ip_12.0mm_closed_R5_single_refY_004,4,851,GP_Ip_12.0mm_closed_R5_single_refY_004-raw04-23,61.78719075407687,7.542052855428051,True,103.37979888916016,0.52532434137371,0.5653505325317383,11.692584281866552,241.7554023107841,dxy_raw_candidates/images/GP_Ip_12.0mm_closed_R5_single_refY_004-raw04-23.jpg,dxy_raw_candidates/masks/GP_Ip_12.0mm_closed_R5_single_refY_004-raw04-23.png,dxy_raw_candidates/ring_fit/json/GP_Ip_12.0mm_closed_R5_single_refY_004-raw04-23.json,circle,A,ok,
601.2284151908895,878.3718120805369,68991.9564980968,23.1149350323584,33.51812080536913,1243.0663404023926,39866.0,1490.0,1839.0,0.6694648478488983,2.0,738.7249603271484,1.0,GP_Ip_12.0mm_closed_R5_single_refY,GP_Ip_12.0mm_closed_R5_single_refY_004,4,843,GP_Ip_12.0mm_closed_R5_single_refY_004-raw04-22,57.26854150021402,7.542647313815874,True,103.75557708740234,0.5416338943672815,0.5311223268508911,11.64777640979916,241.7043526367489,dxy_raw_candidates/images/GP_Ip_12.0mm_closed_R5_single_refY_004-raw04-22.jpg,dxy_raw_candidates/masks/GP_Ip_12.0mm_closed_R5_single_refY_004-raw04-22.png,dxy_raw_candidates/ring_fit/json/GP_Ip_12.0mm_closed_R5_single_refY_004-raw04-22.json,circle,B,ok,
581.8352189132971,834.2547603414314,46662.77729257642,21.46687129014256,35.88509520682863,698.4508733624455,39422.0,1523.0,1832.0,0.6882168925964547,2.0,768.1808319091797,1.0,GP_Ip_12.0mm_closed_R5_single_refY,GP_Ip_12.0mm_closed_R5_single_refY_004,4,834,GP_Ip_12.0mm_closed_R5_single_refY_004-raw04-21,56.18995675918674,7.5519676193456124,True,103.8210906982422,0.5464498513919971,0.5134095549583435,11.637226338832708,241.6379062399848,dxy_raw_candidates/images/GP_Ip_12.0mm_closed_R5_single_refY_004-raw04-21.jpg,dxy_raw_candidates/masks/GP_Ip_12.0mm_closed_R5_single_refY_004-raw04-21.png,dxy_raw_candidates/ring_fit/json/GP_Ip_12.0mm_closed_R5_single_refY_004-raw04-21.json,circle,B,ok,
642.7126750594065,999.236508994004,70175.7577092511,23.88022650285657,31.634910059960028,1278.4713656387664,39558.0,1501.0,1816.0,0.670846394984326,7.0,736.8965489864349,1.0,GP_Ip_12.0mm_closed_R5_single_refY,GP_Ip_12.0mm_closed_R5_single_refY_004,5,876,GP_Ip_12.0mm_closed_R5_single_refY_004-raw05-02,61.30417312112972,7.53334570104039,True,102.74778747558594,0.5237743262027353,0.6373008489608765,11.750349414123274,241.46448087324288,dxy_raw_candidates/images/GP_Ip_12.0mm_closed_R5_single_refY_004-raw05-02.jpg,dxy_raw_candidates/masks/GP_Ip_12.0mm_closed_R5_single_refY_004-raw05-02.png,dxy_raw_candidates/ring_fit/json/GP_Ip_12.0mm_closed_R5_single_refY_004-raw05-02.json,circle,A,ok,
594.2010874938211,891.3942181340342,52077.33986928104,20.76045477014335,52.59724047306176,801.9765795206972,40460.0,1522.0,1836.0,0.6716101694915254,5.0,739.1808204650879,1.0,GP_Ip_12.0mm_closed_R5_single_refY,GP_Ip_12.0mm_closed_R5_single_refY_004,5,987,GP_Ip_12.0mm_closed_R5_single_refY_004-raw05-15,61.122361063069455,7.493220780580913,True,103.66429901123048,0.4989905436265603,0.624404788017273,11.74922014461556,243.59493404404043,dxy_raw_candidates/images/GP_Ip_12.0mm_closed_R5_single_refY_004-raw05-15.jpg,dxy_raw_candidates/masks/GP_Ip_12.0mm_closed_R5_single_refY_004-raw05-15.png,dxy_raw_candidates/ring_fit/json/GP_Ip_12.0mm_closed_R5_single_refY_004-raw05-15.json,circle,A,ok,
594.1359324043877,889.9829508196722,52111.598039215685,20.742711730408143,52.5272131147541,801.7799564270152,40476.0,1525.0,1836.0,0.671957671957672,5.0,740.5950050354004,1.0,GP_Ip_12.0mm_closed_R5_single_refY,GP_Ip_12.0mm_closed_R5_single_refY_004,5,996,GP_Ip_12.0mm_closed_R5_single_refY_004-raw05-16,61.08293944577699,7.493184566436361,True,103.65282440185548,0.4989905436265603,0.624404788017273,11.751141453564523,243.6078003215379,dxy_raw_candidates/images/GP_Ip_12.0mm_closed_R5_single_refY_004-raw05-16.jpg,dxy_raw_candidates/masks/GP_Ip_12.0mm_closed_R5_single_refY_004-raw05-16.png,dxy_raw_candidates/ring_fit/json/GP_Ip_12.0mm_closed_R5_single_refY_004-raw05-16.json,circle,A,ok,
267.7464435651938,271.77648766328014,12781.975985221676,5.671192122987708,9.996613449443638,101.71336206896552,66218.0,2067.0,3248.0,0.6049149338374291,6.0,1103.116844177246,1.0,GP_Ip_12.0mm_closed_R5_single_refY,GP_Ip_12.0mm_closed_R5_single_refY_005,1,208,GP_Ip_12.0mm_closed_R5_single_refY_005-raw01-22,58.924686149285165,7.25001423105986,True,168.29150390625,0.909510808603932,0.5089778900146484,10.10580271114584,340.14414728771925,dxy_raw_candidates/images/GP_Ip_12.0mm_closed_R5_single_refY_005-raw01-22.jpg,dxy_raw_candidates/masks/GP_Ip_12.0mm_closed_R5_single_refY_005-raw01-22.png,dxy_raw_candidates/ring_fit/json/GP_Ip_12.0mm_closed_R5_single_refY_005-raw01-22.json,circle,A,ok,
309.31164520392167,1044.9693140794225,17559.077268355242,10.011740480068845,55.93095667870036,135.60019236934914,65074.0,2216.0,3119.0,0.623352165725047,5.0,1148.300552368164,1.0,GP_Ip_12.0mm_closed_R5_single_refY,GP_Ip_12.0mm_closed_R5_single_refY_005,1,58,GP_Ip_12.0mm_closed_R5_single_refY_005-raw01-02,58.51146575970001,7.231037008044042,True,162.05740356445312,0.8953480941266689,0.4599932730197906,10.253692393611834,332.3373532514635,dxy_raw_candidates/images/GP_Ip_12.0mm_closed_R5_single_refY_005-raw01-02.jpg,dxy_raw_candidates/masks/GP_Ip_12.0mm_closed_R5_single_refY_005-raw01-02.png,dxy_raw_candidates/ring_fit/json/GP_Ip_12.0mm_closed_R5_single_refY_005-raw01-02.json,circle,A,ok,
265.6102675974404,596.2364217252397,11429.319410319413,5.8267306573589295,16.901871291647648,86.27242014742015,68760.0,2191.0,3256.0,0.6184615384615385,5.0,1159.0579586029053,1.0,GP_Ip_12.0mm_closed_R5_single_refY,GP_Ip_12.0mm_closed_R5_single_refY_005,1,201,GP_Ip_12.0mm_closed_R5_single_refY_005-raw01-21,58.42479800578814,7.2554123884172625,True,168.65040588378906,0.915379697999882,0.4575472176074981,10.12572761177713,341.54161431898154,dxy_raw_candidates/images/GP_Ip_12.0mm_closed_R5_single_refY_005-raw01-21.jpg,dxy_raw_candidates/masks/GP_Ip_12.0mm_closed_R5_single_refY_005-raw01-21.png,dxy_raw_candidates/ring_fit/json/GP_Ip_12.0mm_closed_R5_single_refY_005-raw01-21.json,circle,B,ok,
299.5716801007964,922.7399267399268,29521.22922077922,9.323129856074434,23.439037153322868,300.4883116883117,61907.0,1911.0,3080.0,0.614105123087159,4.0,1047.820416212082,1.0,GP_Ip_12.0mm_closed_R5_single_refY,GP_Ip_12.0mm_closed_R5_single_refY_005,2,367,GP_Ip_12.0mm_closed_R5_single_refY_005-raw02-19,75.15026536726658,7.132663695911109,True,162.05836486816406,0.8576945260518449,0.5418207049369812,10.120299653441831,328.01584276252663,dxy_raw_candidates/images/GP_Ip_12.0mm_closed_R5_single_refY_005-raw02-19.jpg,dxy_raw_candidates/masks/GP_Ip_12.0mm_closed_R5_single_refY_005-raw02-19.png,dxy_raw_candidates/ring_fit/json/GP_Ip_12.0mm_closed_R5_single_refY_005-raw02-19.json,circle,B,ok,
276.5177873806069,1269.0497131931163,20493.285989717224,6.956053768756079,72.90057361376672,218.7233290488432,62713.0,2092.0,3112.0,0.6154822335025381,4.0,1110.1462676525116,1.0,GP_Ip_12.0mm_closed_R5_single_refY,GP_Ip_12.0mm_closed_R5_single_refY_005,2,404,GP_Ip_12.0mm_closed_R5_single_refY_005-raw02-24,73.49964407678179,7.112754386477555,True,162.17271423339844,0.8829742578427467,0.5470297932624817,10.176138700320728,330.058406689308,dxy_raw_candidates/images/GP_Ip_12.0mm_closed_R5_single_refY_005-raw02-24.jpg,dxy_raw_candidates/masks/GP_Ip_12.0mm_closed_R5_single_refY_005-raw02-24.png,dxy_raw_candidates/ring_fit/json/GP_Ip_12.0mm_closed_R5_single_refY_005-raw02-24.json,circle,A,ok,
291.8833812683773,562.1658127619935,20989.49486521181,9.879203689123834,31.920353982300885,221.62836970474967,62237.0,2147.0,3116.0,0.6205385097056982,4.0,1133.6316039562223,1.0,GP_Ip_12.0mm_closed_R5_single_refY,GP_Ip_12.0mm_closed_R5_single_refY_005,2,397,GP_Ip_12.0mm_closed_R5_single_refY_005-raw02-23,73.07433254241943,7.115821842877514,True,162.31809997558594,0.8808413908480363,0.5718346238136292,10.162741900455195,329.919391164833,dxy_raw_candidates/images/GP_Ip_12.0mm_closed_R5_single_refY_005-raw02-23.jpg,dxy_raw_candidates/masks/GP_Ip_12.0mm_closed_R5_single_refY_005-raw02-23.png,dxy_raw_candidates/ring_fit/json/GP_Ip_12.0mm_closed_R5_single_refY_005-raw02-23.json,circle,A,ok,
325.1898877722598,1224.2439024390244,30696.682773109245,10.65369725882767,60.32752613240418,385.7780112044818,51146.0,1722.0,2856.0,0.5933188090050835,4.0,933.5361297130584,1.0,GP_Ip_12.0mm_closed_R5_single_refY,GP_Ip_12.0mm_closed_R5_single_refY_005,3,533,GP_Ip_12.0mm_closed_R5_single_refY_005-raw03-17,89.5195318099964,7.035183587367497,True,147.90380859375,0.8859089303688781,0.531531810760498,10.316705783421307,305.1760155018362,dxy_raw_candidates/images/GP_Ip_12.0mm_closed_R5_single_refY_005-raw03-17.jpg,dxy_raw_candidates/masks/GP_Ip_12.0mm_closed_R5_single_refY_005-raw03-17.png,dxy_raw_candidates/ring_fit/json/GP_Ip_12.0mm_closed_R5_single_refY_005-raw03-17.json,circle,A,ok,
316.30032158055883,1358.845231296402,30150.837535014005,11.274575879532456,65.50256996002284,393.8494397759104,51931.0,1751.0,2856.0,0.5955137481910275,4.0,942.4355590343476,1.0,GP_Ip_12.0mm_closed_R5_single_refY,GP_Ip_12.0mm_closed_R5_single_refY_005,3,525,GP_Ip_12.0mm_closed_R5_single_refY_005-raw03-16,87.71385121256512,7.032082511108225,True,147.95938110351562,0.8856804658401672,0.5714958906173706,10.323166500360047,305.4818652843636,dxy_raw_candidates/images/GP_Ip_12.0mm_closed_R5_single_refY_005-raw03-16.jpg,dxy_raw_candidates/masks/GP_Ip_12.0mm_closed_R5_single_refY_005-raw03-16.png,dxy_raw_candidates/ring_fit/json/GP_Ip_12.0mm_closed_R5_single_refY_005-raw03-16.json,circle,A,ok,
320.11726018607635,672.0175029171529,28652.0853485064,9.815868623676613,42.97607934655776,339.1105974395448,49872.0,1714.0,2812.0,0.5878030859662013,3.0,917.1219161748886,1.0,GP_Ip_12.0mm_closed_R5_single_refY,GP_Ip_12.0mm_closed_R5_single_refY_005,3,570,GP_Ip_12.0mm_closed_R5_single_refY_005-raw03-22,87.24251180045864,7.02809488330263,True,145.58192443847656,0.8728706008358582,0.5115228891372681,10.299097892227293,299.8724982261414,dxy_raw_candidates/images/GP_Ip_12.0mm_closed_R5_single_refY_005-raw03-22.jpg,dxy_raw_candidates/masks/GP_Ip_12.0mm_closed_R5_single_refY_005-raw03-22.png,dxy_raw_candidates/ring_fit/json/GP_Ip_12.0mm_closed_R5_single_refY_005-raw03-22.json,circle,B,ok,
339.62018402588126,1325.1922626025791,29356.30422125182,11.77122809965968,69.32415005861665,323.052037845706,47602.0,1706.0,2748.0,0.5783664459161147,6.0,902.192994236946,1.0,GP_Ip_12.0mm_closed_R5_single_refY,GP_Ip_12.0mm_closed_R5_single_refY_005,4,631,GP_Ip_12.0mm_closed_R5_single_refY_005-raw04-06,93.0225888721784,7.040909468572142,True,143.82125854492188,0.88793096410967,0.4769412875175476,10.240885972028089,294.57142182242336,dxy_raw_candidates/images/GP_Ip_12.0mm_closed_R5_single_refY_005-raw04-06.jpg,dxy_raw_candidates/masks/GP_Ip_12.0mm_closed_R5_single_refY_005-raw04-06.png,dxy_raw_candidates/ring_fit/json/GP_Ip_12.0mm_closed_R5_single_refY_005-raw04-06.json,circle,B,ok,
321.21850198957947,457.89812007277135,30275.345588235294,8.414975707344956,19.49605821710127,274.91948529411764,45487.0,1649.0,2720.0,0.5777610818933133,5.0,881.6366530656815,1.0,GP_Ip_12.0mm_closed_R5_single_refY,GP_Ip_12.0mm_closed_R5_single_refY_005,4,653,GP_Ip_12.0mm_closed_R5_single_refY_005-raw04-09,91.54186429895005,7.04253525658054,True,141.89212036132812,0.88999708750529,0.5276134610176086,10.215855404258004,289.90987692298086,dxy_raw_candidates/images/GP_Ip_12.0mm_closed_R5_single_refY_005-raw04-09.jpg,dxy_raw_candidates/masks/GP_Ip_12.0mm_closed_R5_single_refY_005-raw04-09.png,dxy_raw_candidates/ring_fit/json/GP_Ip_12.0mm_closed_R5_single_refY_005-raw04-09.json,circle,A,ok,
321.21850198957947,457.89812007277135,30275.345588235294,8.414975707344956,19.49605821710127,274.91948529411764,45487.0,1649.0,2720.0,0.5777610818933133,5.0,881.6366530656815,1.0,GP_Ip_12.0mm_closed_R5_single_refY,GP_Ip_12.0mm_closed_R5_single_refY_005,4,661,GP_Ip_12.0mm_closed_R5_single_refY_005-raw04-10,91.54186429895005,7.04253525658054,True,141.89212036132812,0.88999708750529,0.5276134610176086,10.236752494651231,290.5029034160363,dxy_raw_candidates/images/GP_Ip_12.0mm_closed_R5_single_refY_005-raw04-10.jpg,dxy_raw_candidates/masks/GP_Ip_12.0mm_closed_R5_single_refY_005-raw04-10.png,dxy_raw_candidates/ring_fit/json/GP_Ip_12.0mm_closed_R5_single_refY_005-raw04-10.json,circle,A,ok,
372.4481849013943,507.75555555555553,54610.67492260062,14.413013440522548,24.717283950617283,677.7387770897833,47766.0,1620.0,2584.0,0.6151919866444073,2.0,867.1340942382812,1.0,GP_Ip_12.0mm_closed_R5_single_refY,GP_Ip_12.0mm_closed_R5_single_refY_005,5,951,GP_Ip_12.0mm_closed_R5_single_refY_005-raw05-24,95.44535944364571,7.015922330051886,True,137.9694061279297,0.7796552949847625,0.5755814909934998,10.500264913594366,289.743062862911,dxy_raw_candidates/images/GP_Ip_12.0mm_closed_R5_single_refY_005-raw05-24.jpg,dxy_raw_candidates/masks/GP_Ip_12.0mm_closed_R5_single_refY_005-raw05-24.png,dxy_raw_candidates/ring_fit/json/GP_Ip_12.0mm_closed_R5_single_refY_005-raw05-24.json,circle,A,ok,
383.11243295139104,561.9975201487911,56101.48771121352,14.904994469141986,24.12399256044637,747.8652073732719,47913.0,1613.0,2604.0,0.6116666666666667,2.0,863.7198791503906,1.0,GP_Ip_12.0mm_closed_R5_single_refY,GP_Ip_12.0mm_closed_R5_single_refY_005,5,936,GP_Ip_12.0mm_closed_R5_single_refY_005-raw05-22,93.93191670225993,7.01793910337882,True,138.27914428710938,0.7769048402865121,0.6738976240158081,10.52448306046738,291.0633023331219,dxy_raw_candidates/images/GP_Ip_12.0mm_closed_R5_single_refY_005-raw05-22.jpg,dxy_raw_candidates/masks/GP_Ip_12.0mm_closed_R5_single_refY_005-raw05-22.png,dxy_raw_candidates/ring_fit/json/GP_Ip_12.0mm_closed_R5_single_refY_005-raw05-22.json,circle,A,ok,
386.4814008910994,536.1918819188191,58689.41615384616,13.9492695057507,21.293357933579337,782.68,48255.0,1626.0,2600.0,0.612448132780083,3.0,867.5483077764511,1.0,GP_Ip_12.0mm_closed_R5_single_refY,GP_Ip_12.0mm_closed_R5_single_refY_005,5,928,GP_Ip_12.0mm_closed_R5_single_refY_005-raw05-21,92.972161826786,7.018330325955725,True,138.56809997558594,0.7728997812942235,0.646733283996582,10.5507462369062,292.3993718745311,dxy_raw_candidates/images/GP_Ip_12.0mm_closed_R5_single_refY_005-raw05-21.jpg,dxy_raw_candidates/masks/GP_Ip_12.0mm_closed_R5_single_refY_005-raw05-21.png,dxy_raw_candidates/ring_fit/json/GP_Ip_12.0mm_closed_R5_single_refY_005-raw05-21.json,circle,A,ok,
1281.4561186650185,788.7057142857143,10847.911791590494,26.989051739360765,29.374285714285715,181.43144424131623,5663.0,700.0,4376.0,1.0,1.0,288.00714111328125,1.0,GP_Ip_2.9mm_closed_R10_single_refY,GP_Ip_2.9mm_closed_R10_single_refY_004,1,81,GP_Ip_2.9mm_closed_R10_single_refY_004-raw01-06,16.349388015064186,7.815321214962866,True,278.9648742675781,0.6357565088623763,0.8528884649276733,3.1045429211688136,86.60584256621597,dxy_raw_candidates/images/GP_Ip_2.9mm_closed_R10_single_refY_004-raw01-06.jpg,dxy_raw_candidates/masks/GP_Ip_2.9mm_closed_R10_single_refY_004-raw01-06.png,dxy_raw_candidates/ring_fit/json/GP_Ip_2.9mm_closed_R10_single_refY_004-raw01-06.json,circle,A,ok,
1264.936930623686,1198.1647727272727,9872.37923147301,26.377014716187805,34.91193181818182,198.27836230558097,5708.0,704.0,4372.0,1.0,1.0,289.4213256835937,1.0,GP_Ip_2.9mm_closed_R10_single_refY,GP_Ip_2.9mm_closed_R10_single_refY_004,1,88,GP_Ip_2.9mm_closed_R10_single_refY_004-raw01-07,16.223394081379453,7.809953495861629,True,278.91912841796875,0.6357674241402858,0.8786954283714294,3.114282032581261,86.86328301753056,dxy_raw_candidates/images/GP_Ip_2.9mm_closed_R10_single_refY_004-raw01-07.jpg,dxy_raw_candidates/masks/GP_Ip_2.9mm_closed_R10_single_refY_004-raw01-07.png,dxy_raw_candidates/ring_fit/json/GP_Ip_2.9mm_closed_R10_single_refY_004-raw01-07.json,circle,B,ok,
1251.6784496680425,1068.4195402298851,9577.942238267147,32.272205275435134,33.752873563218394,134.75992779783394,5573.0,696.0,4432.0,1.0,1.0,286.0071105957031,1.0,GP_Ip_2.9mm_closed_R10_single_refY,GP_Ip_2.9mm_closed_R10_single_refY_004,1,130,GP_Ip_2.9mm_closed_R10_single_refY_004-raw01-13,14.550864413786524,7.8290821560409185,True,283.72119140625,0.6375706580503063,0.974296808242798,3.029232527221118,85.94574616697425,dxy_raw_candidates/images/GP_Ip_2.9mm_closed_R10_single_refY_004-raw01-13.jpg,dxy_raw_candidates/masks/GP_Ip_2.9mm_closed_R10_single_refY_004-raw01-13.png,dxy_raw_candidates/ring_fit/json/GP_Ip_2.9mm_closed_R10_single_refY_004-raw01-13.json,circle,A,ok,
2244.346286016389,9099.16083916084,6078.054831704669,84.80068728522336,362.40734265734267,125.82790445168295,3783.0,572.0,3684.0,1.0,1.0,237.480224609375,1.0,GP_Ip_2.9mm_closed_R10_single_refY,GP_Ip_2.9mm_closed_R10_single_refY_004,2,373,GP_Ip_2.9mm_closed_R10_single_refY_004-raw02-24,21.066217362085983,7.842079692377632,True,235.8119201660156,0.5968912682213167,1.1029356718063354,3.2710249078404083,77.13466644287124,dxy_raw_candidates/images/GP_Ip_2.9mm_closed_R10_single_refY_004-raw02-24.jpg,dxy_raw_candidates/masks/GP_Ip_2.9mm_closed_R10_single_refY_004-raw02-24.png,dxy_raw_candidates/ring_fit/json/GP_Ip_2.9mm_closed_R10_single_refY_004-raw02-24.json,ellipse,A,ok,
2160.3465423465423,5526.26597582038,9312.180170575692,67.69386169386169,194.73229706390327,301.82436034115136,3861.0,579.0,3752.0,1.0,1.0,239.72286987304688,1.0,GP_Ip_2.9mm_closed_R10_single_refY,GP_Ip_2.9mm_closed_R10_single_refY_004,2,338,GP_Ip_2.9mm_closed_R10_single_refY_004-raw02-19,20.49124345944253,7.7823499594033025,True,239.09678649902344,0.6244767097843289,1.0867725610733032,2.997702621114715,71.67410635882288,dxy_raw_candidates/images/GP_Ip_2.9mm_closed_R10_single_refY_004-raw02-19.jpg,dxy_raw_candidates/masks/GP_Ip_2.9mm_closed_R10_single_refY_004-raw02-19.png,dxy_raw_candidates/ring_fit/json/GP_Ip_2.9mm_closed_R10_single_refY_004-raw02-19.json,circle,B,ok,
1817.2699702139184,3891.010714285714,11038.236051502146,55.71919848361765,179.22321428571428,280.17328326180257,3693.0,560.0,3728.0,1.0,1.0,234.40914916992188,1.0,GP_Ip_2.9mm_closed_R10_single_refY,GP_Ip_2.9mm_closed_R10_single_refY_004,2,352,GP_Ip_2.9mm_closed_R10_single_refY_004-raw02-21,19.61313358956325,7.816538571075685,True,237.964111328125,0.6198270231658519,1.0286977291107178,3.203240981080352,76.2256393432618,dxy_raw_candidates/images/GP_Ip_2.9mm_closed_R10_single_refY_004-raw02-21.jpg,dxy_raw_candidates/masks/GP_Ip_2.9mm_closed_R10_single_refY_004-raw02-21.png,dxy_raw_candidates/ring_fit/json/GP_Ip_2.9mm_closed_R10_single_refY_004-raw02-21.json,ellipse,B,ok,
2494.9487317862927,8234.228873239437,8078.368932038835,76.1184565569347,248.024647887324,278.02535059331177,3706.0,568.0,3708.0,1.0,1.0,234.30865478515625,1.0,GP_Ip_2.9mm_closed_R10_single_refY,GP_Ip_2.9mm_closed_R10_single_refY_004,3,387,GP_Ip_2.9mm_closed_R10_single_refY_004-raw03-02,22.200853841559084,7.845134532152201,True,237.1334381103516,0.6067475062328155,1.0285639762878418,2.9633208374368825,70.27024584054544,dxy_raw_candidates/images/GP_Ip_2.9mm_closed_R10_single_refY_004-raw03-02.jpg,dxy_raw_candidates/masks/GP_Ip_2.9mm_closed_R10_single_refY_004-raw03-02.png,dxy_raw_candidates/ring_fit/json/GP_Ip_2.9mm_closed_R10_single_refY_004-raw03-02.json,circle,B,ok,
2435.854691689008,8101.609154929577,7025.5167206041,73.03619302949062,237.94190140845072,250.84196332254584,3730.0,568.0,3708.0,1.0,1.0,234.8944396972656,1.0,GP_Ip_2.9mm_closed_R10_single_refY,GP_Ip_2.9mm_closed_R10_single_refY_004,3,380,GP_Ip_2.9mm_closed_R10_single_refY_004-raw03-01,21.40068244801157,7.8427162038909,True,236.9488525390625,0.605472032151177,1.0614343881607056,2.978120392122704,70.56622096366577,dxy_raw_candidates/images/GP_Ip_2.9mm_closed_R10_single_refY_004-raw03-01.jpg,dxy_raw_candidates/masks/GP_Ip_2.9mm_closed_R10_single_refY_004-raw03-01.png,dxy_raw_candidates/ring_fit/json/GP_Ip_2.9mm_closed_R10_single_refY_004-raw03-01.json,circle,B,ok,
2191.424213984045,5382.950980392156,6584.859817813765,71.04411074612858,163.98692810457516,103.72292510121456,4262.0,612.0,3952.0,1.0,1.0,251.0365600585937,1.0,GP_Ip_2.9mm_closed_R10_single_refY,GP_Ip_2.9mm_closed_R10_single_refY_004,3,429,GP_Ip_2.9mm_closed_R10_single_refY_004-raw03-08,17.39006927443139,7.874458637726589,True,249.66238403320312,0.6368076056887776,1.1682695150375366,3.019562669449325,75.38712147923826,dxy_raw_candidates/images/GP_Ip_2.9mm_closed_R10_single_refY_004-raw03-08.jpg,dxy_raw_candidates/masks/GP_Ip_2.9mm_closed_R10_single_refY_004-raw03-08.png,dxy_raw_candidates/ring_fit/json/GP_Ip_2.9mm_closed_R10_single_refY_004-raw03-08.json,circle,A,ok,
1091.2044143466264,1946.491017964072,3661.6178270849273,21.08653122648608,25.62634730538922,49.4252104055088,7974.0,835.0,5228.0,1.0,1.0,343.1198425292969,1.0,GP_Ip_2.9mm_closed_R10_single_refY,GP_Ip_2.9mm_closed_R10_single_refY_004,4,554,GP_Ip_2.9mm_closed_R10_single_refY_004-raw04-02,11.591217219976732,7.763301321530696,True,337.1045227050781,0.5998436302006459,1.0355738401412964,3.041403499812219,102.52708751577528,dxy_raw_candidates/images/GP_Ip_2.9mm_closed_R10_single_refY_004-raw04-02.jpg,dxy_raw_candidates/masks/GP_Ip_2.9mm_closed_R10_single_refY_004-raw04-02.png,dxy_raw_candidates/ring_fit/json/GP_Ip_2.9mm_closed_R10_single_refY_004-raw04-02.json,circle,A,ok,
1080.6260523854069,1339.1697674418604,4288.31231454006,24.424929840972872,23.390697674418604,66.27281157270029,8552.0,860.0,5392.0,1.0,1.0,355.1198425292969,1.0,GP_Ip_2.9mm_closed_R10_single_refY,GP_Ip_2.9mm_closed_R10_single_refY_004,4,561,GP_Ip_2.9mm_closed_R10_single_refY_004-raw04-03,11.0669485982212,7.777012796182275,True,348.3050231933594,0.6058650038216294,1.1986087560653689,3.0462141373865954,106.10116857743787,dxy_raw_candidates/images/GP_Ip_2.9mm_closed_R10_single_refY_004-raw04-03.jpg,dxy_raw_candidates/masks/GP_Ip_2.9mm_closed_R10_single_refY_004-raw04-03.png,dxy_raw_candidates/ring_fit/json/GP_Ip_2.9mm_closed_R10_single_refY_004-raw04-03.json,circle,A,ok,
1070.3778166958552,1406.606976744186,4179.396807720861,24.023934617629887,23.29186046511628,61.63697104677061,8565.0,860.0,5388.0,1.0,1.0,355.1198425292969,1.0,GP_Ip_2.9mm_closed_R10_single_refY,GP_Ip_2.9mm_closed_R10_single_refY_004,4,568,GP_Ip_2.9mm_closed_R10_single_refY_004-raw04-04,11.065217963653142,7.776911508980529,True,348.24493408203125,0.6056246581104867,1.2153080701828003,3.0488565088727406,106.17488339579596,dxy_raw_candidates/images/GP_Ip_2.9mm_closed_R10_single_refY_004-raw04-04.jpg,dxy_raw_candidates/masks/GP_Ip_2.9mm_closed_R10_single_refY_004-raw04-04.png,dxy_raw_candidates/ring_fit/json/GP_Ip_2.9mm_closed_R10_single_refY_004-raw04-04.json,circle,A,ok,
726.0537094281299,666.1148936170213,2982.0753961634696,15.039799072642968,16.82872340425532,49.21968306922435,10352.0,940.0,5995.0,1.0,1.0,388.0903930664063,1.0,GP_Ip_2.9mm_closed_R10_single_refY,GP_Ip_2.9mm_closed_R10_single_refY_004,5,854,GP_Ip_2.9mm_closed_R10_single_refY_004-raw05-21,13.086373779945609,7.75412426249251,True,379.84228515625,0.6091672479826319,1.946725964546204,3.068894815678699,116.569601969157,dxy_raw_candidates/images/GP_Ip_2.9mm_closed_R10_single_refY_004-raw05-21.jpg,dxy_raw_candidates/masks/GP_Ip_2.9mm_closed_R10_single_refY_004-raw05-21.png,dxy_raw_candidates/ring_fit/json/GP_Ip_2.9mm_closed_R10_single_refY_004-raw05-21.json,circle,A,ok,
764.7920482930891,846.5855263157895,4466.179416809606,15.49823064113239,23.30592105263158,98.5221269296741,9608.0,912.0,5830.0,1.0,1.0,374.0903930664063,1.0,GP_Ip_2.9mm_closed_R10_single_refY,GP_Ip_2.9mm_closed_R10_single_refY_004,5,861,GP_Ip_2.9mm_closed_R10_single_refY_004-raw05-22,11.64486568380168,7.725336992602063,True,371.0111083984375,0.6029408562532939,1.5120112895965576,3.0277829255968016,112.33410992155342,dxy_raw_candidates/images/GP_Ip_2.9mm_closed_R10_single_refY_004-raw05-22.jpg,dxy_raw_candidates/masks/GP_Ip_2.9mm_closed_R10_single_refY_004-raw05-22.png,dxy_raw_candidates/ring_fit/json/GP_Ip_2.9mm_closed_R10_single_refY_004-raw05-22.json,circle,B,ok,
782.0165151233995,722.3361344537815,3677.74741858618,16.48246427908703,19.30987394957983,78.40953137410644,10778.0,952.0,6295.0,1.0,1.0,394.0903930664063,1.0,GP_Ip_2.9mm_closed_R10_single_refY,GP_Ip_2.9mm_closed_R10_single_refY_004,5,826,GP_Ip_2.9mm_closed_R10_single_refY_004-raw05-17,11.218619177919557,7.77803642840137,True,392.3292541503906,0.6176237840687051,1.6738388538360596,3.028956700179731,118.83483230353454,dxy_raw_candidates/images/GP_Ip_2.9mm_closed_R10_single_refY_004-raw05-17.jpg,dxy_raw_candidates/masks/GP_Ip_2.9mm_closed_R10_single_refY_004-raw05-17.png,dxy_raw_candidates/ring_fit/json/GP_Ip_2.9mm_closed_R10_single_refY_004-raw05-17.json,circle,A,ok,
1118.759448110378,4347.4126506024095,8590.546927751519,29.509298140371925,140.81927710843374,260.0171055593068,5001.0,664.0,4443.0,1.0,1.0,270.5928955078125,1.0,GP_Ip_2.9mm_closed_R10_single_refY,GP_Ip_2.9mm_closed_R10_single_refY_005,1,59,GP_Ip_2.9mm_closed_R10_single_refY_005-raw01-02,20.501131528547056,7.790554835893381,True,274.6623840332031,0.7014063184449452,1.0450495481491089,2.970166347874544,81.57929700824155,dxy_raw_candidates/images/GP_Ip_2.9mm_closed_R10_single_refY_005-raw01-02.jpg,dxy_raw_candidates/masks/GP_Ip_2.9mm_closed_R10_single_refY_005-raw01-02.png,dxy_raw_candidates/ring_fit/json/GP_Ip_2.9mm_closed_R10_single_refY_005-raw01-02.json,circle,A,ok,
1086.413439868879,4903.420731707317,9974.776327632764,30.41528375332924,191.9039634146341,281.7531503150315,4881.0,656.0,4444.0,1.0,1.0,267.76446533203125,1.0,GP_Ip_2.9mm_closed_R10_single_refY,GP_Ip_2.9mm_closed_R10_single_refY_005,1,51,GP_Ip_2.9mm_closed_R10_single_refY_005-raw01-01,20.178369997754505,7.787280206047815,True,273.9049987792969,0.7017338887940301,0.8133401870727539,2.943351247663534,80.61986198983242,dxy_raw_candidates/images/GP_Ip_2.9mm_closed_R10_single_refY_005-raw01-01.jpg,dxy_raw_candidates/masks/GP_Ip_2.9mm_closed_R10_single_refY_005-raw01-01.png,dxy_raw_candidates/ring_fit/json/GP_Ip_2.9mm_closed_R10_single_refY_005-raw01-01.json,circle,A,ok,
773.168,6301.860606060606,8974.75293056808,20.2744,273.6090909090909,264.369477006312,5000.0,660.0,4436.0,1.0,1.0,270.3502502441406,1.0,GP_Ip_2.9mm_closed_R10_single_refY,GP_Ip_2.9mm_closed_R10_single_refY_005,1,74,GP_Ip_2.9mm_closed_R10_single_refY_005-raw01-04,20.17674891626806,7.791098468798757,True,271.6419677734375,0.7149370802545205,1.034468173980713,3.0004154093859143,81.50387459433358,dxy_raw_candidates/images/GP_Ip_2.9mm_closed_R10_single_refY_005-raw01-04.jpg,dxy_raw_candidates/masks/GP_Ip_2.9mm_closed_R10_single_refY_005-raw01-04.png,dxy_raw_candidates/ring_fit/json/GP_Ip_2.9mm_closed_R10_single_refY_005-raw01-04.json,circle,A,ok,
1240.1582142857144,1847.928977272728,7128.673563724411,34.300892857142856,86.00142045454545,150.01100594320934,5600.0,704.0,4543.0,1.0,1.0,287.07818603515625,1.0,GP_Ip_2.9mm_closed_R10_single_refY,GP_Ip_2.9mm_closed_R10_single_refY_005,2,267,GP_Ip_2.9mm_closed_R10_single_refY_005-raw02-05,17.64127700842282,7.6448712742666,True,277.0986022949219,0.728411641674905,0.8834509253501892,3.1096556104344284,86.16812232699436,dxy_raw_candidates/images/GP_Ip_2.9mm_closed_R10_single_refY_005-raw02-05.jpg,dxy_raw_candidates/masks/GP_Ip_2.9mm_closed_R10_single_refY_005-raw02-05.png,dxy_raw_candidates/ring_fit/json/GP_Ip_2.9mm_closed_R10_single_refY_005-raw02-05.json,circle,B,ok,
1183.8925561797753,1633.3361581920904,7547.169835782195,36.48613061797753,104.14124293785312,147.39174589455487,5696.0,708.0,4628.0,1.0,1.0,287.9066162109375,1.0,GP_Ip_2.9mm_closed_R10_single_refY,GP_Ip_2.9mm_closed_R10_single_refY_005,2,321,GP_Ip_2.9mm_closed_R10_single_refY_005-raw02-12,17.55242368116967,7.731907497999026,True,281.16851806640625,0.7437615435667284,1.10281240940094,3.091363115562769,86.91939860079339,dxy_raw_candidates/images/GP_Ip_2.9mm_closed_R10_single_refY_005-raw02-12.jpg,dxy_raw_candidates/masks/GP_Ip_2.9mm_closed_R10_single_refY_005-raw02-12.png,dxy_raw_candidates/ring_fit/json/GP_Ip_2.9mm_closed_R10_single_refY_005-raw02-12.json,circle,A,ok,
1066.1578298397042,1928.8651685393256,7111.697860384698,32.13299277787564,83.20786516853933,147.31964555867734,5677.0,712.0,4627.0,1.0,1.0,289.3208312988281,1.0,GP_Ip_2.9mm_closed_R10_single_refY,GP_Ip_2.9mm_closed_R10_single_refY_005,2,313,GP_Ip_2.9mm_closed_R10_single_refY_005-raw02-11,17.476510047441643,7.733616571771227,True,281.0140686035156,0.7424733501756116,1.134179949760437,3.084264263626137,86.67216493700069,dxy_raw_candidates/images/GP_Ip_2.9mm_closed_R10_single_refY_005-raw02-11.jpg,dxy_raw_candidates/masks/GP_Ip_2.9mm_closed_R10_single_refY_005-raw02-11.png,dxy_raw_candidates/ring_fit/json/GP_Ip_2.9mm_closed_R10_single_refY_005-raw02-11.json,circle,B,ok,
921.8654765699712,877.936170212766,8737.52495908347,27.069493146318138,42.63829787234042,163.6755319148936,6274.0,752.0,4888.0,1.0,1.0,302.2914123535156,1.0,GP_Ip_2.9mm_closed_R10_single_refY,GP_Ip_2.9mm_closed_R10_single_refY_005,3,460,GP_Ip_2.9mm_closed_R10_single_refY_005-raw03-06,13.589136684360032,7.730448631475341,True,295.38629150390625,0.7674594283209206,1.1858211755752563,3.08650369667358,91.17108806735078,dxy_raw_candidates/images/GP_Ip_2.9mm_closed_R10_single_refY_005-raw03-06.jpg,dxy_raw_candidates/masks/GP_Ip_2.9mm_closed_R10_single_refY_005-raw03-06.png,dxy_raw_candidates/ring_fit/json/GP_Ip_2.9mm_closed_R10_single_refY_005-raw03-06.json,circle,B,ok,
981.142721968144,901.3157894736842,8333.118152085037,33.51569153130421,33.98421052631579,149.5539656582175,6341.0,760.0,4892.0,1.0,1.0,304.5340576171875,1.0,GP_Ip_2.9mm_closed_R10_single_refY,GP_Ip_2.9mm_closed_R10_single_refY_005,3,467,GP_Ip_2.9mm_closed_R10_single_refY_005-raw03-07,12.707149130586933,7.729854330783475,True,295.4632263183594,0.7681032621419639,1.0803236961364746,3.1021610942756683,91.65745254739832,dxy_raw_candidates/images/GP_Ip_2.9mm_closed_R10_single_refY_005-raw03-07.jpg,dxy_raw_candidates/masks/GP_Ip_2.9mm_closed_R10_single_refY_005-raw03-07.png,dxy_raw_candidates/ring_fit/json/GP_Ip_2.9mm_closed_R10_single_refY_005-raw03-07.json,circle,B,ok,
782.4272054287477,864.521164021164,8511.560144346431,23.868136952498457,43.11111111111112,144.630713712911,6484.0,756.0,4988.0,1.0,1.0,307.2203369140625,1.0,GP_Ip_2.9mm_closed_R10_single_refY,GP_Ip_2.9mm_closed_R10_single_refY_005,3,498,GP_Ip_2.9mm_closed_R10_single_refY_005-raw03-11,12.657242821868856,7.721647568357357,True,301.3808288574219,0.7773234349162963,1.0334490537643433,3.0709405782169776,92.55226168349232,dxy_raw_candidates/images/GP_Ip_2.9mm_closed_R10_single_refY_005-raw03-11.jpg,dxy_raw_candidates/masks/GP_Ip_2.9mm_closed_R10_single_refY_005-raw03-11.png,dxy_raw_candidates/ring_fit/json/GP_Ip_2.9mm_closed_R10_single_refY_005-raw03-11.json,circle,B,ok,
426.0692760651195,289.225,6722.336241078509,10.557152753723589,10.420833333333333,94.06800158604284,5774.0,720.0,5044.0,1.0,1.0,290.9776916503906,1.0,GP_Ip_2.9mm_closed_R10_single_refY,GP_Ip_2.9mm_closed_R10_single_refY_005,4,776,GP_Ip_2.9mm_closed_R10_single_refY_005-raw04-23,14.238406134480606,7.41541450581618,True,288.84649658203125,0.881349040713187,0.9913058280944824,3.027641192805247,87.45235514492393,dxy_raw_candidates/images/GP_Ip_2.9mm_closed_R10_single_refY_005-raw04-23.jpg,dxy_raw_candidates/masks/GP_Ip_2.9mm_closed_R10_single_refY_005-raw04-23.png,dxy_raw_candidates/ring_fit/json/GP_Ip_2.9mm_closed_R10_single_refY_005-raw04-23.json,circle,B,ok,
394.68765617191406,390.0081967213115,7131.282162588793,10.605530568049309,20.01092896174864,96.42344119968428,6003.0,732.0,5068.0,1.0,1.0,296.9776916503906,1.0,GP_Ip_2.9mm_closed_R10_single_refY,GP_Ip_2.9mm_closed_R10_single_refY_005,4,768,GP_Ip_2.9mm_closed_R10_single_refY_005-raw04-22,13.317604312839038,7.421356544291382,True,290.8280029296875,0.881382518768272,0.9749062657356262,3.068499901133384,89.24056982365657,dxy_raw_candidates/images/GP_Ip_2.9mm_closed_R10_single_refY_005-raw04-22.jpg,dxy_raw_candidates/masks/GP_Ip_2.9mm_closed_R10_single_refY_005-raw04-22.png,dxy_raw_candidates/ring_fit/json/GP_Ip_2.9mm_closed_R10_single_refY_005-raw04-22.json,circle,A,ok,
401.921040408732,1366.9552631578947,7782.872803666922,10.915311967796873,67.78421052631579,98.38521772345302,6459.0,760.0,5236.0,1.0,1.0,308.0487670898437,1.0,GP_Ip_2.9mm_closed_R10_single_refY,GP_Ip_2.9mm_closed_R10_single_refY_005,4,752,GP_Ip_2.9mm_closed_R10_single_refY_005-raw04-20,12.804580789767378,7.470178701203732,True,302.7303466796875,0.8585801397473636,1.0074150562286377,3.047009954305412,92.24223798033375,dxy_raw_candidates/images/GP_Ip_2.9mm_closed_R10_single_refY_005-raw04-20.jpg,dxy_raw_candidates/masks/GP_Ip_2.9mm_closed_R10_single_refY_005-raw04-20.png,dxy_raw_candidates/ring_fit/json/GP_Ip_2.9mm_closed_R10_single_refY_005-raw04-20.json,circle,B,ok,
507.436686766106,583.0298913043479,6002.457438650306,11.865756902570611,22.658967391304348,116.94190950920246,6302.0,736.0,5216.0,1.0,1.0,301.9066162109375,1.0,GP_Ip_2.9mm_closed_R10_single_refY,GP_Ip_2.9mm_closed_R10_single_refY_005,5,972,GP_Ip_2.9mm_closed_R10_single_refY_005-raw05-24,20.234794911691885,7.368061708898402,True,299.7926940917969,0.8698440199898443,0.976193904876709,3.044867211465724,91.28289444770888,dxy_raw_candidates/images/GP_Ip_2.9mm_closed_R10_single_refY_005-raw05-24.jpg,dxy_raw_candidates/masks/GP_Ip_2.9mm_closed_R10_single_refY_005-raw05-24.png,dxy_raw_candidates/ring_fit/json/GP_Ip_2.9mm_closed_R10_single_refY_005-raw05-24.json,circle,A,ok,
486.37375,714.8005319148937,5734.637450199203,11.58484375,40.71675531914894,114.9954467842914,6400.0,752.0,5271.0,1.0,1.0,306.39190673828125,1.0,GP_Ip_2.9mm_closed_R10_single_refY,GP_Ip_2.9mm_closed_R10_single_refY_005,5,964,GP_Ip_2.9mm_closed_R10_single_refY_005-raw05-23,19.40522243762428,7.364886008312665,True,299.8318786621094,0.8694642811086685,1.1448930501937866,3.0668872343241462,91.955056111225,dxy_raw_candidates/images/GP_Ip_2.9mm_closed_R10_single_refY_005-raw05-23.jpg,dxy_raw_candidates/masks/GP_Ip_2.9mm_closed_R10_single_refY_005-raw05-23.png,dxy_raw_candidates/ring_fit/json/GP_Ip_2.9mm_closed_R10_single_refY_005-raw05-23.json,circle,B,ok,
494.7644259369423,5074.219895287958,5585.757358490566,14.146936347412254,149.23821989528795,106.20754716981132,6724.0,764.0,5300.0,1.0,1.0,313.5634765625,1.0,GP_Ip_2.9mm_closed_R10_single_refY,GP_Ip_2.9mm_closed_R10_single_refY_005,5,941,GP_Ip_2.9mm_closed_R10_single_refY_005-raw05-20,18.513965363385942,7.383505663369625,True,303.7883605957031,0.8697686574806671,1.1230971813201904,3.096181286141095,94.05838370238992,dxy_raw_candidates/images/GP_Ip_2.9mm_closed_R10_single_refY_005-raw05-20.jpg,dxy_raw_candidates/masks/GP_Ip_2.9mm_closed_R10_single_refY_005-raw05-20.png,dxy_raw_candidates/ring_fit/json/GP_Ip_2.9mm_closed_R10_single_refY_005-raw05-20.json,circle,B,ok,
,,,,,,,,,,,,,GP_Ip_2.9mm_closed_R5_single_refY,GP_Ip_2.9mm_closed_R5_single_refY_004,1,149,GP_Ip_2.9mm_closed_R5_single_refY_004-raw01-24,16.24986219057506,,False,,,,,,dxy_raw_candidates/images/GP_Ip_2.9mm_closed_R5_single_refY_004-raw01-24.jpg,,,,,feature_failure,FileNotFoundError
655.8732271437923,,2724.0291479820626,10.723979925812786,,29.088938714499253,9166.0,0.0,2676.0,0.4912790697674418,9.0,180.71067881584167,1.0,GP_Ip_2.9mm_closed_R5_single_refY,GP_Ip_2.9mm_closed_R5_single_refY_004,1,99,GP_Ip_2.9mm_closed_R5_single_refY_004-raw01-14,15.268312690874977,7.748336500109841,False,140.92088317871094,0.6519410190515692,1.151236653327942,,,dxy_raw_candidates/images/GP_Ip_2.9mm_closed_R5_single_refY_004-raw01-14.jpg,dxy_raw_candidates/masks/GP_Ip_2.9mm_closed_R5_single_refY_004-raw01-14.png,dxy_raw_candidates/ring_fit/json/GP_Ip_2.9mm_closed_R5_single_refY_004-raw01-14.json,none,none,ok,
,,,,,,,,,,,,,GP_Ip_2.9mm_closed_R5_single_refY,GP_Ip_2.9mm_closed_R5_single_refY_004,1,144,GP_Ip_2.9mm_closed_R5_single_refY_004-raw01-23,14.654525824029946,,False,,,,,,dxy_raw_candidates/images/GP_Ip_2.9mm_closed_R5_single_refY_004-raw01-23.jpg,,,,,feature_failure,FileNotFoundError
974.8606156691768,315.8481012658228,7211.764403669725,19.32395296604572,9.436708860759492,155.29614678899082,7569.0,158.0,2725.0,0.6962025316455697,10.0,239.40916192531583,0.9992751151287736,GP_Ip_2.9mm_closed_R5_single_refY,GP_Ip_2.9mm_closed_R5_single_refY_004,2,199,GP_Ip_2.9mm_closed_R5_single_refY_004-raw02-10,14.315435053242576,7.7415553526615986,True,142.42886352539062,0.6414004267607994,0.7141481637954712,2.6956342245274323,76.78722381591814,dxy_raw_candidates/images/GP_Ip_2.9mm_closed_R5_single_refY_004-raw02-10.jpg,dxy_raw_candidates/masks/GP_Ip_2.9mm_closed_R5_single_refY_004-raw02-10.png,dxy_raw_candidates/ring_fit/json/GP_Ip_2.9mm_closed_R5_single_refY_004-raw02-10.json,ellipse,A,ok,
979.8209684584627,185.1089108910891,4597.061051004637,22.0555308751666,14.584158415841584,66.79598145285935,9004.0,202.0,2588.0,0.8160237388724035,9.0,322.7472701072693,1.0,GP_Ip_2.9mm_closed_R5_single_refY,GP_Ip_2.9mm_closed_R5_single_refY_004,2,154,GP_Ip_2.9mm_closed_R5_single_refY_004-raw02-01,14.125377557071632,7.755677875529291,False,143.5723419189453,0.7086901562780524,0.7958738207817078,,,dxy_raw_candidates/images/GP_Ip_2.9mm_closed_R5_single_refY_004-raw02-01.jpg,dxy_raw_candidates/masks/GP_Ip_2.9mm_closed_R5_single_refY_004-raw02-01.png,dxy_raw_candidates/ring_fit/json/GP_Ip_2.9mm_closed_R5_single_refY_004-raw02-01.json,none,none,ok,
822.0612010443864,507.9495798319328,7541.006298629122,19.37263707571801,17.277310924369747,102.00370507595406,9575.0,119.0,2699.0,0.9566473988439308,5.0,381.9188417196274,1.0,GP_Ip_2.9mm_closed_R5_single_refY,GP_Ip_2.9mm_closed_R5_single_refY_004,2,169,GP_Ip_2.9mm_closed_R5_single_refY_004-raw02-04,13.84320200864886,7.777241913900004,False,140.69227600097656,0.7023728797386497,0.662945568561554,,,dxy_raw_candidates/images/GP_Ip_2.9mm_closed_R5_single_refY_004-raw02-04.jpg,dxy_raw_candidates/masks/GP_Ip_2.9mm_closed_R5_single_refY_004-raw02-04.png,dxy_raw_candidates/ring_fit/json/GP_Ip_2.9mm_closed_R5_single_refY_004-raw02-04.json,none,none,ok,
1100.234111675127,463.6342412451362,8075.490679094541,21.31888324873097,11.64591439688716,106.49367509986683,9850.0,257.0,3004.0,0.7931034482758621,13.0,311.4629657268524,1.0,GP_Ip_2.9mm_closed_R5_single_refY,GP_Ip_2.9mm_closed_R5_single_refY_004,3,300,GP_Ip_2.9mm_closed_R5_single_refY_004-raw03-06,11.725422085391145,7.791028610198678,False,157.84503173828125,0.6877556463658737,0.9810522198677064,,,dxy_raw_candidates/images/GP_Ip_2.9mm_closed_R5_single_refY_004-raw03-06.jpg,dxy_raw_candidates/masks/GP_Ip_2.9mm_closed_R5_single_refY_004-raw03-06.png,dxy_raw_candidates/ring_fit/json/GP_Ip_2.9mm_closed_R5_single_refY_004-raw03-06.json,none,none,ok,
1268.878954607978,376.95454545454544,6994.634369885433,21.05857404860156,19.857954545454547,114.68019639934532,8724.0,176.0,3055.0,0.6805970149253732,14.0,249.62236559391025,0.9985356159129738,GP_Ip_2.9mm_closed_R5_single_refY,GP_Ip_2.9mm_closed_R5_single_refY_004,3,381,GP_Ip_2.9mm_closed_R5_single_refY_004-raw03-22,11.44362261020872,7.7199740454613215,True,157.16404724121094,0.6484681382464489,1.5777267217636108,2.3750993091876693,74.65604400634773,dxy_raw_candidates/images/GP_Ip_2.9mm_closed_R5_single_refY_004-raw03-22.jpg,dxy_raw_candidates/masks/GP_Ip_2.9mm_closed_R5_single_refY_004-raw03-22.png,dxy_raw_candidates/ring_fit/json/GP_Ip_2.9mm_closed_R5_single_refY_004-raw03-22.json,ellipse,B,ok,
1204.406625258799,171.1954887218045,9204.795157068063,26.61904761904762,12.571428571428571,134.4604057591623,9660.0,266.0,3056.0,0.8011527377521613,13.0,307.6639835834503,1.0,GP_Ip_2.9mm_closed_R5_single_refY,GP_Ip_2.9mm_closed_R5_single_refY_004,3,325,GP_Ip_2.9mm_closed_R5_single_refY_004-raw03-11,11.424116752794056,7.784857771953061,False,161.33311462402344,0.6776167034956374,1.0636703968048096,,,dxy_raw_candidates/images/GP_Ip_2.9mm_closed_R5_single_refY_004-raw03-11.jpg,dxy_raw_candidates/masks/GP_Ip_2.9mm_closed_R5_single_refY_004-raw03-11.png,dxy_raw_candidates/ring_fit/json/GP_Ip_2.9mm_closed_R5_single_refY_004-raw03-11.json,none,none,ok,
962.083153928956,555.9859154929577,4427.655391120507,15.60037674919268,12.316901408450704,63.52713178294574,7432.0,142.0,2838.0,0.5922330097087378,15.0,195.75231325626373,0.9992577545120712,GP_Ip_2.9mm_closed_R5_single_refY,GP_Ip_2.9mm_closed_R5_single_refY_004,4,451,GP_Ip_2.9mm_closed_R5_single_refY_004-raw04-12,10.87784181488414,7.800906079576691,False,160.1263427734375,0.5618832828728266,3.664493322372437,,,dxy_raw_candidates/images/GP_Ip_2.9mm_closed_R5_single_refY_004-raw04-12.jpg,dxy_raw_candidates/masks/GP_Ip_2.9mm_closed_R5_single_refY_004-raw04-12.png,dxy_raw_candidates/ring_fit/json/GP_Ip_2.9mm_closed_R5_single_refY_004-raw04-12.json,none,none,ok,
1194.948376353039,611.6502732240438,4993.694645441389,21.2811545933944,22.61748633879781,71.7623010130246,7206.0,183.0,2764.0,0.6754098360655738,19.0,215.58074271678925,1.0,GP_Ip_2.9mm_closed_R5_single_refY,GP_Ip_2.9mm_closed_R5_single_refY_004,4,436,GP_Ip_2.9mm_closed_R5_single_refY_004-raw04-09,10.85437006285868,7.812283351458173,False,163.10003662109375,0.5313362571325632,4.045446395874023,,,dxy_raw_candidates/images/GP_Ip_2.9mm_closed_R5_single_refY_004-raw04-09.jpg,dxy_raw_candidates/masks/GP_Ip_2.9mm_closed_R5_single_refY_004-raw04-09.png,dxy_raw_candidates/ring_fit/json/GP_Ip_2.9mm_closed_R5_single_refY_004-raw04-09.json,none,none,ok,
1208.860589444825,209.51111111111112,5048.922142857143,15.909115832762168,10.45,71.78607142857143,7295.0,180.0,2800.0,0.6254071661237784,14.0,203.6812413930893,1.0,GP_Ip_2.9mm_closed_R5_single_refY,GP_Ip_2.9mm_closed_R5_single_refY_004,4,426,GP_Ip_2.9mm_closed_R5_single_refY_004-raw04-07,10.55519048996914,7.809225320724286,True,160.09523010253906,0.5517822856614142,3.423614978790283,2.5743023184995883,82.4267044067383,dxy_raw_candidates/images/GP_Ip_2.9mm_closed_R5_single_refY_004-raw04-07.jpg,dxy_raw_candidates/masks/GP_Ip_2.9mm_closed_R5_single_refY_004-raw04-07.png,dxy_raw_candidates/ring_fit/json/GP_Ip_2.9mm_closed_R5_single_refY_004-raw04-07.json,ellipse,B,ok,
1632.0800787659994,569.6891191709844,5461.867510234462,32.51033803741385,24.78238341968912,94.2486043915147,6094.0,193.0,2687.0,0.51985559566787,6.0,162.8528175354004,0.9998205392794652,GP_Ip_2.9mm_closed_R5_single_refY,GP_Ip_2.9mm_closed_R5_single_refY_004,5,632,GP_Ip_2.9mm_closed_R5_single_refY_004-raw05-23,8.77762361954583,7.7763719905579,True,140.54388427734375,0.5840893257002054,3.4746294021606445,2.488192787853758,69.94005584716804,dxy_raw_candidates/images/GP_Ip_2.9mm_closed_R5_single_refY_004-raw05-23.jpg,dxy_raw_candidates/masks/GP_Ip_2.9mm_closed_R5_single_refY_004-raw05-23.png,dxy_raw_candidates/ring_fit/json/GP_Ip_2.9mm_closed_R5_single_refY_004-raw05-23.json,ellipse,A,ok,
1028.3326869806094,474.7551020408163,9930.561239193084,14.013573407202216,8.46938775510204,218.0450288184438,7220.0,196.0,2776.0,0.4765100671140939,2.0,167.3381118774414,1.0,GP_Ip_2.9mm_closed_R5_single_refY,GP_Ip_2.9mm_closed_R5_single_refY_004,5,527,GP_Ip_2.9mm_closed_R5_single_refY_004-raw05-03,8.448111858603394,7.747752455051802,False,143.56985473632812,0.6278284079098421,2.594982862472534,,,dxy_raw_candidates/images/GP_Ip_2.9mm_closed_R5_single_refY_004-raw05-03.jpg,dxy_raw_candidates/masks/GP_Ip_2.9mm_closed_R5_single_refY_004-raw05-03.png,dxy_raw_candidates/ring_fit/json/GP_Ip_2.9mm_closed_R5_single_refY_004-raw05-03.json,none,none,ok,
1103.4752712413697,832.3917525773196,9985.66401734104,17.67084683669156,20.75773195876289,228.16473988439307,7097.0,194.0,2768.0,0.5084175084175084,2.0,174.68124389648438,1.0,GP_Ip_2.9mm_closed_R5_single_refY,GP_Ip_2.9mm_closed_R5_single_refY_004,5,538,GP_Ip_2.9mm_closed_R5_single_refY_004-raw05-05,8.2566265164964,7.750087909321164,False,143.2786865234375,0.6388724287148085,2.8019285202026367,,,dxy_raw_candidates/images/GP_Ip_2.9mm_closed_R5_single_refY_004-raw05-05.jpg,dxy_raw_candidates/masks/GP_Ip_2.9mm_closed_R5_single_refY_004-raw05-05.png,dxy_raw_candidates/ring_fit/json/GP_Ip_2.9mm_closed_R5_single_refY_004-raw05-05.json,none,none,ok,
2170.5800080612657,91.06598984771574,9377.390359168245,54.52378073357517,11.700507614213198,234.3605860113421,4962.0,197.0,2116.0,0.2258064516129032,1.0,66.18376922607422,1.0,GP_Ip_2.9mm_closed_R5_single_refY,GP_Ip_2.9mm_closed_R5_single_refY_005,1,133,GP_Ip_2.9mm_closed_R5_single_refY_005-raw01-19,20.86589942149292,7.583830819929987,False,104.24262237548828,0.7453102936429721,0.6613098978996277,,,dxy_raw_candidates/images/GP_Ip_2.9mm_closed_R5_single_refY_005-raw01-19.jpg,dxy_raw_candidates/masks/GP_Ip_2.9mm_closed_R5_single_refY_005-raw01-19.png,dxy_raw_candidates/ring_fit/json/GP_Ip_2.9mm_closed_R5_single_refY_005-raw01-19.json,none,none,ok,
2540.6895858464013,86.67272727272727,10667.308337009265,55.22094893445919,8.10909090909091,273.1385090427878,4974.0,110.0,2267.0,0.2023809523809523,3.0,57.52691829204559,0.9913237190760932,GP_Ip_2.9mm_closed_R5_single_refY,GP_Ip_2.9mm_closed_R5_single_refY_005,1,122,GP_Ip_2.9mm_closed_R5_single_refY_005-raw01-17,20.73767530200628,7.586873535787603,False,105.42190551757812,0.7630307909107853,2.019774913787842,,,dxy_raw_candidates/images/GP_Ip_2.9mm_closed_R5_single_refY_005-raw01-17.jpg,dxy_raw_candidates/masks/GP_Ip_2.9mm_closed_R5_single_refY_005-raw01-17.png,dxy_raw_candidates/ring_fit/json/GP_Ip_2.9mm_closed_R5_single_refY_005-raw01-17.json,none,none,ok,
2539.6217303822937,84.18181818181819,10744.046017699116,54.90985915492958,8.136363636363637,271.96946902654867,4970.0,110.0,2260.0,0.2063492063492063,2.0,59.526917934417725,0.9918432016900416,GP_Ip_2.9mm_closed_R5_single_refY,GP_Ip_2.9mm_closed_R5_single_refY_005,1,117,GP_Ip_2.9mm_closed_R5_single_refY_005-raw01-16,20.70882873232688,7.58698668927432,False,105.40653228759766,0.7631885234383301,0.6721978783607483,,,dxy_raw_candidates/images/GP_Ip_2.9mm_closed_R5_single_refY_005-raw01-16.jpg,dxy_raw_candidates/masks/GP_Ip_2.9mm_closed_R5_single_refY_005-raw01-16.png,dxy_raw_candidates/ring_fit/json/GP_Ip_2.9mm_closed_R5_single_refY_005-raw01-16.json,none,none,ok,
3878.741367159972,175.77215189873417,7981.784466019418,159.84073291050035,12.79746835443038,265.7373786407767,4257.0,158.0,2060.0,0.2347826086956521,1.0,62.112701416015625,1.0,GP_Ip_2.9mm_closed_R5_single_refY,GP_Ip_2.9mm_closed_R5_single_refY_005,2,208,GP_Ip_2.9mm_closed_R5_single_refY_005-raw02-09,31.89147442567496,7.625389166057566,True,104.23252868652344,0.6755569266239038,0.8359589576721191,3.3208370461705323,69.22784853564801,dxy_raw_candidates/images/GP_Ip_2.9mm_closed_R5_single_refY_005-raw02-09.jpg,dxy_raw_candidates/masks/GP_Ip_2.9mm_closed_R5_single_refY_005-raw02-09.png,dxy_raw_candidates/ring_fit/json/GP_Ip_2.9mm_closed_R5_single_refY_005-raw02-09.json,circle,A,ok,
3896.4263911716366,180.81012658227849,7977.508737864077,162.15848790795962,13.58860759493671,260.645145631068,4259.0,158.0,2060.0,0.2324561403508772,1.0,61.52691650390625,1.0,GP_Ip_2.9mm_closed_R5_single_refY,GP_Ip_2.9mm_closed_R5_single_refY_005,2,203,GP_Ip_2.9mm_closed_R5_single_refY_005-raw02-08,31.43422833746333,7.625187516809267,True,104.37124633789062,0.6742681523083257,0.8375410437583923,3.26722074200885,68.20078018089431,dxy_raw_candidates/images/GP_Ip_2.9mm_closed_R5_single_refY_005-raw02-08.jpg,dxy_raw_candidates/masks/GP_Ip_2.9mm_closed_R5_single_refY_005-raw02-08.png,dxy_raw_candidates/ring_fit/json/GP_Ip_2.9mm_closed_R5_single_refY_005-raw02-08.json,circle,A,ok,
5889.952881976213,111.17647058823528,7460.511285122064,238.4473924977127,16.270588235294117,271.0939659143252,4372.0,85.0,2171.0,0.1702127659574468,2.0,45.45584297180176,0.991804782582105,GP_Ip_2.9mm_closed_R5_single_refY,GP_Ip_2.9mm_closed_R5_single_refY_005,2,197,GP_Ip_2.9mm_closed_R5_single_refY_005-raw02-07,30.623268190396857,7.632841461058412,False,101.1556625366211,0.6969054526819545,0.9332420825958252,,,dxy_raw_candidates/images/GP_Ip_2.9mm_closed_R5_single_refY_005-raw02-07.jpg,dxy_raw_candidates/masks/GP_Ip_2.9mm_closed_R5_single_refY_005-raw02-07.png,dxy_raw_candidates/ring_fit/json/GP_Ip_2.9mm_closed_R5_single_refY_005-raw02-07.json,none,none,ok,
2108.426024542718,199.88333333333333,8680.465509150634,57.218106043065525,12.091666666666669,316.09948381041767,4319.0,120.0,2131.0,0.2435897435897435,6.0,65.08326029777527,0.9998187858652976,GP_Ip_2.9mm_closed_R5_single_refY,GP_Ip_2.9mm_closed_R5_single_refY_005,3,294,GP_Ip_2.9mm_closed_R5_single_refY_005-raw03-01,17.722869773430293,7.584040036254075,False,107.68077087402344,0.6611886886667961,1.6152327060699463,,,dxy_raw_candidates/images/GP_Ip_2.9mm_closed_R5_single_refY_005-raw03-01.jpg,dxy_raw_candidates/masks/GP_Ip_2.9mm_closed_R5_single_refY_005-raw03-01.png,dxy_raw_candidates/ring_fit/json/GP_Ip_2.9mm_closed_R5_single_refY_005-raw03-01.json,none,none,ok,
2150.4010320678217,3454.6814159292035,14213.089873932491,68.5589753040914,64.70353982300885,475.330622204148,5426.0,226.0,2459.0,0.4156862745098039,9.0,119.36752784252168,1.0,GP_Ip_2.9mm_closed_R5_single_refY,GP_Ip_2.9mm_closed_R5_single_refY_005,3,396,GP_Ip_2.9mm_closed_R5_single_refY_005-raw03-20,17.1122493189482,7.587254543731656,True,127.55258178710938,0.6684966462837475,1.811132550239563,4.3648231094193175,111.34889133009476,dxy_raw_candidates/images/GP_Ip_2.9mm_closed_R5_single_refY_005-raw03-20.jpg,dxy_raw_candidates/masks/GP_Ip_2.9mm_closed_R5_single_refY_005-raw03-20.png,dxy_raw_candidates/ring_fit/json/GP_Ip_2.9mm_closed_R5_single_refY_005-raw03-20.json,circle,A,ok,
1672.8137234266471,134.765625,9824.98916627414,51.33571879604294,10.3515625,384.7027790861988,4751.0,128.0,2123.0,0.265625,10.0,70.42640352249146,1.0,GP_Ip_2.9mm_closed_R5_single_refY,GP_Ip_2.9mm_closed_R5_single_refY_005,3,310,GP_Ip_2.9mm_closed_R5_single_refY_005-raw03-04,16.97200735669548,7.605118836001173,False,109.0849838256836,0.6751023519145797,1.547557711601257,,,dxy_raw_candidates/images/GP_Ip_2.9mm_closed_R5_single_refY_005-raw03-04.jpg,dxy_raw_candidates/masks/GP_Ip_2.9mm_closed_R5_single_refY_005-raw03-04.png,dxy_raw_candidates/ring_fit/json/GP_Ip_2.9mm_closed_R5_single_refY_005-raw03-04.json,none,none,ok,
2052.222163657926,1461.5075376884422,3806.353092783505,44.641981815786,30.55025125628141,76.2590206185567,7589.0,398.0,3104.0,0.5993265993265994,5.0,203.2375931739807,0.9994632673599464,GP_Ip_2.9mm_closed_R5_single_refY,GP_Ip_2.9mm_closed_R5_single_refY_005,4,477,GP_Ip_2.9mm_closed_R5_single_refY_005-raw04-11,19.82489836670557,7.353916366014698,True,152.77239990234375,0.8094925669029707,1.891316533088684,4.252839466517088,129.94329833984395,dxy_raw_candidates/images/GP_Ip_2.9mm_closed_R5_single_refY_005-raw04-11.jpg,dxy_raw_candidates/masks/GP_Ip_2.9mm_closed_R5_single_refY_005-raw04-11.png,dxy_raw_candidates/ring_fit/json/GP_Ip_2.9mm_closed_R5_single_refY_005-raw04-11.json,ellipse,B,ok,
1603.8621289280834,651.7371428571429,2806.761348897536,34.76698546764377,17.237142857142857,52.44390402075227,8051.0,350.0,3084.0,0.5095541401273885,10.0,173.6101655960083,1.0,GP_Ip_2.9mm_closed_R5_single_refY,GP_Ip_2.9mm_closed_R5_single_refY_005,4,487,GP_Ip_2.9mm_closed_R5_single_refY_005-raw04-13,18.980152231822768,7.390388624338359,True,152.03976440429688,0.8169964556521301,2.067234754562378,3.1201469418444936,94.87728118896509,dxy_raw_candidates/images/GP_Ip_2.9mm_closed_R5_single_refY_005-raw04-13.jpg,dxy_raw_candidates/masks/GP_Ip_2.9mm_closed_R5_single_refY_005-raw04-13.png,dxy_raw_candidates/ring_fit/json/GP_Ip_2.9mm_closed_R5_single_refY_005-raw04-13.json,ellipse,B,ok,
2045.1726971504308,981.7489361702128,5726.563011456628,47.221206096752816,20.317021276595742,136.07463175122749,7545.0,470.0,3055.0,0.7333333333333333,5.0,249.79395961761475,1.0,GP_Ip_2.9mm_closed_R5_single_refY,GP_Ip_2.9mm_closed_R5_single_refY_005,4,471,GP_Ip_2.9mm_closed_R5_single_refY_005-raw04-10,18.4816564081816,7.350011130149566,True,152.08389282226562,0.7952510408081486,1.329372763633728,3.1357876531573767,95.3805586712342,dxy_raw_candidates/images/GP_Ip_2.9mm_closed_R5_single_refY_005-raw04-10.jpg,dxy_raw_candidates/masks/GP_Ip_2.9mm_closed_R5_single_refY_005-raw04-10.png,dxy_raw_candidates/ring_fit/json/GP_Ip_2.9mm_closed_R5_single_refY_005-raw04-10.json,circle,B,ok,
1530.0991484894437,952.425925925926,3381.810785824345,41.50717368482445,26.77248677248677,74.9864406779661,8573.0,756.0,3245.0,0.8464052287581699,4.0,302.22033500671387,0.9994102126338662,GP_Ip_2.9mm_closed_R5_single_refY,GP_Ip_2.9mm_closed_R5_single_refY_005,5,679,GP_Ip_2.9mm_closed_R5_single_refY_005-raw05-24,22.76024629361071,7.068468456400503,True,156.6206512451172,0.8651146221968302,0.985843539237976,3.473410543704907,108.80156427934384,dxy_raw_candidates/images/GP_Ip_2.9mm_closed_R5_single_refY_005-raw05-24.jpg,dxy_raw_candidates/masks/GP_Ip_2.9mm_closed_R5_single_refY_005-raw05-24.png,dxy_raw_candidates/ring_fit/json/GP_Ip_2.9mm_closed_R5_single_refY_005-raw05-24.json,circle,B,ok,
1451.7262727040163,1178.094395280236,4142.292461398729,28.008314146840625,23.18731563421829,78.40326975476839,7818.0,678.0,3303.0,0.7820069204152249,5.0,262.00714588165283,1.0,GP_Ip_2.9mm_closed_R5_single_refY,GP_Ip_2.9mm_closed_R5_single_refY_005,5,674,GP_Ip_2.9mm_closed_R5_single_refY_005-raw05-23,18.46625314568296,7.077072830834542,True,157.27545166015625,0.844850644388133,2.711169004440308,3.233218514256183,101.70118042912424,dxy_raw_candidates/images/GP_Ip_2.9mm_closed_R5_single_refY_005-raw05-23.jpg,dxy_raw_candidates/masks/GP_Ip_2.9mm_closed_R5_single_refY_005-raw05-23.png,dxy_raw_candidates/ring_fit/json/GP_Ip_2.9mm_closed_R5_single_refY_005-raw05-23.json,circle,B,ok,
1437.534925758554,1187.2654232424677,4068.263683096462,28.151581665590705,21.49641319942611,76.49077713940127,7745.0,697.0,3307.0,0.7743055555555556,5.0,259.00714814662933,1.0,GP_Ip_2.9mm_closed_R5_single_refY,GP_Ip_2.9mm_closed_R5_single_refY_005,5,663,GP_Ip_2.9mm_closed_R5_single_refY_005-raw05-21,17.566463567464144,7.075347909319542,True,157.1419677734375,0.8434718952733727,2.669426202774048,3.217525805466916,101.12166728657738,dxy_raw_candidates/images/GP_Ip_2.9mm_closed_R5_single_refY_005-raw05-21.jpg,dxy_raw_candidates/masks/GP_Ip_2.9mm_closed_R5_single_refY_005-raw05-21.png,dxy_raw_candidates/ring_fit/json/GP_Ip_2.9mm_closed_R5_single_refY_005-raw05-21.json,circle,B,ok,
536.6456747610872,3496.557077625571,82116.68776671408,16.70107870476039,77.8710923779417,1672.3677098150783,100769.0,2847.0,2812.0,0.7155272305909618,2.0,1436.3788452148438,1.0,GP_Ip_20.0mm_closed_R10_single_refY,GP_Ip_20.0mm_closed_R10_single_refY_004,1,124,GP_Ip_20.0mm_closed_R10_single_refY_004-raw01-11,48.07777225813568,7.673911768167686,True,195.70899963378903,0.4255072547681334,0.609139621257782,18.571759759356446,363.4660523942712,dxy_raw_candidates/images/GP_Ip_20.0mm_closed_R10_single_refY_004-raw01-11.jpg,dxy_raw_candidates/masks/GP_Ip_20.0mm_closed_R10_single_refY_004-raw01-11.png,dxy_raw_candidates/ring_fit/json/GP_Ip_20.0mm_closed_R10_single_refY_004-raw01-11.json,circle,B,ok,
580.3564822179297,5027.632717263075,98658.75383435584,19.81987274173389,141.3727880456154,2046.0786042944785,88010.0,2543.0,2608.0,0.7128139085640696,2.0,1289.739227294922,1.0,GP_Ip_20.0mm_closed_R10_single_refY,GP_Ip_20.0mm_closed_R10_single_refY_004,1,198,GP_Ip_20.0mm_closed_R10_single_refY_004-raw01-21,46.03202144831786,7.630618869323827,True,178.56185913085938,0.4321996866293183,0.6654974222183228,19.031487823856363,339.8297847854109,dxy_raw_candidates/images/GP_Ip_20.0mm_closed_R10_single_refY_004-raw01-21.jpg,dxy_raw_candidates/masks/GP_Ip_20.0mm_closed_R10_single_refY_004-raw01-21.png,dxy_raw_candidates/ring_fit/json/GP_Ip_20.0mm_closed_R10_single_refY_004-raw01-21.json,circle,A,ok,
519.2340861613653,2850.387623257396,82491.12928571428,15.87680816680462,68.04352261135668,1493.4921428571429,101484.0,2941.0,2800.0,0.7079326923076923,3.0,1379.207275390625,1.0,GP_Ip_20.0mm_closed_R10_single_refY,GP_Ip_20.0mm_closed_R10_single_refY_004,1,101,GP_Ip_20.0mm_closed_R10_single_refY_004-raw01-08,43.25492701418721,7.696698391635245,True,193.3912048339844,0.4219472906148317,0.7679376602172852,19.31583754860392,373.5513095902032,dxy_raw_candidates/images/GP_Ip_20.0mm_closed_R10_single_refY_004-raw01-08.jpg,dxy_raw_candidates/masks/GP_Ip_20.0mm_closed_R10_single_refY_004-raw01-08.png,dxy_raw_candidates/ring_fit/json/GP_Ip_20.0mm_closed_R10_single_refY_004-raw01-08.json,circle,B,ok,
561.8858724121438,5022.056040756914,89707.14503816795,18.05851003256884,126.37882096069868,2054.9980916030536,87814.0,2748.0,2620.0,0.7317961165048543,2.0,1392.4671630859375,1.0,GP_Ip_20.0mm_closed_R10_single_refY,GP_Ip_20.0mm_closed_R10_single_refY_004,2,325,GP_Ip_20.0mm_closed_R10_single_refY_004-raw02-14,47.497089815097375,7.615157294342319,True,178.5100860595703,0.4192901686145275,0.9358841180801392,19.33316484888513,345.11649209783474,dxy_raw_candidates/images/GP_Ip_20.0mm_closed_R10_single_refY_004-raw02-14.jpg,dxy_raw_candidates/masks/GP_Ip_20.0mm_closed_R10_single_refY_004-raw02-14.png,dxy_raw_candidates/ring_fit/json/GP_Ip_20.0mm_closed_R10_single_refY_004-raw02-14.json,circle,B,ok,
594.8267653352353,4006.8359133126937,94651.27450980392,19.790723074179745,131.59597523219813,2155.4234539969834,89728.0,2584.0,2652.0,0.7098214285714286,2.0,1301.5381469726562,1.0,GP_Ip_20.0mm_closed_R10_single_refY,GP_Ip_20.0mm_closed_R10_single_refY_004,2,400,GP_Ip_20.0mm_closed_R10_single_refY_004-raw02-24,46.44224779361678,7.587104400032471,True,180.156005859375,0.4109944080725446,0.8220480680465698,19.27198751941944,347.19642964703326,dxy_raw_candidates/images/GP_Ip_20.0mm_closed_R10_single_refY_004-raw02-24.jpg,dxy_raw_candidates/masks/GP_Ip_20.0mm_closed_R10_single_refY_004-raw02-24.png,dxy_raw_candidates/ring_fit/json/GP_Ip_20.0mm_closed_R10_single_refY_004-raw02-24.json,circle,A,ok,
614.3643096140977,3943.162077104642,84975.98870481928,19.066540263216595,102.56412273800156,1633.6566265060242,89660.0,2542.0,2656.0,0.7086007702182285,3.0,1286.5676255226135,1.0,GP_Ip_20.0mm_closed_R10_single_refY,GP_Ip_20.0mm_closed_R10_single_refY_004,2,377,GP_Ip_20.0mm_closed_R10_single_refY_004-raw02-21,44.283633312384296,7.606654770840003,True,178.98324584960938,0.4149882303170792,0.8575930595397949,19.370772461021783,346.7043729687907,dxy_raw_candidates/images/GP_Ip_20.0mm_closed_R10_single_refY_004-raw02-21.jpg,dxy_raw_candidates/masks/GP_Ip_20.0mm_closed_R10_single_refY_004-raw02-21.png,dxy_raw_candidates/ring_fit/json/GP_Ip_20.0mm_closed_R10_single_refY_004-raw02-21.json,circle,A,ok,
550.6612797164606,3392.634932259245,93800.598173516,17.720673628835417,88.19040644452582,2010.429604261796,89723.0,2731.0,2628.0,0.7246022031823746,2.0,1375.0234375,1.0,GP_Ip_20.0mm_closed_R10_single_refY,GP_Ip_20.0mm_closed_R10_single_refY_004,3,429,GP_Ip_20.0mm_closed_R10_single_refY_004-raw03-04,45.49196721982485,7.587994291858408,True,180.71829223632807,0.4009426163740573,0.8221400380134583,19.31275744840569,349.0168544450308,dxy_raw_candidates/images/GP_Ip_20.0mm_closed_R10_single_refY_004-raw03-04.jpg,dxy_raw_candidates/masks/GP_Ip_20.0mm_closed_R10_single_refY_004-raw03-04.png,dxy_raw_candidates/ring_fit/json/GP_Ip_20.0mm_closed_R10_single_refY_004-raw03-04.json,circle,B,ok,
551.4356331838765,3345.886654478976,93122.40487062404,17.792489236877913,85.86983546617915,1992.6495433789955,89658.0,2735.0,2628.0,0.725,2.0,1378.78076171875,1.0,GP_Ip_20.0mm_closed_R10_single_refY,GP_Ip_20.0mm_closed_R10_single_refY_004,3,422,GP_Ip_20.0mm_closed_R10_single_refY_004-raw03-03,45.381732829763806,7.587729563886796,True,180.84518432617188,0.4011501013666583,0.8220138549804688,19.30077123834796,349.04515322363164,dxy_raw_candidates/images/GP_Ip_20.0mm_closed_R10_single_refY_004-raw03-03.jpg,dxy_raw_candidates/masks/GP_Ip_20.0mm_closed_R10_single_refY_004-raw03-03.png,dxy_raw_candidates/ring_fit/json/GP_Ip_20.0mm_closed_R10_single_refY_004-raw03-03.json,circle,A,ok,
565.111108656512,2927.30219992281,98282.2659574468,18.66104072548132,94.7093786182941,2178.139817629179,90533.0,2591.0,2632.0,0.7092063492063492,2.0,1305.5382385253906,1.0,GP_Ip_20.0mm_closed_R10_single_refY,GP_Ip_20.0mm_closed_R10_single_refY_004,3,437,GP_Ip_20.0mm_closed_R10_single_refY_004-raw03-05,43.94450084815791,7.583484875407694,True,180.47537231445312,0.4023011561942724,0.832094669342041,19.315888032520483,348.60420842534285,dxy_raw_candidates/images/GP_Ip_20.0mm_closed_R10_single_refY_004-raw03-05.jpg,dxy_raw_candidates/masks/GP_Ip_20.0mm_closed_R10_single_refY_004-raw03-05.png,dxy_raw_candidates/ring_fit/json/GP_Ip_20.0mm_closed_R10_single_refY_004-raw03-05.json,circle,B,ok,
482.62898740900425,4938.057998725303,89402.28681481481,15.129659137063769,152.6529636711281,1643.8242962962963,128028.0,3138.0,3375.0,0.7064029151483602,4.0,1589.930142402649,1.0,GP_Ip_20.0mm_closed_R10_single_refY,GP_Ip_20.0mm_closed_R10_single_refY_004,4,728,GP_Ip_20.0mm_closed_R10_single_refY_004-raw04-20,45.9586196857028,7.630038574023022,True,223.1058959960937,0.4252974488771411,1.2255845069885254,18.64897725451064,416.06967797783767,dxy_raw_candidates/images/GP_Ip_20.0mm_closed_R10_single_refY_004-raw04-20.jpg,dxy_raw_candidates/masks/GP_Ip_20.0mm_closed_R10_single_refY_004-raw04-20.png,dxy_raw_candidates/ring_fit/json/GP_Ip_20.0mm_closed_R10_single_refY_004-raw04-20.json,circle,A,ok,
476.67385490316633,4849.410099710518,70614.71610797982,15.521572394712573,150.21228690897394,1063.7119549095223,130120.0,3109.0,3371.0,0.7089322381930184,3.0,1609.9595626592636,1.0,GP_Ip_20.0mm_closed_R10_single_refY,GP_Ip_20.0mm_closed_R10_single_refY_004,4,720,GP_Ip_20.0mm_closed_R10_single_refY_004-raw04-19,41.11142794385368,7.633056203506187,True,224.2517852783203,0.4244277740032094,1.0475726127624512,18.718675605510946,419.769642258158,dxy_raw_candidates/images/GP_Ip_20.0mm_closed_R10_single_refY_004-raw04-19.jpg,dxy_raw_candidates/masks/GP_Ip_20.0mm_closed_R10_single_refY_004-raw04-19.png,dxy_raw_candidates/ring_fit/json/GP_Ip_20.0mm_closed_R10_single_refY_004-raw04-19.json,circle,A,ok,
508.7307729236678,4880.691738990679,92389.04050785974,13.944079052648425,123.89553198328512,1680.0782950423215,124980.0,3111.0,3308.0,0.7086820083682008,2.0,1579.9889526367188,1.0,GP_Ip_20.0mm_closed_R10_single_refY,GP_Ip_20.0mm_closed_R10_single_refY_004,4,750,GP_Ip_20.0mm_closed_R10_single_refY_004-raw04-23,41.03775709420547,7.625749409975532,True,220.989974975586,0.4223163313739753,1.058097243309021,18.668503076941786,412.5552027805022,dxy_raw_candidates/images/GP_Ip_20.0mm_closed_R10_single_refY_004-raw04-23.jpg,dxy_raw_candidates/masks/GP_Ip_20.0mm_closed_R10_single_refY_004-raw04-23.png,dxy_raw_candidates/ring_fit/json/GP_Ip_20.0mm_closed_R10_single_refY_004-raw04-23.json,circle,B,ok,
531.4615889574906,6303.2436482084695,82542.63141127747,16.875798381945923,175.07328990228012,1590.7085058935968,112728.0,3070.0,3139.0,0.7167290219134153,2.0,1558.533203125,1.0,GP_Ip_20.0mm_closed_R10_single_refY,GP_Ip_20.0mm_closed_R10_single_refY_004,5,901,GP_Ip_20.0mm_closed_R10_single_refY_004-raw05-19,46.20706153963818,7.670897689143503,True,209.0308990478516,0.4443457615482467,0.6188690662384033,18.842299085242608,393.86227179167753,dxy_raw_candidates/images/GP_Ip_20.0mm_closed_R10_single_refY_004-raw05-19.jpg,dxy_raw_candidates/masks/GP_Ip_20.0mm_closed_R10_single_refY_004-raw05-19.png,dxy_raw_candidates/ring_fit/json/GP_Ip_20.0mm_closed_R10_single_refY_004-raw05-19.json,circle,A,ok,
508.7438507900309,6945.931362555216,93494.63970588236,16.435567682032904,205.95378865103635,1782.454963235294,122780.0,2943.0,3264.0,0.6986970684039088,4.0,1502.1189254522324,1.0,GP_Ip_20.0mm_closed_R10_single_refY,GP_Ip_20.0mm_closed_R10_single_refY_004,5,803,GP_Ip_20.0mm_closed_R10_single_refY_004-raw05-06,44.9033451680207,7.622699595389445,True,216.4223480224609,0.4268294323299242,1.0328199863433838,18.908190194201985,409.2154918684472,dxy_raw_candidates/images/GP_Ip_20.0mm_closed_R10_single_refY_004-raw05-06.jpg,dxy_raw_candidates/masks/GP_Ip_20.0mm_closed_R10_single_refY_004-raw05-06.png,dxy_raw_candidates/ring_fit/json/GP_Ip_20.0mm_closed_R10_single_refY_004-raw05-06.json,circle,A,ok,
463.6661043069186,5278.528885832187,81376.03147699758,14.309911590558846,109.99656121045392,1397.5820217917676,123290.0,2908.0,3304.0,0.6951551442569407,3.0,1488.5626220703125,1.0,GP_Ip_20.0mm_closed_R10_single_refY,GP_Ip_20.0mm_closed_R10_single_refY_004,5,826,GP_Ip_20.0mm_closed_R10_single_refY_004-raw05-09,42.54324433521694,7.61983043555659,True,216.9980926513672,0.4287677546832321,1.052666187286377,18.818125777092003,408.3497400902494,dxy_raw_candidates/images/GP_Ip_20.0mm_closed_R10_single_refY_004-raw05-09.jpg,dxy_raw_candidates/masks/GP_Ip_20.0mm_closed_R10_single_refY_004-raw05-09.png,dxy_raw_candidates/ring_fit/json/GP_Ip_20.0mm_closed_R10_single_refY_004-raw05-09.json,circle,A,ok,
421.899003515931,2315.457878315133,61128.7,11.252336363470752,60.69071762870515,805.7809392265193,109786.0,2564.0,3620.0,0.6363636363636364,2.0,1365.4498291015625,1.0,GP_Ip_20.0mm_closed_R10_single_refY,GP_Ip_20.0mm_closed_R10_single_refY_005,1,40,GP_Ip_20.0mm_closed_R10_single_refY_005-raw01-02,33.068821611150106,7.462343744623369,True,230.8193206787109,0.6306060800305641,0.6412866711616516,17.554744058531742,405.1974098278935,dxy_raw_candidates/images/GP_Ip_20.0mm_closed_R10_single_refY_005-raw01-02.jpg,dxy_raw_candidates/masks/GP_Ip_20.0mm_closed_R10_single_refY_005-raw01-02.png,dxy_raw_candidates/ring_fit/json/GP_Ip_20.0mm_closed_R10_single_refY_005-raw01-02.json,circle,A,ok,
413.124874099694,2140.2617924528304,42111.50862068965,12.21767925352996,50.00353773584906,478.0080459770115,105242.0,2544.0,3480.0,0.6422902494331065,2.0,1336.8640747070312,1.0,GP_Ip_20.0mm_closed_R10_single_refY,GP_Ip_20.0mm_closed_R10_single_refY_005,1,51,GP_Ip_20.0mm_closed_R10_single_refY_005-raw01-04,32.563409248333215,7.461675966764048,True,223.652099609375,0.622441204523993,0.8370831608772278,17.819054440527736,398.526893867779,dxy_raw_candidates/images/GP_Ip_20.0mm_closed_R10_single_refY_005-raw01-04.jpg,dxy_raw_candidates/masks/GP_Ip_20.0mm_closed_R10_single_refY_005-raw01-04.png,dxy_raw_candidates/ring_fit/json/GP_Ip_20.0mm_closed_R10_single_refY_005-raw01-04.json,circle,B,ok,
445.4599840340095,2347.784687135639,76937.05308376803,13.268988467938176,57.42052079284881,1158.2516109235962,103971.0,2573.0,3259.0,0.665118978525827,3.0,1345.9646606445312,1.0,GP_Ip_20.0mm_closed_R10_single_refY,GP_Ip_20.0mm_closed_R10_single_refY_005,1,145,GP_Ip_20.0mm_closed_R10_single_refY_005-raw01-22,31.63780923181109,7.5818945096054815,True,216.92100524902344,0.5616738110368172,0.7403950691223145,17.737662934992365,384.767167462689,dxy_raw_candidates/images/GP_Ip_20.0mm_closed_R10_single_refY_005-raw01-22.jpg,dxy_raw_candidates/masks/GP_Ip_20.0mm_closed_R10_single_refY_005-raw01-22.png,dxy_raw_candidates/ring_fit/json/GP_Ip_20.0mm_closed_R10_single_refY_005-raw01-22.json,circle,A,ok,
481.2666185639488,3656.3361603700846,63732.80641330166,15.880399992599582,83.94757131842714,1128.3818289786225,108102.0,2594.0,3368.0,0.6569634703196348,7.0,1346.964552283287,1.0,GP_Ip_20.0mm_closed_R10_single_refY,GP_Ip_20.0mm_closed_R10_single_refY_005,2,187,GP_Ip_20.0mm_closed_R10_single_refY_005-raw02-06,33.13685175949734,7.64671234075222,True,222.69058227539065,0.5717195901204613,0.8525943160057068,17.665590065872156,393.3960538007432,dxy_raw_candidates/images/GP_Ip_20.0mm_closed_R10_single_refY_005-raw02-06.jpg,dxy_raw_candidates/masks/GP_Ip_20.0mm_closed_R10_single_refY_005-raw02-06.png,dxy_raw_candidates/ring_fit/json/GP_Ip_20.0mm_closed_R10_single_refY_005-raw02-06.json,circle,B,ok,
502.8443967472865,3661.7714718123343,75052.15160183066,14.719104456775904,93.30949678395764,1287.7405606407322,114612.0,2643.0,3496.0,0.6554016620498615,7.0,1386.4205322265625,1.0,GP_Ip_20.0mm_closed_R10_single_refY,GP_Ip_20.0mm_closed_R10_single_refY_005,2,250,GP_Ip_20.0mm_closed_R10_single_refY_005-raw02-18,32.050087743913394,7.6526994441555,True,231.24859619140625,0.5734816748629549,0.8191048502922058,17.611798032045176,407.2703571317025,dxy_raw_candidates/images/GP_Ip_20.0mm_closed_R10_single_refY_005-raw02-18.jpg,dxy_raw_candidates/masks/GP_Ip_20.0mm_closed_R10_single_refY_005-raw02-18.png,dxy_raw_candidates/ring_fit/json/GP_Ip_20.0mm_closed_R10_single_refY_005-raw02-18.json,circle,A,ok,
512.8754594751974,3734.971209213052,73845.94372037915,17.111092914073588,95.21151631477927,1131.3284952606634,109908.0,2605.0,3376.0,0.6651532349602725,4.0,1373.449737548828,1.0,GP_Ip_20.0mm_closed_R10_single_refY,GP_Ip_20.0mm_closed_R10_single_refY_005,2,193,GP_Ip_20.0mm_closed_R10_single_refY_005-raw02-07,32.04960503102999,7.653219605144084,True,224.1316375732422,0.5714311149292612,0.9304587244987488,17.68819032127763,396.44830624151314,dxy_raw_candidates/images/GP_Ip_20.0mm_closed_R10_single_refY_005-raw02-07.jpg,dxy_raw_candidates/masks/GP_Ip_20.0mm_closed_R10_single_refY_005-raw02-07.png,dxy_raw_candidates/ring_fit/json/GP_Ip_20.0mm_closed_R10_single_refY_005-raw02-07.json,circle,A,ok,
503.5124057028168,4388.754160363086,69566.71704545454,17.307123330334278,111.7787443267776,1173.3295454545455,115592.0,2644.0,3520.0,0.6579966795794134,5.0,1394.006103515625,1.0,GP_Ip_20.0mm_closed_R10_single_refY,GP_Ip_20.0mm_closed_R10_single_refY_005,3,287,GP_Ip_20.0mm_closed_R10_single_refY_005-raw03-01,33.57882012933683,7.69332674197033,True,232.6180725097656,0.572094244806725,0.8628038167953491,17.626773954254944,410.03061818041294,dxy_raw_candidates/images/GP_Ip_20.0mm_closed_R10_single_refY_005-raw03-01.jpg,dxy_raw_candidates/masks/GP_Ip_20.0mm_closed_R10_single_refY_005-raw03-01.png,dxy_raw_candidates/ring_fit/json/GP_Ip_20.0mm_closed_R10_single_refY_005-raw03-01.json,circle,B,ok,
512.6200216394457,3599.133881824981,62833.76507394767,15.648513576176,88.58937920718026,944.853526734926,116454.0,2674.0,3516.0,0.657707076247943,6.0,1406.319943189621,1.0,GP_Ip_20.0mm_closed_R10_single_refY,GP_Ip_20.0mm_closed_R10_single_refY_005,3,303,GP_Ip_20.0mm_closed_R10_single_refY_005-raw03-04,31.55580553901459,7.699081029998791,True,233.6105499267578,0.5691864824001693,0.959714949131012,17.800001095943767,415.8268044720324,dxy_raw_candidates/images/GP_Ip_20.0mm_closed_R10_single_refY_005-raw03-04.jpg,dxy_raw_candidates/masks/GP_Ip_20.0mm_closed_R10_single_refY_005-raw03-04.png,dxy_raw_candidates/ring_fit/json/GP_Ip_20.0mm_closed_R10_single_refY_005-raw03-04.json,circle,B,ok,
515.4358802559808,3621.655172413793,63918.42987457241,17.10991710690203,94.50449775112445,948.3970923603192,116415.0,2668.0,3508.0,0.6557017543859649,4.0,1403.248991370201,1.0,GP_Ip_20.0mm_closed_R10_single_refY,GP_Ip_20.0mm_closed_R10_single_refY_005,3,292,GP_Ip_20.0mm_closed_R10_single_refY_005-raw03-02,30.74372091740737,7.696971254844701,True,233.5819396972656,0.5691763931586006,0.9161080718040466,17.660351552758122,412.5139171428866,dxy_raw_candidates/images/GP_Ip_20.0mm_closed_R10_single_refY_005-raw03-02.jpg,dxy_raw_candidates/masks/GP_Ip_20.0mm_closed_R10_single_refY_005-raw03-02.png,dxy_raw_candidates/ring_fit/json/GP_Ip_20.0mm_closed_R10_single_refY_005-raw03-02.json,circle,B,ok,
369.8565747911556,1872.9248773121933,43142.78564405113,11.73423445091154,49.927519818799546,526.1954277286136,124734.0,2649.0,4068.0,0.6129518072289156,7.0,1430.63356924057,1.0,GP_Ip_20.0mm_closed_R10_single_refY,GP_Ip_20.0mm_closed_R10_single_refY_005,4,465,GP_Ip_20.0mm_closed_R10_single_refY_005-raw04-11,34.768498215847245,7.544268742275108,True,258.9148864746094,0.6859143252734792,0.7895887494087219,17.117677354074345,443.2021488839158,dxy_raw_candidates/images/GP_Ip_20.0mm_closed_R10_single_refY_005-raw04-11.jpg,dxy_raw_candidates/masks/GP_Ip_20.0mm_closed_R10_single_refY_005-raw04-11.png,dxy_raw_candidates/ring_fit/json/GP_Ip_20.0mm_closed_R10_single_refY_005-raw04-11.json,circle,B,ok,
362.6442629127552,1815.162192816635,43325.89201183432,11.00064934544376,49.04914933837429,518.9129684418145,124741.0,2645.0,4056.0,0.6132596685082873,6.0,1431.2193846702576,1.0,GP_Ip_20.0mm_closed_R10_single_refY,GP_Ip_20.0mm_closed_R10_single_refY_005,4,460,GP_Ip_20.0mm_closed_R10_single_refY_005-raw04-10,33.104902284674,7.542145504255981,True,258.8082580566406,0.6862805015901203,0.7603024244308472,17.16642481215858,444.2812502695064,dxy_raw_candidates/images/GP_Ip_20.0mm_closed_R10_single_refY_005-raw04-10.jpg,dxy_raw_candidates/masks/GP_Ip_20.0mm_closed_R10_single_refY_005-raw04-10.png,dxy_raw_candidates/ring_fit/json/GP_Ip_20.0mm_closed_R10_single_refY_005-raw04-10.json,circle,B,ok,
331.61958692275783,874.8164362519201,31832.81851464435,9.960968927561956,25.357142857142858,331.5149058577406,103661.0,2604.0,3824.0,0.6132315521628499,8.0,1391.437652468681,1.0,GP_Ip_20.0mm_closed_R10_single_refY,GP_Ip_20.0mm_closed_R10_single_refY_005,4,529,GP_Ip_20.0mm_closed_R10_single_refY_005-raw04-23,31.855102774159704,7.42174259932584,True,236.5092010498047,0.7454021411882242,0.6013522148132324,17.270191218804193,408.4559127136738,dxy_raw_candidates/images/GP_Ip_20.0mm_closed_R10_single_refY_005-raw04-23.jpg,dxy_raw_candidates/masks/GP_Ip_20.0mm_closed_R10_single_refY_005-raw04-23.png,dxy_raw_candidates/ring_fit/json/GP_Ip_20.0mm_closed_R10_single_refY_005-raw04-23.json,circle,A,ok,
410.42632816592186,1807.230449251248,97795.65816326533,14.874544461656766,68.9338602329451,1729.0059523809523,89729.0,2404.0,3528.0,0.6098104793756968,3.0,1281.1240218877792,1.0,GP_Ip_20.0mm_closed_R10_single_refY,GP_Ip_20.0mm_closed_R10_single_refY_005,5,658,GP_Ip_20.0mm_closed_R10_single_refY_005-raw05-23,46.05542407845274,7.447197879326859,True,219.2478790283203,0.7301320913492536,0.5397665500640869,17.47547372580252,383.1460549397341,dxy_raw_candidates/images/GP_Ip_20.0mm_closed_R10_single_refY_005-raw05-23.jpg,dxy_raw_candidates/masks/GP_Ip_20.0mm_closed_R10_single_refY_005-raw05-23.png,dxy_raw_candidates/ring_fit/json/GP_Ip_20.0mm_closed_R10_single_refY_005-raw05-23.json,circle,A,ok,
410.4269903367105,1800.3362463587182,97752.15929705216,14.875257743449136,68.95047856845609,1732.2590702947846,89721.0,2403.0,3528.0,0.6098104793756968,3.0,1281.1240218877792,1.0,GP_Ip_20.0mm_closed_R10_single_refY,GP_Ip_20.0mm_closed_R10_single_refY_005,5,664,GP_Ip_20.0mm_closed_R10_single_refY_005-raw05-24,46.04818452196355,7.447179165439866,True,219.2474670410156,0.7301092932412245,0.5382519960403442,17.494860593393824,383.570387133728,dxy_raw_candidates/images/GP_Ip_20.0mm_closed_R10_single_refY_005-raw05-24.jpg,dxy_raw_candidates/masks/GP_Ip_20.0mm_closed_R10_single_refY_005-raw05-24.png,dxy_raw_candidates/ring_fit/json/GP_Ip_20.0mm_closed_R10_single_refY_005-raw05-24.json,circle,B,ok,
373.820728168147,1501.609798023206,80489.19460067492,12.841548676457656,39.41813493768801,1208.900449943757,90968.0,2327.0,3556.0,0.6059250978200111,4.0,1268.4670989513395,1.0,GP_Ip_20.0mm_closed_R10_single_refY,GP_Ip_20.0mm_closed_R10_single_refY_005,5,653,GP_Ip_20.0mm_closed_R10_single_refY_005-raw05-22,42.10161113690858,7.443888481282831,True,220.9962921142578,0.7330970556161396,0.6387020945549011,17.453474192533097,385.7153081061704,dxy_raw_candidates/images/GP_Ip_20.0mm_closed_R10_single_refY_005-raw05-22.jpg,dxy_raw_candidates/masks/GP_Ip_20.0mm_closed_R10_single_refY_005-raw05-22.png,dxy_raw_candidates/ring_fit/json/GP_Ip_20.0mm_closed_R10_single_refY_005-raw05-22.json,circle,B,ok,
753.9214914169692,1235.8265306122448,5667.280565371025,14.133513812834554,30.79251700680272,62.04893992932863,16253.0,1176.0,5660.0,1.0,1.0,490.274169921875,1.0,GP_Ip_4.0mm_closed_R10_single_refY,GP_Ip_4.0mm_closed_R10_single_refY_004,1,82,GP_Ip_4.0mm_closed_R10_single_refY_004-raw01-05,10.996249917941626,7.909990402482586,True,360.2731018066406,0.6342430519195914,1.4217910766601562,4.380595148215283,157.8210601806644,dxy_raw_candidates/images/GP_Ip_4.0mm_closed_R10_single_refY_004-raw01-05.jpg,dxy_raw_candidates/masks/GP_Ip_4.0mm_closed_R10_single_refY_004-raw01-05.png,dxy_raw_candidates/ring_fit/json/GP_Ip_4.0mm_closed_R10_single_refY_004-raw01-05.json,ellipse,B,ok,
780.9496834823468,1355.003533568905,6121.280708092486,10.413104483456245,18.84540636042403,60.78865606936416,15323.0,1132.0,5536.0,1.0,1.0,474.7177734375,1.0,GP_Ip_4.0mm_closed_R10_single_refY,GP_Ip_4.0mm_closed_R10_single_refY_004,1,74,GP_Ip_4.0mm_closed_R10_single_refY_004-raw01-04,10.597954462252725,7.887485152741096,True,351.9573059082031,0.6294448654594509,1.3751819133758545,3.9943319794954095,140.5834322406186,dxy_raw_candidates/images/GP_Ip_4.0mm_closed_R10_single_refY_004-raw01-04.jpg,dxy_raw_candidates/masks/GP_Ip_4.0mm_closed_R10_single_refY_004-raw01-04.png,dxy_raw_candidates/ring_fit/json/GP_Ip_4.0mm_closed_R10_single_refY_004-raw01-04.json,circle,A,ok,
534.6624515016525,599.4909090909091,5034.412922173275,9.008047133208796,15.667424242424245,50.501027900146845,20877.0,1320.0,6810.0,1.0,1.0,552.9015502929688,1.0,GP_Ip_4.0mm_closed_R10_single_refY,GP_Ip_4.0mm_closed_R10_single_refY_004,1,197,GP_Ip_4.0mm_closed_R10_single_refY_004-raw01-20,9.934674368921913,7.864327910524551,True,409.0270690917969,0.6913978143500011,1.7132354974746704,4.356190730149275,178.17999267578165,dxy_raw_candidates/images/GP_Ip_4.0mm_closed_R10_single_refY_004-raw01-20.jpg,dxy_raw_candidates/masks/GP_Ip_4.0mm_closed_R10_single_refY_004-raw01-20.png,dxy_raw_candidates/ring_fit/json/GP_Ip_4.0mm_closed_R10_single_refY_004-raw01-20.json,ellipse,A,ok,
580.5855045002369,604.2717391304348,8243.2776152158,12.1403532516749,16.304347826086957,108.15197512801755,14777.0,1104.0,5468.0,1.0,1.0,463.0609436035156,1.0,GP_Ip_4.0mm_closed_R10_single_refY,GP_Ip_4.0mm_closed_R10_single_refY_004,2,342,GP_Ip_4.0mm_closed_R10_single_refY_004-raw02-15,16.40804357409888,7.664711445542512,True,337.0346374511719,0.7223612452825098,1.471871852874756,4.109154028631362,138.49272382707954,dxy_raw_candidates/images/GP_Ip_4.0mm_closed_R10_single_refY_004-raw02-15.jpg,dxy_raw_candidates/masks/GP_Ip_4.0mm_closed_R10_single_refY_004-raw02-15.png,dxy_raw_candidates/ring_fit/json/GP_Ip_4.0mm_closed_R10_single_refY_004-raw02-15.json,circle,B,ok,
554.2332179461074,528.6299638989169,7316.594852941176,12.526640874227924,19.353790613718413,93.2235294117647,14733.0,1108.0,5440.0,1.0,1.0,463.8893737792969,1.0,GP_Ip_4.0mm_closed_R10_single_refY,GP_Ip_4.0mm_closed_R10_single_refY_004,2,350,GP_Ip_4.0mm_closed_R10_single_refY_004-raw02-16,15.361690105819704,7.667805559566931,True,335.26763916015625,0.7271993005346463,1.5143142938613892,4.135695560977344,138.6564887014015,dxy_raw_candidates/images/GP_Ip_4.0mm_closed_R10_single_refY_004-raw02-16.jpg,dxy_raw_candidates/masks/GP_Ip_4.0mm_closed_R10_single_refY_004-raw02-16.png,dxy_raw_candidates/ring_fit/json/GP_Ip_4.0mm_closed_R10_single_refY_004-raw02-16.json,circle,B,ok,
622.3273916388817,546.6338893766462,7770.065279770445,12.841497819953837,17.96663740122915,102.85473457675754,15596.0,1139.0,5576.0,1.0,1.0,478.1320190429688,1.0,GP_Ip_4.0mm_closed_R10_single_refY,GP_Ip_4.0mm_closed_R10_single_refY_004,2,335,GP_Ip_4.0mm_closed_R10_single_refY_004-raw02-14,15.271592435182177,7.699024331916645,True,343.84686279296875,0.7222331763043749,1.513871669769287,4.135151832190291,142.1858984671231,dxy_raw_candidates/images/GP_Ip_4.0mm_closed_R10_single_refY_004-raw02-14.jpg,dxy_raw_candidates/masks/GP_Ip_4.0mm_closed_R10_single_refY_004-raw02-14.png,dxy_raw_candidates/ring_fit/json/GP_Ip_4.0mm_closed_R10_single_refY_004-raw02-14.json,circle,B,ok,
827.1672197374116,960.8897058823528,12250.935714285712,20.54111960756024,25.424632352941178,182.7798872180451,13862.0,1088.0,5320.0,1.0,1.0,449.7888793945313,1.0,GP_Ip_4.0mm_closed_R10_single_refY,GP_Ip_4.0mm_closed_R10_single_refY_004,3,450,GP_Ip_4.0mm_closed_R10_single_refY_004-raw03-05,21.093308130842367,7.561344876627032,True,325.0312805175781,0.7416786860630491,1.6162173748016355,4.146587576806991,134.77706698678597,dxy_raw_candidates/images/GP_Ip_4.0mm_closed_R10_single_refY_004-raw03-05.jpg,dxy_raw_candidates/masks/GP_Ip_4.0mm_closed_R10_single_refY_004-raw03-05.png,dxy_raw_candidates/ring_fit/json/GP_Ip_4.0mm_closed_R10_single_refY_004-raw03-05.json,circle,A,ok,
660.5095234620156,681.6863468634687,9371.701966717095,14.746186966357731,18.33579335793358,122.85930408472012,13703.0,1084.0,5288.0,1.0,1.0,448.3746643066406,1.0,GP_Ip_4.0mm_closed_R10_single_refY,GP_Ip_4.0mm_closed_R10_single_refY_004,3,442,GP_Ip_4.0mm_closed_R10_single_refY_004-raw03-04,18.139401698631712,7.549991415945513,True,322.751220703125,0.7384677357721506,1.598052978515625,4.120822420837179,133.00004666260097,dxy_raw_candidates/images/GP_Ip_4.0mm_closed_R10_single_refY_004-raw03-04.jpg,dxy_raw_candidates/masks/GP_Ip_4.0mm_closed_R10_single_refY_004-raw03-04.png,dxy_raw_candidates/ring_fit/json/GP_Ip_4.0mm_closed_R10_single_refY_004-raw03-04.json,circle,B,ok,
905.0279776179055,2392.810954063604,11643.536807580174,23.00646149746869,80.10777385159011,199.8682580174927,15012.0,1132.0,5488.0,1.0,1.0,467.6883544921875,1.0,GP_Ip_4.0mm_closed_R10_single_refY,GP_Ip_4.0mm_closed_R10_single_refY_004,3,588,GP_Ip_4.0mm_closed_R10_single_refY_004-raw03-23,18.097307719919414,7.56720643490341,True,336.35333251953125,0.727794092330736,1.882789969444275,4.161035629146356,139.9578200595883,dxy_raw_candidates/images/GP_Ip_4.0mm_closed_R10_single_refY_004-raw03-23.jpg,dxy_raw_candidates/masks/GP_Ip_4.0mm_closed_R10_single_refY_004-raw03-23.png,dxy_raw_candidates/ring_fit/json/GP_Ip_4.0mm_closed_R10_single_refY_004-raw03-23.json,circle,B,ok,
775.4245537567456,2277.546439628483,7476.61223880597,22.01214196762142,83.63699690402477,149.13014925373133,19272.0,1292.0,6700.0,1.0,1.0,533.043701171875,1.0,GP_Ip_4.0mm_closed_R10_single_refY,GP_Ip_4.0mm_closed_R10_single_refY_004,4,772,GP_Ip_4.0mm_closed_R10_single_refY_004-raw04-23,31.6680282681677,7.432550515794554,True,384.3470153808594,0.8005518648077952,2.0844409465789795,4.119401338169188,158.32796094812483,dxy_raw_candidates/images/GP_Ip_4.0mm_closed_R10_single_refY_004-raw04-23.jpg,dxy_raw_candidates/masks/GP_Ip_4.0mm_closed_R10_single_refY_004-raw04-23.png,dxy_raw_candidates/ring_fit/json/GP_Ip_4.0mm_closed_R10_single_refY_004-raw04-23.json,circle,B,ok,
750.7795222550391,2265.6801242236024,7470.054062126643,21.31514586247992,82.99767080745342,148.10797491039426,19299.0,1288.0,6696.0,1.0,1.0,532.21533203125,1.0,GP_Ip_4.0mm_closed_R10_single_refY,GP_Ip_4.0mm_closed_R10_single_refY_004,4,764,GP_Ip_4.0mm_closed_R10_single_refY_004-raw04-22,30.057908141920294,7.428696441862575,True,384.25433349609375,0.8012390383516494,2.135060310363769,4.123155846810818,158.4340501816815,dxy_raw_candidates/images/GP_Ip_4.0mm_closed_R10_single_refY_004-raw04-22.jpg,dxy_raw_candidates/masks/GP_Ip_4.0mm_closed_R10_single_refY_004-raw04-22.png,dxy_raw_candidates/ring_fit/json/GP_Ip_4.0mm_closed_R10_single_refY_004-raw04-22.json,circle,B,ok,
1034.2890294255997,3247.7758484609312,7332.726919048331,29.42805623791355,85.82636148382005,135.16684123896454,19133.0,1267.0,6683.0,1.0,1.0,529.2447509765625,1.0,GP_Ip_4.0mm_closed_R10_single_refY,GP_Ip_4.0mm_closed_R10_single_refY_004,4,756,GP_Ip_4.0mm_closed_R10_single_refY_004-raw04-21,27.93616642235651,7.430959224857453,True,382.7769165039063,0.7988794438767257,2.101404190063477,4.120704454688754,157.73105449896764,dxy_raw_candidates/images/GP_Ip_4.0mm_closed_R10_single_refY_004-raw04-21.jpg,dxy_raw_candidates/masks/GP_Ip_4.0mm_closed_R10_single_refY_004-raw04-21.png,dxy_raw_candidates/ring_fit/json/GP_Ip_4.0mm_closed_R10_single_refY_004-raw04-21.json,circle,B,ok,
1296.9907170597708,2608.9228486646884,7009.016241299304,46.06592782040352,67.89317507418397,117.66908352668212,21114.0,1348.0,6896.0,1.0,1.0,556.357421875,1.0,GP_Ip_4.0mm_closed_R10_single_refY,GP_Ip_4.0mm_closed_R10_single_refY_004,5,826,GP_Ip_4.0mm_closed_R10_single_refY_004-raw05-06,36.294752967400015,7.410643722839552,True,400.3786315917969,0.7703363056891003,2.004557132720948,4.143135373555505,165.88228713637218,dxy_raw_candidates/images/GP_Ip_4.0mm_closed_R10_single_refY_004-raw05-06.jpg,dxy_raw_candidates/masks/GP_Ip_4.0mm_closed_R10_single_refY_004-raw05-06.png,dxy_raw_candidates/ring_fit/json/GP_Ip_4.0mm_closed_R10_single_refY_004-raw05-06.json,circle,A,ok,
1104.7511136385176,2293.091988130564,7150.057026476578,38.15576722585537,88.74035608308606,129.79706139074776,21102.0,1348.0,6874.0,1.0,1.0,558.1148071289062,1.0,GP_Ip_4.0mm_closed_R10_single_refY,GP_Ip_4.0mm_closed_R10_single_refY_004,5,833,GP_Ip_4.0mm_closed_R10_single_refY_004-raw05-07,33.48823675832749,7.417816961665203,True,398.1221008300781,0.7728866441465265,2.2722103595733643,4.161664178013265,165.68504854999244,dxy_raw_candidates/images/GP_Ip_4.0mm_closed_R10_single_refY_004-raw05-07.jpg,dxy_raw_candidates/masks/GP_Ip_4.0mm_closed_R10_single_refY_004-raw05-07.png,dxy_raw_candidates/ring_fit/json/GP_Ip_4.0mm_closed_R10_single_refY_004-raw05-07.json,circle,A,ok,
1268.0653880930852,3829.989552238806,7736.156914503593,41.89715890163232,134.85671641791043,132.93371462091216,21013.0,1340.0,6819.0,1.0,1.0,554.11474609375,1.0,GP_Ip_4.0mm_closed_R10_single_refY,GP_Ip_4.0mm_closed_R10_single_refY_004,5,841,GP_Ip_4.0mm_closed_R10_single_refY_004-raw05-08,33.18740546044128,7.40882554622871,True,398.4485168457031,0.7622441812117673,2.20605993270874,4.144661236352332,165.143412245247,dxy_raw_candidates/images/GP_Ip_4.0mm_closed_R10_single_refY_004-raw05-08.jpg,dxy_raw_candidates/masks/GP_Ip_4.0mm_closed_R10_single_refY_004-raw05-08.png,dxy_raw_candidates/ring_fit/json/GP_Ip_4.0mm_closed_R10_single_refY_004-raw05-08.json,circle,B,ok,
534.7492681383021,751.140625,10858.791695743195,10.596566184033549,50.3935546875,183.8606071179344,12639.0,1024.0,5732.0,1.0,1.0,429.5045776367188,1.0,GP_Ip_4.0mm_closed_R10_single_refY,GP_Ip_4.0mm_closed_R10_single_refY_005,1,232,GP_Ip_4.0mm_closed_R10_single_refY_005-raw01-24,26.40641682716181,7.277594523734184,True,321.8753356933594,0.9323847970309684,1.0317240953445437,3.997859702842012,128.6812433907229,dxy_raw_candidates/images/GP_Ip_4.0mm_closed_R10_single_refY_005-raw01-24.jpg,dxy_raw_candidates/masks/GP_Ip_4.0mm_closed_R10_single_refY_005-raw01-24.png,dxy_raw_candidates/ring_fit/json/GP_Ip_4.0mm_closed_R10_single_refY_005-raw01-24.json,circle,A,ok,
529.4375049725516,859.37109375,9960.298954703832,10.955048134298671,28.755859375,182.26742160278744,12569.0,1024.0,5740.0,1.0,1.0,426.57568359375,1.0,GP_Ip_4.0mm_closed_R10_single_refY,GP_Ip_4.0mm_closed_R10_single_refY_005,1,224,GP_Ip_4.0mm_closed_R10_single_refY_005-raw01-23,25.11525339958284,7.285324103119465,True,321.94317626953125,0.9308648635760508,0.993365466594696,3.985064817075672,128.2964424849302,dxy_raw_candidates/images/GP_Ip_4.0mm_closed_R10_single_refY_005-raw01-23.jpg,dxy_raw_candidates/masks/GP_Ip_4.0mm_closed_R10_single_refY_005-raw01-23.png,dxy_raw_candidates/ring_fit/json/GP_Ip_4.0mm_closed_R10_single_refY_005-raw01-23.json,circle,A,ok,
549.9718596107247,1176.372586872587,9565.664804469274,13.379113577737826,44.86389961389961,151.16078910614524,12793.0,1036.0,5728.0,1.0,1.0,431.4041137695313,1.0,GP_Ip_4.0mm_closed_R10_single_refY,GP_Ip_4.0mm_closed_R10_single_refY_005,1,216,GP_Ip_4.0mm_closed_R10_single_refY_005-raw01-22,25.006715457067365,7.292398121375695,True,322.6918334960937,0.9344320836192234,0.8854737281799316,4.007692730395162,129.32497152601826,dxy_raw_candidates/images/GP_Ip_4.0mm_closed_R10_single_refY_005-raw01-22.jpg,dxy_raw_candidates/masks/GP_Ip_4.0mm_closed_R10_single_refY_005-raw01-22.png,dxy_raw_candidates/ring_fit/json/GP_Ip_4.0mm_closed_R10_single_refY_005-raw01-22.json,circle,A,ok,
658.0925002113808,377.974,13036.38565340909,17.40373721146529,25.123,321.0919744318182,11827.0,1000.0,5632.0,1.0,1.0,415.1614685058594,1.0,GP_Ip_4.0mm_closed_R10_single_refY,GP_Ip_4.0mm_closed_R10_single_refY_005,2,358,GP_Ip_4.0mm_closed_R10_single_refY_005-raw02-16,44.60823346533127,7.193310820813991,True,315.3992004394531,0.9289014172810862,0.9686998128890992,3.944238979494605,124.40098204747233,dxy_raw_candidates/images/GP_Ip_4.0mm_closed_R10_single_refY_005-raw02-16.jpg,dxy_raw_candidates/masks/GP_Ip_4.0mm_closed_R10_single_refY_005-raw02-16.png,dxy_raw_candidates/ring_fit/json/GP_Ip_4.0mm_closed_R10_single_refY_005-raw02-16.json,circle,B,ok,
686.8917863964787,317.72222222222223,11380.947812335266,20.52603604351798,19.36805555555556,291.4155684413987,12041.0,1008.0,5691.0,1.0,1.0,416.81829833984375,1.0,GP_Ip_4.0mm_closed_R10_single_refY,GP_Ip_4.0mm_closed_R10_single_refY_005,2,381,GP_Ip_4.0mm_closed_R10_single_refY_005-raw02-19,44.48372608324216,7.172031444817517,True,318.98162841796875,0.9219460358308658,0.974140763282776,3.93630386489932,125.5608616773532,dxy_raw_candidates/images/GP_Ip_4.0mm_closed_R10_single_refY_005-raw02-19.jpg,dxy_raw_candidates/masks/GP_Ip_4.0mm_closed_R10_single_refY_005-raw02-19.png,dxy_raw_candidates/ring_fit/json/GP_Ip_4.0mm_closed_R10_single_refY_005-raw02-19.json,circle,A,ok,
653.0510438858116,326.08232931726906,10804.550347531636,18.004772049424798,31.045180722891565,252.1406166458742,11735.0,996.0,5611.0,1.0,1.0,413.1614990234375,1.0,GP_Ip_4.0mm_closed_R10_single_refY,GP_Ip_4.0mm_closed_R10_single_refY_005,2,350,GP_Ip_4.0mm_closed_R10_single_refY_005-raw02-15,42.53798172183565,7.204032713895378,True,313.8548583984375,0.931347026653504,0.8661786913871765,3.951058491178229,124.0058903272688,dxy_raw_candidates/images/GP_Ip_4.0mm_closed_R10_single_refY_005-raw02-15.jpg,dxy_raw_candidates/masks/GP_Ip_4.0mm_closed_R10_single_refY_005-raw02-15.png,dxy_raw_candidates/ring_fit/json/GP_Ip_4.0mm_closed_R10_single_refY_005-raw02-15.json,circle,A,ok,
416.127410109432,405.273851590106,12929.408715012723,10.7985278791037,22.18021201413428,276.13438295165395,15352.0,1132.0,6288.0,1.0,1.0,472.96044921875,1.0,GP_Ip_4.0mm_closed_R10_single_refY,GP_Ip_4.0mm_closed_R10_single_refY_005,3,569,GP_Ip_4.0mm_closed_R10_single_refY_005-raw03-19,52.128015381140784,7.056338186619416,True,352.7115783691406,0.9461725847606058,1.1363420486450195,4.009294166588162,141.41244736435027,dxy_raw_candidates/images/GP_Ip_4.0mm_closed_R10_single_refY_005-raw03-19.jpg,dxy_raw_candidates/masks/GP_Ip_4.0mm_closed_R10_single_refY_005-raw03-19.png,dxy_raw_candidates/ring_fit/json/GP_Ip_4.0mm_closed_R10_single_refY_005-raw03-19.json,circle,B,ok,
429.55344418052255,398.2039007092199,13256.748894504106,12.667392451834257,22.023936170212767,222.2239418825016,15156.0,1128.0,6332.0,1.0,1.0,469.2030944824219,1.0,GP_Ip_4.0mm_closed_R10_single_refY,GP_Ip_4.0mm_closed_R10_single_refY_005,3,561,GP_Ip_4.0mm_closed_R10_single_refY_005-raw03-18,51.40073676188785,7.059658041718811,True,357.01934814453125,0.9328870582942146,1.1906108856201172,3.941374816673664,140.7147067842105,dxy_raw_candidates/images/GP_Ip_4.0mm_closed_R10_single_refY_005-raw03-18.jpg,dxy_raw_candidates/masks/GP_Ip_4.0mm_closed_R10_single_refY_005-raw03-18.png,dxy_raw_candidates/ring_fit/json/GP_Ip_4.0mm_closed_R10_single_refY_005-raw03-18.json,circle,A,ok,
449.0083522175461,647.3947368421053,15819.893583227446,11.794496600841695,27.16140350877193,295.26254764930115,15445.0,1140.0,6296.0,1.0,1.0,474.031494140625,1.0,GP_Ip_4.0mm_closed_R10_single_refY,GP_Ip_4.0mm_closed_R10_single_refY_005,3,530,GP_Ip_4.0mm_closed_R10_single_refY_005-raw03-14,49.61586544785558,7.084785500508332,True,356.4505615234375,0.934431327741638,1.1917845010757446,3.98291691319967,141.9712970211222,dxy_raw_candidates/images/GP_Ip_4.0mm_closed_R10_single_refY_005-raw03-14.jpg,dxy_raw_candidates/masks/GP_Ip_4.0mm_closed_R10_single_refY_005-raw03-14.png,dxy_raw_candidates/ring_fit/json/GP_Ip_4.0mm_closed_R10_single_refY_005-raw03-14.json,circle,B,ok,
485.5718293730318,1670.311475409836,8014.746916332293,13.539249928428283,45.71639344262295,169.66205974141775,17465.0,1220.0,6729.0,1.0,1.0,506.416259765625,1.0,GP_Ip_4.0mm_closed_R10_single_refY,GP_Ip_4.0mm_closed_R10_single_refY_005,4,663,GP_Ip_4.0mm_closed_R10_single_refY_005-raw04-07,48.27230613026091,6.835199577510459,True,369.9772033691406,0.9871060121098668,1.3361514806747437,4.073466379808567,150.70896992197916,dxy_raw_candidates/images/GP_Ip_4.0mm_closed_R10_single_refY_005-raw04-07.jpg,dxy_raw_candidates/masks/GP_Ip_4.0mm_closed_R10_single_refY_005-raw04-07.png,dxy_raw_candidates/ring_fit/json/GP_Ip_4.0mm_closed_R10_single_refY_005-raw04-07.json,circle,B,ok,
521.7408279267382,2496.940983606557,10879.140142517816,17.244473789975313,79.98524590163935,210.14711995249405,17417.0,1220.0,6736.0,1.0,1.0,505.83050537109375,1.0,GP_Ip_4.0mm_closed_R10_single_refY,GP_Ip_4.0mm_closed_R10_single_refY_005,4,671,GP_Ip_4.0mm_closed_R10_single_refY_005-raw04-08,48.2147684827722,6.838841355451198,True,371.8962707519531,0.9781136718127657,1.275447964668274,4.045067287927441,150.4345439320933,dxy_raw_candidates/images/GP_Ip_4.0mm_closed_R10_single_refY_005-raw04-08.jpg,dxy_raw_candidates/masks/GP_Ip_4.0mm_closed_R10_single_refY_005-raw04-08.png,dxy_raw_candidates/ring_fit/json/GP_Ip_4.0mm_closed_R10_single_refY_005-raw04-08.json,circle,B,ok,
503.7795556578796,279.7384105960265,9512.928276269186,16.77972832968804,19.92798013245033,177.73332349468714,17374.0,1208.0,6776.0,1.0,1.0,505.1025695800781,1.0,GP_Ip_4.0mm_closed_R10_single_refY,GP_Ip_4.0mm_closed_R10_single_refY_005,4,686,GP_Ip_4.0mm_closed_R10_single_refY_005-raw04-10,45.43085718243916,6.818320551805183,True,374.60491943359375,0.9865442488503444,1.2796266078948977,4.01086915189849,150.24913155056234,dxy_raw_candidates/images/GP_Ip_4.0mm_closed_R10_single_refY_005-raw04-10.jpg,dxy_raw_candidates/masks/GP_Ip_4.0mm_closed_R10_single_refY_005-raw04-10.png,dxy_raw_candidates/ring_fit/json/GP_Ip_4.0mm_closed_R10_single_refY_005-raw04-10.json,circle,B,ok,
1000.0385875500546,541.731884057971,15687.882202849243,36.54750637058609,40.54347826086956,500.3793323410589,8241.0,828.0,4703.0,1.0,1.0,346.73504638671875,1.0,GP_Ip_4.0mm_closed_R10_single_refY,GP_Ip_4.0mm_closed_R10_single_refY_005,5,984,GP_Ip_4.0mm_closed_R10_single_refY_005-raw05-24,82.26448131629098,6.805726628404377,True,258.0690002441406,0.9599942245998422,0.8893259763717651,4.036455380007653,104.16840044486602,dxy_raw_candidates/images/GP_Ip_4.0mm_closed_R10_single_refY_005-raw05-24.jpg,dxy_raw_candidates/masks/GP_Ip_4.0mm_closed_R10_single_refY_005-raw05-24.png,dxy_raw_candidates/ring_fit/json/GP_Ip_4.0mm_closed_R10_single_refY_005-raw05-24.json,circle,A,ok,
928.5604382517566,379.3056872037915,12550.33956198513,29.05335238775753,35.247630331753555,363.27285513361466,8397.0,844.0,4977.0,0.956953642384106,1.0,331.9066162109375,0.9938755831226708,GP_Ip_4.0mm_closed_R10_single_refY,GP_Ip_4.0mm_closed_R10_single_refY_005,5,976,GP_Ip_4.0mm_closed_R10_single_refY_005-raw05-23,71.76639578085889,6.810265877391746,True,260.8514709472656,0.9702853486044336,1.1063309907913208,4.025554765726887,105.00718820186344,dxy_raw_candidates/images/GP_Ip_4.0mm_closed_R10_single_refY_005-raw05-23.jpg,dxy_raw_candidates/masks/GP_Ip_4.0mm_closed_R10_single_refY_005-raw05-23.png,dxy_raw_candidates/ring_fit/json/GP_Ip_4.0mm_closed_R10_single_refY_005-raw05-23.json,circle,A,ok,
1030.2165975103735,539.340782122905,8467.557098765432,29.639834024896267,77.35083798882681,212.7841435185185,9640.0,895.0,5184.0,1.0,1.0,375.4629821777344,0.9989673058417632,GP_Ip_4.0mm_closed_R10_single_refY,GP_Ip_4.0mm_closed_R10_single_refY_005,5,953,GP_Ip_4.0mm_closed_R10_single_refY_005-raw05-20,64.87715690225556,6.79334340052087,True,280.18707275390625,0.9666381445237268,0.838790237903595,4.015230820920017,112.5015770144845,dxy_raw_candidates/images/GP_Ip_4.0mm_closed_R10_single_refY_005-raw05-20.jpg,dxy_raw_candidates/masks/GP_Ip_4.0mm_closed_R10_single_refY_005-raw05-20.png,dxy_raw_candidates/ring_fit/json/GP_Ip_4.0mm_closed_R10_single_refY_005-raw05-20.json,circle,B,ok,
898.1046217670319,699.5294117647059,5482.391580161477,14.881247164063009,29.298319327731093,60.43425605536332,15427.0,238.0,3468.0,0.9733333333333334,4.0,503.587869644165,1.0,GP_Ip_4.0mm_closed_R5_single_refY,GP_Ip_4.0mm_closed_R5_single_refY_005,1,202,GP_Ip_4.0mm_closed_R5_single_refY_005-raw01-24,12.249875155271129,7.6837615179309,False,181.8080291748047,0.8328874317198206,3.769950389862061,,,dxy_raw_candidates/images/GP_Ip_4.0mm_closed_R5_single_refY_005-raw01-24.jpg,dxy_raw_candidates/masks/GP_Ip_4.0mm_closed_R5_single_refY_005-raw01-24.png,dxy_raw_candidates/ring_fit/json/GP_Ip_4.0mm_closed_R5_single_refY_005-raw01-24.json,none,none,ok,
813.9757065544197,1028.008,5901.1083263714845,16.41310883944678,39.344,74.7198551935394,16630.0,250.0,3591.0,0.974025974025974,4.0,519.315788269043,1.0,GP_Ip_4.0mm_closed_R5_single_refY,GP_Ip_4.0mm_closed_R5_single_refY_005,1,168,GP_Ip_4.0mm_closed_R5_single_refY_005-raw01-19,12.215003173770434,7.724903723215842,False,188.02999877929688,0.8326461929330813,3.912982702255249,,,dxy_raw_candidates/images/GP_Ip_4.0mm_closed_R5_single_refY_005-raw01-19.jpg,dxy_raw_candidates/masks/GP_Ip_4.0mm_closed_R5_single_refY_005-raw01-19.png,dxy_raw_candidates/ring_fit/json/GP_Ip_4.0mm_closed_R5_single_refY_005-raw01-19.json,none,none,ok,
882.8296703296703,974.8661417322836,5717.196523689375,16.555860805860807,25.88188976377953,71.32296047098401,16380.0,254.0,3567.0,0.967391304347826,5.0,509.17365741729736,1.0,GP_Ip_4.0mm_closed_R5_single_refY,GP_Ip_4.0mm_closed_R5_single_refY_005,1,182,GP_Ip_4.0mm_closed_R5_single_refY_005-raw01-21,12.023645588514537,7.6987864683375555,False,185.24717712402344,0.8258451302118723,3.5958807468414307,,,dxy_raw_candidates/images/GP_Ip_4.0mm_closed_R5_single_refY_005-raw01-21.jpg,dxy_raw_candidates/masks/GP_Ip_4.0mm_closed_R5_single_refY_005-raw01-21.png,dxy_raw_candidates/ring_fit/json/GP_Ip_4.0mm_closed_R5_single_refY_005-raw01-21.json,none,none,ok,
1103.5718973946823,320.1868131868132,7114.348008385744,25.53325296363271,15.478021978021978,119.27283617849656,14931.0,182.0,3339.0,0.9373601789709172,8.0,466.9188265800476,1.0,GP_Ip_4.0mm_closed_R5_single_refY,GP_Ip_4.0mm_closed_R5_single_refY_005,2,339,GP_Ip_4.0mm_closed_R5_single_refY_005-raw02-20,16.60109876966005,7.586588424314732,False,173.4949188232422,0.830822169874637,3.1347248554229736,,,dxy_raw_candidates/images/GP_Ip_4.0mm_closed_R5_single_refY_005-raw02-20.jpg,dxy_raw_candidates/masks/GP_Ip_4.0mm_closed_R5_single_refY_005-raw02-20.png,dxy_raw_candidates/ring_fit/json/GP_Ip_4.0mm_closed_R5_single_refY_005-raw02-20.json,none,none,ok,
875.9718940936864,336.5925925925926,7690.75210589651,23.433740665308893,15.253968253968257,138.8143802647413,14730.0,189.0,3324.0,0.9260089686098656,11.0,457.5046437978745,1.0,GP_Ip_4.0mm_closed_R5_single_refY,GP_Ip_4.0mm_closed_R5_single_refY_005,2,353,GP_Ip_4.0mm_closed_R5_single_refY_005-raw02-22,16.519748181830515,7.576668950218598,False,179.810546875,0.7798249228570677,3.7446889877319336,,,dxy_raw_candidates/images/GP_Ip_4.0mm_closed_R5_single_refY_005-raw02-22.jpg,dxy_raw_candidates/masks/GP_Ip_4.0mm_closed_R5_single_refY_005-raw02-22.png,dxy_raw_candidates/ring_fit/json/GP_Ip_4.0mm_closed_R5_single_refY_005-raw02-22.json,none,none,ok,
1218.6260742122442,264.43093922651934,7567.451263537906,28.70061954566652,16.34254143646409,118.36432009626957,15011.0,181.0,3324.0,0.9550561797752808,7.0,476.8183250427246,1.0,GP_Ip_4.0mm_closed_R5_single_refY,GP_Ip_4.0mm_closed_R5_single_refY_005,2,346,GP_Ip_4.0mm_closed_R5_single_refY_005-raw02-21,16.136708976650237,7.581269445086891,False,174.4938201904297,0.8161177004641008,3.1969704627990723,,,dxy_raw_candidates/images/GP_Ip_4.0mm_closed_R5_single_refY_005-raw02-21.jpg,dxy_raw_candidates/masks/GP_Ip_4.0mm_closed_R5_single_refY_005-raw02-21.png,dxy_raw_candidates/ring_fit/json/GP_Ip_4.0mm_closed_R5_single_refY_005-raw02-21.json,none,none,ok,
984.4496639739324,249.26486486486488,10949.999386503068,21.76220215871292,13.97837837837838,155.21748466257668,14731.0,185.0,3260.0,0.9435665914221218,5.0,464.7767105102539,1.0,GP_Ip_4.0mm_closed_R5_single_refY,GP_Ip_4.0mm_closed_R5_single_refY_005,3,380,GP_Ip_4.0mm_closed_R5_single_refY_005-raw03-02,18.46926852386852,7.565781353872329,False,178.80052185058594,0.753953631458808,3.7633581161499023,,,dxy_raw_candidates/images/GP_Ip_4.0mm_closed_R5_single_refY_005-raw03-02.jpg,dxy_raw_candidates/masks/GP_Ip_4.0mm_closed_R5_single_refY_005-raw03-02.png,dxy_raw_candidates/ring_fit/json/GP_Ip_4.0mm_closed_R5_single_refY_005-raw03-02.json,none,none,ok,
567.1632577715425,272.9417475728156,6735.917085427136,12.946171453887615,13.08252427184466,89.77229899497488,13543.0,206.0,3184.0,0.8716707021791767,6.0,406.19090366363525,1.0,GP_Ip_4.0mm_closed_R5_single_refY,GP_Ip_4.0mm_closed_R5_single_refY_005,3,475,GP_Ip_4.0mm_closed_R5_single_refY_005-raw03-16,18.15549556203653,7.437266901364133,False,166.6266326904297,0.7684246913351997,2.083055019378662,,,dxy_raw_candidates/images/GP_Ip_4.0mm_closed_R5_single_refY_005-raw03-16.jpg,dxy_raw_candidates/masks/GP_Ip_4.0mm_closed_R5_single_refY_005-raw03-16.png,dxy_raw_candidates/ring_fit/json/GP_Ip_4.0mm_closed_R5_single_refY_005-raw03-16.json,none,none,ok,
983.6106807990216,271.07027027027027,10703.497391837987,20.77605652941976,12.551351351351352,154.1871739797484,14718.0,185.0,3259.0,0.9413092550790068,5.0,464.1909255981445,1.0,GP_Ip_4.0mm_closed_R5_single_refY,GP_Ip_4.0mm_closed_R5_single_refY_005,3,373,GP_Ip_4.0mm_closed_R5_single_refY_005-raw03-01,18.10258234919324,7.565575426000725,False,179.18942260742188,0.7415756878412013,3.971072196960449,,,dxy_raw_candidates/images/GP_Ip_4.0mm_closed_R5_single_refY_005-raw03-01.jpg,dxy_raw_candidates/masks/GP_Ip_4.0mm_closed_R5_single_refY_005-raw03-01.png,dxy_raw_candidates/ring_fit/json/GP_Ip_4.0mm_closed_R5_single_refY_005-raw03-01.json,none,none,ok,
1399.2446114111294,1111.0776255707765,7095.39046653144,48.91552007513501,91.66666666666669,157.52408722109533,21295.0,219.0,3944.0,0.9638095238095238,3.0,587.0853424072266,1.0,GP_Ip_4.0mm_closed_R5_single_refY,GP_Ip_4.0mm_closed_R5_single_refY_005,4,667,GP_Ip_4.0mm_closed_R5_single_refY_005-raw04-20,21.644804193115235,7.604952361891122,False,204.3455352783203,0.7824692053304063,1.7417796850204468,,,dxy_raw_candidates/images/GP_Ip_4.0mm_closed_R5_single_refY_005-raw04-20.jpg,dxy_raw_candidates/masks/GP_Ip_4.0mm_closed_R5_single_refY_005-raw04-20.png,dxy_raw_candidates/ring_fit/json/GP_Ip_4.0mm_closed_R5_single_refY_005-raw04-20.json,none,none,ok,
528.8330415207604,317.619512195122,6980.300464037123,12.453101550775388,15.341463414634148,115.13544083526682,15992.0,205.0,3448.0,0.9121621621621622,5.0,461.7178192138672,1.0,GP_Ip_4.0mm_closed_R5_single_refY,GP_Ip_4.0mm_closed_R5_single_refY_005,4,544,GP_Ip_4.0mm_closed_R5_single_refY_005-raw04-02,18.730214960252496,7.523044756368333,False,181.091552734375,0.7667693569714582,2.320851802825928,,,dxy_raw_candidates/images/GP_Ip_4.0mm_closed_R5_single_refY_005-raw04-02.jpg,dxy_raw_candidates/masks/GP_Ip_4.0mm_closed_R5_single_refY_005-raw04-02.png,dxy_raw_candidates/ring_fit/json/GP_Ip_4.0mm_closed_R5_single_refY_005-raw04-02.json,none,none,ok,
998.4129946839928,2308.2388059701493,6658.256726457399,23.792557590076783,105.71641791044776,116.98234304932735,16930.0,201.0,3568.0,0.918918918918919,10.0,501.1736509799957,1.0,GP_Ip_4.0mm_closed_R5_single_refY,GP_Ip_4.0mm_closed_R5_single_refY_005,4,578,GP_Ip_4.0mm_closed_R5_single_refY_005-raw04-07,18.072810302659025,7.549732772898671,True,185.08804321289065,0.7828998019584529,1.7913578748703003,2.8928919430371245,107.08794179261577,dxy_raw_candidates/images/GP_Ip_4.0mm_closed_R5_single_refY_005-raw04-07.jpg,dxy_raw_candidates/masks/GP_Ip_4.0mm_closed_R5_single_refY_005-raw04-07.png,dxy_raw_candidates/ring_fit/json/GP_Ip_4.0mm_closed_R5_single_refY_005-raw04-07.json,circle,B,ok,
706.3192547183472,1217.0593607305937,3953.268993839836,18.75628710720664,28.461187214611872,50.33701232032854,20717.0,219.0,3896.0,0.950381679389313,9.0,573.4995484352112,1.0,GP_Ip_4.0mm_closed_R5_single_refY,GP_Ip_4.0mm_closed_R5_single_refY_005,5,852,GP_Ip_4.0mm_closed_R5_single_refY_005-raw05-23,31.552053093350963,7.331606522216579,True,199.38951110839844,0.8027334473951524,1.7958022356033323,2.957508945137626,117.9392525339417,dxy_raw_candidates/images/GP_Ip_4.0mm_closed_R5_single_refY_005-raw05-23.jpg,dxy_raw_candidates/masks/GP_Ip_4.0mm_closed_R5_single_refY_005-raw05-23.png,dxy_raw_candidates/ring_fit/json/GP_Ip_4.0mm_closed_R5_single_refY_005-raw05-23.json,circle,B,ok,
723.5039312399277,240.9585253456221,4055.80518134715,20.01147629047224,13.400921658986174,58.06632124352332,20477.0,217.0,3860.0,0.9426386233269598,8.0,565.3574241399765,1.0,GP_Ip_4.0mm_closed_R5_single_refY,GP_Ip_4.0mm_closed_R5_single_refY_005,5,859,GP_Ip_4.0mm_closed_R5_single_refY_005-raw05-24,28.985575726827,7.306582585389279,False,196.4609375,0.817052183878865,1.7802507877349854,,,dxy_raw_candidates/images/GP_Ip_4.0mm_closed_R5_single_refY_005-raw05-24.jpg,dxy_raw_candidates/masks/GP_Ip_4.0mm_closed_R5_single_refY_005-raw05-24.png,dxy_raw_candidates/ring_fit/json/GP_Ip_4.0mm_closed_R5_single_refY_005-raw05-24.json,none,none,ok,
627.2438957725948,239.09259259259247,4525.157842157842,15.348123177842565,12.63888888888889,65.88936063936065,21952.0,216.0,4004.0,0.9708029197080292,4.0,614.9848251342773,1.0,GP_Ip_4.0mm_closed_R5_single_refY,GP_Ip_4.0mm_closed_R5_single_refY_005,5,804,GP_Ip_4.0mm_closed_R5_single_refY_005-raw05-16,28.513555458798816,7.372227786921151,True,206.56846618652344,0.7952711198567088,1.863351345062256,2.4411965055675573,100.85484356299848,dxy_raw_candidates/images/GP_Ip_4.0mm_closed_R5_single_refY_005-raw05-16.jpg,dxy_raw_candidates/masks/GP_Ip_4.0mm_closed_R5_single_refY_005-raw05-16.png,dxy_raw_candidates/ring_fit/json/GP_Ip_4.0mm_closed_R5_single_refY_005-raw05-16.json,circle,A,ok,
890.2224037676006,661.222972972973,5225.749492900609,18.21519534816666,18.4695945945946,58.95360040567952,20809.0,296.0,3944.0,0.9792060491493384,5.0,592.529005408287,1.0,GP_Ip_4.0mm_closed_R5_single_refY,GP_Ip_4.0mm_closed_R5_single_refY_006,1,203,GP_Ip_4.0mm_closed_R5_single_refY_006-raw01-18,14.811412519874107,7.417222831351756,False,197.72238159179688,0.8540187778806312,3.6532890796661377,,,dxy_raw_candidates/images/GP_Ip_4.0mm_closed_R5_single_refY_006-raw01-18.jpg,dxy_raw_candidates/masks/GP_Ip_4.0mm_closed_R5_single_refY_006-raw01-18.png,dxy_raw_candidates/ring_fit/json/GP_Ip_4.0mm_closed_R5_single_refY_006-raw01-18.json,none,none,ok,
709.1959516924647,1094.6536312849162,4710.504836046237,15.670819867324376,17.97486033519553,58.374380750176925,23516.0,358.0,4239.0,0.9717314487632508,6.0,625.6000671386719,1.0,GP_Ip_4.0mm_closed_R5_single_refY,GP_Ip_4.0mm_closed_R5_single_refY_006,1,229,GP_Ip_4.0mm_closed_R5_single_refY_006-raw01-21,13.842975456377898,7.503518948262276,True,209.4319000244141,0.865171869313743,3.754251480102539,4.638189811347676,194.27698097288464,dxy_raw_candidates/images/GP_Ip_4.0mm_closed_R5_single_refY_006-raw01-21.jpg,dxy_raw_candidates/masks/GP_Ip_4.0mm_closed_R5_single_refY_006-raw01-21.png,dxy_raw_candidates/ring_fit/json/GP_Ip_4.0mm_closed_R5_single_refY_006-raw01-21.json,circle,A,ok,
692.737948617376,355.5123287671233,5027.035059205944,15.597646597372034,10.772602739726029,57.94474111910843,25495.0,365.0,4307.0,0.98989898989899,1.0,670.671142578125,1.0,GP_Ip_4.0mm_closed_R5_single_refY,GP_Ip_4.0mm_closed_R5_single_refY_006,1,254,GP_Ip_4.0mm_closed_R5_single_refY_006-raw01-24,13.727878505749176,7.480324546943329,True,215.4521484375,0.8892078405607119,3.304417371749878,4.572490877567767,197.0305966565693,dxy_raw_candidates/images/GP_Ip_4.0mm_closed_R5_single_refY_006-raw01-24.jpg,dxy_raw_candidates/masks/GP_Ip_4.0mm_closed_R5_single_refY_006-raw01-24.png,dxy_raw_candidates/ring_fit/json/GP_Ip_4.0mm_closed_R5_single_refY_006-raw01-24.json,circle,B,ok,
1509.2249058062023,9567.782426778243,7170.958461538462,43.36793546517245,207.1213389121339,122.78358974358974,20702.0,239.0,3900.0,0.8878504672897196,12.0,547.9137518405914,1.0,GP_Ip_4.0mm_closed_R5_single_refY,GP_Ip_4.0mm_closed_R5_single_refY_006,2,435,GP_Ip_4.0mm_closed_R5_single_refY_006-raw02-21,22.945541949706616,7.434850895038853,False,199.0535583496093,0.7966239682695799,1.7492399215698242,,,dxy_raw_candidates/images/GP_Ip_4.0mm_closed_R5_single_refY_006-raw02-21.jpg,dxy_raw_candidates/masks/GP_Ip_4.0mm_closed_R5_single_refY_006-raw02-21.png,dxy_raw_candidates/ring_fit/json/GP_Ip_4.0mm_closed_R5_single_refY_006-raw02-21.json,none,none,ok,
756.966964023135,20497.8023715415,7765.897182402373,21.91270463680032,404.1857707509881,124.49110232328223,20402.0,253.0,4046.0,0.7818181818181819,16.0,542.7422016859055,1.0,GP_Ip_4.0mm_closed_R5_single_refY,GP_Ip_4.0mm_closed_R5_single_refY_006,2,460,GP_Ip_4.0mm_closed_R5_single_refY_006-raw02-24,22.327511360496946,7.389306019509071,False,198.5898895263672,0.7985626321294373,3.13520622253418,,,dxy_raw_candidates/images/GP_Ip_4.0mm_closed_R5_single_refY_006-raw02-24.jpg,dxy_raw_candidates/masks/GP_Ip_4.0mm_closed_R5_single_refY_006-raw02-24.png,dxy_raw_candidates/ring_fit/json/GP_Ip_4.0mm_closed_R5_single_refY_006-raw02-24.json,none,none,ok,
1269.0103786277148,2605.712121212121,6341.81425800194,32.49706899865462,57.12878787878788,91.2051406401552,20812.0,132.0,4124.0,0.8694096601073346,10.0,557.600070476532,0.9952199281867146,GP_Ip_4.0mm_closed_R5_single_refY,GP_Ip_4.0mm_closed_R5_single_refY_006,2,452,GP_Ip_4.0mm_closed_R5_single_refY_006-raw02-23,20.823400992827946,7.418726514240975,False,201.3300323486328,0.78513889006877,1.8362125158309937,,,dxy_raw_candidates/images/GP_Ip_4.0mm_closed_R5_single_refY_006-raw02-23.jpg,dxy_raw_candidates/masks/GP_Ip_4.0mm_closed_R5_single_refY_006-raw02-23.png,dxy_raw_candidates/ring_fit/json/GP_Ip_4.0mm_closed_R5_single_refY_006-raw02-23.json,none,none,ok,
908.1189798339263,5007.703125,6159.389265536724,24.07669039145908,113.3984375,152.9539548022599,16860.0,256.0,3540.0,0.7762376237623763,28.0,439.386870265007,1.0,GP_Ip_4.0mm_closed_R5_single_refY,GP_Ip_4.0mm_closed_R5_single_refY_006,3,666,GP_Ip_4.0mm_closed_R5_single_refY_006-raw03-24,41.856937309518266,7.248746679848383,True,172.1593475341797,0.8432492954474139,1.5139977931976318,2.9643886007676583,102.06944146918428,dxy_raw_candidates/images/GP_Ip_4.0mm_closed_R5_single_refY_006-raw03-24.jpg,dxy_raw_candidates/masks/GP_Ip_4.0mm_closed_R5_single_refY_006-raw03-24.png,dxy_raw_candidates/ring_fit/json/GP_Ip_4.0mm_closed_R5_single_refY_006-raw03-24.json,circle,B,ok,
612.9736346516007,6103.285714285715,5710.710094212652,14.693032015065912,143.3877551020408,117.04414535666218,15930.0,98.0,3715.0,0.7230769230769231,29.0,416.1736699342728,1.0,GP_Ip_4.0mm_closed_R5_single_refY,GP_Ip_4.0mm_closed_R5_single_refY_006,3,658,GP_Ip_4.0mm_closed_R5_single_refY_006-raw03-23,36.82779375355919,7.25126207372079,False,173.4908905029297,0.8306283080475436,3.032761812210083,,,dxy_raw_candidates/images/GP_Ip_4.0mm_closed_R5_single_refY_006-raw03-23.jpg,dxy_raw_candidates/masks/GP_Ip_4.0mm_closed_R5_single_refY_006-raw03-23.png,dxy_raw_candidates/ring_fit/json/GP_Ip_4.0mm_closed_R5_single_refY_006-raw03-23.json,none,none,ok,
818.6904831969866,6283.6954314720815,5546.764573991031,20.74480607380378,177.9035532994924,100.6115470852018,16991.0,197.0,3568.0,0.7724550898203593,24.0,436.3158053159714,1.0,GP_Ip_4.0mm_closed_R5_single_refY,GP_Ip_4.0mm_closed_R5_single_refY_006,3,649,GP_Ip_4.0mm_closed_R5_single_refY_006-raw03-22,36.54765681753159,7.240482259176153,True,174.70892333984375,0.8349961456174102,1.4469988346099854,2.0559860017045315,71.83982015191778,dxy_raw_candidates/images/GP_Ip_4.0mm_closed_R5_single_refY_006-raw03-22.jpg,dxy_raw_candidates/masks/GP_Ip_4.0mm_closed_R5_single_refY_006-raw03-22.png,dxy_raw_candidates/ring_fit/json/GP_Ip_4.0mm_closed_R5_single_refY_006-raw03-22.json,circle,B,ok,
866.9106840438849,284.6666666666667,6545.830215827338,24.802002798026656,11.86111111111111,175.01122302158274,13581.0,36.0,3475.0,0.4793713163064833,22.0,266.32084929943085,1.0,GP_Ip_4.0mm_closed_R5_single_refY,GP_Ip_4.0mm_closed_R5_single_refY_006,4,795,GP_Ip_4.0mm_closed_R5_single_refY_006-raw04-15,51.29480897585554,7.186420539814562,False,157.75328063964844,0.8406908248110476,2.4857993125915527,,,dxy_raw_candidates/images/GP_Ip_4.0mm_closed_R5_single_refY_006-raw04-15.jpg,dxy_raw_candidates/masks/GP_Ip_4.0mm_closed_R5_single_refY_006-raw04-15.png,dxy_raw_candidates/ring_fit/json/GP_Ip_4.0mm_closed_R5_single_refY_006-raw04-15.json,none,none,ok,
877.6064123023357,8561.552631578947,6388.541825653068,26.205570868997533,161.10526315789474,141.30319929556794,13786.0,76.0,3407.0,0.5643153526970954,28.0,292.4629924297333,1.0,GP_Ip_4.0mm_closed_R5_single_refY,GP_Ip_4.0mm_closed_R5_single_refY_006,4,787,GP_Ip_4.0mm_closed_R5_single_refY_006-raw04-14,50.74545048539903,7.202179239718695,False,157.18214416503906,0.8646871511670982,2.8723440170288086,,,dxy_raw_candidates/images/GP_Ip_4.0mm_closed_R5_single_refY_006-raw04-14.jpg,dxy_raw_candidates/masks/GP_Ip_4.0mm_closed_R5_single_refY_006-raw04-14.png,dxy_raw_candidates/ring_fit/json/GP_Ip_4.0mm_closed_R5_single_refY_006-raw04-14.json,none,none,ok,
676.4198717948718,7500.295774647887,6810.8375408375405,17.49409965034965,384.3732394366197,158.34303534303535,13728.0,142.0,3367.0,0.6116071428571429,24.0,298.8772027492523,0.9999711374722198,GP_Ip_4.0mm_closed_R5_single_refY,GP_Ip_4.0mm_closed_R5_single_refY_006,4,778,GP_Ip_4.0mm_closed_R5_single_refY_006-raw04-13,50.15138199862257,7.209833336186101,False,156.2932586669922,0.8708361975891582,1.9328691959381104,,,dxy_raw_candidates/images/GP_Ip_4.0mm_closed_R5_single_refY_006-raw04-13.jpg,dxy_raw_candidates/masks/GP_Ip_4.0mm_closed_R5_single_refY_006-raw04-13.png,dxy_raw_candidates/ring_fit/json/GP_Ip_4.0mm_closed_R5_single_refY_006-raw04-13.json,none,none,ok,
973.9830797888854,,6186.556580565805,27.927118907171685,,144.97785977859778,12884.0,0.0,3252.0,0.5342465753424658,18.0,252.8650159835816,1.0,GP_Ip_4.0mm_closed_R5_single_refY,GP_Ip_4.0mm_closed_R5_single_refY_006,5,924,GP_Ip_4.0mm_closed_R5_single_refY_006-raw05-06,46.75881926054307,7.283069352474664,False,152.7147674560547,0.8663121892289769,2.893660545349121,,,dxy_raw_candidates/images/GP_Ip_4.0mm_closed_R5_single_refY_006-raw05-06.jpg,dxy_raw_candidates/masks/GP_Ip_4.0mm_closed_R5_single_refY_006-raw05-06.png,dxy_raw_candidates/ring_fit/json/GP_Ip_4.0mm_closed_R5_single_refY_006-raw05-06.json,none,none,ok,
649.7907450980392,13707.081081081082,6007.938017796871,14.86486274509804,390.2252252252253,121.72598956735196,12750.0,111.0,3259.0,0.5531914893617021,13.0,261.1787129640579,1.0,GP_Ip_4.0mm_closed_R5_single_refY,GP_Ip_4.0mm_closed_R5_single_refY_006,5,890,GP_Ip_4.0mm_closed_R5_single_refY_006-raw05-02,45.73408515882018,7.243740020367007,False,151.81338500976562,0.8705536320492316,2.371345043182373,,,dxy_raw_candidates/images/GP_Ip_4.0mm_closed_R5_single_refY_006-raw05-02.jpg,dxy_raw_candidates/masks/GP_Ip_4.0mm_closed_R5_single_refY_006-raw05-02.png,dxy_raw_candidates/ring_fit/json/GP_Ip_4.0mm_closed_R5_single_refY_006-raw05-02.json,none,none,ok,
869.125083388926,,5311.100712736287,21.96339226150767,,103.22745584133872,11992.0,4.0,3227.0,0.3540229885057471,16.0,164.5096663236618,1.0,GP_Ip_4.0mm_closed_R5_single_refY,GP_Ip_4.0mm_closed_R5_single_refY_006,5,1037,GP_Ip_4.0mm_closed_R5_single_refY_006-raw05-19,45.61993748700058,7.31951757073772,False,146.2571563720703,0.8876164292768226,2.6821205615997314,,,dxy_raw_candidates/images/GP_Ip_4.0mm_closed_R5_single_refY_006-raw05-19.jpg,dxy_raw_candidates/masks/GP_Ip_4.0mm_closed_R5_single_refY_006-raw05-19.png,dxy_raw_candidates/ring_fit/json/GP_Ip_4.0mm_closed_R5_single_refY_006-raw05-19.json,none,none,ok,
673.8438488739996,4292.571428571428,7635.03869523505,12.98994974874372,93.2936507936508,198.7783818356252,10746.0,252.0,3127.0,0.5706521739130435,20.0,224.37972927093503,1.0,GP_Ip_4.0mm_closed_R5_single_refY,GP_Ip_4.0mm_closed_R5_single_refY_007,1,209,GP_Ip_4.0mm_closed_R5_single_refY_007-raw01-17,35.69502661542421,7.137517337727859,True,145.9283905029297,0.8522529286382254,3.322301149368286,3.686643930844409,107.59720303710398,dxy_raw_candidates/images/GP_Ip_4.0mm_closed_R5_single_refY_007-raw01-17.jpg,dxy_raw_candidates/masks/GP_Ip_4.0mm_closed_R5_single_refY_007-raw01-17.png,dxy_raw_candidates/ring_fit/json/GP_Ip_4.0mm_closed_R5_single_refY_007-raw01-17.json,circle,A,ok,
659.259090494851,971.9032258064516,6443.935523868568,13.974027157568578,27.20967741935484,152.9119652820831,10973.0,248.0,3226.0,0.4918414918414918,21.0,224.3797447681427,1.0,GP_Ip_4.0mm_closed_R5_single_refY,GP_Ip_4.0mm_closed_R5_single_refY_007,1,274,GP_Ip_4.0mm_closed_R5_single_refY_007-raw01-24,34.98159178020218,7.120648881588575,True,144.8459930419922,0.8445541016578403,3.3153493404388428,2.795375821677182,80.97979736328138,dxy_raw_candidates/images/GP_Ip_4.0mm_closed_R5_single_refY_007-raw01-24.jpg,dxy_raw_candidates/masks/GP_Ip_4.0mm_closed_R5_single_refY_007-raw01-24.png,dxy_raw_candidates/ring_fit/json/GP_Ip_4.0mm_closed_R5_single_refY_007-raw01-24.json,ellipse,A,ok,
582.6651469098277,249.1478260869565,6353.794717887155,13.301587301587302,16.930434782608696,159.57983193277312,11844.0,230.0,3332.0,0.4738095238095238,11.0,224.865020275116,1.0,GP_Ip_4.0mm_closed_R5_single_refY,GP_Ip_4.0mm_closed_R5_single_refY_007,1,144,GP_Ip_4.0mm_closed_R5_single_refY_007-raw01-10,34.443978552542795,7.141803324803289,True,154.4941864013672,0.8408044575776635,4.027397155761719,3.316875525141876,102.48759713028056,dxy_raw_candidates/images/GP_Ip_4.0mm_closed_R5_single_refY_007-raw01-10.jpg,dxy_raw_candidates/masks/GP_Ip_4.0mm_closed_R5_single_refY_007-raw01-10.png,dxy_raw_candidates/ring_fit/json/GP_Ip_4.0mm_closed_R5_single_refY_007-raw01-10.json,circle,A,ok,
1207.0391491985204,1903.6494845360824,6436.890745899103,33.6434186189889,46.45618556701031,130.45094398019188,12976.0,388.0,3231.0,0.9477611940298508,8.0,443.0020855665207,1.0,GP_Ip_4.0mm_closed_R5_single_refY,GP_Ip_4.0mm_closed_R5_single_refY_007,2,422,GP_Ip_4.0mm_closed_R5_single_refY_007-raw02-16,41.8810546558333,7.222257281320831,True,157.34222412109375,0.8910656474260807,1.2940452098846436,3.927910098263733,123.6052222017042,dxy_raw_candidates/images/GP_Ip_4.0mm_closed_R5_single_refY_007-raw02-16.jpg,dxy_raw_candidates/masks/GP_Ip_4.0mm_closed_R5_single_refY_007-raw02-16.png,dxy_raw_candidates/ring_fit/json/GP_Ip_4.0mm_closed_R5_single_refY_007-raw02-16.json,circle,B,ok,
1007.828791935738,3492.92718446602,6256.537654320988,26.7704362891794,93.15776699029126,124.16203703703704,12698.0,412.0,3240.0,0.8711340206185567,15.0,381.4041135311127,1.0,GP_Ip_4.0mm_closed_R5_single_refY,GP_Ip_4.0mm_closed_R5_single_refY_007,2,413,GP_Ip_4.0mm_closed_R5_single_refY_007-raw02-15,41.68886067284478,7.213063392889959,True,157.64224243164062,0.8869086749529822,1.3717379570007324,4.125281419651807,130.06372273109884,dxy_raw_candidates/images/GP_Ip_4.0mm_closed_R5_single_refY_007-raw02-15.jpg,dxy_raw_candidates/masks/GP_Ip_4.0mm_closed_R5_single_refY_007-raw02-15.png,dxy_raw_candidates/ring_fit/json/GP_Ip_4.0mm_closed_R5_single_refY_007-raw02-15.json,circle,A,ok,
980.7606396480244,3614.205128205128,4890.839568801522,19.10770792791268,62.70940170940171,95.24445149017122,11819.0,351.0,3154.0,0.8026315789473685,16.0,339.1198390722275,0.9997364867090484,GP_Ip_4.0mm_closed_R5_single_refY,GP_Ip_4.0mm_closed_R5_single_refY_007,2,477,GP_Ip_4.0mm_closed_R5_single_refY_007-raw02-22,41.61816297149543,7.121414744185984,True,149.27574157714844,0.9022012452650504,1.588125705718994,3.941667675395981,117.67907305908228,dxy_raw_candidates/images/GP_Ip_4.0mm_closed_R5_single_refY_007-raw02-22.jpg,dxy_raw_candidates/masks/GP_Ip_4.0mm_closed_R5_single_refY_007-raw02-22.png,dxy_raw_candidates/ring_fit/json/GP_Ip_4.0mm_closed_R5_single_refY_007-raw02-22.json,circle,B,ok,
983.348135656736,114.95,5816.062862999658,21.00496533633127,8.8,103.93030406559618,10674.0,160.0,2927.0,0.5737265415549598,16.0,240.24978470802307,1.0,GP_Ip_4.0mm_closed_R5_single_refY,GP_Ip_4.0mm_closed_R5_single_refY_007,3,681,GP_Ip_4.0mm_closed_R5_single_refY_007-raw03-20,53.69209528261823,7.211697445772707,True,138.417724609375,0.8252253550882802,1.653014063835144,1.424816161705044,39.443962217975134,dxy_raw_candidates/images/GP_Ip_4.0mm_closed_R5_single_refY_007-raw03-20.jpg,dxy_raw_candidates/masks/GP_Ip_4.0mm_closed_R5_single_refY_007-raw03-20.png,dxy_raw_candidates/ring_fit/json/GP_Ip_4.0mm_closed_R5_single_refY_007-raw03-20.json,circle,A,ok,
978.4594670406732,2278.175548589342,6793.211618257262,16.719588592800374,18.614420062695924,106.5771092669433,10695.0,319.0,2892.0,0.6944444444444444,22.0,269.8355700969696,1.0,GP_Ip_4.0mm_closed_R5_single_refY,GP_Ip_4.0mm_closed_R5_single_refY_007,3,671,GP_Ip_4.0mm_closed_R5_single_refY_007-raw03-19,53.26764849107529,7.168685452431784,False,140.0565948486328,0.8435771843976699,1.115990161895752,,,dxy_raw_candidates/images/GP_Ip_4.0mm_closed_R5_single_refY_007-raw03-19.jpg,dxy_raw_candidates/masks/GP_Ip_4.0mm_closed_R5_single_refY_007-raw03-19.png,dxy_raw_candidates/ring_fit/json/GP_Ip_4.0mm_closed_R5_single_refY_007-raw03-19.json,none,none,ok,
752.1482796892342,,7218.044460641399,17.96059933407325,,172.93804664723032,9010.0,0.0,2744.0,0.2559523809523809,16.0,81.59797859191895,1.0,GP_Ip_4.0mm_closed_R5_single_refY,GP_Ip_4.0mm_closed_R5_single_refY_007,3,709,GP_Ip_4.0mm_closed_R5_single_refY_007-raw03-23,52.61846060286155,7.2631760329473884,False,129.03627014160156,0.8605085186949625,2.041712760925293,,,dxy_raw_candidates/images/GP_Ip_4.0mm_closed_R5_single_refY_007-raw03-23.jpg,dxy_raw_candidates/masks/GP_Ip_4.0mm_closed_R5_single_refY_007-raw03-23.png,dxy_raw_candidates/ring_fit/json/GP_Ip_4.0mm_closed_R5_single_refY_007-raw03-23.json,none,none,ok,
1081.0551266422865,6671.0625,6290.515248796148,13.7601246105919,144.82291666666666,135.80256821829855,7383.0,288.0,2492.0,0.7491525423728813,11.0,247.27921521663663,1.0,GP_Ip_4.0mm_closed_R5_single_refY,GP_Ip_4.0mm_closed_R5_single_refY_007,4,940,GP_Ip_4.0mm_closed_R5_single_refY_007-raw04-24,56.64243279901081,6.892284746240332,True,118.8223876953125,0.9084830551806168,1.0397919416427612,3.9169303335860857,93.08380293457915,dxy_raw_candidates/images/GP_Ip_4.0mm_closed_R5_single_refY_007-raw04-24.jpg,dxy_raw_candidates/masks/GP_Ip_4.0mm_closed_R5_single_refY_007-raw04-24.png,dxy_raw_candidates/ring_fit/json/GP_Ip_4.0mm_closed_R5_single_refY_007-raw04-24.json,circle,B,ok,
1092.164383561644,362.6772908366534,4515.661151079136,22.91241178912412,21.199203187251,113.94964028776978,9636.0,251.0,2780.0,0.8011695906432749,16.0,300.6640018224716,1.0,GP_Ip_4.0mm_closed_R5_single_refY,GP_Ip_4.0mm_closed_R5_single_refY_007,4,921,GP_Ip_4.0mm_closed_R5_single_refY_007-raw04-22,50.98987136158413,6.887851249899123,True,131.62892150878906,0.8978469145037367,1.5495227575302124,4.037278545383937,106.28452415189231,dxy_raw_candidates/images/GP_Ip_4.0mm_closed_R5_single_refY_007-raw04-22.jpg,dxy_raw_candidates/masks/GP_Ip_4.0mm_closed_R5_single_refY_007-raw04-22.png,dxy_raw_candidates/ring_fit/json/GP_Ip_4.0mm_closed_R5_single_refY_007-raw04-22.json,circle,A,ok,
1008.4942152917504,1070.597510373444,5421.328238440963,12.570799798792756,53.45643153526971,119.2094000764234,7952.0,241.0,2617.0,0.5654952076677316,12.0,195.2375974655152,0.9995799495939512,GP_Ip_4.0mm_closed_R5_single_refY,GP_Ip_4.0mm_closed_R5_single_refY_007,4,931,GP_Ip_4.0mm_closed_R5_single_refY_007-raw04-23,49.6647194882805,6.897491965168714,True,120.9576187133789,0.9094133240898036,1.5191881656646729,3.659765412532812,88.53530186991118,dxy_raw_candidates/images/GP_Ip_4.0mm_closed_R5_single_refY_007-raw04-23.jpg,dxy_raw_candidates/masks/GP_Ip_4.0mm_closed_R5_single_refY_007-raw04-23.png,dxy_raw_candidates/ring_fit/json/GP_Ip_4.0mm_closed_R5_single_refY_007-raw04-23.json,circle,A,ok,
2485.8192771084337,732.390977443609,17786.794520547945,62.28200301204819,22.44360902255639,653.0528375733855,5312.0,133.0,2044.0,0.6587301587301587,17.0,177.16652810573578,1.0,GP_Ip_4.0mm_closed_R5_single_refY,GP_Ip_4.0mm_closed_R5_single_refY_007,5,1166,GP_Ip_4.0mm_closed_R5_single_refY_007-raw05-24,84.05750262261725,6.8075310511080165,False,97.9869384765625,0.8791580347409068,1.0984176397323608,,,dxy_raw_candidates/images/GP_Ip_4.0mm_closed_R5_single_refY_007-raw05-24.jpg,dxy_raw_candidates/masks/GP_Ip_4.0mm_closed_R5_single_refY_007-raw05-24.png,dxy_raw_candidates/ring_fit/json/GP_Ip_4.0mm_closed_R5_single_refY_007-raw05-24.json,none,none,ok,
2463.261754385965,95.11111111111111,16656.44379844961,70.20491228070175,19.95555555555556,548.3977713178294,5700.0,90.0,2064.0,0.8614232209737828,8.0,255.55129647254944,1.0,GP_Ip_4.0mm_closed_R5_single_refY,GP_Ip_4.0mm_closed_R5_single_refY_007,5,1137,GP_Ip_4.0mm_closed_R5_single_refY_007-raw05-21,81.81427407653125,6.808098646167471,False,99.62004852294922,0.888429425654537,0.9954954385757446,,,dxy_raw_candidates/images/GP_Ip_4.0mm_closed_R5_single_refY_007-raw05-21.jpg,dxy_raw_candidates/masks/GP_Ip_4.0mm_closed_R5_single_refY_007-raw05-21.png,dxy_raw_candidates/ring_fit/json/GP_Ip_4.0mm_closed_R5_single_refY_007-raw05-21.json,none,none,ok,
2561.845836909871,128.44444444444446,14066.860420650097,69.35536480686696,17.7,565.0286806883365,5825.0,90.0,2092.0,0.7761194029850746,12.0,228.72287273406985,1.0,GP_Ip_4.0mm_closed_R5_single_refY,GP_Ip_4.0mm_closed_R5_single_refY_007,5,1119,GP_Ip_4.0mm_closed_R5_single_refY_007-raw05-19,81.41191032050683,6.821206038868302,False,99.73758697509766,0.8993656950507843,0.9156198501586914,,,dxy_raw_candidates/images/GP_Ip_4.0mm_closed_R5_single_refY_007-raw05-19.jpg,dxy_raw_candidates/masks/GP_Ip_4.0mm_closed_R5_single_refY_007-raw05-19.png,dxy_raw_candidates/ring_fit/json/GP_Ip_4.0mm_closed_R5_single_refY_007-raw05-19.json,none,none,ok,
513.9596287019301,206.353765323993,4052.5987599645705,12.33652571091793,10.402802101576182,56.57602598169471,6787.0,571.0,3387.0,0.629757785467128,4.0,415.50460505485535,1.0,GP_Ip_4.7mm_closed_R5_single_refY,GP_Ip_4.7mm_closed_R5_single_refY_004,1,188,GP_Ip_4.7mm_closed_R5_single_refY_004-raw01-23,29.717648018466114,7.593509725166024,True,34.679656982421875,0.3580579247996685,0.4926093220710754,27.9517843015955,193.87165832519543,dxy_raw_candidates/images/GP_Ip_4.7mm_closed_R5_single_refY_004-raw01-23.jpg,dxy_raw_candidates/masks/GP_Ip_4.7mm_closed_R5_single_refY_004-raw01-23.png,dxy_raw_candidates/ring_fit/json/GP_Ip_4.7mm_closed_R5_single_refY_004-raw01-23.json,ellipse,A,ok,
536.9715998287427,216.49128919860627,4172.584076054664,11.3275296132439,9.141114982578395,56.426619132501486,7007.0,574.0,3366.0,0.601027397260274,4.0,400.4335448741913,1.0,GP_Ip_4.7mm_closed_R5_single_refY,GP_Ip_4.7mm_closed_R5_single_refY_004,1,194,GP_Ip_4.7mm_closed_R5_single_refY_004-raw01-24,29.50050866345888,7.70151223339628,True,33.96180725097656,0.3368606660404425,0.586592972278595,31.11543973920912,211.3473133904793,dxy_raw_candidates/images/GP_Ip_4.7mm_closed_R5_single_refY_004-raw01-24.jpg,dxy_raw_candidates/masks/GP_Ip_4.7mm_closed_R5_single_refY_004-raw01-24.png,dxy_raw_candidates/ring_fit/json/GP_Ip_4.7mm_closed_R5_single_refY_004-raw01-24.json,circle,B,ok,
549.2866881028939,455.304625199362,3842.700751879699,12.835369774919617,17.33652312599681,52.994586466165416,7775.0,627.0,3325.0,0.637123745819398,5.0,434.5756725072861,1.0,GP_Ip_4.7mm_closed_R5_single_refY,GP_Ip_4.7mm_closed_R5_single_refY_004,1,175,GP_Ip_4.7mm_closed_R5_single_refY_004-raw01-21,27.71083205498117,7.65577327231615,True,33.58966064453125,0.3283645713412438,0.6399295330047607,33.09843994454267,222.35307312011727,dxy_raw_candidates/images/GP_Ip_4.7mm_closed_R5_single_refY_004-raw01-21.jpg,dxy_raw_candidates/masks/GP_Ip_4.7mm_closed_R5_single_refY_004-raw01-21.png,dxy_raw_candidates/ring_fit/json/GP_Ip_4.7mm_closed_R5_single_refY_004-raw01-21.json,ellipse,A,ok,
590.0973917512528,941.9125188536954,4062.463506833382,15.538224335089296,34.15082956259427,62.20441988950276,7783.0,663.0,3439.0,0.6242138364779874,6.0,458.5168046951294,1.0,GP_Ip_4.7mm_closed_R5_single_refY,GP_Ip_4.7mm_closed_R5_single_refY_004,2,273,GP_Ip_4.7mm_closed_R5_single_refY_004-raw02-12,31.27815917137996,7.672394431286067,True,36.67051315307617,0.3674263903266143,0.5255740284919739,30.60847158860101,224.4856719970704,dxy_raw_candidates/images/GP_Ip_4.7mm_closed_R5_single_refY_004-raw02-12.jpg,dxy_raw_candidates/masks/GP_Ip_4.7mm_closed_R5_single_refY_004-raw02-12.png,dxy_raw_candidates/ring_fit/json/GP_Ip_4.7mm_closed_R5_single_refY_004-raw02-12.json,ellipse,A,ok,
568.5329364565808,458.9488372093023,4239.725065808716,16.44105086061861,23.982945736434107,68.77566539923954,7727.0,645.0,3419.0,0.6074313408723748,6.0,425.0903824567795,1.0,GP_Ip_4.7mm_closed_R5_single_refY,GP_Ip_4.7mm_closed_R5_single_refY_004,2,241,GP_Ip_4.7mm_closed_R5_single_refY_004-raw02-07,29.74898698373372,7.704021730704866,True,37.47837066650391,0.3036307992302858,0.7795987725257874,27.43243033762333,205.62455849529888,dxy_raw_candidates/images/GP_Ip_4.7mm_closed_R5_single_refY_004-raw02-07.jpg,dxy_raw_candidates/masks/GP_Ip_4.7mm_closed_R5_single_refY_004-raw02-07.png,dxy_raw_candidates/ring_fit/json/GP_Ip_4.7mm_closed_R5_single_refY_004-raw02-07.json,circle,A,ok,
565.3808468734613,239.6099173553719,3694.473012188044,14.454332840965042,16.08099173553719,53.770168311085314,8124.0,605.0,3446.0,0.6076158940397351,5.0,419.9898971319199,1.0,GP_Ip_4.7mm_closed_R5_single_refY,GP_Ip_4.7mm_closed_R5_single_refY_004,2,267,GP_Ip_4.7mm_closed_R5_single_refY_004-raw02-11,29.462843939452725,7.688279018157976,True,38.226112365722656,0.36291842289869,0.4330184459686279,28.57012242401913,218.4249420166016,dxy_raw_candidates/images/GP_Ip_4.7mm_closed_R5_single_refY_004-raw02-11.jpg,dxy_raw_candidates/masks/GP_Ip_4.7mm_closed_R5_single_refY_004-raw02-11.png,dxy_raw_candidates/ring_fit/json/GP_Ip_4.7mm_closed_R5_single_refY_004-raw02-11.json,ellipse,A,ok,
575.9992868422394,814.0364025695932,4888.709151537607,11.56283429270032,20.94432548179872,64.87847350870693,19631.0,934.0,2699.0,0.8361153262518968,7.0,627.6710921525955,0.947841401734104,GP_Ip_4.7mm_closed_R5_single_refY,GP_Ip_4.7mm_closed_R5_single_refY_004,3,425,GP_Ip_4.7mm_closed_R5_single_refY_004-raw03-11,28.005153843557103,7.693402934434785,True,43.326290130615234,0.3230617546991105,1.457389235496521,34.52755995984056,299.1902160644532,dxy_raw_candidates/images/GP_Ip_4.7mm_closed_R5_single_refY_004-raw03-11.jpg,dxy_raw_candidates/masks/GP_Ip_4.7mm_closed_R5_single_refY_004-raw03-11.png,dxy_raw_candidates/ring_fit/json/GP_Ip_4.7mm_closed_R5_single_refY_004-raw03-11.json,ellipse,A,ok,
606.5484884602882,200.0861111111111,4055.740611961057,12.392566908657493,13.2375,40.49304589707928,9229.0,720.0,2876.0,0.7419354838709677,3.0,562.8427047729492,1.0,GP_Ip_4.7mm_closed_R5_single_refY,GP_Ip_4.7mm_closed_R5_single_refY_004,3,445,GP_Ip_4.7mm_closed_R5_single_refY_004-raw03-14,26.46278748379813,7.700855255957008,True,29.94767570495605,0.2932666282051094,1.2076689004898071,32.69035359353766,195.8000216199222,dxy_raw_candidates/images/GP_Ip_4.7mm_closed_R5_single_refY_004-raw03-14.jpg,dxy_raw_candidates/masks/GP_Ip_4.7mm_closed_R5_single_refY_004-raw03-14.png,dxy_raw_candidates/ring_fit/json/GP_Ip_4.7mm_closed_R5_single_refY_004-raw03-14.json,circle,A,ok,
529.6021108179419,288.69268292682926,4900.648379052369,11.660158311345649,11.047154471544715,51.188694929343306,7580.0,615.0,3609.0,0.6430817610062893,5.0,473.1736371517181,1.0,GP_Ip_4.7mm_closed_R5_single_refY,GP_Ip_4.7mm_closed_R5_single_refY_004,3,372,GP_Ip_4.7mm_closed_R5_single_refY_004-raw03-03,26.395533848722486,7.689643975562472,True,35.066123962402344,0.2808317000577896,1.100562334060669,37.34900690507153,261.936981201172,dxy_raw_candidates/images/GP_Ip_4.7mm_closed_R5_single_refY_004-raw03-03.jpg,dxy_raw_candidates/masks/GP_Ip_4.7mm_closed_R5_single_refY_004-raw03-03.png,dxy_raw_candidates/ring_fit/json/GP_Ip_4.7mm_closed_R5_single_refY_004-raw03-03.json,ellipse,A,ok,
431.2459757130754,288.2093023255814,3093.2815592203897,10.936082086039724,14.215116279069768,44.16131934032983,10623.0,688.0,3335.0,0.6698412698412698,3.0,488.1736268997192,1.0,GP_Ip_4.7mm_closed_R5_single_refY,GP_Ip_4.7mm_closed_R5_single_refY_004,4,570,GP_Ip_4.7mm_closed_R5_single_refY_004-raw04-09,23.750727560932265,7.685325475957186,True,24.79712677001953,0.4455234918567037,0.5012145042419434,50.65896993085676,251.2393798828126,dxy_raw_candidates/images/GP_Ip_4.7mm_closed_R5_single_refY_004-raw04-09.jpg,dxy_raw_candidates/masks/GP_Ip_4.7mm_closed_R5_single_refY_004-raw04-09.png,dxy_raw_candidates/ring_fit/json/GP_Ip_4.7mm_closed_R5_single_refY_004-raw04-09.json,ellipse,B,ok,
438.65015194769313,296.03757225433526,2953.474282296651,12.532461552629156,16.140173410404625,43.176435406698566,10859.0,692.0,3344.0,0.6444099378881988,2.0,481.7594299316406,1.0,GP_Ip_4.7mm_closed_R5_single_refY,GP_Ip_4.7mm_closed_R5_single_refY_004,4,524,GP_Ip_4.7mm_closed_R5_single_refY_004-raw04-02,23.683035943485784,7.675498954223359,True,25.714311599731445,0.4275157437820424,0.4750317931175232,51.20236646625928,263.32672119140625,dxy_raw_candidates/images/GP_Ip_4.7mm_closed_R5_single_refY_004-raw04-02.jpg,dxy_raw_candidates/masks/GP_Ip_4.7mm_closed_R5_single_refY_004-raw04-02.png,dxy_raw_candidates/ring_fit/json/GP_Ip_4.7mm_closed_R5_single_refY_004-raw04-02.json,ellipse,A,ok,
436.1523702031603,260.4492753623188,3210.188915375447,11.679646350639578,13.478260869565217,45.3930274135876,10632.0,690.0,3356.0,0.6389324960753532,2.0,467.96044921875,1.0,GP_Ip_4.7mm_closed_R5_single_refY,GP_Ip_4.7mm_closed_R5_single_refY_004,4,563,GP_Ip_4.7mm_closed_R5_single_refY_004-raw04-08,23.673639831373418,7.689092210844308,True,24.86073875427246,0.3825503846521916,0.5749946236610413,48.89395556470073,243.10797119140628,dxy_raw_candidates/images/GP_Ip_4.7mm_closed_R5_single_refY_004-raw04-08.jpg,dxy_raw_candidates/masks/GP_Ip_4.7mm_closed_R5_single_refY_004-raw04-08.png,dxy_raw_candidates/ring_fit/json/GP_Ip_4.7mm_closed_R5_single_refY_004-raw04-08.json,ellipse,B,ok,
502.9810898928738,191.336231884058,3288.1192780538845,12.639683278993944,11.673913043478262,54.86398116662307,10735.0,690.0,3823.0,0.6340740740740741,6.0,490.3452562093735,1.0,GP_Ip_4.7mm_closed_R5_single_refY,GP_Ip_4.7mm_closed_R5_single_refY_004,5,823,GP_Ip_4.7mm_closed_R5_single_refY_004-raw05-23,26.44147952185736,7.791143538724498,True,48.00404357910156,0.3703423104949713,1.434545874595642,25.90250677607992,248.68501281738284,dxy_raw_candidates/images/GP_Ip_4.7mm_closed_R5_single_refY_004-raw05-23.jpg,dxy_raw_candidates/masks/GP_Ip_4.7mm_closed_R5_single_refY_004-raw05-23.png,dxy_raw_candidates/ring_fit/json/GP_Ip_4.7mm_closed_R5_single_refY_004-raw05-23.json,ellipse,A,ok,
536.790306169642,1258.7732342007434,3283.855822550832,13.868467301822218,29.350681536555143,48.4589384737259,10811.0,807.0,3787.0,0.6539473684210526,7.0,568.0437377691269,1.0,GP_Ip_4.7mm_closed_R5_single_refY,GP_Ip_4.7mm_closed_R5_single_refY_004,5,809,GP_Ip_4.7mm_closed_R5_single_refY_004-raw05-21,26.41568467702864,7.787263840145599,True,46.5944938659668,0.3244991324993707,0.855535626411438,33.40172272764747,311.26727294921875,dxy_raw_candidates/images/GP_Ip_4.7mm_closed_R5_single_refY_004-raw05-21.jpg,dxy_raw_candidates/masks/GP_Ip_4.7mm_closed_R5_single_refY_004-raw05-21.png,dxy_raw_candidates/ring_fit/json/GP_Ip_4.7mm_closed_R5_single_refY_004-raw05-21.json,ellipse,B,ok,
591.9202754122124,1071.910669975186,3451.8740157480315,14.402609168327595,29.449131513647643,51.66745406824147,11038.0,806.0,3810.0,0.6350067842605156,5.0,540.4579193592072,1.0,GP_Ip_4.7mm_closed_R5_single_refY,GP_Ip_4.7mm_closed_R5_single_refY_004,5,789,GP_Ip_4.7mm_closed_R5_single_refY_004-raw05-18,26.38319660233393,7.798385319069969,True,49.51646041870117,0.3437018234205114,0.8674578070640564,31.48010587928316,311.75668334960943,dxy_raw_candidates/images/GP_Ip_4.7mm_closed_R5_single_refY_004-raw05-18.jpg,dxy_raw_candidates/masks/GP_Ip_4.7mm_closed_R5_single_refY_004-raw05-18.png,dxy_raw_candidates/ring_fit/json/GP_Ip_4.7mm_closed_R5_single_refY_004-raw05-18.json,ellipse,B,ok,
819.5225169648365,332.6864406779661,3976.848855774348,28.94632942628008,16.258474576271187,102.87067589143162,1621.0,472.0,3758.0,0.4395750332005312,4.0,369.6639938354492,1.0,GP_Ip_4.7mm_closed_R5_single_refY,GP_Ip_4.7mm_closed_R5_single_refY_005,1,174,GP_Ip_4.7mm_closed_R5_single_refY_005-raw01-16,14.53093160883468,7.412628295405481,True,21.96868133544922,0.4568897811155895,0.3972497284412384,68.51972874259545,301.05761718750006,dxy_raw_candidates/images/GP_Ip_4.7mm_closed_R5_single_refY_005-raw01-16.jpg,dxy_raw_candidates/masks/GP_Ip_4.7mm_closed_R5_single_refY_005-raw01-16.png,dxy_raw_candidates/ring_fit/json/GP_Ip_4.7mm_closed_R5_single_refY_005-raw01-16.json,ellipse,A,ok,
621.2965599051008,187.03791469194312,4130.80943738657,19.237643337287462,16.11611374407583,88.73165672802696,5058.0,422.0,3857.0,0.4132231404958678,4.0,338.6640000343323,1.0,GP_Ip_4.7mm_closed_R5_single_refY,GP_Ip_4.7mm_closed_R5_single_refY_005,1,182,GP_Ip_4.7mm_closed_R5_single_refY_005-raw01-17,13.76557351191838,7.399370102262611,True,21.75279998779297,0.4361225174596755,0.3824187219142914,63.13517582000173,274.6733703613282,dxy_raw_candidates/images/GP_Ip_4.7mm_closed_R5_single_refY_005-raw01-17.jpg,dxy_raw_candidates/masks/GP_Ip_4.7mm_closed_R5_single_refY_005-raw01-17.png,dxy_raw_candidates/ring_fit/json/GP_Ip_4.7mm_closed_R5_single_refY_005-raw01-17.json,ellipse,B,ok,
614.1713870733479,125.811320754717,2848.4550264550267,17.183732752360203,9.970350404312669,47.416597048176,1377.0,371.0,3591.0,0.4484375,2.0,325.1787109375,1.0,GP_Ip_4.7mm_closed_R5_single_refY,GP_Ip_4.7mm_closed_R5_single_refY_005,1,158,GP_Ip_4.7mm_closed_R5_single_refY_005-raw01-14,13.287561331420475,7.385229268376509,True,15.704458236694336,0.6118792694045035,0.2356454730033874,57.47641445546895,180.5271900821693,dxy_raw_candidates/images/GP_Ip_4.7mm_closed_R5_single_refY_005-raw01-14.jpg,dxy_raw_candidates/masks/GP_Ip_4.7mm_closed_R5_single_refY_005-raw01-14.png,dxy_raw_candidates/ring_fit/json/GP_Ip_4.7mm_closed_R5_single_refY_005-raw01-14.json,circle,A,ok,
,,,,,,,,,,,,,GP_Ip_4.7mm_closed_R5_single_refY,GP_Ip_4.7mm_closed_R5_single_refY_005,2,367,GP_Ip_4.7mm_closed_R5_single_refY_005-raw02-16,25.66523870204878,,False,,,,,,dxy_raw_candidates/images/GP_Ip_4.7mm_closed_R5_single_refY_005-raw02-16.jpg,,,,,feature_failure,FileNotFoundError
,,,,,,,,,,,,,GP_Ip_4.7mm_closed_R5_single_refY,GP_Ip_4.7mm_closed_R5_single_refY_005,2,359,GP_Ip_4.7mm_closed_R5_single_refY_005-raw02-15,24.559119085098786,,False,,,,,,dxy_raw_candidates/images/GP_Ip_4.7mm_closed_R5_single_refY_005-raw02-15.jpg,,,,,feature_failure,FileNotFoundError
,,,,,,,,,,,,,GP_Ip_4.7mm_closed_R5_single_refY,GP_Ip_4.7mm_closed_R5_single_refY_005,2,375,GP_Ip_4.7mm_closed_R5_single_refY_005-raw02-17,19.836996501988537,,False,,,,,,dxy_raw_candidates/images/GP_Ip_4.7mm_closed_R5_single_refY_005-raw02-17.jpg,,,,,feature_failure,FileNotFoundError
,,,,,,,,,,,,,GP_Ip_4.7mm_closed_R5_single_refY,GP_Ip_4.7mm_closed_R5_single_refY_005,3,624,GP_Ip_4.7mm_closed_R5_single_refY_005-raw03-24,20.334904374562964,,False,,,,,,dxy_raw_candidates/images/GP_Ip_4.7mm_closed_R5_single_refY_005-raw03-24.jpg,,,,,feature_failure,FileNotFoundError
,,,,,,,,,,,,,GP_Ip_4.7mm_closed_R5_single_refY,GP_Ip_4.7mm_closed_R5_single_refY_005,3,584,GP_Ip_4.7mm_closed_R5_single_refY_005-raw03-19,19.738977579583064,,False,,,,,,dxy_raw_candidates/images/GP_Ip_4.7mm_closed_R5_single_refY_005-raw03-19.jpg,,,,,feature_failure,FileNotFoundError
,,,,,,,,,,,,,GP_Ip_4.7mm_closed_R5_single_refY,GP_Ip_4.7mm_closed_R5_single_refY_005,3,471,GP_Ip_4.7mm_closed_R5_single_refY_005-raw03-05,19.51182287789686,,False,,,,,,dxy_raw_candidates/images/GP_Ip_4.7mm_closed_R5_single_refY_005-raw03-05.jpg,,,,,feature_failure,FileNotFoundError
,,,,,,,,,,,,,GP_Ip_4.7mm_closed_R5_single_refY,GP_Ip_4.7mm_closed_R5_single_refY_005,4,817,GP_Ip_4.7mm_closed_R5_single_refY_005-raw04-24,23.88188150431313,,False,,,,,,dxy_raw_candidates/images/GP_Ip_4.7mm_closed_R5_single_refY_005-raw04-24.jpg,,,,,feature_failure,FileNotFoundError
,,,,,,,,,,,,,GP_Ip_4.7mm_closed_R5_single_refY,GP_Ip_4.7mm_closed_R5_single_refY_005,4,809,GP_Ip_4.7mm_closed_R5_single_refY_005-raw04-23,23.02921978462007,,False,,,,,,dxy_raw_candidates/images/GP_Ip_4.7mm_closed_R5_single_refY_005-raw04-23.jpg,,,,,feature_failure,FileNotFoundError
,,,,,,,,,,,,,GP_Ip_4.7mm_closed_R5_single_refY,GP_Ip_4.7mm_closed_R5_single_refY_005,4,785,GP_Ip_4.7mm_closed_R5_single_refY_005-raw04-20,22.52491424667806,,False,,,,,,dxy_raw_candidates/images/GP_Ip_4.7mm_closed_R5_single_refY_005-raw04-20.jpg,,,,,feature_failure,FileNotFoundError
619.1326203208556,773.6867469879518,7593.78432,17.227807486631015,23.67814113597246,113.49952,5610.0,581.0,3125.0,0.6661341853035144,2.0,484.1736450195313,1.0,GP_Ip_4.7mm_closed_R5_single_refY,GP_Ip_4.7mm_closed_R5_single_refY_005,5,972,GP_Ip_4.7mm_closed_R5_single_refY_005-raw05-19,31.852306845865133,7.179575463393537,True,13.373971939086914,0.8351302829823744,0.3906505703926086,66.03529175329713,176.6308277796027,dxy_raw_candidates/images/GP_Ip_4.7mm_closed_R5_single_refY_005-raw05-19.jpg,dxy_raw_candidates/masks/GP_Ip_4.7mm_closed_R5_single_refY_005-raw05-19.png,dxy_raw_candidates/ring_fit/json/GP_Ip_4.7mm_closed_R5_single_refY_005-raw05-19.json,circle,B,ok,
629.2831858407079,607.1978417266187,6800.899082568807,18.718289085545724,19.73381294964029,117.13540018981335,4746.0,556.0,3161.0,0.6523125996810207,3.0,471.8599548339844,1.0,GP_Ip_4.7mm_closed_R5_single_refY,GP_Ip_4.7mm_closed_R5_single_refY_005,5,997,GP_Ip_4.7mm_closed_R5_single_refY_005-raw05-22,31.80498827851849,7.178451701414135,True,14.05528450012207,0.838725460022065,0.4603617787361145,59.46019614033748,167.14599463710073,dxy_raw_candidates/images/GP_Ip_4.7mm_closed_R5_single_refY_005-raw05-22.jpg,dxy_raw_candidates/masks/GP_Ip_4.7mm_closed_R5_single_refY_005-raw05-22.png,dxy_raw_candidates/ring_fit/json/GP_Ip_4.7mm_closed_R5_single_refY_005-raw05-22.json,circle,A,ok,
660.486412512219,712.2717770034843,6849.37287592177,18.627370478983384,21.39547038327526,117.79127925617183,5115.0,574.0,3119.0,0.6603174603174603,4.0,479.5167846679688,1.0,GP_Ip_4.7mm_closed_R5_single_refY,GP_Ip_4.7mm_closed_R5_single_refY_005,5,1005,GP_Ip_4.7mm_closed_R5_single_refY_005-raw05-23,31.46587246914972,7.181184720012649,True,13.41502571105957,0.8482192020065056,0.3528402745723724,64.10237128938452,171.98699179739606,dxy_raw_candidates/images/GP_Ip_4.7mm_closed_R5_single_refY_005-raw05-23.jpg,dxy_raw_candidates/masks/GP_Ip_4.7mm_closed_R5_single_refY_005-raw05-23.png,dxy_raw_candidates/ring_fit/json/GP_Ip_4.7mm_closed_R5_single_refY_005-raw05-23.json,circle,A,ok,
,,,,,,,,,,,,,GP_Ip_5.6mm_closed_R10_single_refY,GP_Ip_5.6mm_closed_R10_single_refY_004,1,147,GP_Ip_5.6mm_closed_R10_single_refY_004-raw01-24,18.31037868395087,,False,,,,,,dxy_raw_candidates/images/GP_Ip_5.6mm_closed_R10_single_refY_004-raw01-24.jpg,,,,,feature_failure,FileNotFoundError
,,,,,,,,,,,,,GP_Ip_5.6mm_closed_R10_single_refY,GP_Ip_5.6mm_closed_R10_single_refY_004,1,117,GP_Ip_5.6mm_closed_R10_single_refY_004-raw01-18,18.27600793388154,,False,,,,,,dxy_raw_candidates/images/GP_Ip_5.6mm_closed_R10_single_refY_004-raw01-18.jpg,,,,,feature_failure,FileNotFoundError
,,,,,,,,,,,,,GP_Ip_5.6mm_closed_R10_single_refY,GP_Ip_5.6mm_closed_R10_single_refY_004,1,122,GP_Ip_5.6mm_closed_R10_single_refY_004-raw01-19,18.12771150460773,,False,,,,,,dxy_raw_candidates/images/GP_Ip_5.6mm_closed_R10_single_refY_004-raw01-19.jpg,,,,,feature_failure,FileNotFoundError
,,,,,,,,,,,,,GP_Ip_5.6mm_closed_R10_single_refY,GP_Ip_5.6mm_closed_R10_single_refY_004,2,197,GP_Ip_5.6mm_closed_R10_single_refY_004-raw02-10,19.63157794330621,,False,,,,,,dxy_raw_candidates/images/GP_Ip_5.6mm_closed_R10_single_refY_004-raw02-10.jpg,,,,,feature_failure,FileNotFoundError
,,,,,,,,,,,,,GP_Ip_5.6mm_closed_R10_single_refY,GP_Ip_5.6mm_closed_R10_single_refY_004,2,212,GP_Ip_5.6mm_closed_R10_single_refY_004-raw02-13,19.304269609746807,,False,,,,,,dxy_raw_candidates/images/GP_Ip_5.6mm_closed_R10_single_refY_004-raw02-13.jpg,,,,,feature_failure,FileNotFoundError
,,,,,,,,,,,,,GP_Ip_5.6mm_closed_R10_single_refY,GP_Ip_5.6mm_closed_R10_single_refY_004,2,207,GP_Ip_5.6mm_closed_R10_single_refY_004-raw02-12,18.95443125715845,,False,,,,,,dxy_raw_candidates/images/GP_Ip_5.6mm_closed_R10_single_refY_004-raw02-12.jpg,,,,,feature_failure,FileNotFoundError
,,,,,,,,,,,,,GP_Ip_5.6mm_closed_R10_single_refY,GP_Ip_5.6mm_closed_R10_single_refY_004,3,365,GP_Ip_5.6mm_closed_R10_single_refY_004-raw03-20,29.61291224308249,,False,,,,,,dxy_raw_candidates/images/GP_Ip_5.6mm_closed_R10_single_refY_004-raw03-20.jpg,,,,,feature_failure,FileNotFoundError
,,,,,,,,,,,,,GP_Ip_5.6mm_closed_R10_single_refY,GP_Ip_5.6mm_closed_R10_single_refY_004,3,360,GP_Ip_5.6mm_closed_R10_single_refY_004-raw03-19,29.141646921751235,,False,,,,,,dxy_raw_candidates/images/GP_Ip_5.6mm_closed_R10_single_refY_004-raw03-19.jpg,,,,,feature_failure,FileNotFoundError
,,,,,,,,,,,,,GP_Ip_5.6mm_closed_R10_single_refY,GP_Ip_5.6mm_closed_R10_single_refY_004,3,355,GP_Ip_5.6mm_closed_R10_single_refY_004-raw03-18,27.533823582924715,,False,,,,,,dxy_raw_candidates/images/GP_Ip_5.6mm_closed_R10_single_refY_004-raw03-18.jpg,,,,,feature_failure,FileNotFoundError
,,,,,,,,,,,,,GP_Ip_5.6mm_closed_R10_single_refY,GP_Ip_5.6mm_closed_R10_single_refY_004,4,400,GP_Ip_5.6mm_closed_R10_single_refY_004-raw04-03,27.04684230696596,,False,,,,,,dxy_raw_candidates/images/GP_Ip_5.6mm_closed_R10_single_refY_004-raw04-03.jpg,,,,,feature_failure,FileNotFoundError
,,,,,,,,,,,,,GP_Ip_5.6mm_closed_R10_single_refY,GP_Ip_5.6mm_closed_R10_single_refY_004,4,395,GP_Ip_5.6mm_closed_R10_single_refY_004-raw04-02,26.445858197624315,,False,,,,,,dxy_raw_candidates/images/GP_Ip_5.6mm_closed_R10_single_refY_004-raw04-02.jpg,,,,,feature_failure,FileNotFoundError
,,,,,,,,,,,,,GP_Ip_5.6mm_closed_R10_single_refY,GP_Ip_5.6mm_closed_R10_single_refY_004,4,390,GP_Ip_5.6mm_closed_R10_single_refY_004-raw04-01,26.42848185756354,,False,,,,,,dxy_raw_candidates/images/GP_Ip_5.6mm_closed_R10_single_refY_004-raw04-01.jpg,,,,,feature_failure,FileNotFoundError
,,,,,,,,,,,,,GP_Ip_5.6mm_closed_R10_single_refY,GP_Ip_5.6mm_closed_R10_single_refY_004,5,545,GP_Ip_5.6mm_closed_R10_single_refY_004-raw05-08,26.693181213939344,,False,,,,,,dxy_raw_candidates/images/GP_Ip_5.6mm_closed_R10_single_refY_004-raw05-08.jpg,,,,,feature_failure,FileNotFoundError
,,,,,,,,,,,,,GP_Ip_5.6mm_closed_R10_single_refY,GP_Ip_5.6mm_closed_R10_single_refY_004,5,550,GP_Ip_5.6mm_closed_R10_single_refY_004-raw05-09,26.38244876858628,,False,,,,,,dxy_raw_candidates/images/GP_Ip_5.6mm_closed_R10_single_refY_004-raw05-09.jpg,,,,,feature_failure,FileNotFoundError
,,,,,,,,,,,,,GP_Ip_5.6mm_closed_R10_single_refY,GP_Ip_5.6mm_closed_R10_single_refY_004,5,540,GP_Ip_5.6mm_closed_R10_single_refY_004-raw05-07,25.07509908412888,,False,,,,,,dxy_raw_candidates/images/GP_Ip_5.6mm_closed_R10_single_refY_004-raw05-07.jpg,,,,,feature_failure,FileNotFoundError
1559.9502626970227,2872.567849686848,14783.324861878453,50.65481611208406,114.74217118997912,407.1613259668508,11420.0,958.0,3620.0,0.8189655172413793,2.0,331.877197265625,1.0,GP_Ip_5.6mm_closed_R10_single_refY,GP_Ip_5.6mm_closed_R10_single_refY_005,1,78,GP_Ip_5.6mm_closed_R10_single_refY_005-raw01-08,32.35971889518339,7.460364957404338,True,208.0327911376953,0.8588502104182159,0.7940570712089539,6.047043747685962,125.79833889628614,dxy_raw_candidates/images/GP_Ip_5.6mm_closed_R10_single_refY_005-raw01-08.jpg,dxy_raw_candidates/masks/GP_Ip_5.6mm_closed_R10_single_refY_005-raw01-08.png,dxy_raw_candidates/ring_fit/json/GP_Ip_5.6mm_closed_R10_single_refY_005-raw01-08.json,circle,B,ok,
1655.0566469914545,3284.655426765016,12789.546857772875,63.65218923442868,111.49420442571127,447.0576074972437,11351.0,949.0,3628.0,0.8189655172413793,1.0,331.6345520019531,1.0,GP_Ip_5.6mm_closed_R10_single_refY,GP_Ip_5.6mm_closed_R10_single_refY_005,1,72,GP_Ip_5.6mm_closed_R10_single_refY_005-raw01-07,30.835755895966653,7.453920766105209,True,207.75303649902344,0.8573012974444918,0.7426667809486389,6.025600302341602,125.18367595409016,dxy_raw_candidates/images/GP_Ip_5.6mm_closed_R10_single_refY_005-raw01-07.jpg,dxy_raw_candidates/masks/GP_Ip_5.6mm_closed_R10_single_refY_005-raw01-07.png,dxy_raw_candidates/ring_fit/json/GP_Ip_5.6mm_closed_R10_single_refY_005-raw01-07.json,circle,B,ok,
1657.266549295775,3145.9474237644586,12742.514900662252,62.48107394366197,104.09463722397476,439.9575055187638,11360.0,951.0,3624.0,0.8189655172413793,1.0,331.6345520019531,1.0,GP_Ip_5.6mm_closed_R10_single_refY,GP_Ip_5.6mm_closed_R10_single_refY_005,1,67,GP_Ip_5.6mm_closed_R10_single_refY_005-raw01-06,30.20633073023925,7.452961018636461,True,207.8159942626953,0.8566880363725503,0.7138747572898865,6.024152588822147,125.19152598362666,dxy_raw_candidates/images/GP_Ip_5.6mm_closed_R10_single_refY_005-raw01-06.jpg,dxy_raw_candidates/masks/GP_Ip_5.6mm_closed_R10_single_refY_005-raw01-06.png,dxy_raw_candidates/ring_fit/json/GP_Ip_5.6mm_closed_R10_single_refY_005-raw01-06.json,circle,B,ok,
1802.3461674320029,2005.5892648774795,19576.09822419534,66.97783468738962,62.3220536756126,532.3473917869035,11324.0,857.0,3604.0,0.827683615819209,2.0,332.8355712890625,1.0,GP_Ip_5.6mm_closed_R10_single_refY,GP_Ip_5.6mm_closed_R10_single_refY_005,2,205,GP_Ip_5.6mm_closed_R10_single_refY_005-raw02-06,34.583199774159304,7.4423767162911965,True,207.247802734375,0.8546862565204322,1.0228759050369265,6.007781805026067,124.5099578399212,dxy_raw_candidates/images/GP_Ip_5.6mm_closed_R10_single_refY_005-raw02-06.jpg,dxy_raw_candidates/masks/GP_Ip_5.6mm_closed_R10_single_refY_005-raw02-06.png,dxy_raw_candidates/ring_fit/json/GP_Ip_5.6mm_closed_R10_single_refY_005-raw02-06.json,circle,B,ok,
1645.2051905920518,2973.1316872427983,19127.53858875413,60.03298188699649,115.54526748971192,489.84592061742006,11097.0,972.0,3628.0,0.9337175792507204,10.0,362.4629775285721,1.0,GP_Ip_5.6mm_closed_R10_single_refY,GP_Ip_5.6mm_closed_R10_single_refY_005,2,210,GP_Ip_5.6mm_closed_R10_single_refY_005-raw02-07,33.805534560722776,7.435889015664792,True,207.67135620117188,0.869998256388822,0.9223206639289856,5.878877185585687,122.08743980707098,dxy_raw_candidates/images/GP_Ip_5.6mm_closed_R10_single_refY_005-raw02-07.jpg,dxy_raw_candidates/masks/GP_Ip_5.6mm_closed_R10_single_refY_005-raw02-07.png,dxy_raw_candidates/ring_fit/json/GP_Ip_5.6mm_closed_R10_single_refY_005-raw02-07.json,circle,A,ok,
1756.5548558758314,2264.108229988726,20811.659645232816,64.5690465631929,74.10372040586246,572.6227827050998,11275.0,887.0,3608.0,0.8323863636363636,1.0,334.6640014648437,1.0,GP_Ip_5.6mm_closed_R10_single_refY,GP_Ip_5.6mm_closed_R10_single_refY_005,2,199,GP_Ip_5.6mm_closed_R10_single_refY_005-raw02-05,33.75180644940858,7.439217138904784,True,207.6190490722656,0.8567920790069471,0.9381695985794068,5.975220106876515,124.0569516587186,dxy_raw_candidates/images/GP_Ip_5.6mm_closed_R10_single_refY_005-raw02-05.jpg,dxy_raw_candidates/masks/GP_Ip_5.6mm_closed_R10_single_refY_005-raw02-05.png,dxy_raw_candidates/ring_fit/json/GP_Ip_5.6mm_closed_R10_single_refY_005-raw02-05.json,circle,B,ok,
1087.499023957409,6023.96682464455,16935.816577540107,34.25634427684117,279.9443127962085,531.0347593582887,11270.0,844.0,3740.0,0.9605633802816902,2.0,394.0904235839844,1.0,GP_Ip_5.6mm_closed_R10_single_refY,GP_Ip_5.6mm_closed_R10_single_refY_005,3,418,GP_Ip_5.6mm_closed_R10_single_refY_005-raw03-19,40.09862488503988,7.358800493752573,True,212.7000274658203,0.8766531098788479,1.130024552345276,5.701550995169882,121.27200532704109,dxy_raw_candidates/images/GP_Ip_5.6mm_closed_R10_single_refY_005-raw03-19.jpg,dxy_raw_candidates/masks/GP_Ip_5.6mm_closed_R10_single_refY_005-raw03-19.png,dxy_raw_candidates/ring_fit/json/GP_Ip_5.6mm_closed_R10_single_refY_005-raw03-19.json,circle,B,ok,
1055.3225949199043,6478.8243727598565,17622.77564102564,31.10036286397026,297.7323775388292,508.7182158119658,11299.0,837.0,3744.0,0.9491525423728814,2.0,389.0904159545898,1.0,GP_Ip_5.6mm_closed_R10_single_refY,GP_Ip_5.6mm_closed_R10_single_refY_005,3,429,GP_Ip_5.6mm_closed_R10_single_refY_005-raw03-21,39.5636398587533,7.3621582545197635,True,212.7070770263672,0.8754245735889599,1.157535433769226,5.741412620005539,122.12390964036751,dxy_raw_candidates/images/GP_Ip_5.6mm_closed_R10_single_refY_005-raw03-21.jpg,dxy_raw_candidates/masks/GP_Ip_5.6mm_closed_R10_single_refY_005-raw03-21.png,dxy_raw_candidates/ring_fit/json/GP_Ip_5.6mm_closed_R10_single_refY_005-raw03-21.json,circle,A,ok,
1035.6672,6090.634844868735,16635.76115415442,30.419555555555554,303.01073985680193,487.32914774245256,11250.0,838.0,3743.0,0.952112676056338,2.0,389.8477783203125,1.0,GP_Ip_5.6mm_closed_R10_single_refY,GP_Ip_5.6mm_closed_R10_single_refY_005,3,423,GP_Ip_5.6mm_closed_R10_single_refY_005-raw03-20,39.31944283242755,7.3621391509578995,True,212.64756774902344,0.8760011956248535,1.1443910598754885,5.6971395016856725,121.14828581603425,dxy_raw_candidates/images/GP_Ip_5.6mm_closed_R10_single_refY_005-raw03-20.jpg,dxy_raw_candidates/masks/GP_Ip_5.6mm_closed_R10_single_refY_005-raw03-20.png,dxy_raw_candidates/ring_fit/json/GP_Ip_5.6mm_closed_R10_single_refY_005-raw03-20.json,circle,A,ok,
1482.386237165922,6735.982051282052,25354.42956694873,58.229249941217965,387.9794871794872,720.0993031358885,12759.0,780.0,4018.0,0.9636363636363636,2.0,422.8477630615234,1.0,GP_Ip_5.6mm_closed_R10_single_refY,GP_Ip_5.6mm_closed_R10_single_refY_005,4,556,GP_Ip_5.6mm_closed_R10_single_refY_005-raw04-19,63.34334281279836,7.33223184070169,True,230.62977600097656,0.8560471302286347,1.3121899366378784,5.545925462084688,127.90555470387066,dxy_raw_candidates/images/GP_Ip_5.6mm_closed_R10_single_refY_005-raw04-19.jpg,dxy_raw_candidates/masks/GP_Ip_5.6mm_closed_R10_single_refY_005-raw04-19.png,dxy_raw_candidates/ring_fit/json/GP_Ip_5.6mm_closed_R10_single_refY_005-raw04-19.json,circle,B,ok,
1477.9164380340203,6735.710256410256,25309.14953968649,58.09814219644117,390.08589743589744,720.3777058969893,12757.0,780.0,4019.0,0.9636363636363636,2.0,422.8477630615234,1.0,GP_Ip_5.6mm_closed_R10_single_refY,GP_Ip_5.6mm_closed_R10_single_refY_005,4,561,GP_Ip_5.6mm_closed_R10_single_refY_005-raw04-20,63.32832871952294,7.332326208564531,True,230.4227905273437,0.8577674188668412,1.3165541887283323,5.52030254524699,127.20035170310102,dxy_raw_candidates/images/GP_Ip_5.6mm_closed_R10_single_refY_005-raw04-20.jpg,dxy_raw_candidates/masks/GP_Ip_5.6mm_closed_R10_single_refY_005-raw04-20.png,dxy_raw_candidates/ring_fit/json/GP_Ip_5.6mm_closed_R10_single_refY_005-raw04-20.json,circle,A,ok,
1277.0685451955042,3865.3715012722646,29332.83433133733,43.53466835523192,124.57251908396948,793.622255489022,12634.0,786.0,4008.0,0.9661458333333334,2.0,423.26197814941406,1.0,GP_Ip_5.6mm_closed_R10_single_refY,GP_Ip_5.6mm_closed_R10_single_refY_005,4,550,GP_Ip_5.6mm_closed_R10_single_refY_005-raw04-18,59.6593694090843,7.339316274332392,True,230.26828002929688,0.8631400711252667,1.161596655845642,5.446928208029402,125.42547899059927,dxy_raw_candidates/images/GP_Ip_5.6mm_closed_R10_single_refY_005-raw04-18.jpg,dxy_raw_candidates/masks/GP_Ip_5.6mm_closed_R10_single_refY_005-raw04-18.png,dxy_raw_candidates/ring_fit/json/GP_Ip_5.6mm_closed_R10_single_refY_005-raw04-18.json,circle,B,ok,
523.7998512519627,2196.4709219858155,11760.149795501022,19.1291628791009,47.93617021276596,381.65567484662574,12101.0,705.0,3912.0,0.9713541666666666,2.0,424.8477783203125,1.0,GP_Ip_5.6mm_closed_R10_single_refY,GP_Ip_5.6mm_closed_R10_single_refY_005,5,717,GP_Ip_5.6mm_closed_R10_single_refY_005-raw05-23,83.9360863379479,7.172540755965439,True,223.93760681152344,0.8597818235016074,1.497644066810608,6.4314643490466565,144.0246734619141,dxy_raw_candidates/images/GP_Ip_5.6mm_closed_R10_single_refY_005-raw05-23.jpg,dxy_raw_candidates/masks/GP_Ip_5.6mm_closed_R10_single_refY_005-raw05-23.png,dxy_raw_candidates/ring_fit/json/GP_Ip_5.6mm_closed_R10_single_refY_005-raw05-23.json,ellipse,B,ok,
523.903990746096,2194.2156028368795,11762.062883435585,19.133355366438074,47.822695035461,380.702709611452,12103.0,705.0,3912.0,0.9713541666666666,2.0,424.8477783203125,1.0,GP_Ip_5.6mm_closed_R10_single_refY,GP_Ip_5.6mm_closed_R10_single_refY_005,5,712,GP_Ip_5.6mm_closed_R10_single_refY_005-raw05-22,83.91740688881585,7.172537761266673,True,223.943099975586,0.8597818235016074,1.497644066810608,6.58405655453946,147.44540352381432,dxy_raw_candidates/images/GP_Ip_5.6mm_closed_R10_single_refY_005-raw05-22.jpg,dxy_raw_candidates/masks/GP_Ip_5.6mm_closed_R10_single_refY_005-raw05-22.png,dxy_raw_candidates/ring_fit/json/GP_Ip_5.6mm_closed_R10_single_refY_005-raw05-22.json,circle,B,ok,
501.09353330108047,1721.3491620111731,12291.46757852077,17.987098855023383,40.45111731843576,403.468085106383,12402.0,716.0,3948.0,0.9742268041237112,2.0,433.1614379882813,1.0,GP_Ip_5.6mm_closed_R10_single_refY,GP_Ip_5.6mm_closed_R10_single_refY_005,5,723,GP_Ip_5.6mm_closed_R10_single_refY_005-raw05-24,78.68884093037241,7.169630433736469,True,225.9674530029297,0.8549281343475806,1.7194628715515137,6.876167114041097,155.3789969182373,dxy_raw_candidates/images/GP_Ip_5.6mm_closed_R10_single_refY_005-raw05-24.jpg,dxy_raw_candidates/masks/GP_Ip_5.6mm_closed_R10_single_refY_005-raw05-24.png,dxy_raw_candidates/ring_fit/json/GP_Ip_5.6mm_closed_R10_single_refY_005-raw05-24.json,circle,A,ok,
,,,,,,,,,,,,,GP_Ip_6.2mm_closed_R10_single_refY,GP_Ip_6.2mm_closed_R10_single_refY_004,1,68,GP_Ip_6.2mm_closed_R10_single_refY_004-raw01-06,15.694601765007445,,False,,,,,,dxy_raw_candidates/images/GP_Ip_6.2mm_closed_R10_single_refY_004-raw01-06.jpg,,,,,feature_failure,FileNotFoundError
,,,,,,,,,,,,,GP_Ip_6.2mm_closed_R10_single_refY,GP_Ip_6.2mm_closed_R10_single_refY_004,1,98,GP_Ip_6.2mm_closed_R10_single_refY_004-raw01-11,15.25200594625473,,False,,,,,,dxy_raw_candidates/images/GP_Ip_6.2mm_closed_R10_single_refY_004-raw01-11.jpg,,,,,feature_failure,FileNotFoundError
,,,,,,,,,,,,,GP_Ip_6.2mm_closed_R10_single_refY,GP_Ip_6.2mm_closed_R10_single_refY_004,1,51,GP_Ip_6.2mm_closed_R10_single_refY_004-raw01-03,14.925622683979546,,False,,,,,,dxy_raw_candidates/images/GP_Ip_6.2mm_closed_R10_single_refY_004-raw01-03.jpg,,,,,feature_failure,FileNotFoundError
,,,,,,,,,,,,,GP_Ip_6.2mm_closed_R10_single_refY,GP_Ip_6.2mm_closed_R10_single_refY_004,2,233,GP_Ip_6.2mm_closed_R10_single_refY_004-raw02-10,13.926881347486702,,False,,,,,,dxy_raw_candidates/images/GP_Ip_6.2mm_closed_R10_single_refY_004-raw02-10.jpg,,,,,feature_failure,FileNotFoundError
,,,,,,,,,,,,,GP_Ip_6.2mm_closed_R10_single_refY,GP_Ip_6.2mm_closed_R10_single_refY_004,2,274,GP_Ip_6.2mm_closed_R10_single_refY_004-raw02-17,13.11374758072841,,False,,,,,,dxy_raw_candidates/images/GP_Ip_6.2mm_closed_R10_single_refY_004-raw02-17.jpg,,,,,feature_failure,FileNotFoundError
,,,,,,,,,,,,,GP_Ip_6.2mm_closed_R10_single_refY,GP_Ip_6.2mm_closed_R10_single_refY_004,2,245,GP_Ip_6.2mm_closed_R10_single_refY_004-raw02-12,12.674834793637126,,False,,,,,,dxy_raw_candidates/images/GP_Ip_6.2mm_closed_R10_single_refY_004-raw02-12.jpg,,,,,feature_failure,FileNotFoundError
,,,,,,,,,,,,,GP_Ip_6.2mm_closed_R10_single_refY,GP_Ip_6.2mm_closed_R10_single_refY_004,3,450,GP_Ip_6.2mm_closed_R10_single_refY_004-raw03-23,16.42434014643445,,False,,,,,,dxy_raw_candidates/images/GP_Ip_6.2mm_closed_R10_single_refY_004-raw03-23.jpg,,,,,feature_failure,FileNotFoundError
,,,,,,,,,,,,,GP_Ip_6.2mm_closed_R10_single_refY,GP_Ip_6.2mm_closed_R10_single_refY_004,3,444,GP_Ip_6.2mm_closed_R10_single_refY_004-raw03-22,15.832124373805676,,False,,,,,,dxy_raw_candidates/images/GP_Ip_6.2mm_closed_R10_single_refY_004-raw03-22.jpg,,,,,feature_failure,FileNotFoundError
,,,,,,,,,,,,,GP_Ip_6.2mm_closed_R10_single_refY,GP_Ip_6.2mm_closed_R10_single_refY_004,3,456,GP_Ip_6.2mm_closed_R10_single_refY_004-raw03-24,15.518817093385296,,False,,,,,,dxy_raw_candidates/images/GP_Ip_6.2mm_closed_R10_single_refY_004-raw03-24.jpg,,,,,feature_failure,FileNotFoundError
,,,,,,,,,,,,,GP_Ip_6.2mm_closed_R10_single_refY,GP_Ip_6.2mm_closed_R10_single_refY_004,4,562,GP_Ip_6.2mm_closed_R10_single_refY_004-raw04-18,23.52800764069263,,False,,,,,,dxy_raw_candidates/images/GP_Ip_6.2mm_closed_R10_single_refY_004-raw04-18.jpg,,,,,feature_failure,FileNotFoundError
,,,,,,,,,,,,,GP_Ip_6.2mm_closed_R10_single_refY,GP_Ip_6.2mm_closed_R10_single_refY_004,4,597,GP_Ip_6.2mm_closed_R10_single_refY_004-raw04-24,22.98842009551319,,False,,,,,,dxy_raw_candidates/images/GP_Ip_6.2mm_closed_R10_single_refY_004-raw04-24.jpg,,,,,feature_failure,FileNotFoundError
,,,,,,,,,,,,,GP_Ip_6.2mm_closed_R10_single_refY,GP_Ip_6.2mm_closed_R10_single_refY_004,4,550,GP_Ip_6.2mm_closed_R10_single_refY_004-raw04-16,22.834869053141272,,False,,,,,,dxy_raw_candidates/images/GP_Ip_6.2mm_closed_R10_single_refY_004-raw04-16.jpg,,,,,feature_failure,FileNotFoundError
,,,,,,,,,,,,,GP_Ip_6.2mm_closed_R10_single_refY,GP_Ip_6.2mm_closed_R10_single_refY_004,5,721,GP_Ip_6.2mm_closed_R10_single_refY_004-raw05-21,26.94042747749988,,False,,,,,,dxy_raw_candidates/images/GP_Ip_6.2mm_closed_R10_single_refY_004-raw05-21.jpg,,,,,feature_failure,FileNotFoundError
,,,,,,,,,,,,,GP_Ip_6.2mm_closed_R10_single_refY,GP_Ip_6.2mm_closed_R10_single_refY_004,5,726,GP_Ip_6.2mm_closed_R10_single_refY_004-raw05-22,25.88658952427499,,False,,,,,,dxy_raw_candidates/images/GP_Ip_6.2mm_closed_R10_single_refY_004-raw05-22.jpg,,,,,feature_failure,FileNotFoundError
,,,,,,,,,,,,,GP_Ip_6.2mm_closed_R10_single_refY,GP_Ip_6.2mm_closed_R10_single_refY_004,5,738,GP_Ip_6.2mm_closed_R10_single_refY_004-raw05-24,25.496629774004138,,False,,,,,,dxy_raw_candidates/images/GP_Ip_6.2mm_closed_R10_single_refY_004-raw05-24.jpg,,,,,feature_failure,FileNotFoundError
,,,,,,,,,,,,,GP_Ip_6.2mm_closed_R10_single_refY,GP_Ip_6.2mm_closed_R10_single_refY_005,1,45,GP_Ip_6.2mm_closed_R10_single_refY_005-raw01-05,28.661250847709336,,False,,,,,,dxy_raw_candidates/images/GP_Ip_6.2mm_closed_R10_single_refY_005-raw01-05.jpg,,,,,feature_failure,FileNotFoundError
,,,,,,,,,,,,,GP_Ip_6.2mm_closed_R10_single_refY,GP_Ip_6.2mm_closed_R10_single_refY_005,1,41,GP_Ip_6.2mm_closed_R10_single_refY_005-raw01-04,27.239622216754498,,False,,,,,,dxy_raw_candidates/images/GP_Ip_6.2mm_closed_R10_single_refY_005-raw01-04.jpg,,,,,feature_failure,FileNotFoundError
,,,,,,,,,,,,,GP_Ip_6.2mm_closed_R10_single_refY,GP_Ip_6.2mm_closed_R10_single_refY_005,1,28,GP_Ip_6.2mm_closed_R10_single_refY_005-raw01-01,27.116742436896423,,False,,,,,,dxy_raw_candidates/images/GP_Ip_6.2mm_closed_R10_single_refY_005-raw01-01.jpg,,,,,feature_failure,FileNotFoundError
,,,,,,,,,,,,,GP_Ip_6.2mm_closed_R10_single_refY,GP_Ip_6.2mm_closed_R10_single_refY_005,2,225,GP_Ip_6.2mm_closed_R10_single_refY_005-raw02-23,30.028000558159665,,False,,,,,,dxy_raw_candidates/images/GP_Ip_6.2mm_closed_R10_single_refY_005-raw02-23.jpg,,,,,feature_failure,FileNotFoundError
,,,,,,,,,,,,,GP_Ip_6.2mm_closed_R10_single_refY,GP_Ip_6.2mm_closed_R10_single_refY_005,2,230,GP_Ip_6.2mm_closed_R10_single_refY_005-raw02-24,28.25400273724661,,False,,,,,,dxy_raw_candidates/images/GP_Ip_6.2mm_closed_R10_single_refY_005-raw02-24.jpg,,,,,feature_failure,FileNotFoundError
,,,,,,,,,,,,,GP_Ip_6.2mm_closed_R10_single_refY,GP_Ip_6.2mm_closed_R10_single_refY_005,2,221,GP_Ip_6.2mm_closed_R10_single_refY_005-raw02-22,25.699392621347634,,False,,,,,,dxy_raw_candidates/images/GP_Ip_6.2mm_closed_R10_single_refY_005-raw02-22.jpg,,,,,feature_failure,FileNotFoundError
,,,,,,,,,,,,,GP_Ip_6.2mm_closed_R10_single_refY,GP_Ip_6.2mm_closed_R10_single_refY_005,3,333,GP_Ip_6.2mm_closed_R10_single_refY_005-raw03-24,33.0403243144459,,False,,,,,,dxy_raw_candidates/images/GP_Ip_6.2mm_closed_R10_single_refY_005-raw03-24.jpg,,,,,feature_failure,FileNotFoundError
,,,,,,,,,,,,,GP_Ip_6.2mm_closed_R10_single_refY,GP_Ip_6.2mm_closed_R10_single_refY_005,3,277,GP_Ip_6.2mm_closed_R10_single_refY_005-raw03-11,32.574526803758424,,False,,,,,,dxy_raw_candidates/images/GP_Ip_6.2mm_closed_R10_single_refY_005-raw03-11.jpg,,,,,feature_failure,FileNotFoundError
,,,,,,,,,,,,,GP_Ip_6.2mm_closed_R10_single_refY,GP_Ip_6.2mm_closed_R10_single_refY_005,3,281,GP_Ip_6.2mm_closed_R10_single_refY_005-raw03-12,32.353885314771865,,False,,,,,,dxy_raw_candidates/images/GP_Ip_6.2mm_closed_R10_single_refY_005-raw03-12.jpg,,,,,feature_failure,FileNotFoundError
,,,,,,,,,,,,,GP_Ip_6.2mm_closed_R10_single_refY,GP_Ip_6.2mm_closed_R10_single_refY_005,4,358,GP_Ip_6.2mm_closed_R10_single_refY_005-raw04-06,42.13797823755712,,False,,,,,,dxy_raw_candidates/images/GP_Ip_6.2mm_closed_R10_single_refY_005-raw04-06.jpg,,,,,feature_failure,FileNotFoundError
,,,,,,,,,,,,,GP_Ip_6.2mm_closed_R10_single_refY,GP_Ip_6.2mm_closed_R10_single_refY_005,4,389,GP_Ip_6.2mm_closed_R10_single_refY_005-raw04-13,42.10392994244896,,False,,,,,,dxy_raw_candidates/images/GP_Ip_6.2mm_closed_R10_single_refY_005-raw04-13.jpg,,,,,feature_failure,FileNotFoundError
,,,,,,,,,,,,,GP_Ip_6.2mm_closed_R10_single_refY,GP_Ip_6.2mm_closed_R10_single_refY_005,4,397,GP_Ip_6.2mm_closed_R10_single_refY_005-raw04-15,41.88775578204497,,False,,,,,,dxy_raw_candidates/images/GP_Ip_6.2mm_closed_R10_single_refY_005-raw04-15.jpg,,,,,feature_failure,FileNotFoundError
364.53192723055736,1502.6295149638802,12371.402464454975,9.652315720808872,43.6749226006192,197.6616113744076,27594.0,969.0,5275.0,0.9773519163763066,2.0,653.440673828125,1.0,GP_Ip_6.2mm_closed_R10_single_refY,GP_Ip_6.2mm_closed_R10_single_refY_005,5,453,GP_Ip_6.2mm_closed_R10_single_refY_005-raw05-04,46.84400018522357,7.18762228825113,True,296.0475769042969,0.8961361088242401,4.770135402679443,6.545073315595795,193.7653095743109,dxy_raw_candidates/images/GP_Ip_6.2mm_closed_R10_single_refY_005-raw05-04.jpg,dxy_raw_candidates/masks/GP_Ip_6.2mm_closed_R10_single_refY_005-raw05-04.png,dxy_raw_candidates/ring_fit/json/GP_Ip_6.2mm_closed_R10_single_refY_005-raw05-04.json,circle,B,ok,
296.4588997224397,647.0692864529473,11004.080304471932,8.374421749341684,33.44984488107549,174.5358705994291,28102.0,967.0,5255.0,0.9723661485319516,2.0,650.4701538085938,1.0,GP_Ip_6.2mm_closed_R10_single_refY,GP_Ip_6.2mm_closed_R10_single_refY_005,5,529,GP_Ip_6.2mm_closed_R10_single_refY_005-raw05-21,46.22023724890814,7.209129245882098,True,298.84552001953125,0.8915781110096361,3.8653600215911865,6.486275896536947,193.8394493290736,dxy_raw_candidates/images/GP_Ip_6.2mm_closed_R10_single_refY_005-raw05-21.jpg,dxy_raw_candidates/masks/GP_Ip_6.2mm_closed_R10_single_refY_005-raw05-21.png,dxy_raw_candidates/ring_fit/json/GP_Ip_6.2mm_closed_R10_single_refY_005-raw05-21.json,circle,A,ok,
297.78013479957434,629.9504132231405,10944.146230007616,8.305604824405817,35.25206611570248,170.5034272658035,28190.0,968.0,5252.0,0.9724612736660928,2.0,651.2274475097656,1.0,GP_Ip_6.2mm_closed_R10_single_refY,GP_Ip_6.2mm_closed_R10_single_refY_005,5,525,GP_Ip_6.2mm_closed_R10_single_refY_005-raw05-20,45.288439343505445,7.208364608152877,True,299.1694030761719,0.8961378386492351,3.665370464324951,6.507442468146231,194.68276787478428,dxy_raw_candidates/images/GP_Ip_6.2mm_closed_R10_single_refY_005-raw05-20.jpg,dxy_raw_candidates/masks/GP_Ip_6.2mm_closed_R10_single_refY_005-raw05-20.png,dxy_raw_candidates/ring_fit/json/GP_Ip_6.2mm_closed_R10_single_refY_005-raw05-20.json,circle,B,ok,
537.63455960922,1462.711330049261,7963.334705075445,12.816402076018928,52.097536945812806,74.66872427983539,26204.0,1015.0,2916.0,0.6362672322375398,10.0,675.7421536445618,1.0,GP_Ip_6.2mm_closed_R5_single_refY,GP_Ip_6.2mm_closed_R5_single_refY_004,1,137,GP_Ip_6.2mm_closed_R5_single_refY_004-raw01-10,13.84989335935616,7.775895385417527,True,189.4000396728516,0.4771049157684671,5.618732929229736,5.7298661521515575,217.0473753075275,dxy_raw_candidates/images/GP_Ip_6.2mm_closed_R5_single_refY_004-raw01-10.jpg,dxy_raw_candidates/masks/GP_Ip_6.2mm_closed_R5_single_refY_004-raw01-10.png,dxy_raw_candidates/ring_fit/json/GP_Ip_6.2mm_closed_R5_single_refY_004-raw01-10.json,circle,A,ok,
586.763808312803,1205.5014895729892,7252.805926996747,10.97226416593817,30.45382323733863,67.74485001807011,25166.0,1007.0,2767.0,0.6283185840707964,5.0,647.0853385925293,1.0,GP_Ip_6.2mm_closed_R5_single_refY,GP_Ip_6.2mm_closed_R5_single_refY_004,1,102,GP_Ip_6.2mm_closed_R5_single_refY_004-raw01-06,13.814481108865628,7.7835549830447635,True,185.2933959960937,0.4577061534132711,6.383396625518799,5.656741619085781,209.6313729745697,dxy_raw_candidates/images/GP_Ip_6.2mm_closed_R5_single_refY_004-raw01-06.jpg,dxy_raw_candidates/masks/GP_Ip_6.2mm_closed_R5_single_refY_004-raw01-06.png,dxy_raw_candidates/ring_fit/json/GP_Ip_6.2mm_closed_R5_single_refY_004-raw01-06.json,circle,B,ok,
618.8042141571685,1801.68574199806,8271.476825842698,14.049077684463107,54.94762366634336,78.53300561797752,26672.0,1031.0,2848.0,0.6236559139784946,8.0,658.5706323385239,1.0,GP_Ip_6.2mm_closed_R5_single_refY,GP_Ip_6.2mm_closed_R5_single_refY_004,1,172,GP_Ip_6.2mm_closed_R5_single_refY_004-raw01-14,13.788139060209998,7.786844493012041,True,191.403076171875,0.4538585169437782,6.517503261566162,5.701112284023529,218.2420857526737,dxy_raw_candidates/images/GP_Ip_6.2mm_closed_R5_single_refY_004-raw01-14.jpg,dxy_raw_candidates/masks/GP_Ip_6.2mm_closed_R5_single_refY_004-raw01-14.png,dxy_raw_candidates/ring_fit/json/GP_Ip_6.2mm_closed_R5_single_refY_004-raw01-14.json,circle,B,ok,
467.8437345690736,1394.9919517102617,5283.799467021985,10.736202377787064,27.017102615694164,47.18620919387075,26327.0,994.0,3002.0,0.621196222455404,11.0,671.2985595464706,1.0,GP_Ip_6.2mm_closed_R5_single_refY,GP_Ip_6.2mm_closed_R5_single_refY_004,2,454,GP_Ip_6.2mm_closed_R5_single_refY_004-raw02-22,11.714622034477896,7.712974949839783,True,183.1988677978516,0.5323751693438358,3.487610340118408,6.164922183029788,225.881352798584,dxy_raw_candidates/images/GP_Ip_6.2mm_closed_R5_single_refY_004-raw02-22.jpg,dxy_raw_candidates/masks/GP_Ip_6.2mm_closed_R5_single_refY_004-raw02-22.png,dxy_raw_candidates/ring_fit/json/GP_Ip_6.2mm_closed_R5_single_refY_004-raw02-22.json,circle,A,ok,
482.8594645958256,584.2728110599078,4774.9374209860935,11.656345227563158,24.647926267281107,45.70701643489255,30519.0,1085.0,3164.0,0.6199407699901284,11.0,708.1269491910934,1.0,GP_Ip_6.2mm_closed_R5_single_refY,GP_Ip_6.2mm_closed_R5_single_refY_004,2,313,GP_Ip_6.2mm_closed_R5_single_refY_004-raw02-06,11.637295975277748,7.825308182850319,True,198.3168334960937,0.4861098142782989,4.51288366317749,6.051936906380213,240.04019275829472,dxy_raw_candidates/images/GP_Ip_6.2mm_closed_R5_single_refY_004-raw02-06.jpg,dxy_raw_candidates/masks/GP_Ip_6.2mm_closed_R5_single_refY_004-raw02-06.png,dxy_raw_candidates/ring_fit/json/GP_Ip_6.2mm_closed_R5_single_refY_004-raw02-06.json,circle,A,ok,
505.963897963898,827.7384760112888,4736.931933842239,11.253044253044251,21.287864534336784,46.39790076335878,30303.0,1063.0,3144.0,0.6233894945490585,7.0,714.3695650100708,1.0,GP_Ip_6.2mm_closed_R5_single_refY,GP_Ip_6.2mm_closed_R5_single_refY_004,2,383,GP_Ip_6.2mm_closed_R5_single_refY_004-raw02-14,11.624827337051912,7.739338776367962,True,205.2457733154297,0.48761995759594,6.087582588195801,5.801685907510871,238.15430212406,dxy_raw_candidates/images/GP_Ip_6.2mm_closed_R5_single_refY_004-raw02-14.jpg,dxy_raw_candidates/masks/GP_Ip_6.2mm_closed_R5_single_refY_004-raw02-14.png,dxy_raw_candidates/ring_fit/json/GP_Ip_6.2mm_closed_R5_single_refY_004-raw02-14.json,circle,A,ok,
445.6995627077138,906.0734966592428,5414.918887262079,12.349379044953649,42.35634743875279,49.50571010248902,28585.0,898.0,3415.0,0.6423432682425488,8.0,714.340208530426,1.0,GP_Ip_6.2mm_closed_R5_single_refY,GP_Ip_6.2mm_closed_R5_single_refY_004,3,568,GP_Ip_6.2mm_closed_R5_single_refY_004-raw03-11,13.407191823884006,7.712228376852446,True,192.41807556152344,0.6918488759296538,1.0240134000778198,5.99624543484387,230.75720143344563,dxy_raw_candidates/images/GP_Ip_6.2mm_closed_R5_single_refY_004-raw03-11.jpg,dxy_raw_candidates/masks/GP_Ip_6.2mm_closed_R5_single_refY_004-raw03-11.png,dxy_raw_candidates/ring_fit/json/GP_Ip_6.2mm_closed_R5_single_refY_004-raw03-11.json,circle,A,ok,
407.3411553023204,1141.6229327453143,5841.426770708284,8.963564118903925,39.23042998897464,47.08103241296519,26677.0,907.0,3332.0,0.6288441145281018,6.0,683.9259876012802,1.0,GP_Ip_6.2mm_closed_R5_single_refY,GP_Ip_6.2mm_closed_R5_single_refY_004,3,577,GP_Ip_6.2mm_closed_R5_single_refY_004-raw03-12,13.14302838404974,7.661911729472806,True,185.5910186767578,0.7106182918458316,0.9973117709159852,6.35108892417632,235.7410126289118,dxy_raw_candidates/images/GP_Ip_6.2mm_closed_R5_single_refY_004-raw03-12.jpg,dxy_raw_candidates/masks/GP_Ip_6.2mm_closed_R5_single_refY_004-raw03-12.png,dxy_raw_candidates/ring_fit/json/GP_Ip_6.2mm_closed_R5_single_refY_004-raw03-12.json,circle,A,ok,
392.8321421193968,335.9477866061294,7486.624060150376,10.96223920677546,12.819523269012484,71.36466165413533,24205.0,881.0,3192.0,0.6218302094818081,8.0,649.1980254650116,1.0,GP_Ip_6.2mm_closed_R5_single_refY,GP_Ip_6.2mm_closed_R5_single_refY_004,3,621,GP_Ip_6.2mm_closed_R5_single_refY_004-raw03-17,13.10485124302499,7.673889175592016,True,176.59324645996094,0.7174729141159243,0.8594385385513306,6.132249166193361,216.5827576718956,dxy_raw_candidates/images/GP_Ip_6.2mm_closed_R5_single_refY_004-raw03-17.jpg,dxy_raw_candidates/masks/GP_Ip_6.2mm_closed_R5_single_refY_004-raw03-17.png,dxy_raw_candidates/ring_fit/json/GP_Ip_6.2mm_closed_R5_single_refY_004-raw03-17.json,circle,A,ok,
744.753226212301,2169.687022900763,6098.958282208589,24.480894352780474,63.56583969465649,58.08036809815951,27819.0,1048.0,3260.0,0.5526579739217653,11.0,634.0264704227448,1.0,GP_Ip_6.2mm_closed_R5_single_refY,GP_Ip_6.2mm_closed_R5_single_refY_004,4,797,GP_Ip_6.2mm_closed_R5_single_refY_004-raw04-13,13.62083709998897,7.608963497664831,True,186.19044494628903,0.6201168726706383,1.659834861755371,6.255602849866426,232.94669560478096,dxy_raw_candidates/images/GP_Ip_6.2mm_closed_R5_single_refY_004-raw04-13.jpg,dxy_raw_candidates/masks/GP_Ip_6.2mm_closed_R5_single_refY_004-raw04-13.png,dxy_raw_candidates/ring_fit/json/GP_Ip_6.2mm_closed_R5_single_refY_004-raw04-13.json,circle,A,ok,
661.985845869341,1179.3251533742332,5999.159499847515,21.371243643088302,43.20347648261759,55.33699298566636,28119.0,978.0,3279.0,0.5811623246492986,10.0,670.2397171258926,1.0,GP_Ip_6.2mm_closed_R5_single_refY,GP_Ip_6.2mm_closed_R5_single_refY_004,4,805,GP_Ip_6.2mm_closed_R5_single_refY_004-raw04-14,13.560249139286558,7.612902407014372,True,186.6666259765625,0.622945508948177,1.7363862991333008,6.262885350517511,233.81433545182887,dxy_raw_candidates/images/GP_Ip_6.2mm_closed_R5_single_refY_004-raw04-14.jpg,dxy_raw_candidates/masks/GP_Ip_6.2mm_closed_R5_single_refY_004-raw04-14.png,dxy_raw_candidates/ring_fit/json/GP_Ip_6.2mm_closed_R5_single_refY_004-raw04-14.json,circle,A,ok,
744.978532638408,2464.7074569789675,6241.571867321867,22.181470277362685,73.51816443594646,50.87407862407862,27437.0,1046.0,3256.0,0.5728744939271255,13.0,648.6833320856094,1.0,GP_Ip_6.2mm_closed_R5_single_refY,GP_Ip_6.2mm_closed_R5_single_refY_004,4,788,GP_Ip_6.2mm_closed_R5_single_refY_004-raw04-12,13.159832383327714,7.605142163364343,True,186.9436187744141,0.6194917175587754,1.8387415409088133,6.154395970540475,230.1050108207025,dxy_raw_candidates/images/GP_Ip_6.2mm_closed_R5_single_refY_004-raw04-12.jpg,dxy_raw_candidates/masks/GP_Ip_6.2mm_closed_R5_single_refY_004-raw04-12.png,dxy_raw_candidates/ring_fit/json/GP_Ip_6.2mm_closed_R5_single_refY_004-raw04-12.json,circle,A,ok,
350.28275292952634,221.9892588614393,4062.714245256301,9.3282719920779,11.442534908700322,38.60436137071651,30295.0,931.0,3531.0,0.6354869816779171,3.0,764.938169836998,1.0,GP_Ip_6.2mm_closed_R5_single_refY,GP_Ip_6.2mm_closed_R5_single_refY_004,5,929,GP_Ip_6.2mm_closed_R5_single_refY_004-raw05-04,14.108408911015076,7.6042475598982175,True,200.79298400878903,0.6563719946615705,1.6783466339111328,6.025612378025104,241.9801379727913,dxy_raw_candidates/images/GP_Ip_6.2mm_closed_R5_single_refY_004-raw05-04.jpg,dxy_raw_candidates/masks/GP_Ip_6.2mm_closed_R5_single_refY_004-raw05-04.png,dxy_raw_candidates/ring_fit/json/GP_Ip_6.2mm_closed_R5_single_refY_004-raw05-04.json,circle,A,ok,
479.7401845718512,199.7444089456869,4559.28690647482,13.725907585452909,13.775292864749732,45.783884892086334,31099.0,939.0,3475.0,0.6246418338108882,4.0,757.2813094854355,1.0,GP_Ip_6.2mm_closed_R5_single_refY,GP_Ip_6.2mm_closed_R5_single_refY_004,5,1045,GP_Ip_6.2mm_closed_R5_single_refY_004-raw05-17,12.880470868216625,7.588826819830431,True,199.78306579589844,0.6118185559144468,1.607435703277588,6.115386384222337,244.35012807328744,dxy_raw_candidates/images/GP_Ip_6.2mm_closed_R5_single_refY_004-raw05-17.jpg,dxy_raw_candidates/masks/GP_Ip_6.2mm_closed_R5_single_refY_004-raw05-17.png,dxy_raw_candidates/ring_fit/json/GP_Ip_6.2mm_closed_R5_single_refY_004-raw05-17.json,circle,A,ok,
415.3789318698969,576.3148558758315,4424.032909930716,9.391513853567126,14.748337028824832,44.44168591224018,29884.0,902.0,3464.0,0.6273170731707317,2.0,744.5533752441406,1.0,GP_Ip_6.2mm_closed_R5_single_refY,GP_Ip_6.2mm_closed_R5_single_refY_004,5,1027,GP_Ip_6.2mm_closed_R5_single_refY_004-raw05-15,12.586857712205248,7.574129534026686,True,199.14328002929688,0.6334849164542452,1.6196233034133911,6.080824759977216,242.19107759704505,dxy_raw_candidates/images/GP_Ip_6.2mm_closed_R5_single_refY_004-raw05-15.jpg,dxy_raw_candidates/masks/GP_Ip_6.2mm_closed_R5_single_refY_004-raw05-15.png,dxy_raw_candidates/ring_fit/json/GP_Ip_6.2mm_closed_R5_single_refY_004-raw05-15.json,circle,A,ok,
505.0225059226112,581.6056737588652,11709.60898502496,11.920834430113189,19.64822695035461,73.15682196339434,15196.0,705.0,2404.0,0.5878284923928078,11.0,482.7594281435013,1.0,GP_Ip_6.2mm_closed_R5_single_refY,GP_Ip_6.2mm_closed_R5_single_refY_005,1,125,GP_Ip_6.2mm_closed_R5_single_refY_005-raw01-12,19.08395261716372,7.360367415737708,True,134.48037719726562,0.6415285503089394,1.0605039596557615,6.574309981960502,176.82313723715953,dxy_raw_candidates/images/GP_Ip_6.2mm_closed_R5_single_refY_005-raw01-12.jpg,dxy_raw_candidates/masks/GP_Ip_6.2mm_closed_R5_single_refY_005-raw01-12.png,dxy_raw_candidates/ring_fit/json/GP_Ip_6.2mm_closed_R5_single_refY_005-raw01-12.json,circle,B,ok,
485.4430590191189,2480.1686121919583,7573.063593004769,12.528322052012824,92.57846952010377,63.270270270270274,16842.0,771.0,2516.0,0.5623376623376624,17.0,483.5168118476868,1.0,GP_Ip_6.2mm_closed_R5_single_refY,GP_Ip_6.2mm_closed_R5_single_refY_005,1,204,GP_Ip_6.2mm_closed_R5_single_refY_005-raw01-23,18.81127590715856,7.353708510867955,True,141.19454956054688,0.613088101398905,1.2729661464691162,6.698485193105396,189.1579199157023,dxy_raw_candidates/images/GP_Ip_6.2mm_closed_R5_single_refY_005-raw01-23.jpg,dxy_raw_candidates/masks/GP_Ip_6.2mm_closed_R5_single_refY_005-raw01-23.png,dxy_raw_candidates/ring_fit/json/GP_Ip_6.2mm_closed_R5_single_refY_005-raw01-23.json,circle,A,ok,
500.7569739952719,2662.250639386189,7533.672770700637,12.588475177304964,85.4616368286445,62.22531847133758,16920.0,782.0,2512.0,0.5569948186528497,17.0,483.4162856340408,1.0,GP_Ip_6.2mm_closed_R5_single_refY,GP_Ip_6.2mm_closed_R5_single_refY_005,1,197,GP_Ip_6.2mm_closed_R5_single_refY_005-raw01-22,18.353077136381167,7.353812959521429,True,140.9912567138672,0.6121168141634047,1.3067706823349,6.7767255352132665,191.0918099229345,dxy_raw_candidates/images/GP_Ip_6.2mm_closed_R5_single_refY_005-raw01-22.jpg,dxy_raw_candidates/masks/GP_Ip_6.2mm_closed_R5_single_refY_005-raw01-22.png,dxy_raw_candidates/ring_fit/json/GP_Ip_6.2mm_closed_R5_single_refY_005-raw01-22.json,circle,A,ok,
477.4818689690198,2408.190909090909,11867.118343195269,13.381361097003555,64.04431818181818,124.98372781065088,19690.0,880.0,2704.0,0.525,9.0,503.2447397708893,1.0,GP_Ip_6.2mm_closed_R5_single_refY,GP_Ip_6.2mm_closed_R5_single_refY_005,2,225,GP_Ip_6.2mm_closed_R5_single_refY_005-raw02-02,16.957860642693376,7.423157990442919,True,154.9801483154297,0.59464401371826,1.5125741958618164,6.50833191390303,201.7324490605473,dxy_raw_candidates/images/GP_Ip_6.2mm_closed_R5_single_refY_005-raw02-02.jpg,dxy_raw_candidates/masks/GP_Ip_6.2mm_closed_R5_single_refY_005-raw02-02.png,dxy_raw_candidates/ring_fit/json/GP_Ip_6.2mm_closed_R5_single_refY_005-raw02-02.json,circle,A,ok,
375.6201071655617,516.2136645962732,7433.275862068966,11.781945327399873,22.654658385093168,73.53514588859416,22022.0,805.0,3016.0,0.6221719457013575,10.0,628.2274857759476,1.0,GP_Ip_6.2mm_closed_R5_single_refY,GP_Ip_6.2mm_closed_R5_single_refY_005,2,304,GP_Ip_6.2mm_closed_R5_single_refY_005-raw02-13,15.749079807192013,7.432990946680549,True,170.43382263183594,0.6672359725816277,1.217847228050232,6.498247427801399,221.50422990553787,dxy_raw_candidates/images/GP_Ip_6.2mm_closed_R5_single_refY_005-raw02-13.jpg,dxy_raw_candidates/masks/GP_Ip_6.2mm_closed_R5_single_refY_005-raw02-13.png,dxy_raw_candidates/ring_fit/json/GP_Ip_6.2mm_closed_R5_single_refY_005-raw02-13.json,circle,A,ok,
485.6901225954351,3355.337264150944,10354.11544011544,14.415030399681052,105.7865566037736,96.9606782106782,20066.0,848.0,2772.0,0.5415676959619953,10.0,519.7299978733063,1.0,GP_Ip_6.2mm_closed_R5_single_refY,GP_Ip_6.2mm_closed_R5_single_refY_005,2,232,GP_Ip_6.2mm_closed_R5_single_refY_005-raw02-03,15.506957378170814,7.403894477017896,True,155.38027954101562,0.5939443220398651,1.5194835662841797,6.523723351099766,202.73159158842657,dxy_raw_candidates/images/GP_Ip_6.2mm_closed_R5_single_refY_005-raw02-03.jpg,dxy_raw_candidates/masks/GP_Ip_6.2mm_closed_R5_single_refY_005-raw02-03.png,dxy_raw_candidates/ring_fit/json/GP_Ip_6.2mm_closed_R5_single_refY_005-raw02-03.json,circle,A,ok,
575.5074164082796,4673.760617760618,9003.383807169344,20.838934048437107,195.6576576576577,122.13009888751544,23866.0,777.0,3236.0,0.6527472527472528,4.0,684.0264556407928,1.0,GP_Ip_6.2mm_closed_R5_single_refY,GP_Ip_6.2mm_closed_R5_single_refY_005,3,467,GP_Ip_6.2mm_closed_R5_single_refY_005-raw03-12,15.231390410807109,7.540915111901505,True,182.34539794921875,0.6920813351827119,0.9047069549560548,6.557629222807004,239.1507020472347,dxy_raw_candidates/images/GP_Ip_6.2mm_closed_R5_single_refY_005-raw03-12.jpg,dxy_raw_candidates/masks/GP_Ip_6.2mm_closed_R5_single_refY_005-raw03-12.png,dxy_raw_candidates/ring_fit/json/GP_Ip_6.2mm_closed_R5_single_refY_005-raw03-12.json,circle,A,ok,
635.9538274605103,4160.26376440461,8962.31196054254,24.28197930196505,183.7323943661972,113.16800246609124,23867.0,781.0,3244.0,0.6450549450549451,10.0,671.4406920671463,1.0,GP_Ip_6.2mm_closed_R5_single_refY,GP_Ip_6.2mm_closed_R5_single_refY_005,3,475,GP_Ip_6.2mm_closed_R5_single_refY_005-raw03-13,14.514622289869523,7.5455720988798145,True,182.31466674804688,0.6898792368826583,0.9849320650100708,6.592331190819119,240.37573282938888,dxy_raw_candidates/images/GP_Ip_6.2mm_closed_R5_single_refY_005-raw03-13.jpg,dxy_raw_candidates/masks/GP_Ip_6.2mm_closed_R5_single_refY_005-raw03-13.png,dxy_raw_candidates/ring_fit/json/GP_Ip_6.2mm_closed_R5_single_refY_005-raw03-13.json,circle,A,ok,
683.2810392205846,2068.5250305250306,8893.930798004987,25.264051961029228,107.27716727716728,138.8756234413965,24018.0,819.0,3208.0,0.6513661202185792,7.0,687.582817196846,1.0,GP_Ip_6.2mm_closed_R5_single_refY,GP_Ip_6.2mm_closed_R5_single_refY_005,3,482,GP_Ip_6.2mm_closed_R5_single_refY_005-raw03-14,14.504204488955605,7.54579340991935,True,181.53175354003903,0.6868489968371959,0.8576768040657043,6.552301657060848,237.8901619059121,dxy_raw_candidates/images/GP_Ip_6.2mm_closed_R5_single_refY_005-raw03-14.jpg,dxy_raw_candidates/masks/GP_Ip_6.2mm_closed_R5_single_refY_005-raw03-14.png,dxy_raw_candidates/ring_fit/json/GP_Ip_6.2mm_closed_R5_single_refY_005-raw03-14.json,circle,A,ok,
796.8872254594353,431.7028112449799,7934.920125786163,29.53697893321381,24.04819277108433,85.75377358490566,22310.0,747.0,3180.0,0.6245694603903559,6.0,640.724905371666,1.0,GP_Ip_6.2mm_closed_R5_single_refY,GP_Ip_6.2mm_closed_R5_single_refY_005,4,695,GP_Ip_6.2mm_closed_R5_single_refY_005-raw04-20,20.548281236055164,7.469501447692291,True,175.98939514160156,0.6954954994054919,1.2461843490600586,6.016907913472836,211.78239686296007,dxy_raw_candidates/images/GP_Ip_6.2mm_closed_R5_single_refY_005-raw04-20.jpg,dxy_raw_candidates/masks/GP_Ip_6.2mm_closed_R5_single_refY_005-raw04-20.png,dxy_raw_candidates/ring_fit/json/GP_Ip_6.2mm_closed_R5_single_refY_005-raw04-20.json,circle,A,ok,
750.8636423405654,371.9661898569571,9387.464375,27.60692526846373,24.0,85.91375,22815.0,769.0,3200.0,0.6300904977375565,6.0,655.7959893941879,1.0,GP_Ip_6.2mm_closed_R5_single_refY,GP_Ip_6.2mm_closed_R5_single_refY_005,4,710,GP_Ip_6.2mm_closed_R5_single_refY_005-raw04-22,19.521413028518065,7.471388662669717,True,177.58847045898438,0.6897121522116121,1.3424482345581057,6.56272774748639,233.09295654296884,dxy_raw_candidates/images/GP_Ip_6.2mm_closed_R5_single_refY_005-raw04-22.jpg,dxy_raw_candidates/masks/GP_Ip_6.2mm_closed_R5_single_refY_005-raw04-22.png,dxy_raw_candidates/ring_fit/json/GP_Ip_6.2mm_closed_R5_single_refY_005-raw04-22.json,ellipse,A,ok,
799.8042965796379,365.1766268260292,8790.744987468672,31.796824267224125,19.155378486055778,80.91666666666667,22483.0,753.0,3192.0,0.6052036199095022,11.0,622.5827864408493,1.0,GP_Ip_6.2mm_closed_R5_single_refY,GP_Ip_6.2mm_closed_R5_single_refY_005,4,717,GP_Ip_6.2mm_closed_R5_single_refY_005-raw04-23,19.44174718618392,7.477135464934828,True,177.728515625,0.6947914917549912,1.5411860942840576,7.051423656137016,250.6478118896493,dxy_raw_candidates/images/GP_Ip_6.2mm_closed_R5_single_refY_005-raw04-23.jpg,dxy_raw_candidates/masks/GP_Ip_6.2mm_closed_R5_single_refY_005-raw04-23.png,dxy_raw_candidates/ring_fit/json/GP_Ip_6.2mm_closed_R5_single_refY_005-raw04-23.json,ellipse,A,ok,
792.2380852403948,544.7132352941177,9062.236972704715,28.084946462313667,21.808823529411764,91.53287841191069,23815.0,816.0,3224.0,0.5964912280701754,12.0,634.7249518632889,1.0,GP_Ip_6.2mm_closed_R5_single_refY,GP_Ip_6.2mm_closed_R5_single_refY_005,5,752,GP_Ip_6.2mm_closed_R5_single_refY_005-raw05-04,19.31831597142631,7.496832777154762,True,180.97879028320312,0.657770277150107,1.586925029754639,6.132277913947052,221.96244770930863,dxy_raw_candidates/images/GP_Ip_6.2mm_closed_R5_single_refY_005-raw05-04.jpg,dxy_raw_candidates/masks/GP_Ip_6.2mm_closed_R5_single_refY_005-raw05-04.png,dxy_raw_candidates/ring_fit/json/GP_Ip_6.2mm_closed_R5_single_refY_005-raw05-04.json,circle,A,ok,
887.4994098876601,474.796875,8787.646433041302,31.896795908554445,17.368489583333332,79.93335419274092,22877.0,768.0,3196.0,0.6268320180383314,5.0,655.381773352623,1.0,GP_Ip_6.2mm_closed_R5_single_refY,GP_Ip_6.2mm_closed_R5_single_refY_005,5,731,GP_Ip_6.2mm_closed_R5_single_refY_005-raw05-01,19.08247800784524,7.482088173622226,True,179.65574645996094,0.6809483291059982,1.425960659980774,6.108741983355614,219.49412019021145,dxy_raw_candidates/images/GP_Ip_6.2mm_closed_R5_single_refY_005-raw05-01.jpg,dxy_raw_candidates/masks/GP_Ip_6.2mm_closed_R5_single_refY_005-raw05-01.png,dxy_raw_candidates/ring_fit/json/GP_Ip_6.2mm_closed_R5_single_refY_005-raw05-01.json,circle,A,ok,
799.5644963404832,389.422934648582,8479.623910336239,24.63540212378897,18.48705302096177,72.81506849315069,23637.0,811.0,3212.0,0.5956043956043956,8.0,637.5533425807953,1.0,GP_Ip_6.2mm_closed_R5_single_refY,GP_Ip_6.2mm_closed_R5_single_refY_005,5,745,GP_Ip_6.2mm_closed_R5_single_refY_005-raw05-03,18.585981984539988,7.498252235572028,True,180.50328063964844,0.6615553441931356,1.5710402727127075,9.084441956494558,327.95431518554744,dxy_raw_candidates/images/GP_Ip_6.2mm_closed_R5_single_refY_005-raw05-03.jpg,dxy_raw_candidates/masks/GP_Ip_6.2mm_closed_R5_single_refY_005-raw05-03.png,dxy_raw_candidates/ring_fit/json/GP_Ip_6.2mm_closed_R5_single_refY_005-raw05-03.json,ellipse,B,ok,
,,,,,,,,,,,,,GP_Ip_6.4mm_closed_R10_single_refY,GP_Ip_6.4mm_closed_R10_single_refY_005,1,146,GP_Ip_6.4mm_closed_R10_single_refY_005-raw01-24,27.87360134310192,,False,,,,,,dxy_raw_candidates/images/GP_Ip_6.4mm_closed_R10_single_refY_005-raw01-24.jpg,,,,,feature_failure,FileNotFoundError
,,,,,,,,,,,,,GP_Ip_6.4mm_closed_R10_single_refY,GP_Ip_6.4mm_closed_R10_single_refY_005,1,57,GP_Ip_6.4mm_closed_R10_single_refY_005-raw01-06,26.784540729465007,,False,,,,,,dxy_raw_candidates/images/GP_Ip_6.4mm_closed_R10_single_refY_005-raw01-06.jpg,,,,,feature_failure,FileNotFoundError
,,,,,,,,,,,,,GP_Ip_6.4mm_closed_R10_single_refY,GP_Ip_6.4mm_closed_R10_single_refY_005,1,52,GP_Ip_6.4mm_closed_R10_single_refY_005-raw01-05,26.78294569340341,,False,,,,,,dxy_raw_candidates/images/GP_Ip_6.4mm_closed_R10_single_refY_005-raw01-05.jpg,,,,,feature_failure,FileNotFoundError
,,,,,,,,,,,,,GP_Ip_6.4mm_closed_R10_single_refY,GP_Ip_6.4mm_closed_R10_single_refY_005,2,151,GP_Ip_6.4mm_closed_R10_single_refY_005-raw02-01,29.12487302412693,,False,,,,,,dxy_raw_candidates/images/GP_Ip_6.4mm_closed_R10_single_refY_005-raw02-01.jpg,,,,,feature_failure,FileNotFoundError
,,,,,,,,,,,,,GP_Ip_6.4mm_closed_R10_single_refY,GP_Ip_6.4mm_closed_R10_single_refY_005,2,176,GP_Ip_6.4mm_closed_R10_single_refY_005-raw02-06,28.6083763953268,,False,,,,,,dxy_raw_candidates/images/GP_Ip_6.4mm_closed_R10_single_refY_005-raw02-06.jpg,,,,,feature_failure,FileNotFoundError
,,,,,,,,,,,,,GP_Ip_6.4mm_closed_R10_single_refY,GP_Ip_6.4mm_closed_R10_single_refY_005,2,171,GP_Ip_6.4mm_closed_R10_single_refY_005-raw02-05,27.877346588387898,,False,,,,,,dxy_raw_candidates/images/GP_Ip_6.4mm_closed_R10_single_refY_005-raw02-05.jpg,,,,,feature_failure,FileNotFoundError
,,,,,,,,,,,,,GP_Ip_6.4mm_closed_R10_single_refY,GP_Ip_6.4mm_closed_R10_single_refY_005,3,364,GP_Ip_6.4mm_closed_R10_single_refY_005-raw03-20,46.44099876708871,,False,,,,,,dxy_raw_candidates/images/GP_Ip_6.4mm_closed_R10_single_refY_005-raw03-20.jpg,,,,,feature_failure,FileNotFoundError
,,,,,,,,,,,,,GP_Ip_6.4mm_closed_R10_single_refY,GP_Ip_6.4mm_closed_R10_single_refY_005,3,374,GP_Ip_6.4mm_closed_R10_single_refY_005-raw03-22,45.98499855487848,,False,,,,,,dxy_raw_candidates/images/GP_Ip_6.4mm_closed_R10_single_refY_005-raw03-22.jpg,,,,,feature_failure,FileNotFoundError
,,,,,,,,,,,,,GP_Ip_6.4mm_closed_R10_single_refY,GP_Ip_6.4mm_closed_R10_single_refY_005,3,369,GP_Ip_6.4mm_closed_R10_single_refY_005-raw03-21,44.10743670981603,,False,,,,,,dxy_raw_candidates/images/GP_Ip_6.4mm_closed_R10_single_refY_005-raw03-21.jpg,,,,,feature_failure,FileNotFoundError
,,,,,,,,,,,,,GP_Ip_6.4mm_closed_R10_single_refY,GP_Ip_6.4mm_closed_R10_single_refY_005,4,503,GP_Ip_6.4mm_closed_R10_single_refY_005-raw04-24,49.54778738309009,,False,,,,,,dxy_raw_candidates/images/GP_Ip_6.4mm_closed_R10_single_refY_005-raw04-24.jpg,,,,,feature_failure,FileNotFoundError
,,,,,,,,,,,,,GP_Ip_6.4mm_closed_R10_single_refY,GP_Ip_6.4mm_closed_R10_single_refY_005,4,488,GP_Ip_6.4mm_closed_R10_single_refY_005-raw04-21,48.39181740988156,,False,,,,,,dxy_raw_candidates/images/GP_Ip_6.4mm_closed_R10_single_refY_005-raw04-21.jpg,,,,,feature_failure,FileNotFoundError
,,,,,,,,,,,,,GP_Ip_6.4mm_closed_R10_single_refY,GP_Ip_6.4mm_closed_R10_single_refY_005,4,483,GP_Ip_6.4mm_closed_R10_single_refY_005-raw04-20,48.12451019399667,,False,,,,,,dxy_raw_candidates/images/GP_Ip_6.4mm_closed_R10_single_refY_005-raw04-20.jpg,,,,,feature_failure,FileNotFoundError
,,,,,,,,,,,,,GP_Ip_6.4mm_closed_R10_single_refY,GP_Ip_6.4mm_closed_R10_single_refY_005,5,592,GP_Ip_6.4mm_closed_R10_single_refY_005-raw05-18,62.23938047450972,,False,,,,,,dxy_raw_candidates/images/GP_Ip_6.4mm_closed_R10_single_refY_005-raw05-18.jpg,,,,,feature_failure,FileNotFoundError
,,,,,,,,,,,,,GP_Ip_6.4mm_closed_R10_single_refY,GP_Ip_6.4mm_closed_R10_single_refY_005,5,602,GP_Ip_6.4mm_closed_R10_single_refY_005-raw05-20,60.92803251624869,,False,,,,,,dxy_raw_candidates/images/GP_Ip_6.4mm_closed_R10_single_refY_005-raw05-20.jpg,,,,,feature_failure,FileNotFoundError
,,,,,,,,,,,,,GP_Ip_6.4mm_closed_R10_single_refY,GP_Ip_6.4mm_closed_R10_single_refY_005,5,558,GP_Ip_6.4mm_closed_R10_single_refY_005-raw05-11,60.77594025146936,,False,,,,,,dxy_raw_candidates/images/GP_Ip_6.4mm_closed_R10_single_refY_005-raw05-11.jpg,,,,,feature_failure,FileNotFoundError
,,,,,,,,,,,,,GP_Ip_6.4mm_closed_R10_single_refY,GP_Ip_6.4mm_closed_R10_single_refY_006,1,86,GP_Ip_6.4mm_closed_R10_single_refY_006-raw01-17,50.86576449921101,,False,,,,,,dxy_raw_candidates/images/GP_Ip_6.4mm_closed_R10_single_refY_006-raw01-17.jpg,,,,,feature_failure,FileNotFoundError
,,,,,,,,,,,,,GP_Ip_6.4mm_closed_R10_single_refY,GP_Ip_6.4mm_closed_R10_single_refY_006,1,79,GP_Ip_6.4mm_closed_R10_single_refY_006-raw01-15,50.84060649315047,,False,,,,,,dxy_raw_candidates/images/GP_Ip_6.4mm_closed_R10_single_refY_006-raw01-15.jpg,,,,,feature_failure,FileNotFoundError
,,,,,,,,,,,,,GP_Ip_6.4mm_closed_R10_single_refY,GP_Ip_6.4mm_closed_R10_single_refY_006,1,83,GP_Ip_6.4mm_closed_R10_single_refY_006-raw01-16,50.82821240080727,,False,,,,,,dxy_raw_candidates/images/GP_Ip_6.4mm_closed_R10_single_refY_006-raw01-16.jpg,,,,,feature_failure,FileNotFoundError
,,,,,,,,,,,,,GP_Ip_6.4mm_closed_R10_single_refY,GP_Ip_6.4mm_closed_R10_single_refY_006,2,186,GP_Ip_6.4mm_closed_R10_single_refY_006-raw02-19,45.81053915970297,,False,,,,,,dxy_raw_candidates/images/GP_Ip_6.4mm_closed_R10_single_refY_006-raw02-19.jpg,,,,,feature_failure,FileNotFoundError
,,,,,,,,,,,,,GP_Ip_6.4mm_closed_R10_single_refY,GP_Ip_6.4mm_closed_R10_single_refY_006,2,178,GP_Ip_6.4mm_closed_R10_single_refY_006-raw02-17,45.15386042795062,,False,,,,,,dxy_raw_candidates/images/GP_Ip_6.4mm_closed_R10_single_refY_006-raw02-17.jpg,,,,,feature_failure,FileNotFoundError
,,,,,,,,,,,,,GP_Ip_6.4mm_closed_R10_single_refY,GP_Ip_6.4mm_closed_R10_single_refY_006,2,175,GP_Ip_6.4mm_closed_R10_single_refY_006-raw02-16,44.60237069303607,,False,,,,,,dxy_raw_candidates/images/GP_Ip_6.4mm_closed_R10_single_refY_006-raw02-16.jpg,,,,,feature_failure,FileNotFoundError
,,,,,,,,,,,,,GP_Ip_6.4mm_closed_R10_single_refY,GP_Ip_6.4mm_closed_R10_single_refY_006,3,286,GP_Ip_6.4mm_closed_R10_single_refY_006-raw03-21,30.280617954729816,,False,,,,,,dxy_raw_candidates/images/GP_Ip_6.4mm_closed_R10_single_refY_006-raw03-21.jpg,,,,,feature_failure,FileNotFoundError
,,,,,,,,,,,,,GP_Ip_6.4mm_closed_R10_single_refY,GP_Ip_6.4mm_closed_R10_single_refY_006,3,289,GP_Ip_6.4mm_closed_R10_single_refY_006-raw03-22,30.23195915617296,,False,,,,,,dxy_raw_candidates/images/GP_Ip_6.4mm_closed_R10_single_refY_006-raw03-22.jpg,,,,,feature_failure,FileNotFoundError
,,,,,,,,,,,,,GP_Ip_6.4mm_closed_R10_single_refY,GP_Ip_6.4mm_closed_R10_single_refY_006,3,221,GP_Ip_6.4mm_closed_R10_single_refY_006-raw03-04,28.61611114475461,,False,,,,,,dxy_raw_candidates/images/GP_Ip_6.4mm_closed_R10_single_refY_006-raw03-04.jpg,,,,,feature_failure,FileNotFoundError
,,,,,,,,,,,,,GP_Ip_6.4mm_closed_R10_single_refY,GP_Ip_6.4mm_closed_R10_single_refY_006,4,339,GP_Ip_6.4mm_closed_R10_single_refY_006-raw04-11,28.02268306446665,,False,,,,,,dxy_raw_candidates/images/GP_Ip_6.4mm_closed_R10_single_refY_006-raw04-11.jpg,,,,,feature_failure,FileNotFoundError
,,,,,,,,,,,,,GP_Ip_6.4mm_closed_R10_single_refY,GP_Ip_6.4mm_closed_R10_single_refY_006,4,335,GP_Ip_6.4mm_closed_R10_single_refY_006-raw04-10,26.789487651231564,,False,,,,,,dxy_raw_candidates/images/GP_Ip_6.4mm_closed_R10_single_refY_006-raw04-10.jpg,,,,,feature_failure,FileNotFoundError
,,,,,,,,,,,,,GP_Ip_6.4mm_closed_R10_single_refY,GP_Ip_6.4mm_closed_R10_single_refY_006,4,332,GP_Ip_6.4mm_closed_R10_single_refY_006-raw04-09,26.73901023016565,,False,,,,,,dxy_raw_candidates/images/GP_Ip_6.4mm_closed_R10_single_refY_006-raw04-09.jpg,,,,,feature_failure,FileNotFoundError
,,,,,,,,,,,,,GP_Ip_6.4mm_closed_R10_single_refY,GP_Ip_6.4mm_closed_R10_single_refY_006,5,425,GP_Ip_6.4mm_closed_R10_single_refY_006-raw05-09,22.65524724154532,,False,,,,,,dxy_raw_candidates/images/GP_Ip_6.4mm_closed_R10_single_refY_006-raw05-09.jpg,,,,,feature_failure,FileNotFoundError
,,,,,,,,,,,,,GP_Ip_6.4mm_closed_R10_single_refY,GP_Ip_6.4mm_closed_R10_single_refY_006,5,405,GP_Ip_6.4mm_closed_R10_single_refY_006-raw05-04,21.28364780555536,,False,,,,,,dxy_raw_candidates/images/GP_Ip_6.4mm_closed_R10_single_refY_006-raw05-04.jpg,,,,,feature_failure,FileNotFoundError
,,,,,,,,,,,,,GP_Ip_6.4mm_closed_R10_single_refY,GP_Ip_6.4mm_closed_R10_single_refY_006,5,401,GP_Ip_6.4mm_closed_R10_single_refY_006-raw05-03,21.283598978394647,,False,,,,,,dxy_raw_candidates/images/GP_Ip_6.4mm_closed_R10_single_refY_006-raw05-03.jpg,,,,,feature_failure,FileNotFoundError
,,,,,,,,,,,,,GP_Ip_7.1mm_closed_R10_single_refY,GP_Ip_7.1mm_closed_R10_single_refY_004,1,48,GP_Ip_7.1mm_closed_R10_single_refY_004-raw01-04,38.99647094432221,,False,,,,,,dxy_raw_candidates/images/GP_Ip_7.1mm_closed_R10_single_refY_004-raw01-04.jpg,,,,,feature_failure,FileNotFoundError
,,,,,,,,,,,,,GP_Ip_7.1mm_closed_R10_single_refY,GP_Ip_7.1mm_closed_R10_single_refY_004,1,68,GP_Ip_7.1mm_closed_R10_single_refY_004-raw01-08,38.87857312985526,,False,,,,,,dxy_raw_candidates/images/GP_Ip_7.1mm_closed_R10_single_refY_004-raw01-08.jpg,,,,,feature_failure,FileNotFoundError
,,,,,,,,,,,,,GP_Ip_7.1mm_closed_R10_single_refY,GP_Ip_7.1mm_closed_R10_single_refY_004,1,63,GP_Ip_7.1mm_closed_R10_single_refY_004-raw01-07,38.85877712475694,,False,,,,,,dxy_raw_candidates/images/GP_Ip_7.1mm_closed_R10_single_refY_004-raw01-07.jpg,,,,,feature_failure,FileNotFoundError
,,,,,,,,,,,,,GP_Ip_7.1mm_closed_R10_single_refY,GP_Ip_7.1mm_closed_R10_single_refY_004,2,162,GP_Ip_7.1mm_closed_R10_single_refY_004-raw02-03,29.73974602133668,,False,,,,,,dxy_raw_candidates/images/GP_Ip_7.1mm_closed_R10_single_refY_004-raw02-03.jpg,,,,,feature_failure,FileNotFoundError
,,,,,,,,,,,,,GP_Ip_7.1mm_closed_R10_single_refY,GP_Ip_7.1mm_closed_R10_single_refY_004,2,182,GP_Ip_7.1mm_closed_R10_single_refY_004-raw02-07,28.919645908610025,,False,,,,,,dxy_raw_candidates/images/GP_Ip_7.1mm_closed_R10_single_refY_004-raw02-07.jpg,,,,,feature_failure,FileNotFoundError
,,,,,,,,,,,,,GP_Ip_7.1mm_closed_R10_single_refY,GP_Ip_7.1mm_closed_R10_single_refY_004,2,177,GP_Ip_7.1mm_closed_R10_single_refY_004-raw02-06,28.75901441616011,,False,,,,,,dxy_raw_candidates/images/GP_Ip_7.1mm_closed_R10_single_refY_004-raw02-06.jpg,,,,,feature_failure,FileNotFoundError
,,,,,,,,,,,,,GP_Ip_7.1mm_closed_R10_single_refY,GP_Ip_7.1mm_closed_R10_single_refY_004,3,301,GP_Ip_7.1mm_closed_R10_single_refY_004-raw03-07,22.338628413146225,,False,,,,,,dxy_raw_candidates/images/GP_Ip_7.1mm_closed_R10_single_refY_004-raw03-07.jpg,,,,,feature_failure,FileNotFoundError
,,,,,,,,,,,,,GP_Ip_7.1mm_closed_R10_single_refY,GP_Ip_7.1mm_closed_R10_single_refY_004,3,296,GP_Ip_7.1mm_closed_R10_single_refY_004-raw03-06,21.67663705994288,,False,,,,,,dxy_raw_candidates/images/GP_Ip_7.1mm_closed_R10_single_refY_004-raw03-06.jpg,,,,,feature_failure,FileNotFoundError
,,,,,,,,,,,,,GP_Ip_7.1mm_closed_R10_single_refY,GP_Ip_7.1mm_closed_R10_single_refY_004,3,350,GP_Ip_7.1mm_closed_R10_single_refY_004-raw03-17,21.148610913194275,,False,,,,,,dxy_raw_candidates/images/GP_Ip_7.1mm_closed_R10_single_refY_004-raw03-17.jpg,,,,,feature_failure,FileNotFoundError
,,,,,,,,,,,,,GP_Ip_7.1mm_closed_R10_single_refY,GP_Ip_7.1mm_closed_R10_single_refY_004,4,450,GP_Ip_7.1mm_closed_R10_single_refY_004-raw04-13,18.10215493207391,,False,,,,,,dxy_raw_candidates/images/GP_Ip_7.1mm_closed_R10_single_refY_004-raw04-13.jpg,,,,,feature_failure,FileNotFoundError
,,,,,,,,,,,,,GP_Ip_7.1mm_closed_R10_single_refY,GP_Ip_7.1mm_closed_R10_single_refY_004,4,440,GP_Ip_7.1mm_closed_R10_single_refY_004-raw04-11,17.653868112256795,,False,,,,,,dxy_raw_candidates/images/GP_Ip_7.1mm_closed_R10_single_refY_004-raw04-11.jpg,,,,,feature_failure,FileNotFoundError
,,,,,,,,,,,,,GP_Ip_7.1mm_closed_R10_single_refY,GP_Ip_7.1mm_closed_R10_single_refY_004,4,445,GP_Ip_7.1mm_closed_R10_single_refY_004-raw04-12,17.65342323724134,,False,,,,,,dxy_raw_candidates/images/GP_Ip_7.1mm_closed_R10_single_refY_004-raw04-12.jpg,,,,,feature_failure,FileNotFoundError
,,,,,,,,,,,,,GP_Ip_7.1mm_closed_R10_single_refY,GP_Ip_7.1mm_closed_R10_single_refY_004,5,605,GP_Ip_7.1mm_closed_R10_single_refY_004-raw05-20,19.457035580741035,,False,,,,,,dxy_raw_candidates/images/GP_Ip_7.1mm_closed_R10_single_refY_004-raw05-20.jpg,,,,,feature_failure,FileNotFoundError
,,,,,,,,,,,,,GP_Ip_7.1mm_closed_R10_single_refY,GP_Ip_7.1mm_closed_R10_single_refY_004,5,600,GP_Ip_7.1mm_closed_R10_single_refY_004-raw05-19,18.736038411033302,,False,,,,,,dxy_raw_candidates/images/GP_Ip_7.1mm_closed_R10_single_refY_004-raw05-19.jpg,,,,,feature_failure,FileNotFoundError
,,,,,,,,,,,,,GP_Ip_7.1mm_closed_R10_single_refY,GP_Ip_7.1mm_closed_R10_single_refY_004,5,625,GP_Ip_7.1mm_closed_R10_single_refY_004-raw05-24,18.127491272349413,,False,,,,,,dxy_raw_candidates/images/GP_Ip_7.1mm_closed_R10_single_refY_004-raw05-24.jpg,,,,,feature_failure,FileNotFoundError
,,,,,,,,,,,,,GP_Ip_7.1mm_closed_R10_single_refY,GP_Ip_7.1mm_closed_R10_single_refY_005,1,151,GP_Ip_7.1mm_closed_R10_single_refY_005-raw01-14,66.41250855388876,,False,,,,,,dxy_raw_candidates/images/GP_Ip_7.1mm_closed_R10_single_refY_005-raw01-14.jpg,,,,,feature_failure,FileNotFoundError
,,,,,,,,,,,,,GP_Ip_7.1mm_closed_R10_single_refY,GP_Ip_7.1mm_closed_R10_single_refY_005,1,51,GP_Ip_7.1mm_closed_R10_single_refY_005-raw01-01,66.32789314354672,,False,,,,,,dxy_raw_candidates/images/GP_Ip_7.1mm_closed_R10_single_refY_005-raw01-01.jpg,,,,,feature_failure,FileNotFoundError
,,,,,,,,,,,,,GP_Ip_7.1mm_closed_R10_single_refY,GP_Ip_7.1mm_closed_R10_single_refY_005,1,174,GP_Ip_7.1mm_closed_R10_single_refY_005-raw01-17,66.2951582145585,,False,,,,,,dxy_raw_candidates/images/GP_Ip_7.1mm_closed_R10_single_refY_005-raw01-17.jpg,,,,,feature_failure,FileNotFoundError
,,,,,,,,,,,,,GP_Ip_7.1mm_closed_R10_single_refY,GP_Ip_7.1mm_closed_R10_single_refY_005,2,273,GP_Ip_7.1mm_closed_R10_single_refY_005-raw02-06,49.28965169265064,,False,,,,,,dxy_raw_candidates/images/GP_Ip_7.1mm_closed_R10_single_refY_005-raw02-06.jpg,,,,,feature_failure,FileNotFoundError
,,,,,,,,,,,,,GP_Ip_7.1mm_closed_R10_single_refY,GP_Ip_7.1mm_closed_R10_single_refY_005,2,250,GP_Ip_7.1mm_closed_R10_single_refY_005-raw02-03,48.24421759193209,,False,,,,,,dxy_raw_candidates/images/GP_Ip_7.1mm_closed_R10_single_refY_005-raw02-03.jpg,,,,,feature_failure,FileNotFoundError
,,,,,,,,,,,,,GP_Ip_7.1mm_closed_R10_single_refY,GP_Ip_7.1mm_closed_R10_single_refY_005,2,243,GP_Ip_7.1mm_closed_R10_single_refY_005-raw02-02,47.244589628073605,,False,,,,,,dxy_raw_candidates/images/GP_Ip_7.1mm_closed_R10_single_refY_005-raw02-02.jpg,,,,,feature_failure,FileNotFoundError
,,,,,,,,,,,,,GP_Ip_7.1mm_closed_R10_single_refY,GP_Ip_7.1mm_closed_R10_single_refY_005,3,419,GP_Ip_7.1mm_closed_R10_single_refY_005-raw03-01,39.972830944201405,,False,,,,,,dxy_raw_candidates/images/GP_Ip_7.1mm_closed_R10_single_refY_005-raw03-01.jpg,,,,,feature_failure,FileNotFoundError
,,,,,,,,,,,,,GP_Ip_7.1mm_closed_R10_single_refY,GP_Ip_7.1mm_closed_R10_single_refY_005,3,465,GP_Ip_7.1mm_closed_R10_single_refY_005-raw03-07,37.717943725019616,,False,,,,,,dxy_raw_candidates/images/GP_Ip_7.1mm_closed_R10_single_refY_005-raw03-07.jpg,,,,,feature_failure,FileNotFoundError
,,,,,,,,,,,,,GP_Ip_7.1mm_closed_R10_single_refY,GP_Ip_7.1mm_closed_R10_single_refY_005,3,488,GP_Ip_7.1mm_closed_R10_single_refY_005-raw03-10,36.07536867447842,,False,,,,,,dxy_raw_candidates/images/GP_Ip_7.1mm_closed_R10_single_refY_005-raw03-10.jpg,,,,,feature_failure,FileNotFoundError
,,,,,,,,,,,,,GP_Ip_7.1mm_closed_R10_single_refY,GP_Ip_7.1mm_closed_R10_single_refY_005,4,733,GP_Ip_7.1mm_closed_R10_single_refY_005-raw04-18,32.48310415470334,,False,,,,,,dxy_raw_candidates/images/GP_Ip_7.1mm_closed_R10_single_refY_005-raw04-18.jpg,,,,,feature_failure,FileNotFoundError
,,,,,,,,,,,,,GP_Ip_7.1mm_closed_R10_single_refY,GP_Ip_7.1mm_closed_R10_single_refY_005,4,718,GP_Ip_7.1mm_closed_R10_single_refY_005-raw04-16,32.03486618931029,,False,,,,,,dxy_raw_candidates/images/GP_Ip_7.1mm_closed_R10_single_refY_005-raw04-16.jpg,,,,,feature_failure,FileNotFoundError
,,,,,,,,,,,,,GP_Ip_7.1mm_closed_R10_single_refY,GP_Ip_7.1mm_closed_R10_single_refY_005,4,741,GP_Ip_7.1mm_closed_R10_single_refY_005-raw04-19,31.07928425020643,,False,,,,,,dxy_raw_candidates/images/GP_Ip_7.1mm_closed_R10_single_refY_005-raw04-19.jpg,,,,,feature_failure,FileNotFoundError
,,,,,,,,,,,,,GP_Ip_7.1mm_closed_R10_single_refY,GP_Ip_7.1mm_closed_R10_single_refY_005,5,902,GP_Ip_7.1mm_closed_R10_single_refY_005-raw05-16,39.389015729596885,,False,,,,,,dxy_raw_candidates/images/GP_Ip_7.1mm_closed_R10_single_refY_005-raw05-16.jpg,,,,,feature_failure,FileNotFoundError
,,,,,,,,,,,,,GP_Ip_7.1mm_closed_R10_single_refY,GP_Ip_7.1mm_closed_R10_single_refY_005,5,864,GP_Ip_7.1mm_closed_R10_single_refY_005-raw05-11,38.16850972191022,,False,,,,,,dxy_raw_candidates/images/GP_Ip_7.1mm_closed_R10_single_refY_005-raw05-11.jpg,,,,,feature_failure,FileNotFoundError
,,,,,,,,,,,,,GP_Ip_7.1mm_closed_R10_single_refY,GP_Ip_7.1mm_closed_R10_single_refY_005,5,856,GP_Ip_7.1mm_closed_R10_single_refY_005-raw05-10,37.09135036543741,,False,,,,,,dxy_raw_candidates/images/GP_Ip_7.1mm_closed_R10_single_refY_005-raw05-10.jpg,,,,,feature_failure,FileNotFoundError
,,,,,,,,,,,,,GP_Ip_8.8mm_closed_R10_single_refY,GP_Ip_8.8mm_closed_R10_single_refY_004,1,42,GP_Ip_8.8mm_closed_R10_single_refY_004-raw01-01,32.29997488134761,,False,,,,,,dxy_raw_candidates/images/GP_Ip_8.8mm_closed_R10_single_refY_004-raw01-01.jpg,,,,,feature_failure,FileNotFoundError
,,,,,,,,,,,,,GP_Ip_8.8mm_closed_R10_single_refY,GP_Ip_8.8mm_closed_R10_single_refY_004,1,73,GP_Ip_8.8mm_closed_R10_single_refY_004-raw01-06,31.15512448034288,,False,,,,,,dxy_raw_candidates/images/GP_Ip_8.8mm_closed_R10_single_refY_004-raw01-06.jpg,,,,,feature_failure,FileNotFoundError
,,,,,,,,,,,,,GP_Ip_8.8mm_closed_R10_single_refY,GP_Ip_8.8mm_closed_R10_single_refY_004,1,80,GP_Ip_8.8mm_closed_R10_single_refY_004-raw01-07,30.158612694403555,,False,,,,,,dxy_raw_candidates/images/GP_Ip_8.8mm_closed_R10_single_refY_004-raw01-07.jpg,,,,,feature_failure,FileNotFoundError
,,,,,,,,,,,,,GP_Ip_8.8mm_closed_R10_single_refY,GP_Ip_8.8mm_closed_R10_single_refY_004,2,275,GP_Ip_8.8mm_closed_R10_single_refY_004-raw02-14,19.99407334798177,,False,,,,,,dxy_raw_candidates/images/GP_Ip_8.8mm_closed_R10_single_refY_004-raw02-14.jpg,,,,,feature_failure,FileNotFoundError
,,,,,,,,,,,,,GP_Ip_8.8mm_closed_R10_single_refY,GP_Ip_8.8mm_closed_R10_single_refY_004,2,269,GP_Ip_8.8mm_closed_R10_single_refY_004-raw02-13,19.83881609360377,,False,,,,,,dxy_raw_candidates/images/GP_Ip_8.8mm_closed_R10_single_refY_004-raw02-13.jpg,,,,,feature_failure,FileNotFoundError
,,,,,,,,,,,,,GP_Ip_8.8mm_closed_R10_single_refY,GP_Ip_8.8mm_closed_R10_single_refY_004,2,287,GP_Ip_8.8mm_closed_R10_single_refY_004-raw02-16,18.737593313028786,,False,,,,,,dxy_raw_candidates/images/GP_Ip_8.8mm_closed_R10_single_refY_004-raw02-16.jpg,,,,,feature_failure,FileNotFoundError
,,,,,,,,,,,,,GP_Ip_8.8mm_closed_R10_single_refY,GP_Ip_8.8mm_closed_R10_single_refY_004,3,363,GP_Ip_8.8mm_closed_R10_single_refY_004-raw03-04,17.873463466898595,,False,,,,,,dxy_raw_candidates/images/GP_Ip_8.8mm_closed_R10_single_refY_004-raw03-04.jpg,,,,,feature_failure,FileNotFoundError
,,,,,,,,,,,,,GP_Ip_8.8mm_closed_R10_single_refY,GP_Ip_8.8mm_closed_R10_single_refY_004,3,350,GP_Ip_8.8mm_closed_R10_single_refY_004-raw03-02,17.71537848450343,,False,,,,,,dxy_raw_candidates/images/GP_Ip_8.8mm_closed_R10_single_refY_004-raw03-02.jpg,,,,,feature_failure,FileNotFoundError
,,,,,,,,,,,,,GP_Ip_8.8mm_closed_R10_single_refY,GP_Ip_8.8mm_closed_R10_single_refY_004,3,420,GP_Ip_8.8mm_closed_R10_single_refY_004-raw03-13,17.3904160478274,,False,,,,,,dxy_raw_candidates/images/GP_Ip_8.8mm_closed_R10_single_refY_004-raw03-13.jpg,,,,,feature_failure,FileNotFoundError
,,,,,,,,,,,,,GP_Ip_8.8mm_closed_R10_single_refY,GP_Ip_8.8mm_closed_R10_single_refY_004,4,640,GP_Ip_8.8mm_closed_R10_single_refY_004-raw04-24,22.18018771687143,,False,,,,,,dxy_raw_candidates/images/GP_Ip_8.8mm_closed_R10_single_refY_004-raw04-24.jpg,,,,,feature_failure,FileNotFoundError
,,,,,,,,,,,,,GP_Ip_8.8mm_closed_R10_single_refY,GP_Ip_8.8mm_closed_R10_single_refY_004,4,633,GP_Ip_8.8mm_closed_R10_single_refY_004-raw04-23,20.297707992549007,,False,,,,,,dxy_raw_candidates/images/GP_Ip_8.8mm_closed_R10_single_refY_004-raw04-23.jpg,,,,,feature_failure,FileNotFoundError
,,,,,,,,,,,,,GP_Ip_8.8mm_closed_R10_single_refY,GP_Ip_8.8mm_closed_R10_single_refY_004,4,627,GP_Ip_8.8mm_closed_R10_single_refY_004-raw04-22,18.730293963480584,,False,,,,,,dxy_raw_candidates/images/GP_Ip_8.8mm_closed_R10_single_refY_004-raw04-22.jpg,,,,,feature_failure,FileNotFoundError
,,,,,,,,,,,,,GP_Ip_8.8mm_closed_R10_single_refY,GP_Ip_8.8mm_closed_R10_single_refY_004,5,697,GP_Ip_8.8mm_closed_R10_single_refY_004-raw05-09,25.902915460279264,,False,,,,,,dxy_raw_candidates/images/GP_Ip_8.8mm_closed_R10_single_refY_004-raw05-09.jpg,,,,,feature_failure,FileNotFoundError
,,,,,,,,,,,,,GP_Ip_8.8mm_closed_R10_single_refY,GP_Ip_8.8mm_closed_R10_single_refY_004,5,672,GP_Ip_8.8mm_closed_R10_single_refY_004-raw05-05,25.867914488992565,,False,,,,,,dxy_raw_candidates/images/GP_Ip_8.8mm_closed_R10_single_refY_004-raw05-05.jpg,,,,,feature_failure,FileNotFoundError
,,,,,,,,,,,,,GP_Ip_8.8mm_closed_R10_single_refY,GP_Ip_8.8mm_closed_R10_single_refY_004,5,774,GP_Ip_8.8mm_closed_R10_single_refY_004-raw05-21,24.536804464880625,,False,,,,,,dxy_raw_candidates/images/GP_Ip_8.8mm_closed_R10_single_refY_004-raw05-21.jpg,,,,,feature_failure,FileNotFoundError
,,,,,,,,,,,,,GP_Ip_8.8mm_closed_R10_single_refY,GP_Ip_8.8mm_closed_R10_single_refY_005,1,28,GP_Ip_8.8mm_closed_R10_single_refY_005-raw01-01,43.43882466505899,,False,,,,,,dxy_raw_candidates/images/GP_Ip_8.8mm_closed_R10_single_refY_005-raw01-01.jpg,,,,,feature_failure,FileNotFoundError
,,,,,,,,,,,,,GP_Ip_8.8mm_closed_R10_single_refY,GP_Ip_8.8mm_closed_R10_single_refY_005,1,119,GP_Ip_8.8mm_closed_R10_single_refY_005-raw01-22,42.75959722052563,,False,,,,,,dxy_raw_candidates/images/GP_Ip_8.8mm_closed_R10_single_refY_005-raw01-22.jpg,,,,,feature_failure,FileNotFoundError
,,,,,,,,,,,,,GP_Ip_8.8mm_closed_R10_single_refY,GP_Ip_8.8mm_closed_R10_single_refY_005,1,50,GP_Ip_8.8mm_closed_R10_single_refY_005-raw01-06,42.655136572868464,,False,,,,,,dxy_raw_candidates/images/GP_Ip_8.8mm_closed_R10_single_refY_005-raw01-06.jpg,,,,,feature_failure,FileNotFoundError
,,,,,,,,,,,,,GP_Ip_8.8mm_closed_R10_single_refY,GP_Ip_8.8mm_closed_R10_single_refY_005,2,175,GP_Ip_8.8mm_closed_R10_single_refY_005-raw02-11,32.0777634710512,,False,,,,,,dxy_raw_candidates/images/GP_Ip_8.8mm_closed_R10_single_refY_005-raw02-11.jpg,,,,,feature_failure,FileNotFoundError
,,,,,,,,,,,,,GP_Ip_8.8mm_closed_R10_single_refY,GP_Ip_8.8mm_closed_R10_single_refY_005,2,149,GP_Ip_8.8mm_closed_R10_single_refY_005-raw02-05,31.852510542052453,,False,,,,,,dxy_raw_candidates/images/GP_Ip_8.8mm_closed_R10_single_refY_005-raw02-05.jpg,,,,,feature_failure,FileNotFoundError
,,,,,,,,,,,,,GP_Ip_8.8mm_closed_R10_single_refY,GP_Ip_8.8mm_closed_R10_single_refY_005,2,158,GP_Ip_8.8mm_closed_R10_single_refY_005-raw02-07,31.849870534683745,,False,,,,,,dxy_raw_candidates/images/GP_Ip_8.8mm_closed_R10_single_refY_005-raw02-07.jpg,,,,,feature_failure,FileNotFoundError
,,,,,,,,,,,,,GP_Ip_8.8mm_closed_R10_single_refY,GP_Ip_8.8mm_closed_R10_single_refY_005,3,279,GP_Ip_8.8mm_closed_R10_single_refY_005-raw03-11,27.053618182795727,,False,,,,,,dxy_raw_candidates/images/GP_Ip_8.8mm_closed_R10_single_refY_005-raw03-11.jpg,,,,,feature_failure,FileNotFoundError
,,,,,,,,,,,,,GP_Ip_8.8mm_closed_R10_single_refY,GP_Ip_8.8mm_closed_R10_single_refY_005,3,284,GP_Ip_8.8mm_closed_R10_single_refY_005-raw03-12,26.98269469534792,,False,,,,,,dxy_raw_candidates/images/GP_Ip_8.8mm_closed_R10_single_refY_005-raw03-12.jpg,,,,,feature_failure,FileNotFoundError
,,,,,,,,,,,,,GP_Ip_8.8mm_closed_R10_single_refY,GP_Ip_8.8mm_closed_R10_single_refY_005,3,288,GP_Ip_8.8mm_closed_R10_single_refY_005-raw03-13,26.972835927661848,,False,,,,,,dxy_raw_candidates/images/GP_Ip_8.8mm_closed_R10_single_refY_005-raw03-13.jpg,,,,,feature_failure,FileNotFoundError
,,,,,,,,,,,,,GP_Ip_8.8mm_closed_R10_single_refY,GP_Ip_8.8mm_closed_R10_single_refY_005,4,340,GP_Ip_8.8mm_closed_R10_single_refY_005-raw04-01,24.922702815019345,,False,,,,,,dxy_raw_candidates/images/GP_Ip_8.8mm_closed_R10_single_refY_005-raw04-01.jpg,,,,,feature_failure,FileNotFoundError
,,,,,,,,,,,,,GP_Ip_8.8mm_closed_R10_single_refY,GP_Ip_8.8mm_closed_R10_single_refY_005,4,344,GP_Ip_8.8mm_closed_R10_single_refY_005-raw04-02,24.882557404825413,,False,,,,,,dxy_raw_candidates/images/GP_Ip_8.8mm_closed_R10_single_refY_005-raw04-02.jpg,,,,,feature_failure,FileNotFoundError
,,,,,,,,,,,,,GP_Ip_8.8mm_closed_R10_single_refY,GP_Ip_8.8mm_closed_R10_single_refY_005,4,362,GP_Ip_8.8mm_closed_R10_single_refY_005-raw04-06,23.56618163468984,,False,,,,,,dxy_raw_candidates/images/GP_Ip_8.8mm_closed_R10_single_refY_005-raw04-06.jpg,,,,,feature_failure,FileNotFoundError
,,,,,,,,,,,,,GP_Ip_8.8mm_closed_R10_single_refY,GP_Ip_8.8mm_closed_R10_single_refY_005,5,515,GP_Ip_8.8mm_closed_R10_single_refY_005-raw05-17,21.61590287280494,,False,,,,,,dxy_raw_candidates/images/GP_Ip_8.8mm_closed_R10_single_refY_005-raw05-17.jpg,,,,,feature_failure,FileNotFoundError
,,,,,,,,,,,,,GP_Ip_8.8mm_closed_R10_single_refY,GP_Ip_8.8mm_closed_R10_single_refY_005,5,529,GP_Ip_8.8mm_closed_R10_single_refY_005-raw05-20,21.26462409570011,,False,,,,,,dxy_raw_candidates/images/GP_Ip_8.8mm_closed_R10_single_refY_005-raw05-20.jpg,,,,,feature_failure,FileNotFoundError
,,,,,,,,,,,,,GP_Ip_8.8mm_closed_R10_single_refY,GP_Ip_8.8mm_closed_R10_single_refY_005,5,511,GP_Ip_8.8mm_closed_R10_single_refY_005-raw05-16,20.463223634842304,,False,,,,,,dxy_raw_candidates/images/GP_Ip_8.8mm_closed_R10_single_refY_005-raw05-16.jpg,,,,,feature_failure,FileNotFoundError
319.89667427167427,642.2837078651686,10466.439301972689,11.369252369252369,27.031601123595507,111.6578148710167,45584.0,1424.0,2636.0,0.6023131672597865,12.0,759.8549131155014,1.0,GP_Ip_8.8mm_closed_R5_single_refY,GP_Ip_8.8mm_closed_R5_single_refY_004,1,198,GP_Ip_8.8mm_closed_R5_single_refY_004-raw01-23,31.83248986383014,7.644418624288816,True,151.27967834472656,0.4825025521203279,0.8638676404953003,9.46928176981321,286.5019800585854,dxy_raw_candidates/images/GP_Ip_8.8mm_closed_R5_single_refY_004-raw01-23.jpg,dxy_raw_candidates/masks/GP_Ip_8.8mm_closed_R5_single_refY_004-raw01-23.png,dxy_raw_candidates/ring_fit/json/GP_Ip_8.8mm_closed_R5_single_refY_004-raw01-23.json,circle,A,ok,
319.34960186096447,930.3654532476802,10268.238203957382,10.74413975127494,37.00214132762313,104.14231354642314,44708.0,1401.0,2628.0,0.592057761732852,10.0,740.0264581441879,1.0,GP_Ip_8.8mm_closed_R5_single_refY,GP_Ip_8.8mm_closed_R5_single_refY_004,1,177,GP_Ip_8.8mm_closed_R5_single_refY_004-raw01-20,30.97523430490376,7.620476939304679,True,149.4933624267578,0.4904655391642086,0.747801661491394,9.564394272193171,285.9626918650763,dxy_raw_candidates/images/GP_Ip_8.8mm_closed_R5_single_refY_004-raw01-20.jpg,dxy_raw_candidates/masks/GP_Ip_8.8mm_closed_R5_single_refY_004-raw01-20.png,dxy_raw_candidates/ring_fit/json/GP_Ip_8.8mm_closed_R5_single_refY_004-raw01-20.json,circle,A,ok,
323.3142199295977,831.3319118692253,11207.535700649103,11.71945360756271,36.47690120824449,134.5746468117602,45169.0,1407.0,2619.0,0.6039250669045495,7.0,760.7127380371094,1.0,GP_Ip_8.8mm_closed_R5_single_refY,GP_Ip_8.8mm_closed_R5_single_refY_004,1,205,GP_Ip_8.8mm_closed_R5_single_refY_004-raw01-24,30.70188800214132,7.656397138244405,True,150.3228302001953,0.4844779921364306,0.6922491192817688,9.49096113398819,285.3416277962324,dxy_raw_candidates/images/GP_Ip_8.8mm_closed_R5_single_refY_004-raw01-24.jpg,dxy_raw_candidates/masks/GP_Ip_8.8mm_closed_R5_single_refY_004-raw01-24.png,dxy_raw_candidates/ring_fit/json/GP_Ip_8.8mm_closed_R5_single_refY_004-raw01-24.json,circle,A,ok,
382.8399212766462,1029.6489208633093,22060.33118971061,13.14928982998601,36.1568345323741,318.9855305466238,42173.0,1390.0,2488.0,0.568738229755179,7.0,686.0559043884277,1.0,GP_Ip_8.8mm_closed_R5_single_refY,GP_Ip_8.8mm_closed_R5_single_refY_004,2,371,GP_Ip_8.8mm_closed_R5_single_refY_004-raw02-24,46.36926302718056,7.562450883447257,True,143.30447387695312,0.429624538824072,0.7698184251785278,10.17576983322659,291.64666844870186,dxy_raw_candidates/images/GP_Ip_8.8mm_closed_R5_single_refY_004-raw02-24.jpg,dxy_raw_candidates/masks/GP_Ip_8.8mm_closed_R5_single_refY_004-raw02-24.png,dxy_raw_candidates/ring_fit/json/GP_Ip_8.8mm_closed_R5_single_refY_004-raw02-24.json,circle,A,ok,
381.7010794986735,2758.028551034975,20997.84247648903,16.342557862958557,130.41613133476088,324.2907523510972,43724.0,1401.0,2552.0,0.5901189387008234,7.0,728.7127441167831,1.0,GP_Ip_8.8mm_closed_R5_single_refY,GP_Ip_8.8mm_closed_R5_single_refY_004,2,323,GP_Ip_8.8mm_closed_R5_single_refY_004-raw02-17,44.38473051486074,7.604650827698935,True,147.01406860351562,0.4485426281387602,0.7173210382461548,9.90727385575425,291.30172766073485,dxy_raw_candidates/images/GP_Ip_8.8mm_closed_R5_single_refY_004-raw02-17.jpg,dxy_raw_candidates/masks/GP_Ip_8.8mm_closed_R5_single_refY_004-raw02-17.png,dxy_raw_candidates/ring_fit/json/GP_Ip_8.8mm_closed_R5_single_refY_004-raw02-17.json,circle,A,ok,
407.2310754140309,1388.8017179670724,22321.43990287333,14.42523751984268,63.332856120257695,326.5835694050991,42207.0,1397.0,2471.0,0.5727699530516432,3.0,698.5411911010742,1.0,GP_Ip_8.8mm_closed_R5_single_refY,GP_Ip_8.8mm_closed_R5_single_refY_004,2,364,GP_Ip_8.8mm_closed_R5_single_refY_004-raw02-23,44.06205768770646,7.5723121479151425,True,144.1394805908203,0.4300440740900935,0.6791646480560303,10.009355180204787,288.5486513447512,dxy_raw_candidates/images/GP_Ip_8.8mm_closed_R5_single_refY_004-raw02-23.jpg,dxy_raw_candidates/masks/GP_Ip_8.8mm_closed_R5_single_refY_004-raw02-23.png,dxy_raw_candidates/ring_fit/json/GP_Ip_8.8mm_closed_R5_single_refY_004-raw02-23.json,circle,A,ok,
518.0036684848193,1663.2301013024603,23689.13680781759,22.186730704252547,99.70332850940666,405.2076547231271,41434.0,1382.0,2456.0,0.5521821631878557,7.0,658.2568817138672,1.0,GP_Ip_8.8mm_closed_R5_single_refY,GP_Ip_8.8mm_closed_R5_single_refY_004,3,378,GP_Ip_8.8mm_closed_R5_single_refY_004-raw03-01,49.30253772065785,7.543991361101785,True,140.97752380371094,0.4228703401092044,0.7148032784461975,9.41246380699236,265.3891680803669,dxy_raw_candidates/images/GP_Ip_8.8mm_closed_R5_single_refY_004-raw03-01.jpg,dxy_raw_candidates/masks/GP_Ip_8.8mm_closed_R5_single_refY_004-raw03-01.png,dxy_raw_candidates/ring_fit/json/GP_Ip_8.8mm_closed_R5_single_refY_004-raw03-01.json,circle,B,ok,
460.7976818203411,1996.7042857142856,19295.531553398057,19.61923424065365,107.79714285714286,306.5473300970873,42102.0,1400.0,2472.0,0.5690140845070423,6.0,691.1269245147705,1.0,GP_Ip_8.8mm_closed_R5_single_refY,GP_Ip_8.8mm_closed_R5_single_refY_004,3,399,GP_Ip_8.8mm_closed_R5_single_refY_004-raw03-04,48.64619563191731,7.528489678950483,True,143.93045043945312,0.4189486587477071,0.5681214332580566,9.485863453720778,273.06091994023626,dxy_raw_candidates/images/GP_Ip_8.8mm_closed_R5_single_refY_004-raw03-04.jpg,dxy_raw_candidates/masks/GP_Ip_8.8mm_closed_R5_single_refY_004-raw03-04.png,dxy_raw_candidates/ring_fit/json/GP_Ip_8.8mm_closed_R5_single_refY_004-raw03-04.json,circle,A,ok,
408.95164511221,1073.3457675753227,19855.799347471453,15.420716051730697,57.903156384505024,286.7626427406199,42064.0,1394.0,2452.0,0.5463137996219282,12.0,650.4995956420898,1.0,GP_Ip_8.8mm_closed_R5_single_refY,GP_Ip_8.8mm_closed_R5_single_refY_004,3,392,GP_Ip_8.8mm_closed_R5_single_refY_004-raw03-03,44.50389858726103,7.541273512338494,True,142.6327667236328,0.4207635082977481,0.5955908298492432,10.191566034075352,290.7302521373543,dxy_raw_candidates/images/GP_Ip_8.8mm_closed_R5_single_refY_004-raw03-03.jpg,dxy_raw_candidates/masks/GP_Ip_8.8mm_closed_R5_single_refY_004-raw03-03.png,dxy_raw_candidates/ring_fit/json/GP_Ip_8.8mm_closed_R5_single_refY_004-raw03-03.json,circle,A,ok,
526.0471258101642,1903.8897515527951,13780.262910798125,15.084287358410563,67.1001552795031,152.8444835680751,33018.0,1288.0,1704.0,0.5659928656361475,1.0,543.7593994140625,1.0,GP_Ip_8.8mm_closed_R5_single_refY,GP_Ip_8.8mm_closed_R5_single_refY_004,4,599,GP_Ip_8.8mm_closed_R5_single_refY_004-raw04-09,26.332080328477463,7.841914716076982,True,84.46418762207031,0.2742903029496619,0.8611183762550354,13.142494016713082,222.01401608991807,dxy_raw_candidates/images/GP_Ip_8.8mm_closed_R5_single_refY_004-raw04-09.jpg,dxy_raw_candidates/masks/GP_Ip_8.8mm_closed_R5_single_refY_004-raw04-09.png,dxy_raw_candidates/ring_fit/json/GP_Ip_8.8mm_closed_R5_single_refY_004-raw04-09.json,circle,B,ok,
466.58221620956834,2008.875489428348,10768.702127659575,12.321854630426762,80.58496476115897,119.06560283687944,32524.0,1277.0,1692.0,0.5688622754491018,1.0,541.1025390625,1.0,GP_Ip_8.8mm_closed_R5_single_refY,GP_Ip_8.8mm_closed_R5_single_refY_004,4,592,GP_Ip_8.8mm_closed_R5_single_refY_004-raw04-08,23.71887362896481,7.828752867453845,True,83.71825408935547,0.2754377374681839,0.8817593455314636,12.926510255624676,216.4369740138093,dxy_raw_candidates/images/GP_Ip_8.8mm_closed_R5_single_refY_004-raw04-08.jpg,dxy_raw_candidates/masks/GP_Ip_8.8mm_closed_R5_single_refY_004-raw04-08.png,dxy_raw_candidates/ring_fit/json/GP_Ip_8.8mm_closed_R5_single_refY_004-raw04-08.json,circle,B,ok,
551.9412236517052,929.2532258064516,7738.994337485844,15.812762680868811,39.586290322580645,79.50226500566251,31169.0,1240.0,1766.0,0.527876631079478,1.0,514.0020751953125,1.0,GP_Ip_8.8mm_closed_R5_single_refY,GP_Ip_8.8mm_closed_R5_single_refY_004,4,544,GP_Ip_8.8mm_closed_R5_single_refY_004-raw04-01,23.06299246723977,7.7587996135017105,True,94.75593566894533,0.2919488747899767,0.8687530159950256,11.5361839199428,218.62438027664444,dxy_raw_candidates/images/GP_Ip_8.8mm_closed_R5_single_refY_004-raw04-01.jpg,dxy_raw_candidates/masks/GP_Ip_8.8mm_closed_R5_single_refY_004-raw04-01.png,dxy_raw_candidates/ring_fit/json/GP_Ip_8.8mm_closed_R5_single_refY_004-raw04-01.json,circle,A,ok,
368.11653186823554,668.2064156206416,7953.775395610005,11.47438043811455,23.55927475592748,127.6712608473711,42409.0,1434.0,1959.0,0.5575942915392457,2.0,615.4162888526917,1.0,GP_Ip_8.8mm_closed_R5_single_refY,GP_Ip_8.8mm_closed_R5_single_refY_004,5,717,GP_Ip_8.8mm_closed_R5_single_refY_004-raw05-02,18.11359020396928,7.81497376697856,True,90.5932388305664,0.2682893248167567,1.4825328588485718,13.688296086918406,248.01341531714144,dxy_raw_candidates/images/GP_Ip_8.8mm_closed_R5_single_refY_004-raw05-02.jpg,dxy_raw_candidates/masks/GP_Ip_8.8mm_closed_R5_single_refY_004-raw05-02.png,dxy_raw_candidates/ring_fit/json/GP_Ip_8.8mm_closed_R5_single_refY_004-raw05-02.json,circle,A,ok,
392.7006059493206,724.9078309078309,3521.8780609695154,11.15336944546456,23.29106029106029,75.75212393803099,43568.0,1443.0,2001.0,0.5755693581780539,4.0,626.9726357460022,0.9929855625170252,GP_Ip_8.8mm_closed_R5_single_refY,GP_Ip_8.8mm_closed_R5_single_refY_004,5,724,GP_Ip_8.8mm_closed_R5_single_refY_004-raw05-03,17.33721127522315,7.825334706989638,True,95.21823120117188,0.2329655376408029,1.4516254663467407,13.155472201234684,250.52815872355075,dxy_raw_candidates/images/GP_Ip_8.8mm_closed_R5_single_refY_004-raw05-03.jpg,dxy_raw_candidates/masks/GP_Ip_8.8mm_closed_R5_single_refY_004-raw05-03.png,dxy_raw_candidates/ring_fit/json/GP_Ip_8.8mm_closed_R5_single_refY_004-raw05-03.json,circle,B,ok,
370.0301481001416,645.5289957567185,4804.468799160986,10.75235832073162,19.531824611032533,78.04562139486104,41661.0,1414.0,1907.0,0.5648050579557429,2.0,604.0021333694458,1.0,GP_Ip_8.8mm_closed_R5_single_refY,GP_Ip_8.8mm_closed_R5_single_refY_004,5,710,GP_Ip_8.8mm_closed_R5_single_refY_004-raw05-01,16.674355448235406,7.8004214802402,True,92.4951400756836,0.264587884610392,1.4192174673080444,13.170154539309507,243.6350577863668,dxy_raw_candidates/images/GP_Ip_8.8mm_closed_R5_single_refY_004-raw05-01.jpg,dxy_raw_candidates/masks/GP_Ip_8.8mm_closed_R5_single_refY_004-raw05-01.png,dxy_raw_candidates/ring_fit/json/GP_Ip_8.8mm_closed_R5_single_refY_004-raw05-01.json,circle,A,ok,
269.212914318464,839.8493273542601,9457.105812220569,10.09743050912217,36.72017937219731,113.98845007451564,31407.0,1115.0,2684.0,0.6261306532663317,2.0,709.6416625976562,1.0,GP_Ip_8.8mm_closed_R5_single_refY,GP_Ip_8.8mm_closed_R5_single_refY_005,1,120,GP_Ip_8.8mm_closed_R5_single_refY_005-raw01-13,33.44238007855829,7.323524341444604,True,147.11476135253906,0.6656342403406232,0.591396689414978,8.046955488839131,236.76518727101524,dxy_raw_candidates/images/GP_Ip_8.8mm_closed_R5_single_refY_005-raw01-13.jpg,dxy_raw_candidates/masks/GP_Ip_8.8mm_closed_R5_single_refY_005-raw01-13.png,dxy_raw_candidates/ring_fit/json/GP_Ip_8.8mm_closed_R5_single_refY_005-raw01-13.json,circle,A,ok,
290.74832622390466,1017.5712025316456,15352.802106847254,10.27161784231193,42.77056962025316,191.72084273890144,35399.0,1264.0,2658.0,0.6221804511278195,14.0,745.3401218652725,1.0,GP_Ip_8.8mm_closed_R5_single_refY,GP_Ip_8.8mm_closed_R5_single_refY_005,1,42,GP_Ip_8.8mm_closed_R5_single_refY_005-raw01-01,31.87373674074809,7.2917117949856625,True,148.5508270263672,0.576337537154751,0.6334247589111328,8.353918851294432,248.19631085418987,dxy_raw_candidates/images/GP_Ip_8.8mm_closed_R5_single_refY_005-raw01-01.jpg,dxy_raw_candidates/masks/GP_Ip_8.8mm_closed_R5_single_refY_005-raw01-01.png,dxy_raw_candidates/ring_fit/json/GP_Ip_8.8mm_closed_R5_single_refY_005-raw01-01.json,circle,B,ok,
272.5083686285965,654.2136075949367,12992.330261136713,10.895253395647728,26.86392405063291,172.88556067588326,34235.0,1264.0,2604.0,0.60727969348659,12.0,712.8843467235565,1.0,GP_Ip_8.8mm_closed_R5_single_refY,GP_Ip_8.8mm_closed_R5_single_refY_005,1,48,GP_Ip_8.8mm_closed_R5_single_refY_005-raw01-02,31.75866311362466,7.283742905884244,True,145.73036193847656,0.5718338179705258,0.728420078754425,8.399797289739784,244.821099848723,dxy_raw_candidates/images/GP_Ip_8.8mm_closed_R5_single_refY_005-raw01-02.jpg,dxy_raw_candidates/masks/GP_Ip_8.8mm_closed_R5_single_refY_005-raw01-02.png,dxy_raw_candidates/ring_fit/json/GP_Ip_8.8mm_closed_R5_single_refY_005-raw01-02.json,circle,B,ok,
343.37950470285693,1172.7449168207024,9935.096878800165,12.932539542748442,66.61367837338263,130.93514389947305,28387.0,1082.0,2467.0,0.613588110403397,5.0,657.9137711524963,1.0,GP_Ip_8.8mm_closed_R5_single_refY,GP_Ip_8.8mm_closed_R5_single_refY_005,2,197,GP_Ip_8.8mm_closed_R5_single_refY_005-raw02-01,26.286388722436232,7.411076725037595,True,135.1746368408203,0.6353316721699569,0.4670838117599487,8.103394733571271,219.07468805766288,dxy_raw_candidates/images/GP_Ip_8.8mm_closed_R5_single_refY_005-raw02-01.jpg,dxy_raw_candidates/masks/GP_Ip_8.8mm_closed_R5_single_refY_005-raw02-01.png,dxy_raw_candidates/ring_fit/json/GP_Ip_8.8mm_closed_R5_single_refY_005-raw02-01.json,circle,B,ok,
356.15371436403507,529.7087912087912,11585.177884615385,13.751165021929824,26.511904761904763,168.31690705128204,29184.0,1092.0,2496.0,0.628421052631579,5.0,679.3990612030029,1.0,GP_Ip_8.8mm_closed_R5_single_refY,GP_Ip_8.8mm_closed_R5_single_refY_005,2,203,GP_Ip_8.8mm_closed_R5_single_refY_005-raw02-02,25.76703199551429,7.446370627548974,True,137.37965393066406,0.6117849120552712,0.5303665399551392,8.215677818591066,225.7333951047753,dxy_raw_candidates/images/GP_Ip_8.8mm_closed_R5_single_refY_005-raw02-02.jpg,dxy_raw_candidates/masks/GP_Ip_8.8mm_closed_R5_single_refY_005-raw02-02.png,dxy_raw_candidates/ring_fit/json/GP_Ip_8.8mm_closed_R5_single_refY_005-raw02-02.json,circle,B,ok,
525.2117777932281,576.8148148148148,13212.384648555411,22.064798720711952,19.173148148148147,221.372574385511,28766.0,1080.0,2319.0,0.537199124726477,9.0,541.6467275619507,1.0,GP_Ip_8.8mm_closed_R5_single_refY,GP_Ip_8.8mm_closed_R5_single_refY_005,2,339,GP_Ip_8.8mm_closed_R5_single_refY_005-raw02-23,24.49181266425688,7.466643270143734,True,125.79080963134766,0.5444277605596337,0.4607649743556976,8.524608061272614,214.4634699634794,dxy_raw_candidates/images/GP_Ip_8.8mm_closed_R5_single_refY_005-raw02-23.jpg,dxy_raw_candidates/masks/GP_Ip_8.8mm_closed_R5_single_refY_005-raw02-23.png,dxy_raw_candidates/ring_fit/json/GP_Ip_8.8mm_closed_R5_single_refY_005-raw02-23.json,circle,A,ok,
740.4101109996888,3014.3009708737864,17479.913120567377,29.24599744112867,152.9368932038835,371.1835106382979,28919.0,1236.0,2256.0,0.5679662802950474,12.0,596.7594413757324,1.0,GP_Ip_8.8mm_closed_R5_single_refY,GP_Ip_8.8mm_closed_R5_single_refY_005,3,436,GP_Ip_8.8mm_closed_R5_single_refY_005-raw03-14,28.43866197246856,7.437555060035425,True,124.75924682617188,0.5400777475502015,0.6472442746162415,10.412635566891408,259.81451416015653,dxy_raw_candidates/images/GP_Ip_8.8mm_closed_R5_single_refY_005-raw03-14.jpg,dxy_raw_candidates/masks/GP_Ip_8.8mm_closed_R5_single_refY_005-raw03-14.png,dxy_raw_candidates/ring_fit/json/GP_Ip_8.8mm_closed_R5_single_refY_005-raw03-14.json,ellipse,A,ok,
706.3799860529986,1299.622950819672,16284.125444839858,27.749616457461645,59.80510018214936,321.06405693950177,28680.0,1098.0,2248.0,0.53156146179402,12.0,524.747239112854,1.0,GP_Ip_8.8mm_closed_R5_single_refY,GP_Ip_8.8mm_closed_R5_single_refY_005,3,430,GP_Ip_8.8mm_closed_R5_single_refY_005-raw03-13,27.91948132041178,7.438718529964014,True,123.29620361328124,0.541608105984329,0.6227408051490784,10.470618810594605,258.19750976562545,dxy_raw_candidates/images/GP_Ip_8.8mm_closed_R5_single_refY_005-raw03-13.jpg,dxy_raw_candidates/masks/GP_Ip_8.8mm_closed_R5_single_refY_005-raw03-13.png,dxy_raw_candidates/ring_fit/json/GP_Ip_8.8mm_closed_R5_single_refY_005-raw03-13.json,ellipse,B,ok,
422.3330723457564,1153.8119490695397,8999.20987654321,14.126370184779203,52.05484818805093,145.5895061728395,25544.0,1021.0,2268.0,0.5294117647058824,16.0,506.78887367248535,1.0,GP_Ip_8.8mm_closed_R5_single_refY,GP_Ip_8.8mm_closed_R5_single_refY_005,3,501,GP_Ip_8.8mm_closed_R5_single_refY_005-raw03-24,27.83800975262205,7.26504971132707,True,123.2559051513672,0.6152030238696177,0.4160502552986145,8.452102748322375,208.3543149353668,dxy_raw_candidates/images/GP_Ip_8.8mm_closed_R5_single_refY_005-raw03-24.jpg,dxy_raw_candidates/masks/GP_Ip_8.8mm_closed_R5_single_refY_005-raw03-24.png,dxy_raw_candidates/ring_fit/json/GP_Ip_8.8mm_closed_R5_single_refY_005-raw03-24.json,circle,B,ok,
338.43553160475284,530.451476793249,24880.555555555555,12.426078890410354,16.130801687763714,404.4585610200364,22639.0,948.0,2196.0,0.6240963855421687,5.0,587.1441901922226,1.0,GP_Ip_8.8mm_closed_R5_single_refY,GP_Ip_8.8mm_closed_R5_single_refY_005,4,656,GP_Ip_8.8mm_closed_R5_single_refY_005-raw04-24,48.962269880713926,7.169250794261556,True,121.08055877685548,0.6248224998064721,0.5143932104110718,8.217029302390632,198.9844998838508,dxy_raw_candidates/images/GP_Ip_8.8mm_closed_R5_single_refY_005-raw04-24.jpg,dxy_raw_candidates/masks/GP_Ip_8.8mm_closed_R5_single_refY_005-raw04-24.png,dxy_raw_candidates/ring_fit/json/GP_Ip_8.8mm_closed_R5_single_refY_005-raw04-24.json,circle,B,ok,
346.4889633256034,579.9143155694879,22184.44778761062,13.134071974577,22.10658307210032,295.7398230088496,23286.0,957.0,2260.0,0.6305882352941177,6.0,602.901579618454,1.0,GP_Ip_8.8mm_closed_R5_single_refY,GP_Ip_8.8mm_closed_R5_single_refY_005,4,630,GP_Ip_8.8mm_closed_R5_single_refY_005-raw04-20,47.3365920682825,7.178743811462381,True,123.69939422607422,0.6415515467015219,0.8643337488174438,8.086253641777901,200.05293540926263,dxy_raw_candidates/images/GP_Ip_8.8mm_closed_R5_single_refY_005-raw04-20.jpg,dxy_raw_candidates/masks/GP_Ip_8.8mm_closed_R5_single_refY_005-raw04-20.png,dxy_raw_candidates/ring_fit/json/GP_Ip_8.8mm_closed_R5_single_refY_005-raw04-20.json,circle,B,ok,
328.8590315934066,652.1915550978373,21937.55044247788,11.404833447802195,26.462409886714727,296.6699115044248,23296.0,971.0,2260.0,0.6267605633802817,5.0,603.9726493358612,1.0,GP_Ip_8.8mm_closed_R5_single_refY,GP_Ip_8.8mm_closed_R5_single_refY_005,4,623,GP_Ip_8.8mm_closed_R5_single_refY_005-raw04-19,45.074158008659055,7.178639672310668,True,123.31651306152344,0.6442570592392088,0.7921481728553772,8.189659936101654,201.98406129594312,dxy_raw_candidates/images/GP_Ip_8.8mm_closed_R5_single_refY_005-raw04-19.jpg,dxy_raw_candidates/masks/GP_Ip_8.8mm_closed_R5_single_refY_005-raw04-19.png,dxy_raw_candidates/ring_fit/json/GP_Ip_8.8mm_closed_R5_single_refY_005-raw04-19.json,circle,A,ok,
373.4906974903016,936.6927374301677,24803.665474060825,15.610996754017892,32.487895716946,558.3899821109123,25262.0,1074.0,2236.0,0.6094808126410836,4.0,621.3279695510864,1.0,GP_Ip_8.8mm_closed_R5_single_refY,GP_Ip_8.8mm_closed_R5_single_refY_005,5,804,GP_Ip_8.8mm_closed_R5_single_refY_005-raw05-23,74.163477032121,7.135879750202892,True,125.4199676513672,0.5660685051519356,0.5525685548782349,8.876495763010585,222.6579622908575,dxy_raw_candidates/images/GP_Ip_8.8mm_closed_R5_single_refY_005-raw05-23.jpg,dxy_raw_candidates/masks/GP_Ip_8.8mm_closed_R5_single_refY_005-raw05-23.png,dxy_raw_candidates/ring_fit/json/GP_Ip_8.8mm_closed_R5_single_refY_005-raw05-23.json,circle,B,ok,
323.78501964831503,962.2786157941438,21043.138181818184,14.58738538482912,29.504880212954745,386.44,25193.0,1127.0,2200.0,0.582122905027933,6.0,601.1564407348633,1.0,GP_Ip_8.8mm_closed_R5_single_refY,GP_Ip_8.8mm_closed_R5_single_refY_005,5,791,GP_Ip_8.8mm_closed_R5_single_refY_005-raw05-21,70.71106661888291,7.132335182119422,True,123.55447387695312,0.5621023433905152,0.7119772434234619,8.969884255123421,221.653865975788,dxy_raw_candidates/images/GP_Ip_8.8mm_closed_R5_single_refY_005-raw05-21.jpg,dxy_raw_candidates/masks/GP_Ip_8.8mm_closed_R5_single_refY_005-raw05-21.png,dxy_raw_candidates/ring_fit/json/GP_Ip_8.8mm_closed_R5_single_refY_005-raw05-21.json,circle,B,ok,
366.335916482634,1137.9422521655438,27774.130395683453,15.975466773740212,49.87487969201155,620.7711330935252,24905.0,1039.0,2224.0,0.5822784810126582,10.0,573.4579454660416,1.0,GP_Ip_8.8mm_closed_R5_single_refY,GP_Ip_8.8mm_closed_R5_single_refY_005,5,798,GP_Ip_8.8mm_closed_R5_single_refY_005-raw05-22,70.65275969667319,7.133069661652353,True,124.58341979980467,0.5655350436664554,0.7559376955032349,8.792862427226439,219.08897420261627,dxy_raw_candidates/images/GP_Ip_8.8mm_closed_R5_single_refY_005-raw05-22.jpg,dxy_raw_candidates/masks/GP_Ip_8.8mm_closed_R5_single_refY_005-raw05-22.png,dxy_raw_candidates/ring_fit/json/GP_Ip_8.8mm_closed_R5_single_refY_005-raw05-22.json,circle,A,ok,
433.1953446868296,872.0761478163494,18274.694991055458,12.904729357711076,31.1013437849944,246.39982110912345,52671.0,1786.0,2236.0,0.590034965034965,13.0,765.1392111778259,1.0,GP_Ip_9.7mm_closed_R5_single_refY,GP_Ip_9.7mm_closed_R5_single_refY_004,1,83,GP_Ip_9.7mm_closed_R5_single_refY_004-raw01-04,30.55125805656528,7.6731687371413795,True,128.58705139160156,0.3739506768500177,0.8972703814506531,10.245864075453092,263.4970900843308,dxy_raw_candidates/images/GP_Ip_9.7mm_closed_R5_single_refY_004-raw01-04.jpg,dxy_raw_candidates/masks/GP_Ip_9.7mm_closed_R5_single_refY_004-raw01-04.png,dxy_raw_candidates/ring_fit/json/GP_Ip_9.7mm_closed_R5_single_refY_004-raw01-04.json,circle,B,ok,
379.1234446503536,627.0614589316485,15998.0231316726,11.89682689762112,27.07696726019529,162.93950177935943,52882.0,1741.0,2248.0,0.5757575757575758,6.0,741.896541595459,1.0,GP_Ip_9.7mm_closed_R5_single_refY,GP_Ip_9.7mm_closed_R5_single_refY_004,1,57,GP_Ip_9.7mm_closed_R5_single_refY_004-raw01-01,29.557322906775525,7.696281496613926,True,128.73663330078125,0.372056105806772,1.1041412353515625,10.26292924335748,264.24299171879585,dxy_raw_candidates/images/GP_Ip_9.7mm_closed_R5_single_refY_004-raw01-01.jpg,dxy_raw_candidates/masks/GP_Ip_9.7mm_closed_R5_single_refY_004-raw01-01.png,dxy_raw_candidates/ring_fit/json/GP_Ip_9.7mm_closed_R5_single_refY_004-raw01-01.json,circle,A,ok,
344.2947380336962,427.3344748858448,16302.10409252669,8.308322170443182,13.824771689497718,152.49199288256227,53003.0,1752.0,2248.0,0.5857777777777777,8.0,756.2102632522583,1.0,GP_Ip_9.7mm_closed_R5_single_refY,GP_Ip_9.7mm_closed_R5_single_refY_004,1,74,GP_Ip_9.7mm_closed_R5_single_refY_004-raw01-03,28.701688192631288,7.6655985100377215,True,129.3820037841797,0.3662286753663997,0.9653228521347046,10.19547033503129,263.8220762937025,dxy_raw_candidates/images/GP_Ip_9.7mm_closed_R5_single_refY_004-raw01-03.jpg,dxy_raw_candidates/masks/GP_Ip_9.7mm_closed_R5_single_refY_004-raw01-03.png,dxy_raw_candidates/ring_fit/json/GP_Ip_9.7mm_closed_R5_single_refY_004-raw01-03.json,circle,B,ok,
387.09790402141823,677.7389885807504,9088.636622390892,11.597968202739626,24.51495377922784,131.75759013282732,54533.0,1839.0,2108.0,0.5947416137805984,2.0,763.7666015625,1.0,GP_Ip_9.7mm_closed_R5_single_refY,GP_Ip_9.7mm_closed_R5_single_refY_004,2,296,GP_Ip_9.7mm_closed_R5_single_refY_004-raw02-05,18.600275511334274,7.769602471117103,True,118.3262176513672,0.288256406037455,0.8173900246620178,11.19768334949018,264.99590344057367,dxy_raw_candidates/images/GP_Ip_9.7mm_closed_R5_single_refY_004-raw02-05.jpg,dxy_raw_candidates/masks/GP_Ip_9.7mm_closed_R5_single_refY_004-raw02-05.png,dxy_raw_candidates/ring_fit/json/GP_Ip_9.7mm_closed_R5_single_refY_004-raw02-05.json,circle,A,ok,
384.4289646254733,713.6701256144183,7283.031368821293,10.555389304516488,20.477334789732385,95.09553231939164,54135.0,1831.0,2104.0,0.5890909090909091,1.0,755.1097412109375,1.0,GP_Ip_9.7mm_closed_R5_single_refY,GP_Ip_9.7mm_closed_R5_single_refY_004,2,305,GP_Ip_9.7mm_closed_R5_single_refY_004-raw02-06,16.14321180284288,7.7778173631179,True,117.03299713134766,0.2837737745251817,0.905766487121582,11.33757727600693,265.3741297638708,dxy_raw_candidates/images/GP_Ip_9.7mm_closed_R5_single_refY_004-raw02-06.jpg,dxy_raw_candidates/masks/GP_Ip_9.7mm_closed_R5_single_refY_004-raw02-06.png,dxy_raw_candidates/ring_fit/json/GP_Ip_9.7mm_closed_R5_single_refY_004-raw02-06.json,circle,B,ok,
364.7159697918585,548.2036124794746,6173.773496240601,9.669883956529748,20.583470169677067,72.0140977443609,54290.0,1827.0,2128.0,0.5752930568079351,1.0,746.7666015625,1.0,GP_Ip_9.7mm_closed_R5_single_refY,GP_Ip_9.7mm_closed_R5_single_refY_004,2,279,GP_Ip_9.7mm_closed_R5_single_refY_004-raw02-03,15.76281233707006,7.842534056742598,True,120.85157012939452,0.2919751449790857,0.9852340221405028,10.99548268348588,265.7642693259677,dxy_raw_candidates/images/GP_Ip_9.7mm_closed_R5_single_refY_004-raw02-03.jpg,dxy_raw_candidates/masks/GP_Ip_9.7mm_closed_R5_single_refY_004-raw02-03.png,dxy_raw_candidates/ring_fit/json/GP_Ip_9.7mm_closed_R5_single_refY_004-raw02-03.json,circle,A,ok,
446.6893537308773,1701.875,12828.684210526317,12.540988359127605,58.44616336633664,115.13923444976076,44842.0,1616.0,2090.0,0.5714285714285714,6.0,679.6122727394104,1.0,GP_Ip_9.7mm_closed_R5_single_refY,GP_Ip_9.7mm_closed_R5_single_refY_004,3,655,GP_Ip_9.7mm_closed_R5_single_refY_004-raw03-23,22.98672606164321,7.747244742485649,True,120.2222137451172,0.3920330673606197,0.9085502028465272,10.2181194182793,245.6889873555019,dxy_raw_candidates/images/GP_Ip_9.7mm_closed_R5_single_refY_004-raw03-23.jpg,dxy_raw_candidates/masks/GP_Ip_9.7mm_closed_R5_single_refY_004-raw03-23.png,dxy_raw_candidates/ring_fit/json/GP_Ip_9.7mm_closed_R5_single_refY_004-raw03-23.json,circle,A,ok,
437.72969251950434,1266.1737476220671,12672.340425531916,11.447751262046811,53.43183259353202,126.0352998065764,43580.0,1577.0,2068.0,0.5791543756145526,9.0,670.7127976417542,1.0,GP_Ip_9.7mm_closed_R5_single_refY,GP_Ip_9.7mm_closed_R5_single_refY_004,3,663,GP_Ip_9.7mm_closed_R5_single_refY_004-raw03-24,20.755055335714783,7.714728415220319,True,119.56008911132812,0.4022528583044246,0.7711616158485413,10.083976427228343,241.12822404719105,dxy_raw_candidates/images/GP_Ip_9.7mm_closed_R5_single_refY_004-raw03-24.jpg,dxy_raw_candidates/masks/GP_Ip_9.7mm_closed_R5_single_refY_004-raw03-24.png,dxy_raw_candidates/ring_fit/json/GP_Ip_9.7mm_closed_R5_single_refY_004-raw03-24.json,circle,B,ok,
411.6612277936353,1999.6618357487923,11222.65754716981,12.372790014058706,93.70169082125604,99.22877358490568,46946.0,1656.0,2120.0,0.5776930409914204,6.0,696.0975341796875,1.0,GP_Ip_9.7mm_closed_R5_single_refY,GP_Ip_9.7mm_closed_R5_single_refY_004,3,646,GP_Ip_9.7mm_closed_R5_single_refY_004-raw03-22,20.09135416664784,7.702196393530589,True,121.0460205078125,0.3858514981948725,0.8189130425453186,10.296791834116169,249.2771351034208,dxy_raw_candidates/images/GP_Ip_9.7mm_closed_R5_single_refY_004-raw03-22.jpg,dxy_raw_candidates/masks/GP_Ip_9.7mm_closed_R5_single_refY_004-raw03-22.png,dxy_raw_candidates/ring_fit/json/GP_Ip_9.7mm_closed_R5_single_refY_004-raw03-22.json,circle,B,ok,
566.2253245598434,621.1623376623377,31003.12362030905,18.896792933783864,29.78896103896104,523.5772626931567,33738.0,1540.0,1812.0,0.5805128205128205,10.0,644.227481842041,1.0,GP_Ip_9.7mm_closed_R5_single_refY,GP_Ip_9.7mm_closed_R5_single_refY_004,4,792,GP_Ip_9.7mm_closed_R5_single_refY_004-raw04-15,30.31347112864625,7.732338460928712,True,105.02454376220705,0.4069067585604013,0.6841105818748474,10.053761510837544,211.17834315395032,dxy_raw_candidates/images/GP_Ip_9.7mm_closed_R5_single_refY_004-raw04-15.jpg,dxy_raw_candidates/masks/GP_Ip_9.7mm_closed_R5_single_refY_004-raw04-15.png,dxy_raw_candidates/ring_fit/json/GP_Ip_9.7mm_closed_R5_single_refY_004-raw04-15.json,circle,A,ok,
609.4169528614412,1621.0615711252651,25768.466743119265,19.555146947086893,53.09412597310686,569.0321100917431,32903.0,1413.0,1744.0,0.5660592255125285,1.0,580.49951171875,1.0,GP_Ip_9.7mm_closed_R5_single_refY,GP_Ip_9.7mm_closed_R5_single_refY_004,4,834,GP_Ip_9.7mm_closed_R5_single_refY_004-raw04-20,30.236404817782525,7.702564699393552,True,99.13990783691406,0.3826799633550631,0.6347066760063171,10.457260818276472,207.3463747501004,dxy_raw_candidates/images/GP_Ip_9.7mm_closed_R5_single_refY_004-raw04-20.jpg,dxy_raw_candidates/masks/GP_Ip_9.7mm_closed_R5_single_refY_004-raw04-20.png,dxy_raw_candidates/ring_fit/json/GP_Ip_9.7mm_closed_R5_single_refY_004-raw04-20.json,circle,A,ok,
504.1166380789022,736.0426332288401,24872.55043859649,15.330543561838292,23.866457680250782,421.4161184210527,33814.0,1595.0,1824.0,0.5672981056829511,9.0,654.4407000541687,1.0,GP_Ip_9.7mm_closed_R5_single_refY,GP_Ip_9.7mm_closed_R5_single_refY_004,4,757,GP_Ip_9.7mm_closed_R5_single_refY_004-raw04-11,27.683299677190654,7.716400420691366,True,105.56851196289062,0.4158103302919172,0.533932089805603,9.896730568865816,208.95662389056343,dxy_raw_candidates/images/GP_Ip_9.7mm_closed_R5_single_refY_004-raw04-11.jpg,dxy_raw_candidates/masks/GP_Ip_9.7mm_closed_R5_single_refY_004-raw04-11.png,dxy_raw_candidates/ring_fit/json/GP_Ip_9.7mm_closed_R5_single_refY_004-raw04-11.json,circle,A,ok,
515.1158085264553,815.1411677753141,24101.037259615383,16.37163450660978,24.492239467849224,295.17367788461536,30939.0,1353.0,1664.0,0.5635294117647058,1.0,557.5289916992188,1.0,GP_Ip_9.7mm_closed_R5_single_refY,GP_Ip_9.7mm_closed_R5_single_refY_004,5,955,GP_Ip_9.7mm_closed_R5_single_refY_004-raw05-10,40.33118775360555,7.65931900140342,True,92.74362182617188,0.36697586403277,0.6323835849761963,11.065248839437317,205.2462507554524,dxy_raw_candidates/images/GP_Ip_9.7mm_closed_R5_single_refY_004-raw05-10.jpg,dxy_raw_candidates/masks/GP_Ip_9.7mm_closed_R5_single_refY_004-raw05-10.png,dxy_raw_candidates/ring_fit/json/GP_Ip_9.7mm_closed_R5_single_refY_004-raw05-10.json,circle,B,ok,
591.6795151184963,905.0416666666666,32854.404507710555,21.13916507763552,53.39969135802469,699.1043890865955,29368.0,1296.0,1686.0,0.5470798569725864,1.0,533.3868408203125,1.0,GP_Ip_9.7mm_closed_R5_single_refY,GP_Ip_9.7mm_closed_R5_single_refY_004,5,998,GP_Ip_9.7mm_closed_R5_single_refY_004-raw05-15,38.347363063553225,7.489644935879847,True,94.42708587646484,0.4064418884076391,0.8679218888282776,11.10250090871348,209.67536135012344,dxy_raw_candidates/images/GP_Ip_9.7mm_closed_R5_single_refY_004-raw05-15.jpg,dxy_raw_candidates/masks/GP_Ip_9.7mm_closed_R5_single_refY_004-raw05-15.png,dxy_raw_candidates/ring_fit/json/GP_Ip_9.7mm_closed_R5_single_refY_004-raw05-15.json,circle,A,ok,
584.8639137995704,932.29012345679,32884.1247771836,20.57684045418897,52.742283950617285,694.182412358883,29327.0,1296.0,1683.0,0.5470798569725864,1.0,533.3868408203125,1.0,GP_Ip_9.7mm_closed_R5_single_refY,GP_Ip_9.7mm_closed_R5_single_refY_004,5,990,GP_Ip_9.7mm_closed_R5_single_refY_004-raw05-14,37.53705696343316,7.489046236153731,True,94.47364044189452,0.4067870971902761,0.8828296065330505,11.08577742269037,209.46275005002448,dxy_raw_candidates/images/GP_Ip_9.7mm_closed_R5_single_refY_004-raw05-14.jpg,dxy_raw_candidates/masks/GP_Ip_9.7mm_closed_R5_single_refY_004-raw05-14.png,dxy_raw_candidates/ring_fit/json/GP_Ip_9.7mm_closed_R5_single_refY_004-raw05-14.json,circle,B,ok,
443.85980005767567,1780.5057627118645,42472.63977635783,20.756728828222627,80.80881355932203,777.2256389776358,41612.0,1475.0,2504.0,0.6344765342960289,3.0,810.180830001831,1.0,GP_Ip_9.7mm_closed_R5_single_refY,GP_Ip_9.7mm_closed_R5_single_refY_005,1,67,GP_Ip_9.7mm_closed_R5_single_refY_005-raw01-09,50.25955722497543,7.115828883757303,True,139.7646942138672,0.6112084512174077,0.7031785249710083,9.055301199087264,253.12228062097992,dxy_raw_candidates/images/GP_Ip_9.7mm_closed_R5_single_refY_005-raw01-09.jpg,dxy_raw_candidates/masks/GP_Ip_9.7mm_closed_R5_single_refY_005-raw01-09.png,dxy_raw_candidates/ring_fit/json/GP_Ip_9.7mm_closed_R5_single_refY_005-raw01-09.json,circle,B,ok,
324.43935242839353,857.2840195394277,18558.618499404525,13.300921544209215,38.92742498255408,255.585152838428,40150.0,1433.0,2519.0,0.6310502283105023,5.0,790.7959789037704,1.0,GP_Ip_9.7mm_closed_R5_single_refY,GP_Ip_9.7mm_closed_R5_single_refY_005,1,30,GP_Ip_9.7mm_closed_R5_single_refY_005-raw01-01,50.13578331602943,7.020753803101288,True,138.18812561035156,0.6362190838766071,0.6908963918685913,9.518162344605663,263.05940273121763,dxy_raw_candidates/images/GP_Ip_9.7mm_closed_R5_single_refY_005-raw01-01.jpg,dxy_raw_candidates/masks/GP_Ip_9.7mm_closed_R5_single_refY_005-raw01-01.png,dxy_raw_candidates/ring_fit/json/GP_Ip_9.7mm_closed_R5_single_refY_005-raw01-01.json,circle,A,ok,
286.261974198013,1021.4001421464108,19160.6251968504,12.020760219465178,43.74484719260839,289.69173228346455,40462.0,1407.0,2540.0,0.6406966086159487,5.0,797.1391665935516,1.0,GP_Ip_9.7mm_closed_R5_single_refY,GP_Ip_9.7mm_closed_R5_single_refY_005,1,35,GP_Ip_9.7mm_closed_R5_single_refY_005-raw01-02,49.83138552982544,7.043385515052788,True,140.35768127441406,0.6147056952042598,0.7318994998931885,9.12552676675634,256.1675554779044,dxy_raw_candidates/images/GP_Ip_9.7mm_closed_R5_single_refY_005-raw01-02.jpg,dxy_raw_candidates/masks/GP_Ip_9.7mm_closed_R5_single_refY_005-raw01-02.png,dxy_raw_candidates/ring_fit/json/GP_Ip_9.7mm_closed_R5_single_refY_005-raw01-02.json,circle,A,ok,
365.8706133122377,426.85016077170417,14185.186507936509,12.53923572197684,17.812861736334405,185.3079365079365,45507.0,1555.0,2520.0,0.6470588235294118,6.0,830.3645293712616,1.0,GP_Ip_9.7mm_closed_R5_single_refY,GP_Ip_9.7mm_closed_R5_single_refY_005,2,141,GP_Ip_9.7mm_closed_R5_single_refY_005-raw02-01,30.54638304951867,7.271683695098915,True,140.85195922851562,0.5433692896512928,0.8010051846504211,9.148438139443687,257.71508716430446,dxy_raw_candidates/images/GP_Ip_9.7mm_closed_R5_single_refY_005-raw02-01.jpg,dxy_raw_candidates/masks/GP_Ip_9.7mm_closed_R5_single_refY_005-raw02-01.png,dxy_raw_candidates/ring_fit/json/GP_Ip_9.7mm_closed_R5_single_refY_005-raw02-01.json,circle,A,ok,
369.6514686451875,338.2269005847953,13372.351116155884,12.196036182538876,14.75263157894737,148.62693908437382,49195.0,1710.0,2643.0,0.6411522633744856,12.0,897.4772378206253,1.0,GP_Ip_9.7mm_closed_R5_single_refY,GP_Ip_9.7mm_closed_R5_single_refY_005,2,178,GP_Ip_9.7mm_closed_R5_single_refY_005-raw02-09,29.374432378122528,7.285912138170069,True,147.640380859375,0.5530274821592408,0.909579873085022,9.067421225652716,267.7435046335496,dxy_raw_candidates/images/GP_Ip_9.7mm_closed_R5_single_refY_005-raw02-09.jpg,dxy_raw_candidates/masks/GP_Ip_9.7mm_closed_R5_single_refY_005-raw02-09.png,dxy_raw_candidates/ring_fit/json/GP_Ip_9.7mm_closed_R5_single_refY_005-raw02-09.json,circle,A,ok,
331.486620671868,409.8757921419518,13992.703470031543,10.064930040621574,15.85487959442332,166.81585173501577,46527.0,1578.0,2536.0,0.6633840644583706,4.0,864.9920120239258,1.0,GP_Ip_9.7mm_closed_R5_single_refY,GP_Ip_9.7mm_closed_R5_single_refY_005,2,146,GP_Ip_9.7mm_closed_R5_single_refY_005-raw02-02,28.19025703556273,7.305974307905475,True,142.756103515625,0.5397662680843258,0.838441014289856,9.16151503298056,261.5724376816255,dxy_raw_candidates/images/GP_Ip_9.7mm_closed_R5_single_refY_005-raw02-02.jpg,dxy_raw_candidates/masks/GP_Ip_9.7mm_closed_R5_single_refY_005-raw02-02.png,dxy_raw_candidates/ring_fit/json/GP_Ip_9.7mm_closed_R5_single_refY_005-raw02-02.json,circle,A,ok,
334.46979086641056,362.6470914127424,9476.931982633863,11.440409731113956,23.03102493074792,135.45947901591896,58575.0,1805.0,2764.0,0.6455070074196207,13.0,912.4894217252732,1.0,GP_Ip_9.7mm_closed_R5_single_refY,GP_Ip_9.7mm_closed_R5_single_refY_005,3,252,GP_Ip_9.7mm_closed_R5_single_refY_005-raw03-01,19.18435572108398,7.415552454739409,True,154.01039123535156,0.4816472045043644,1.0398051738739014,9.307000653139555,286.67496236353907,dxy_raw_candidates/images/GP_Ip_9.7mm_closed_R5_single_refY_005-raw03-01.jpg,dxy_raw_candidates/masks/GP_Ip_9.7mm_closed_R5_single_refY_005-raw03-01.png,dxy_raw_candidates/ring_fit/json/GP_Ip_9.7mm_closed_R5_single_refY_005-raw03-01.json,circle,B,ok,
318.0223821747957,352.1063122923588,8425.036480686695,10.648109931041423,20.66611295681064,113.17632331902718,59601.0,1806.0,2796.0,0.6416326530612245,13.0,910.5188851356506,1.0,GP_Ip_9.7mm_closed_R5_single_refY,GP_Ip_9.7mm_closed_R5_single_refY_005,3,261,GP_Ip_9.7mm_closed_R5_single_refY_005-raw03-03,18.51693930863274,7.422582373638928,True,156.19215393066406,0.4794472029763158,1.0493088960647583,9.25960400692434,289.2554988773041,dxy_raw_candidates/images/GP_Ip_9.7mm_closed_R5_single_refY_005-raw03-03.jpg,dxy_raw_candidates/masks/GP_Ip_9.7mm_closed_R5_single_refY_005-raw03-03.png,dxy_raw_candidates/ring_fit/json/GP_Ip_9.7mm_closed_R5_single_refY_005-raw03-03.json,circle,A,ok,
317.48366199546865,349.80730897009965,8417.352646638054,10.621733657799782,20.565891472868216,112.60836909871244,59585.0,1806.0,2796.0,0.6391836734693878,14.0,905.69042801857,1.0,GP_Ip_9.7mm_closed_R5_single_refY,GP_Ip_9.7mm_closed_R5_single_refY_005,3,266,GP_Ip_9.7mm_closed_R5_single_refY_005-raw03-04,18.48172342746757,7.422614471295557,True,156.4654541015625,0.4789417004774399,1.0639110803604126,9.243027774606928,289.2429076054456,dxy_raw_candidates/images/GP_Ip_9.7mm_closed_R5_single_refY_005-raw03-04.jpg,dxy_raw_candidates/masks/GP_Ip_9.7mm_closed_R5_single_refY_005-raw03-04.png,dxy_raw_candidates/ring_fit/json/GP_Ip_9.7mm_closed_R5_single_refY_005-raw03-04.json,circle,A,ok,
270.7363923558962,351.95100864553314,4298.129952456418,9.24510590916153,14.54562920268972,56.1784469096672,77236.0,2082.0,3155.0,0.5814121037463977,20.0,926.1757321357728,1.0,GP_Ip_9.7mm_closed_R5_single_refY,GP_Ip_9.7mm_closed_R5_single_refY_005,4,442,GP_Ip_9.7mm_closed_R5_single_refY_005-raw04-18,12.244125826460053,7.50057855437524,True,172.28311157226562,0.4265869524679286,1.0489989519119265,9.494922625969885,327.1629628280001,dxy_raw_candidates/images/GP_Ip_9.7mm_closed_R5_single_refY_005-raw04-18.jpg,dxy_raw_candidates/masks/GP_Ip_9.7mm_closed_R5_single_refY_005-raw04-18.png,dxy_raw_candidates/ring_fit/json/GP_Ip_9.7mm_closed_R5_single_refY_005-raw04-18.json,circle,B,ok,
269.5290445414395,350.0412866058569,4286.789055042953,9.171884106775115,14.415746519443111,55.32612153993,77209.0,2083.0,3143.0,0.5778097982708934,22.0,917.1046671867372,1.0,GP_Ip_9.7mm_closed_R5_single_refY,GP_Ip_9.7mm_closed_R5_single_refY_005,4,437,GP_Ip_9.7mm_closed_R5_single_refY_005-raw04-17,12.11515986289977,7.500277522974136,True,172.25497436523438,0.4262284228869186,1.0442428588867188,9.479143683026155,326.56593042480915,dxy_raw_candidates/images/GP_Ip_9.7mm_closed_R5_single_refY_005-raw04-17.jpg,dxy_raw_candidates/masks/GP_Ip_9.7mm_closed_R5_single_refY_005-raw04-17.png,dxy_raw_candidates/ring_fit/json/GP_Ip_9.7mm_closed_R5_single_refY_005-raw04-17.json,circle,B,ok,
282.99918186509586,290.82336182336184,4184.407002188184,9.40868985135118,14.221272554605887,60.775867458580805,79449.0,2106.0,3199.0,0.5873129009265858,18.0,948.9036017656326,1.0,GP_Ip_9.7mm_closed_R5_single_refY,GP_Ip_9.7mm_closed_R5_single_refY_005,4,469,GP_Ip_9.7mm_closed_R5_single_refY_005-raw04-24,12.064131748706911,7.512626651973244,True,176.43846130371094,0.4288331406456543,1.2126126289367676,9.378863220101271,330.95843906652806,dxy_raw_candidates/images/GP_Ip_9.7mm_closed_R5_single_refY_005-raw04-24.jpg,dxy_raw_candidates/masks/GP_Ip_9.7mm_closed_R5_single_refY_005-raw04-24.png,dxy_raw_candidates/ring_fit/json/GP_Ip_9.7mm_closed_R5_single_refY_005-raw04-24.json,circle,B,ok,
289.8084817386055,286.05515929624346,4284.920408795293,10.19057500754603,15.1773656680932,62.59615980179622,79512.0,2103.0,3229.0,0.5933521923620934,20.0,962.7320860624312,1.0,GP_Ip_9.7mm_closed_R5_single_refY,GP_Ip_9.7mm_closed_R5_single_refY_005,5,474,GP_Ip_9.7mm_closed_R5_single_refY_005-raw05-01,13.05042402432289,7.516458758360217,True,176.83631896972656,0.4287099712428721,1.1889671087265017,9.365801977743718,331.24278918871727,dxy_raw_candidates/images/GP_Ip_9.7mm_closed_R5_single_refY_005-raw05-01.jpg,dxy_raw_candidates/masks/GP_Ip_9.7mm_closed_R5_single_refY_005-raw05-01.png,dxy_raw_candidates/ring_fit/json/GP_Ip_9.7mm_closed_R5_single_refY_005-raw05-01.json,circle,B,ok,
247.28677138131303,231.65293262239456,4083.2975378226047,8.723737392580432,11.822103732428502,46.9916938593889,80409.0,2063.0,3371.0,0.660013764624914,12.0,1116.4133051633837,1.0,GP_Ip_9.7mm_closed_R5_single_refY,GP_Ip_9.7mm_closed_R5_single_refY_005,5,573,GP_Ip_9.7mm_closed_R5_single_refY_005-raw05-22,13.01104383070204,7.467950842789977,True,187.770751953125,0.4867543999989163,1.1626561880111694,9.068679099970865,340.56653876462383,dxy_raw_candidates/images/GP_Ip_9.7mm_closed_R5_single_refY_005-raw05-22.jpg,dxy_raw_candidates/masks/GP_Ip_9.7mm_closed_R5_single_refY_005-raw05-22.png,dxy_raw_candidates/ring_fit/json/GP_Ip_9.7mm_closed_R5_single_refY_005-raw05-22.json,circle,B,ok,
236.75457370557868,346.60428849902536,4120.6508030933965,8.821500175429803,14.511695906432749,53.6192742415229,79804.0,2052.0,3362.0,0.6407766990291263,20.0,1062.2294989824295,1.0,GP_Ip_9.7mm_closed_R5_single_refY,GP_Ip_9.7mm_closed_R5_single_refY_005,5,549,GP_Ip_9.7mm_closed_R5_single_refY_005-raw05-17,12.648947105459522,7.412032105162593,True,185.71636962890625,0.4766881153918816,1.14555025100708,9.141344550966068,339.53946470648094,dxy_raw_candidates/images/GP_Ip_9.7mm_closed_R5_single_refY_005-raw05-17.jpg,dxy_raw_candidates/masks/GP_Ip_9.7mm_closed_R5_single_refY_005-raw05-17.png,dxy_raw_candidates/ring_fit/json/GP_Ip_9.7mm_closed_R5_single_refY_005-raw05-17.json,circle,B,ok,
207.1935637178356,,13627.06156156156,5.45359494874058,,179.6493993993994,29458.0,0.0,3996.0,1.0,1.0,719.7960205078125,1.0,GP_Is_10.5mm_closed_R10_single_refY,GP_Is_10.5mm_closed_R10_single_refY_004,1,64,GP_Is_10.5mm_closed_R10_single_refY_004-raw01-02,19.35438367059025,7.82219710408034,False,254.26705932617188,0.7264268033561495,1.3683971166610718,,,dxy_raw_candidates/images/GP_Is_10.5mm_closed_R10_single_refY_004-raw01-02.jpg,dxy_raw_candidates/masks/GP_Is_10.5mm_closed_R10_single_refY_004-raw01-02.png,dxy_raw_candidates/ring_fit/json/GP_Is_10.5mm_closed_R10_single_refY_004-raw01-02.json,none,none,ok,
267.4274047509143,,15004.21965020576,8.616376096296559,,188.4969135802469,28163.0,0.0,3888.0,1.0,1.0,700.4822998046875,1.0,GP_Is_10.5mm_closed_R10_single_refY,GP_Is_10.5mm_closed_R10_single_refY_004,1,98,GP_Is_10.5mm_closed_R10_single_refY_004-raw01-06,18.0948855280829,7.82622957324952,False,253.228759765625,0.6923834930737646,1.4678562879562378,,,dxy_raw_candidates/images/GP_Is_10.5mm_closed_R10_single_refY_004-raw01-06.jpg,dxy_raw_candidates/masks/GP_Is_10.5mm_closed_R10_single_refY_004-raw01-06.png,dxy_raw_candidates/ring_fit/json/GP_Is_10.5mm_closed_R10_single_refY_004-raw01-06.json,none,none,ok,
315.14653313352096,,12457.467607105538,10.311414890895136,,146.75417972831767,27359.0,0.0,3828.0,1.0,1.0,690.825439453125,1.0,GP_Is_10.5mm_closed_R10_single_refY,GP_Is_10.5mm_closed_R10_single_refY_004,1,132,GP_Is_10.5mm_closed_R10_single_refY_004-raw01-10,17.814202463775207,7.807529498328116,False,247.193359375,0.7055306985570252,1.5121126174926758,,,dxy_raw_candidates/images/GP_Is_10.5mm_closed_R10_single_refY_004-raw01-10.jpg,dxy_raw_candidates/masks/GP_Is_10.5mm_closed_R10_single_refY_004-raw01-10.png,dxy_raw_candidates/ring_fit/json/GP_Is_10.5mm_closed_R10_single_refY_004-raw01-10.json,none,none,ok,
308.92258317583713,,16702.570612668744,11.105159932960095,,194.83541017653167,28043.0,0.0,3852.0,1.0,1.0,696.13916015625,1.0,GP_Is_10.5mm_closed_R10_single_refY,GP_Is_10.5mm_closed_R10_single_refY_004,2,438,GP_Is_10.5mm_closed_R10_single_refY_004-raw02-22,15.762493729992856,7.814256289664012,False,247.7382202148437,0.7152351872959908,1.4334195852279663,,,dxy_raw_candidates/images/GP_Is_10.5mm_closed_R10_single_refY_004-raw02-22.jpg,dxy_raw_candidates/masks/GP_Is_10.5mm_closed_R10_single_refY_004-raw02-22.png,dxy_raw_candidates/ring_fit/json/GP_Is_10.5mm_closed_R10_single_refY_004-raw02-22.json,none,none,ok,
333.084503250125,,17386.109275053306,14.253971306588715,,251.4698827292111,25999.0,0.0,3752.0,1.0,1.0,675.75439453125,1.0,GP_Is_10.5mm_closed_R10_single_refY,GP_Is_10.5mm_closed_R10_single_refY_004,2,311,GP_Is_10.5mm_closed_R10_single_refY_004-raw02-07,15.614918564350226,7.849274907002399,False,245.030517578125,0.6881521268079256,1.4693111181259155,,,dxy_raw_candidates/images/GP_Is_10.5mm_closed_R10_single_refY_004-raw02-07.jpg,dxy_raw_candidates/masks/GP_Is_10.5mm_closed_R10_single_refY_004-raw02-07.png,dxy_raw_candidates/ring_fit/json/GP_Is_10.5mm_closed_R10_single_refY_004-raw02-07.json,none,none,ok,
335.00435180943657,,17676.43077742279,13.80840586349061,,231.09984025559103,26196.0,0.0,3756.0,1.0,1.0,678.9259033203125,1.0,GP_Is_10.5mm_closed_R10_single_refY,GP_Is_10.5mm_closed_R10_single_refY_004,2,362,GP_Is_10.5mm_closed_R10_single_refY_004-raw02-13,15.403053026665578,7.8423240260918865,False,245.849853515625,0.6835174229932586,1.441476583480835,,,dxy_raw_candidates/images/GP_Is_10.5mm_closed_R10_single_refY_004-raw02-13.jpg,dxy_raw_candidates/masks/GP_Is_10.5mm_closed_R10_single_refY_004-raw02-13.png,dxy_raw_candidates/ring_fit/json/GP_Is_10.5mm_closed_R10_single_refY_004-raw02-13.json,none,none,ok,
284.79252045715833,,14672.7165093136,11.147663488199091,,243.13192140852257,29574.0,0.0,3919.0,1.0,1.0,706.2396240234375,1.0,GP_Is_10.5mm_closed_R10_single_refY,GP_Is_10.5mm_closed_R10_single_refY_004,3,558,GP_Is_10.5mm_closed_R10_single_refY_004-raw03-12,21.57210382221245,7.784667901338622,False,245.8598480224609,0.7522585494448035,0.8320261240005493,,,dxy_raw_candidates/images/GP_Is_10.5mm_closed_R10_single_refY_004-raw03-12.jpg,dxy_raw_candidates/masks/GP_Is_10.5mm_closed_R10_single_refY_004-raw03-12.png,dxy_raw_candidates/ring_fit/json/GP_Is_10.5mm_closed_R10_single_refY_004-raw03-12.json,none,none,ok,
257.8526735303886,,18268.793172690763,9.634207904350712,,246.65587349397592,30110.0,0.0,3984.0,1.0,1.0,720.0386962890625,1.0,GP_Is_10.5mm_closed_R10_single_refY,GP_Is_10.5mm_closed_R10_single_refY_004,3,600,GP_Is_10.5mm_closed_R10_single_refY_004-raw03-17,21.070809216986767,7.7508296314611,False,248.9205780029297,0.7630572503496157,1.0918809175491333,,,dxy_raw_candidates/images/GP_Is_10.5mm_closed_R10_single_refY_004-raw03-17.jpg,dxy_raw_candidates/masks/GP_Is_10.5mm_closed_R10_single_refY_004-raw03-17.png,dxy_raw_candidates/ring_fit/json/GP_Is_10.5mm_closed_R10_single_refY_004-raw03-17.json,none,none,ok,
280.4077354790723,,14421.475,10.890459125025355,,237.97551020408164,29578.0,0.0,3920.0,1.0,1.0,705.6539306640625,1.0,GP_Is_10.5mm_closed_R10_single_refY,GP_Is_10.5mm_closed_R10_single_refY_004,3,549,GP_Is_10.5mm_closed_R10_single_refY_004-raw03-11,20.76536224850784,7.782753344048284,False,245.934326171875,0.7519832846091106,0.8308035135269165,,,dxy_raw_candidates/images/GP_Is_10.5mm_closed_R10_single_refY_004-raw03-11.jpg,dxy_raw_candidates/masks/GP_Is_10.5mm_closed_R10_single_refY_004-raw03-11.png,dxy_raw_candidates/ring_fit/json/GP_Is_10.5mm_closed_R10_single_refY_004-raw03-11.json,none,none,ok,
251.5895652173913,,20937.72303664921,8.8150842945874,,287.28612565445025,28175.0,0.0,3820.0,1.0,1.0,691.068115234375,1.0,GP_Is_10.5mm_closed_R10_single_refY,GP_Is_10.5mm_closed_R10_single_refY_004,4,702,GP_Is_10.5mm_closed_R10_single_refY_004-raw04-05,22.02832573784604,7.761922580310935,False,237.6018218994141,0.7671354337196107,0.913504123687744,,,dxy_raw_candidates/images/GP_Is_10.5mm_closed_R10_single_refY_004-raw04-05.jpg,dxy_raw_candidates/masks/GP_Is_10.5mm_closed_R10_single_refY_004-raw04-05.png,dxy_raw_candidates/ring_fit/json/GP_Is_10.5mm_closed_R10_single_refY_004-raw04-05.json,none,none,ok,
250.98872020431327,,21270.23455497382,8.77202752553916,,289.5918848167539,28192.0,0.0,3820.0,1.0,1.0,691.068115234375,1.0,GP_Is_10.5mm_closed_R10_single_refY,GP_Is_10.5mm_closed_R10_single_refY_004,4,694,GP_Is_10.5mm_closed_R10_single_refY_004-raw04-04,21.93393554673254,7.761187067358282,False,237.6489105224609,0.7675957209663664,0.9137567281723022,,,dxy_raw_candidates/images/GP_Is_10.5mm_closed_R10_single_refY_004-raw04-04.jpg,dxy_raw_candidates/masks/GP_Is_10.5mm_closed_R10_single_refY_004-raw04-04.png,dxy_raw_candidates/ring_fit/json/GP_Is_10.5mm_closed_R10_single_refY_004-raw04-04.json,none,none,ok,
296.96184819443937,,20715.784355179705,12.604999453412528,,341.3070824524313,27443.0,0.0,3784.0,1.0,1.0,681.1685791015625,1.0,GP_Is_10.5mm_closed_R10_single_refY,GP_Is_10.5mm_closed_R10_single_refY_004,4,736,GP_Is_10.5mm_closed_R10_single_refY_004-raw04-09,20.70744444477294,7.739378984349525,False,235.6087646484375,0.7684530323913391,1.0193804502487185,,,dxy_raw_candidates/images/GP_Is_10.5mm_closed_R10_single_refY_004-raw04-09.jpg,dxy_raw_candidates/masks/GP_Is_10.5mm_closed_R10_single_refY_004-raw04-09.png,dxy_raw_candidates/ring_fit/json/GP_Is_10.5mm_closed_R10_single_refY_004-raw04-09.json,none,none,ok,
504.0043293868175,,16236.713541666666,24.908729457501327,,252.65219907407408,22636.0,0.0,3456.0,1.0,1.0,620.5411376953125,1.0,GP_Is_10.5mm_closed_R10_single_refY,GP_Is_10.5mm_closed_R10_single_refY_004,5,1026,GP_Is_10.5mm_closed_R10_single_refY_004-raw05-19,25.941971566654725,7.7373032606145955,False,219.7953186035156,0.7197400381339035,1.1349812746047974,,,dxy_raw_candidates/images/GP_Is_10.5mm_closed_R10_single_refY_004-raw05-19.jpg,dxy_raw_candidates/masks/GP_Is_10.5mm_closed_R10_single_refY_004-raw05-19.png,dxy_raw_candidates/ring_fit/json/GP_Is_10.5mm_closed_R10_single_refY_004-raw05-19.json,none,none,ok,
424.8811954022988,,27601.0636682243,16.16280459770115,,522.2517523364486,21750.0,0.0,3424.0,1.0,1.0,613.3695678710938,1.0,GP_Is_10.5mm_closed_R10_single_refY,GP_Is_10.5mm_closed_R10_single_refY_004,5,1009,GP_Is_10.5mm_closed_R10_single_refY_004-raw05-17,22.947858618360687,7.705417936780567,False,217.96392822265625,0.7077548963316306,1.2721549272537231,,,dxy_raw_candidates/images/GP_Is_10.5mm_closed_R10_single_refY_004-raw05-17.jpg,dxy_raw_candidates/masks/GP_Is_10.5mm_closed_R10_single_refY_004-raw05-17.png,dxy_raw_candidates/ring_fit/json/GP_Is_10.5mm_closed_R10_single_refY_004-raw05-17.json,none,none,ok,
469.76133865685705,,27746.65643994211,18.68875330851016,,525.6095513748191,22291.0,0.0,3455.0,1.0,1.0,619.126953125,1.0,GP_Is_10.5mm_closed_R10_single_refY,GP_Is_10.5mm_closed_R10_single_refY_004,5,974,GP_Is_10.5mm_closed_R10_single_refY_004-raw05-13,22.92118655307793,7.748644242807423,False,220.1563415527344,0.7136057646578193,1.242947697639465,,,dxy_raw_candidates/images/GP_Is_10.5mm_closed_R10_single_refY_004-raw05-13.jpg,dxy_raw_candidates/masks/GP_Is_10.5mm_closed_R10_single_refY_004-raw05-13.png,dxy_raw_candidates/ring_fit/json/GP_Is_10.5mm_closed_R10_single_refY_004-raw05-13.json,none,none,ok,
951.2126479042716,,15636.327552031717,58.261615081222,,327.5758176412289,29918.0,0.0,4036.0,1.0,1.0,718.7249755859375,1.0,GP_Is_10.5mm_closed_R10_single_refY,GP_Is_10.5mm_closed_R10_single_refY_005,1,64,GP_Is_10.5mm_closed_R10_single_refY_005-raw01-03,20.3583897370468,7.677644135601391,False,248.45594787597656,0.7547178889997344,0.6532902717590332,,,dxy_raw_candidates/images/GP_Is_10.5mm_closed_R10_single_refY_005-raw01-03.jpg,dxy_raw_candidates/masks/GP_Is_10.5mm_closed_R10_single_refY_005-raw01-03.png,dxy_raw_candidates/ring_fit/json/GP_Is_10.5mm_closed_R10_single_refY_005-raw01-03.json,none,none,ok,
950.589348400254,,15708.043154761905,57.91785630704423,,330.1222718253968,29911.0,0.0,4032.0,1.0,1.0,718.13916015625,1.0,GP_Is_10.5mm_closed_R10_single_refY,GP_Is_10.5mm_closed_R10_single_refY_005,1,71,GP_Is_10.5mm_closed_R10_single_refY_005-raw01-04,20.29022565961296,7.677644700126638,False,248.4564208984375,0.7547262008427175,0.6540617346763611,,,dxy_raw_candidates/images/GP_Is_10.5mm_closed_R10_single_refY_005-raw01-04.jpg,dxy_raw_candidates/masks/GP_Is_10.5mm_closed_R10_single_refY_005-raw01-04.png,dxy_raw_candidates/ring_fit/json/GP_Is_10.5mm_closed_R10_single_refY_005-raw01-04.json,none,none,ok,
983.745349455222,,17988.63875123885,54.717346532022326,,349.0782953419227,30104.0,0.0,4036.0,1.0,1.0,720.9675903320312,1.0,GP_Is_10.5mm_closed_R10_single_refY,GP_Is_10.5mm_closed_R10_single_refY_005,1,79,GP_Is_10.5mm_closed_R10_single_refY_005-raw01-05,19.48844289091958,7.685891311566475,False,249.5686187744141,0.7520214478622427,0.6956589818000793,,,dxy_raw_candidates/images/GP_Is_10.5mm_closed_R10_single_refY_005-raw01-05.jpg,dxy_raw_candidates/masks/GP_Is_10.5mm_closed_R10_single_refY_005-raw01-05.png,dxy_raw_candidates/ring_fit/json/GP_Is_10.5mm_closed_R10_single_refY_005-raw01-05.json,none,none,ok,
908.9157368859284,,10852.70283882784,50.18812101026922,,219.8864468864469,36030.0,0.0,4368.0,1.0,1.0,782.3229370117188,1.0,GP_Is_10.5mm_closed_R10_single_refY,GP_Is_10.5mm_closed_R10_single_refY_005,2,226,GP_Is_10.5mm_closed_R10_single_refY_005-raw02-01,17.424005952792697,7.641593056308192,False,269.07818603515625,0.7571461958018604,0.7312401533126831,,,dxy_raw_candidates/images/GP_Is_10.5mm_closed_R10_single_refY_005-raw02-01.jpg,dxy_raw_candidates/masks/GP_Is_10.5mm_closed_R10_single_refY_005-raw02-01.png,dxy_raw_candidates/ring_fit/json/GP_Is_10.5mm_closed_R10_single_refY_005-raw02-01.json,none,none,ok,
779.1363825710239,,13825.59099264706,39.12610736204838,,253.5983455882353,36009.0,0.0,4352.0,0.9357142857142856,2.0,766.9087203741074,1.0,GP_Is_10.5mm_closed_R10_single_refY,GP_Is_10.5mm_closed_R10_single_refY_005,2,248,GP_Is_10.5mm_closed_R10_single_refY_005-raw02-04,16.704352185980486,7.666407579641535,False,267.74853515625,0.77010414129474,0.631403386592865,,,dxy_raw_candidates/images/GP_Is_10.5mm_closed_R10_single_refY_005-raw02-04.jpg,dxy_raw_candidates/masks/GP_Is_10.5mm_closed_R10_single_refY_005-raw02-04.png,dxy_raw_candidates/ring_fit/json/GP_Is_10.5mm_closed_R10_single_refY_005-raw02-04.json,none,none,ok,
847.1315971933328,,12796.947849954257,45.5170701944144,,202.2966605672461,36057.0,0.0,4372.0,1.0,1.0,782.3229370117188,1.0,GP_Is_10.5mm_closed_R10_single_refY,GP_Is_10.5mm_closed_R10_single_refY_005,2,241,GP_Is_10.5mm_closed_R10_single_refY_005-raw02-03,15.873328941133291,7.6640737985161875,False,268.4310913085937,0.7632133114041293,0.6072512865066528,,,dxy_raw_candidates/images/GP_Is_10.5mm_closed_R10_single_refY_005-raw02-03.jpg,dxy_raw_candidates/masks/GP_Is_10.5mm_closed_R10_single_refY_005-raw02-03.png,dxy_raw_candidates/ring_fit/json/GP_Is_10.5mm_closed_R10_single_refY_005-raw02-03.json,none,none,ok,
310.4543007762974,,6613.26738410596,14.968058366883913,,125.60554635761588,44957.0,0.0,4832.0,1.0,1.0,866.5067138671875,1.0,GP_Is_10.5mm_closed_R10_single_refY,GP_Is_10.5mm_closed_R10_single_refY_005,3,425,GP_Is_10.5mm_closed_R10_single_refY_005-raw03-04,11.832737491691262,7.561033729638803,False,287.18121337890625,0.8291729728421096,0.7514053583145142,,,dxy_raw_candidates/images/GP_Is_10.5mm_closed_R10_single_refY_005-raw03-04.jpg,dxy_raw_candidates/masks/GP_Is_10.5mm_closed_R10_single_refY_005-raw03-04.png,dxy_raw_candidates/ring_fit/json/GP_Is_10.5mm_closed_R10_single_refY_005-raw03-04.json,none,none,ok,
378.24294478527605,,6588.646861924686,14.206475800954328,,117.2673640167364,44010.0,0.0,4780.0,1.0,1.0,857.4356079101562,1.0,GP_Is_10.5mm_closed_R10_single_refY,GP_Is_10.5mm_closed_R10_single_refY_005,3,403,GP_Is_10.5mm_closed_R10_single_refY_005-raw03-01,11.376159357366443,7.576983751177187,False,285.3082580566406,0.8224679388264022,0.7846825122833252,,,dxy_raw_candidates/images/GP_Is_10.5mm_closed_R10_single_refY_005-raw03-01.jpg,dxy_raw_candidates/masks/GP_Is_10.5mm_closed_R10_single_refY_005-raw03-01.png,dxy_raw_candidates/ring_fit/json/GP_Is_10.5mm_closed_R10_single_refY_005-raw03-01.json,none,none,ok,
247.5564729676196,15771.478260869566,6018.066105769231,12.760138445820562,1080.9130434782608,82.50620993589743,47961.0,23.0,4992.0,0.92014742014742,10.0,867.4061506986618,1.0,GP_Is_10.5mm_closed_R10_single_refY,GP_Is_10.5mm_closed_R10_single_refY_005,3,491,GP_Is_10.5mm_closed_R10_single_refY_005-raw03-13,11.204121987603036,7.535133749351183,False,295.53680419921875,0.8431801964612127,0.826383650302887,,,dxy_raw_candidates/images/GP_Is_10.5mm_closed_R10_single_refY_005-raw03-13.jpg,dxy_raw_candidates/masks/GP_Is_10.5mm_closed_R10_single_refY_005-raw03-13.png,dxy_raw_candidates/ring_fit/json/GP_Is_10.5mm_closed_R10_single_refY_005-raw03-13.json,none,none,ok,
235.456712672522,,8881.017543859649,9.642610682918086,,107.5547201336675,44632.0,0.0,4788.0,1.0,1.0,860.7493286132812,1.0,GP_Is_10.5mm_closed_R10_single_refY,GP_Is_10.5mm_closed_R10_single_refY_005,4,683,GP_Is_10.5mm_closed_R10_single_refY_005-raw04-15,16.116792218804065,7.482022817611096,False,276.918212890625,0.8800466009294826,0.7697457075119019,,,dxy_raw_candidates/images/GP_Is_10.5mm_closed_R10_single_refY_005-raw04-15.jpg,dxy_raw_candidates/masks/GP_Is_10.5mm_closed_R10_single_refY_005-raw04-15.png,dxy_raw_candidates/ring_fit/json/GP_Is_10.5mm_closed_R10_single_refY_005-raw04-15.json,none,none,ok,
313.2895743663319,,5776.415305245056,13.726972740315638,,76.19905417024935,41820.0,0.0,4652.0,1.0,1.0,834.607177734375,1.0,GP_Is_10.5mm_closed_R10_single_refY,GP_Is_10.5mm_closed_R10_single_refY_005,4,654,GP_Is_10.5mm_closed_R10_single_refY_005-raw04-11,13.760767112815536,7.431628211007854,False,268.8932189941406,0.8773148421242732,0.7024922370910645,,,dxy_raw_candidates/images/GP_Is_10.5mm_closed_R10_single_refY_005-raw04-11.jpg,dxy_raw_candidates/masks/GP_Is_10.5mm_closed_R10_single_refY_005-raw04-11.png,dxy_raw_candidates/ring_fit/json/GP_Is_10.5mm_closed_R10_single_refY_005-raw04-11.json,none,none,ok,
211.25486275222687,,9043.1950294861,7.488161243410289,,107.73694187026116,44008.0,0.0,4748.0,1.0,1.0,854.2640380859375,1.0,GP_Is_10.5mm_closed_R10_single_refY,GP_Is_10.5mm_closed_R10_single_refY_005,4,668,GP_Is_10.5mm_closed_R10_single_refY_005-raw04-13,12.131821552360195,7.488898898653717,False,274.55438232421875,0.8845307457339029,0.6811811327934265,,,dxy_raw_candidates/images/GP_Is_10.5mm_closed_R10_single_refY_005-raw04-13.jpg,dxy_raw_candidates/masks/GP_Is_10.5mm_closed_R10_single_refY_005-raw04-13.png,dxy_raw_candidates/ring_fit/json/GP_Is_10.5mm_closed_R10_single_refY_005-raw04-13.json,none,none,ok,
272.389558792779,,6675.274300441826,11.749128737715202,,81.88273195876289,57388.0,0.0,5432.0,1.0,1.0,982.146240234375,1.0,GP_Is_10.5mm_closed_R10_single_refY,GP_Is_10.5mm_closed_R10_single_refY_005,5,906,GP_Is_10.5mm_closed_R10_single_refY_005-raw05-21,16.300349168546692,7.341262754457249,False,310.8389892578125,0.9089016956369712,0.889985203742981,,,dxy_raw_candidates/images/GP_Is_10.5mm_closed_R10_single_refY_005-raw05-21.jpg,dxy_raw_candidates/masks/GP_Is_10.5mm_closed_R10_single_refY_005-raw05-21.png,dxy_raw_candidates/ring_fit/json/GP_Is_10.5mm_closed_R10_single_refY_005-raw05-21.json,none,none,ok,
495.5177081510007,,7517.564341085272,27.06019409922788,,121.4093023255814,51417.0,0.0,5160.0,1.0,1.0,926.4478149414062,1.0,GP_Is_10.5mm_closed_R10_single_refY,GP_Is_10.5mm_closed_R10_single_refY_005,5,794,GP_Is_10.5mm_closed_R10_single_refY_005-raw05-06,16.0993043399281,7.354658089535439,False,296.86279296875,0.8927749129371687,0.7937283515930176,,,dxy_raw_candidates/images/GP_Is_10.5mm_closed_R10_single_refY_005-raw05-06.jpg,dxy_raw_candidates/masks/GP_Is_10.5mm_closed_R10_single_refY_005-raw05-06.png,dxy_raw_candidates/ring_fit/json/GP_Is_10.5mm_closed_R10_single_refY_005-raw05-06.json,none,none,ok,
319.7777243204234,,6573.108301886792,14.255084102810828,,87.98207547169811,54041.0,0.0,5300.0,1.0,1.0,953.6610107421876,1.0,GP_Is_10.5mm_closed_R10_single_refY,GP_Is_10.5mm_closed_R10_single_refY_005,5,876,GP_Is_10.5mm_closed_R10_single_refY_005-raw05-17,14.771197710950874,7.314344763578806,False,302.7743225097656,0.9042305385603706,0.871248185634613,,,dxy_raw_candidates/images/GP_Is_10.5mm_closed_R10_single_refY_005-raw05-17.jpg,dxy_raw_candidates/masks/GP_Is_10.5mm_closed_R10_single_refY_005-raw05-17.png,dxy_raw_candidates/ring_fit/json/GP_Is_10.5mm_closed_R10_single_refY_005-raw05-17.json,none,none,ok,
442.97685561497326,224.1933216168717,53455.1819105691,19.878716577540107,15.56854130052724,786.1676829268292,23375.0,1138.0,1968.0,0.5726970033296337,7.0,585.2152404785156,1.0,GP_Is_10.5mm_closed_R5_single_refY,GP_Is_10.5mm_closed_R5_single_refY_004,1,43,GP_Is_10.5mm_closed_R5_single_refY_004-raw01-01,30.26529119824893,7.735712953264179,True,107.36202239990234,0.6061302510204574,0.3230884373188019,11.402089445433198,244.83027648925784,dxy_raw_candidates/images/GP_Is_10.5mm_closed_R5_single_refY_004-raw01-01.jpg,dxy_raw_candidates/masks/GP_Is_10.5mm_closed_R5_single_refY_004-raw01-01.png,dxy_raw_candidates/ring_fit/json/GP_Is_10.5mm_closed_R5_single_refY_004-raw01-01.json,ellipse,B,ok,
523.9923396400553,294.89648798521256,58225.36268343816,20.550207660359945,12.67837338262477,1075.3317610062893,21670.0,1082.0,1908.0,0.5863267670915412,3.0,578.8010787963867,1.0,GP_Is_10.5mm_closed_R5_single_refY,GP_Is_10.5mm_closed_R5_single_refY_004,1,95,GP_Is_10.5mm_closed_R5_single_refY_004-raw01-09,28.83503128516937,7.787493269632681,True,104.66658782958984,0.5755108921316844,0.3520314395427704,11.41173110679248,238.8853912353516,dxy_raw_candidates/images/GP_Is_10.5mm_closed_R5_single_refY_004-raw01-09.jpg,dxy_raw_candidates/masks/GP_Is_10.5mm_closed_R5_single_refY_004-raw01-09.png,dxy_raw_candidates/ring_fit/json/GP_Is_10.5mm_closed_R5_single_refY_004-raw01-09.json,ellipse,A,ok,
523.5811682650392,237.6283961437336,20105.99378881988,19.27079337401918,15.178790534618756,308.4032091097308,22940.0,1141.0,1932.0,0.5666293393057111,2.0,581.8721313476562,1.0,GP_Is_10.5mm_closed_R5_single_refY,GP_Is_10.5mm_closed_R5_single_refY_004,1,50,GP_Is_10.5mm_closed_R5_single_refY_004-raw01-02,28.324365202320944,7.752610455570144,True,105.81288146972656,0.5902182584859246,0.4241704642772674,11.51311555337453,243.64718627929705,dxy_raw_candidates/images/GP_Is_10.5mm_closed_R5_single_refY_004-raw01-02.jpg,dxy_raw_candidates/masks/GP_Is_10.5mm_closed_R5_single_refY_004-raw01-02.png,dxy_raw_candidates/ring_fit/json/GP_Is_10.5mm_closed_R5_single_refY_004-raw01-02.json,ellipse,B,ok,
407.2351262349067,217.03296703296704,26743.29035250464,16.216794731064763,11.813186813186814,332.3288497217069,27330.0,1274.0,2156.0,0.5795795795795796,5.0,670.9259291887283,1.0,GP_Is_10.5mm_closed_R5_single_refY,GP_Is_10.5mm_closed_R5_single_refY_004,2,344,GP_Is_10.5mm_closed_R5_single_refY_004-raw02-23,23.51318962492296,7.782476673495603,True,119.51017761230467,0.6134176597388864,0.4131276607513428,11.194489071360236,267.5710754394531,dxy_raw_candidates/images/GP_Is_10.5mm_closed_R5_single_refY_004-raw02-23.jpg,dxy_raw_candidates/masks/GP_Is_10.5mm_closed_R5_single_refY_004-raw02-23.png,dxy_raw_candidates/ring_fit/json/GP_Is_10.5mm_closed_R5_single_refY_004-raw02-23.json,ellipse,A,ok,
405.6707740685217,168.91653543307086,26386.117158671583,15.641230026692018,12.162204724409449,363.3920664206642,27349.0,1270.0,2168.0,0.591182364729459,4.0,682.9259613752365,1.0,GP_Is_10.5mm_closed_R5_single_refY,GP_Is_10.5mm_closed_R5_single_refY_004,2,337,GP_Is_10.5mm_closed_R5_single_refY_004-raw02-22,22.52007571644253,7.7817712155830066,True,119.36279296875,0.6160063626973429,0.4396554231643677,11.148778660694196,266.1498718261724,dxy_raw_candidates/images/GP_Is_10.5mm_closed_R5_single_refY_004-raw02-22.jpg,dxy_raw_candidates/masks/GP_Is_10.5mm_closed_R5_single_refY_004-raw02-22.png,dxy_raw_candidates/ring_fit/json/GP_Is_10.5mm_closed_R5_single_refY_004-raw02-22.json,ellipse,B,ok,
409.6486004900141,202.88018433179724,19746.21161048689,13.489568639097186,11.306451612903226,239.9634831460674,26938.0,1302.0,2136.0,0.5808678500986193,6.0,676.7838308811188,1.0,GP_Is_10.5mm_closed_R5_single_refY,GP_Is_10.5mm_closed_R5_single_refY_004,2,350,GP_Is_10.5mm_closed_R5_single_refY_004-raw02-24,22.45009002133475,7.783704166907523,True,118.56389617919922,0.6181102913477097,0.4119783341884613,11.230460051657593,266.3054199218755,dxy_raw_candidates/images/GP_Is_10.5mm_closed_R5_single_refY_004-raw02-24.jpg,dxy_raw_candidates/masks/GP_Is_10.5mm_closed_R5_single_refY_004-raw02-24.png,dxy_raw_candidates/ring_fit/json/GP_Is_10.5mm_closed_R5_single_refY_004-raw02-24.json,ellipse,B,ok,
383.8419169710069,192.0191235059761,25609.29220779221,13.96053514198405,11.532270916334662,422.3988868274583,26834.0,1255.0,2156.0,0.5646464646464646,4.0,645.7127959728241,1.0,GP_Is_10.5mm_closed_R5_single_refY,GP_Is_10.5mm_closed_R5_single_refY_004,3,364,GP_Is_10.5mm_closed_R5_single_refY_004-raw03-02,21.369278063539817,7.781429967439608,True,117.94171142578124,0.619968825592088,0.4302977323532104,11.256450024503753,265.52099609375057,dxy_raw_candidates/images/GP_Is_10.5mm_closed_R5_single_refY_004-raw03-02.jpg,dxy_raw_candidates/masks/GP_Is_10.5mm_closed_R5_single_refY_004-raw03-02.png,dxy_raw_candidates/ring_fit/json/GP_Is_10.5mm_closed_R5_single_refY_004-raw03-02.json,ellipse,A,ok,
383.2055478915775,193.72270916334665,25558.80055658627,13.902389918347565,11.513147410358563,420.42671614100186,26821.0,1255.0,2156.0,0.5662285136501517,4.0,647.127009510994,1.0,GP_Is_10.5mm_closed_R5_single_refY,GP_Is_10.5mm_closed_R5_single_refY_004,3,357,GP_Is_10.5mm_closed_R5_single_refY_004-raw03-01,21.359675254387337,7.781347832737725,True,117.94783020019533,0.6200405815653521,0.4301787316799164,11.258484502050432,265.5827636718754,dxy_raw_candidates/images/GP_Is_10.5mm_closed_R5_single_refY_004-raw03-01.jpg,dxy_raw_candidates/masks/GP_Is_10.5mm_closed_R5_single_refY_004-raw03-01.png,dxy_raw_candidates/ring_fit/json/GP_Is_10.5mm_closed_R5_single_refY_004-raw03-01.json,ellipse,A,ok,
402.7032124741687,208.5392,27886.119180633148,15.476160060116475,11.5776,385.2164804469274,26615.0,1250.0,2148.0,0.5668016194331984,2.0,649.1269836425781,1.0,GP_Is_10.5mm_closed_R5_single_refY,GP_Is_10.5mm_closed_R5_single_refY_004,3,383,GP_Is_10.5mm_closed_R5_single_refY_004-raw03-05,21.08965924388273,7.785868518763881,True,117.4066162109375,0.6219866439892825,0.5038511753082275,11.208478677888738,263.1899108886721,dxy_raw_candidates/images/GP_Is_10.5mm_closed_R5_single_refY_004-raw03-05.jpg,dxy_raw_candidates/masks/GP_Is_10.5mm_closed_R5_single_refY_004-raw03-05.png,dxy_raw_candidates/ring_fit/json/GP_Is_10.5mm_closed_R5_single_refY_004-raw03-05.json,ellipse,B,ok,
589.6661655391297,196.4469763365469,45250.609780439125,26.077173640691555,11.1034180543383,821.376746506986,23946.0,1141.0,2004.0,0.5616591928251121,7.0,569.3868253231049,1.0,GP_Is_10.5mm_closed_R5_single_refY,GP_Is_10.5mm_closed_R5_single_refY_004,4,638,GP_Is_10.5mm_closed_R5_single_refY_004-raw04-20,19.66416641753397,7.764282885776026,True,108.31401824951172,0.5826416010989277,0.4285314977169037,11.526278031138412,249.6914978027349,dxy_raw_candidates/images/GP_Is_10.5mm_closed_R5_single_refY_004-raw04-20.jpg,dxy_raw_candidates/masks/GP_Is_10.5mm_closed_R5_single_refY_004-raw04-20.png,dxy_raw_candidates/ring_fit/json/GP_Is_10.5mm_closed_R5_single_refY_004-raw04-20.json,ellipse,B,ok,
549.8553568471601,189.6835769561479,36763.82381889764,24.78585030634211,9.638865004299229,478.6166338582677,24156.0,1163.0,2032.0,0.5679824561403509,7.0,590.9431791305542,1.0,GP_Is_10.5mm_closed_R5_single_refY,GP_Is_10.5mm_closed_R5_single_refY_004,4,658,GP_Is_10.5mm_closed_R5_single_refY_004-raw04-23,18.789327688540933,7.727618325274472,True,110.1103973388672,0.5887324359128573,0.4723587334156036,11.47590870257802,252.723373413086,dxy_raw_candidates/images/GP_Is_10.5mm_closed_R5_single_refY_004-raw04-23.jpg,dxy_raw_candidates/masks/GP_Is_10.5mm_closed_R5_single_refY_004-raw04-23.png,dxy_raw_candidates/ring_fit/json/GP_Is_10.5mm_closed_R5_single_refY_004-raw04-23.json,ellipse,A,ok,
549.6951860590257,189.15219260533104,36682.24704724409,24.791796018047105,9.994840928632843,477.7637795275591,24159.0,1163.0,2032.0,0.569078947368421,7.0,591.9431791305542,1.0,GP_Is_10.5mm_closed_R5_single_refY,GP_Is_10.5mm_closed_R5_single_refY_004,4,664,GP_Is_10.5mm_closed_R5_single_refY_004-raw04-24,18.7882426973025,7.727741331769831,True,110.06497192382812,0.5892496612197244,0.4705837070941925,11.479510947818298,252.6984100341802,dxy_raw_candidates/images/GP_Is_10.5mm_closed_R5_single_refY_004-raw04-24.jpg,dxy_raw_candidates/masks/GP_Is_10.5mm_closed_R5_single_refY_004-raw04-24.png,dxy_raw_candidates/ring_fit/json/GP_Is_10.5mm_closed_R5_single_refY_004-raw04-24.json,ellipse,B,ok,
534.7840315655101,147.9070539419087,49149.47609942639,27.017020618157904,10.777593360995851,897.4015296367113,25851.0,1205.0,2092.0,0.5692963752665245,4.0,616.570605635643,1.0,GP_Is_10.5mm_closed_R5_single_refY,GP_Is_10.5mm_closed_R5_single_refY_004,5,691,GP_Is_10.5mm_closed_R5_single_refY_004-raw05-04,24.192684460745912,7.726449863159789,True,113.40701293945312,0.6101885602491827,0.458748996257782,11.425289973066,259.14160156250034,dxy_raw_candidates/images/GP_Is_10.5mm_closed_R5_single_refY_004-raw05-04.jpg,dxy_raw_candidates/masks/GP_Is_10.5mm_closed_R5_single_refY_004-raw05-04.png,dxy_raw_candidates/ring_fit/json/GP_Is_10.5mm_closed_R5_single_refY_004-raw05-04.json,ellipse,B,ok,
498.2999922582643,202.73013245033115,45764.0265654649,22.16276999303244,11.695364238410596,663.483870967742,25834.0,1208.0,2108.0,0.5717321997874601,2.0,626.2985229492188,1.0,GP_Is_10.5mm_closed_R5_single_refY,GP_Is_10.5mm_closed_R5_single_refY_004,5,704,GP_Is_10.5mm_closed_R5_single_refY_004-raw05-06,23.719983125417027,7.739881352190131,True,114.94672393798828,0.5969720016557709,0.4479128718376159,11.315101514326978,260.12677001953165,dxy_raw_candidates/images/GP_Is_10.5mm_closed_R5_single_refY_004-raw05-06.jpg,dxy_raw_candidates/masks/GP_Is_10.5mm_closed_R5_single_refY_004-raw05-06.png,dxy_raw_candidates/ring_fit/json/GP_Is_10.5mm_closed_R5_single_refY_004-raw05-06.json,ellipse,A,ok,
489.9280166115512,170.1825726141079,48864.896420047735,19.799815427209104,9.777593360995851,879.6859188544153,26006.0,1205.0,2095.0,0.5724867724867725,5.0,620.4995406866074,1.0,GP_Is_10.5mm_closed_R5_single_refY,GP_Is_10.5mm_closed_R5_single_refY_004,5,697,GP_Is_10.5mm_closed_R5_single_refY_004-raw05-05,23.05510189840058,7.73792636587791,True,114.05237579345705,0.6044878644384298,0.4145356118679046,11.41915622460336,260.4763793945314,dxy_raw_candidates/images/GP_Is_10.5mm_closed_R5_single_refY_004-raw05-05.jpg,dxy_raw_candidates/masks/GP_Is_10.5mm_closed_R5_single_refY_004-raw05-05.png,dxy_raw_candidates/ring_fit/json/GP_Is_10.5mm_closed_R5_single_refY_004-raw05-05.json,ellipse,B,ok,
869.6993279364594,170.46036585365854,30532.40674955595,49.903085382618,12.236280487804878,410.67051509769095,26188.0,1312.0,2252.0,0.5595463137996219,2.0,690.6538696289062,1.0,GP_Is_10.5mm_closed_R5_single_refY,GP_Is_10.5mm_closed_R5_single_refY_005,1,95,GP_Is_10.5mm_closed_R5_single_refY_005-raw01-09,18.37692032161289,7.545641426691402,True,117.93988800048828,0.7702778347942213,0.4738927185535431,10.936512625935425,257.97021484375,dxy_raw_candidates/images/GP_Is_10.5mm_closed_R5_single_refY_005-raw01-09.jpg,dxy_raw_candidates/masks/GP_Is_10.5mm_closed_R5_single_refY_005-raw01-09.png,dxy_raw_candidates/ring_fit/json/GP_Is_10.5mm_closed_R5_single_refY_005-raw01-09.json,ellipse,A,ok,
976.6806526806528,351.8401792382375,6995.798951048952,48.03307320698625,28.91336818521285,126.1416083916084,29601.0,1339.0,2288.0,0.5914285714285714,4.0,718.4823729991913,1.0,GP_Is_10.5mm_closed_R5_single_refY,GP_Is_10.5mm_closed_R5_single_refY_005,1,82,GP_Is_10.5mm_closed_R5_single_refY_005-raw01-07,17.52455331830507,7.560335524538191,True,122.33806610107422,0.7548664411995171,0.6175383925437927,10.887037463763075,266.3798217773437,dxy_raw_candidates/images/GP_Is_10.5mm_closed_R5_single_refY_005-raw01-07.jpg,dxy_raw_candidates/masks/GP_Is_10.5mm_closed_R5_single_refY_005-raw01-07.png,dxy_raw_candidates/ring_fit/json/GP_Is_10.5mm_closed_R5_single_refY_005-raw01-07.json,ellipse,A,ok,
971.1091339648174,356.7434554973822,6969.868881118881,47.82506765899865,27.278982797307403,125.48033216783216,29560.0,1337.0,2288.0,0.5906488549618321,4.0,716.4822372198105,1.0,GP_Is_10.5mm_closed_R5_single_refY,GP_Is_10.5mm_closed_R5_single_refY_005,1,75,GP_Is_10.5mm_closed_R5_single_refY_005-raw01-06,17.450346545744534,7.5598362700428385,True,122.28675079345705,0.754569767812196,0.6280571222305298,12.95670874704316,316.8867627306144,dxy_raw_candidates/images/GP_Is_10.5mm_closed_R5_single_refY_005-raw01-06.jpg,dxy_raw_candidates/masks/GP_Is_10.5mm_closed_R5_single_refY_005-raw01-06.png,dxy_raw_candidates/ring_fit/json/GP_Is_10.5mm_closed_R5_single_refY_005-raw01-06.json,circle,A,ok,
732.7381020233685,132.39410395655548,23057.76167612396,36.07348959817612,9.069821567106285,403.9083369707551,28072.0,1289.0,2291.0,0.5496108949416343,4.0,655.8548450469971,1.0,GP_Is_10.5mm_closed_R5_single_refY,GP_Is_10.5mm_closed_R5_single_refY_005,2,316,GP_Is_10.5mm_closed_R5_single_refY_005-raw02-19,16.948789015404984,7.366542952230499,True,120.88265228271484,0.6789621479000327,0.388862669467926,11.188934389214667,270.5096130371094,dxy_raw_candidates/images/GP_Is_10.5mm_closed_R5_single_refY_005-raw02-19.jpg,dxy_raw_candidates/masks/GP_Is_10.5mm_closed_R5_single_refY_005-raw02-19.png,dxy_raw_candidates/ring_fit/json/GP_Is_10.5mm_closed_R5_single_refY_005-raw02-19.json,ellipse,A,ok,
1122.306189389618,139.95038759689922,13602.758741258742,62.48509697661152,10.23720930232558,212.94493006993008,28048.0,1290.0,2288.0,0.551219512195122,10.0,649.026423573494,1.0,GP_Is_10.5mm_closed_R5_single_refY,GP_Is_10.5mm_closed_R5_single_refY_005,2,283,GP_Is_10.5mm_closed_R5_single_refY_005-raw02-14,16.834213123828988,7.387955376157942,True,120.3318328857422,0.6678297849073831,0.4903397560119629,11.21512535970085,269.9073181152346,dxy_raw_candidates/images/GP_Is_10.5mm_closed_R5_single_refY_005-raw02-14.jpg,dxy_raw_candidates/masks/GP_Is_10.5mm_closed_R5_single_refY_005-raw02-14.png,dxy_raw_candidates/ring_fit/json/GP_Is_10.5mm_closed_R5_single_refY_005-raw02-14.json,ellipse,B,ok,
1077.4774646887645,144.12055641421946,18149.285217391305,56.12602029952445,8.77047913446677,232.5517391304348,28178.0,1294.0,2300.0,0.5389105058365758,14.0,631.9553557634354,1.0,GP_Is_10.5mm_closed_R5_single_refY,GP_Is_10.5mm_closed_R5_single_refY_005,2,290,GP_Is_10.5mm_closed_R5_single_refY_005-raw02-15,16.50074207725525,7.380055797635872,True,120.55655670166016,0.6749189749910431,0.5458776950836182,11.213483656612002,270.37179565429744,dxy_raw_candidates/images/GP_Is_10.5mm_closed_R5_single_refY_005-raw02-15.jpg,dxy_raw_candidates/masks/GP_Is_10.5mm_closed_R5_single_refY_005-raw02-15.png,dxy_raw_candidates/ring_fit/json/GP_Is_10.5mm_closed_R5_single_refY_005-raw02-15.json,ellipse,A,ok,
608.9858605246321,158.27636363636364,32240.86473429952,29.792866282789507,13.108363636363636,525.3735909822866,31260.0,1375.0,2484.0,0.5655296229802513,2.0,734.0386047363281,1.0,GP_Is_10.5mm_closed_R5_single_refY,GP_Is_10.5mm_closed_R5_single_refY_005,3,407,GP_Is_10.5mm_closed_R5_single_refY_005-raw03-09,18.144327229742352,7.402680606852293,True,131.74789428710938,0.7132203821977406,0.556995689868927,10.8895987250745,286.9363403320316,dxy_raw_candidates/images/GP_Is_10.5mm_closed_R5_single_refY_005-raw03-09.jpg,dxy_raw_candidates/masks/GP_Is_10.5mm_closed_R5_single_refY_005-raw03-09.png,dxy_raw_candidates/ring_fit/json/GP_Is_10.5mm_closed_R5_single_refY_005-raw03-09.json,ellipse,A,ok,
532.7030775223997,2345.969485060394,25772.7833511206,24.471003765744708,114.13032422123332,336.5197438633938,38505.0,1573.0,2811.0,0.5537254901960784,2.0,823.29345703125,1.0,GP_Is_10.5mm_closed_R5_single_refY,GP_Is_10.5mm_closed_R5_single_refY_005,3,505,GP_Is_10.5mm_closed_R5_single_refY_005-raw03-24,17.752447751980068,7.309473193080801,True,147.37765502929688,0.7587193947688595,0.6544761657714844,10.638959793310418,313.5889892578126,dxy_raw_candidates/images/GP_Is_10.5mm_closed_R5_single_refY_005-raw03-24.jpg,dxy_raw_candidates/masks/GP_Is_10.5mm_closed_R5_single_refY_005-raw03-24.png,dxy_raw_candidates/ring_fit/json/GP_Is_10.5mm_closed_R5_single_refY_005-raw03-24.json,ellipse,A,ok,
626.5989808324064,238.48600508905847,23940.56474820144,27.10796968364417,23.1793893129771,332.2327338129496,38659.0,1572.0,2780.0,0.5594020456333596,5.0,825.7077026367188,1.0,GP_Is_10.5mm_closed_R5_single_refY,GP_Is_10.5mm_closed_R5_single_refY_005,3,498,GP_Is_10.5mm_closed_R5_single_refY_005-raw03-23,17.40736836707857,7.319248811217627,True,146.8836212158203,0.7582467905818792,0.5122008323669434,10.634046891986578,312.3934631347664,dxy_raw_candidates/images/GP_Is_10.5mm_closed_R5_single_refY_005-raw03-23.jpg,dxy_raw_candidates/masks/GP_Is_10.5mm_closed_R5_single_refY_005-raw03-23.png,dxy_raw_candidates/ring_fit/json/GP_Is_10.5mm_closed_R5_single_refY_005-raw03-23.json,ellipse,B,ok,
396.46978146194425,1044.2967980295566,16799.24720670391,18.7873901029892,49.20997536945813,227.74057262569832,39810.0,1624.0,2864.0,0.5526914329037149,6.0,847.6782789230347,1.0,GP_Is_10.5mm_closed_R5_single_refY,GP_Is_10.5mm_closed_R5_single_refY_005,4,537,GP_Is_10.5mm_closed_R5_single_refY_005-raw04-05,14.304953282409244,7.264046147064582,True,149.64671325683594,0.7853089644316048,0.7018512487411499,10.644801747116189,318.5919189453125,dxy_raw_candidates/images/GP_Is_10.5mm_closed_R5_single_refY_005-raw04-05.jpg,dxy_raw_candidates/masks/GP_Is_10.5mm_closed_R5_single_refY_005-raw04-05.png,dxy_raw_candidates/ring_fit/json/GP_Is_10.5mm_closed_R5_single_refY_005-raw04-05.json,ellipse,A,ok,
397.0519229320003,1033.137062077443,16772.846582984657,19.021578035117688,45.82913337430854,225.85599721059967,39809.0,1627.0,2868.0,0.5546282245827011,7.0,847.8498198986053,1.0,GP_Is_10.5mm_closed_R5_single_refY,GP_Is_10.5mm_closed_R5_single_refY_005,4,531,GP_Is_10.5mm_closed_R5_single_refY_005-raw04-04,13.711069827534248,7.2580618726683,True,149.63868713378906,0.7845572785208781,0.6896670460700989,10.622140672708037,317.89663696289074,dxy_raw_candidates/images/GP_Is_10.5mm_closed_R5_single_refY_005-raw04-04.jpg,dxy_raw_candidates/masks/GP_Is_10.5mm_closed_R5_single_refY_005-raw04-04.png,dxy_raw_candidates/ring_fit/json/GP_Is_10.5mm_closed_R5_single_refY_005-raw04-04.json,ellipse,B,ok,
217.3092889739437,178.27803738317758,21606.018,10.510550076058689,11.624415887850468,250.0413333333333,40758.0,1712.0,3000.0,0.5366197183098591,8.0,877.4355773925781,1.0,GP_Is_10.5mm_closed_R5_single_refY,GP_Is_10.5mm_closed_R5_single_refY_005,4,589,GP_Is_10.5mm_closed_R5_single_refY_005-raw04-13,13.634799988471135,7.241759132596874,True,155.3763427734375,0.8502641749974188,0.6789641976356506,10.355240959054564,321.7918937511212,dxy_raw_candidates/images/GP_Is_10.5mm_closed_R5_single_refY_005-raw04-13.jpg,dxy_raw_candidates/masks/GP_Is_10.5mm_closed_R5_single_refY_005-raw04-13.png,dxy_raw_candidates/ring_fit/json/GP_Is_10.5mm_closed_R5_single_refY_005-raw04-13.json,circle,B,ok,
147.25675206695928,102.84444444444443,7439.516279069768,6.342186383586812,7.267208672086721,76.48372093023256,48985.0,1845.0,3440.0,0.5347355003186743,2.0,978.2467956542968,1.0,GP_Is_10.5mm_closed_R5_single_refY,GP_Is_10.5mm_closed_R5_single_refY_005,5,732,GP_Is_10.5mm_closed_R5_single_refY_005-raw05-11,11.824065751901085,7.16361513723315,True,173.68246459960938,0.8574248113647198,0.8155110478401184,10.800548286617747,375.173169089372,dxy_raw_candidates/images/GP_Is_10.5mm_closed_R5_single_refY_005-raw05-11.jpg,dxy_raw_candidates/masks/GP_Is_10.5mm_closed_R5_single_refY_005-raw05-11.png,dxy_raw_candidates/ring_fit/json/GP_Is_10.5mm_closed_R5_single_refY_005-raw05-11.json,circle,B,ok,
145.80048545620946,105.9967845659164,7276.348607888631,6.769925589908877,11.957127545551982,69.53741299303944,50262.0,1866.0,3448.0,0.5366161616161617,2.0,988.8325805664062,1.0,GP_Is_10.5mm_closed_R5_single_refY,GP_Is_10.5mm_closed_R5_single_refY_005,5,726,GP_Is_10.5mm_closed_R5_single_refY_005-raw05-10,11.73723815111584,7.18436901487023,True,174.79135131835938,0.8605764835326903,0.8539806604385376,10.177711707405052,355.7951965332033,dxy_raw_candidates/images/GP_Is_10.5mm_closed_R5_single_refY_005-raw05-10.jpg,dxy_raw_candidates/masks/GP_Is_10.5mm_closed_R5_single_refY_005-raw05-10.png,dxy_raw_candidates/ring_fit/json/GP_Is_10.5mm_closed_R5_single_refY_005-raw05-10.json,ellipse,B,ok,
172.3527031536793,88.63829787234043,6926.168246445498,7.019752210912731,8.561170212765957,62.342120853080566,47944.0,1880.0,3376.0,0.5210824417872876,2.0,965.5899200439452,1.0,GP_Is_10.5mm_closed_R5_single_refY,GP_Is_10.5mm_closed_R5_single_refY_005,5,739,GP_Is_10.5mm_closed_R5_single_refY_005-raw05-12,10.957447619963284,7.140905696809103,True,170.1731414794922,0.8876356908949254,0.9089543223381042,10.202738891011006,347.2464257556666,dxy_raw_candidates/images/GP_Is_10.5mm_closed_R5_single_refY_005-raw05-12.jpg,dxy_raw_candidates/masks/GP_Is_10.5mm_closed_R5_single_refY_005-raw05-12.png,dxy_raw_candidates/ring_fit/json/GP_Is_10.5mm_closed_R5_single_refY_005-raw05-12.json,circle,B,ok,
257.7518738753769,2086.124497991968,8120.156922043011,9.37071153639906,83.17001338688085,174.37684811827958,83917.0,1494.0,5952.0,0.5741626794258373,6.0,1257.0824265480042,1.0,GP_Is_14.0mm_closed_R10_single_refY,GP_Is_14.0mm_closed_R10_single_refY_004,1,201,GP_Is_14.0mm_closed_R10_single_refY_004-raw01-19,57.7220429201185,7.280079079840428,True,353.6158752441406,0.8182608207688079,1.1403621435165403,15.83394039242152,559.9132690429694,dxy_raw_candidates/images/GP_Is_14.0mm_closed_R10_single_refY_004-raw01-19.jpg,dxy_raw_candidates/masks/GP_Is_14.0mm_closed_R10_single_refY_004-raw01-19.png,dxy_raw_candidates/ring_fit/json/GP_Is_14.0mm_closed_R10_single_refY_004-raw01-19.json,ellipse,A,ok,
245.5255833970926,1973.7167902899528,8990.492777685538,8.814639919663351,52.83007417397168,199.4441308318113,83648.0,1483.0,6023.0,0.575531914893617,4.0,1257.3544282913208,1.0,GP_Is_14.0mm_closed_R10_single_refY,GP_Is_14.0mm_closed_R10_single_refY_004,1,209,GP_Is_14.0mm_closed_R10_single_refY_004-raw01-20,57.259370488427,7.273914933330865,True,354.1351928710937,0.8179655655805699,1.3706082105636597,12.856788109179938,455.3041136747223,dxy_raw_candidates/images/GP_Is_14.0mm_closed_R10_single_refY_004-raw01-20.jpg,dxy_raw_candidates/masks/GP_Is_14.0mm_closed_R10_single_refY_004-raw01-20.png,dxy_raw_candidates/ring_fit/json/GP_Is_14.0mm_closed_R10_single_refY_004-raw01-20.json,circle,A,ok,
262.5543327745791,1744.159122085048,6064.857142857143,9.538177489492991,50.99176954732511,135.72397959183672,82326.0,1458.0,5880.0,0.5718128025820334,5.0,1233.2122161388395,1.0,GP_Is_14.0mm_closed_R10_single_refY,GP_Is_14.0mm_closed_R10_single_refY_004,1,160,GP_Is_14.0mm_closed_R10_single_refY_004-raw01-14,56.64877596329583,7.285659507490894,True,350.93707275390625,0.8092416311499596,1.2549240589141846,13.273272820572751,465.8083509515796,dxy_raw_candidates/images/GP_Is_14.0mm_closed_R10_single_refY_004-raw01-14.jpg,dxy_raw_candidates/masks/GP_Is_14.0mm_closed_R10_single_refY_004-raw01-14.png,dxy_raw_candidates/ring_fit/json/GP_Is_14.0mm_closed_R10_single_refY_004-raw01-14.json,circle,A,ok,
221.17126965861144,593.4859075535513,6556.655762763681,8.472051741039083,17.77903043968433,122.6670742892082,93852.0,887.0,6542.0,0.5733681462140993,4.0,1268.7980346679688,1.0,GP_Is_14.0mm_closed_R10_single_refY,GP_Is_14.0mm_closed_R10_single_refY_004,2,413,GP_Is_14.0mm_closed_R10_single_refY_004-raw02-21,58.618489189990974,7.312776603998788,True,376.7468872070313,0.8855982725418824,1.288498878479004,14.485932519527912,545.7529985023255,dxy_raw_candidates/images/GP_Is_14.0mm_closed_R10_single_refY_004-raw02-21.jpg,dxy_raw_candidates/masks/GP_Is_14.0mm_closed_R10_single_refY_004-raw02-21.png,dxy_raw_candidates/ring_fit/json/GP_Is_14.0mm_closed_R10_single_refY_004-raw02-21.json,circle,A,ok,
197.04493662783256,500.290950744559,5338.544615384615,7.537297827849613,12.359679266895762,88.66292307692308,93732.0,873.0,6500.0,0.5747490755414686,8.0,1253.5554112195969,1.0,GP_Is_14.0mm_closed_R10_single_refY,GP_Is_14.0mm_closed_R10_single_refY_004,2,422,GP_Is_14.0mm_closed_R10_single_refY_004-raw02-22,56.25203691948668,7.322798326575949,True,377.7930908203125,0.8784718437483332,1.3695244789123535,12.650325240504523,477.9205472492423,dxy_raw_candidates/images/GP_Is_14.0mm_closed_R10_single_refY_004-raw02-22.jpg,dxy_raw_candidates/masks/GP_Is_14.0mm_closed_R10_single_refY_004-raw02-22.png,dxy_raw_candidates/ring_fit/json/GP_Is_14.0mm_closed_R10_single_refY_004-raw02-22.json,circle,A,ok,
213.62920367175687,574.0433789954338,6449.851535054223,7.599035205418184,15.416666666666666,115.19612036047045,93906.0,876.0,6547.0,0.5778710015731515,5.0,1268.8985900878906,1.0,GP_Is_14.0mm_closed_R10_single_refY,GP_Is_14.0mm_closed_R10_single_refY_004,2,405,GP_Is_14.0mm_closed_R10_single_refY_004-raw02-20,56.10255838803419,7.308040989487171,True,376.7498168945313,0.8865621371697419,1.291636347770691,13.61059124927104,512.7787760989186,dxy_raw_candidates/images/GP_Is_14.0mm_closed_R10_single_refY_004-raw02-20.jpg,dxy_raw_candidates/masks/GP_Is_14.0mm_closed_R10_single_refY_004-raw02-20.png,dxy_raw_candidates/ring_fit/json/GP_Is_14.0mm_closed_R10_single_refY_004-raw02-20.json,circle,A,ok,
182.3229785921664,477.78215767634856,7072.92904013429,5.78912273611894,9.367219917012449,156.87761330688235,94031.0,964.0,6553.0,0.5723370429252782,9.0,1251.1828875541687,1.0,GP_Is_14.0mm_closed_R10_single_refY,GP_Is_14.0mm_closed_R10_single_refY_004,3,446,GP_Is_14.0mm_closed_R10_single_refY_004-raw03-01,56.95724028721445,7.326792133643559,True,376.9538269042969,0.8816406760015802,1.3917700052261353,12.059962091235173,454.60488626118536,dxy_raw_candidates/images/GP_Is_14.0mm_closed_R10_single_refY_004-raw03-01.jpg,dxy_raw_candidates/masks/GP_Is_14.0mm_closed_R10_single_refY_004-raw03-01.png,dxy_raw_candidates/ring_fit/json/GP_Is_14.0mm_closed_R10_single_refY_004-raw03-01.json,circle,A,ok,
186.4964897560354,460.6147455867082,5758.337279902854,6.6660117043535525,10.16718587746625,116.24666059502124,94153.0,963.0,6588.0,0.5893234672304439,14.0,1289.8813034296036,1.0,GP_Is_14.0mm_closed_R10_single_refY,GP_Is_14.0mm_closed_R10_single_refY_004,3,454,GP_Is_14.0mm_closed_R10_single_refY_004-raw03-02,56.65874950255878,7.33043139934844,True,377.4606628417969,0.8803294158844189,1.315109133720398,12.102086679801031,456.80616599265926,dxy_raw_candidates/images/GP_Is_14.0mm_closed_R10_single_refY_004-raw03-02.jpg,dxy_raw_candidates/masks/GP_Is_14.0mm_closed_R10_single_refY_004-raw03-02.png,dxy_raw_candidates/ring_fit/json/GP_Is_14.0mm_closed_R10_single_refY_004-raw03-02.json,circle,A,ok,
176.87287722348253,430.3173184357542,5115.079672826416,7.835997625458477,10.41899441340782,99.34050287791578,94334.0,895.0,6602.0,0.6028938906752411,22.0,1291.8813264369965,1.0,GP_Is_14.0mm_closed_R10_single_refY,GP_Is_14.0mm_closed_R10_single_refY_004,3,462,GP_Is_14.0mm_closed_R10_single_refY_004-raw03-03,55.79760737335652,7.337575946047471,True,378.1007080078125,0.8855947261721892,1.262658715248108,11.59525456022512,438.4173958751944,dxy_raw_candidates/images/GP_Is_14.0mm_closed_R10_single_refY_004-raw03-03.jpg,dxy_raw_candidates/masks/GP_Is_14.0mm_closed_R10_single_refY_004-raw03-03.png,dxy_raw_candidates/ring_fit/json/GP_Is_14.0mm_closed_R10_single_refY_004-raw03-03.json,circle,A,ok,
175.44021385738026,270.5236806495264,5834.481358189081,6.767008645810756,10.348443843031124,85.42043941411451,83046.0,1478.0,6008.0,0.5455026455026455,8.0,1213.1239218711853,1.0,GP_Is_14.0mm_closed_R10_single_refY,GP_Is_14.0mm_closed_R10_single_refY_004,4,650,GP_Is_14.0mm_closed_R10_single_refY_004-raw04-02,40.80553013776144,7.566041582562788,True,359.4049987792969,0.7788342680320934,1.2501493692398071,13.67902395152388,491.63095865994165,dxy_raw_candidates/images/GP_Is_14.0mm_closed_R10_single_refY_004-raw04-02.jpg,dxy_raw_candidates/masks/GP_Is_14.0mm_closed_R10_single_refY_004-raw04-02.png,dxy_raw_candidates/ring_fit/json/GP_Is_14.0mm_closed_R10_single_refY_004-raw04-02.json,circle,A,ok,
169.84236198446186,280.4146179401993,5116.058057067458,6.877822310504108,12.39202657807309,75.17648029028534,85081.0,1505.0,6063.0,0.539343408025013,5.0,1218.0529121160507,1.0,GP_Is_14.0mm_closed_R10_single_refY,GP_Is_14.0mm_closed_R10_single_refY_004,4,642,GP_Is_14.0mm_closed_R10_single_refY_004-raw04-01,40.08809126177069,7.544209616034781,True,359.6619873046875,0.7999851907284904,1.2236967086791992,13.4733104043377,484.5837595597021,dxy_raw_candidates/images/GP_Is_14.0mm_closed_R10_single_refY_004-raw04-01.jpg,dxy_raw_candidates/masks/GP_Is_14.0mm_closed_R10_single_refY_004-raw04-01.png,dxy_raw_candidates/ring_fit/json/GP_Is_14.0mm_closed_R10_single_refY_004-raw04-01.json,circle,A,ok,
196.5130387210504,247.370188943317,4948.068678113019,8.115263509817032,12.37858642407278,83.48191365227538,82255.0,1429.0,5999.0,0.5506937033084311,9.0,1213.9523544311523,1.0,GP_Is_14.0mm_closed_R10_single_refY,GP_Is_14.0mm_closed_R10_single_refY_004,4,666,GP_Is_14.0mm_closed_R10_single_refY_004-raw04-04,39.56815755116026,7.554974188737779,True,356.9442443847656,0.7859527121354138,1.1114317178726196,13.652218708036632,487.30808909156974,dxy_raw_candidates/images/GP_Is_14.0mm_closed_R10_single_refY_004-raw04-04.jpg,dxy_raw_candidates/masks/GP_Is_14.0mm_closed_R10_single_refY_004-raw04-04.png,dxy_raw_candidates/ring_fit/json/GP_Is_14.0mm_closed_R10_single_refY_004-raw04-04.json,circle,A,ok,
186.6554377644488,283.7122015915119,5796.481124366726,7.183661133584415,10.96551724137931,107.6352345154437,86028.0,1508.0,6119.0,0.547924141465915,12.0,1252.094583153725,1.0,GP_Is_14.0mm_closed_R10_single_refY,GP_Is_14.0mm_closed_R10_single_refY_004,5,855,GP_Is_14.0mm_closed_R10_single_refY_004-raw05-03,30.75826842103063,7.538152765014496,True,365.7313232421875,0.7738517281954005,1.2677727937698364,13.642159642207549,498.9365097825738,dxy_raw_candidates/images/GP_Is_14.0mm_closed_R10_single_refY_004-raw05-03.jpg,dxy_raw_candidates/masks/GP_Is_14.0mm_closed_R10_single_refY_004-raw05-03.png,dxy_raw_candidates/ring_fit/json/GP_Is_14.0mm_closed_R10_single_refY_004-raw05-03.json,circle,A,ok,
189.1225453062176,514.8336673346694,5382.92081632653,7.577810150923605,18.991315965263865,96.51069387755102,85805.0,1497.0,6125.0,0.5519013360739979,12.0,1258.3372198343277,1.0,GP_Is_14.0mm_closed_R10_single_refY,GP_Is_14.0mm_closed_R10_single_refY_004,5,846,GP_Is_14.0mm_closed_R10_single_refY_004-raw05-02,30.237363787755843,7.542178105038197,True,364.2723388671875,0.7774472025896585,1.293604850769043,13.675248786584008,498.1514860079635,dxy_raw_candidates/images/GP_Is_14.0mm_closed_R10_single_refY_004-raw05-02.jpg,dxy_raw_candidates/masks/GP_Is_14.0mm_closed_R10_single_refY_004-raw05-02.png,dxy_raw_candidates/ring_fit/json/GP_Is_14.0mm_closed_R10_single_refY_004-raw05-02.json,circle,A,ok,
187.5204616149585,422.8881578947368,6046.68407310705,7.839984273638687,13.634868421052632,116.94484334203656,86479.0,1520.0,6128.0,0.5435005117707267,12.0,1246.751415014267,1.0,GP_Is_14.0mm_closed_R10_single_refY,GP_Is_14.0mm_closed_R10_single_refY_004,5,863,GP_Is_14.0mm_closed_R10_single_refY_004-raw05-04,30.18754448351332,7.530204807602741,True,365.7318115234375,0.7764990966545045,1.276098608970642,13.662511192067193,499.6814968233988,dxy_raw_candidates/images/GP_Is_14.0mm_closed_R10_single_refY_004-raw05-04.jpg,dxy_raw_candidates/masks/GP_Is_14.0mm_closed_R10_single_refY_004-raw05-04.png,dxy_raw_candidates/ring_fit/json/GP_Is_14.0mm_closed_R10_single_refY_004-raw05-04.json,circle,A,ok,
154.45547483279225,339.9488817891374,4959.421686746988,6.498367457046911,11.368477103301384,72.2111780455154,107501.0,1878.0,5976.0,0.5724331926863573,8.0,1389.0406785011292,1.0,GP_Is_14.0mm_closed_R10_single_refY,GP_Is_14.0mm_closed_R10_single_refY_005,1,227,GP_Is_14.0mm_closed_R10_single_refY_005-raw01-21,31.19077948308758,7.645033648855135,True,396.5304260253906,0.5653117848606544,2.175051212310791,12.805675510749252,507.7839965820316,dxy_raw_candidates/images/GP_Is_14.0mm_closed_R10_single_refY_005-raw01-21.jpg,dxy_raw_candidates/masks/GP_Is_14.0mm_closed_R10_single_refY_005-raw01-21.png,dxy_raw_candidates/ring_fit/json/GP_Is_14.0mm_closed_R10_single_refY_005-raw01-21.json,ellipse,A,ok,
149.61270454127597,407.001066098081,4865.6808614782185,5.935842985842986,13.500533049040513,81.21928536465981,108780.0,1876.0,6129.0,0.5714946783896344,9.0,1401.626554965973,1.0,GP_Is_14.0mm_closed_R10_single_refY,GP_Is_14.0mm_closed_R10_single_refY_005,1,235,GP_Is_14.0mm_closed_R10_single_refY_005-raw01-22,30.59451277405422,7.652771876542091,True,398.0251159667969,0.5649342256111407,2.2783408164978027,15.110944339949445,601.4535373276206,dxy_raw_candidates/images/GP_Is_14.0mm_closed_R10_single_refY_005-raw01-22.jpg,dxy_raw_candidates/masks/GP_Is_14.0mm_closed_R10_single_refY_005-raw01-22.png,dxy_raw_candidates/ring_fit/json/GP_Is_14.0mm_closed_R10_single_refY_005-raw01-22.json,circle,A,ok,
148.6477391055944,434.176,4636.973105936373,6.472737492973581,15.225066666666669,71.6489012791079,108519.0,1875.0,6098.0,0.5698579935868071,10.0,1406.7270946502686,1.0,GP_Is_14.0mm_closed_R10_single_refY,GP_Is_14.0mm_closed_R10_single_refY_005,1,244,GP_Is_14.0mm_closed_R10_single_refY_005-raw01-23,28.98347977827918,7.674410189828035,True,401.8941040039063,0.5598773513200753,2.315950870513916,12.74560936046094,512.2385253906266,dxy_raw_candidates/images/GP_Is_14.0mm_closed_R10_single_refY_005-raw01-23.jpg,dxy_raw_candidates/masks/GP_Is_14.0mm_closed_R10_single_refY_005-raw01-23.png,dxy_raw_candidates/ring_fit/json/GP_Is_14.0mm_closed_R10_single_refY_005-raw01-23.json,ellipse,A,ok,
164.7314970620259,402.6782517114271,5525.864161849711,7.488288596341255,13.716166403370195,127.83220937700706,111131.0,1899.0,6228.0,0.5773056057866185,12.0,1438.1412309408188,1.0,GP_Is_14.0mm_closed_R10_single_refY,GP_Is_14.0mm_closed_R10_single_refY_005,2,355,GP_Is_14.0mm_closed_R10_single_refY_005-raw02-12,33.45573629555407,7.753623119396851,True,413.2045593261719,0.5243316513268541,2.173922061920166,15.691668155836554,648.386882542499,dxy_raw_candidates/images/GP_Is_14.0mm_closed_R10_single_refY_005-raw02-12.jpg,dxy_raw_candidates/masks/GP_Is_14.0mm_closed_R10_single_refY_005-raw02-12.png,dxy_raw_candidates/ring_fit/json/GP_Is_14.0mm_closed_R10_single_refY_005-raw02-12.json,circle,A,ok,
149.3982150522249,340.1023746701847,4418.921660474883,7.323570968665045,14.227968337730871,85.11032143434016,111824.0,1895.0,6191.0,0.5716894977168949,7.0,1420.626551985741,1.0,GP_Is_14.0mm_closed_R10_single_refY,GP_Is_14.0mm_closed_R10_single_refY_005,2,372,GP_Is_14.0mm_closed_R10_single_refY_005-raw02-14,33.31840952060723,7.737675681597475,True,414.5452270507813,0.5290488272152671,1.7583439350128174,16.216419212641114,672.2439184454969,dxy_raw_candidates/images/GP_Is_14.0mm_closed_R10_single_refY_005-raw02-14.jpg,dxy_raw_candidates/masks/GP_Is_14.0mm_closed_R10_single_refY_005-raw02-14.png,dxy_raw_candidates/ring_fit/json/GP_Is_14.0mm_closed_R10_single_refY_005-raw02-14.json,circle,B,ok,
154.27982094897047,350.1745531019979,5208.31353082466,7.096159355416294,11.511041009463725,134.26837469975982,111700.0,1902.0,6245.0,0.5708446866485014,8.0,1422.141203403473,1.0,GP_Is_14.0mm_closed_R10_single_refY,GP_Is_14.0mm_closed_R10_single_refY_005,2,329,GP_Is_14.0mm_closed_R10_single_refY_005-raw02-09,32.8364740550665,7.733031896206016,True,410.8995971679688,0.5290932764045896,2.069964647293091,15.838035244478116,650.7842301888155,dxy_raw_candidates/images/GP_Is_14.0mm_closed_R10_single_refY_005-raw02-09.jpg,dxy_raw_candidates/masks/GP_Is_14.0mm_closed_R10_single_refY_005-raw02-09.png,dxy_raw_candidates/ring_fit/json/GP_Is_14.0mm_closed_R10_single_refY_005-raw02-09.json,circle,A,ok,
147.0097068130695,395.984,4927.109657232257,6.279896297990773,10.9765,122.9746835443038,131145.0,2000.0,7031.0,0.5607793307920372,12.0,1508.7513979673386,1.0,GP_Is_14.0mm_closed_R10_single_refY,GP_Is_14.0mm_closed_R10_single_refY_005,3,543,GP_Is_14.0mm_closed_R10_single_refY_005-raw03-10,36.50593615595381,7.686542537798998,True,445.1145324707031,0.6027977272102407,2.283036708831787,14.575522193839554,648.7776746827259,dxy_raw_candidates/images/GP_Is_14.0mm_closed_R10_single_refY_005-raw03-10.jpg,dxy_raw_candidates/masks/GP_Is_14.0mm_closed_R10_single_refY_005-raw03-10.png,dxy_raw_candidates/ring_fit/json/GP_Is_14.0mm_closed_R10_single_refY_005-raw03-10.json,circle,B,ok,
138.89341137223363,617.2201195219124,5433.984698214792,5.793256485866619,14.635956175298803,99.71705865684328,134292.0,2008.0,7058.0,0.5482254697286012,13.0,1499.2366884946823,1.0,GP_Is_14.0mm_closed_R10_single_refY,GP_Is_14.0mm_closed_R10_single_refY_005,3,568,GP_Is_14.0mm_closed_R10_single_refY_005-raw03-13,36.11407284402727,7.685658276178717,True,450.0566711425781,0.6108492860445055,2.092719078063965,14.233351220252514,640.5814669390024,dxy_raw_candidates/images/GP_Is_14.0mm_closed_R10_single_refY_005-raw03-13.jpg,dxy_raw_candidates/masks/GP_Is_14.0mm_closed_R10_single_refY_005-raw03-13.png,dxy_raw_candidates/ring_fit/json/GP_Is_14.0mm_closed_R10_single_refY_005-raw03-13.json,circle,A,ok,
149.14219141806777,368.97973306969845,4393.029254223321,4.178784090656922,8.000988630746416,80.8545529460239,135191.0,2023.0,7281.0,0.544472152950956,10.0,1503.3787550926208,1.0,GP_Is_14.0mm_closed_R10_single_refY,GP_Is_14.0mm_closed_R10_single_refY_005,3,662,GP_Is_14.0mm_closed_R10_single_refY_005-raw03-24,35.69332028942343,7.6854986690621345,True,458.0078430175781,0.6068608583795483,2.003973960876465,14.42916417992315,660.867036259313,dxy_raw_candidates/images/GP_Is_14.0mm_closed_R10_single_refY_005-raw03-24.jpg,dxy_raw_candidates/masks/GP_Is_14.0mm_closed_R10_single_refY_005-raw03-24.png,dxy_raw_candidates/ring_fit/json/GP_Is_14.0mm_closed_R10_single_refY_005-raw03-24.json,circle,A,ok,
149.51728136042402,536.7370478983382,4363.978121927237,6.898603136042403,12.55131964809384,86.7009587020649,144896.0,2046.0,8136.0,0.6007223113964687,25.0,1726.3271272182465,1.0,GP_Is_14.0mm_closed_R10_single_refY,GP_Is_14.0mm_closed_R10_single_refY_005,4,808,GP_Is_14.0mm_closed_R10_single_refY_005-raw04-17,40.51047168316193,7.675428843539775,True,474.5574645996094,0.6229689217829099,1.8739497661590576,14.018450613496825,665.2560380755917,dxy_raw_candidates/images/GP_Is_14.0mm_closed_R10_single_refY_005-raw04-17.jpg,dxy_raw_candidates/masks/GP_Is_14.0mm_closed_R10_single_refY_005-raw04-17.png,dxy_raw_candidates/ring_fit/json/GP_Is_14.0mm_closed_R10_single_refY_005-raw04-17.json,circle,A,ok,
171.22261719457015,557.0883950617284,4228.554264589385,7.5983131221719455,16.140246913580246,85.50330076577767,138125.0,2025.0,7574.0,0.5839175257731959,24.0,1615.2610087394714,1.0,GP_Is_14.0mm_closed_R10_single_refY,GP_Is_14.0mm_closed_R10_single_refY_005,4,680,GP_Is_14.0mm_closed_R10_single_refY_005-raw04-02,40.46426749037636,7.708301602652625,True,463.34765625,0.6034364756634543,2.141842126846313,14.30205466834664,662.6823510137809,dxy_raw_candidates/images/GP_Is_14.0mm_closed_R10_single_refY_005-raw04-02.jpg,dxy_raw_candidates/masks/GP_Is_14.0mm_closed_R10_single_refY_005-raw04-02.png,dxy_raw_candidates/ring_fit/json/GP_Is_14.0mm_closed_R10_single_refY_005-raw04-02.json,circle,B,ok,
153.1303140649644,445.7130133597229,4363.93096809681,5.800382314675505,16.7110341415141,79.43591859185919,137583.0,2021.0,7272.0,0.5565326633165829,7.0,1528.278314590454,1.0,GP_Is_14.0mm_closed_R10_single_refY,GP_Is_14.0mm_closed_R10_single_refY_005,4,671,GP_Is_14.0mm_closed_R10_single_refY_005-raw04-01,40.02929564155177,7.699138619129781,True,460.5780334472656,0.609062274307277,2.149458169937134,12.43994505513801,572.9565429687517,dxy_raw_candidates/images/GP_Is_14.0mm_closed_R10_single_refY_005-raw04-01.jpg,dxy_raw_candidates/masks/GP_Is_14.0mm_closed_R10_single_refY_005-raw04-01.png,dxy_raw_candidates/ring_fit/json/GP_Is_14.0mm_closed_R10_single_refY_005-raw04-01.json,ellipse,A,ok,
125.78621451767084,1085.7474402730377,3703.52389380531,7.104743632332902,20.61518771331058,80.39046214355949,147503.0,1172.0,10170.0,0.5963495963495964,23.0,1927.013396382332,1.0,GP_Is_14.0mm_closed_R10_single_refY,GP_Is_14.0mm_closed_R10_single_refY_005,5,988,GP_Is_14.0mm_closed_R10_single_refY_005-raw05-14,40.27850995160209,7.709130784301814,True,510.5452270507813,0.6712075906908571,10.667838096618652,8.971190490783728,458.0198486032992,dxy_raw_candidates/images/GP_Is_14.0mm_closed_R10_single_refY_005-raw05-14.jpg,dxy_raw_candidates/masks/GP_Is_14.0mm_closed_R10_single_refY_005-raw05-14.png,dxy_raw_candidates/ring_fit/json/GP_Is_14.0mm_closed_R10_single_refY_005-raw05-14.json,circle,A,ok,
122.55363855034204,892.9273469387755,3849.212183576868,6.45838833091009,18.772244897959183,84.59086231734925,149249.0,1225.0,9718.0,0.6103571428571428,28.0,1938.2265527248385,1.0,GP_Is_14.0mm_closed_R10_single_refY,GP_Is_14.0mm_closed_R10_single_refY_005,5,954,GP_Is_14.0mm_closed_R10_single_refY_005-raw05-10,38.77746198651231,7.710863187290288,True,504.13177490234375,0.662257216538473,9.863553047180176,9.878455753369128,498.0043432240249,dxy_raw_candidates/images/GP_Is_14.0mm_closed_R10_single_refY_005-raw05-10.jpg,dxy_raw_candidates/masks/GP_Is_14.0mm_closed_R10_single_refY_005-raw05-10.png,dxy_raw_candidates/ring_fit/json/GP_Is_14.0mm_closed_R10_single_refY_005-raw05-10.json,circle,A,ok,
119.60619394937946,854.9436860068259,3456.610200364298,6.091342000040186,19.324232081911266,67.32199959522364,149307.0,1172.0,9882.0,0.6326458036984353,23.0,2019.0255587100985,0.9905425465689796,GP_Is_14.0mm_closed_R10_single_refY,GP_Is_14.0mm_closed_R10_single_refY_005,5,962,GP_Is_14.0mm_closed_R10_single_refY_005-raw05-11,38.1279284297225,7.704853113401356,True,505.86328125,0.6706849046625176,11.475940704345703,9.489332517770276,480.03048843116176,dxy_raw_candidates/images/GP_Is_14.0mm_closed_R10_single_refY_005-raw05-11.jpg,dxy_raw_candidates/masks/GP_Is_14.0mm_closed_R10_single_refY_005-raw05-11.png,dxy_raw_candidates/ring_fit/json/GP_Is_14.0mm_closed_R10_single_refY_005-raw05-11.json,circle,A,ok,
714.0121857908011,3360.2483262325013,14920.197286012526,39.18933318219174,131.81984175289105,304.89039665970773,35287.0,1643.0,1916.0,0.5740418118466899,5.0,760.0386323928833,1.0,GP_Is_14.0mm_closed_R5_single_refY,GP_Is_14.0mm_closed_R5_single_refY_004,1,33,GP_Is_14.0mm_closed_R5_single_refY_004-raw01-01,38.91050324840781,7.449683224098734,True,101.95941925048828,0.7208858709699631,0.5927401781082153,13.733757606709055,280.0571899414064,dxy_raw_candidates/images/GP_Is_14.0mm_closed_R5_single_refY_004-raw01-01.jpg,dxy_raw_candidates/masks/GP_Is_14.0mm_closed_R5_single_refY_004-raw01-01.png,dxy_raw_candidates/ring_fit/json/GP_Is_14.0mm_closed_R5_single_refY_004-raw01-01.json,ellipse,A,ok,
1120.80435699227,1001.2260355029586,14594.617988394584,48.91965331459358,46.23136094674556,319.6083172147002,42690.0,1690.0,2068.0,0.5793991416309013,8.0,776.7666248083115,1.0,GP_Is_14.0mm_closed_R5_single_refY,GP_Is_14.0mm_closed_R5_single_refY_004,1,147,GP_Is_14.0mm_closed_R5_single_refY_004-raw01-24,37.8671259191996,7.365666746827218,True,111.2783432006836,0.6412813813768802,0.5531430244445801,13.653730166484122,303.87289428711,dxy_raw_candidates/images/GP_Is_14.0mm_closed_R5_single_refY_004-raw01-24.jpg,dxy_raw_candidates/masks/GP_Is_14.0mm_closed_R5_single_refY_004-raw01-24.png,dxy_raw_candidates/ring_fit/json/GP_Is_14.0mm_closed_R5_single_refY_004-raw01-24.json,ellipse,B,ok,
1077.453840332955,1178.4341551413108,17832.19325432999,49.103835603480896,50.85929043896572,383.2953509571559,42288.0,1663.0,2194.0,0.5598958333333334,13.0,737.2102032899857,0.9936980807791465,GP_Is_14.0mm_closed_R5_single_refY,GP_Is_14.0mm_closed_R5_single_refY_004,1,117,GP_Is_14.0mm_closed_R5_single_refY_004-raw01-18,37.59629949045063,7.391758640791599,True,110.53636932373048,0.6673723281904606,0.450370043516159,13.705958280736017,303.0013732910162,dxy_raw_candidates/images/GP_Is_14.0mm_closed_R5_single_refY_004-raw01-18.jpg,dxy_raw_candidates/masks/GP_Is_14.0mm_closed_R5_single_refY_004-raw01-18.png,dxy_raw_candidates/ring_fit/json/GP_Is_14.0mm_closed_R5_single_refY_004-raw01-18.json,ellipse,B,ok,
1126.18952324897,977.6283502084574,13760.51067961165,49.58271924661565,48.46694460988684,299.50631067961166,42475.0,1679.0,2060.0,0.585554600171969,9.0,780.1097025871277,1.0,GP_Is_14.0mm_closed_R5_single_refY,GP_Is_14.0mm_closed_R5_single_refY_004,2,152,GP_Is_14.0mm_closed_R5_single_refY_004-raw02-01,38.20407968494628,7.367457781751304,True,111.23707580566406,0.6381616157204814,0.595904529094696,13.65598070680887,303.8102722167975,dxy_raw_candidates/images/GP_Is_14.0mm_closed_R5_single_refY_004-raw02-01.jpg,dxy_raw_candidates/masks/GP_Is_14.0mm_closed_R5_single_refY_004-raw02-01.png,dxy_raw_candidates/ring_fit/json/GP_Is_14.0mm_closed_R5_single_refY_004-raw02-01.json,ellipse,B,ok,
277.9154677179868,602.581553839164,8001.278472222222,10.19567610465414,20.826896865061336,95.63298611111112,78124.0,2201.0,2880.0,0.6077669902912621,5.0,1088.5016753673551,1.0,GP_Is_14.0mm_closed_R5_single_refY,GP_Is_14.0mm_closed_R5_single_refY_004,2,261,GP_Is_14.0mm_closed_R5_single_refY_004-raw02-23,37.3934699300083,7.33873511934086,True,156.39089965820312,0.6564821788340229,0.7613566517829895,12.956696080897364,405.2618713378914,dxy_raw_candidates/images/GP_Is_14.0mm_closed_R5_single_refY_004-raw02-23.jpg,dxy_raw_candidates/masks/GP_Is_14.0mm_closed_R5_single_refY_004-raw02-23.png,dxy_raw_candidates/ring_fit/json/GP_Is_14.0mm_closed_R5_single_refY_004-raw02-23.json,ellipse,B,ok,
278.24305715528936,599.5342714480254,8011.782171349289,10.191814482070184,20.82614616432138,95.14290669441554,78138.0,2203.0,2883.0,0.6073738680465718,5.0,1089.3301055431366,1.0,GP_Is_14.0mm_closed_R5_single_refY,GP_Is_14.0mm_closed_R5_single_refY_004,2,266,GP_Is_14.0mm_closed_R5_single_refY_004-raw02-24,37.365676965765296,7.3387787288200865,True,156.0679931640625,0.656659525614323,0.7600769400596619,12.983033361517206,405.2471923828133,dxy_raw_candidates/images/GP_Is_14.0mm_closed_R5_single_refY_004-raw02-24.jpg,dxy_raw_candidates/masks/GP_Is_14.0mm_closed_R5_single_refY_004-raw02-24.png,dxy_raw_candidates/ring_fit/json/GP_Is_14.0mm_closed_R5_single_refY_004-raw02-24.json,ellipse,A,ok,
378.7731036427491,492.8386206896552,8972.908965517241,12.821451459919508,16.033103448275863,110.61758620689656,78018.0,2175.0,2900.0,0.6121919584954605,5.0,1090.6021058559418,1.0,GP_Is_14.0mm_closed_R5_single_refY,GP_Is_14.0mm_closed_R5_single_refY_004,3,271,GP_Is_14.0mm_closed_R5_single_refY_004-raw03-01,43.479668854936,7.32145430466481,True,155.38258361816406,0.6486404716735323,0.6589947938919067,13.108630499806887,407.37057495117256,dxy_raw_candidates/images/GP_Is_14.0mm_closed_R5_single_refY_004-raw03-01.jpg,dxy_raw_candidates/masks/GP_Is_14.0mm_closed_R5_single_refY_004-raw03-01.png,dxy_raw_candidates/ring_fit/json/GP_Is_14.0mm_closed_R5_single_refY_004-raw03-01.json,ellipse,B,ok,
356.9028476141611,442.12317518248176,7287.013565217391,11.637583376090303,17.168795620437955,116.97808695652174,77960.0,2192.0,2875.0,0.6082474226804123,4.0,1091.602136015892,1.0,GP_Is_14.0mm_closed_R5_single_refY,GP_Is_14.0mm_closed_R5_single_refY_004,3,291,GP_Is_14.0mm_closed_R5_single_refY_004-raw03-05,43.084182146689336,7.274542148085086,True,155.36337280273438,0.6528393543881367,0.7682929635047913,13.174718770397728,409.373748779297,dxy_raw_candidates/images/GP_Is_14.0mm_closed_R5_single_refY_004-raw03-05.jpg,dxy_raw_candidates/masks/GP_Is_14.0mm_closed_R5_single_refY_004-raw03-05.png,dxy_raw_candidates/ring_fit/json/GP_Is_14.0mm_closed_R5_single_refY_004-raw03-05.json,ellipse,A,ok,
469.1341091750788,608.0481162051748,7903.28511235955,17.061184337426862,26.48025419881979,114.19136235955057,77765.0,2203.0,2848.0,0.6081342801807618,3.0,1095.15847158432,1.0,GP_Is_14.0mm_closed_R5_single_refY,GP_Is_14.0mm_closed_R5_single_refY_004,3,281,GP_Is_14.0mm_closed_R5_single_refY_004-raw03-03,41.52601554043616,7.276861854041461,True,155.46421813964844,0.655696733685441,0.7364778518676758,13.006495654955392,404.4089355468757,dxy_raw_candidates/images/GP_Is_14.0mm_closed_R5_single_refY_004-raw03-03.jpg,dxy_raw_candidates/masks/GP_Is_14.0mm_closed_R5_single_refY_004-raw03-03.png,dxy_raw_candidates/ring_fit/json/GP_Is_14.0mm_closed_R5_single_refY_004-raw03-03.json,ellipse,A,ok,
297.2412480109116,372.5049928673324,6455.752232142857,10.174670379631737,11.976699952448882,114.69754464285714,70384.0,2103.0,2688.0,0.6105769230769231,6.0,1029.6315261125565,1.0,GP_Is_14.0mm_closed_R5_single_refY,GP_Is_14.0mm_closed_R5_single_refY_004,4,390,GP_Is_14.0mm_closed_R5_single_refY_004-raw04-01,26.29581359833142,7.436098205269768,True,146.30955505371094,0.6110190365430344,0.6653316617012024,13.33513965573289,390.2116699218757,dxy_raw_candidates/images/GP_Is_14.0mm_closed_R5_single_refY_004-raw04-01.jpg,dxy_raw_candidates/masks/GP_Is_14.0mm_closed_R5_single_refY_004-raw04-01.png,dxy_raw_candidates/ring_fit/json/GP_Is_14.0mm_closed_R5_single_refY_004-raw04-01.json,ellipse,B,ok,
255.94153062405928,343.35096153846155,6388.08081570997,9.585620006946856,12.569711538461538,151.7296072507553,69096.0,2080.0,2648.0,0.6074895977808599,11.0,1005.83258163929,1.0,GP_Is_14.0mm_closed_R5_single_refY,GP_Is_14.0mm_closed_R5_single_refY_004,4,400,GP_Is_14.0mm_closed_R5_single_refY_004-raw04-03,24.65290906383255,7.476679581562504,True,145.45677185058594,0.5854425977488787,0.6612098813056946,13.322925250100838,387.5819396972665,dxy_raw_candidates/images/GP_Is_14.0mm_closed_R5_single_refY_004-raw04-03.jpg,dxy_raw_candidates/masks/GP_Is_14.0mm_closed_R5_single_refY_004-raw04-03.png,dxy_raw_candidates/ring_fit/json/GP_Is_14.0mm_closed_R5_single_refY_004-raw04-03.json,ellipse,A,ok,
253.1712921429605,344.93869731800766,6325.788439743105,9.298914773549416,12.619731800766283,147.4899886664148,69110.0,2088.0,2647.0,0.6062283737024221,11.0,1006.6610423326492,1.0,GP_Is_14.0mm_closed_R5_single_refY,GP_Is_14.0mm_closed_R5_single_refY_004,4,395,GP_Is_14.0mm_closed_R5_single_refY_004-raw04-02,23.92332137674284,7.474534257321297,True,145.48724365234375,0.5860948295734995,0.6570929288864136,13.33276453089216,387.9494323730472,dxy_raw_candidates/images/GP_Is_14.0mm_closed_R5_single_refY_004-raw04-02.jpg,dxy_raw_candidates/masks/GP_Is_14.0mm_closed_R5_single_refY_004-raw04-02.png,dxy_raw_candidates/ring_fit/json/GP_Is_14.0mm_closed_R5_single_refY_004-raw04-02.json,ellipse,A,ok,
323.85145974210417,341.8048048048048,8883.624188311689,11.9547633265013,12.94194194194194,242.1469155844156,61963.0,1998.0,2464.0,0.6055514974433893,6.0,959.6904993057252,1.0,GP_Is_14.0mm_closed_R5_single_refY,GP_Is_14.0mm_closed_R5_single_refY_004,5,605,GP_Is_14.0mm_closed_R5_single_refY_004-raw05-20,21.53085537940014,7.514638655363973,True,135.1721954345703,0.590315968437506,0.6526256799697876,13.539501808685188,366.03283691406347,dxy_raw_candidates/images/GP_Is_14.0mm_closed_R5_single_refY_004-raw05-20.jpg,dxy_raw_candidates/masks/GP_Is_14.0mm_closed_R5_single_refY_004-raw05-20.png,dxy_raw_candidates/ring_fit/json/GP_Is_14.0mm_closed_R5_single_refY_004-raw05-20.json,ellipse,B,ok,
322.90858323380354,346.23423423423424,8873.372564935065,11.82136285871074,12.74174174174174,236.9387175324676,61958.0,1998.0,2464.0,0.6016081871345029,8.0,951.276247024536,1.0,GP_Is_14.0mm_closed_R5_single_refY,GP_Is_14.0mm_closed_R5_single_refY_004,5,600,GP_Is_14.0mm_closed_R5_single_refY_004-raw05-19,21.29827080611121,7.514183679385962,True,135.20237731933594,0.5889394925385018,0.6885649561882019,13.542381839290533,366.1924438476565,dxy_raw_candidates/images/GP_Is_14.0mm_closed_R5_single_refY_004-raw05-19.jpg,dxy_raw_candidates/masks/GP_Is_14.0mm_closed_R5_single_refY_004-raw05-19.png,dxy_raw_candidates/ring_fit/json/GP_Is_14.0mm_closed_R5_single_refY_004-raw05-19.json,ellipse,B,ok,
372.30858853776806,433.2431077694236,8742.921266233767,14.819198099391414,19.198997493734336,214.32386363636363,61454.0,1995.0,2464.0,0.5876742479823918,9.0,926.2051856517792,1.0,GP_Is_14.0mm_closed_R5_single_refY,GP_Is_14.0mm_closed_R5_single_refY_004,5,615,GP_Is_14.0mm_closed_R5_single_refY_004-raw05-22,20.78172632589341,7.556587197348621,True,135.01437377929688,0.587918024937087,0.7278202772140503,13.567728587925682,366.3676757812506,dxy_raw_candidates/images/GP_Is_14.0mm_closed_R5_single_refY_004-raw05-22.jpg,dxy_raw_candidates/masks/GP_Is_14.0mm_closed_R5_single_refY_004-raw05-22.png,dxy_raw_candidates/ring_fit/json/GP_Is_14.0mm_closed_R5_single_refY_004-raw05-22.json,ellipse,B,ok,
559.5744652525074,1960.493101379724,11276.442588726512,20.477478476968137,58.00779844031194,173.91701461377872,45068.0,1667.0,1916.0,0.5728061716489875,1.0,689.0975341796875,1.0,GP_Is_14.0mm_closed_R5_single_refY,GP_Is_14.0mm_closed_R5_single_refY_005,1,29,GP_Is_14.0mm_closed_R5_single_refY_005-raw01-01,39.718860459386576,7.7183591242926575,True,101.33092498779295,0.4196251711319331,1.0435593128204346,15.604618915108947,316.24609375000045,dxy_raw_candidates/images/GP_Is_14.0mm_closed_R5_single_refY_005-raw01-01.jpg,dxy_raw_candidates/masks/GP_Is_14.0mm_closed_R5_single_refY_005-raw01-01.png,dxy_raw_candidates/ring_fit/json/GP_Is_14.0mm_closed_R5_single_refY_005-raw01-01.json,ellipse,B,ok,
484.53183250787936,1055.2934472934471,9906.980972515856,18.19317874831157,42.56011396011396,146.9899577167019,44420.0,1755.0,1892.0,0.5805555555555556,2.0,723.9970245361328,1.0,GP_Is_14.0mm_closed_R5_single_refY,GP_Is_14.0mm_closed_R5_single_refY_005,1,33,GP_Is_14.0mm_closed_R5_single_refY_005-raw01-02,38.93040869798896,7.713562549655077,True,99.63900756835938,0.41982122943809,0.9797571897506714,15.6835083680682,312.53784179687534,dxy_raw_candidates/images/GP_Is_14.0mm_closed_R5_single_refY_005-raw01-02.jpg,dxy_raw_candidates/masks/GP_Is_14.0mm_closed_R5_single_refY_005-raw01-02.png,dxy_raw_candidates/ring_fit/json/GP_Is_14.0mm_closed_R5_single_refY_005-raw01-02.json,ellipse,A,ok,
538.0727925502075,1670.9269764634882,9703.87806149036,19.774352070010096,56.70669885334943,128.81813444502345,44565.0,1657.0,1919.0,0.570869990224829,1.0,681.5828247070312,1.0,GP_Is_14.0mm_closed_R5_single_refY,GP_Is_14.0mm_closed_R5_single_refY_005,1,56,GP_Is_14.0mm_closed_R5_single_refY_005-raw01-07,32.93758125431272,7.751810557275092,True,100.37915802001952,0.3810935466975865,1.081292748451233,15.708237284216787,315.355926513672,dxy_raw_candidates/images/GP_Is_14.0mm_closed_R5_single_refY_005-raw01-07.jpg,dxy_raw_candidates/masks/GP_Is_14.0mm_closed_R5_single_refY_005-raw01-07.png,dxy_raw_candidates/ring_fit/json/GP_Is_14.0mm_closed_R5_single_refY_005-raw01-07.json,ellipse,B,ok,
597.6762084470853,520.214005602241,10515.343141907926,24.546671752047533,21.7109243697479,162.42572377788323,49816.0,1785.0,2107.0,0.552491103202847,1.0,727.6954956054688,1.0,GP_Is_14.0mm_closed_R5_single_refY,GP_Is_14.0mm_closed_R5_single_refY_005,2,234,GP_Is_14.0mm_closed_R5_single_refY_005-raw02-23,27.60396592702866,7.681574779056825,True,112.98681640625,0.4410569694805877,0.9725390672683716,15.191990118713726,343.29891967773455,dxy_raw_candidates/images/GP_Is_14.0mm_closed_R5_single_refY_005-raw02-23.jpg,dxy_raw_candidates/masks/GP_Is_14.0mm_closed_R5_single_refY_005-raw02-23.png,dxy_raw_candidates/ring_fit/json/GP_Is_14.0mm_closed_R5_single_refY_005-raw02-23.json,ellipse,B,ok,
597.2325637422205,520.7271708683473,10502.656858092074,24.40803051596065,21.53053221288516,162.077835785477,49810.0,1785.0,2107.0,0.5523978685612788,1.0,728.28125,1.0,GP_Is_14.0mm_closed_R5_single_refY,GP_Is_14.0mm_closed_R5_single_refY_005,2,230,GP_Is_14.0mm_closed_R5_single_refY_005-raw02-22,27.52491753128901,7.681562485805152,True,112.94650268554688,0.4410782194888457,0.9703846573829652,15.196064285870612,343.2684631347661,dxy_raw_candidates/images/GP_Is_14.0mm_closed_R5_single_refY_005-raw02-22.jpg,dxy_raw_candidates/masks/GP_Is_14.0mm_closed_R5_single_refY_005-raw02-22.png,dxy_raw_candidates/ring_fit/json/GP_Is_14.0mm_closed_R5_single_refY_005-raw02-22.json,ellipse,B,ok,
551.5623430423491,522.1997663551402,11088.414207103551,19.80712185279787,21.43165887850468,182.455727863932,46589.0,1712.0,1999.0,0.5594013096351731,1.0,698.896484375,1.0,GP_Is_14.0mm_closed_R5_single_refY,GP_Is_14.0mm_closed_R5_single_refY_005,2,181,GP_Is_14.0mm_closed_R5_single_refY_005-raw02-11,27.35607746288041,7.706807800475585,True,106.37471771240234,0.4184243805385866,0.7661442160606384,15.440727713125684,328.50061035156307,dxy_raw_candidates/images/GP_Is_14.0mm_closed_R5_single_refY_005-raw02-11.jpg,dxy_raw_candidates/masks/GP_Is_14.0mm_closed_R5_single_refY_005-raw02-11.png,dxy_raw_candidates/ring_fit/json/GP_Is_14.0mm_closed_R5_single_refY_005-raw02-11.json,ellipse,B,ok,
289.5022013031715,766.5274243089074,15465.29510961214,13.829098826505293,31.51952610794208,386.55564924114674,62463.0,2279.0,2372.0,0.6434599156118144,8.0,1059.844741821289,1.0,GP_Is_14.0mm_closed_R5_single_refY,GP_Is_14.0mm_closed_R5_single_refY_005,3,323,GP_Is_14.0mm_closed_R5_single_refY_005-raw03-19,47.704824057567286,7.692558548539303,True,127.9253387451172,0.6134274092150946,1.018488526344299,14.066419242543432,359.89028930664153,dxy_raw_candidates/images/GP_Is_14.0mm_closed_R5_single_refY_005-raw03-19.jpg,dxy_raw_candidates/masks/GP_Is_14.0mm_closed_R5_single_refY_005-raw03-19.png,dxy_raw_candidates/ring_fit/json/GP_Is_14.0mm_closed_R5_single_refY_005-raw03-19.json,ellipse,A,ok,
288.61896636953645,813.4029209621993,15421.509274873524,13.611360048476344,33.37800687285223,382.4114671163575,62711.0,2328.0,2372.0,0.6369910282953761,11.0,1067.3300445079803,1.0,GP_Is_14.0mm_closed_R5_single_refY,GP_Is_14.0mm_closed_R5_single_refY_005,3,319,GP_Is_14.0mm_closed_R5_single_refY_005-raw03-18,46.862262216354885,7.691851939459598,True,128.07745361328125,0.6132224889078256,0.9770696759223938,14.04746116246454,359.8326110839845,dxy_raw_candidates/images/GP_Is_14.0mm_closed_R5_single_refY_005-raw03-18.jpg,dxy_raw_candidates/masks/GP_Is_14.0mm_closed_R5_single_refY_005-raw03-18.png,dxy_raw_candidates/ring_fit/json/GP_Is_14.0mm_closed_R5_single_refY_005-raw03-18.json,ellipse,A,ok,
238.04062247692625,607.6734154929577,10976.508573818486,10.294805832159197,28.80897887323944,234.18736930154748,63167.0,2272.0,2391.0,0.6576704545454546,7.0,1077.158466339111,1.0,GP_Is_14.0mm_closed_R5_single_refY,GP_Is_14.0mm_closed_R5_single_refY_005,3,328,GP_Is_14.0mm_closed_R5_single_refY_005-raw03-20,44.97836479961135,7.706320588274667,True,128.7305450439453,0.6127540099553203,0.8164872527122498,14.024680894946178,361.0809631347659,dxy_raw_candidates/images/GP_Is_14.0mm_closed_R5_single_refY_005-raw03-20.jpg,dxy_raw_candidates/masks/GP_Is_14.0mm_closed_R5_single_refY_005-raw03-20.png,dxy_raw_candidates/ring_fit/json/GP_Is_14.0mm_closed_R5_single_refY_005-raw03-20.json,ellipse,A,ok,
205.24072612470405,392.7137758743755,12555.85,11.133981927419743,21.848679514632405,191.81640625,62083.0,1401.0,2560.0,0.6354816354816355,3.0,1016.7249450683594,1.0,GP_Is_14.0mm_closed_R5_single_refY,GP_Is_14.0mm_closed_R5_single_refY_005,4,412,GP_Is_14.0mm_closed_R5_single_refY_005-raw04-15,46.81261066385434,7.700108195216095,True,135.24188232421875,0.710550343649061,0.8012813329696655,11.895117507534945,321.7436164373594,dxy_raw_candidates/images/GP_Is_14.0mm_closed_R5_single_refY_005-raw04-15.jpg,dxy_raw_candidates/masks/GP_Is_14.0mm_closed_R5_single_refY_005-raw04-15.png,dxy_raw_candidates/ring_fit/json/GP_Is_14.0mm_closed_R5_single_refY_005-raw04-15.json,circle,A,ok,
250.74991094201968,796.4918338777414,10892.87559429477,12.606135738611265,32.57629491367242,184.6838351822504,70179.0,2143.0,2524.0,0.6319104268719384,5.0,1053.3300156593325,1.0,GP_Is_14.0mm_closed_R5_single_refY,GP_Is_14.0mm_closed_R5_single_refY_005,4,372,GP_Is_14.0mm_closed_R5_single_refY_005-raw04-06,46.44224923064504,7.637864026841648,True,133.73890686035156,0.6860110147344555,1.1308696269989014,13.734915221981598,367.3785095214844,dxy_raw_candidates/images/GP_Is_14.0mm_closed_R5_single_refY_005-raw04-06.jpg,dxy_raw_candidates/masks/GP_Is_14.0mm_closed_R5_single_refY_005-raw04-06.png,dxy_raw_candidates/ring_fit/json/GP_Is_14.0mm_closed_R5_single_refY_005-raw04-06.json,ellipse,A,ok,
231.2386642449734,828.5229295003422,11218.680884676143,12.879186183602588,36.33949349760438,190.969589257504,62766.0,1461.0,2532.0,0.6361111111111111,4.0,1020.5239105224608,1.0,GP_Is_14.0mm_closed_R5_single_refY,GP_Is_14.0mm_closed_R5_single_refY_005,4,404,GP_Is_14.0mm_closed_R5_single_refY_005-raw04-13,46.12877820636137,7.682575983607785,True,133.76913452148438,0.7283718526859246,0.7707429528236389,14.188591503250828,379.59912109375006,dxy_raw_candidates/images/GP_Is_14.0mm_closed_R5_single_refY_005-raw04-13.jpg,dxy_raw_candidates/masks/GP_Is_14.0mm_closed_R5_single_refY_005-raw04-13.png,dxy_raw_candidates/ring_fit/json/GP_Is_14.0mm_closed_R5_single_refY_005-raw04-13.json,ellipse,A,ok,
240.1906027045584,741.4630350194552,11653.17133443163,11.288829517299025,32.50486381322957,201.32207578253707,66998.0,2056.0,2428.0,0.6406829992576095,4.0,1002.3178863525392,1.0,GP_Is_14.0mm_closed_R5_single_refY,GP_Is_14.0mm_closed_R5_single_refY_005,5,525,GP_Is_14.0mm_closed_R5_single_refY_005-raw05-16,48.06153645727368,7.74387406303693,True,131.1981201171875,0.6317421409104996,0.9105159640312196,13.853527482496336,363.5113525390631,dxy_raw_candidates/images/GP_Is_14.0mm_closed_R5_single_refY_005-raw05-16.jpg,dxy_raw_candidates/masks/GP_Is_14.0mm_closed_R5_single_refY_005-raw05-16.png,dxy_raw_candidates/ring_fit/json/GP_Is_14.0mm_closed_R5_single_refY_005-raw05-16.json,ellipse,A,ok,
219.8685237598689,1064.5937046004842,11346.596534653463,10.305928794875614,43.8498789346247,169.21493399339934,67130.0,2065.0,2424.0,0.6302583025830258,5.0,992.317840576172,1.0,GP_Is_14.0mm_closed_R5_single_refY,GP_Is_14.0mm_closed_R5_single_refY_005,5,516,GP_Is_14.0mm_closed_R5_single_refY_005-raw05-14,47.49519853082232,7.741978618052583,True,130.57176208496094,0.6319722905241886,0.8255758881568909,13.899792115389808,362.9840698242192,dxy_raw_candidates/images/GP_Is_14.0mm_closed_R5_single_refY_005-raw05-14.jpg,dxy_raw_candidates/masks/GP_Is_14.0mm_closed_R5_single_refY_005-raw05-14.png,dxy_raw_candidates/ring_fit/json/GP_Is_14.0mm_closed_R5_single_refY_005-raw05-14.json,ellipse,A,ok,
200.7191139847484,960.6873156342184,9815.984060402683,8.247335612306454,33.97689282202557,171.95176174496643,64649.0,2034.0,2384.0,0.6341647770219199,3.0,979.7320556640624,1.0,GP_Is_14.0mm_closed_R5_single_refY,GP_Is_14.0mm_closed_R5_single_refY_005,5,561,GP_Is_14.0mm_closed_R5_single_refY_005-raw05-24,47.059356373821046,7.71926083143947,True,128.90431213378906,0.6312547850406861,0.9007468223571776,13.93388252877381,359.22750854492205,dxy_raw_candidates/images/GP_Is_14.0mm_closed_R5_single_refY_005-raw05-24.jpg,dxy_raw_candidates/masks/GP_Is_14.0mm_closed_R5_single_refY_005-raw05-24.png,dxy_raw_candidates/ring_fit/json/GP_Is_14.0mm_closed_R5_single_refY_005-raw05-24.json,ellipse,B,ok,
263.74826967444244,540.9116921558954,26837.339121552606,11.42087313174994,17.836704489393192,298.8843207354443,89723.0,2027.0,3916.0,0.6004489337822672,2.0,1213.3889465332031,1.0,GP_Is_18.0mm_closed_R10_single_refY,GP_Is_18.0mm_closed_R10_single_refY_004,1,55,GP_Is_18.0mm_closed_R10_single_refY_004-raw01-02,21.607690608253005,7.796744210559524,True,254.73971557617188,0.5940893893193445,0.7009380459785461,16.95173691264169,431.8280639648443,dxy_raw_candidates/images/GP_Is_18.0mm_closed_R10_single_refY_004-raw01-02.jpg,dxy_raw_candidates/masks/GP_Is_18.0mm_closed_R10_single_refY_004-raw01-02.png,dxy_raw_candidates/ring_fit/json/GP_Is_18.0mm_closed_R10_single_refY_004-raw01-02.json,ellipse,B,ok,
261.84194795271696,527.6310583580613,24397.59301130524,11.247584161085893,19.2566765578635,250.91932168550875,88996.0,2022.0,3892.0,0.6006768189509306,2.0,1207.9747314453125,1.0,GP_Is_18.0mm_closed_R10_single_refY,GP_Is_18.0mm_closed_R10_single_refY_004,1,48,GP_Is_18.0mm_closed_R10_single_refY_004-raw01-01,21.581662722428653,7.802875135406611,True,253.4082489013672,0.5890627568544375,0.6417003870010376,17.026411718705734,431.4633178710947,dxy_raw_candidates/images/GP_Is_18.0mm_closed_R10_single_refY_004-raw01-01.jpg,dxy_raw_candidates/masks/GP_Is_18.0mm_closed_R10_single_refY_004-raw01-01.png,dxy_raw_candidates/ring_fit/json/GP_Is_18.0mm_closed_R10_single_refY_004-raw01-01.json,ellipse,B,ok,
250.2831605369421,241.32239382239385,24075.298484848485,10.442824402488268,17.698841698841697,311.20631313131315,91630.0,2072.0,3960.0,0.5921633554083885,2.0,1223.4306030273438,1.0,GP_Is_18.0mm_closed_R10_single_refY,GP_Is_18.0mm_closed_R10_single_refY_004,1,63,GP_Is_18.0mm_closed_R10_single_refY_004-raw01-03,20.922542317697733,7.786281671783749,True,256.8211364746094,0.6084790951443894,0.5824386477470398,16.941437333306396,435.0919189453133,dxy_raw_candidates/images/GP_Is_18.0mm_closed_R10_single_refY_004-raw01-03.jpg,dxy_raw_candidates/masks/GP_Is_18.0mm_closed_R10_single_refY_004-raw01-03.png,dxy_raw_candidates/ring_fit/json/GP_Is_18.0mm_closed_R10_single_refY_004-raw01-03.json,ellipse,B,ok,
218.11760611694987,194.8122676579925,22922.387980769232,7.84063317192487,9.132434944237918,213.76514423076924,100573.0,2152.0,4160.0,0.588550026752274,8.0,1256.8569610118866,1.0,GP_Is_18.0mm_closed_R10_single_refY,GP_Is_18.0mm_closed_R10_single_refY_004,2,325,GP_Is_18.0mm_closed_R10_single_refY_004-raw02-15,22.53057767443128,7.814727352315065,True,268.96978759765625,0.6135335297492363,0.5761840343475342,16.90062587350779,454.57577514648455,dxy_raw_candidates/images/GP_Is_18.0mm_closed_R10_single_refY_004-raw02-15.jpg,dxy_raw_candidates/masks/GP_Is_18.0mm_closed_R10_single_refY_004-raw02-15.png,dxy_raw_candidates/ring_fit/json/GP_Is_18.0mm_closed_R10_single_refY_004-raw02-15.json,ellipse,B,ok,
191.82896623900152,155.80719557195573,14381.122748815164,7.728041784565293,10.147140221402214,130.48909952606635,103196.0,2168.0,4220.0,0.590572033898305,7.0,1274.0996062755585,1.0,GP_Is_18.0mm_closed_R10_single_refY,GP_Is_18.0mm_closed_R10_single_refY_004,2,332,GP_Is_18.0mm_closed_R10_single_refY_004-raw02-16,21.636898858298792,7.795490202244608,True,270.3978881835937,0.6321496104336919,0.7829910516738892,12.684010376964432,342.97296196299794,dxy_raw_candidates/images/GP_Is_18.0mm_closed_R10_single_refY_004-raw02-16.jpg,dxy_raw_candidates/masks/GP_Is_18.0mm_closed_R10_single_refY_004-raw02-16.png,dxy_raw_candidates/ring_fit/json/GP_Is_18.0mm_closed_R10_single_refY_004-raw02-16.json,circle,A,ok,
204.56864860421868,164.09788235294118,19891.395711500976,7.308263724069907,8.647058823529411,172.40253411306043,97329.0,2125.0,4104.0,0.5934782608695652,6.0,1248.7858855724337,1.0,GP_Is_18.0mm_closed_R10_single_refY,GP_Is_18.0mm_closed_R10_single_refY_004,2,296,GP_Is_18.0mm_closed_R10_single_refY_004-raw02-11,21.078351766533327,7.770416019567322,True,264.1240539550781,0.6112918220829668,0.7092794179916382,16.997013339507927,448.9320068359382,dxy_raw_candidates/images/GP_Is_18.0mm_closed_R10_single_refY_004-raw02-11.jpg,dxy_raw_candidates/masks/GP_Is_18.0mm_closed_R10_single_refY_004-raw02-11.png,dxy_raw_candidates/ring_fit/json/GP_Is_18.0mm_closed_R10_single_refY_004-raw02-11.json,ellipse,B,ok,
196.11879662513857,214.6262443438914,24944.92865497076,8.036604844316665,11.099547511312217,218.5288888888889,106434.0,2210.0,4275.0,0.5883891213389121,8.0,1291.7980830669403,1.0,GP_Is_18.0mm_closed_R10_single_refY,GP_Is_18.0mm_closed_R10_single_refY_004,3,405,GP_Is_18.0mm_closed_R10_single_refY_004-raw03-02,16.455613063500255,7.773600517568614,True,274.4659729003906,0.6295553889025356,0.7472600340843201,16.83133228467346,461.9627990722663,dxy_raw_candidates/images/GP_Is_18.0mm_closed_R10_single_refY_004-raw03-02.jpg,dxy_raw_candidates/masks/GP_Is_18.0mm_closed_R10_single_refY_004-raw03-02.png,dxy_raw_candidates/ring_fit/json/GP_Is_18.0mm_closed_R10_single_refY_004-raw03-02.json,ellipse,B,ok,
174.70440169789063,121.4945945945946,17624.487918215615,6.344881714237946,8.206306306306306,147.20934014869889,107663.0,2220.0,4304.0,0.5911227154046997,7.0,1300.626484632492,1.0,GP_Is_18.0mm_closed_R10_single_refY,GP_Is_18.0mm_closed_R10_single_refY_004,3,434,GP_Is_18.0mm_closed_R10_single_refY_004-raw03-06,15.584142791446636,7.738646247227637,True,275.10406494140625,0.6282946842402607,0.6812460422515869,16.899679520245467,464.9170532226562,dxy_raw_candidates/images/GP_Is_18.0mm_closed_R10_single_refY_004-raw03-06.jpg,dxy_raw_candidates/masks/GP_Is_18.0mm_closed_R10_single_refY_004-raw03-06.png,dxy_raw_candidates/ring_fit/json/GP_Is_18.0mm_closed_R10_single_refY_004-raw03-06.json,ellipse,A,ok,
196.4377147363085,176.94394213381554,23384.875350140057,7.366802470758312,9.386528028933093,174.18417366946778,106526.0,2212.0,4284.0,0.5903614457831325,6.0,1296.2122375965118,1.0,GP_Is_18.0mm_closed_R10_single_refY,GP_Is_18.0mm_closed_R10_single_refY_004,3,398,GP_Is_18.0mm_closed_R10_single_refY_004-raw03-01,15.56013561347561,7.778823407708431,True,275.03240966796875,0.6205256072110666,0.7554202675819397,16.851618383930692,463.4741210937502,dxy_raw_candidates/images/GP_Is_18.0mm_closed_R10_single_refY_004-raw03-01.jpg,dxy_raw_candidates/masks/GP_Is_18.0mm_closed_R10_single_refY_004-raw03-01.png,dxy_raw_candidates/ring_fit/json/GP_Is_18.0mm_closed_R10_single_refY_004-raw03-01.json,ellipse,A,ok,
173.73186502634044,233.93179049939096,17132.268599445746,6.635419066488504,9.811205846528624,160.61010445534,130218.0,2463.0,4691.0,0.5874225821819914,5.0,1444.2193894386292,1.0,GP_Is_18.0mm_closed_R10_single_refY,GP_Is_18.0mm_closed_R10_single_refY_004,4,675,GP_Is_18.0mm_closed_R10_single_refY_004-raw04-15,12.358500409613711,7.754863274063535,True,295.4107666015625,0.6610087788244603,0.9085254073143004,16.95111167125688,500.7540893554697,dxy_raw_candidates/images/GP_Is_18.0mm_closed_R10_single_refY_004-raw04-15.jpg,dxy_raw_candidates/masks/GP_Is_18.0mm_closed_R10_single_refY_004-raw04-15.png,dxy_raw_candidates/ring_fit/json/GP_Is_18.0mm_closed_R10_single_refY_004-raw04-15.json,ellipse,A,ok,
191.3475809356744,275.7767106842737,18845.74151718176,7.568531019468416,10.8203281312525,157.56235141560407,127694.0,2499.0,4627.0,0.5911521633446767,3.0,1427.5625915527344,1.0,GP_Is_18.0mm_closed_R10_single_refY,GP_Is_18.0mm_closed_R10_single_refY_004,4,726,GP_Is_18.0mm_closed_R10_single_refY_004-raw04-22,11.964317452747444,7.718049708383415,True,293.1953430175781,0.630103655285168,0.8822275996208191,17.064657803729926,500.3278198242188,dxy_raw_candidates/images/GP_Is_18.0mm_closed_R10_single_refY_004-raw04-22.jpg,dxy_raw_candidates/masks/GP_Is_18.0mm_closed_R10_single_refY_004-raw04-22.png,dxy_raw_candidates/ring_fit/json/GP_Is_18.0mm_closed_R10_single_refY_004-raw04-22.json,ellipse,A,ok,
168.04584247744452,194.10477515067225,17114.728777589135,7.165538892952938,9.338896615669912,182.4505517826825,131232.0,2157.0,4712.0,0.58329400660689,4.0,1439.5209641456604,1.0,GP_Is_18.0mm_closed_R10_single_refY,GP_Is_18.0mm_closed_R10_single_refY_004,4,661,GP_Is_18.0mm_closed_R10_single_refY_004-raw04-13,11.76453407710394,7.742986270100208,True,295.9798278808594,0.6728547415784204,1.0241584777832031,16.99019256976242,502.875427246094,dxy_raw_candidates/images/GP_Is_18.0mm_closed_R10_single_refY_004-raw04-13.jpg,dxy_raw_candidates/masks/GP_Is_18.0mm_closed_R10_single_refY_004-raw04-13.png,dxy_raw_candidates/ring_fit/json/GP_Is_18.0mm_closed_R10_single_refY_004-raw04-13.json,ellipse,A,ok,
194.6567433397903,224.03456591639872,18979.852430555555,7.814541490538071,10.107717041800644,149.88172743055554,127511.0,2488.0,4608.0,0.5890077821011673,6.0,1415.8346238136292,1.0,GP_Is_18.0mm_closed_R10_single_refY,GP_Is_18.0mm_closed_R10_single_refY_004,5,770,GP_Is_18.0mm_closed_R10_single_refY_004-raw05-04,12.125452417490209,7.699756804624885,True,291.8041687011719,0.6276107716013369,0.899249255657196,17.12340795531069,499.6681823730469,dxy_raw_candidates/images/GP_Is_18.0mm_closed_R10_single_refY_004-raw05-04.jpg,dxy_raw_candidates/masks/GP_Is_18.0mm_closed_R10_single_refY_004-raw05-04.png,dxy_raw_candidates/ring_fit/json/GP_Is_18.0mm_closed_R10_single_refY_004-raw05-04.json,ellipse,A,ok,
210.1196525057277,258.40849018822587,17977.74196350999,7.753290013840344,9.314377252703244,142.99109470026065,127887.0,2497.0,4604.0,0.5893813930832927,4.0,1418.0772705078125,1.0,GP_Is_18.0mm_closed_R10_single_refY,GP_Is_18.0mm_closed_R10_single_refY_004,5,800,GP_Is_18.0mm_closed_R10_single_refY_004-raw05-08,11.970867872784462,7.6953513964128755,True,289.8171691894531,0.6285577528087132,0.8895639777183533,19.17403242021312,555.696379797297,dxy_raw_candidates/images/GP_Is_18.0mm_closed_R10_single_refY_004-raw05-08.jpg,dxy_raw_candidates/masks/GP_Is_18.0mm_closed_R10_single_refY_004-raw05-08.png,dxy_raw_candidates/ring_fit/json/GP_Is_18.0mm_closed_R10_single_refY_004-raw05-08.json,circle,B,ok,
197.97320371604405,232.4625850340136,19096.96143847487,8.3723335031947,11.275710284113645,161.5593587521664,127555.0,2499.0,4616.0,0.5900922778047596,4.0,1424.7341293096542,1.0,GP_Is_18.0mm_closed_R10_single_refY,GP_Is_18.0mm_closed_R10_single_refY_004,5,763,GP_Is_18.0mm_closed_R10_single_refY_004-raw05-03,11.756630758298474,7.697882502310922,True,292.2741394042969,0.6258150527380806,0.86822110414505,17.093371064458136,499.5950317382822,dxy_raw_candidates/images/GP_Is_18.0mm_closed_R10_single_refY_004-raw05-03.jpg,dxy_raw_candidates/masks/GP_Is_18.0mm_closed_R10_single_refY_004-raw05-03.png,dxy_raw_candidates/ring_fit/json/GP_Is_18.0mm_closed_R10_single_refY_004-raw05-03.json,ellipse,A,ok,
297.38851903027256,180.0009573958832,31274.439581351093,15.189720341208847,9.874102441359502,381.1819695528068,87571.0,2089.0,4204.0,0.5571955719557196,4.0,1213.3006533384323,1.0,GP_Is_18.0mm_closed_R10_single_refY,GP_Is_18.0mm_closed_R10_single_refY_005,1,152,GP_Is_18.0mm_closed_R10_single_refY_005-raw01-19,22.33704629175634,7.583079648665738,True,260.5247802734375,0.7376049467476739,0.6989988088607788,16.248296215149427,423.30838012695415,dxy_raw_candidates/images/GP_Is_18.0mm_closed_R10_single_refY_005-raw01-19.jpg,dxy_raw_candidates/masks/GP_Is_18.0mm_closed_R10_single_refY_005-raw01-19.png,dxy_raw_candidates/ring_fit/json/GP_Is_18.0mm_closed_R10_single_refY_005-raw01-19.json,ellipse,A,ok,
250.6044402976148,234.07831620166425,29983.90126459144,11.261956027656163,14.119921683798337,357.0012159533074,83598.0,2043.0,4112.0,0.5572272971520688,5.0,1189.8153274059296,1.0,GP_Is_18.0mm_closed_R10_single_refY,GP_Is_18.0mm_closed_R10_single_refY_005,1,103,GP_Is_18.0mm_closed_R10_single_refY_005-raw01-11,21.455163498338067,7.562213963948706,True,255.1722869873047,0.7272920174520986,0.7861731648445129,16.224679215194477,414.0088500976569,dxy_raw_candidates/images/GP_Is_18.0mm_closed_R10_single_refY_005-raw01-11.jpg,dxy_raw_candidates/masks/GP_Is_18.0mm_closed_R10_single_refY_005-raw01-11.png,dxy_raw_candidates/ring_fit/json/GP_Is_18.0mm_closed_R10_single_refY_005-raw01-11.json,ellipse,A,ok,
277.2280741487278,184.80057388809183,29367.94087038789,12.88163154378376,10.9091343854615,356.4888836329234,88309.0,2091.0,4228.0,0.5602314571278275,2.0,1224.5432739257812,1.0,GP_Is_18.0mm_closed_R10_single_refY,GP_Is_18.0mm_closed_R10_single_refY_005,1,158,GP_Is_18.0mm_closed_R10_single_refY_005-raw01-20,21.067841796817312,7.559515498427576,True,260.5450439453125,0.7384856507226667,0.6550820469856262,16.317394706203427,425.14163208007886,dxy_raw_candidates/images/GP_Is_18.0mm_closed_R10_single_refY_005-raw01-20.jpg,dxy_raw_candidates/masks/GP_Is_18.0mm_closed_R10_single_refY_005-raw01-20.png,dxy_raw_candidates/ring_fit/json/GP_Is_18.0mm_closed_R10_single_refY_005-raw01-20.json,ellipse,A,ok,
184.9585173091908,191.972937581842,19947.849048442906,8.278579644540091,9.59755565255347,155.7076124567474,107804.0,2291.0,4624.0,0.568384539147671,5.0,1332.123924612999,1.0,GP_Is_18.0mm_closed_R10_single_refY,GP_Is_18.0mm_closed_R10_single_refY_005,2,331,GP_Is_18.0mm_closed_R10_single_refY_005-raw02-24,26.87844264150431,7.525889293031568,True,284.41851806640625,0.7229452088084487,0.7236177325248718,13.280025935366355,377.7085296420345,dxy_raw_candidates/images/GP_Is_18.0mm_closed_R10_single_refY_005-raw02-24.jpg,dxy_raw_candidates/masks/GP_Is_18.0mm_closed_R10_single_refY_005-raw02-24.png,dxy_raw_candidates/ring_fit/json/GP_Is_18.0mm_closed_R10_single_refY_005-raw02-24.json,circle,B,ok,
150.73418696447482,101.04953145917,9326.634683098591,4.761066718012901,4.463186077643909,114.55039612676056,103870.0,2241.0,4544.0,0.5709219858156028,3.0,1312.0528564453125,1.0,GP_Is_18.0mm_closed_R10_single_refY,GP_Is_18.0mm_closed_R10_single_refY_005,2,306,GP_Is_18.0mm_closed_R10_single_refY_005-raw02-20,25.82231661028334,7.538520652740458,True,280.68670654296875,0.7114538609194244,0.8394442796707153,16.399714184507122,460.31817626953153,dxy_raw_candidates/images/GP_Is_18.0mm_closed_R10_single_refY_005-raw02-20.jpg,dxy_raw_candidates/masks/GP_Is_18.0mm_closed_R10_single_refY_005-raw02-20.png,dxy_raw_candidates/ring_fit/json/GP_Is_18.0mm_closed_R10_single_refY_005-raw02-20.json,ellipse,B,ok,
166.0080584376309,160.75186649099692,13768.421006944443,6.148252919555204,7.760210803689064,128.00629340277777,107465.0,2277.0,4608.0,0.5690854870775348,5.0,1330.1239840984344,1.0,GP_Is_18.0mm_closed_R10_single_refY,GP_Is_18.0mm_closed_R10_single_refY_005,2,325,GP_Is_18.0mm_closed_R10_single_refY_005-raw02-23,24.150968647425863,7.523471991063504,True,284.6490478515625,0.7167998364401248,0.7465751767158508,16.330173103272305,464.83682250976574,dxy_raw_candidates/images/GP_Is_18.0mm_closed_R10_single_refY_005-raw02-23.jpg,dxy_raw_candidates/masks/GP_Is_18.0mm_closed_R10_single_refY_005-raw02-23.png,dxy_raw_candidates/ring_fit/json/GP_Is_18.0mm_closed_R10_single_refY_005-raw02-23.json,ellipse,B,ok,
197.4112159530993,205.9883765982177,18206.700668576887,9.501380062905191,10.904300658659434,228.4261700095511,140211.0,2581.0,5235.0,0.5089666951323655,9.0,1391.7636071443558,0.9975913886816584,GP_Is_18.0mm_closed_R10_single_refY,GP_Is_18.0mm_closed_R10_single_refY_005,3,473,GP_Is_18.0mm_closed_R10_single_refY_005-raw03-23,30.67787632977401,7.462031803839695,True,332.74560546875,0.7551839220255816,1.087486743927002,13.367096337816566,444.78425642858895,dxy_raw_candidates/images/GP_Is_18.0mm_closed_R10_single_refY_005-raw03-23.jpg,dxy_raw_candidates/masks/GP_Is_18.0mm_closed_R10_single_refY_005-raw03-23.png,dxy_raw_candidates/ring_fit/json/GP_Is_18.0mm_closed_R10_single_refY_005-raw03-23.json,circle,A,ok,
187.3869076130344,193.318235064428,18445.50376789752,8.83768778576094,10.24131198750488,227.2808967596081,137790.0,2561.0,5308.0,0.5205006473888649,14.0,1405.7340836524963,0.9968684759916492,GP_Is_18.0mm_closed_R10_single_refY,GP_Is_18.0mm_closed_R10_single_refY_005,3,467,GP_Is_18.0mm_closed_R10_single_refY_005-raw03-22,29.376814228194423,7.466396031839832,True,329.0494689941406,0.7550706308611063,1.0391688346862793,15.87411879829272,522.3370361328133,dxy_raw_candidates/images/GP_Is_18.0mm_closed_R10_single_refY_005-raw03-22.jpg,dxy_raw_candidates/masks/GP_Is_18.0mm_closed_R10_single_refY_005-raw03-22.png,dxy_raw_candidates/ring_fit/json/GP_Is_18.0mm_closed_R10_single_refY_005-raw03-22.json,ellipse,B,ok,
192.8246197403249,232.99567779960708,18105.195746214853,9.199312841459548,12.19803536345776,230.7229632299928,135631.0,2545.0,5548.0,0.5602620087336244,6.0,1491.1484344005585,0.991091362306275,GP_Is_18.0mm_closed_R10_single_refY,GP_Is_18.0mm_closed_R10_single_refY_005,3,460,GP_Is_18.0mm_closed_R10_single_refY_005-raw03-21,29.260644371805057,7.474425155840067,True,325.0423278808594,0.7563994863848638,0.9194295406341552,13.323634702645478,433.0745239582093,dxy_raw_candidates/images/GP_Is_18.0mm_closed_R10_single_refY_005-raw03-21.jpg,dxy_raw_candidates/masks/GP_Is_18.0mm_closed_R10_single_refY_005-raw03-21.png,dxy_raw_candidates/ring_fit/json/GP_Is_18.0mm_closed_R10_single_refY_005-raw03-21.json,circle,A,ok,
183.7787185101017,190.94952561669828,14828.413141845367,8.802697946401352,11.03908918406072,166.36022034231752,144332.0,2635.0,5083.0,0.4780242779405609,10.0,1336.2072755098343,0.9991995731056564,GP_Is_18.0mm_closed_R10_single_refY,GP_Is_18.0mm_closed_R10_single_refY_005,4,497,GP_Is_18.0mm_closed_R10_single_refY_005-raw04-03,21.91576591562226,7.375986157352868,True,339.6563415527344,0.7679281068162576,1.1851574182510376,15.697981438938264,533.1918945312506,dxy_raw_candidates/images/GP_Is_18.0mm_closed_R10_single_refY_005-raw04-03.jpg,dxy_raw_candidates/masks/GP_Is_18.0mm_closed_R10_single_refY_005-raw04-03.png,dxy_raw_candidates/ring_fit/json/GP_Is_18.0mm_closed_R10_single_refY_005-raw04-03.json,ellipse,B,ok,
145.10484953574226,201.29547198772065,13064.645760743322,6.415482716187493,8.77743668457406,153.44212156407278,143024.0,2606.0,5166.0,0.4798657718120805,10.0,1335.307762145996,0.998086623760654,GP_Is_18.0mm_closed_R10_single_refY,GP_Is_18.0mm_closed_R10_single_refY_005,4,516,GP_Is_18.0mm_closed_R10_single_refY_005-raw04-06,21.683068478732647,7.354521847162179,True,336.913330078125,0.7952834821436578,1.037096381187439,15.710965788057887,529.3233802398082,dxy_raw_candidates/images/GP_Is_18.0mm_closed_R10_single_refY_005-raw04-06.jpg,dxy_raw_candidates/masks/GP_Is_18.0mm_closed_R10_single_refY_005-raw04-06.png,dxy_raw_candidates/ring_fit/json/GP_Is_18.0mm_closed_R10_single_refY_005-raw04-06.json,circle,A,ok,
233.0111575482217,2758.224292101341,9357.04932582352,11.727865047520082,85.12183308494784,113.2505547021676,131839.0,2684.0,5859.0,0.5085205267234701,8.0,1520.3908675909042,1.0,GP_Is_18.0mm_closed_R10_single_refY,GP_Is_18.0mm_closed_R10_single_refY_005,4,577,GP_Is_18.0mm_closed_R10_single_refY_005-raw04-16,21.450076354498925,7.461875963413969,True,338.71044921875,0.892660556222726,0.8322996497154236,15.206921830182438,515.0743324335521,dxy_raw_candidates/images/GP_Is_18.0mm_closed_R10_single_refY_005-raw04-16.jpg,dxy_raw_candidates/masks/GP_Is_18.0mm_closed_R10_single_refY_005-raw04-16.png,dxy_raw_candidates/ring_fit/json/GP_Is_18.0mm_closed_R10_single_refY_005-raw04-16.json,circle,A,ok,
124.88031097897434,2008.049945711184,11009.920423497268,6.436605914859623,99.00325732899024,123.04132513661202,121423.0,2763.0,5856.0,0.4731420161883738,6.0,1486.692469716072,1.0,GP_Is_18.0mm_closed_R10_single_refY,GP_Is_18.0mm_closed_R10_single_refY_005,5,746,GP_Is_18.0mm_closed_R10_single_refY_005-raw05-19,20.83676091427156,7.327567722659417,True,335.30938720703125,0.9087466338639172,0.8428707122802734,15.067893554062628,505.24061541135165,dxy_raw_candidates/images/GP_Is_18.0mm_closed_R10_single_refY_005-raw05-19.jpg,dxy_raw_candidates/masks/GP_Is_18.0mm_closed_R10_single_refY_005-raw05-19.png,dxy_raw_candidates/ring_fit/json/GP_Is_18.0mm_closed_R10_single_refY_005-raw05-19.json,circle,A,ok,
144.75086127076017,1677.564770642202,8509.954169538249,7.250173088312577,62.42165137614679,76.97415575465196,119881.0,2725.0,5804.0,0.4804511278195488,3.0,1480.44985806942,1.0,GP_Is_18.0mm_closed_R10_single_refY,GP_Is_18.0mm_closed_R10_single_refY_005,5,753,GP_Is_18.0mm_closed_R10_single_refY_005-raw05-20,20.249454676299614,7.323869107603077,True,332.74822998046875,0.9097458933408732,0.8094523549079895,15.039916390180135,500.4505557886689,dxy_raw_candidates/images/GP_Is_18.0mm_closed_R10_single_refY_005-raw05-20.jpg,dxy_raw_candidates/masks/GP_Is_18.0mm_closed_R10_single_refY_005-raw05-20.png,dxy_raw_candidates/ring_fit/json/GP_Is_18.0mm_closed_R10_single_refY_005-raw05-20.json,circle,A,ok,
167.6630950468088,1839.265934065934,8483.037447988905,8.190102074471234,79.6076923076923,91.5884188626907,118247.0,2730.0,5768.0,0.472263868065967,4.0,1458.9645354747772,1.0,GP_Is_18.0mm_closed_R10_single_refY,GP_Is_18.0mm_closed_R10_single_refY_005,5,765,GP_Is_18.0mm_closed_R10_single_refY_005-raw05-22,19.27854801765607,7.304204299016896,True,329.85894775390625,0.9145512567409784,0.7707576155662537,15.05598268241294,496.6350605021777,dxy_raw_candidates/images/GP_Is_18.0mm_closed_R10_single_refY_005-raw05-22.jpg,dxy_raw_candidates/masks/GP_Is_18.0mm_closed_R10_single_refY_005-raw05-22.png,dxy_raw_candidates/ring_fit/json/GP_Is_18.0mm_closed_R10_single_refY_005-raw05-22.json,circle,A,ok,
220.03309942402976,487.68409586056646,19197.27034358047,10.340660814742154,28.95170660856936,336.22016274864376,119277.0,2754.0,2212.0,0.6486129458388376,4.0,1144.099609375,1.0,GP_Is_18.0mm_closed_R5_single_refY,GP_Is_18.0mm_closed_R5_single_refY_004,1,99,GP_Is_18.0mm_closed_R5_single_refY_004-raw01-08,21.99051924005084,7.767673754956704,True,119.50194549560548,0.4972408949882787,0.6525499820709229,19.54752489552209,467.19345092773455,dxy_raw_candidates/images/GP_Is_18.0mm_closed_R5_single_refY_004-raw01-08.jpg,dxy_raw_candidates/masks/GP_Is_18.0mm_closed_R5_single_refY_004-raw01-08.png,dxy_raw_candidates/ring_fit/json/GP_Is_18.0mm_closed_R5_single_refY_004-raw01-08.json,ellipse,B,ok,
286.92219228551016,706.7045871559633,23269.908679927667,11.734253815496125,41.2697247706422,290.8205244122965,116171.0,2725.0,2212.0,0.6898608349900597,5.0,1213.6975555419922,1.0,GP_Is_18.0mm_closed_R5_single_refY,GP_Is_18.0mm_closed_R5_single_refY_004,1,178,GP_Is_18.0mm_closed_R5_single_refY_004-raw01-19,21.70786891227885,7.770809539410298,True,120.40235137939452,0.5499555909238225,0.6372088193893433,18.99489505890392,457.4060058593751,dxy_raw_candidates/images/GP_Is_18.0mm_closed_R5_single_refY_004-raw01-19.jpg,dxy_raw_candidates/masks/GP_Is_18.0mm_closed_R5_single_refY_004-raw01-19.png,dxy_raw_candidates/ring_fit/json/GP_Is_18.0mm_closed_R5_single_refY_004-raw01-19.json,ellipse,A,ok,
252.508095698405,479.5231447465099,25095.08076225045,11.962076227300974,31.36480529022777,380.7731397459165,115864.0,2722.0,2204.0,0.6929708222811671,6.0,1217.940167427063,1.0,GP_Is_18.0mm_closed_R5_single_refY,GP_Is_18.0mm_closed_R5_single_refY_004,1,200,GP_Is_18.0mm_closed_R5_single_refY_004-raw01-22,21.104616653347005,7.766493517380306,True,119.65711975097656,0.5470889679596918,0.5939338803291321,19.00372475930103,454.7861938476568,dxy_raw_candidates/images/GP_Is_18.0mm_closed_R5_single_refY_004-raw01-22.jpg,dxy_raw_candidates/masks/GP_Is_18.0mm_closed_R5_single_refY_004-raw01-22.png,dxy_raw_candidates/ring_fit/json/GP_Is_18.0mm_closed_R5_single_refY_004-raw01-22.json,ellipse,B,ok,
194.75632633900497,382.16709417369,11994.107507774324,8.847583280927537,22.112495419567608,261.4469124833407,112901.0,2729.0,2251.0,0.6408404464871963,6.0,1136.927978515625,1.0,GP_Is_18.0mm_closed_R5_single_refY,GP_Is_18.0mm_closed_R5_single_refY_004,2,374,GP_Is_18.0mm_closed_R5_single_refY_004-raw02-22,24.202061601803628,7.742968455603982,True,118.95655059814452,0.5817950157965174,0.5085757374763489,18.85866181696067,448.6722717285167,dxy_raw_candidates/images/GP_Is_18.0mm_closed_R5_single_refY_004-raw02-22.jpg,dxy_raw_candidates/masks/GP_Is_18.0mm_closed_R5_single_refY_004-raw02-22.png,dxy_raw_candidates/ring_fit/json/GP_Is_18.0mm_closed_R5_single_refY_004-raw02-22.json,ellipse,A,ok,
200.73063299210088,742.2329169728141,19227.80705672175,10.178580284084871,48.53416605437179,323.213934792318,112924.0,2722.0,2239.0,0.6550131926121372,12.0,1156.2122565507889,1.0,GP_Is_18.0mm_closed_R5_single_refY,GP_Is_18.0mm_closed_R5_single_refY_004,2,324,GP_Is_18.0mm_closed_R5_single_refY_004-raw02-15,23.910050730376792,7.745744986700109,True,118.54354095458984,0.5850062688335758,0.6778302192687988,18.949969490412983,449.2792968750004,dxy_raw_candidates/images/GP_Is_18.0mm_closed_R5_single_refY_004-raw02-15.jpg,dxy_raw_candidates/masks/GP_Is_18.0mm_closed_R5_single_refY_004-raw02-15.png,dxy_raw_candidates/ring_fit/json/GP_Is_18.0mm_closed_R5_single_refY_004-raw02-15.json,ellipse,A,ok,
186.20665178415712,389.135469774217,14540.479717813052,9.08769053681677,24.68827385287691,368.6067019400353,114676.0,2746.0,2268.0,0.6482444733420026,15.0,1150.9989886283877,1.0,GP_Is_18.0mm_closed_R5_single_refY,GP_Is_18.0mm_closed_R5_single_refY_004,2,345,GP_Is_18.0mm_closed_R5_single_refY_004-raw02-18,23.04587324142338,7.754013399399062,True,120.03086853027344,0.5781781027356149,0.5245879888534546,18.787617066786943,451.0187988281252,dxy_raw_candidates/images/GP_Is_18.0mm_closed_R5_single_refY_004-raw02-18.jpg,dxy_raw_candidates/masks/GP_Is_18.0mm_closed_R5_single_refY_004-raw02-18.png,dxy_raw_candidates/ring_fit/json/GP_Is_18.0mm_closed_R5_single_refY_004-raw02-18.json,ellipse,A,ok,
234.78833105914453,539.8392523364486,22330.814981949457,11.907137815837764,29.75102803738318,299.05460288808666,106265.0,2675.0,2216.0,0.6717005909389363,6.0,1195.5260663032532,1.0,GP_Is_18.0mm_closed_R5_single_refY,GP_Is_18.0mm_closed_R5_single_refY_004,3,468,GP_Is_18.0mm_closed_R5_single_refY_004-raw03-11,25.8523312650033,7.700311056665075,True,117.427734375,0.6299633792883169,0.5571380257606506,18.469081092094537,433.7564697265634,dxy_raw_candidates/images/GP_Is_18.0mm_closed_R5_single_refY_004-raw03-11.jpg,dxy_raw_candidates/masks/GP_Is_18.0mm_closed_R5_single_refY_004-raw03-11.png,dxy_raw_candidates/ring_fit/json/GP_Is_18.0mm_closed_R5_single_refY_004-raw03-11.json,ellipse,A,ok,
243.3811342336359,608.4088724584103,20417.7868705036,10.564321821267804,30.41109057301293,354.91411870503595,108408.0,2705.0,2224.0,0.6720884840598569,7.0,1206.1828240156174,1.0,GP_Is_18.0mm_closed_R5_single_refY,GP_Is_18.0mm_closed_R5_single_refY_004,3,454,GP_Is_18.0mm_closed_R5_single_refY_004-raw03-09,25.42342329439587,7.716505718649227,True,117.98895263671876,0.6369823459812456,0.4901628196239471,18.51631886302584,436.94421386718847,dxy_raw_candidates/images/GP_Is_18.0mm_closed_R5_single_refY_004-raw03-09.jpg,dxy_raw_candidates/masks/GP_Is_18.0mm_closed_R5_single_refY_004-raw03-09.png,dxy_raw_candidates/ring_fit/json/GP_Is_18.0mm_closed_R5_single_refY_004-raw03-09.json,ellipse,B,ok,
230.3338003667309,486.26771066368383,21951.10849909584,11.49605529173915,35.132736763609245,291.27893309222424,106345.0,2682.0,2212.0,0.6725605762933857,7.0,1199.3545101881027,1.0,GP_Is_18.0mm_closed_R5_single_refY,GP_Is_18.0mm_closed_R5_single_refY_004,3,461,GP_Is_18.0mm_closed_R5_single_refY_004-raw03-10,24.70516985385917,7.697759279337384,True,117.28266143798828,0.630271419448898,0.5710096955299377,18.485374474230657,433.6027832031255,dxy_raw_candidates/images/GP_Is_18.0mm_closed_R5_single_refY_004-raw03-10.jpg,dxy_raw_candidates/masks/GP_Is_18.0mm_closed_R5_single_refY_004-raw03-10.png,dxy_raw_candidates/ring_fit/json/GP_Is_18.0mm_closed_R5_single_refY_004-raw03-10.json,ellipse,A,ok,
198.85316763709048,408.693690518153,18637.9220669208,8.915660033023377,17.62460345435319,276.00381194409147,115070.0,2837.0,2361.0,0.6296068796068796,15.0,1198.467037320137,0.9999418706039644,GP_Is_18.0mm_closed_R5_single_refY,GP_Is_18.0mm_closed_R5_single_refY_004,4,577,GP_Is_18.0mm_closed_R5_single_refY_004-raw04-02,16.380819167825912,7.606434206759297,True,123.13348388671876,0.6618813187378935,0.6436396241188049,18.17299108415257,447.5407409667976,dxy_raw_candidates/images/GP_Is_18.0mm_closed_R5_single_refY_004-raw04-02.jpg,dxy_raw_candidates/masks/GP_Is_18.0mm_closed_R5_single_refY_004-raw04-02.png,dxy_raw_candidates/ring_fit/json/GP_Is_18.0mm_closed_R5_single_refY_004-raw04-02.json,ellipse,B,ok,
261.8563662426412,208.69720830350752,18560.116438356163,12.595811433362485,10.94738725841088,364.0817636986301,110921.0,2794.0,2336.0,0.6154324828873677,11.0,1162.32501745224,1.0,GP_Is_18.0mm_closed_R5_single_refY,GP_Is_18.0mm_closed_R5_single_refY_004,4,700,GP_Is_18.0mm_closed_R5_single_refY_004-raw04-19,16.036744499672785,7.459303735892258,True,121.00579071044922,0.6698577575137734,0.5660362839698792,18.11292111060257,438.3536682128905,dxy_raw_candidates/images/GP_Is_18.0mm_closed_R5_single_refY_004-raw04-19.jpg,dxy_raw_candidates/masks/GP_Is_18.0mm_closed_R5_single_refY_004-raw04-19.png,dxy_raw_candidates/ring_fit/json/GP_Is_18.0mm_closed_R5_single_refY_004-raw04-19.json,ellipse,A,ok,
291.5551389461976,265.6051594410605,21075.67451820129,13.292468739348056,16.364027230383375,315.14047109207706,111482.0,2791.0,2335.0,0.622360248447205,15.0,1171.324891448021,1.0,GP_Is_18.0mm_closed_R5_single_refY,GP_Is_18.0mm_closed_R5_single_refY_004,4,708,GP_Is_18.0mm_closed_R5_single_refY_004-raw04-20,15.712216661569803,7.466862505165815,True,121.9736328125,0.6696503435351272,0.5893956422805786,18.06292208429076,440.6400451660158,dxy_raw_candidates/images/GP_Is_18.0mm_closed_R5_single_refY_004-raw04-20.jpg,dxy_raw_candidates/masks/GP_Is_18.0mm_closed_R5_single_refY_004-raw04-20.png,dxy_raw_candidates/ring_fit/json/GP_Is_18.0mm_closed_R5_single_refY_004-raw04-20.json,ellipse,B,ok,
216.26900076489807,251.45160154875043,17776.362646566165,9.08434740282317,13.120732136571627,402.0757956448911,115048.0,2841.0,2388.0,0.6188449848024317,14.0,1190.8101840019226,1.0,GP_Is_18.0mm_closed_R5_single_refY,GP_Is_18.0mm_closed_R5_single_refY_004,5,744,GP_Is_18.0mm_closed_R5_single_refY_004-raw05-01,14.69115016087661,7.449973907843058,True,124.25519561767578,0.6718832004927436,0.737495481967926,17.955351273030214,446.20913696289085,dxy_raw_candidates/images/GP_Is_18.0mm_closed_R5_single_refY_004-raw05-01.jpg,dxy_raw_candidates/masks/GP_Is_18.0mm_closed_R5_single_refY_004-raw05-01.png,dxy_raw_candidates/ring_fit/json/GP_Is_18.0mm_closed_R5_single_refY_004-raw05-01.json,ellipse,B,ok,
218.1759829824591,333.7582037996545,17494.642156862745,9.904630864551857,20.97651122625216,246.2557189542484,118466.0,2895.0,2448.0,0.6375519904931669,8.0,1260.9229546785357,1.0,GP_Is_18.0mm_closed_R5_single_refY,GP_Is_18.0mm_closed_R5_single_refY_004,5,751,GP_Is_18.0mm_closed_R5_single_refY_004-raw05-02,13.79468745568828,7.469797007727786,True,126.80348205566406,0.6839791959522231,0.7060368657112122,17.79989706616922,451.41778564453136,dxy_raw_candidates/images/GP_Is_18.0mm_closed_R5_single_refY_004-raw05-02.jpg,dxy_raw_candidates/masks/GP_Is_18.0mm_closed_R5_single_refY_004-raw05-02.png,dxy_raw_candidates/ring_fit/json/GP_Is_18.0mm_closed_R5_single_refY_004-raw05-02.json,ellipse,A,ok,
191.9403424695702,2273.442916093535,12259.928233438486,9.399635399667243,120.03232462173315,125.83951104100946,125617.0,2908.0,2536.0,0.6483126110124334,10.0,1275.1239857673645,1.0,GP_Is_18.0mm_closed_R5_single_refY,GP_Is_18.0mm_closed_R5_single_refY_004,5,891,GP_Is_18.0mm_closed_R5_single_refY_004-raw05-21,13.643405865646878,7.356948566656932,True,133.7806396484375,0.6615315084413158,0.6068077087402344,17.703862058833995,473.6867980957033,dxy_raw_candidates/images/GP_Is_18.0mm_closed_R5_single_refY_004-raw05-21.jpg,dxy_raw_candidates/masks/GP_Is_18.0mm_closed_R5_single_refY_004-raw05-21.png,dxy_raw_candidates/ring_fit/json/GP_Is_18.0mm_closed_R5_single_refY_004-raw05-21.json,ellipse,A,ok,
192.8106553959834,208.29027962716376,13109.411643835616,9.33216888773882,11.778428761651131,99.12876712328767,139122.0,3755.0,2920.0,1.0,1.0,1549.47427213192,1.0,GP_Is_18.0mm_closed_R5_single_refY,GP_Is_18.0mm_closed_R5_single_refY_005,1,88,GP_Is_18.0mm_closed_R5_single_refY_005-raw01-07,70.14939386189305,7.016621121136696,True,149.73934936523438,0.8487266067830461,0.8258868455886841,15.731925820305468,471.1376673189352,dxy_raw_candidates/images/GP_Is_18.0mm_closed_R5_single_refY_005-raw01-07.jpg,dxy_raw_candidates/masks/GP_Is_18.0mm_closed_R5_single_refY_005-raw01-07.png,dxy_raw_candidates/ring_fit/json/GP_Is_18.0mm_closed_R5_single_refY_005-raw01-07.json,circle,B,ok,
217.57684204612488,222.07663847780128,13940.63581081081,10.046728840697773,10.545718816067652,122.45439189189187,142396.0,3784.0,2960.0,1.0,1.0,1564.06005859375,1.0,GP_Is_18.0mm_closed_R5_single_refY,GP_Is_18.0mm_closed_R5_single_refY_005,1,81,GP_Is_18.0mm_closed_R5_single_refY_005-raw01-06,64.88932355061166,7.011617537104288,True,151.55653381347656,0.8582471813766486,0.7948223948478699,15.462178769140904,468.6788438910646,dxy_raw_candidates/images/GP_Is_18.0mm_closed_R5_single_refY_005-raw01-06.jpg,dxy_raw_candidates/masks/GP_Is_18.0mm_closed_R5_single_refY_005-raw01-06.png,dxy_raw_candidates/ring_fit/json/GP_Is_18.0mm_closed_R5_single_refY_005-raw01-06.json,circle,B,ok,
198.9061614654296,275.78922091782283,15833.3489010989,8.48509555425795,10.514941302027747,117.34821428571428,138717.0,3748.0,2912.0,1.0,1.0,1545.4742431640625,1.0,GP_Is_18.0mm_closed_R5_single_refY,GP_Is_18.0mm_closed_R5_single_refY_005,1,95,GP_Is_18.0mm_closed_R5_single_refY_005-raw01-08,62.56030112541928,7.036338616926679,True,149.18399047851562,0.8528666794940076,0.7978859543800354,15.79081741427267,471.1474309557669,dxy_raw_candidates/images/GP_Is_18.0mm_closed_R5_single_refY_005-raw01-08.jpg,dxy_raw_candidates/masks/GP_Is_18.0mm_closed_R5_single_refY_005-raw01-08.png,dxy_raw_candidates/ring_fit/json/GP_Is_18.0mm_closed_R5_single_refY_005-raw01-08.json,circle,B,ok,
616.6929550888253,428.9025974025974,44434.037800687285,32.76300751557257,13.96883116883117,488.72680412371136,93273.0,3080.0,2328.0,1.0,1.0,1265.36669921875,1.0,GP_Is_18.0mm_closed_R5_single_refY,GP_Is_18.0mm_closed_R5_single_refY_005,2,361,GP_Is_18.0mm_closed_R5_single_refY_005-raw02-22,67.81324409314851,6.87879563390549,True,117.25668334960938,0.9255893587391956,0.6864542961120605,16.151040297859623,378.7634835945818,dxy_raw_candidates/images/GP_Is_18.0mm_closed_R5_single_refY_005-raw02-22.jpg,dxy_raw_candidates/masks/GP_Is_18.0mm_closed_R5_single_refY_005-raw02-22.png,dxy_raw_candidates/ring_fit/json/GP_Is_18.0mm_closed_R5_single_refY_005-raw02-22.json,circle,A,ok,
717.380355563045,479.1507115135834,40862.21598639456,39.54510890171462,15.440168175937904,453.4213435374149,94948.0,3092.0,2352.0,1.0,1.0,1274.2955322265625,1.0,GP_Is_18.0mm_closed_R5_single_refY,GP_Is_18.0mm_closed_R5_single_refY_005,2,340,GP_Is_18.0mm_closed_R5_single_refY_005-raw02-19,62.019204792371205,6.864323526616749,True,119.2591781616211,0.925586937765842,0.6491647362709045,16.01997517566839,382.1058147239568,dxy_raw_candidates/images/GP_Is_18.0mm_closed_R5_single_refY_005-raw02-19.jpg,dxy_raw_candidates/masks/GP_Is_18.0mm_closed_R5_single_refY_005-raw02-19.png,dxy_raw_candidates/ring_fit/json/GP_Is_18.0mm_closed_R5_single_refY_005-raw02-19.json,circle,B,ok,
687.1919110555267,386.7681818181818,24275.00769230769,33.43590422994987,12.333441558441558,237.5901709401709,94351.0,3080.0,2340.0,1.0,1.0,1270.052978515625,1.0,GP_Is_18.0mm_closed_R5_single_refY,GP_Is_18.0mm_closed_R5_single_refY_005,2,347,GP_Is_18.0mm_closed_R5_single_refY_005-raw02-20,61.884154090616455,6.867370597414308,True,118.13497924804688,0.9187247189849784,0.8311750292778015,16.154503595720215,381.6823894085816,dxy_raw_candidates/images/GP_Is_18.0mm_closed_R5_single_refY_005-raw02-20.jpg,dxy_raw_candidates/masks/GP_Is_18.0mm_closed_R5_single_refY_005-raw02-20.png,dxy_raw_candidates/ring_fit/json/GP_Is_18.0mm_closed_R5_single_refY_005-raw02-20.json,circle,B,ok,
498.1393325989167,420.8495276653171,55329.385918003565,30.424802625539336,17.309379217273953,742.6559714795009,87144.0,2964.0,2244.0,1.0,1.0,1222.01123046875,1.0,GP_Is_18.0mm_closed_R5_single_refY,GP_Is_18.0mm_closed_R5_single_refY_005,3,522,GP_Is_18.0mm_closed_R5_single_refY_005-raw03-21,90.44329727381832,6.846164431253996,True,112.53988647460938,0.9008152097431136,0.6699682474136353,16.51394981426368,371.69560746892654,dxy_raw_candidates/images/GP_Is_18.0mm_closed_R5_single_refY_005-raw03-21.jpg,dxy_raw_candidates/masks/GP_Is_18.0mm_closed_R5_single_refY_005-raw03-21.png,dxy_raw_candidates/ring_fit/json/GP_Is_18.0mm_closed_R5_single_refY_005-raw03-21.json,circle,B,ok,
469.4621829632914,470.88657718120805,49159.80728241563,24.219251276104725,15.640604026845638,682.5643872113677,87963.0,2980.0,2252.0,1.0,1.0,1225.91064453125,1.0,GP_Is_18.0mm_closed_R5_single_refY,GP_Is_18.0mm_closed_R5_single_refY_005,3,515,GP_Is_18.0mm_closed_R5_single_refY_005-raw03-20,86.25410575854923,6.847125142374422,True,112.98526763916016,0.9126586211218336,0.6411463022232056,16.09619384939766,363.7265540092004,dxy_raw_candidates/images/GP_Is_18.0mm_closed_R5_single_refY_005-raw03-20.jpg,dxy_raw_candidates/masks/GP_Is_18.0mm_closed_R5_single_refY_005-raw03-20.png,dxy_raw_candidates/ring_fit/json/GP_Is_18.0mm_closed_R5_single_refY_005-raw03-20.json,circle,A,ok,
462.45519326279424,458.4194630872484,48928.68561278864,23.5139392424053,13.61241610738255,680.1145648312611,87989.0,2980.0,2252.0,1.0,1.0,1225.9107666015625,1.0,GP_Is_18.0mm_closed_R5_single_refY,GP_Is_18.0mm_closed_R5_single_refY_005,3,508,GP_Is_18.0mm_closed_R5_single_refY_005-raw03-19,84.25072578401803,6.844608218831618,True,112.91568756103516,0.9124481495337016,0.6489059925079346,16.120884769386777,364.060157565506,dxy_raw_candidates/images/GP_Is_18.0mm_closed_R5_single_refY_005-raw03-19.jpg,dxy_raw_candidates/masks/GP_Is_18.0mm_closed_R5_single_refY_005-raw03-19.png,dxy_raw_candidates/ring_fit/json/GP_Is_18.0mm_closed_R5_single_refY_005-raw03-19.json,circle,A,ok,
526.9379329358652,292.96828609986505,22618.082300884955,28.120067546610606,11.20715249662618,239.68584070796464,87051.0,2964.0,2260.0,1.0,1.0,1222.01123046875,1.0,GP_Is_18.0mm_closed_R5_single_refY,GP_Is_18.0mm_closed_R5_single_refY_005,4,564,GP_Is_18.0mm_closed_R5_single_refY_005-raw04-03,88.0292491179996,6.819909165471563,True,112.3915786743164,0.9006449763374206,0.7435998916625977,16.47874659682132,370.41446891815406,dxy_raw_candidates/images/GP_Is_18.0mm_closed_R5_single_refY_005-raw04-03.jpg,dxy_raw_candidates/masks/GP_Is_18.0mm_closed_R5_single_refY_005-raw04-03.png,dxy_raw_candidates/ring_fit/json/GP_Is_18.0mm_closed_R5_single_refY_005-raw04-03.json,circle,A,ok,
518.8776284039986,291.582995951417,22753.69203539823,26.93755027002183,11.577935222672064,239.0734513274336,87030.0,2964.0,2260.0,1.0,1.0,1221.425537109375,1.0,GP_Is_18.0mm_closed_R5_single_refY,GP_Is_18.0mm_closed_R5_single_refY_005,4,557,GP_Is_18.0mm_closed_R5_single_refY_005-raw04-02,86.6719908615854,6.819524835857491,True,112.40101623535156,0.900888384154863,0.73541259765625,16.49938169780149,370.9094540175698,dxy_raw_candidates/images/GP_Is_18.0mm_closed_R5_single_refY_005-raw04-02.jpg,dxy_raw_candidates/masks/GP_Is_18.0mm_closed_R5_single_refY_005-raw04-02.png,dxy_raw_candidates/ring_fit/json/GP_Is_18.0mm_closed_R5_single_refY_005-raw04-02.json,circle,A,ok,
412.0544061302682,458.5202976995941,51722.70124113475,22.5973992801579,17.485115020297698,750.9086879432624,86130.0,2956.0,2256.0,1.0,1.0,1217.425537109375,1.0,GP_Is_18.0mm_closed_R5_single_refY,GP_Is_18.0mm_closed_R5_single_refY_005,4,578,GP_Is_18.0mm_closed_R5_single_refY_005-raw04-05,85.68791561584004,6.813838108555718,True,111.37940216064452,0.924756095211913,0.6843588948249817,16.580467237421132,369.3445056896245,dxy_raw_candidates/images/GP_Is_18.0mm_closed_R5_single_refY_005-raw04-05.jpg,dxy_raw_candidates/masks/GP_Is_18.0mm_closed_R5_single_refY_005-raw04-05.png,dxy_raw_candidates/ring_fit/json/GP_Is_18.0mm_closed_R5_single_refY_005-raw04-05.json,circle,A,ok,
414.3320390387239,421.3349184782609,60496.34066901408,26.3556161891769,15.768342391304348,1047.900968309859,85761.0,2944.0,2272.0,1.0,1.0,1212.5970458984375,1.0,GP_Is_18.0mm_closed_R5_single_refY,GP_Is_18.0mm_closed_R5_single_refY_005,5,718,GP_Is_18.0mm_closed_R5_single_refY_005-raw05-01,77.86879553874334,6.866778523501736,True,111.53626251220705,0.9332021338233644,0.7501353025436401,16.513368012965,368.36786993095,dxy_raw_candidates/images/GP_Is_18.0mm_closed_R5_single_refY_005-raw05-01.jpg,dxy_raw_candidates/masks/GP_Is_18.0mm_closed_R5_single_refY_005-raw05-01.png,dxy_raw_candidates/ring_fit/json/GP_Is_18.0mm_closed_R5_single_refY_005-raw05-01.json,circle,B,ok,
223.6929452697327,148.50339673913044,10425.102272727272,14.825573248785815,10.168478260869565,229.34484265734267,84213.0,2944.0,2288.0,1.0,1.0,1215.5260009765625,1.0,GP_Is_18.0mm_closed_R5_single_refY,GP_Is_18.0mm_closed_R5_single_refY_005,5,860,GP_Is_18.0mm_closed_R5_single_refY_005-raw05-21,75.72642573509215,6.682767342463245,True,109.17485809326172,0.9450836955813132,0.7969784140586853,16.224865429000488,354.26947615867965,dxy_raw_candidates/images/GP_Is_18.0mm_closed_R5_single_refY_005-raw05-21.jpg,dxy_raw_candidates/masks/GP_Is_18.0mm_closed_R5_single_refY_005-raw05-21.png,dxy_raw_candidates/ring_fit/json/GP_Is_18.0mm_closed_R5_single_refY_005-raw05-21.json,circle,B,ok,
217.679066617558,139.7798913043478,10677.421465968586,13.917010229662456,9.783967391304348,224.82460732984293,84167.0,2944.0,2292.0,1.0,1.0,1217.2833251953125,1.0,GP_Is_18.0mm_closed_R5_single_refY,GP_Is_18.0mm_closed_R5_single_refY_005,5,853,GP_Is_18.0mm_closed_R5_single_refY_005-raw05-20,72.67199976458963,6.680159988076098,True,109.22747039794922,0.944941398961454,0.7976541519165039,16.90488259379075,369.29551261881767,dxy_raw_candidates/images/GP_Is_18.0mm_closed_R5_single_refY_005-raw05-20.jpg,dxy_raw_candidates/masks/GP_Is_18.0mm_closed_R5_single_refY_005-raw05-20.png,dxy_raw_candidates/ring_fit/json/GP_Is_18.0mm_closed_R5_single_refY_005-raw05-20.json,circle,B,ok,
487.30830470124863,266.72178988326846,15513.642980935876,16.275538422860972,20.04961089494164,275.22746967071055,11933.0,1028.0,4616.0,1.0,1.0,423.8893737792969,1.0,GP_Is_4.8mm_closed_R10_single_refY,GP_Is_4.8mm_closed_R10_single_refY_004,1,45,GP_Is_4.8mm_closed_R10_single_refY_004-raw01-01,23.20345457842321,7.858139600135559,True,295.1936950683594,0.6096889901687944,1.08234965801239,4.993969237996396,147.41882324218784,dxy_raw_candidates/images/GP_Is_4.8mm_closed_R10_single_refY_004-raw01-01.jpg,dxy_raw_candidates/masks/GP_Is_4.8mm_closed_R10_single_refY_004-raw01-01.png,dxy_raw_candidates/ring_fit/json/GP_Is_4.8mm_closed_R10_single_refY_004-raw01-01.json,ellipse,B,ok,
442.4249363867684,190.0665322580645,8005.854751131222,12.20656125045438,9.050403225806452,101.46764705882352,11004.0,992.0,4420.0,1.0,1.0,407.0609436035156,1.0,GP_Is_4.8mm_closed_R10_single_refY,GP_Is_4.8mm_closed_R10_single_refY_004,1,180,GP_Is_4.8mm_closed_R10_single_refY_004-raw01-21,22.73866861281101,7.751501835384409,True,283.0310974121094,0.5729017289624448,1.0766319036483765,5.054411823216323,143.05557250976568,dxy_raw_candidates/images/GP_Is_4.8mm_closed_R10_single_refY_004-raw01-21.jpg,dxy_raw_candidates/masks/GP_Is_4.8mm_closed_R10_single_refY_004-raw01-21.png,dxy_raw_candidates/ring_fit/json/GP_Is_4.8mm_closed_R10_single_refY_004-raw01-21.json,ellipse,B,ok,
410.01601126066686,139.74302788844622,6519.493212669683,9.53928037300959,8.102589641434262,74.08371040723982,11367.0,1004.0,4420.0,1.0,1.0,412.4751586914063,1.0,GP_Is_4.8mm_closed_R10_single_refY,GP_Is_4.8mm_closed_R10_single_refY_004,1,193,GP_Is_4.8mm_closed_R10_single_refY_004-raw01-23,21.62330836116531,7.728512231461807,True,281.42828369140625,0.5907855294765868,1.0572668313980105,5.0390496822652135,141.8131103515626,dxy_raw_candidates/images/GP_Is_4.8mm_closed_R10_single_refY_004-raw01-23.jpg,dxy_raw_candidates/masks/GP_Is_4.8mm_closed_R10_single_refY_004-raw01-23.png,dxy_raw_candidates/ring_fit/json/GP_Is_4.8mm_closed_R10_single_refY_004-raw01-23.json,ellipse,B,ok,
506.293242346697,314.05026178010473,15690.911320754716,14.980949673016775,13.961256544502618,276.24693396226417,10551.0,955.0,4240.0,1.0,1.0,393.7472534179688,1.0,GP_Is_4.8mm_closed_R10_single_refY,GP_Is_4.8mm_closed_R10_single_refY_004,2,281,GP_Is_4.8mm_closed_R10_single_refY_004-raw02-12,27.85266161032665,7.757329949106133,True,268.3162841796875,0.6316421875825837,0.952681839466095,4.965631990580729,133.2359924316407,dxy_raw_candidates/images/GP_Is_4.8mm_closed_R10_single_refY_004-raw02-12.jpg,dxy_raw_candidates/masks/GP_Is_4.8mm_closed_R10_single_refY_004-raw02-12.png,dxy_raw_candidates/ring_fit/json/GP_Is_4.8mm_closed_R10_single_refY_004-raw02-12.json,ellipse,B,ok,
465.6796338672769,215.281512605042,12355.387604070303,14.631292906178489,11.832983193277313,158.53492136910268,10488.0,952.0,4324.0,1.0,1.0,395.261962890625,1.0,GP_Is_4.8mm_closed_R10_single_refY,GP_Is_4.8mm_closed_R10_single_refY_004,2,261,GP_Is_4.8mm_closed_R10_single_refY_004-raw02-09,26.772803615692524,7.7486782200270845,True,272.227783203125,0.6319006008350817,0.9466968774795532,4.9500036994022665,134.75285339355494,dxy_raw_candidates/images/GP_Is_4.8mm_closed_R10_single_refY_004-raw02-09.jpg,dxy_raw_candidates/masks/GP_Is_4.8mm_closed_R10_single_refY_004-raw02-09.png,dxy_raw_candidates/ring_fit/json/GP_Is_4.8mm_closed_R10_single_refY_004-raw02-09.json,ellipse,B,ok,
466.2103550579003,209.5252100840336,12300.894079555968,14.992630873767824,11.620798319327733,160.33395004625348,10449.0,952.0,4324.0,1.0,1.0,394.0903930664063,1.0,GP_Is_4.8mm_closed_R10_single_refY,GP_Is_4.8mm_closed_R10_single_refY_004,2,254,GP_Is_4.8mm_closed_R10_single_refY_004-raw02-08,26.457632160775457,7.747496608474459,True,272.18328857421875,0.6315345946658008,0.9553558230400084,4.929639321073379,134.17654418945324,dxy_raw_candidates/images/GP_Is_4.8mm_closed_R10_single_refY_004-raw02-08.jpg,dxy_raw_candidates/masks/GP_Is_4.8mm_closed_R10_single_refY_004-raw02-08.png,dxy_raw_candidates/ring_fit/json/GP_Is_4.8mm_closed_R10_single_refY_004-raw02-08.json,ellipse,A,ok,
1340.8772629131374,626.124513618677,10540.209775086503,51.05779770802192,22.09922178988327,289.1122404844291,12042.0,1028.0,4624.0,1.0,1.0,425.646728515625,1.0,GP_Is_4.8mm_closed_R10_single_refY,GP_Is_4.8mm_closed_R10_single_refY_004,3,423,GP_Is_4.8mm_closed_R10_single_refY_004-raw03-09,18.71450911908562,7.617766740634293,True,291.3860778808594,0.6200456572611074,1.5348379611968994,5.045948220904618,147.03190612792986,dxy_raw_candidates/images/GP_Is_4.8mm_closed_R10_single_refY_004-raw03-09.jpg,dxy_raw_candidates/masks/GP_Is_4.8mm_closed_R10_single_refY_004-raw03-09.png,dxy_raw_candidates/ring_fit/json/GP_Is_4.8mm_closed_R10_single_refY_004-raw03-09.json,ellipse,B,ok,
1257.730281124498,1037.1178707224335,11343.92456943536,48.800963855421685,27.71007604562737,241.9138870721605,12450.0,1052.0,4587.0,1.0,1.0,432.3746337890625,1.0,GP_Is_4.8mm_closed_R10_single_refY,GP_Is_4.8mm_closed_R10_single_refY_004,3,450,GP_Is_4.8mm_closed_R10_single_refY_004-raw03-13,18.09513740089204,7.696313468527219,True,289.68414306640625,0.6377676314097482,1.427998661994934,5.110165848992401,148.03340148925798,dxy_raw_candidates/images/GP_Is_4.8mm_closed_R10_single_refY_004-raw03-13.jpg,dxy_raw_candidates/masks/GP_Is_4.8mm_closed_R10_single_refY_004-raw03-13.png,dxy_raw_candidates/ring_fit/json/GP_Is_4.8mm_closed_R10_single_refY_004-raw03-13.json,ellipse,B,ok,
943.3005919052952,315.83015267175574,9388.701731601732,32.58494640857463,14.3206106870229,240.81991341991343,12502.0,1048.0,4620.0,1.0,1.0,435.0609436035156,1.0,GP_Is_4.8mm_closed_R10_single_refY,GP_Is_4.8mm_closed_R10_single_refY_004,3,416,GP_Is_4.8mm_closed_R10_single_refY_004-raw03-08,17.053936486062884,7.6186606346092445,True,292.2368469238281,0.6198509010995769,1.44467294216156,5.118923661058664,149.59381103515656,dxy_raw_candidates/images/GP_Is_4.8mm_closed_R10_single_refY_004-raw03-08.jpg,dxy_raw_candidates/masks/GP_Is_4.8mm_closed_R10_single_refY_004-raw03-08.png,dxy_raw_candidates/ring_fit/json/GP_Is_4.8mm_closed_R10_single_refY_004-raw03-08.json,ellipse,B,ok,
582.4624390243903,375.953531598513,13126.581463009144,18.92953095684803,12.279739776951672,223.25145469659185,13325.0,1076.0,4812.0,1.0,1.0,443.7888793945313,1.0,GP_Is_4.8mm_closed_R10_single_refY,GP_Is_4.8mm_closed_R10_single_refY_004,4,578,GP_Is_4.8mm_closed_R10_single_refY_004-raw04-08,15.964044004340227,7.690852077278263,True,297.596435546875,0.6945239752904818,1.4567279815673828,5.073030280034947,150.97157287597682,dxy_raw_candidates/images/GP_Is_4.8mm_closed_R10_single_refY_004-raw04-08.jpg,dxy_raw_candidates/masks/GP_Is_4.8mm_closed_R10_single_refY_004-raw04-08.png,dxy_raw_candidates/ring_fit/json/GP_Is_4.8mm_closed_R10_single_refY_004-raw04-08.json,ellipse,A,ok,
589.146254628311,347.68817204301075,11550.88758116883,21.299416120763315,12.876344086021506,203.99655032467533,14044.0,1116.0,4928.0,1.0,1.0,455.0020751953125,1.0,GP_Is_4.8mm_closed_R10_single_refY,GP_Is_4.8mm_closed_R10_single_refY_004,4,612,GP_Is_4.8mm_closed_R10_single_refY_004-raw04-13,15.766602408090051,7.680827975192301,True,301.9828491210937,0.7179223680002674,1.530333161354065,5.038763567703454,152.16201782226562,dxy_raw_candidates/images/GP_Is_4.8mm_closed_R10_single_refY_004-raw04-13.jpg,dxy_raw_candidates/masks/GP_Is_4.8mm_closed_R10_single_refY_004-raw04-13.png,dxy_raw_candidates/ring_fit/json/GP_Is_4.8mm_closed_R10_single_refY_004-raw04-13.json,ellipse,B,ok,
587.7208475540386,339.33870967741933,11574.963068181818,21.18195392491468,12.0,205.5068993506493,14064.0,1116.0,4928.0,1.0,1.0,455.0020751953125,1.0,GP_Is_4.8mm_closed_R10_single_refY,GP_Is_4.8mm_closed_R10_single_refY_004,4,605,GP_Is_4.8mm_closed_R10_single_refY_004-raw04-12,15.588582731077404,7.68141177078174,True,301.9371643066406,0.7182463463932515,1.5167278051376345,5.054557985711769,152.61589050293003,dxy_raw_candidates/images/GP_Is_4.8mm_closed_R10_single_refY_004-raw04-12.jpg,dxy_raw_candidates/masks/GP_Is_4.8mm_closed_R10_single_refY_004-raw04-12.png,dxy_raw_candidates/ring_fit/json/GP_Is_4.8mm_closed_R10_single_refY_004-raw04-12.json,ellipse,B,ok,
585.7562174236783,806.3951985226223,11783.611759799833,21.751005212211467,25.76269621421976,223.319224353628,13430.0,1083.0,4796.0,1.0,1.0,444.2741088867188,1.0,GP_Is_4.8mm_closed_R10_single_refY,GP_Is_4.8mm_closed_R10_single_refY_004,5,802,GP_Is_4.8mm_closed_R10_single_refY_004-raw05-17,15.413394629837558,7.701770696050787,True,293.5547180175781,0.7227587967886197,1.6048601865768433,5.008959164071943,147.04035949707054,dxy_raw_candidates/images/GP_Is_4.8mm_closed_R10_single_refY_004-raw05-17.jpg,dxy_raw_candidates/masks/GP_Is_4.8mm_closed_R10_single_refY_004-raw05-17.png,dxy_raw_candidates/ring_fit/json/GP_Is_4.8mm_closed_R10_single_refY_004-raw05-17.json,ellipse,B,ok,
736.231474407945,550.2205323193916,14102.216597510373,28.071428571428573,20.87072243346008,236.4834024896265,13090.0,1052.0,4820.0,1.0,1.0,437.06097412109375,1.0,GP_Is_4.8mm_closed_R10_single_refY,GP_Is_4.8mm_closed_R10_single_refY_004,5,842,GP_Is_4.8mm_closed_R10_single_refY_004-raw05-23,15.220885390175708,7.7019889890961775,True,292.0228881835937,0.7551091517195484,1.4858351945877075,4.878036966430996,142.44984436035188,dxy_raw_candidates/images/GP_Is_4.8mm_closed_R10_single_refY_004-raw05-23.jpg,dxy_raw_candidates/masks/GP_Is_4.8mm_closed_R10_single_refY_004-raw05-23.png,dxy_raw_candidates/ring_fit/json/GP_Is_4.8mm_closed_R10_single_refY_004-raw05-23.json,ellipse,B,ok,
692.8378547906539,684.8853383458646,10174.945515507125,24.9558569860436,31.49248120300752,179.44761106454317,12754.0,1064.0,4772.0,1.0,1.0,434.274169921875,1.0,GP_Is_4.8mm_closed_R10_single_refY,GP_Is_4.8mm_closed_R10_single_refY_004,5,747,GP_Is_4.8mm_closed_R10_single_refY_004-raw05-09,14.1761592716535,7.684514843951273,True,294.4171447753906,0.6920740073169246,1.5697842836380005,5.008159659831743,147.4488067626957,dxy_raw_candidates/images/GP_Is_4.8mm_closed_R10_single_refY_004-raw05-09.jpg,dxy_raw_candidates/masks/GP_Is_4.8mm_closed_R10_single_refY_004-raw05-09.png,dxy_raw_candidates/ring_fit/json/GP_Is_4.8mm_closed_R10_single_refY_004-raw05-09.json,ellipse,B,ok,
378.8313286713287,837.8099041533546,13407.77473099618,16.756419580419582,36.03594249201278,262.29260673377297,17875.0,1252.0,5762.0,1.0,1.0,510.11474609375,0.9999267466349236,GP_Is_4.8mm_closed_R10_single_refY,GP_Is_4.8mm_closed_R10_single_refY_005,1,79,GP_Is_4.8mm_closed_R10_single_refY_005-raw01-06,37.02976816078,7.430425017740577,True,343.11962890625,0.7625509730709288,1.5199207067489624,4.965994547529632,170.39302062988295,dxy_raw_candidates/images/GP_Is_4.8mm_closed_R10_single_refY_005-raw01-06.jpg,dxy_raw_candidates/masks/GP_Is_4.8mm_closed_R10_single_refY_005-raw01-06.png,dxy_raw_candidates/ring_fit/json/GP_Is_4.8mm_closed_R10_single_refY_005-raw01-06.json,ellipse,A,ok,
394.1436265709156,1205.9633466135458,13649.040299268832,15.866921005385995,46.40557768924303,300.79119197415406,17824.0,1255.0,5881.0,1.0,1.0,510.9431762695313,0.9996351629909338,GP_Is_4.8mm_closed_R10_single_refY,GP_Is_4.8mm_closed_R10_single_refY_005,1,86,GP_Is_4.8mm_closed_R10_single_refY_005-raw01-07,36.82560654227999,7.412402633214031,True,342.3432312011719,0.768174204063741,1.4753199815750122,4.969528618673205,170.12844848632855,dxy_raw_candidates/images/GP_Is_4.8mm_closed_R10_single_refY_005-raw01-07.jpg,dxy_raw_candidates/masks/GP_Is_4.8mm_closed_R10_single_refY_005-raw01-07.png,dxy_raw_candidates/ring_fit/json/GP_Is_4.8mm_closed_R10_single_refY_005-raw01-07.json,ellipse,A,ok,
369.07010061242346,862.878164556962,10948.31855329508,13.922900262467191,31.65664556962025,190.2131803164667,18288.0,1264.0,5751.0,1.0,1.0,515.5289916992188,1.0,GP_Is_4.8mm_closed_R10_single_refY,GP_Is_4.8mm_closed_R10_single_refY_005,1,99,GP_Is_4.8mm_closed_R10_single_refY_005-raw01-09,35.40641362259006,7.404700406960848,True,340.9530944824219,0.7795080614530949,1.8195666074752808,5.0106065410941705,170.83818054199253,dxy_raw_candidates/images/GP_Is_4.8mm_closed_R10_single_refY_005-raw01-09.jpg,dxy_raw_candidates/masks/GP_Is_4.8mm_closed_R10_single_refY_005-raw01-09.png,dxy_raw_candidates/ring_fit/json/GP_Is_4.8mm_closed_R10_single_refY_005-raw01-09.json,ellipse,A,ok,
428.8022280785817,1310.0966666666666,14133.93662225423,20.07660517489219,48.73583333333333,258.835433921498,16696.0,1200.0,5554.0,1.0,1.0,490.5584106445313,1.0,GP_Is_4.8mm_closed_R10_single_refY,GP_Is_4.8mm_closed_R10_single_refY_005,2,235,GP_Is_4.8mm_closed_R10_single_refY_005-raw02-05,30.94614899020608,7.26519728685585,True,315.6539611816406,0.8455373609897473,1.4448508024215698,4.680844463937974,147.7527096717177,dxy_raw_candidates/images/GP_Is_4.8mm_closed_R10_single_refY_005-raw02-05.jpg,dxy_raw_candidates/masks/GP_Is_4.8mm_closed_R10_single_refY_005-raw02-05.png,dxy_raw_candidates/ring_fit/json/GP_Is_4.8mm_closed_R10_single_refY_005-raw02-05.json,circle,A,ok,
376.7193004372267,958.0901360544218,12338.68285662889,17.3369768894441,51.19132653061224,238.8069796726029,16010.0,1176.0,5559.0,1.0,1.0,480.9015502929688,1.0,GP_Is_4.8mm_closed_R10_single_refY,GP_Is_4.8mm_closed_R10_single_refY_005,2,296,GP_Is_4.8mm_closed_R10_single_refY_005-raw02-14,30.360575742891104,7.310220033100824,True,311.82672119140625,0.8219895729445431,2.180046319961548,4.60880987593626,143.71500722077784,dxy_raw_candidates/images/GP_Is_4.8mm_closed_R10_single_refY_005-raw02-14.jpg,dxy_raw_candidates/masks/GP_Is_4.8mm_closed_R10_single_refY_005-raw02-14.png,dxy_raw_candidates/ring_fit/json/GP_Is_4.8mm_closed_R10_single_refY_005-raw02-14.json,circle,B,ok,
360.6244276698428,1138.928813559322,13039.575913346796,14.762467516396486,60.38135593220339,246.91665136772536,16162.0,1180.0,5447.0,1.0,1.0,481.7300109863281,1.0,GP_Is_4.8mm_closed_R10_single_refY,GP_Is_4.8mm_closed_R10_single_refY_005,2,249,GP_Is_4.8mm_closed_R10_single_refY_005-raw02-07,30.335192981178377,7.213742379969037,True,310.9765930175781,0.8577519765864774,1.253838300704956,4.668416964796896,145.17684024980016,dxy_raw_candidates/images/GP_Is_4.8mm_closed_R10_single_refY_005-raw02-07.jpg,dxy_raw_candidates/masks/GP_Is_4.8mm_closed_R10_single_refY_005-raw02-07.png,dxy_raw_candidates/ring_fit/json/GP_Is_4.8mm_closed_R10_single_refY_005-raw02-07.json,circle,B,ok,
194.29798393705948,1258.7709677419357,11482.638466413182,8.224553351909522,41.700806451612905,213.3881495564005,18303.0,1240.0,6312.0,1.0,1.0,511.7300109863281,0.9915182513982926,GP_Is_4.8mm_closed_R10_single_refY,GP_Is_4.8mm_closed_R10_single_refY_005,3,480,GP_Is_4.8mm_closed_R10_single_refY_005-raw03-17,30.094835726409485,7.245311862606332,True,329.8173217773437,0.8721855319028318,2.132865190505981,4.683933057066223,154.48422562659496,dxy_raw_candidates/images/GP_Is_4.8mm_closed_R10_single_refY_005-raw03-17.jpg,dxy_raw_candidates/masks/GP_Is_4.8mm_closed_R10_single_refY_005-raw03-17.png,dxy_raw_candidates/ring_fit/json/GP_Is_4.8mm_closed_R10_single_refY_005-raw03-17.json,circle,A,ok,
191.5547301480105,1866.0631067961165,8137.516018864856,8.088131014688502,77.95307443365695,158.2224751992194,17769.0,1236.0,6149.0,1.0,1.0,503.87213134765625,0.9854581417922748,GP_Is_4.8mm_closed_R10_single_refY,GP_Is_4.8mm_closed_R10_single_refY_005,3,453,GP_Is_4.8mm_closed_R10_single_refY_005-raw03-13,29.80760620388455,7.196318027202203,True,325.1992492675781,0.8666689260075678,2.5793848037719727,4.704179841001744,152.97957527134434,dxy_raw_candidates/images/GP_Is_4.8mm_closed_R10_single_refY_005-raw03-13.jpg,dxy_raw_candidates/masks/GP_Is_4.8mm_closed_R10_single_refY_005-raw03-13.png,dxy_raw_candidates/ring_fit/json/GP_Is_4.8mm_closed_R10_single_refY_005-raw03-13.json,circle,A,ok,
174.2606348520838,1193.2675159235669,11684.265786082477,8.384042323472253,33.51194267515923,205.0517074742268,18524.0,1256.0,6208.0,1.0,1.0,516.2152709960938,0.9962240859746578,GP_Is_4.8mm_closed_R10_single_refY,GP_Is_4.8mm_closed_R10_single_refY_005,3,486,GP_Is_4.8mm_closed_R10_single_refY_005-raw03-18,29.50736105918883,7.2621156969939165,True,332.95074462890625,0.8663407037246338,2.135580062866211,4.668751364046673,155.4464243146565,dxy_raw_candidates/images/GP_Is_4.8mm_closed_R10_single_refY_005-raw03-18.jpg,dxy_raw_candidates/masks/GP_Is_4.8mm_closed_R10_single_refY_005-raw03-18.png,dxy_raw_candidates/ring_fit/json/GP_Is_4.8mm_closed_R10_single_refY_005-raw03-18.json,circle,A,ok,
176.51599061347636,2427.8543165467627,9110.386531523793,8.381897418706,108.70413669064747,193.3111149287064,14915.0,1112.0,5821.0,0.89,2.0,411.1614627838135,0.9727151920438958,GP_Is_4.8mm_closed_R10_single_refY,GP_Is_4.8mm_closed_R10_single_refY_005,4,690,GP_Is_4.8mm_closed_R10_single_refY_005-raw04-24,47.10275111160163,6.991668446810143,True,287.0113220214844,0.9597369995337014,1.031737208366394,4.845691706061598,139.07683826652843,dxy_raw_candidates/images/GP_Is_4.8mm_closed_R10_single_refY_005-raw04-24.jpg,dxy_raw_candidates/masks/GP_Is_4.8mm_closed_R10_single_refY_005-raw04-24.png,dxy_raw_candidates/ring_fit/json/GP_Is_4.8mm_closed_R10_single_refY_005-raw04-24.json,circle,B,ok,
333.66160388821385,2162.156064461408,11796.27477128237,13.753159173754556,92.32824427480917,255.40595441153667,16460.0,1179.0,6449.0,0.9639423076923076,3.0,465.1025695800781,0.973970991767934,GP_Is_4.8mm_closed_R10_single_refY,GP_Is_4.8mm_closed_R10_single_refY_005,4,683,GP_Is_4.8mm_closed_R10_single_refY_005-raw04-23,41.00546296590172,7.004474764031071,True,300.4761962890625,0.933302423869549,2.368613004684448,4.869312497501637,146.31124977920877,dxy_raw_candidates/images/GP_Is_4.8mm_closed_R10_single_refY_005-raw04-23.jpg,dxy_raw_candidates/masks/GP_Is_4.8mm_closed_R10_single_refY_005-raw04-23.png,dxy_raw_candidates/ring_fit/json/GP_Is_4.8mm_closed_R10_single_refY_005-raw04-23.json,circle,B,ok,
333.9632169954476,2304.098305084746,11786.309028855105,13.748952959028832,95.45593220338984,256.22665218740303,16475.0,1180.0,6446.0,0.966346153846154,2.0,467.5167541503906,0.9739715019305776,GP_Is_4.8mm_closed_R10_single_refY,GP_Is_4.8mm_closed_R10_single_refY_005,4,677,GP_Is_4.8mm_closed_R10_single_refY_005-raw04-22,41.00376705579288,7.004554623893172,True,300.4594116210937,0.9332950065933908,2.3731002807617188,4.871130981291041,146.35771485679888,dxy_raw_candidates/images/GP_Is_4.8mm_closed_R10_single_refY_005-raw04-22.jpg,dxy_raw_candidates/masks/GP_Is_4.8mm_closed_R10_single_refY_005-raw04-22.png,dxy_raw_candidates/ring_fit/json/GP_Is_4.8mm_closed_R10_single_refY_005-raw04-22.json,circle,B,ok,
227.1673727292309,2255.873605947955,11614.661395532714,9.78466288504344,157.64126394052045,234.8118205178889,13927.0,1076.0,5059.0,1.0,1.0,447.8893737792969,1.0,GP_Is_4.8mm_closed_R10_single_refY,GP_Is_4.8mm_closed_R10_single_refY_005,5,731,GP_Is_4.8mm_closed_R10_single_refY_005-raw05-06,72.5477274002452,6.963844906250548,True,278.1162414550781,0.9613332524025596,0.9504295587539672,4.842385488799903,134.67460518216407,dxy_raw_candidates/images/GP_Is_4.8mm_closed_R10_single_refY_005-raw05-06.jpg,dxy_raw_candidates/masks/GP_Is_4.8mm_closed_R10_single_refY_005-raw05-06.png,dxy_raw_candidates/ring_fit/json/GP_Is_4.8mm_closed_R10_single_refY_005-raw05-06.json,circle,B,ok,
215.13034468467225,2144.4598540145985,13009.077807589114,10.035366443323891,76.19525547445255,311.4616711383672,14477.0,1096.0,5218.0,1.0,1.0,455.5462341308594,0.9984714437908194,GP_Is_4.8mm_closed_R10_single_refY,GP_Is_4.8mm_closed_R10_single_refY_005,5,745,GP_Is_4.8mm_closed_R10_single_refY_005-raw05-08,71.46161336135751,6.955927545716236,True,280.6284484863281,0.9591540628325924,1.2035446166992188,4.8933082931587535,137.32015142744254,dxy_raw_candidates/images/GP_Is_4.8mm_closed_R10_single_refY_005-raw05-08.jpg,dxy_raw_candidates/masks/GP_Is_4.8mm_closed_R10_single_refY_005-raw05-08.png,dxy_raw_candidates/ring_fit/json/GP_Is_4.8mm_closed_R10_single_refY_005-raw05-08.json,circle,B,ok,
215.648592803705,1716.9503676470588,11589.939024390244,10.593231207695048,78.97242647058823,278.01809598741147,14035.0,1088.0,5084.0,1.0,1.0,448.6173095703125,1.0,GP_Is_4.8mm_closed_R10_single_refY,GP_Is_4.8mm_closed_R10_single_refY_005,5,738,GP_Is_4.8mm_closed_R10_single_refY_005-raw05-07,68.6560632205115,6.960734392151155,True,278.06298828125,0.9582870318531715,0.9604073166847228,4.866902780778643,135.33055308976353,dxy_raw_candidates/images/GP_Is_4.8mm_closed_R10_single_refY_005-raw05-07.jpg,dxy_raw_candidates/masks/GP_Is_4.8mm_closed_R10_single_refY_005-raw05-07.png,dxy_raw_candidates/ring_fit/json/GP_Is_4.8mm_closed_R10_single_refY_005-raw05-07.json,circle,A,ok,
645.6257233526227,,8168.27269465375,17.638323688631697,,92.329745245784,10714.0,0.0,2787.0,0.9316939890710384,13.0,385.9898955821991,1.0,GP_Is_4.8mm_closed_R5_single_refY,GP_Is_4.8mm_closed_R5_single_refY_004,1,160,GP_Is_4.8mm_closed_R5_single_refY_004-raw01-17,19.53769964983433,7.629132017626357,False,146.91380310058594,0.7273810498344371,1.0911197662353516,,,dxy_raw_candidates/images/GP_Is_4.8mm_closed_R5_single_refY_004-raw01-17.jpg,dxy_raw_candidates/masks/GP_Is_4.8mm_closed_R5_single_refY_004-raw01-17.png,dxy_raw_candidates/ring_fit/json/GP_Is_4.8mm_closed_R5_single_refY_004-raw01-17.json,none,none,ok,
617.262155118181,,8039.182203389831,13.845870405320392,,68.93961864406779,11127.0,0.0,2832.0,0.9573333333333334,8.0,413.9604799747467,1.0,GP_Is_4.8mm_closed_R5_single_refY,GP_Is_4.8mm_closed_R5_single_refY_004,1,153,GP_Is_4.8mm_closed_R5_single_refY_004-raw01-16,16.22146786789954,7.6850176583035665,False,150.32716369628906,0.714248853868308,1.1159169673919678,,,dxy_raw_candidates/images/GP_Is_4.8mm_closed_R5_single_refY_004-raw01-16.jpg,dxy_raw_candidates/masks/GP_Is_4.8mm_closed_R5_single_refY_004-raw01-16.png,dxy_raw_candidates/ring_fit/json/GP_Is_4.8mm_closed_R5_single_refY_004-raw01-16.json,none,none,ok,
553.4219704346286,,6144.096027633852,12.18350004425954,,79.08911917098446,11297.0,0.0,2895.0,0.9023746701846964,9.0,392.2325516939163,1.0,GP_Is_4.8mm_closed_R5_single_refY,GP_Is_4.8mm_closed_R5_single_refY_004,1,196,GP_Is_4.8mm_closed_R5_single_refY_004-raw01-22,15.896641674831766,7.737013868093219,False,154.6527862548828,0.6965413227436383,1.0991973876953125,,,dxy_raw_candidates/images/GP_Is_4.8mm_closed_R5_single_refY_004-raw01-22.jpg,dxy_raw_candidates/masks/GP_Is_4.8mm_closed_R5_single_refY_004-raw01-22.png,dxy_raw_candidates/ring_fit/json/GP_Is_4.8mm_closed_R5_single_refY_004-raw01-22.json,none,none,ok,
492.2252081444234,,6063.720632783575,11.442832412826643,,68.29485021878156,12131.0,0.0,2971.0,0.9128205128205128,8.0,409.71780824661255,1.0,GP_Is_4.8mm_closed_R5_single_refY,GP_Is_4.8mm_closed_R5_single_refY_004,2,259,GP_Is_4.8mm_closed_R5_single_refY_004-raw02-07,14.0354142581092,7.731424304360301,False,159.166259765625,0.6893909548456705,1.2996593713760376,,,dxy_raw_candidates/images/GP_Is_4.8mm_closed_R5_single_refY_004-raw02-07.jpg,dxy_raw_candidates/masks/GP_Is_4.8mm_closed_R5_single_refY_004-raw02-07.png,dxy_raw_candidates/ring_fit/json/GP_Is_4.8mm_closed_R5_single_refY_004-raw02-07.json,none,none,ok,
494.393837027272,,6060.940820443847,11.39309549312021,,66.32212508406187,12137.0,0.0,2974.0,0.9104859335038364,10.0,407.30360984802246,1.0,GP_Is_4.8mm_closed_R5_single_refY,GP_Is_4.8mm_closed_R5_single_refY_004,2,252,GP_Is_4.8mm_closed_R5_single_refY_004-raw02-06,13.793623871862154,7.73017935291274,False,159.35186767578125,0.6890548453426428,1.2934845685958862,,,dxy_raw_candidates/images/GP_Is_4.8mm_closed_R5_single_refY_004-raw02-06.jpg,dxy_raw_candidates/masks/GP_Is_4.8mm_closed_R5_single_refY_004-raw02-06.png,dxy_raw_candidates/ring_fit/json/GP_Is_4.8mm_closed_R5_single_refY_004-raw02-06.json,none,none,ok,
498.0567662565905,,6529.051724137931,12.12108963093146,,74.14137931034483,11380.0,0.0,2900.0,0.7473684210526316,20.0,316.19090378284454,1.0,GP_Is_4.8mm_closed_R5_single_refY,GP_Is_4.8mm_closed_R5_single_refY_004,2,217,GP_Is_4.8mm_closed_R5_single_refY_004-raw02-01,13.50196277674804,7.67960639246943,False,155.1622772216797,0.6812966790911527,1.396041750907898,,,dxy_raw_candidates/images/GP_Is_4.8mm_closed_R5_single_refY_004-raw02-01.jpg,dxy_raw_candidates/masks/GP_Is_4.8mm_closed_R5_single_refY_004-raw02-01.png,dxy_raw_candidates/ring_fit/json/GP_Is_4.8mm_closed_R5_single_refY_004-raw02-01.json,none,none,ok,
705.3452461882101,,9170.995562130178,15.729047295328735,,96.1560650887574,10297.0,0.0,2704.0,0.9078212290502792,17.0,363.9188423156738,1.0,GP_Is_4.8mm_closed_R5_single_refY,GP_Is_4.8mm_closed_R5_single_refY_004,3,451,GP_Is_4.8mm_closed_R5_single_refY_004-raw03-10,12.857812217312098,7.691931718142122,False,142.1036376953125,0.7591844136070806,0.7104218006134033,,,dxy_raw_candidates/images/GP_Is_4.8mm_closed_R5_single_refY_004-raw03-10.jpg,dxy_raw_candidates/masks/GP_Is_4.8mm_closed_R5_single_refY_004-raw03-10.png,dxy_raw_candidates/ring_fit/json/GP_Is_4.8mm_closed_R5_single_refY_004-raw03-10.json,none,none,ok,
569.9639800995025,,7887.415165165165,13.050348258706467,,91.768018018018,10050.0,0.0,2664.0,0.9350282485875706,10.0,376.0903887748718,1.0,GP_Is_4.8mm_closed_R5_single_refY,GP_Is_4.8mm_closed_R5_single_refY_004,3,458,GP_Is_4.8mm_closed_R5_single_refY_004-raw03-11,12.719596264478904,7.698432574086762,False,140.99179077148438,0.7559844601876007,0.9000990986824036,,,dxy_raw_candidates/images/GP_Is_4.8mm_closed_R5_single_refY_004-raw03-11.jpg,dxy_raw_candidates/masks/GP_Is_4.8mm_closed_R5_single_refY_004-raw03-11.png,dxy_raw_candidates/ring_fit/json/GP_Is_4.8mm_closed_R5_single_refY_004-raw03-11.json,none,none,ok,
726.400858000858,,5816.905817174516,15.866666666666667,,67.22783933518005,11655.0,0.0,2888.0,0.9312169312169312,9.0,403.8893951177597,1.0,GP_Is_4.8mm_closed_R5_single_refY,GP_Is_4.8mm_closed_R5_single_refY_004,3,429,GP_Is_4.8mm_closed_R5_single_refY_004-raw03-07,11.811836665117006,7.641121458443173,False,148.88121032714844,0.7737211907821798,0.8858412504196167,,,dxy_raw_candidates/images/GP_Is_4.8mm_closed_R5_single_refY_004-raw03-07.jpg,dxy_raw_candidates/masks/GP_Is_4.8mm_closed_R5_single_refY_004-raw03-07.png,dxy_raw_candidates/ring_fit/json/GP_Is_4.8mm_closed_R5_single_refY_004-raw03-07.json,none,none,ok,
839.7655122655123,,9292.144492131616,24.135551948051948,,135.11552217453504,11088.0,0.0,2796.0,0.9648648648648648,3.0,415.7178039550781,1.0,GP_Is_4.8mm_closed_R5_single_refY,GP_Is_4.8mm_closed_R5_single_refY_004,4,599,GP_Is_4.8mm_closed_R5_single_refY_004-raw04-07,11.089278237603034,7.668019727435422,False,147.306396484375,0.7634158648040047,0.8556577563285828,,,dxy_raw_candidates/images/GP_Is_4.8mm_closed_R5_single_refY_004-raw04-07.jpg,dxy_raw_candidates/masks/GP_Is_4.8mm_closed_R5_single_refY_004-raw04-07.png,dxy_raw_candidates/ring_fit/json/GP_Is_4.8mm_closed_R5_single_refY_004-raw04-07.json,none,none,ok,
815.0430656280777,,8567.172389127325,23.011907959530845,,121.30078683834049,11169.0,0.0,2796.0,0.9568733153638814,4.0,411.47518491745,1.0,GP_Is_4.8mm_closed_R5_single_refY,GP_Is_4.8mm_closed_R5_single_refY_004,4,578,GP_Is_4.8mm_closed_R5_single_refY_004-raw04-04,10.7282289948593,7.655976463516549,False,147.53697204589844,0.7709623215990631,0.8991424441337585,,,dxy_raw_candidates/images/GP_Is_4.8mm_closed_R5_single_refY_004-raw04-04.jpg,dxy_raw_candidates/masks/GP_Is_4.8mm_closed_R5_single_refY_004-raw04-04.png,dxy_raw_candidates/ring_fit/json/GP_Is_4.8mm_closed_R5_single_refY_004-raw04-04.json,none,none,ok,
872.9767851895386,,8649.851173020528,27.334116955627387,,140.52529325513197,10209.0,0.0,2728.0,0.8067226890756303,5.0,331.877201795578,1.0,GP_Is_4.8mm_closed_R5_single_refY,GP_Is_4.8mm_closed_R5_single_refY_004,4,635,GP_Is_4.8mm_closed_R5_single_refY_004-raw04-12,10.316443003035175,7.698053540650339,False,143.77517700195312,0.7504322499910947,0.7552797794342041,,,dxy_raw_candidates/images/GP_Is_4.8mm_closed_R5_single_refY_004-raw04-12.jpg,dxy_raw_candidates/masks/GP_Is_4.8mm_closed_R5_single_refY_004-raw04-12.png,dxy_raw_candidates/ring_fit/json/GP_Is_4.8mm_closed_R5_single_refY_004-raw04-12.json,none,none,ok,
707.2777670465521,,8426.528803545052,22.06190844118215,,150.9032496307238,10354.0,0.0,2708.0,0.9915014164305948,2.0,411.7888488769531,1.0,GP_Is_4.8mm_closed_R5_single_refY,GP_Is_4.8mm_closed_R5_single_refY_004,5,891,GP_Is_4.8mm_closed_R5_single_refY_004-raw05-24,12.261948366499537,7.628991318293687,False,137.4628143310547,0.8202730152760922,0.5534295439720154,,,dxy_raw_candidates/images/GP_Is_4.8mm_closed_R5_single_refY_004-raw05-24.jpg,dxy_raw_candidates/masks/GP_Is_4.8mm_closed_R5_single_refY_004-raw05-24.png,dxy_raw_candidates/ring_fit/json/GP_Is_4.8mm_closed_R5_single_refY_004-raw05-24.json,none,none,ok,
610.2591902754632,,6575.69674556213,15.646995392608568,,81.90680473372781,10201.0,0.0,2704.0,0.9150141643059492,17.0,359.8477795124054,1.0,GP_Is_4.8mm_closed_R5_single_refY,GP_Is_4.8mm_closed_R5_single_refY_004,5,827,GP_Is_4.8mm_closed_R5_single_refY_004-raw05-15,12.122041704625255,7.610046374967311,False,138.62689208984375,0.7994882368967281,0.6895806193351746,,,dxy_raw_candidates/images/GP_Is_4.8mm_closed_R5_single_refY_004-raw05-15.jpg,dxy_raw_candidates/masks/GP_Is_4.8mm_closed_R5_single_refY_004-raw05-15.png,dxy_raw_candidates/ring_fit/json/GP_Is_4.8mm_closed_R5_single_refY_004-raw05-15.json,none,none,ok,
907.9441860465116,,6693.801664857039,29.169909824394875,,101.6366268548679,10535.0,0.0,2763.0,0.9611111111111112,5.0,401.0609458684921,1.0,GP_Is_4.8mm_closed_R5_single_refY,GP_Is_4.8mm_closed_R5_single_refY_004,5,813,GP_Is_4.8mm_closed_R5_single_refY_004-raw05-13,11.68501736072964,7.674271438161803,False,143.56561279296875,0.7666350257496729,0.8745814561843872,,,dxy_raw_candidates/images/GP_Is_4.8mm_closed_R5_single_refY_004-raw05-13.jpg,dxy_raw_candidates/masks/GP_Is_4.8mm_closed_R5_single_refY_004-raw05-13.png,dxy_raw_candidates/ring_fit/json/GP_Is_4.8mm_closed_R5_single_refY_004-raw05-13.json,none,none,ok,
1671.4254108216433,,7072.163237311385,67.2087374749499,,147.0500685871056,12475.0,0.0,2916.0,0.9922279792746114,1.0,449.9309997558594,1.0,GP_Is_4.8mm_closed_R5_single_refY,GP_Is_4.8mm_closed_R5_single_refY_005,1,93,GP_Is_4.8mm_closed_R5_single_refY_005-raw01-14,37.84731210665171,7.180958436789239,False,144.76255798339844,0.8621808864287084,0.7021256685256958,,,dxy_raw_candidates/images/GP_Is_4.8mm_closed_R5_single_refY_005-raw01-14.jpg,dxy_raw_candidates/masks/GP_Is_4.8mm_closed_R5_single_refY_005-raw01-14.png,dxy_raw_candidates/ring_fit/json/GP_Is_4.8mm_closed_R5_single_refY_005-raw01-14.json,none,none,ok,
1664.9265165478002,,7071.827846364883,66.34618158506291,,148.480109739369,12479.0,0.0,2916.0,0.971938775510204,2.0,446.5167827606201,1.0,GP_Is_4.8mm_closed_R5_single_refY,GP_Is_4.8mm_closed_R5_single_refY_005,1,97,GP_Is_4.8mm_closed_R5_single_refY_005-raw01-15,37.834616737336304,7.181163936538492,False,144.80335998535156,0.8619942107068287,0.6933298707008362,,,dxy_raw_candidates/images/GP_Is_4.8mm_closed_R5_single_refY_005-raw01-15.jpg,dxy_raw_candidates/masks/GP_Is_4.8mm_closed_R5_single_refY_005-raw01-15.png,dxy_raw_candidates/ring_fit/json/GP_Is_4.8mm_closed_R5_single_refY_005-raw01-15.json,none,none,ok,
1505.6819827794318,,6517.269230769231,61.5094552184759,,164.14835164835165,12427.0,0.0,2912.0,0.9896373056994818,2.0,445.44573974609375,1.0,GP_Is_4.8mm_closed_R5_single_refY,GP_Is_4.8mm_closed_R5_single_refY_005,1,83,GP_Is_4.8mm_closed_R5_single_refY_005-raw01-12,37.17136591121419,7.167372436419408,False,145.12319946289062,0.8602954287236133,0.660828709602356,,,dxy_raw_candidates/images/GP_Is_4.8mm_closed_R5_single_refY_005-raw01-12.jpg,dxy_raw_candidates/masks/GP_Is_4.8mm_closed_R5_single_refY_005-raw01-12.png,dxy_raw_candidates/ring_fit/json/GP_Is_4.8mm_closed_R5_single_refY_005-raw01-12.json,none,none,ok,
539.8938552571689,,10445.437861271676,15.856713700500682,,225.617774566474,10985.0,0.0,2768.0,1.0,1.0,425.203125,1.0,GP_Is_4.8mm_closed_R5_single_refY,GP_Is_4.8mm_closed_R5_single_refY_005,2,159,GP_Is_4.8mm_closed_R5_single_refY_005-raw02-04,34.8988550698916,7.117494164816682,False,137.17068481445312,0.8587340719625818,0.6755658984184265,,,dxy_raw_candidates/images/GP_Is_4.8mm_closed_R5_single_refY_005-raw02-04.jpg,dxy_raw_candidates/masks/GP_Is_4.8mm_closed_R5_single_refY_005-raw02-04.png,dxy_raw_candidates/ring_fit/json/GP_Is_4.8mm_closed_R5_single_refY_005-raw02-04.json,none,none,ok,
535.0562494302125,,9978.984826589596,15.637068101011945,,216.64125722543352,10969.0,0.0,2768.0,1.0,1.0,425.203125,1.0,GP_Is_4.8mm_closed_R5_single_refY,GP_Is_4.8mm_closed_R5_single_refY_005,2,155,GP_Is_4.8mm_closed_R5_single_refY_005-raw02-03,34.224146961805566,7.117903632402396,False,137.07916259765625,0.8583402761364316,0.6583907604217529,,,dxy_raw_candidates/images/GP_Is_4.8mm_closed_R5_single_refY_005-raw02-03.jpg,dxy_raw_candidates/masks/GP_Is_4.8mm_closed_R5_single_refY_005-raw02-03.png,dxy_raw_candidates/ring_fit/json/GP_Is_4.8mm_closed_R5_single_refY_005-raw02-03.json,none,none,ok,
452.7386803492664,,6689.041860465116,10.232424160590512,,130.85438282647584,11109.0,0.0,2795.0,0.9917355371900828,3.0,423.688351392746,1.0,GP_Is_4.8mm_closed_R5_single_refY,GP_Is_4.8mm_closed_R5_single_refY_005,2,164,GP_Is_4.8mm_closed_R5_single_refY_005-raw02-05,32.426719033718165,7.125301507254288,False,136.62901306152344,0.8672190508034229,0.7121526598930359,,,dxy_raw_candidates/images/GP_Is_4.8mm_closed_R5_single_refY_005-raw02-05.jpg,dxy_raw_candidates/masks/GP_Is_4.8mm_closed_R5_single_refY_005-raw02-05.png,dxy_raw_candidates/ring_fit/json/GP_Is_4.8mm_closed_R5_single_refY_005-raw02-05.json,none,none,ok,
476.8131105190926,,5037.111262334127,13.003390651489465,,69.30588635590337,12387.0,0.0,2939.0,1.0,1.0,453.34524381160736,1.0,GP_Is_4.8mm_closed_R5_single_refY,GP_Is_4.8mm_closed_R5_single_refY_005,3,302,GP_Is_4.8mm_closed_R5_single_refY_005-raw03-10,21.0592553665538,7.143793338369878,False,148.41929626464844,0.8166005959263721,0.5802567005157471,,,dxy_raw_candidates/images/GP_Is_4.8mm_closed_R5_single_refY_005-raw03-10.jpg,dxy_raw_candidates/masks/GP_Is_4.8mm_closed_R5_single_refY_005-raw03-10.png,dxy_raw_candidates/ring_fit/json/GP_Is_4.8mm_closed_R5_single_refY_005-raw03-10.json,none,none,ok,
466.645718901454,,5006.303133514986,13.116882067851371,,64.0108991825613,12380.0,0.0,2936.0,1.0,1.0,451.9310302734375,1.0,GP_Is_4.8mm_closed_R5_single_refY,GP_Is_4.8mm_closed_R5_single_refY_005,3,297,GP_Is_4.8mm_closed_R5_single_refY_005-raw03-09,20.53507904095004,7.142292602071837,False,148.34219360351562,0.8201091965138316,0.6525158286094666,,,dxy_raw_candidates/images/GP_Is_4.8mm_closed_R5_single_refY_005-raw03-09.jpg,dxy_raw_candidates/masks/GP_Is_4.8mm_closed_R5_single_refY_005-raw03-09.png,dxy_raw_candidates/ring_fit/json/GP_Is_4.8mm_closed_R5_single_refY_005-raw03-09.json,none,none,ok,
382.5680327868852,,4209.230245231608,9.395901639344263,,57.47854223433242,12200.0,0.0,2936.0,1.0,1.0,449.0020751953125,1.0,GP_Is_4.8mm_closed_R5_single_refY,GP_Is_4.8mm_closed_R5_single_refY_005,3,292,GP_Is_4.8mm_closed_R5_single_refY_005-raw03-08,18.242270434339552,7.1214761132624655,False,147.17156982421875,0.81085396241764,0.751578688621521,,,dxy_raw_candidates/images/GP_Is_4.8mm_closed_R5_single_refY_005-raw03-08.jpg,dxy_raw_candidates/masks/GP_Is_4.8mm_closed_R5_single_refY_005-raw03-08.png,dxy_raw_candidates/ring_fit/json/GP_Is_4.8mm_closed_R5_single_refY_005-raw03-08.json,none,none,ok,
544.6246102182778,,5586.937116115823,15.905552890381388,,104.27230184264404,16676.0,0.0,3419.0,0.9547511312217196,6.0,495.9432005882263,1.0,GP_Is_4.8mm_closed_R5_single_refY,GP_Is_4.8mm_closed_R5_single_refY_005,4,482,GP_Is_4.8mm_closed_R5_single_refY_005-raw04-24,25.31031244807773,7.151055738143436,False,163.23133850097656,0.9060094172897666,0.8973914384841919,,,dxy_raw_candidates/images/GP_Is_4.8mm_closed_R5_single_refY_005-raw04-24.jpg,dxy_raw_candidates/masks/GP_Is_4.8mm_closed_R5_single_refY_005-raw04-24.png,dxy_raw_candidates/ring_fit/json/GP_Is_4.8mm_closed_R5_single_refY_005-raw04-24.json,none,none,ok,
357.4237466324989,,6745.2444444444445,11.307641763584993,,100.27777777777776,15219.0,0.0,3240.0,1.0,1.0,502.21527099609375,1.0,GP_Is_4.8mm_closed_R5_single_refY,GP_Is_4.8mm_closed_R5_single_refY_005,4,444,GP_Is_4.8mm_closed_R5_single_refY_005-raw04-16,24.020442949040728,7.235406346092523,False,160.51052856445312,0.8593064759939714,0.8740487098693848,,,dxy_raw_candidates/images/GP_Is_4.8mm_closed_R5_single_refY_005-raw04-16.jpg,dxy_raw_candidates/masks/GP_Is_4.8mm_closed_R5_single_refY_005-raw04-16.png,dxy_raw_candidates/ring_fit/json/GP_Is_4.8mm_closed_R5_single_refY_005-raw04-16.json,none,none,ok,
528.4314879308274,,5745.825271181472,14.558424402545937,,97.42333626502491,16654.0,0.0,3411.0,0.9548532731376976,7.0,494.7005842924118,1.0,GP_Is_4.8mm_closed_R5_single_refY,GP_Is_4.8mm_closed_R5_single_refY_005,4,477,GP_Is_4.8mm_closed_R5_single_refY_005-raw04-23,23.539393423432493,7.142409633892807,False,162.99600219726562,0.9046336534457452,0.8738401532173157,,,dxy_raw_candidates/images/GP_Is_4.8mm_closed_R5_single_refY_005-raw04-23.jpg,dxy_raw_candidates/masks/GP_Is_4.8mm_closed_R5_single_refY_005-raw04-23.png,dxy_raw_candidates/ring_fit/json/GP_Is_4.8mm_closed_R5_single_refY_005-raw04-23.json,none,none,ok,
889.7206690841034,,9236.358741853215,22.964089367177447,,231.93624256163216,17098.0,0.0,3529.0,0.9131403118040088,8.0,483.1858427524567,0.9995901999238944,GP_Is_4.8mm_closed_R5_single_refY,GP_Is_4.8mm_closed_R5_single_refY_005,5,580,GP_Is_4.8mm_closed_R5_single_refY_005-raw05-20,38.33129908430311,6.986577120961347,False,163.19125366210938,0.9706232483431652,1.0874823331832886,,,dxy_raw_candidates/images/GP_Is_4.8mm_closed_R5_single_refY_005-raw05-20.jpg,dxy_raw_candidates/masks/GP_Is_4.8mm_closed_R5_single_refY_005-raw05-20.png,dxy_raw_candidates/ring_fit/json/GP_Is_4.8mm_closed_R5_single_refY_005-raw05-20.json,none,none,ok,
943.4402567094515,,9343.089366515836,24.322637106184363,,228.56617647058823,17140.0,0.0,3536.0,0.922566371681416,8.0,490.1858106851578,0.9992677854904372,GP_Is_4.8mm_closed_R5_single_refY,GP_Is_4.8mm_closed_R5_single_refY_005,5,575,GP_Is_4.8mm_closed_R5_single_refY_005-raw05-19,37.92025629108453,6.984323897011329,False,163.50070190429688,0.9679505067505,1.0864304304122925,,,dxy_raw_candidates/images/GP_Is_4.8mm_closed_R5_single_refY_005-raw05-19.jpg,dxy_raw_candidates/masks/GP_Is_4.8mm_closed_R5_single_refY_005-raw05-19.png,dxy_raw_candidates/ring_fit/json/GP_Is_4.8mm_closed_R5_single_refY_005-raw05-19.json,none,none,ok,
1095.9687590062829,,7211.264032073311,36.89054124157012,,158.33104238258878,17349.0,0.0,3492.0,0.9692307692307692,8.0,514.1858414411545,1.0,GP_Is_4.8mm_closed_R5_single_refY,GP_Is_4.8mm_closed_R5_single_refY_005,5,545,GP_Is_4.8mm_closed_R5_single_refY_005-raw05-13,35.695267058177066,7.017281736976955,False,165.41058349609375,0.947384898239143,0.8865295648574829,,,dxy_raw_candidates/images/GP_Is_4.8mm_closed_R5_single_refY_005-raw05-13.jpg,dxy_raw_candidates/masks/GP_Is_4.8mm_closed_R5_single_refY_005-raw05-13.png,dxy_raw_candidates/ring_fit/json/GP_Is_4.8mm_closed_R5_single_refY_005-raw05-13.json,none,none,ok,
331.4811328280814,262.178021978022,7344.091269841269,12.433187076186677,18.834065934065933,148.27535273368608,12535.0,910.0,4536.0,0.9491978609625668,3.0,408.7472496032715,1.0,GP_Is_6.5mm_closed_R10_single_refY,GP_Is_6.5mm_closed_R10_single_refY_004,1,74,GP_Is_6.5mm_closed_R10_single_refY_004-raw01-07,37.97121944263129,7.767267441879117,True,281.9202575683594,0.6302925569645984,2.3272628784179688,5.165624174939865,145.62940979003932,dxy_raw_candidates/images/GP_Is_6.5mm_closed_R10_single_refY_004-raw01-07.jpg,dxy_raw_candidates/masks/GP_Is_6.5mm_closed_R10_single_refY_004-raw01-07.png,dxy_raw_candidates/ring_fit/json/GP_Is_6.5mm_closed_R10_single_refY_004-raw01-07.json,ellipse,A,ok,
336.09362502940485,252.55706806282723,7022.144933920705,11.976554536187564,19.352879581151832,145.1544052863436,12753.0,955.0,4540.0,0.9358288770053476,2.0,407.2325172424317,1.0,GP_Is_6.5mm_closed_R10_single_refY,GP_Is_6.5mm_closed_R10_single_refY_004,1,63,GP_Is_6.5mm_closed_R10_single_refY_004-raw01-05,36.84372875453689,7.772387472819238,True,282.3708190917969,0.6302666355001636,1.9367927312850952,5.260860933214608,148.55136108398443,dxy_raw_candidates/images/GP_Is_6.5mm_closed_R10_single_refY_004-raw01-05.jpg,dxy_raw_candidates/masks/GP_Is_6.5mm_closed_R10_single_refY_004-raw01-05.png,dxy_raw_candidates/ring_fit/json/GP_Is_6.5mm_closed_R10_single_refY_004-raw01-05.json,ellipse,A,ok,
336.3218372785703,252.86610878661088,7020.987665198238,12.020457751998746,19.207112970711297,145.036563876652,12758.0,956.0,4540.0,0.9385026737967914,2.0,408.6467304229736,1.0,GP_Is_6.5mm_closed_R10_single_refY,GP_Is_6.5mm_closed_R10_single_refY_004,1,68,GP_Is_6.5mm_closed_R10_single_refY_004-raw01-06,36.81940693493125,7.772445589184771,True,282.3404846191406,0.6302955376472616,1.934511423110962,5.262059551437552,148.5692443847659,dxy_raw_candidates/images/GP_Is_6.5mm_closed_R10_single_refY_004-raw01-06.jpg,dxy_raw_candidates/masks/GP_Is_6.5mm_closed_R10_single_refY_004-raw01-06.png,dxy_raw_candidates/ring_fit/json/GP_Is_6.5mm_closed_R10_single_refY_004-raw01-06.json,ellipse,A,ok,
330.16805450416354,228.32280701754385,8586.998216674097,13.180082429136176,16.32514619883041,173.36067766384306,11889.0,855.0,4486.0,0.989100817438692,2.0,420.232536315918,1.0,GP_Is_6.5mm_closed_R10_single_refY,GP_Is_6.5mm_closed_R10_single_refY_004,2,198,GP_Is_6.5mm_closed_R10_single_refY_004-raw02-04,32.34348176913673,7.761250657278399,True,270.7782897949219,0.649628048362529,3.1045351028442383,5.334661991287367,144.4510650634769,dxy_raw_candidates/images/GP_Is_6.5mm_closed_R10_single_refY_004-raw02-04.jpg,dxy_raw_candidates/masks/GP_Is_6.5mm_closed_R10_single_refY_004-raw02-04.png,dxy_raw_candidates/ring_fit/json/GP_Is_6.5mm_closed_R10_single_refY_004-raw02-04.json,ellipse,B,ok,
321.72524337025845,203.77294685990336,6890.745921787709,10.372776099362202,15.858695652173912,159.09474860335197,11916.0,828.0,4475.0,0.8888888888888888,4.0,380.7472667694092,0.9994896946673092,GP_Is_6.5mm_closed_R10_single_refY,GP_Is_6.5mm_closed_R10_single_refY_004,2,192,GP_Is_6.5mm_closed_R10_single_refY_004-raw02-03,31.237012535932333,7.7600275730686095,True,271.35260009765625,0.648095828359185,2.042557001113892,5.3643984344019495,145.56434631347665,dxy_raw_candidates/images/GP_Is_6.5mm_closed_R10_single_refY_004-raw02-03.jpg,dxy_raw_candidates/masks/GP_Is_6.5mm_closed_R10_single_refY_004-raw02-03.png,dxy_raw_candidates/ring_fit/json/GP_Is_6.5mm_closed_R10_single_refY_004-raw02-03.json,ellipse,A,ok,
322.8872947277442,245.250945775536,7577.090476190476,11.908988764044944,15.085750315258512,169.52186147186148,11570.0,793.0,4620.0,0.9476584022038568,3.0,399.4041233062744,0.9942667640942048,GP_Is_6.5mm_closed_R10_single_refY,GP_Is_6.5mm_closed_R10_single_refY_004,2,215,GP_Is_6.5mm_closed_R10_single_refY_004-raw02-07,30.85146449017936,7.761744452643122,True,270.1949462890625,0.6496902207773646,2.4342758655548096,5.318927645105779,143.71473693847682,dxy_raw_candidates/images/GP_Is_6.5mm_closed_R10_single_refY_004-raw02-07.jpg,dxy_raw_candidates/masks/GP_Is_6.5mm_closed_R10_single_refY_004-raw02-07.png,dxy_raw_candidates/ring_fit/json/GP_Is_6.5mm_closed_R10_single_refY_004-raw02-07.json,ellipse,A,ok,
282.09747139426474,380.7419689119171,9272.790798611111,10.691199321938129,28.06424870466321,144.47287326388889,14158.0,965.0,4608.0,0.8816120906801007,2.0,399.7766952514648,1.0,GP_Is_6.5mm_closed_R10_single_refY,GP_Is_6.5mm_closed_R10_single_refY_004,3,450,GP_Is_6.5mm_closed_R10_single_refY_004-raw03-23,36.73592824003313,7.605429642703138,True,281.49658203125,0.7108496001057317,1.5106123685836792,5.493908877633325,154.6516571044924,dxy_raw_candidates/images/GP_Is_6.5mm_closed_R10_single_refY_004-raw03-23.jpg,dxy_raw_candidates/masks/GP_Is_6.5mm_closed_R10_single_refY_004-raw03-23.png,dxy_raw_candidates/ring_fit/json/GP_Is_6.5mm_closed_R10_single_refY_004-raw03-23.json,ellipse,B,ok,
260.68810579307234,330.168130489335,7511.796146674953,9.192801863400708,9.927227101631116,101.10917754298735,13309.0,797.0,4827.0,0.9338422391857506,2.0,421.747257232666,0.9963503649635036,GP_Is_6.5mm_closed_R10_single_refY,GP_Is_6.5mm_closed_R10_single_refY_004,3,456,GP_Is_6.5mm_closed_R10_single_refY_004-raw03-24,34.93384245729328,7.596296539115798,True,279.6789855957031,0.7227142726985035,1.7753055095672607,5.4898701197804005,153.54013061523463,dxy_raw_candidates/images/GP_Is_6.5mm_closed_R10_single_refY_004-raw03-24.jpg,dxy_raw_candidates/masks/GP_Is_6.5mm_closed_R10_single_refY_004-raw03-24.png,dxy_raw_candidates/ring_fit/json/GP_Is_6.5mm_closed_R10_single_refY_004-raw03-24.json,ellipse,A,ok,
275.87871041045304,376.76826722338205,8066.090909090909,10.10154807555745,14.39874739039666,135.35324675324676,14082.0,958.0,4620.0,0.9093198992443324,2.0,414.0904006958008,1.0,GP_Is_6.5mm_closed_R10_single_refY,GP_Is_6.5mm_closed_R10_single_refY_004,3,444,GP_Is_6.5mm_closed_R10_single_refY_004-raw03-22,34.74728901728407,7.607532208700034,True,280.8870849609375,0.7065189847375033,1.4093096256256104,5.454551923988723,153.2113189697266,dxy_raw_candidates/images/GP_Is_6.5mm_closed_R10_single_refY_004-raw03-22.jpg,dxy_raw_candidates/masks/GP_Is_6.5mm_closed_R10_single_refY_004-raw03-22.png,dxy_raw_candidates/ring_fit/json/GP_Is_6.5mm_closed_R10_single_refY_004-raw03-22.json,ellipse,A,ok,
261.4412493430437,322.6474278544542,7587.987102142709,9.363991290637436,10.05771643663739,102.992718951529,13319.0,797.0,4807.0,0.9287531806615776,3.0,418.3330726623535,0.9967615857063092,GP_Is_6.5mm_closed_R10_single_refY,GP_Is_6.5mm_closed_R10_single_refY_004,4,462,GP_Is_6.5mm_closed_R10_single_refY_004-raw04-01,35.315176084277084,7.597441336786465,True,279.6712646484375,0.7232302293442648,1.782787561416626,5.494697994427924,153.67091369628918,dxy_raw_candidates/images/GP_Is_6.5mm_closed_R10_single_refY_004-raw04-01.jpg,dxy_raw_candidates/masks/GP_Is_6.5mm_closed_R10_single_refY_004-raw04-01.png,dxy_raw_candidates/ring_fit/json/GP_Is_6.5mm_closed_R10_single_refY_004-raw04-01.json,ellipse,B,ok,
464.3829096133425,2933.2368932038835,13973.545362289426,19.231932038228496,114.52718446601942,253.64136391313173,16009.0,1030.0,4927.0,0.8648018648018648,3.0,420.60508728027344,0.9998159299481976,GP_Is_6.5mm_closed_R10_single_refY,GP_Is_6.5mm_closed_R10_single_refY_004,4,574,GP_Is_6.5mm_closed_R10_single_refY_004-raw04-20,33.24941731414678,7.5935345128971345,True,301.9271240234375,0.719913036911729,1.112967848777771,5.647775196522017,170.52165222167997,dxy_raw_candidates/images/GP_Is_6.5mm_closed_R10_single_refY_004-raw04-20.jpg,dxy_raw_candidates/masks/GP_Is_6.5mm_closed_R10_single_refY_004-raw04-20.png,dxy_raw_candidates/ring_fit/json/GP_Is_6.5mm_closed_R10_single_refY_004-raw04-20.json,ellipse,A,ok,
475.01987080898186,3160.031078610604,14038.365008156608,20.734420178406644,116.71937842778792,254.4963295269168,16255.0,1094.0,4904.0,0.9046511627906976,2.0,441.26195526123047,1.0,GP_Is_6.5mm_closed_R10_single_refY,GP_Is_6.5mm_closed_R10_single_refY_004,4,568,GP_Is_6.5mm_closed_R10_single_refY_004-raw04-19,33.01832031211852,7.592573635890687,True,301.8932800292969,0.7197234819841299,1.124010443687439,5.648717166716923,170.53097534179716,dxy_raw_candidates/images/GP_Is_6.5mm_closed_R10_single_refY_004-raw04-19.jpg,dxy_raw_candidates/masks/GP_Is_6.5mm_closed_R10_single_refY_004-raw04-19.png,dxy_raw_candidates/ring_fit/json/GP_Is_6.5mm_closed_R10_single_refY_004-raw04-19.json,ellipse,B,ok,
300.238637078016,1165.8873751135332,15863.296177062375,12.951530772615827,84.99182561307902,351.9726358148893,15907.0,1101.0,4970.0,0.8337236533957846,3.0,408.0904064178467,0.9995851805760804,GP_Is_6.5mm_closed_R10_single_refY,GP_Is_6.5mm_closed_R10_single_refY_004,5,675,GP_Is_6.5mm_closed_R10_single_refY_004-raw05-13,32.31299478917534,7.60421064386081,True,304.7319641113281,0.7134330388811803,1.1427786350250244,5.679222793708891,173.06407165527372,dxy_raw_candidates/images/GP_Is_6.5mm_closed_R10_single_refY_004-raw05-13.jpg,dxy_raw_candidates/masks/GP_Is_6.5mm_closed_R10_single_refY_004-raw05-13.png,dxy_raw_candidates/ring_fit/json/GP_Is_6.5mm_closed_R10_single_refY_004-raw05-13.json,ellipse,A,ok,
312.07551199899484,1100.9552511415525,15461.887685519454,13.041085563513004,71.28219178082192,328.90232651423986,15918.0,1095.0,4986.0,0.8694638694638694,2.0,424.8477630615234,0.998883464894059,GP_Is_6.5mm_closed_R10_single_refY,GP_Is_6.5mm_closed_R10_single_refY_004,5,693,GP_Is_6.5mm_closed_R10_single_refY_004-raw05-16,31.969194867621542,7.599924048976165,True,304.8173522949219,0.7120510037664342,1.0105828046798706,5.720663419185834,174.3757476806644,dxy_raw_candidates/images/GP_Is_6.5mm_closed_R10_single_refY_004-raw05-16.jpg,dxy_raw_candidates/masks/GP_Is_6.5mm_closed_R10_single_refY_004-raw05-16.png,dxy_raw_candidates/ring_fit/json/GP_Is_6.5mm_closed_R10_single_refY_004-raw05-16.json,ellipse,A,ok,
298.79644132573145,1068.806890299184,16173.590022128345,10.87381742998559,86.33635539437897,352.2472339569503,15961.0,1103.0,4971.0,0.8990610328638498,2.0,436.5045928955078,0.999688522037066,GP_Is_6.5mm_closed_R10_single_refY,GP_Is_6.5mm_closed_R10_single_refY_004,5,681,GP_Is_6.5mm_closed_R10_single_refY_004-raw05-14,31.94716686027315,7.608213335237707,True,304.8157958984375,0.713211960650798,1.1807760000228882,5.677553742394529,173.0608062744141,dxy_raw_candidates/images/GP_Is_6.5mm_closed_R10_single_refY_004-raw05-14.jpg,dxy_raw_candidates/masks/GP_Is_6.5mm_closed_R10_single_refY_004-raw05-14.png,dxy_raw_candidates/ring_fit/json/GP_Is_6.5mm_closed_R10_single_refY_004-raw05-14.json,ellipse,A,ok,
132.39938103308526,344.49925261584457,8443.586544535692,7.553938545427751,12.606128550074738,117.96667719519898,27142.0,1338.0,6332.0,0.90072202166065,2.0,578.6000595092773,1.0,GP_Is_6.5mm_closed_R10_single_refY,GP_Is_6.5mm_closed_R10_single_refY_005,1,172,GP_Is_6.5mm_closed_R10_single_refY_005-raw01-24,50.51783138651904,7.213595332323507,True,357.4974365234375,0.9308227839123444,1.3882423639297483,5.924016148908411,211.7820587158205,dxy_raw_candidates/images/GP_Is_6.5mm_closed_R10_single_refY_005-raw01-24.jpg,dxy_raw_candidates/masks/GP_Is_6.5mm_closed_R10_single_refY_005-raw01-24.png,dxy_raw_candidates/ring_fit/json/GP_Is_6.5mm_closed_R10_single_refY_005-raw01-24.json,ellipse,A,ok,
125.76867558160836,334.02382725241995,7279.073132206602,6.469133540941565,11.560685033507074,110.40609698309903,27295.0,1343.0,6331.0,0.9172661870503596,3.0,590.6711297035217,1.0,GP_Is_6.5mm_closed_R10_single_refY,GP_Is_6.5mm_closed_R10_single_refY_005,1,160,GP_Is_6.5mm_closed_R10_single_refY_005-raw01-22,50.21692915984261,7.198764299658299,True,357.4503173828125,0.9305974586441588,1.4114978313446045,5.8671394147938365,209.7210845947272,dxy_raw_candidates/images/GP_Is_6.5mm_closed_R10_single_refY_005-raw01-22.jpg,dxy_raw_candidates/masks/GP_Is_6.5mm_closed_R10_single_refY_005-raw01-22.png,dxy_raw_candidates/ring_fit/json/GP_Is_6.5mm_closed_R10_single_refY_005-raw01-22.json,ellipse,B,ok,
129.67153741396444,309.44023756495915,7805.14213836478,6.123891199528875,11.723088344469192,108.1753144654088,27169.0,1347.0,6360.0,0.8729582577132486,2.0,554.3868522644043,1.0,GP_Is_6.5mm_closed_R10_single_refY,GP_Is_6.5mm_closed_R10_single_refY_005,1,155,GP_Is_6.5mm_closed_R10_single_refY_005-raw01-21,49.82115559443248,7.206088106382287,True,358.8526306152344,0.9279181267583992,1.4371920824050903,5.809503334627958,208.4755554199224,dxy_raw_candidates/images/GP_Is_6.5mm_closed_R10_single_refY_005-raw01-21.jpg,dxy_raw_candidates/masks/GP_Is_6.5mm_closed_R10_single_refY_005-raw01-21.png,dxy_raw_candidates/ring_fit/json/GP_Is_6.5mm_closed_R10_single_refY_005-raw01-21.json,ellipse,A,ok,
130.78673263698002,271.7531787584144,8027.27707409753,6.167527945757742,9.697830964846672,112.5085497150095,27285.0,1337.0,6316.0,0.8453237410071942,3.0,535.7593965530396,1.0,GP_Is_6.5mm_closed_R10_single_refY,GP_Is_6.5mm_closed_R10_single_refY_005,2,207,GP_Is_6.5mm_closed_R10_single_refY_005-raw02-06,52.3099312540643,7.220173921976215,True,356.0856628417969,0.9325424998338178,1.3949592113494873,6.003466682778814,213.774841308594,dxy_raw_candidates/images/GP_Is_6.5mm_closed_R10_single_refY_005-raw02-06.jpg,dxy_raw_candidates/masks/GP_Is_6.5mm_closed_R10_single_refY_005-raw02-06.png,dxy_raw_candidates/ring_fit/json/GP_Is_6.5mm_closed_R10_single_refY_005-raw02-06.json,ellipse,B,ok,
135.31602610587382,371.8185941043084,7927.321112515803,7.174002900652647,11.62660619803477,113.03476611883691,27580.0,1323.0,6328.0,0.8772563176895307,3.0,563.3573913574219,1.0,GP_Is_6.5mm_closed_R10_single_refY,GP_Is_6.5mm_closed_R10_single_refY_005,2,225,GP_Is_6.5mm_closed_R10_single_refY_005-raw02-09,52.208279473480175,7.225548306479361,True,355.4280700683594,0.941677018681574,1.3122835159301758,6.012635632151241,213.7059478759772,dxy_raw_candidates/images/GP_Is_6.5mm_closed_R10_single_refY_005-raw02-09.jpg,dxy_raw_candidates/masks/GP_Is_6.5mm_closed_R10_single_refY_005-raw02-09.png,dxy_raw_candidates/ring_fit/json/GP_Is_6.5mm_closed_R10_single_refY_005-raw02-09.json,ellipse,B,ok,
136.11205297049514,333.0157068062827,8142.782636248416,7.187652344744788,15.163799551234106,113.10535487959444,27487.0,1337.0,6312.0,0.8862815884476535,3.0,567.5289945602417,1.0,GP_Is_6.5mm_closed_R10_single_refY,GP_Is_6.5mm_closed_R10_single_refY_005,2,242,GP_Is_6.5mm_closed_R10_single_refY_005-raw02-12,51.79767034684173,7.226043713324897,True,356.2591247558594,0.9347766561148791,1.292712688446045,5.998172076013336,213.69035339355523,dxy_raw_candidates/images/GP_Is_6.5mm_closed_R10_single_refY_005-raw02-12.jpg,dxy_raw_candidates/masks/GP_Is_6.5mm_closed_R10_single_refY_005-raw02-12.png,dxy_raw_candidates/ring_fit/json/GP_Is_6.5mm_closed_R10_single_refY_005-raw02-12.json,ellipse,A,ok,
140.06131094508203,241.8571428571429,8629.25985778927,6.17095432488639,9.681940700808624,133.8235294117647,25966.0,1484.0,6188.0,0.8895131086142322,1.0,544.0020751953125,1.0,GP_Is_6.5mm_closed_R10_single_refY,GP_Is_6.5mm_closed_R10_single_refY_005,3,341,GP_Is_6.5mm_closed_R10_single_refY_005-raw03-05,47.138276795111786,7.339865882485276,True,350.1836853027344,0.9112770536477388,1.2722264528274536,5.910250087604868,206.9673156738286,dxy_raw_candidates/images/GP_Is_6.5mm_closed_R10_single_refY_005-raw03-05.jpg,dxy_raw_candidates/masks/GP_Is_6.5mm_closed_R10_single_refY_005-raw03-05.png,dxy_raw_candidates/ring_fit/json/GP_Is_6.5mm_closed_R10_single_refY_005-raw03-05.json,ellipse,A,ok,
150.89660113030328,257.93131868131866,8656.398152572066,6.730159993632094,10.57760989010989,164.0509635292244,25126.0,1456.0,6279.0,0.8650190114068441,4.0,517.688346862793,1.0,GP_Is_6.5mm_closed_R10_single_refY,GP_Is_6.5mm_closed_R10_single_refY_005,3,376,GP_Is_6.5mm_closed_R10_single_refY_005-raw03-11,46.2936855384815,7.359082947287069,True,347.9468078613281,0.909967421054916,2.1718342304229736,5.834883784365261,203.022918701172,dxy_raw_candidates/images/GP_Is_6.5mm_closed_R10_single_refY_005-raw03-11.jpg,dxy_raw_candidates/masks/GP_Is_6.5mm_closed_R10_single_refY_005-raw03-11.png,dxy_raw_candidates/ring_fit/json/GP_Is_6.5mm_closed_R10_single_refY_005-raw03-11.json,ellipse,A,ok,
148.17657771795075,222.6712328767124,8226.920401977986,6.957399635758968,9.886986301369864,150.51092678258095,25258.0,1460.0,6269.0,0.8541666666666666,3.0,515.1025619506836,1.0,GP_Is_6.5mm_closed_R10_single_refY,GP_Is_6.5mm_closed_R10_single_refY_005,3,382,GP_Is_6.5mm_closed_R10_single_refY_005-raw03-12,45.535170043633286,7.354963770250232,True,347.6937255859375,0.9110981252076844,2.1419827938079834,5.776471338939237,200.8442840576175,dxy_raw_candidates/images/GP_Is_6.5mm_closed_R10_single_refY_005-raw03-12.jpg,dxy_raw_candidates/masks/GP_Is_6.5mm_closed_R10_single_refY_005-raw03-12.png,dxy_raw_candidates/ring_fit/json/GP_Is_6.5mm_closed_R10_single_refY_005-raw03-12.json,ellipse,A,ok,
174.41494383851537,693.1866376180102,9553.75400730043,7.526412176461013,24.063907044299203,162.36835422948738,24572.0,1377.0,6301.0,0.8275193798449613,3.0,488.20308685302734,0.9918791045830097,GP_Is_6.5mm_closed_R10_single_refY,GP_Is_6.5mm_closed_R10_single_refY_005,4,575,GP_Is_6.5mm_closed_R10_single_refY_005-raw04-21,49.19782439007111,7.397053110748139,True,349.5992126464844,0.857540189544597,1.1640831232070925,5.474683839884662,191.3945159912113,dxy_raw_candidates/images/GP_Is_6.5mm_closed_R10_single_refY_005-raw04-21.jpg,dxy_raw_candidates/masks/GP_Is_6.5mm_closed_R10_single_refY_005-raw04-21.png,dxy_raw_candidates/ring_fit/json/GP_Is_6.5mm_closed_R10_single_refY_005-raw04-21.json,ellipse,B,ok,
167.5637992976224,644.4074074074074,9586.856462369004,5.997335809147056,18.32814814814815,158.324547475389,24773.0,1350.0,6298.0,0.7803468208092486,3.0,463.303617477417,0.9900279639107266,GP_Is_6.5mm_closed_R10_single_refY,GP_Is_6.5mm_closed_R10_single_refY_005,4,569,GP_Is_6.5mm_closed_R10_single_refY_005-raw04-20,47.473929021424425,7.390262142831926,True,348.3948059082031,0.8593593900423229,1.288096308708191,5.510443885842585,191.9810028076173,dxy_raw_candidates/images/GP_Is_6.5mm_closed_R10_single_refY_005-raw04-20.jpg,dxy_raw_candidates/masks/GP_Is_6.5mm_closed_R10_single_refY_005-raw04-20.png,dxy_raw_candidates/ring_fit/json/GP_Is_6.5mm_closed_R10_single_refY_005-raw04-20.json,ellipse,B,ok,
172.3750305997552,728.8384831460675,7833.246324136791,8.307711138310893,20.796348314606742,127.13629605154468,24510.0,1424.0,6053.0,0.8643410852713178,5.0,506.4457015991211,0.9992461635107244,GP_Is_6.5mm_closed_R10_single_refY,GP_Is_6.5mm_closed_R10_single_refY_005,4,528,GP_Is_6.5mm_closed_R10_single_refY_005-raw04-13,46.67492490536607,7.368006244481014,True,344.303955078125,0.8857116578426001,1.05151629447937,5.625715732246826,193.6956176757817,dxy_raw_candidates/images/GP_Is_6.5mm_closed_R10_single_refY_005-raw04-13.jpg,dxy_raw_candidates/masks/GP_Is_6.5mm_closed_R10_single_refY_005-raw04-13.png,dxy_raw_candidates/ring_fit/json/GP_Is_6.5mm_closed_R10_single_refY_005-raw04-13.json,ellipse,B,ok,
178.824497974474,347.7803806734993,10098.032362459548,9.39181948860914,14.839677891654466,202.6397547266224,22957.0,1366.0,5871.0,0.8955823293172691,1.0,511.274169921875,0.999661832118434,GP_Is_6.5mm_closed_R10_single_refY,GP_Is_6.5mm_closed_R10_single_refY_005,5,663,GP_Is_6.5mm_closed_R10_single_refY_005-raw05-12,47.38644850915861,7.409414146669739,True,345.2357177734375,0.8172197462518969,1.2063757181167605,5.360349497961757,185.0584106445315,dxy_raw_candidates/images/GP_Is_6.5mm_closed_R10_single_refY_005-raw05-12.jpg,dxy_raw_candidates/masks/GP_Is_6.5mm_closed_R10_single_refY_005-raw05-12.png,dxy_raw_candidates/ring_fit/json/GP_Is_6.5mm_closed_R10_single_refY_005-raw05-12.json,ellipse,A,ok,
166.3352874267215,291.1003663003663,8353.322724161533,7.8539679762008925,10.672527472527472,166.85386721423683,22858.0,1365.0,5844.0,0.8931451612903226,1.0,507.8599548339844,1.0,GP_Is_6.5mm_closed_R10_single_refY,GP_Is_6.5mm_closed_R10_single_refY_005,5,645,GP_Is_6.5mm_closed_R10_single_refY_005-raw05-09,46.38158169945494,7.410917416940602,True,344.4483642578125,0.818833328508579,1.251808524131775,5.371598131069655,185.02381896972705,dxy_raw_candidates/images/GP_Is_6.5mm_closed_R10_single_refY_005-raw05-09.jpg,dxy_raw_candidates/masks/GP_Is_6.5mm_closed_R10_single_refY_005-raw05-09.png,dxy_raw_candidates/ring_fit/json/GP_Is_6.5mm_closed_R10_single_refY_005-raw05-09.json,ellipse,B,ok,
165.0528711484594,234.19676945668127,9979.568384879723,7.101584383753502,9.51395007342144,215.9792096219932,22848.0,1362.0,5820.0,0.9074446680080482,1.0,517.1026000976562,1.0,GP_Is_6.5mm_closed_R10_single_refY,GP_Is_6.5mm_closed_R10_single_refY_005,5,657,GP_Is_6.5mm_closed_R10_single_refY_005-raw05-11,45.96094708378048,7.414871547041649,True,343.0627746582031,0.8255604312068439,1.1428658962249756,5.409047971526172,185.56430053710992,dxy_raw_candidates/images/GP_Is_6.5mm_closed_R10_single_refY_005-raw05-11.jpg,dxy_raw_candidates/masks/GP_Is_6.5mm_closed_R10_single_refY_005-raw05-11.png,dxy_raw_candidates/ring_fit/json/GP_Is_6.5mm_closed_R10_single_refY_005-raw05-11.json,ellipse,A,ok,
652.7141685462375,962.6454352441614,7693.408301158302,22.90757637892147,21.83651804670913,80.77509652509653,19508.0,942.0,2072.0,0.4571805006587615,2.0,398.8477420806885,1.0,GP_Is_7.0mm_closed_R5_single_refY,GP_Is_7.0mm_closed_R5_single_refY_004,1,30,GP_Is_7.0mm_closed_R5_single_refY_004-raw01-01,23.81259912832284,7.37264890893516,True,103.3488311767578,0.3844273665505923,2.0067555904388428,9.60281742294372,198.48799133300784,dxy_raw_candidates/images/GP_Is_7.0mm_closed_R5_single_refY_004-raw01-01.jpg,dxy_raw_candidates/masks/GP_Is_7.0mm_closed_R5_single_refY_004-raw01-01.png,dxy_raw_candidates/ring_fit/json/GP_Is_7.0mm_closed_R5_single_refY_004-raw01-01.json,ellipse,B,ok,
574.6062658763759,670.123046875,7729.852443609023,21.103302286198137,18.912109375,66.43468045112782,20077.0,1024.0,2128.0,0.4682230869001297,2.0,414.0903854370117,1.0,GP_Is_7.0mm_closed_R5_single_refY,GP_Is_7.0mm_closed_R5_single_refY_004,1,39,GP_Is_7.0mm_closed_R5_single_refY_004-raw01-03,22.77859788060601,7.360203052028763,True,112.04906463623048,0.4241753177873479,1.9262789487838743,8.98065399538828,201.2547760009768,dxy_raw_candidates/images/GP_Is_7.0mm_closed_R5_single_refY_004-raw01-03.jpg,dxy_raw_candidates/masks/GP_Is_7.0mm_closed_R5_single_refY_004-raw01-03.png,dxy_raw_candidates/ring_fit/json/GP_Is_7.0mm_closed_R5_single_refY_004-raw01-03.json,ellipse,A,ok,
660.6420074349443,848.3875,13321.28597285068,26.30831784386617,22.575,115.50859728506788,21520.0,960.0,2210.0,0.4441687344913151,3.0,410.91881942749023,1.0,GP_Is_7.0mm_closed_R5_single_refY,GP_Is_7.0mm_closed_R5_single_refY_004,1,80,GP_Is_7.0mm_closed_R5_single_refY_004-raw01-12,22.47810419056148,7.3257892793329535,True,111.9199676513672,0.4136572903716308,2.5414295196533203,8.473191346461329,189.66386027995927,dxy_raw_candidates/images/GP_Is_7.0mm_closed_R5_single_refY_004-raw01-12.jpg,dxy_raw_candidates/masks/GP_Is_7.0mm_closed_R5_single_refY_004-raw01-12.png,dxy_raw_candidates/ring_fit/json/GP_Is_7.0mm_closed_R5_single_refY_004-raw01-12.json,circle,B,ok,
1023.0529076396808,1807.569321533924,17662.50209205021,45.70068415051311,99.52310717797444,180.53556485355648,17540.0,1017.0,2151.0,0.4932249322493225,4.0,416.33305168151855,1.0,GP_Is_7.0mm_closed_R5_single_refY,GP_Is_7.0mm_closed_R5_single_refY_004,2,236,GP_Is_7.0mm_closed_R5_single_refY_004-raw02-22,34.221390986614445,7.241246344239473,True,112.50965881347656,0.566281639134674,2.097236633300781,8.44171608714616,189.95491935301047,dxy_raw_candidates/images/GP_Is_7.0mm_closed_R5_single_refY_004-raw02-22.jpg,dxy_raw_candidates/masks/GP_Is_7.0mm_closed_R5_single_refY_004-raw02-22.png,dxy_raw_candidates/ring_fit/json/GP_Is_7.0mm_closed_R5_single_refY_004-raw02-22.json,circle,A,ok,
1016.1586308846942,1880.007858546169,17788.308120649654,44.87258357971344,105.60707269155206,183.85661252900232,17588.0,1018.0,2155.0,0.4939106901217862,4.0,416.5045928955078,1.0,GP_Is_7.0mm_closed_R5_single_refY,GP_Is_7.0mm_closed_R5_single_refY_004,2,232,GP_Is_7.0mm_closed_R5_single_refY_004-raw02-21,33.95842768294605,7.239260236790112,True,112.62174224853516,0.5653519073296001,2.097635269165039,8.513910388772748,191.7702842662981,dxy_raw_candidates/images/GP_Is_7.0mm_closed_R5_single_refY_004-raw02-21.jpg,dxy_raw_candidates/masks/GP_Is_7.0mm_closed_R5_single_refY_004-raw02-21.png,dxy_raw_candidates/ring_fit/json/GP_Is_7.0mm_closed_R5_single_refY_004-raw02-21.json,circle,A,ok,
1012.8237508555784,1877.9173228346456,16224.144914073386,44.98779374857404,106.46259842519684,180.7138875986995,17532.0,1016.0,2153.0,0.4925575101488498,4.0,415.9188041687012,1.0,GP_Is_7.0mm_closed_R5_single_refY,GP_Is_7.0mm_closed_R5_single_refY_004,2,227,GP_Is_7.0mm_closed_R5_single_refY_004-raw02-20,33.56833978361436,7.238515671449958,True,112.2560577392578,0.5628611013641619,2.206340312957764,8.512833472189705,191.123425155763,dxy_raw_candidates/images/GP_Is_7.0mm_closed_R5_single_refY_004-raw02-20.jpg,dxy_raw_candidates/masks/GP_Is_7.0mm_closed_R5_single_refY_004-raw02-20.png,dxy_raw_candidates/ring_fit/json/GP_Is_7.0mm_closed_R5_single_refY_004-raw02-20.json,circle,A,ok,
1150.3666685320948,2259.733186328556,15054.921658986175,47.59281437125748,114.46747519294377,191.19907834101383,17869.0,907.0,2170.0,0.4350736278447122,2.0,373.53404998779297,1.0,GP_Is_7.0mm_closed_R5_single_refY,GP_Is_7.0mm_closed_R5_single_refY_004,3,310,GP_Is_7.0mm_closed_R5_single_refY_004-raw03-14,39.65914156001411,7.183100077503214,True,111.06397247314452,0.4932600710169414,2.7257041931152344,8.568967472642909,190.3407135009768,dxy_raw_candidates/images/GP_Is_7.0mm_closed_R5_single_refY_004-raw03-14.jpg,dxy_raw_candidates/masks/GP_Is_7.0mm_closed_R5_single_refY_004-raw03-14.png,dxy_raw_candidates/ring_fit/json/GP_Is_7.0mm_closed_R5_single_refY_004-raw03-14.json,ellipse,B,ok,
983.653432540836,1960.107327141383,10855.258233890216,38.87920711503808,86.63673890608875,137.7560859188544,17203.0,969.0,2095.0,0.4644808743169399,3.0,386.70561599731445,1.0,GP_Is_7.0mm_closed_R5_single_refY,GP_Is_7.0mm_closed_R5_single_refY_004,3,300,GP_Is_7.0mm_closed_R5_single_refY_004-raw03-12,38.17753742819774,7.23484290003678,True,109.5236358642578,0.5135103824706275,2.331044912338257,8.49679307180351,186.1199340820316,dxy_raw_candidates/images/GP_Is_7.0mm_closed_R5_single_refY_004-raw03-12.jpg,dxy_raw_candidates/masks/GP_Is_7.0mm_closed_R5_single_refY_004-raw03-12.png,dxy_raw_candidates/ring_fit/json/GP_Is_7.0mm_closed_R5_single_refY_004-raw03-12.json,ellipse,A,ok,
1002.306324110672,1589.1161825726142,10810.221797323136,38.424203673564286,77.86618257261411,136.53871892925432,17204.0,964.0,2092.0,0.4623803009575923,3.0,384.7056179046631,1.0,GP_Is_7.0mm_closed_R5_single_refY,GP_Is_7.0mm_closed_R5_single_refY_004,3,296,GP_Is_7.0mm_closed_R5_single_refY_004-raw03-11,36.56375715594702,7.225791599233847,True,109.66497039794922,0.514167017659816,2.3603200912475586,8.456081870559823,185.467193603516,dxy_raw_candidates/images/GP_Is_7.0mm_closed_R5_single_refY_004-raw03-11.jpg,dxy_raw_candidates/masks/GP_Is_7.0mm_closed_R5_single_refY_004-raw03-11.png,dxy_raw_candidates/ring_fit/json/GP_Is_7.0mm_closed_R5_single_refY_004-raw03-11.json,ellipse,A,ok,
490.7081190587502,2805.5442477876104,10559.17883690424,22.37000675289596,99.12057522123894,169.56536947966768,19251.0,904.0,2287.0,0.4176394293125811,2.0,375.090389251709,1.0,GP_Is_7.0mm_closed_R5_single_refY,GP_Is_7.0mm_closed_R5_single_refY_004,4,401,GP_Is_7.0mm_closed_R5_single_refY_004-raw04-10,34.86971829967735,7.1016769092414656,True,111.57984161376952,0.4233427884563102,1.536313772201538,9.18312439534159,204.9303131103516,dxy_raw_candidates/images/GP_Is_7.0mm_closed_R5_single_refY_004-raw04-10.jpg,dxy_raw_candidates/masks/GP_Is_7.0mm_closed_R5_single_refY_004-raw04-10.png,dxy_raw_candidates/ring_fit/json/GP_Is_7.0mm_closed_R5_single_refY_004-raw04-10.json,ellipse,B,ok,
491.3780177560874,2708.5060506050604,10291.74496056091,22.39312600591869,92.06820682068206,167.37204206836108,19261.0,909.0,2282.0,0.4145077720207253,3.0,371.67617654800415,1.0,GP_Is_7.0mm_closed_R5_single_refY,GP_Is_7.0mm_closed_R5_single_refY_004,4,397,GP_Is_7.0mm_closed_R5_single_refY_004-raw04-09,34.82637295802433,7.10152591847331,True,111.46766662597656,0.4209804064661047,1.8310489654541016,9.22124338394378,205.57409667968764,dxy_raw_candidates/images/GP_Is_7.0mm_closed_R5_single_refY_004-raw04-09.jpg,dxy_raw_candidates/masks/GP_Is_7.0mm_closed_R5_single_refY_004-raw04-09.png,dxy_raw_candidates/ring_fit/json/GP_Is_7.0mm_closed_R5_single_refY_004-raw04-09.json,ellipse,B,ok,
1066.8711023276242,5784.879545454545,9559.172444444444,46.9058519982433,262.73636363636365,163.808,18216.0,880.0,2250.0,0.4329349269588313,3.0,375.1908836364746,1.0,GP_Is_7.0mm_closed_R5_single_refY,GP_Is_7.0mm_closed_R5_single_refY_004,4,365,GP_Is_7.0mm_closed_R5_single_refY_004-raw04-02,32.67491597794427,7.134631684766423,True,107.59822082519533,0.410720840958353,2.233993530273437,9.210448132235191,198.2055664062501,dxy_raw_candidates/images/GP_Is_7.0mm_closed_R5_single_refY_004-raw04-02.jpg,dxy_raw_candidates/masks/GP_Is_7.0mm_closed_R5_single_refY_004-raw04-02.png,dxy_raw_candidates/ring_fit/json/GP_Is_7.0mm_closed_R5_single_refY_004-raw04-02.json,ellipse,B,ok,
397.1504165522292,1598.0080160320642,13738.426419466976,19.10390918245903,61.03707414829659,177.66010042487446,21846.0,998.0,2589.0,0.4703791469194313,5.0,447.9188060760498,1.0,GP_Is_7.0mm_closed_R5_single_refY,GP_Is_7.0mm_closed_R5_single_refY_004,5,470,GP_Is_7.0mm_closed_R5_single_refY_004-raw05-01,24.245035752867462,7.209956015737391,True,134.11746215820312,0.5356149081246596,3.863369703292847,8.357314967982767,224.1723747925228,dxy_raw_candidates/images/GP_Is_7.0mm_closed_R5_single_refY_004-raw05-01.jpg,dxy_raw_candidates/masks/GP_Is_7.0mm_closed_R5_single_refY_004-raw05-01.png,dxy_raw_candidates/ring_fit/json/GP_Is_7.0mm_closed_R5_single_refY_004-raw05-01.json,circle,A,ok,
346.02460276781136,1953.578512396694,9521.095384615384,15.549461814454126,82.60433884297521,128.37615384615384,21461.0,968.0,2600.0,0.4431137724550898,4.0,419.8477386236191,1.0,GP_Is_7.0mm_closed_R5_single_refY,GP_Is_7.0mm_closed_R5_single_refY_004,5,475,GP_Is_7.0mm_closed_R5_single_refY_004-raw05-02,21.99487820321072,7.19541542116277,True,130.44927978515625,0.517030907711145,4.015566825866699,8.49738968081921,221.69567278333696,dxy_raw_candidates/images/GP_Is_7.0mm_closed_R5_single_refY_004-raw05-02.jpg,dxy_raw_candidates/masks/GP_Is_7.0mm_closed_R5_single_refY_004-raw05-02.png,dxy_raw_candidates/ring_fit/json/GP_Is_7.0mm_closed_R5_single_refY_004-raw05-02.json,circle,B,ok,
479.431959261049,245.4255924170616,6891.290389972145,26.84763780990968,30.948815165876777,109.90285515320336,26903.0,1055.0,2872.0,0.4316702819956616,2.0,461.0315170288086,1.0,GP_Is_7.0mm_closed_R5_single_refY,GP_Is_7.0mm_closed_R5_single_refY_004,5,579,GP_Is_7.0mm_closed_R5_single_refY_004-raw05-24,21.23050670597289,6.97609442097206,True,131.2744598388672,0.4513741667580115,4.4413909912109375,9.0887626387521,238.624481201172,dxy_raw_candidates/images/GP_Is_7.0mm_closed_R5_single_refY_004-raw05-24.jpg,dxy_raw_candidates/masks/GP_Is_7.0mm_closed_R5_single_refY_004-raw05-24.png,dxy_raw_candidates/ring_fit/json/GP_Is_7.0mm_closed_R5_single_refY_004-raw05-24.json,ellipse,A,ok,
259.95699987643644,322.6728813559322,8218.329545454546,12.491371143786813,43.5728813559322,122.13875598086123,24279.0,1180.0,3344.0,0.5907172995780591,7.0,645.7838759422302,0.9977895950794464,GP_Is_7.0mm_closed_R5_single_refY,GP_Is_7.0mm_closed_R5_single_refY_005,1,210,GP_Is_7.0mm_closed_R5_single_refY_005-raw01-20,67.3659338363353,6.813270043887023,True,161.7405548095703,0.8726646883418218,0.8366864323616028,7.055922394126831,228.24576054386927,dxy_raw_candidates/images/GP_Is_7.0mm_closed_R5_single_refY_005-raw01-20.jpg,dxy_raw_candidates/masks/GP_Is_7.0mm_closed_R5_single_refY_005-raw01-20.png,dxy_raw_candidates/ring_fit/json/GP_Is_7.0mm_closed_R5_single_refY_005-raw01-20.json,circle,B,ok,
248.24519527552573,269.8243819266837,8180.1797084201135,11.227540227992922,29.603580562659847,121.60368937816126,24299.0,1173.0,3361.0,0.6010526315789474,7.0,658.4406995773315,0.9965855059514312,GP_Is_7.0mm_closed_R5_single_refY,GP_Is_7.0mm_closed_R5_single_refY_005,1,202,GP_Is_7.0mm_closed_R5_single_refY_005-raw01-19,65.09176179402671,6.807341675493327,True,161.57070922851562,0.8723562619180653,0.850243866443634,7.0665601470273725,228.34982695223547,dxy_raw_candidates/images/GP_Is_7.0mm_closed_R5_single_refY_005-raw01-19.jpg,dxy_raw_candidates/masks/GP_Is_7.0mm_closed_R5_single_refY_005-raw01-19.png,dxy_raw_candidates/ring_fit/json/GP_Is_7.0mm_closed_R5_single_refY_005-raw01-19.json,circle,B,ok,
238.4308723206717,1611.6743002544529,8129.280484448114,10.9745690873128,53.34266327396099,136.43435177539223,24773.0,1179.0,3633.0,0.5950413223140496,9.0,658.5411880016327,0.97977730219286,GP_Is_7.0mm_closed_R5_single_refY,GP_Is_7.0mm_closed_R5_single_refY_005,1,194,GP_Is_7.0mm_closed_R5_single_refY_005-raw01-18,62.88695608468585,6.820279348815365,True,160.50804138183594,0.8721943049823863,0.9853564500808716,7.14754712020076,229.4477577895612,dxy_raw_candidates/images/GP_Is_7.0mm_closed_R5_single_refY_005-raw01-18.jpg,dxy_raw_candidates/masks/GP_Is_7.0mm_closed_R5_single_refY_005-raw01-18.png,dxy_raw_candidates/ring_fit/json/GP_Is_7.0mm_closed_R5_single_refY_005-raw01-18.json,circle,B,ok,
309.38940372554526,260.1083423618635,8366.835427135678,10.194233829448656,8.22643553629469,115.39258793969849,21366.0,923.0,3184.0,0.6013363028953229,8.0,616.0853304862976,1.0,GP_Is_7.0mm_closed_R5_single_refY,GP_Is_7.0mm_closed_R5_single_refY_005,2,341,GP_Is_7.0mm_closed_R5_single_refY_005-raw02-12,46.44363565647337,6.661567194400149,True,155.57838439941406,0.8680858979127215,2.448293685913086,7.01992083904198,218.42958854998625,dxy_raw_candidates/images/GP_Is_7.0mm_closed_R5_single_refY_005-raw02-12.jpg,dxy_raw_candidates/masks/GP_Is_7.0mm_closed_R5_single_refY_005-raw02-12.png,dxy_raw_candidates/ring_fit/json/GP_Is_7.0mm_closed_R5_single_refY_005-raw02-12.json,circle,B,ok,
179.67304562051822,260.2154150197629,6899.724828017511,7.518718930095464,14.368577075098814,127.80519074421514,22731.0,1012.0,3198.0,0.5463362068965517,5.0,587.3279547691345,1.0,GP_Is_7.0mm_closed_R5_single_refY,GP_Is_7.0mm_closed_R5_single_refY_005,2,259,GP_Is_7.0mm_closed_R5_single_refY_005-raw02-02,44.644913378085626,6.631415366875991,True,158.79701232910156,0.8368711278127262,3.384493112564087,7.017595143910663,222.87462851764533,dxy_raw_candidates/images/GP_Is_7.0mm_closed_R5_single_refY_005-raw02-02.jpg,dxy_raw_candidates/masks/GP_Is_7.0mm_closed_R5_single_refY_005-raw02-02.png,dxy_raw_candidates/ring_fit/json/GP_Is_7.0mm_closed_R5_single_refY_005-raw02-02.json,circle,B,ok,
170.66479614204297,279.8622754491018,10016.725090036014,6.211749232792635,18.60578842315369,191.2923169267707,22810.0,1002.0,3332.0,0.5885529157667386,9.0,624.6417078971863,1.0,GP_Is_7.0mm_closed_R5_single_refY,GP_Is_7.0mm_closed_R5_single_refY_005,2,251,GP_Is_7.0mm_closed_R5_single_refY_005-raw02-01,41.21881905381944,6.627543577730256,True,158.56259155273438,0.8442895106772145,3.970205783843994,6.90661473714655,219.02614631565345,dxy_raw_candidates/images/GP_Is_7.0mm_closed_R5_single_refY_005-raw02-01.jpg,dxy_raw_candidates/masks/GP_Is_7.0mm_closed_R5_single_refY_005-raw02-01.png,dxy_raw_candidates/ring_fit/json/GP_Is_7.0mm_closed_R5_single_refY_005-raw02-01.json,circle,A,ok,
197.61272295440787,10228.0883218842,7050.680495148879,10.498626181716574,438.4003925417076,101.48410839745736,21473.0,1019.0,2989.0,0.5667420814479638,10.0,566.3868660926819,1.0,GP_Is_7.0mm_closed_R5_single_refY,GP_Is_7.0mm_closed_R5_single_refY_005,3,514,GP_Is_7.0mm_closed_R5_single_refY_005-raw03-09,39.26911774820281,6.693361085690832,True,147.33782958984375,0.7895919363083831,2.958245277404785,7.100807870850842,209.2435240051285,dxy_raw_candidates/images/GP_Is_7.0mm_closed_R5_single_refY_005-raw03-09.jpg,dxy_raw_candidates/masks/GP_Is_7.0mm_closed_R5_single_refY_005-raw03-09.png,dxy_raw_candidates/ring_fit/json/GP_Is_7.0mm_closed_R5_single_refY_005-raw03-09.json,circle,B,ok,
1011.1443888813805,9298.458897922312,10255.24693042292,42.81434428075866,354.4625112917796,137.13778990450206,22197.0,1107.0,2932.0,0.6077097505668935,11.0,603.7005598545074,0.996694488058838,GP_Is_7.0mm_closed_R5_single_refY,GP_Is_7.0mm_closed_R5_single_refY_005,3,571,GP_Is_7.0mm_closed_R5_single_refY_005-raw03-16,38.05145498515824,6.707988535505526,True,145.44363403320312,0.7736809847010165,0.8603351712226868,7.248851857107412,210.8598713332072,dxy_raw_candidates/images/GP_Is_7.0mm_closed_R5_single_refY_005-raw03-16.jpg,dxy_raw_candidates/masks/GP_Is_7.0mm_closed_R5_single_refY_005-raw03-16.png,dxy_raw_candidates/ring_fit/json/GP_Is_7.0mm_closed_R5_single_refY_005-raw03-16.json,circle,B,ok,
1032.7391499685507,9890.261510128914,10187.688452421267,45.14682361398149,397.3664825046041,153.45546901456146,22258.0,1086.0,2953.0,0.5897727272727272,11.0,582.9726665019989,0.995183797801836,GP_Is_7.0mm_closed_R5_single_refY,GP_Is_7.0mm_closed_R5_single_refY_005,3,563,GP_Is_7.0mm_closed_R5_single_refY_005-raw03-15,37.409940264712446,6.699742033704222,True,145.34036254882812,0.774239705021255,0.8543654680252075,7.283923694959131,211.729622120672,dxy_raw_candidates/images/GP_Is_7.0mm_closed_R5_single_refY_005-raw03-15.jpg,dxy_raw_candidates/masks/GP_Is_7.0mm_closed_R5_single_refY_005-raw03-15.png,dxy_raw_candidates/ring_fit/json/GP_Is_7.0mm_closed_R5_single_refY_005-raw03-15.json,circle,B,ok,
1565.308072487644,9734.875251509056,9405.007369196755,68.32619439868205,393.8692152917505,152.7888725128961,20031.0,994.0,2714.0,0.4910179640718562,11.0,461.13200771808624,1.0,GP_Is_7.0mm_closed_R5_single_refY,GP_Is_7.0mm_closed_R5_single_refY_005,4,661,GP_Is_7.0mm_closed_R5_single_refY_005-raw04-03,31.952659589409546,6.688994771383388,True,135.20240783691406,0.7404822877861686,2.933616876602173,7.4409705221308355,201.20742624711824,dxy_raw_candidates/images/GP_Is_7.0mm_closed_R5_single_refY_005-raw04-03.jpg,dxy_raw_candidates/masks/GP_Is_7.0mm_closed_R5_single_refY_005-raw04-03.png,dxy_raw_candidates/ring_fit/json/GP_Is_7.0mm_closed_R5_single_refY_005-raw04-03.json,circle,B,ok,
1162.5519218118598,16714.316176470587,10737.549295774648,55.74368010525327,636.0275735294117,156.25315998555436,21282.0,1088.0,2769.0,0.5955710955710956,10.0,573.4873847961426,1.0,GP_Is_7.0mm_closed_R5_single_refY,GP_Is_7.0mm_closed_R5_single_refY_005,4,645,GP_Is_7.0mm_closed_R5_single_refY_005-raw04-01,31.91540690077677,6.697354779084469,True,138.98439025878906,0.7449212563268874,1.7803359031677246,7.561617690768301,210.1893648243012,dxy_raw_candidates/images/GP_Is_7.0mm_closed_R5_single_refY_005-raw04-01.jpg,dxy_raw_candidates/masks/GP_Is_7.0mm_closed_R5_single_refY_005-raw04-01.png,dxy_raw_candidates/ring_fit/json/GP_Is_7.0mm_closed_R5_single_refY_005-raw04-01.json,circle,A,ok,
1078.1051193896294,13883.914814814814,9825.214311270123,45.828992605849386,648.0018518518518,144.48193202146692,21233.0,1080.0,2795.0,0.5955710955710956,8.0,579.629487991333,1.0,GP_Is_7.0mm_closed_R5_single_refY,GP_Is_7.0mm_closed_R5_single_refY_005,4,653,GP_Is_7.0mm_closed_R5_single_refY_005-raw04-02,31.608451531726946,6.7043557783302,True,139.52928161621094,0.7461652131473091,2.452552318572998,7.359083315822205,205.3615216821035,dxy_raw_candidates/images/GP_Is_7.0mm_closed_R5_single_refY_005-raw04-02.jpg,dxy_raw_candidates/masks/GP_Is_7.0mm_closed_R5_single_refY_005-raw04-02.png,dxy_raw_candidates/ring_fit/json/GP_Is_7.0mm_closed_R5_single_refY_005-raw04-02.json,circle,B,ok,
681.1759416997918,5227.163424124514,14671.182885270731,33.5093223547227,244.03696498054475,215.87277546383945,21132.0,1028.0,2641.0,0.4916666666666666,12.0,460.2325441837311,1.0,GP_Is_7.0mm_closed_R5_single_refY,GP_Is_7.0mm_closed_R5_single_refY_005,5,859,GP_Is_7.0mm_closed_R5_single_refY_005-raw05-03,20.649430651134924,6.999115887079981,True,136.12709045410156,0.6278264013464533,2.63559627532959,7.440442039338958,202.56914530151928,dxy_raw_candidates/images/GP_Is_7.0mm_closed_R5_single_refY_005-raw05-03.jpg,dxy_raw_candidates/masks/GP_Is_7.0mm_closed_R5_single_refY_005-raw05-03.png,dxy_raw_candidates/ring_fit/json/GP_Is_7.0mm_closed_R5_single_refY_005-raw05-03.json,circle,A,ok,
685.0231345406277,5150.492125984252,13599.665788483251,33.756376220726274,235.51377952755905,196.92058712834023,21094.0,1016.0,2657.0,0.4928571428571429,10.0,461.5756857395172,1.0,GP_Is_7.0mm_closed_R5_single_refY,GP_Is_7.0mm_closed_R5_single_refY_005,5,850,GP_Is_7.0mm_closed_R5_single_refY_005-raw05-02,19.85876971489118,6.996094750968931,True,136.22706604003906,0.6277380944333089,2.810241937637329,7.413919456799758,201.99529909139835,dxy_raw_candidates/images/GP_Is_7.0mm_closed_R5_single_refY_005-raw05-02.jpg,dxy_raw_candidates/masks/GP_Is_7.0mm_closed_R5_single_refY_005-raw05-02.png,dxy_raw_candidates/ring_fit/json/GP_Is_7.0mm_closed_R5_single_refY_005-raw05-02.json,circle,A,ok,
761.6878314197445,3276.2890625,10281.723669309173,34.27292848250104,116.767578125,136.85390713476784,21687.0,1024.0,2649.0,0.4767441860465116,7.0,459.7472652196884,1.0,GP_Is_7.0mm_closed_R5_single_refY,GP_Is_7.0mm_closed_R5_single_refY_005,5,867,GP_Is_7.0mm_closed_R5_single_refY_005-raw05-04,19.283256278896328,7.026424733128048,True,137.28753662109375,0.6207718427240453,3.296781301498413,7.535489243731694,206.90575110133489,dxy_raw_candidates/images/GP_Is_7.0mm_closed_R5_single_refY_005-raw05-04.jpg,dxy_raw_candidates/masks/GP_Is_7.0mm_closed_R5_single_refY_005-raw05-04.png,dxy_raw_candidates/ring_fit/json/GP_Is_7.0mm_closed_R5_single_refY_005-raw05-04.json,circle,B,ok,
384.05794288882726,183.4663143989432,4166.090523338048,8.482441548840217,9.792602377807134,50.22159358793022,21642.0,757.0,4242.0,0.9347826086956522,4.0,598.9848480224609,1.0,GP_Is_7mm_closed_R10_single_refY,GP_Is_7mm_closed_R10_single_refY_004,1,158,GP_Is_7mm_closed_R10_single_refY_004-raw01-19,30.832789526102264,7.876580167881786,True,275.7588195800781,0.5167105334702977,2.196611166000366,7.586418424391591,209.20217895507807,dxy_raw_candidates/images/GP_Is_7mm_closed_R10_single_refY_004-raw01-19.jpg,dxy_raw_candidates/masks/GP_Is_7mm_closed_R10_single_refY_004-raw01-19.png,dxy_raw_candidates/ring_fit/json/GP_Is_7mm_closed_R10_single_refY_004-raw01-19.json,ellipse,A,ok,
434.2287669452986,341.831045406547,12035.21187214612,9.081380744077268,19.714889123548048,238.0283105022831,23089.0,947.0,4380.0,0.9944444444444444,2.0,624.4700927734375,1.0,GP_Is_7mm_closed_R10_single_refY,GP_Is_7mm_closed_R10_single_refY_004,1,55,GP_Is_7mm_closed_R10_single_refY_004-raw01-03,30.1456084908085,7.884693538811158,True,284.5248107910156,0.5658935429802576,1.565568208694458,7.213455008302311,205.24069213867216,dxy_raw_candidates/images/GP_Is_7mm_closed_R10_single_refY_004-raw01-03.jpg,dxy_raw_candidates/masks/GP_Is_7mm_closed_R10_single_refY_004-raw01-03.png,dxy_raw_candidates/ring_fit/json/GP_Is_7mm_closed_R10_single_refY_004-raw01-03.json,ellipse,A,ok,
471.6076513422454,471.8933333333333,5090.463078848561,9.551570481469405,28.023703703703703,58.68485607008761,18402.0,675.0,3995.0,0.9380863039399624,2.0,576.286376953125,1.0,GP_Is_7mm_closed_R10_single_refY,GP_Is_7mm_closed_R10_single_refY_004,1,190,GP_Is_7mm_closed_R10_single_refY_004-raw01-24,29.146830448234223,7.871479974318339,True,261.3348388671875,0.4831060566582346,2.089548826217652,8.099093796751665,211.65753723443348,dxy_raw_candidates/images/GP_Is_7mm_closed_R10_single_refY_004-raw01-24.jpg,dxy_raw_candidates/masks/GP_Is_7mm_closed_R10_single_refY_004-raw01-24.png,dxy_raw_candidates/ring_fit/json/GP_Is_7mm_closed_R10_single_refY_004-raw01-24.json,circle,B,ok,
526.0282246993576,410.728323699422,4794.188612992225,10.28944044808083,23.23121387283237,70.40481565086532,18211.0,692.0,3987.0,0.8857715430861723,4.0,513.8010506629944,1.0,GP_Is_7mm_closed_R10_single_refY,GP_Is_7mm_closed_R10_single_refY_004,2,209,GP_Is_7mm_closed_R10_single_refY_004-raw02-03,26.299340176010123,7.858814914074768,True,258.4045715332031,0.495844442564937,1.5711545944213867,7.570460522656243,195.62416076660188,dxy_raw_candidates/images/GP_Is_7mm_closed_R10_single_refY_004-raw02-03.jpg,dxy_raw_candidates/masks/GP_Is_7mm_closed_R10_single_refY_004-raw02-03.png,dxy_raw_candidates/ring_fit/json/GP_Is_7mm_closed_R10_single_refY_004-raw02-03.json,ellipse,A,ok,
414.1829403386612,256.5007874015748,5357.191468253968,6.095954001160521,12.738582677165354,86.18725198412699,18957.0,635.0,4032.0,0.9137254901960784,6.0,538.2863426208496,1.0,GP_Is_7mm_closed_R10_single_refY,GP_Is_7mm_closed_R10_single_refY_004,2,222,GP_Is_7mm_closed_R10_single_refY_004-raw02-05,25.203590488168963,7.8058580167344065,True,260.0789489746094,0.5045951140910938,2.006466627120972,8.077160258887654,210.0699350830989,dxy_raw_candidates/images/GP_Is_7mm_closed_R10_single_refY_004-raw02-05.jpg,dxy_raw_candidates/masks/GP_Is_7mm_closed_R10_single_refY_004-raw02-05.png,dxy_raw_candidates/ring_fit/json/GP_Is_7mm_closed_R10_single_refY_004-raw02-05.json,circle,B,ok,
367.8721434488135,215.19774011299435,5450.892745239817,9.1287823417629,10.535310734463277,78.91540130151844,20523.0,708.0,4149.0,0.9863481228668942,1.0,678.4822998046875,1.0,GP_Is_7mm_closed_R10_single_refY,GP_Is_7mm_closed_R10_single_refY_004,2,234,GP_Is_7mm_closed_R10_single_refY_004-raw02-07,23.49162108730269,7.814560570508366,True,266.57000732421875,0.5090042643971897,2.209550142288208,8.289300138616985,220.96787986637807,dxy_raw_candidates/images/GP_Is_7mm_closed_R10_single_refY_004-raw02-07.jpg,dxy_raw_candidates/masks/GP_Is_7mm_closed_R10_single_refY_004-raw02-07.png,dxy_raw_candidates/ring_fit/json/GP_Is_7mm_closed_R10_single_refY_004-raw02-07.json,circle,B,ok,
381.9447244767193,269.0740354535975,6434.626805054151,7.992780862879111,15.331595411887385,111.16787003610108,23410.0,959.0,4432.0,1.0,1.0,624.298583984375,1.0,GP_Is_7mm_closed_R10_single_refY,GP_Is_7mm_closed_R10_single_refY_004,3,350,GP_Is_7mm_closed_R10_single_refY_004-raw03-01,22.85911129369736,7.852263004361155,True,283.1093444824219,0.5760261552370484,1.2352771759033203,7.255310406129098,205.4046173095705,dxy_raw_candidates/images/GP_Is_7mm_closed_R10_single_refY_004-raw03-01.jpg,dxy_raw_candidates/masks/GP_Is_7mm_closed_R10_single_refY_004-raw03-01.png,dxy_raw_candidates/ring_fit/json/GP_Is_7mm_closed_R10_single_refY_004-raw03-01.json,ellipse,B,ok,
311.4762609081497,204.51901565995524,3328.54173693086,9.006729773702116,15.700223713646531,47.14860876897133,27044.0,894.0,4744.0,0.964527027027027,3.0,661.1980209350586,1.0,GP_Is_7mm_closed_R10_single_refY,GP_Is_7mm_closed_R10_single_refY_004,3,414,GP_Is_7mm_closed_R10_single_refY_004-raw03-11,22.40648755953636,7.777554203374917,True,299.3256225585937,0.5866414302375977,3.047657012939453,7.311845618130435,218.86227416992227,dxy_raw_candidates/images/GP_Is_7mm_closed_R10_single_refY_004-raw03-11.jpg,dxy_raw_candidates/masks/GP_Is_7mm_closed_R10_single_refY_004-raw03-11.png,dxy_raw_candidates/ring_fit/json/GP_Is_7mm_closed_R10_single_refY_004-raw03-11.json,ellipse,A,ok,
311.2640249332146,208.36123348017625,3330.5067510548524,8.491392104482042,17.102422907488986,46.11286919831224,26952.0,908.0,4740.0,0.9761499148211245,3.0,665.2690963745117,1.0,GP_Is_7mm_closed_R10_single_refY,GP_Is_7mm_closed_R10_single_refY_004,3,408,GP_Is_7mm_closed_R10_single_refY_004-raw03-10,21.87249120775387,7.775417393150392,True,299.33868408203125,0.5855601361948026,2.943320751190185,7.315738632830142,218.98835754394585,dxy_raw_candidates/images/GP_Is_7mm_closed_R10_single_refY_004-raw03-10.jpg,dxy_raw_candidates/masks/GP_Is_7mm_closed_R10_single_refY_004-raw03-10.png,dxy_raw_candidates/ring_fit/json/GP_Is_7mm_closed_R10_single_refY_004-raw03-10.json,ellipse,B,ok,
260.11464968152865,179.72273567467653,4692.052308232403,8.926833251674015,11.414048059149724,136.42408285062314,36738.0,1082.0,5697.0,0.9836734693877552,1.0,828.8670654296875,1.0,GP_Is_7mm_closed_R10_single_refY,GP_Is_7mm_closed_R10_single_refY_004,4,555,GP_Is_7mm_closed_R10_single_refY_004-raw04-09,13.225333647320587,7.673581523179305,True,356.42742919921875,0.5591787468512529,3.379289627075196,7.235879300108722,257.90658569336017,dxy_raw_candidates/images/GP_Is_7mm_closed_R10_single_refY_004-raw04-09.jpg,dxy_raw_candidates/masks/GP_Is_7mm_closed_R10_single_refY_004-raw04-09.png,dxy_raw_candidates/ring_fit/json/GP_Is_7mm_closed_R10_single_refY_004-raw04-09.json,ellipse,A,ok,
253.84049862298883,155.25497630331753,3249.215777262181,7.686389331787216,9.843601895734595,37.85015467904099,34495.0,1055.0,5172.0,0.9067567567567568,5.0,779.0802835226059,1.0,GP_Is_7mm_closed_R10_single_refY,GP_Is_7mm_closed_R10_single_refY_004,4,504,GP_Is_7mm_closed_R10_single_refY_004-raw04-01,12.66095042317708,7.794972360862436,True,330.2405700683594,0.5888612947510219,2.482683658599853,7.400723090882694,244.40190124511747,dxy_raw_candidates/images/GP_Is_7mm_closed_R10_single_refY_004-raw04-01.jpg,dxy_raw_candidates/masks/GP_Is_7mm_closed_R10_single_refY_004-raw04-01.png,dxy_raw_candidates/ring_fit/json/GP_Is_7mm_closed_R10_single_refY_004-raw04-01.json,ellipse,B,ok,
253.8469299008524,155.14881516587678,3247.135730858469,7.686496202238071,9.846445497630333,37.79215003866976,34494.0,1055.0,5172.0,0.9067567567567568,5.0,779.0802835226059,1.0,GP_Is_7mm_closed_R10_single_refY,GP_Is_7mm_closed_R10_single_refY_004,4,510,GP_Is_7mm_closed_R10_single_refY_004-raw04-02,12.657839512859162,7.794964457443414,True,330.23931884765625,0.588836865318849,2.484282255172729,7.400751130965813,244.40190124511736,dxy_raw_candidates/images/GP_Is_7mm_closed_R10_single_refY_004-raw04-02.jpg,dxy_raw_candidates/masks/GP_Is_7mm_closed_R10_single_refY_004-raw04-02.png,dxy_raw_candidates/ring_fit/json/GP_Is_7mm_closed_R10_single_refY_004-raw04-02.json,ellipse,B,ok,
229.61973680949663,177.94174757281553,5548.327956989248,8.36031325122054,10.949514563106796,118.97328629032258,40351.0,1030.0,5952.0,0.9747340425531916,2.0,835.7960205078125,1.0,GP_Is_7mm_closed_R10_single_refY,GP_Is_7mm_closed_R10_single_refY_004,5,703,GP_Is_7mm_closed_R10_single_refY_004-raw05-08,14.003358836967564,7.730592763800661,True,367.4015502929688,0.5854295787961268,4.940066337585449,7.403785725309397,272.0162353515633,dxy_raw_candidates/images/GP_Is_7mm_closed_R10_single_refY_004-raw05-08.jpg,dxy_raw_candidates/masks/GP_Is_7mm_closed_R10_single_refY_004-raw05-08.png,dxy_raw_candidates/ring_fit/json/GP_Is_7mm_closed_R10_single_refY_004-raw05-08.json,ellipse,A,ok,
243.83135984970207,177.82194244604315,2831.5006915629324,8.421995896472449,11.357014388489208,51.469398340248965,40453.0,1112.0,5784.0,0.981651376146789,1.0,856.9381103515625,0.9997428953412636,GP_Is_7mm_closed_R10_single_refY,GP_Is_7mm_closed_R10_single_refY_004,5,677,GP_Is_7mm_closed_R10_single_refY_004-raw05-04,13.839550337497116,7.7381024187954655,True,363.2054138183594,0.595905752570374,3.57136607170105,7.283906292602244,264.5554199218755,dxy_raw_candidates/images/GP_Is_7mm_closed_R10_single_refY_004-raw05-04.jpg,dxy_raw_candidates/masks/GP_Is_7mm_closed_R10_single_refY_004-raw05-04.png,dxy_raw_candidates/ring_fit/json/GP_Is_7mm_closed_R10_single_refY_004-raw05-04.json,ellipse,B,ok,
229.3081065347111,209.39268978444235,6342.828326900487,8.422912724979382,11.62136832239925,142.40241651283773,41226.0,1067.0,5959.0,0.9853917662682604,2.0,844.3817901611328,1.0,GP_Is_7mm_closed_R10_single_refY,GP_Is_7mm_closed_R10_single_refY_004,5,709,GP_Is_7mm_closed_R10_single_refY_004-raw05-09,13.274387643653956,7.731080818176276,True,369.311279296875,0.5828281006684527,4.1592698097229,7.381592438416367,272.6105346679689,dxy_raw_candidates/images/GP_Is_7mm_closed_R10_single_refY_004-raw05-09.jpg,dxy_raw_candidates/masks/GP_Is_7mm_closed_R10_single_refY_004-raw05-09.png,dxy_raw_candidates/ring_fit/json/GP_Is_7mm_closed_R10_single_refY_004-raw05-09.json,ellipse,A,ok,
342.5312052715439,179.2405247813411,8637.379032258064,11.54270976801966,8.61661807580175,163.0700146627566,37029.0,1372.0,5456.0,1.0,1.0,808.0802612304688,1.0,GP_Is_7mm_closed_R10_single_refY,GP_Is_7mm_closed_R10_single_refY_005,1,38,GP_Is_7mm_closed_R10_single_refY_005-raw01-02,18.48881828161051,7.485907601403547,True,335.80157470703125,0.6919791631083028,1.1804062128067017,7.012870214747137,235.49328613281324,dxy_raw_candidates/images/GP_Is_7mm_closed_R10_single_refY_005-raw01-02.jpg,dxy_raw_candidates/masks/GP_Is_7mm_closed_R10_single_refY_005-raw01-02.png,dxy_raw_candidates/ring_fit/json/GP_Is_7mm_closed_R10_single_refY_005-raw01-02.json,ellipse,B,ok,
317.5867338731299,183.17913832199545,5708.463401210787,11.18531824762722,10.267573696145124,106.76481379563384,37298.0,1323.0,5451.0,0.9971870604781996,2.0,817.1807861328125,1.0,GP_Is_7mm_closed_R10_single_refY,GP_Is_7mm_closed_R10_single_refY_005,1,43,GP_Is_7mm_closed_R10_single_refY_005-raw01-03,18.22901456477789,7.486439860059495,True,335.45953369140625,0.6894519467940327,1.2156431674957275,7.067622920619799,237.090148925782,dxy_raw_candidates/images/GP_Is_7mm_closed_R10_single_refY_005-raw01-03.jpg,dxy_raw_candidates/masks/GP_Is_7mm_closed_R10_single_refY_005-raw01-03.png,dxy_raw_candidates/ring_fit/json/GP_Is_7mm_closed_R10_single_refY_005-raw01-03.json,ellipse,A,ok,
355.67705848482353,154.37805782060786,6283.458294973301,13.33437525705355,9.765011119347664,124.0235684036089,36471.0,1349.0,5431.0,1.0,1.0,808.080322265625,1.0,GP_Is_7mm_closed_R10_single_refY,GP_Is_7mm_closed_R10_single_refY_005,1,48,GP_Is_7mm_closed_R10_single_refY_005-raw01-04,17.681888840257383,7.486896441278569,True,334.4013061523437,0.6837866193584953,1.2027026414871216,7.031908357823046,235.1479339599612,dxy_raw_candidates/images/GP_Is_7mm_closed_R10_single_refY_005-raw01-04.jpg,dxy_raw_candidates/masks/GP_Is_7mm_closed_R10_single_refY_005-raw01-04.png,dxy_raw_candidates/ring_fit/json/GP_Is_7mm_closed_R10_single_refY_005-raw01-04.json,ellipse,A,ok,
311.1855342275671,263.6823104693141,3850.078690935834,11.910788621646624,14.451865222623343,77.2502298216584,34592.0,1662.0,5439.0,0.9412698412698411,3.0,696.0386581420898,1.0,GP_Is_7mm_closed_R10_single_refY,GP_Is_7mm_closed_R10_single_refY_005,2,252,GP_Is_7mm_closed_R10_single_refY_005-raw02-20,17.74473120963838,7.3546817375522195,True,332.2528991699219,0.7037002912490307,2.587533473968506,7.124604687146806,236.7170562744148,dxy_raw_candidates/images/GP_Is_7mm_closed_R10_single_refY_005-raw02-20.jpg,dxy_raw_candidates/masks/GP_Is_7mm_closed_R10_single_refY_005-raw02-20.png,dxy_raw_candidates/ring_fit/json/GP_Is_7mm_closed_R10_single_refY_005-raw02-20.json,ellipse,A,ok,
262.42235758177475,185.6302414231258,5885.053790613719,11.372232806504414,12.623252858958068,127.45126353790614,37267.0,1574.0,5540.0,0.9986033519553073,1.0,831.222412109375,1.0,GP_Is_7mm_closed_R10_single_refY,GP_Is_7mm_closed_R10_single_refY_005,2,267,GP_Is_7mm_closed_R10_single_refY_005-raw02-23,16.84875638834164,7.307923636729501,True,337.2374267578125,0.7250116410728406,1.7700198888778689,7.1125865066463385,239.86303710937509,dxy_raw_candidates/images/GP_Is_7mm_closed_R10_single_refY_005-raw02-23.jpg,dxy_raw_candidates/masks/GP_Is_7mm_closed_R10_single_refY_005-raw02-23.png,dxy_raw_candidates/ring_fit/json/GP_Is_7mm_closed_R10_single_refY_005-raw02-23.json,ellipse,A,ok,
309.5110660584558,222.10300429184548,5876.242533936652,10.760404347581236,12.286123032904149,143.0162895927602,35514.0,1398.0,5525.0,0.994011976047904,1.0,771.9381713867188,0.9970413605716012,GP_Is_7mm_closed_R10_single_refY,GP_Is_7mm_closed_R10_single_refY_005,2,185,GP_Is_7mm_closed_R10_single_refY_005-raw02-07,16.333510191541833,7.30778947743643,True,327.1845397949219,0.7218075794182169,1.4661147594451904,7.071858581277831,231.380279541016,dxy_raw_candidates/images/GP_Is_7mm_closed_R10_single_refY_005-raw02-07.jpg,dxy_raw_candidates/masks/GP_Is_7mm_closed_R10_single_refY_005-raw02-07.png,dxy_raw_candidates/ring_fit/json/GP_Is_7mm_closed_R10_single_refY_005-raw02-07.json,ellipse,B,ok,
387.6223717409588,173.1213535589265,8570.654980909407,14.302749158957107,11.849474912485414,201.8207219715377,38048.0,1714.0,5762.0,1.0,1.0,812.607177734375,1.0,GP_Is_7mm_closed_R10_single_refY,GP_Is_7mm_closed_R10_single_refY_005,3,323,GP_Is_7mm_closed_R10_single_refY_005-raw03-10,18.63956478469165,7.2707156493503025,True,336.69873046875,0.7801981674270507,2.4496841430664062,7.0960955661517,238.92463684082065,dxy_raw_candidates/images/GP_Is_7mm_closed_R10_single_refY_005-raw03-10.jpg,dxy_raw_candidates/masks/GP_Is_7mm_closed_R10_single_refY_005-raw03-10.png,dxy_raw_candidates/ring_fit/json/GP_Is_7mm_closed_R10_single_refY_005-raw03-10.json,ellipse,B,ok,
369.9717306920091,167.7646459500764,8303.436649584732,12.875920224869496,9.160468670402445,225.4216292631207,37355.0,1963.0,5659.0,1.0,2.0,982.9503784179688,1.0,GP_Is_7mm_closed_R10_single_refY,GP_Is_7mm_closed_R10_single_refY_005,3,318,GP_Is_7mm_closed_R10_single_refY_005-raw03-09,18.432761501471195,7.2561686721215874,True,334.56365966796875,0.7831013783371834,1.871792435646057,7.140065540561865,238.8806457519539,dxy_raw_candidates/images/GP_Is_7mm_closed_R10_single_refY_005-raw03-09.jpg,dxy_raw_candidates/masks/GP_Is_7mm_closed_R10_single_refY_005-raw03-09.png,dxy_raw_candidates/ring_fit/json/GP_Is_7mm_closed_R10_single_refY_005-raw03-09.json,ellipse,A,ok,
266.3442761631873,242.32968236582693,6021.472262247838,10.70058671032883,10.40197152245345,120.23721181556196,36645.0,1826.0,5552.0,0.9971387696709584,1.0,812.39404296875,1.0,GP_Is_7mm_closed_R10_single_refY,GP_Is_7mm_closed_R10_single_refY_005,3,282,GP_Is_7mm_closed_R10_single_refY_005-raw03-02,17.966805461925922,7.289274121629433,True,336.2899169921875,0.7460621471204602,1.629542589187622,7.041372295850973,236.7942504882813,dxy_raw_candidates/images/GP_Is_7mm_closed_R10_single_refY_005-raw03-02.jpg,dxy_raw_candidates/masks/GP_Is_7mm_closed_R10_single_refY_005-raw03-02.png,dxy_raw_candidates/ring_fit/json/GP_Is_7mm_closed_R10_single_refY_005-raw03-02.json,ellipse,B,ok,
316.82389085103296,148.93380140421263,7583.431623931624,10.981348879965164,8.354563691073219,149.29125575279423,41338.0,1994.0,6084.0,1.0,2.0,920.5066817998886,0.9972978450314124,GP_Is_7mm_closed_R10_single_refY,GP_Is_7mm_closed_R10_single_refY_005,4,404,GP_Is_7mm_closed_R10_single_refY_005-raw04-02,15.266386233478125,7.330615470702378,True,347.05535888671875,0.8249365732624843,1.7084003686904907,6.4230596338750345,222.9157266385297,dxy_raw_candidates/images/GP_Is_7mm_closed_R10_single_refY_005-raw04-02.jpg,dxy_raw_candidates/masks/GP_Is_7mm_closed_R10_single_refY_005-raw04-02.png,dxy_raw_candidates/ring_fit/json/GP_Is_7mm_closed_R10_single_refY_005-raw04-02.json,circle,A,ok,
414.2043436116424,172.11915367483297,6678.44724137931,13.352178355295903,14.316258351893095,112.10241379310344,38171.0,1796.0,5800.0,1.0,1.0,740.52392578125,1.0,GP_Is_7mm_closed_R10_single_refY,GP_Is_7mm_closed_R10_single_refY_005,4,516,GP_Is_7mm_closed_R10_single_refY_005-raw04-24,14.651925958834756,7.322532448164604,True,337.6204833984375,0.8292964750739045,1.8071229457855225,7.056243846688122,238.2332458496096,dxy_raw_candidates/images/GP_Is_7mm_closed_R10_single_refY_005-raw04-24.jpg,dxy_raw_candidates/masks/GP_Is_7mm_closed_R10_single_refY_005-raw04-24.png,dxy_raw_candidates/ring_fit/json/GP_Is_7mm_closed_R10_single_refY_005-raw04-24.json,ellipse,B,ok,
386.1005997192804,160.74190064794817,5740.952726017944,12.657266811279827,9.080453563714904,83.52570738440303,39185.0,1852.0,5796.0,1.0,2.0,826.8082275390625,1.0,GP_Is_7mm_closed_R10_single_refY,GP_Is_7mm_closed_R10_single_refY_005,4,475,GP_Is_7mm_closed_R10_single_refY_005-raw04-16,13.86053672010516,7.366983083257402,True,336.4868469238281,0.8487716266732904,1.6091769933700562,6.547816681939622,220.3254189541107,dxy_raw_candidates/images/GP_Is_7mm_closed_R10_single_refY_005-raw04-16.jpg,dxy_raw_candidates/masks/GP_Is_7mm_closed_R10_single_refY_005-raw04-16.png,dxy_raw_candidates/ring_fit/json/GP_Is_7mm_closed_R10_single_refY_005-raw04-16.json,circle,A,ok,
442.3267431370022,134.04002287021154,7439.576578160718,15.669570820982086,8.730703259005146,120.0276068225778,38795.0,1749.0,5687.0,1.0,1.0,823.1929931640625,1.0,GP_Is_7mm_closed_R10_single_refY,GP_Is_7mm_closed_R10_single_refY_005,5,552,GP_Is_7mm_closed_R10_single_refY_005-raw05-07,18.85177950906635,7.291272348294923,True,328.80682373046875,0.8443290638907968,1.636480450630188,6.918351278706586,227.4801109403144,dxy_raw_candidates/images/GP_Is_7mm_closed_R10_single_refY_005-raw05-07.jpg,dxy_raw_candidates/masks/GP_Is_7mm_closed_R10_single_refY_005-raw05-07.png,dxy_raw_candidates/ring_fit/json/GP_Is_7mm_closed_R10_single_refY_005-raw05-07.json,circle,B,ok,
330.2434191457406,167.8099891422367,6819.317560462671,10.4428341809175,10.497828447339849,131.7453557658605,37951.0,1842.0,5706.0,1.0,1.0,876.849853515625,0.9988326994765976,GP_Is_7mm_closed_R10_single_refY,GP_Is_7mm_closed_R10_single_refY_005,5,562,GP_Is_7mm_closed_R10_single_refY_005-raw05-09,18.04474183550117,7.317822402463939,True,328.7877197265625,0.8283967671530725,1.7850854396820068,7.184330364750658,236.21195983886767,dxy_raw_candidates/images/GP_Is_7mm_closed_R10_single_refY_005-raw05-09.jpg,dxy_raw_candidates/masks/GP_Is_7mm_closed_R10_single_refY_005-raw05-09.png,dxy_raw_candidates/ring_fit/json/GP_Is_7mm_closed_R10_single_refY_005-raw05-09.json,ellipse,A,ok,
329.706441283007,179.17640633533588,6708.664913203577,10.533650060370624,10.492626979792464,132.19042609153078,38098.0,1831.0,5703.0,1.0,1.0,870.607177734375,1.0,GP_Is_7mm_closed_R10_single_refY,GP_Is_7mm_closed_R10_single_refY_005,5,567,GP_Is_7mm_closed_R10_single_refY_005-raw05-10,18.043408500384103,7.318179673227834,True,328.66424560546875,0.8281694546926185,2.042417287826538,7.030767567106392,231.07619184704265,dxy_raw_candidates/images/GP_Is_7mm_closed_R10_single_refY_005-raw05-10.jpg,dxy_raw_candidates/masks/GP_Is_7mm_closed_R10_single_refY_005-raw05-10.png,dxy_raw_candidates/ring_fit/json/GP_Is_7mm_closed_R10_single_refY_005-raw05-10.json,circle,B,ok,
257.27492551791033,244.5813953488372,5310.166863625621,8.514515346774752,14.72093023255814,52.0683053651619,28866.0,86.0,4231.0,0.9838709677419356,2.0,712.7959995269775,1.0,GP_Is_8.8mm_closed_R10_single_refY,GP_Is_8.8mm_closed_R10_single_refY_004,1,96,GP_Is_8.8mm_closed_R10_single_refY_004-raw01-11,35.33124673918618,7.785329038818954,False,309.9153137207031,0.546209317296828,10.676816940307615,,,dxy_raw_candidates/images/GP_Is_8.8mm_closed_R10_single_refY_004-raw01-11.jpg,dxy_raw_candidates/masks/GP_Is_8.8mm_closed_R10_single_refY_004-raw01-11.png,dxy_raw_candidates/ring_fit/json/GP_Is_8.8mm_closed_R10_single_refY_004-raw01-11.json,none,none,ok,
264.4503566874591,311.6448598130841,5382.537898465172,8.661784471172071,21.05607476635514,61.716410861865405,29017.0,107.0,4235.0,0.9790996784565916,2.0,710.1391944885254,1.0,GP_Is_8.8mm_closed_R10_single_refY,GP_Is_8.8mm_closed_R10_single_refY_004,1,90,GP_Is_8.8mm_closed_R10_single_refY_004-raw01-10,34.638565441889824,7.799086096294856,False,313.8281555175781,0.5390740405101566,10.856246948242188,,,dxy_raw_candidates/images/GP_Is_8.8mm_closed_R10_single_refY_004-raw01-10.jpg,dxy_raw_candidates/masks/GP_Is_8.8mm_closed_R10_single_refY_004-raw01-10.png,dxy_raw_candidates/ring_fit/json/GP_Is_8.8mm_closed_R10_single_refY_004-raw01-10.json,none,none,ok,
258.7923747802406,343.4074074074074,5359.556603773585,7.742114516184633,22.39814814814815,59.21132075471698,29009.0,108.0,4240.0,0.9774193548387096,2.0,706.3107280731201,1.0,GP_Is_8.8mm_closed_R10_single_refY,GP_Is_8.8mm_closed_R10_single_refY_004,1,84,GP_Is_8.8mm_closed_R10_single_refY_004-raw01-09,32.95048274202583,7.795168065664469,False,314.01568603515625,0.538027057749079,10.895685195922852,,,dxy_raw_candidates/images/GP_Is_8.8mm_closed_R10_single_refY_004-raw01-09.jpg,dxy_raw_candidates/masks/GP_Is_8.8mm_closed_R10_single_refY_004-raw01-09.png,dxy_raw_candidates/ring_fit/json/GP_Is_8.8mm_closed_R10_single_refY_004-raw01-09.json,none,none,ok,
285.961367013373,223.0875,8706.940952380952,8.166617137196631,10.15625,140.13357142857143,30285.0,160.0,4200.0,0.9544715447154472,3.0,686.3107261657715,1.0,GP_Is_8.8mm_closed_R10_single_refY,GP_Is_8.8mm_closed_R10_single_refY_004,2,281,GP_Is_8.8mm_closed_R10_single_refY_004-raw02-19,23.27195737944708,7.756928909044717,False,262.0577697753906,0.6600098201240963,3.3393971920013428,,,dxy_raw_candidates/images/GP_Is_8.8mm_closed_R10_single_refY_004-raw02-19.jpg,dxy_raw_candidates/masks/GP_Is_8.8mm_closed_R10_single_refY_004-raw02-19.png,dxy_raw_candidates/ring_fit/json/GP_Is_8.8mm_closed_R10_single_refY_004-raw02-19.json,none,none,ok,
285.961367013373,223.0875,8717.63238095238,8.166617137196631,10.15625,140.2007142857143,30285.0,160.0,4200.0,0.9544715447154472,3.0,686.3107261657715,1.0,GP_Is_8.8mm_closed_R10_single_refY,GP_Is_8.8mm_closed_R10_single_refY_004,2,275,GP_Is_8.8mm_closed_R10_single_refY_004-raw02-18,23.27194435861374,7.756917539345021,False,262.0605163574219,0.6600098201240963,3.3393971920013428,,,dxy_raw_candidates/images/GP_Is_8.8mm_closed_R10_single_refY_004-raw02-18.jpg,dxy_raw_candidates/masks/GP_Is_8.8mm_closed_R10_single_refY_004-raw02-18.png,dxy_raw_candidates/ring_fit/json/GP_Is_8.8mm_closed_R10_single_refY_004-raw02-18.json,none,none,ok,
284.7988053566268,214.36190476190475,8047.282833020638,8.543016795658177,17.885714285714286,97.547138836773,31139.0,105.0,4264.0,0.96513470681458,2.0,711.7960033416748,1.0,GP_Is_8.8mm_closed_R10_single_refY,GP_Is_8.8mm_closed_R10_single_refY_004,2,229,GP_Is_8.8mm_closed_R10_single_refY_004-raw02-10,22.81555314911265,7.757711775455872,False,287.3563232421875,0.6057724764665138,6.195632457733154,,,dxy_raw_candidates/images/GP_Is_8.8mm_closed_R10_single_refY_004-raw02-10.jpg,dxy_raw_candidates/masks/GP_Is_8.8mm_closed_R10_single_refY_004-raw02-10.png,dxy_raw_candidates/ring_fit/json/GP_Is_8.8mm_closed_R10_single_refY_004-raw02-10.json,none,none,ok,
297.19257024924593,285.05185185185184,7439.143861293346,9.423019526909034,16.385185185185186,83.2101686972821,31495.0,135.0,4268.0,0.9409888357256778,3.0,687.2396869659424,1.0,GP_Is_8.8mm_closed_R10_single_refY,GP_Is_8.8mm_closed_R10_single_refY_004,3,316,GP_Is_8.8mm_closed_R10_single_refY_004-raw03-01,19.50093526865641,7.7949714955331935,False,270.19219970703125,0.6801258035882974,3.387879610061645,,,dxy_raw_candidates/images/GP_Is_8.8mm_closed_R10_single_refY_004-raw03-01.jpg,dxy_raw_candidates/masks/GP_Is_8.8mm_closed_R10_single_refY_004-raw03-01.png,dxy_raw_candidates/ring_fit/json/GP_Is_8.8mm_closed_R10_single_refY_004-raw03-01.json,none,none,ok,
255.68327645051195,144.89361702127658,6453.966203703703,7.570524356189885,11.120567375886525,75.21365740740741,32230.0,141.0,4320.0,0.95748031496063,2.0,710.7960243225098,1.0,GP_Is_8.8mm_closed_R10_single_refY,GP_Is_8.8mm_closed_R10_single_refY_004,3,322,GP_Is_8.8mm_closed_R10_single_refY_004-raw03-02,18.876668796073066,7.795525287664904,False,276.5025939941406,0.6599727961973815,3.634039878845215,,,dxy_raw_candidates/images/GP_Is_8.8mm_closed_R10_single_refY_004-raw03-02.jpg,dxy_raw_candidates/masks/GP_Is_8.8mm_closed_R10_single_refY_004-raw03-02.png,dxy_raw_candidates/ring_fit/json/GP_Is_8.8mm_closed_R10_single_refY_004-raw03-02.json,none,none,ok,
270.4676645338208,302.5987261146497,8727.314196008074,7.955295932358318,8.872611464968152,91.63153173357254,35008.0,157.0,4459.0,0.9330289193302892,3.0,716.8670711517334,1.0,GP_Is_8.8mm_closed_R10_single_refY,GP_Is_8.8mm_closed_R10_single_refY_004,3,351,GP_Is_8.8mm_closed_R10_single_refY_004-raw03-07,18.38137910714679,7.766964412140327,False,283.2015686035156,0.6722583468283336,3.377952337265014,,,dxy_raw_candidates/images/GP_Is_8.8mm_closed_R10_single_refY_004-raw03-07.jpg,dxy_raw_candidates/masks/GP_Is_8.8mm_closed_R10_single_refY_004-raw03-07.png,dxy_raw_candidates/ring_fit/json/GP_Is_8.8mm_closed_R10_single_refY_004-raw03-07.json,none,none,ok,
286.5224780530476,366.1651376146789,6774.00093196645,8.933799868786904,14.862385321100918,87.02213420316869,32009.0,109.0,4292.0,0.94794952681388,2.0,698.4111843109131,1.0,GP_Is_8.8mm_closed_R10_single_refY,GP_Is_8.8mm_closed_R10_single_refY_004,4,507,GP_Is_8.8mm_closed_R10_single_refY_004-raw04-10,18.850854901801213,7.669953118939548,False,268.7230834960937,0.6855922248680593,3.074270009994507,,,dxy_raw_candidates/images/GP_Is_8.8mm_closed_R10_single_refY_004-raw04-10.jpg,dxy_raw_candidates/masks/GP_Is_8.8mm_closed_R10_single_refY_004-raw04-10.png,dxy_raw_candidates/ring_fit/json/GP_Is_8.8mm_closed_R10_single_refY_004-raw04-10.json,none,none,ok,
284.9101004429472,239.4923076923077,6328.540427509293,8.950651943352673,11.2,72.41101301115242,32058.0,130.0,4304.0,0.9449685534591196,2.0,698.8254547119141,1.0,GP_Is_8.8mm_closed_R10_single_refY,GP_Is_8.8mm_closed_R10_single_refY_004,4,501,GP_Is_8.8mm_closed_R10_single_refY_004-raw04-09,17.057566152350102,7.685163021276713,False,270.4765930175781,0.6870396851126682,3.314948797225952,,,dxy_raw_candidates/images/GP_Is_8.8mm_closed_R10_single_refY_004-raw04-09.jpg,dxy_raw_candidates/masks/GP_Is_8.8mm_closed_R10_single_refY_004-raw04-09.png,dxy_raw_candidates/ring_fit/json/GP_Is_8.8mm_closed_R10_single_refY_004-raw04-09.json,none,none,ok,
264.3270198099733,213.4,5545.991666666667,8.936906166552816,8.685714285714285,58.7488425925926,32206.0,70.0,4320.0,0.946875,1.0,705.2396850585938,1.0,GP_Is_8.8mm_closed_R10_single_refY,GP_Is_8.8mm_closed_R10_single_refY_004,4,496,GP_Is_8.8mm_closed_R10_single_refY_004-raw04-08,16.095834301577657,7.68814732160464,False,276.1152648925781,0.6720441672278916,4.350394248962402,,,dxy_raw_candidates/images/GP_Is_8.8mm_closed_R10_single_refY_004-raw04-08.jpg,dxy_raw_candidates/masks/GP_Is_8.8mm_closed_R10_single_refY_004-raw04-08.png,dxy_raw_candidates/ring_fit/json/GP_Is_8.8mm_closed_R10_single_refY_004-raw04-08.json,none,none,ok,
297.3095636817587,212.7289719626168,5107.904,11.607252687026154,23.09345794392524,133.67977142857143,32843.0,107.0,4375.0,0.9643410852713178,2.0,723.1391773223877,1.0,GP_Is_8.8mm_closed_R10_single_refY,GP_Is_8.8mm_closed_R10_single_refY_004,5,670,GP_Is_8.8mm_closed_R10_single_refY_004-raw05-14,14.62941256061013,7.402348210363653,False,268.5443115234375,0.7225805876382615,2.6205193996429443,,,dxy_raw_candidates/images/GP_Is_8.8mm_closed_R10_single_refY_004-raw05-14.jpg,dxy_raw_candidates/masks/GP_Is_8.8mm_closed_R10_single_refY_004-raw05-14.png,dxy_raw_candidates/ring_fit/json/GP_Is_8.8mm_closed_R10_single_refY_004-raw05-14.json,none,none,ok,
277.01141346602395,141.32558139534885,5930.626038781164,11.570548903747474,8.825581395348838,157.5780240073869,32155.0,86.0,4332.0,0.9781591263650546,3.0,727.5533676147461,1.0,GP_Is_8.8mm_closed_R10_single_refY,GP_Is_8.8mm_closed_R10_single_refY_004,5,658,GP_Is_8.8mm_closed_R10_single_refY_004-raw05-12,14.569266285366483,7.404664346455257,False,265.58837890625,0.72161166625891,2.786414623260498,,,dxy_raw_candidates/images/GP_Is_8.8mm_closed_R10_single_refY_004-raw05-12.jpg,dxy_raw_candidates/masks/GP_Is_8.8mm_closed_R10_single_refY_004-raw05-12.png,dxy_raw_candidates/ring_fit/json/GP_Is_8.8mm_closed_R10_single_refY_004-raw05-12.json,none,none,ok,
275.0853499222395,131.92857142857142,5683.091789667897,11.345381026438568,6.845238095238095,148.05765682656826,32150.0,84.0,4336.0,0.970358814352574,3.0,720.8965396881104,1.0,GP_Is_8.8mm_closed_R10_single_refY,GP_Is_8.8mm_closed_R10_single_refY_004,5,652,GP_Is_8.8mm_closed_R10_single_refY_004-raw05-11,14.155978542370269,7.404113166820826,False,265.1510925292969,0.7217002469661016,2.737400770187378,,,dxy_raw_candidates/images/GP_Is_8.8mm_closed_R10_single_refY_004-raw05-11.jpg,dxy_raw_candidates/masks/GP_Is_8.8mm_closed_R10_single_refY_004-raw05-11.png,dxy_raw_candidates/ring_fit/json/GP_Is_8.8mm_closed_R10_single_refY_004-raw05-11.json,none,none,ok,
355.99076286032806,571.4475138121547,9701.505774783443,12.266825927695493,13.469613259668508,176.31809432146295,31395.0,181.0,4156.0,0.9495934959349592,2.0,680.9970397949219,1.0,GP_Is_8.8mm_closed_R10_single_refY,GP_Is_8.8mm_closed_R10_single_refY_005,1,160,GP_Is_8.8mm_closed_R10_single_refY_005-raw01-13,43.069433587980846,7.262454215787631,False,243.81944274902344,0.7960313715544792,1.262992024421692,,,dxy_raw_candidates/images/GP_Is_8.8mm_closed_R10_single_refY_005-raw01-13.jpg,dxy_raw_candidates/masks/GP_Is_8.8mm_closed_R10_single_refY_005-raw01-13.png,dxy_raw_candidates/ring_fit/json/GP_Is_8.8mm_closed_R10_single_refY_005-raw01-13.json,none,none,ok,
326.26008235626944,296.4129032258065,10222.805082713978,10.095338383679628,6.67741935483871,192.4890913450012,31813.0,155.0,4171.0,0.9161290322580644,5.0,652.8843253850937,1.0,GP_Is_8.8mm_closed_R10_single_refY,GP_Is_8.8mm_closed_R10_single_refY_005,1,169,GP_Is_8.8mm_closed_R10_single_refY_005-raw01-14,42.005135491913904,7.241417256047799,False,245.06675720214844,0.7973213869147866,1.5009853839874268,,,dxy_raw_candidates/images/GP_Is_8.8mm_closed_R10_single_refY_005-raw01-14.jpg,dxy_raw_candidates/masks/GP_Is_8.8mm_closed_R10_single_refY_005-raw01-14.png,dxy_raw_candidates/ring_fit/json/GP_Is_8.8mm_closed_R10_single_refY_005-raw01-14.json,none,none,ok,
283.2761373269285,220.1129943502825,11628.999492385788,10.61857163040407,10.463276836158192,238.4791878172589,28312.0,177.0,3940.0,0.948542024013722,2.0,641.2985877990723,1.0,GP_Is_8.8mm_closed_R10_single_refY,GP_Is_8.8mm_closed_R10_single_refY_005,1,66,GP_Is_8.8mm_closed_R10_single_refY_005-raw01-02,40.87707312816927,7.340195629857106,False,235.36627197265625,0.7651712495949,1.3742518424987793,,,dxy_raw_candidates/images/GP_Is_8.8mm_closed_R10_single_refY_005-raw01-02.jpg,dxy_raw_candidates/masks/GP_Is_8.8mm_closed_R10_single_refY_005-raw01-02.png,dxy_raw_candidates/ring_fit/json/GP_Is_8.8mm_closed_R10_single_refY_005-raw01-02.json,none,none,ok,
525.145380113002,,15021.73138832998,21.238759008018405,,432.65065392354126,29557.0,0.0,3976.0,0.9483333333333334,2.0,659.3695940971375,1.0,GP_Is_8.8mm_closed_R10_single_refY,GP_Is_8.8mm_closed_R10_single_refY_005,2,460,GP_Is_8.8mm_closed_R10_single_refY_005-raw02-24,50.73067366954543,7.242092037853422,False,223.8788146972656,0.8955538424470809,0.9273567199707032,,,dxy_raw_candidates/images/GP_Is_8.8mm_closed_R10_single_refY_005-raw02-24.jpg,dxy_raw_candidates/masks/GP_Is_8.8mm_closed_R10_single_refY_005-raw02-24.png,dxy_raw_candidates/ring_fit/json/GP_Is_8.8mm_closed_R10_single_refY_005-raw02-24.json,none,none,ok,
495.7413196195086,320.6511627906977,12625.422613065326,16.467748983227455,10.914728682170542,310.3233668341708,29751.0,129.0,3980.0,0.8668885191347754,1.0,607.813232421875,1.0,GP_Is_8.8mm_closed_R10_single_refY,GP_Is_8.8mm_closed_R10_single_refY_005,2,452,GP_Is_8.8mm_closed_R10_single_refY_005-raw02-23,48.86117023424571,7.230960635714987,False,222.8788146972656,0.8866537765011596,0.8594576120376587,,,dxy_raw_candidates/images/GP_Is_8.8mm_closed_R10_single_refY_005-raw02-23.jpg,dxy_raw_candidates/masks/GP_Is_8.8mm_closed_R10_single_refY_005-raw02-23.png,dxy_raw_candidates/ring_fit/json/GP_Is_8.8mm_closed_R10_single_refY_005-raw02-23.json,none,none,ok,
492.4582105545138,,12512.990267032692,16.66735869274042,,361.4988769653107,29864.0,5.0,4007.0,0.9207920792079208,1.0,645.6417236328125,1.0,GP_Is_8.8mm_closed_R10_single_refY,GP_Is_8.8mm_closed_R10_single_refY_005,2,443,GP_Is_8.8mm_closed_R10_single_refY_005-raw02-22,42.06047078081294,7.23255150110848,False,225.36502075195312,0.8984031235919039,0.8371939063072205,,,dxy_raw_candidates/images/GP_Is_8.8mm_closed_R10_single_refY_005-raw02-22.jpg,dxy_raw_candidates/masks/GP_Is_8.8mm_closed_R10_single_refY_005-raw02-22.png,dxy_raw_candidates/ring_fit/json/GP_Is_8.8mm_closed_R10_single_refY_005-raw02-22.json,none,none,ok,
481.73791984861793,,15243.948345035104,16.176691221193487,,438.8091775325978,29594.0,0.0,3988.0,0.9354304635761588,1.0,653.4701538085938,1.0,GP_Is_8.8mm_closed_R10_single_refY,GP_Is_8.8mm_closed_R10_single_refY_005,3,469,GP_Is_8.8mm_closed_R10_single_refY_005-raw03-01,47.92005748254161,7.247935982226139,False,224.0464782714844,0.8983278938151091,0.9024766087532043,,,dxy_raw_candidates/images/GP_Is_8.8mm_closed_R10_single_refY_005-raw03-01.jpg,dxy_raw_candidates/masks/GP_Is_8.8mm_closed_R10_single_refY_005-raw03-01.png,dxy_raw_candidates/ring_fit/json/GP_Is_8.8mm_closed_R10_single_refY_005-raw03-01.json,none,none,ok,
695.5672529339585,,14178.86186770428,26.62316332630652,,405.7351653696498,31783.0,0.0,4112.0,0.9484702093397746,2.0,680.6122117042542,1.0,GP_Is_8.8mm_closed_R10_single_refY,GP_Is_8.8mm_closed_R10_single_refY_005,3,546,GP_Is_8.8mm_closed_R10_single_refY_005-raw03-10,47.46580721689856,7.294668944299307,False,227.7154998779297,0.9363680957546152,0.8413046002388,,,dxy_raw_candidates/images/GP_Is_8.8mm_closed_R10_single_refY_005-raw03-10.jpg,dxy_raw_candidates/masks/GP_Is_8.8mm_closed_R10_single_refY_005-raw03-10.png,dxy_raw_candidates/ring_fit/json/GP_Is_8.8mm_closed_R10_single_refY_005-raw03-10.json,none,none,ok,
525.7573062651416,424.07142857142856,11590.537077033838,17.67251372320525,14.642857142857142,326.2591792656588,32609.0,112.0,4167.0,0.8057324840764332,3.0,587.0853424072266,1.0,GP_Is_8.8mm_closed_R10_single_refY,GP_Is_8.8mm_closed_R10_single_refY_005,3,606,GP_Is_8.8mm_closed_R10_single_refY_005-raw03-17,46.21507052712969,7.319757243921781,False,229.53921508789065,0.9532578082765696,1.2621543407440186,,,dxy_raw_candidates/images/GP_Is_8.8mm_closed_R10_single_refY_005-raw03-17.jpg,dxy_raw_candidates/masks/GP_Is_8.8mm_closed_R10_single_refY_005-raw03-17.png,dxy_raw_candidates/ring_fit/json/GP_Is_8.8mm_closed_R10_single_refY_005-raw03-17.json,none,none,ok,
329.086089748376,772.0193704600484,8301.589193825042,10.569675701236964,24.46489104116223,251.698756432247,40179.0,413.0,4664.0,0.7627365356622998,6.0,610.7838344573975,1.0,GP_Is_8.8mm_closed_R10_single_refY,GP_Is_8.8mm_closed_R10_single_refY_005,4,821,GP_Is_8.8mm_closed_R10_single_refY_005-raw04-18,37.097278597791714,7.256304191166439,False,261.6031188964844,0.9108650911475934,2.1359338760375977,,,dxy_raw_candidates/images/GP_Is_8.8mm_closed_R10_single_refY_005-raw04-18.jpg,dxy_raw_candidates/masks/GP_Is_8.8mm_closed_R10_single_refY_005-raw04-18.png,dxy_raw_candidates/ring_fit/json/GP_Is_8.8mm_closed_R10_single_refY_005-raw04-18.json,none,none,ok,
512.4038151939492,301.6666666666667,10848.34980806142,16.85207010722639,13.30952380952381,289.78334932821497,32921.0,42.0,4168.0,0.7821939586645469,4.0,577.0558915138245,1.0,GP_Is_8.8mm_closed_R10_single_refY,GP_Is_8.8mm_closed_R10_single_refY_005,4,701,GP_Is_8.8mm_closed_R10_single_refY_005-raw04-04,36.70030718901834,7.348575406250245,False,232.88563537597656,0.9222149456813222,1.268321514129639,,,dxy_raw_candidates/images/GP_Is_8.8mm_closed_R10_single_refY_005-raw04-04.jpg,dxy_raw_candidates/masks/GP_Is_8.8mm_closed_R10_single_refY_005-raw04-04.png,dxy_raw_candidates/ring_fit/json/GP_Is_8.8mm_closed_R10_single_refY_005-raw04-04.json,none,none,ok,
446.21367972901584,,8953.640655105974,16.257124211442246,,230.55346820809248,32179.0,0.0,4152.0,0.9759229534510432,1.0,709.7249145507812,1.0,GP_Is_8.8mm_closed_R10_single_refY,GP_Is_8.8mm_closed_R10_single_refY_005,4,675,GP_Is_8.8mm_closed_R10_single_refY_005-raw04-01,36.59882281401834,7.339234635321892,False,229.5644073486328,0.9291578165241294,1.168792486190796,,,dxy_raw_candidates/images/GP_Is_8.8mm_closed_R10_single_refY_005-raw04-01.jpg,dxy_raw_candidates/masks/GP_Is_8.8mm_closed_R10_single_refY_005-raw04-01.png,dxy_raw_candidates/ring_fit/json/GP_Is_8.8mm_closed_R10_single_refY_005-raw04-01.json,none,none,ok,
449.69823731949225,466.1740644038294,10302.719911259011,19.004745019442588,34.371627502175805,282.7247180624884,58377.0,1149.0,5409.0,0.8220858895705522,4.0,779.9087047576904,1.0,GP_Is_8.8mm_closed_R10_single_refY,GP_Is_8.8mm_closed_R10_single_refY_005,5,1081,GP_Is_8.8mm_closed_R10_single_refY_005-raw05-24,61.93907972016039,6.839211252975261,True,311.2996826171875,0.9958312364127434,1.1512665748596191,8.452946236238652,263.13994805212485,dxy_raw_candidates/images/GP_Is_8.8mm_closed_R10_single_refY_005-raw05-24.jpg,dxy_raw_candidates/masks/GP_Is_8.8mm_closed_R10_single_refY_005-raw05-24.png,dxy_raw_candidates/ring_fit/json/GP_Is_8.8mm_closed_R10_single_refY_005-raw05-24.json,circle,A,ok,
381.7930882676645,325.66323666978485,8052.027944111776,11.238558052117376,12.036482694106642,219.2168390491744,59059.0,1069.0,5511.0,0.7838827838827839,8.0,749.979752779007,1.0,GP_Is_8.8mm_closed_R10_single_refY,GP_Is_8.8mm_closed_R10_single_refY_005,5,1073,GP_Is_8.8mm_closed_R10_single_refY_005-raw05-23,54.262033928294215,6.849528364840305,True,311.76617431640625,0.9971497891994714,1.174018144607544,11.36639710789614,354.365814208985,dxy_raw_candidates/images/GP_Is_8.8mm_closed_R10_single_refY_005-raw05-23.jpg,dxy_raw_candidates/masks/GP_Is_8.8mm_closed_R10_single_refY_005-raw05-23.png,dxy_raw_candidates/ring_fit/json/GP_Is_8.8mm_closed_R10_single_refY_005-raw05-23.json,ellipse,B,ok,
277.58887166236,466.4548944337812,10003.150625339858,9.130938845822566,23.35124760076776,245.24234185245604,58050.0,1042.0,5517.0,0.8524390243902439,5.0,814.1219177246094,0.9996685061326366,GP_Is_8.8mm_closed_R10_single_refY,GP_Is_8.8mm_closed_R10_single_refY_005,5,1064,GP_Is_8.8mm_closed_R10_single_refY_005-raw05-22,53.828604212612575,6.860851048689058,True,310.4998779296875,0.9947011030947756,1.288907766342163,8.563692642181035,265.9025520024582,dxy_raw_candidates/images/GP_Is_8.8mm_closed_R10_single_refY_005-raw05-22.jpg,dxy_raw_candidates/masks/GP_Is_8.8mm_closed_R10_single_refY_005-raw05-22.png,dxy_raw_candidates/ring_fit/json/GP_Is_8.8mm_closed_R10_single_refY_005-raw05-22.json,circle,A,ok,
488.2852232364512,123.60249554367202,9533.06103286385,15.93377382270939,7.760249554367201,68.47026604068857,26183.0,1122.0,2556.0,0.5355691056910569,8.0,601.0142530202866,1.0,GP_Is_8.8mm_closed_R5_single_refY,GP_Is_8.8mm_closed_R5_single_refY_004,1,181,GP_Is_8.8mm_closed_R5_single_refY_004-raw01-18,34.502070306052666,7.797364797980432,True,142.96514892578125,0.4921120131847069,0.3738948106765747,13.710189952411222,392.0158696694447,dxy_raw_candidates/images/GP_Is_8.8mm_closed_R5_single_refY_004-raw01-18.jpg,dxy_raw_candidates/masks/GP_Is_8.8mm_closed_R5_single_refY_004-raw01-18.png,dxy_raw_candidates/ring_fit/json/GP_Is_8.8mm_closed_R5_single_refY_004-raw01-18.json,circle,A,ok,
405.2991913746631,128.9511754068716,12613.103744149766,15.462456680785522,7.3924050632911396,91.53042121684868,25970.0,1106.0,2564.0,0.5137055837563452,12.0,571.0437304973602,1.0,GP_Is_8.8mm_closed_R5_single_refY,GP_Is_8.8mm_closed_R5_single_refY_004,1,166,GP_Is_8.8mm_closed_R5_single_refY_004-raw01-16,30.707154905413404,7.834558625479875,True,142.76065063476562,0.5060917460058373,0.380614161491394,13.352044925949652,381.2293241866396,dxy_raw_candidates/images/GP_Is_8.8mm_closed_R5_single_refY_004-raw01-16.jpg,dxy_raw_candidates/masks/GP_Is_8.8mm_closed_R5_single_refY_004-raw01-16.png,dxy_raw_candidates/ring_fit/json/GP_Is_8.8mm_closed_R5_single_refY_004-raw01-16.json,circle,A,ok,
435.5510561370124,145.404973357016,11946.955200623295,15.14511893434824,6.030195381882771,85.81846513439812,26275.0,1126.0,2567.0,0.45676500508647,19.0,505.801078915596,1.0,GP_Is_8.8mm_closed_R5_single_refY,GP_Is_8.8mm_closed_R5_single_refY_004,1,174,GP_Is_8.8mm_closed_R5_single_refY_004-raw01-17,30.075607627115136,7.804870344145803,True,142.0747833251953,0.4999321922162779,0.3585794866085052,9.918382672218373,281.8304138183596,dxy_raw_candidates/images/GP_Is_8.8mm_closed_R5_single_refY_004-raw01-17.jpg,dxy_raw_candidates/masks/GP_Is_8.8mm_closed_R5_single_refY_004-raw01-17.png,dxy_raw_candidates/ring_fit/json/GP_Is_8.8mm_closed_R5_single_refY_004-raw01-17.json,ellipse,B,ok,
434.9642818132168,110.2630662020906,9273.693129770993,15.43935918441653,5.896341463414634,62.81984732824427,27465.0,1148.0,2620.0,0.4324324324324324,15.0,486.1736363172531,1.0,GP_Is_8.8mm_closed_R5_single_refY,GP_Is_8.8mm_closed_R5_single_refY_004,2,335,GP_Is_8.8mm_closed_R5_single_refY_004-raw02-14,25.162639972167547,7.79092778279549,True,144.72862243652344,0.4795544738417745,0.4216926097869873,9.898658240673235,286.5238342285161,dxy_raw_candidates/images/GP_Is_8.8mm_closed_R5_single_refY_004-raw02-14.jpg,dxy_raw_candidates/masks/GP_Is_8.8mm_closed_R5_single_refY_004-raw02-14.png,dxy_raw_candidates/ring_fit/json/GP_Is_8.8mm_closed_R5_single_refY_004-raw02-14.json,ellipse,A,ok,
418.659946571683,112.67476149176062,9486.547655068078,14.780160284951023,8.288811795316565,68.21558245083207,28075.0,1153.0,2644.0,0.4623762376237624,12.0,534.114795923233,1.0,GP_Is_8.8mm_closed_R5_single_refY,GP_Is_8.8mm_closed_R5_single_refY_004,2,304,GP_Is_8.8mm_closed_R5_single_refY_004-raw02-10,24.76964609734805,7.737353208681891,True,145.2451629638672,0.4988034112982367,0.4092189967632293,13.402250903423914,389.3224233100885,dxy_raw_candidates/images/GP_Is_8.8mm_closed_R5_single_refY_004-raw02-10.jpg,dxy_raw_candidates/masks/GP_Is_8.8mm_closed_R5_single_refY_004-raw02-10.png,dxy_raw_candidates/ring_fit/json/GP_Is_8.8mm_closed_R5_single_refY_004-raw02-10.json,circle,A,ok,
599.8827748596269,154.7302688638335,11814.647328244277,26.20804202137294,7.310494362532524,85.88778625954198,27605.0,1153.0,2620.0,0.4093625498007968,4.0,473.688353061676,1.0,GP_Is_8.8mm_closed_R5_single_refY,GP_Is_8.8mm_closed_R5_single_refY_004,2,243,GP_Is_8.8mm_closed_R5_single_refY_004-raw02-02,24.32212347561754,7.696691904593431,True,144.62033081054688,0.4731508800956808,0.4293921291828155,10.066782107902666,291.17227172851625,dxy_raw_candidates/images/GP_Is_8.8mm_closed_R5_single_refY_004-raw02-02.jpg,dxy_raw_candidates/masks/GP_Is_8.8mm_closed_R5_single_refY_004-raw02-02.png,dxy_raw_candidates/ring_fit/json/GP_Is_8.8mm_closed_R5_single_refY_004-raw02-02.json,ellipse,B,ok,
397.4408587447013,122.20677966101697,8418.583819241983,14.05257760153152,6.159322033898305,73.41946064139941,29252.0,1180.0,2744.0,0.4870565675934803,20.0,565.0436956882477,1.0,GP_Is_8.8mm_closed_R5_single_refY,GP_Is_8.8mm_closed_R5_single_refY_004,3,434,GP_Is_8.8mm_closed_R5_single_refY_004-raw03-03,18.064668912052817,7.742110105318058,True,150.4698944091797,0.5055487267817161,0.4344841539859772,13.124436960639777,394.9665287294813,dxy_raw_candidates/images/GP_Is_8.8mm_closed_R5_single_refY_004-raw03-03.jpg,dxy_raw_candidates/masks/GP_Is_8.8mm_closed_R5_single_refY_004-raw03-03.png,dxy_raw_candidates/ring_fit/json/GP_Is_8.8mm_closed_R5_single_refY_004-raw03-03.json,circle,B,ok,
384.5383721724869,129.160136286201,7764.525473071325,12.987835713797582,7.687393526405452,58.08042212518195,29266.0,1174.0,2748.0,0.5114942528735632,16.0,600.4284695386887,1.0,GP_Is_8.8mm_closed_R5_single_refY,GP_Is_8.8mm_closed_R5_single_refY_004,3,450,GP_Is_8.8mm_closed_R5_single_refY_004-raw03-05,16.981091570324363,7.658070548664487,True,151.09278869628906,0.5234901543288696,0.3932927250862121,9.68844327372898,292.7707824707032,dxy_raw_candidates/images/GP_Is_8.8mm_closed_R5_single_refY_004-raw03-05.jpg,dxy_raw_candidates/masks/GP_Is_8.8mm_closed_R5_single_refY_004-raw03-05.png,dxy_raw_candidates/ring_fit/json/GP_Is_8.8mm_closed_R5_single_refY_004-raw03-05.json,ellipse,B,ok,
326.5724869506651,121.64470391993328,8198.015239477503,10.786933827243644,6.22768974145121,63.26632801161103,29695.0,1199.0,2756.0,0.5256653992395437,11.0,627.742191195488,1.0,GP_Is_8.8mm_closed_R5_single_refY,GP_Is_8.8mm_closed_R5_single_refY_004,3,427,GP_Is_8.8mm_closed_R5_single_refY_004-raw03-02,16.479607003063624,7.837489157675408,True,151.98292541503906,0.504111146098278,0.4786143600940704,13.076095912653962,397.4686619625572,dxy_raw_candidates/images/GP_Is_8.8mm_closed_R5_single_refY_004-raw03-02.jpg,dxy_raw_candidates/masks/GP_Is_8.8mm_closed_R5_single_refY_004-raw03-02.png,dxy_raw_candidates/ring_fit/json/GP_Is_8.8mm_closed_R5_single_refY_004-raw03-02.json,circle,A,ok,
286.1684319936646,114.77769625825384,4106.680798004987,8.478667590576123,6.436537050623625,37.27618453865337,40408.0,1363.0,3208.0,0.5572705117790414,5.0,787.0386428833008,1.0,GP_Is_8.8mm_closed_R5_single_refY,GP_Is_8.8mm_closed_R5_single_refY_004,4,634,GP_Is_8.8mm_closed_R5_single_refY_004-raw04-05,14.62854910357322,7.6454740504589696,True,178.36114501953125,0.541469591979786,0.4291383326053619,9.475713905872457,338.01983642578216,dxy_raw_candidates/images/GP_Is_8.8mm_closed_R5_single_refY_004-raw04-05.jpg,dxy_raw_candidates/masks/GP_Is_8.8mm_closed_R5_single_refY_004-raw04-05.png,dxy_raw_candidates/ring_fit/json/GP_Is_8.8mm_closed_R5_single_refY_004-raw04-05.json,ellipse,A,ok,
347.235290628707,1240.6910828025475,7457.574453551912,13.0820581257414,81.63057324840764,71.6028005464481,33720.0,1256.0,2928.0,0.5767524401064774,5.0,747.724974155426,1.0,GP_Is_8.8mm_closed_R5_single_refY,GP_Is_8.8mm_closed_R5_single_refY_004,4,756,GP_Is_8.8mm_closed_R5_single_refY_004-raw04-21,14.009527448770738,7.652668263114979,True,161.857666015625,0.5996564853965523,0.492106944322586,9.38683973157116,303.866394042969,dxy_raw_candidates/images/GP_Is_8.8mm_closed_R5_single_refY_004-raw04-21.jpg,dxy_raw_candidates/masks/GP_Is_8.8mm_closed_R5_single_refY_004-raw04-21.png,dxy_raw_candidates/ring_fit/json/GP_Is_8.8mm_closed_R5_single_refY_004-raw04-21.json,ellipse,B,ok,
369.76693962026457,183.64940239043824,8472.757681564246,13.090704580221365,14.5601593625498,81.12011173184358,33339.0,1255.0,2864.0,0.5778175313059034,3.0,743.2396392822266,1.0,GP_Is_8.8mm_closed_R5_single_refY,GP_Is_8.8mm_closed_R5_single_refY_004,4,779,GP_Is_8.8mm_closed_R5_single_refY_004-raw04-24,13.974628432996768,7.648398190752427,True,159.89418029785156,0.5877402490040217,0.4859426021575928,9.436310845920223,301.76223754882875,dxy_raw_candidates/images/GP_Is_8.8mm_closed_R5_single_refY_004-raw04-24.jpg,dxy_raw_candidates/masks/GP_Is_8.8mm_closed_R5_single_refY_004-raw04-24.png,dxy_raw_candidates/ring_fit/json/GP_Is_8.8mm_closed_R5_single_refY_004-raw04-24.json,ellipse,A,ok,
360.7726969089695,183.43695479777955,8017.801820728291,14.566709175927611,15.593180015860428,83.52696078431373,32934.0,1261.0,2856.0,0.5766488413547237,5.0,742.6538848876953,1.0,GP_Is_8.8mm_closed_R5_single_refY,GP_Is_8.8mm_closed_R5_single_refY_004,5,802,GP_Is_8.8mm_closed_R5_single_refY_004-raw05-03,14.73687594493231,7.649390663777289,True,159.03250122070312,0.5888873235302751,0.5036115050315857,9.456601646806469,300.7814025878911,dxy_raw_candidates/images/GP_Is_8.8mm_closed_R5_single_refY_004-raw05-03.jpg,dxy_raw_candidates/masks/GP_Is_8.8mm_closed_R5_single_refY_004-raw05-03.png,dxy_raw_candidates/ring_fit/json/GP_Is_8.8mm_closed_R5_single_refY_004-raw05-03.json,ellipse,B,ok,
357.32025905317886,178.63492063492063,8083.593837535014,14.222201952020432,13.11904761904762,81.6046918767507,32889.0,1260.0,2856.0,0.5748663101604278,4.0,742.0680694580078,1.0,GP_Is_8.8mm_closed_R5_single_refY,GP_Is_8.8mm_closed_R5_single_refY_004,5,795,GP_Is_8.8mm_closed_R5_single_refY_004-raw05-02,14.198797600470652,7.645802353399814,True,159.09996032714844,0.5885358058026475,0.4958112835884094,9.46284349667083,301.10760498046926,dxy_raw_candidates/images/GP_Is_8.8mm_closed_R5_single_refY_004-raw05-02.jpg,dxy_raw_candidates/masks/GP_Is_8.8mm_closed_R5_single_refY_004-raw05-02.png,dxy_raw_candidates/ring_fit/json/GP_Is_8.8mm_closed_R5_single_refY_004-raw05-02.json,ellipse,A,ok,
333.328317535545,182.4689984101749,9018.198611111113,12.924733412322276,16.375993640699523,88.3170138888889,33760.0,1258.0,2880.0,0.579982126899017,6.0,745.7249755859375,1.0,GP_Is_8.8mm_closed_R5_single_refY,GP_Is_8.8mm_closed_R5_single_refY_004,5,810,GP_Is_8.8mm_closed_R5_single_refY_004-raw05-04,14.163836692409744,7.637226823734644,True,159.78355407714844,0.6026923373985484,0.5565771460533142,9.379134466400709,299.7262878417969,dxy_raw_candidates/images/GP_Is_8.8mm_closed_R5_single_refY_004-raw05-04.jpg,dxy_raw_candidates/masks/GP_Is_8.8mm_closed_R5_single_refY_004-raw05-04.png,dxy_raw_candidates/ring_fit/json/GP_Is_8.8mm_closed_R5_single_refY_004-raw05-04.json,ellipse,B,ok,
439.1738053380214,1055.706081081081,15564.171251719396,19.516821160300463,31.43243243243243,143.18672627235213,25028.0,1184.0,2908.0,0.5475555555555556,5.0,717.4528793096542,1.0,GP_Is_8.8mm_closed_R5_single_refY,GP_Is_8.8mm_closed_R5_single_refY_005,1,182,GP_Is_8.8mm_closed_R5_single_refY_005-raw01-23,43.40366210824352,7.330514488090694,True,151.86769104003906,0.8197819525357366,0.5731355547904968,9.097921278643067,276.33605957031307,dxy_raw_candidates/images/GP_Is_8.8mm_closed_R5_single_refY_005-raw01-23.jpg,dxy_raw_candidates/masks/GP_Is_8.8mm_closed_R5_single_refY_005-raw01-23.png,dxy_raw_candidates/ring_fit/json/GP_Is_8.8mm_closed_R5_single_refY_005-raw01-23.json,ellipse,A,ok,
441.3684168528567,996.9983022071308,15480.281690140846,19.440871369294605,29.51952461799661,142.8069391961525,25064.0,1178.0,2911.0,0.5457777777777778,6.0,712.7959716320038,1.0,GP_Is_8.8mm_closed_R5_single_refY,GP_Is_8.8mm_closed_R5_single_refY_005,1,176,GP_Is_8.8mm_closed_R5_single_refY_005-raw01-22,43.16875108464443,7.3304218312385085,True,151.87594604492188,0.8202124803873402,0.5576708912849426,9.116633388062018,276.91946411132864,dxy_raw_candidates/images/GP_Is_8.8mm_closed_R5_single_refY_005-raw01-22.jpg,dxy_raw_candidates/masks/GP_Is_8.8mm_closed_R5_single_refY_005-raw01-22.png,dxy_raw_candidates/ring_fit/json/GP_Is_8.8mm_closed_R5_single_refY_005-raw01-22.json,ellipse,A,ok,
378.6260639745035,243.98466780238505,15718.588194444445,17.6728982859808,20.71720613287905,141.50416666666666,25729.0,1174.0,2880.0,0.5500910746812386,4.0,706.4528777599335,1.0,GP_Is_8.8mm_closed_R5_single_refY,GP_Is_8.8mm_closed_R5_single_refY_005,1,157,GP_Is_8.8mm_closed_R5_single_refY_005-raw01-19,39.93345668282211,7.3325411733509025,True,151.90443420410156,0.8088158378137086,0.6031097769737244,9.08156021636512,275.90585327148506,dxy_raw_candidates/images/GP_Is_8.8mm_closed_R5_single_refY_005-raw01-19.jpg,dxy_raw_candidates/masks/GP_Is_8.8mm_closed_R5_single_refY_005-raw01-19.png,dxy_raw_candidates/ring_fit/json/GP_Is_8.8mm_closed_R5_single_refY_005-raw01-19.json,ellipse,A,ok,
444.6074457495521,945.2911843276936,9950.603185595568,16.854031455305595,17.10240427426536,85.25069252077563,25115.0,1123.0,2888.0,0.5649717514124294,2.0,700.7249450683594,1.0,GP_Is_8.8mm_closed_R5_single_refY,GP_Is_8.8mm_closed_R5_single_refY_005,2,227,GP_Is_8.8mm_closed_R5_single_refY_005-raw02-06,26.731852171484626,7.248507128420173,True,150.80612182617188,0.7885119648630813,0.5348135232925415,9.242617039166346,278.7686462402352,dxy_raw_candidates/images/GP_Is_8.8mm_closed_R5_single_refY_005-raw02-06.jpg,dxy_raw_candidates/masks/GP_Is_8.8mm_closed_R5_single_refY_005-raw02-06.png,dxy_raw_candidates/ring_fit/json/GP_Is_8.8mm_closed_R5_single_refY_005-raw02-06.json,ellipse,A,ok,
526.3081798375916,532.9902912621359,13769.23396880416,21.11946920182214,19.51279788172992,119.92027729636048,25245.0,1133.0,2885.0,0.5597775718257646,4.0,699.8254241943359,1.0,GP_Is_8.8mm_closed_R5_single_refY,GP_Is_8.8mm_closed_R5_single_refY_005,2,221,GP_Is_8.8mm_closed_R5_single_refY_005-raw02-05,24.39670985212915,7.231744942596659,True,150.63327026367188,0.7972980804337322,0.5963382124900818,9.07509616687848,273.40228271484426,dxy_raw_candidates/images/GP_Is_8.8mm_closed_R5_single_refY_005-raw02-05.jpg,dxy_raw_candidates/masks/GP_Is_8.8mm_closed_R5_single_refY_005-raw02-05.png,dxy_raw_candidates/ring_fit/json/GP_Is_8.8mm_closed_R5_single_refY_005-raw02-05.json,ellipse,A,ok,
536.3391684901532,397.6426618049225,12786.729428172945,22.451454737012725,11.237010027347312,112.44246861924688,24678.0,1097.0,2868.0,0.5645933014354066,2.0,689.068115234375,1.0,GP_Is_8.8mm_closed_R5_single_refY,GP_Is_8.8mm_closed_R5_single_refY_005,2,214,GP_Is_8.8mm_closed_R5_single_refY_005-raw02-04,24.10785045468248,7.245372917831834,True,149.94696044921875,0.8031801284789033,0.6033210158348083,8.916793291573233,267.4092102050786,dxy_raw_candidates/images/GP_Is_8.8mm_closed_R5_single_refY_005-raw02-04.jpg,dxy_raw_candidates/masks/GP_Is_8.8mm_closed_R5_single_refY_005-raw02-04.png,dxy_raw_candidates/ring_fit/json/GP_Is_8.8mm_closed_R5_single_refY_005-raw02-04.json,ellipse,B,ok,
434.7818953869909,860.7687776141385,7643.167633410673,16.637682558064725,30.455081001472752,68.64269141531322,31086.0,1358.0,3448.0,0.5199098422238918,8.0,806.6071521043777,1.0,GP_Is_8.8mm_closed_R5_single_refY,GP_Is_8.8mm_closed_R5_single_refY_005,3,393,GP_Is_8.8mm_closed_R5_single_refY_005-raw03-08,22.60556422706416,7.2309598126775745,True,176.27394104003906,0.8759719999463778,0.8016120195388794,9.224117565506551,325.19431117769847,dxy_raw_candidates/images/GP_Is_8.8mm_closed_R5_single_refY_005-raw03-08.jpg,dxy_raw_candidates/masks/GP_Is_8.8mm_closed_R5_single_refY_005-raw03-08.png,dxy_raw_candidates/ring_fit/json/GP_Is_8.8mm_closed_R5_single_refY_005-raw03-08.json,circle,A,ok,
463.7768351284176,1076.1633306645317,7803.116125150421,16.59622203811102,28.25540432345877,71.66606498194946,30175.0,1249.0,3324.0,0.5469522240527183,4.0,775.5655212402344,1.0,GP_Is_8.8mm_closed_R5_single_refY,GP_Is_8.8mm_closed_R5_single_refY_005,3,380,GP_Is_8.8mm_closed_R5_single_refY_005-raw03-06,22.499407455778723,7.20843758636981,True,170.53077697753906,0.8745312487958167,0.7708393931388855,8.864494642715735,302.3338317871099,dxy_raw_candidates/images/GP_Is_8.8mm_closed_R5_single_refY_005-raw03-06.jpg,dxy_raw_candidates/masks/GP_Is_8.8mm_closed_R5_single_refY_005-raw03-06.png,dxy_raw_candidates/ring_fit/json/GP_Is_8.8mm_closed_R5_single_refY_005-raw03-06.json,ellipse,A,ok,
423.6529974489796,1345.3900481540932,7037.943613348677,15.687914540816326,54.28491171749599,68.48705408515535,31360.0,1246.0,3476.0,0.5658217497955846,3.0,815.7493171691895,1.0,GP_Is_8.8mm_closed_R5_single_refY,GP_Is_8.8mm_closed_R5_single_refY_005,3,418,GP_Is_8.8mm_closed_R5_single_refY_005-raw03-12,21.69161126004325,7.251669632984129,True,178.75733947753906,0.877825688632902,0.7524847984313965,8.773842959661856,313.6777648925782,dxy_raw_candidates/images/GP_Is_8.8mm_closed_R5_single_refY_005-raw03-12.jpg,dxy_raw_candidates/masks/GP_Is_8.8mm_closed_R5_single_refY_005-raw03-12.png,dxy_raw_candidates/ring_fit/json/GP_Is_8.8mm_closed_R5_single_refY_005-raw03-12.json,ellipse,A,ok,
165.82790030362685,1154.4273369992145,10804.378658536583,8.007774181708985,45.44540455616654,107.1951219512195,29971.0,1273.0,3280.0,0.5066666666666667,6.0,745.2102035284042,1.0,GP_Is_8.8mm_closed_R5_single_refY,GP_Is_8.8mm_closed_R5_single_refY_005,4,648,GP_Is_8.8mm_closed_R5_single_refY_005-raw04-24,25.42069349312488,7.25796605674129,True,166.7183380126953,0.91642423645714,0.8007364273071289,8.4620658938154,282.1563123941641,dxy_raw_candidates/images/GP_Is_8.8mm_closed_R5_single_refY_005-raw04-24.jpg,dxy_raw_candidates/masks/GP_Is_8.8mm_closed_R5_single_refY_005-raw04-24.png,dxy_raw_candidates/ring_fit/json/GP_Is_8.8mm_closed_R5_single_refY_005-raw04-24.json,circle,A,ok,
191.0138893537267,1071.6082317073171,10218.296889436402,7.528230529803541,40.15396341463415,83.49861410532799,29879.0,1312.0,3247.0,0.5003843197540354,4.0,752.2102279663086,1.0,GP_Is_8.8mm_closed_R5_single_refY,GP_Is_8.8mm_closed_R5_single_refY_005,4,641,GP_Is_8.8mm_closed_R5_single_refY_005-raw04-23,23.971533698522315,7.251931590888959,True,165.47154235839844,0.9090302933754452,0.9203792810440063,8.453883727129169,279.7754358493264,dxy_raw_candidates/images/GP_Is_8.8mm_closed_R5_single_refY_005-raw04-23.jpg,dxy_raw_candidates/masks/GP_Is_8.8mm_closed_R5_single_refY_005-raw04-23.png,dxy_raw_candidates/ring_fit/json/GP_Is_8.8mm_closed_R5_single_refY_005-raw04-23.json,circle,A,ok,
177.57508595079943,1106.5119047619048,9999.823837388358,6.624153009112454,40.16964285714285,81.19002155836156,29959.0,1344.0,3247.0,0.5022761760242792,5.0,763.8670624494553,1.0,GP_Is_8.8mm_closed_R5_single_refY,GP_Is_8.8mm_closed_R5_single_refY_005,4,635,GP_Is_8.8mm_closed_R5_single_refY_005-raw04-22,23.25093650964336,7.247476328407819,True,165.34507751464844,0.9111614106039332,0.9360933303833008,8.650910827469147,286.07710426804044,dxy_raw_candidates/images/GP_Is_8.8mm_closed_R5_single_refY_005-raw04-22.jpg,dxy_raw_candidates/masks/GP_Is_8.8mm_closed_R5_single_refY_005-raw04-22.png,dxy_raw_candidates/ring_fit/json/GP_Is_8.8mm_closed_R5_single_refY_005-raw04-22.json,circle,A,ok,
136.94652939222848,1413.9798994974874,10367.038367844092,7.329026901361674,31.477386934673365,102.0590742996346,30110.0,1194.0,3284.0,0.5447087776866284,8.0,761.6244404315948,1.0,GP_Is_8.8mm_closed_R5_single_refY,GP_Is_8.8mm_closed_R5_single_refY_005,5,661,GP_Is_8.8mm_closed_R5_single_refY_005-raw05-02,23.662784160679944,7.259950080175352,True,166.97390747070312,0.9162506389340468,0.786121129989624,8.548125597281029,285.46278650567035,dxy_raw_candidates/images/GP_Is_8.8mm_closed_R5_single_refY_005-raw05-02.jpg,dxy_raw_candidates/masks/GP_Is_8.8mm_closed_R5_single_refY_005-raw05-02.png,dxy_raw_candidates/ring_fit/json/GP_Is_8.8mm_closed_R5_single_refY_005-raw05-02.json,circle,A,ok,
198.6078591227784,835.0032520325203,9530.625151883354,8.515506277515083,27.86341463414634,91.4541312272175,30665.0,1230.0,3292.0,0.5233570863024545,5.0,759.5533798933029,1.0,GP_Is_8.8mm_closed_R5_single_refY,GP_Is_8.8mm_closed_R5_single_refY_005,5,654,GP_Is_8.8mm_closed_R5_single_refY_005-raw05-01,23.325140744790907,7.255998149236702,True,168.51593017578125,0.9082245055474282,0.8703625202178955,8.612648625362068,290.2736988760108,dxy_raw_candidates/images/GP_Is_8.8mm_closed_R5_single_refY_005-raw05-01.jpg,dxy_raw_candidates/masks/GP_Is_8.8mm_closed_R5_single_refY_005-raw05-01.png,dxy_raw_candidates/ring_fit/json/GP_Is_8.8mm_closed_R5_single_refY_005-raw05-01.json,circle,A,ok,
221.01119218581937,1139.5814332247558,10829.609429569267,11.618913340504085,43.66042345276873,101.6557043073341,34399.0,1228.0,3436.0,0.5614457831325301,5.0,807.0802870988846,1.0,GP_Is_8.8mm_closed_R5_single_refY,GP_Is_8.8mm_closed_R5_single_refY_005,5,752,GP_Is_8.8mm_closed_R5_single_refY_005-raw05-16,22.858179250528785,7.213353793530537,True,177.38632202148438,0.8698698318122512,0.743732750415802,8.28103196592916,293.78836059570347,dxy_raw_candidates/images/GP_Is_8.8mm_closed_R5_single_refY_005-raw05-16.jpg,dxy_raw_candidates/masks/GP_Is_8.8mm_closed_R5_single_refY_005-raw05-16.png,dxy_raw_candidates/ring_fit/json/GP_Is_8.8mm_closed_R5_single_refY_005-raw05-16.json,ellipse,A,ok,
417.121831443634,,29060.18415529905,16.45619989889507,,829.9425498426023,27694.0,0.0,3812.0,1.0,1.0,683.310791015625,1.0,GP_Is_9.79mm_closed_R10_single_refY,GP_Is_9.79mm_closed_R10_single_refY_004,1,182,GP_Is_9.79mm_closed_R10_single_refY_004-raw01-22,69.75255424923367,6.756214130852351,False,206.98699951171875,0.9927379641866456,1.0832442045211792,,,dxy_raw_candidates/images/GP_Is_9.79mm_closed_R10_single_refY_004-raw01-22.jpg,dxy_raw_candidates/masks/GP_Is_9.79mm_closed_R10_single_refY_004-raw01-22.png,dxy_raw_candidates/ring_fit/json/GP_Is_9.79mm_closed_R10_single_refY_004-raw01-22.json,none,none,ok,
574.4214878682009,,29138.573453923247,24.692265777749288,,793.9828892691273,31199.0,7.0,4091.0,0.9821717990275528,1.0,714.3524169921875,1.0,GP_Is_9.79mm_closed_R10_single_refY,GP_Is_9.79mm_closed_R10_single_refY_004,1,77,GP_Is_9.79mm_closed_R10_single_refY_004-raw01-06,69.67027225679821,6.6163869662950345,False,220.94461059570312,0.979091221331979,1.07631254196167,,,dxy_raw_candidates/images/GP_Is_9.79mm_closed_R10_single_refY_004-raw01-06.jpg,dxy_raw_candidates/masks/GP_Is_9.79mm_closed_R10_single_refY_004-raw01-06.png,dxy_raw_candidates/ring_fit/json/GP_Is_9.79mm_closed_R10_single_refY_004-raw01-06.json,none,none,ok,
531.6034956794972,,27183.21886698278,24.9453718250851,,795.4472173696032,30552.0,0.0,4007.0,0.99673735725938,2.0,713.7960205078125,1.0,GP_Is_9.79mm_closed_R10_single_refY,GP_Is_9.79mm_closed_R10_single_refY_004,1,90,GP_Is_9.79mm_closed_R10_single_refY_004-raw01-08,67.76273472340785,6.620670902823452,False,218.155517578125,0.9882846818185892,0.8434717655181885,,,dxy_raw_candidates/images/GP_Is_9.79mm_closed_R10_single_refY_004-raw01-08.jpg,dxy_raw_candidates/masks/GP_Is_9.79mm_closed_R10_single_refY_004-raw01-08.png,dxy_raw_candidates/ring_fit/json/GP_Is_9.79mm_closed_R10_single_refY_004-raw01-08.json,none,none,ok,
299.4363591427462,,9525.30705394191,10.960562087349505,,415.1644190871369,28323.0,0.0,3856.0,1.0,1.0,687.75439453125,1.0,GP_Is_9.79mm_closed_R10_single_refY,GP_Is_9.79mm_closed_R10_single_refY_004,2,209,GP_Is_9.79mm_closed_R10_single_refY_004-raw02-02,47.60931286719873,6.945636200129597,False,214.16241455078125,0.9342577515682332,1.719469428062439,,,dxy_raw_candidates/images/GP_Is_9.79mm_closed_R10_single_refY_004-raw02-02.jpg,dxy_raw_candidates/masks/GP_Is_9.79mm_closed_R10_single_refY_004-raw02-02.png,dxy_raw_candidates/ring_fit/json/GP_Is_9.79mm_closed_R10_single_refY_004-raw02-02.json,none,none,ok,
606.8468263802836,,24237.669064748203,22.20707696544128,,731.4691675231244,29052.0,0.0,3892.0,1.0,1.0,700.0386962890625,1.0,GP_Is_9.79mm_closed_R10_single_refY,GP_Is_9.79mm_closed_R10_single_refY_004,2,202,GP_Is_9.79mm_closed_R10_single_refY_004-raw02-01,45.82568213787314,6.930757193692262,False,212.22439575195312,0.9879074237903904,1.4668306112289429,,,dxy_raw_candidates/images/GP_Is_9.79mm_closed_R10_single_refY_004-raw02-01.jpg,dxy_raw_candidates/masks/GP_Is_9.79mm_closed_R10_single_refY_004-raw02-01.png,dxy_raw_candidates/ring_fit/json/GP_Is_9.79mm_closed_R10_single_refY_004-raw02-01.json,none,none,ok,
659.5686517632471,,16746.22532188841,27.371284781736627,,512.4447424892704,27421.0,0.0,3728.0,0.9605488850771868,5.0,650.6833726167679,1.0,GP_Is_9.79mm_closed_R10_single_refY,GP_Is_9.79mm_closed_R10_single_refY_004,2,222,GP_Is_9.79mm_closed_R10_single_refY_004-raw02-04,40.98886921009488,6.98350372680239,False,208.21237182617188,0.9709873492920168,1.2209018468856812,,,dxy_raw_candidates/images/GP_Is_9.79mm_closed_R10_single_refY_004-raw02-04.jpg,dxy_raw_candidates/masks/GP_Is_9.79mm_closed_R10_single_refY_004-raw02-04.png,dxy_raw_candidates/ring_fit/json/GP_Is_9.79mm_closed_R10_single_refY_004-raw02-04.json,none,none,ok,
1715.8972932491708,,7374.125786163522,89.50438643414999,,245.748427672956,18694.0,0.0,3180.0,1.0,1.0,558.357421875,1.0,GP_Is_9.79mm_closed_R10_single_refY,GP_Is_9.79mm_closed_R10_single_refY_004,3,452,GP_Is_9.79mm_closed_R10_single_refY_004-raw03-15,43.89560327282187,7.128816646279006,False,184.7167053222656,0.828212666176412,0.5844231247901917,,,dxy_raw_candidates/images/GP_Is_9.79mm_closed_R10_single_refY_004-raw03-15.jpg,dxy_raw_candidates/masks/GP_Is_9.79mm_closed_R10_single_refY_004-raw03-15.png,dxy_raw_candidates/ring_fit/json/GP_Is_9.79mm_closed_R10_single_refY_004-raw03-15.json,none,none,ok,
2221.9851624185258,,6514.07,121.0033384558317,,163.085,18871.0,0.0,3200.0,1.0,1.0,562.3573608398438,1.0,GP_Is_9.79mm_closed_R10_single_refY,GP_Is_9.79mm_closed_R10_single_refY_004,3,505,GP_Is_9.79mm_closed_R10_single_refY_004-raw03-23,40.40649449371997,7.137489953186821,False,182.173828125,0.8547272137847627,0.4724132418632507,,,dxy_raw_candidates/images/GP_Is_9.79mm_closed_R10_single_refY_004-raw03-23.jpg,dxy_raw_candidates/masks/GP_Is_9.79mm_closed_R10_single_refY_004-raw03-23.png,dxy_raw_candidates/ring_fit/json/GP_Is_9.79mm_closed_R10_single_refY_004-raw03-23.json,none,none,ok,
1291.966424350191,,9493.543316831683,66.04895141467496,,283.86169554455444,19121.0,0.0,3232.0,1.0,1.0,567.428466796875,1.0,GP_Is_9.79mm_closed_R10_single_refY,GP_Is_9.79mm_closed_R10_single_refY_004,3,413,GP_Is_9.79mm_closed_R10_single_refY_004-raw03-09,38.146688364622335,7.170276603539075,False,187.11041259765625,0.8266275956039794,0.7360853552818298,,,dxy_raw_candidates/images/GP_Is_9.79mm_closed_R10_single_refY_004-raw03-09.jpg,dxy_raw_candidates/masks/GP_Is_9.79mm_closed_R10_single_refY_004-raw03-09.png,dxy_raw_candidates/ring_fit/json/GP_Is_9.79mm_closed_R10_single_refY_004-raw03-09.json,none,none,ok,
1074.9358738756166,,13779.301807228916,52.4101460489409,,499.578313253012,20678.0,0.0,3320.0,1.0,1.0,585.0853271484375,1.0,GP_Is_9.79mm_closed_R10_single_refY,GP_Is_9.79mm_closed_R10_single_refY_004,4,538,GP_Is_9.79mm_closed_R10_single_refY_004-raw04-04,45.33537901323107,7.154140063382859,False,189.69461059570312,0.8734763329461025,0.4522399306297302,,,dxy_raw_candidates/images/GP_Is_9.79mm_closed_R10_single_refY_004-raw04-04.jpg,dxy_raw_candidates/masks/GP_Is_9.79mm_closed_R10_single_refY_004-raw04-04.png,dxy_raw_candidates/ring_fit/json/GP_Is_9.79mm_closed_R10_single_refY_004-raw04-04.json,none,none,ok,
1135.4987676229912,,9327.684848484849,48.08197771862368,,212.86,20286.0,0.0,3300.0,1.0,1.0,582.2568969726562,1.0,GP_Is_9.79mm_closed_R10_single_refY,GP_Is_9.79mm_closed_R10_single_refY_004,4,525,GP_Is_9.79mm_closed_R10_single_refY_004-raw04-02,43.83739008347193,7.155215845458018,False,188.1314697265625,0.8619590916741465,0.4557701647281647,,,dxy_raw_candidates/images/GP_Is_9.79mm_closed_R10_single_refY_004-raw04-02.jpg,dxy_raw_candidates/masks/GP_Is_9.79mm_closed_R10_single_refY_004-raw04-02.png,dxy_raw_candidates/ring_fit/json/GP_Is_9.79mm_closed_R10_single_refY_004-raw04-02.json,none,none,ok,
1073.924603000044,,13008.46610902798,52.90599568908635,,449.0605710989328,22733.0,0.0,3467.0,1.0,1.0,612.055908203125,1.0,GP_Is_9.79mm_closed_R10_single_refY,GP_Is_9.79mm_closed_R10_single_refY_004,4,610,GP_Is_9.79mm_closed_R10_single_refY_004-raw04-15,43.548474809847946,7.168119892744128,False,197.9876708984375,0.8686948405807505,0.4653846025466919,,,dxy_raw_candidates/images/GP_Is_9.79mm_closed_R10_single_refY_004-raw04-15.jpg,dxy_raw_candidates/masks/GP_Is_9.79mm_closed_R10_single_refY_004-raw04-15.png,dxy_raw_candidates/ring_fit/json/GP_Is_9.79mm_closed_R10_single_refY_004-raw04-15.json,none,none,ok,
1092.2276156399537,,11951.501133786847,54.78169590895374,,363.4546485260771,23197.0,0.0,3528.0,1.0,1.0,622.055908203125,1.0,GP_Is_9.79mm_closed_R10_single_refY,GP_Is_9.79mm_closed_R10_single_refY_004,5,750,GP_Is_9.79mm_closed_R10_single_refY_004-raw05-12,56.20367181801501,7.034516166717628,False,197.19546508789065,0.9151058705705662,0.6455180048942566,,,dxy_raw_candidates/images/GP_Is_9.79mm_closed_R10_single_refY_004-raw05-12.jpg,dxy_raw_candidates/masks/GP_Is_9.79mm_closed_R10_single_refY_004-raw05-12.png,dxy_raw_candidates/ring_fit/json/GP_Is_9.79mm_closed_R10_single_refY_004-raw05-12.json,none,none,ok,
1070.8992451018894,,10269.246871444824,49.79997381856264,,307.2835608646189,22917.0,0.0,3516.0,1.0,1.0,619.4700927734375,1.0,GP_Is_9.79mm_closed_R10_single_refY,GP_Is_9.79mm_closed_R10_single_refY_004,5,743,GP_Is_9.79mm_closed_R10_single_refY_004-raw05-11,52.28558229841892,7.039363563484917,False,196.0726776123047,0.9151205666354956,0.5745750069618225,,,dxy_raw_candidates/images/GP_Is_9.79mm_closed_R10_single_refY_004-raw05-11.jpg,dxy_raw_candidates/masks/GP_Is_9.79mm_closed_R10_single_refY_004-raw05-11.png,dxy_raw_candidates/ring_fit/json/GP_Is_9.79mm_closed_R10_single_refY_004-raw05-11.json,none,none,ok,
1063.5887465882847,,16194.531950672646,48.7116523199664,,597.6426569506726,23815.0,0.0,3568.0,1.0,1.0,631.7127685546875,1.0,GP_Is_9.79mm_closed_R10_single_refY,GP_Is_9.79mm_closed_R10_single_refY_004,5,756,GP_Is_9.79mm_closed_R10_single_refY_004-raw05-13,50.90558372026608,7.029596755584829,False,200.17404174804688,0.9106324265298488,0.5805833339691162,,,dxy_raw_candidates/images/GP_Is_9.79mm_closed_R10_single_refY_004-raw05-13.jpg,dxy_raw_candidates/masks/GP_Is_9.79mm_closed_R10_single_refY_004-raw05-13.png,dxy_raw_candidates/ring_fit/json/GP_Is_9.79mm_closed_R10_single_refY_004-raw05-13.json,none,none,ok,
451.4940985476723,,11113.043382149765,18.50581369838972,,139.3136225476651,22791.0,0.0,3619.0,1.0,1.0,641.0264892578125,1.0,GP_Is_9.79mm_closed_R10_single_refY,GP_Is_9.79mm_closed_R10_single_refY_005,1,70,GP_Is_9.79mm_closed_R10_single_refY_005-raw01-03,14.399154349714443,7.746738251512228,False,233.093017578125,0.6670869230230441,2.3577420711517334,,,dxy_raw_candidates/images/GP_Is_9.79mm_closed_R10_single_refY_005-raw01-03.jpg,dxy_raw_candidates/masks/GP_Is_9.79mm_closed_R10_single_refY_005-raw01-03.png,dxy_raw_candidates/ring_fit/json/GP_Is_9.79mm_closed_R10_single_refY_005-raw01-03.json,none,none,ok,
412.0906746191666,,8871.52906350915,15.397839929072298,,138.13724434876212,24814.0,0.0,3716.0,1.0,1.0,659.2691040039062,1.0,GP_Is_9.79mm_closed_R10_single_refY,GP_Is_9.79mm_closed_R10_single_refY_005,1,135,GP_Is_9.79mm_closed_R10_single_refY_005-raw01-11,13.5292740875515,7.70351228650252,False,232.94552612304688,0.7018107711471283,1.4669407606124878,,,dxy_raw_candidates/images/GP_Is_9.79mm_closed_R10_single_refY_005-raw01-11.jpg,dxy_raw_candidates/masks/GP_Is_9.79mm_closed_R10_single_refY_005-raw01-11.png,dxy_raw_candidates/ring_fit/json/GP_Is_9.79mm_closed_R10_single_refY_005-raw01-11.json,none,none,ok,
342.3522338706647,,8948.955729166666,11.391011911471836,,145.9484375,26613.0,0.0,3840.0,1.0,1.0,678.825439453125,1.0,GP_Is_9.79mm_closed_R10_single_refY,GP_Is_9.79mm_closed_R10_single_refY_005,1,183,GP_Is_9.79mm_closed_R10_single_refY_005-raw01-17,13.440219014014728,7.777130578135253,False,239.1061248779297,0.7087364707913748,1.5017776489257812,,,dxy_raw_candidates/images/GP_Is_9.79mm_closed_R10_single_refY_005-raw01-17.jpg,dxy_raw_candidates/masks/GP_Is_9.79mm_closed_R10_single_refY_005-raw01-17.png,dxy_raw_candidates/ring_fit/json/GP_Is_9.79mm_closed_R10_single_refY_005-raw01-17.json,none,none,ok,
306.6305965670388,,7301.272983114446,11.25654183171288,,130.86468105065666,33324.0,0.0,4264.0,1.0,1.0,757.2518310546875,1.0,GP_Is_9.79mm_closed_R10_single_refY,GP_Is_9.79mm_closed_R10_single_refY_005,2,321,GP_Is_9.79mm_closed_R10_single_refY_005-raw02-10,12.76416979131698,7.683055881494878,False,260.9122009277344,0.7428218998288912,1.4918246269226074,,,dxy_raw_candidates/images/GP_Is_9.79mm_closed_R10_single_refY_005-raw02-10.jpg,dxy_raw_candidates/masks/GP_Is_9.79mm_closed_R10_single_refY_005-raw02-10.png,dxy_raw_candidates/ring_fit/json/GP_Is_9.79mm_closed_R10_single_refY_005-raw02-10.json,none,none,ok,
306.7234246945454,,7188.0567542213885,11.283029629852,,129.95098499061913,33311.0,0.0,4264.0,1.0,1.0,757.2518310546875,1.0,GP_Is_9.79mm_closed_R10_single_refY,GP_Is_9.79mm_closed_R10_single_refY_005,2,313,GP_Is_9.79mm_closed_R10_single_refY_005-raw02-09,12.74839179574001,7.68322750329691,False,260.8713684082031,0.7428313112452368,1.4834938049316406,,,dxy_raw_candidates/images/GP_Is_9.79mm_closed_R10_single_refY_005-raw02-09.jpg,dxy_raw_candidates/masks/GP_Is_9.79mm_closed_R10_single_refY_005-raw02-09.png,dxy_raw_candidates/ring_fit/json/GP_Is_9.79mm_closed_R10_single_refY_005-raw02-09.json,none,none,ok,
326.28928309632016,,6666.8356545961005,13.452074475883302,,105.90877437325904,34105.0,0.0,4308.0,1.0,1.0,763.837646484375,1.0,GP_Is_9.79mm_closed_R10_single_refY,GP_Is_9.79mm_closed_R10_single_refY_005,2,361,GP_Is_9.79mm_closed_R10_single_refY_005-raw02-15,12.009243671359547,7.679807548404006,False,264.3554992675781,0.7393917993738025,1.5100654363632202,,,dxy_raw_candidates/images/GP_Is_9.79mm_closed_R10_single_refY_005-raw02-15.jpg,dxy_raw_candidates/masks/GP_Is_9.79mm_closed_R10_single_refY_005-raw02-15.png,dxy_raw_candidates/ring_fit/json/GP_Is_9.79mm_closed_R10_single_refY_005-raw02-15.json,none,none,ok,
529.7128172633505,,9374.303771661567,24.471855528566905,,148.91462793068297,28407.0,0.0,3924.0,1.0,1.0,694.7249145507812,1.0,GP_Is_9.79mm_closed_R10_single_refY,GP_Is_9.79mm_closed_R10_single_refY_005,3,604,GP_Is_9.79mm_closed_R10_single_refY_005-raw03-21,13.175154443094458,7.543187419015543,False,239.21766662597656,0.7495008516240926,1.0877777338027954,,,dxy_raw_candidates/images/GP_Is_9.79mm_closed_R10_single_refY_005-raw03-21.jpg,dxy_raw_candidates/masks/GP_Is_9.79mm_closed_R10_single_refY_005-raw03-21.png,dxy_raw_candidates/ring_fit/json/GP_Is_9.79mm_closed_R10_single_refY_005-raw03-21.json,none,none,ok,
536.5511030438425,,10189.267039674463,24.384773806199387,,161.2589013224822,28648.0,0.0,3932.0,1.0,1.0,696.7249145507812,1.0,GP_Is_9.79mm_closed_R10_single_refY,GP_Is_9.79mm_closed_R10_single_refY_005,3,596,GP_Is_9.79mm_closed_R10_single_refY_005-raw03-20,12.93565430589841,7.541509731173731,False,240.28875732421875,0.7488371208893077,1.094836950302124,,,dxy_raw_candidates/images/GP_Is_9.79mm_closed_R10_single_refY_005-raw03-20.jpg,dxy_raw_candidates/masks/GP_Is_9.79mm_closed_R10_single_refY_005-raw03-20.png,dxy_raw_candidates/ring_fit/json/GP_Is_9.79mm_closed_R10_single_refY_005-raw03-20.json,none,none,ok,
552.0123763266774,,9135.27366255144,25.84338909875877,,135.6237139917695,27795.0,0.0,3888.0,1.0,1.0,688.4822998046875,1.0,GP_Is_9.79mm_closed_R10_single_refY,GP_Is_9.79mm_closed_R10_single_refY_005,3,628,GP_Is_9.79mm_closed_R10_single_refY_005-raw03-24,12.647972549832897,7.548782656695501,False,237.32421875,0.7487335016001797,1.058577060699463,,,dxy_raw_candidates/images/GP_Is_9.79mm_closed_R10_single_refY_005-raw03-24.jpg,dxy_raw_candidates/masks/GP_Is_9.79mm_closed_R10_single_refY_005-raw03-24.png,dxy_raw_candidates/ring_fit/json/GP_Is_9.79mm_closed_R10_single_refY_005-raw03-24.json,none,none,ok,
799.0613939613819,,11451.821313240043,41.677228201717256,,174.56727664155005,24807.0,0.0,3716.0,1.0,1.0,654.197998046875,1.0,GP_Is_9.79mm_closed_R10_single_refY,GP_Is_9.79mm_closed_R10_single_refY_005,4,814,GP_Is_9.79mm_closed_R10_single_refY_005-raw04-23,13.011638192560634,7.616032075276401,False,227.79327392578125,0.7318094433017507,0.8476910591125488,,,dxy_raw_candidates/images/GP_Is_9.79mm_closed_R10_single_refY_005-raw04-23.jpg,dxy_raw_candidates/masks/GP_Is_9.79mm_closed_R10_single_refY_005-raw04-23.png,dxy_raw_candidates/ring_fit/json/GP_Is_9.79mm_closed_R10_single_refY_005-raw04-23.json,none,none,ok,
811.9101490871402,,11753.859442060086,45.04392888463685,,179.05042918454936,25086.0,0.0,3728.0,1.0,1.0,657.6122436523438,1.0,GP_Is_9.79mm_closed_R10_single_refY,GP_Is_9.79mm_closed_R10_single_refY_005,4,798,GP_Is_9.79mm_closed_R10_single_refY_005-raw04-21,12.9468129854732,7.614426638667633,False,228.6937713623047,0.7377647774120079,0.925098478794098,,,dxy_raw_candidates/images/GP_Is_9.79mm_closed_R10_single_refY_005-raw04-21.jpg,dxy_raw_candidates/masks/GP_Is_9.79mm_closed_R10_single_refY_005-raw04-21.png,dxy_raw_candidates/ring_fit/json/GP_Is_9.79mm_closed_R10_single_refY_005-raw04-21.json,none,none,ok,
747.3517356422274,185.3636363636364,14775.142933618845,35.281753912145525,10.318181818181818,253.9911670235546,25178.0,22.0,3736.0,0.9298831385642736,2.0,645.7127685546875,1.0,GP_Is_9.79mm_closed_R10_single_refY,GP_Is_9.79mm_closed_R10_single_refY_005,4,822,GP_Is_9.79mm_closed_R10_single_refY_005-raw04-24,12.798385339506176,7.611110555442247,False,228.8114624023437,0.7338749436811723,0.9009194374084472,,,dxy_raw_candidates/images/GP_Is_9.79mm_closed_R10_single_refY_005-raw04-24.jpg,dxy_raw_candidates/masks/GP_Is_9.79mm_closed_R10_single_refY_005-raw04-24.png,dxy_raw_candidates/ring_fit/json/GP_Is_9.79mm_closed_R10_single_refY_005-raw04-24.json,none,none,ok,
701.4103773584906,,12131.039336492891,38.36178003972195,,238.61753554502369,32224.0,0.0,4220.0,1.0,1.0,746.2813110351562,1.0,GP_Is_9.79mm_closed_R10_single_refY,GP_Is_9.79mm_closed_R10_single_refY_005,5,1003,GP_Is_9.79mm_closed_R10_single_refY_005-raw05-22,13.841427231395391,7.682495640044857,False,261.3434753417969,0.7208368013746688,0.6824209094047546,,,dxy_raw_candidates/images/GP_Is_9.79mm_closed_R10_single_refY_005-raw05-22.jpg,dxy_raw_candidates/masks/GP_Is_9.79mm_closed_R10_single_refY_005-raw05-22.png,dxy_raw_candidates/ring_fit/json/GP_Is_9.79mm_closed_R10_single_refY_005-raw05-22.json,none,none,ok,
670.6152688711353,119.63157894736842,12921.449592668025,31.64625801597822,10.473684210526317,214.69042769857435,27913.0,38.0,3928.0,0.9223454833597464,3.0,674.2691329717636,1.0,GP_Is_9.79mm_closed_R10_single_refY,GP_Is_9.79mm_closed_R10_single_refY_005,5,880,GP_Is_9.79mm_closed_R10_single_refY_005-raw05-07,13.659427518433692,7.693503708799763,False,241.8748474121093,0.7229050373683638,0.7516593933105469,,,dxy_raw_candidates/images/GP_Is_9.79mm_closed_R10_single_refY_005-raw05-07.jpg,dxy_raw_candidates/masks/GP_Is_9.79mm_closed_R10_single_refY_005-raw05-07.png,dxy_raw_candidates/ring_fit/json/GP_Is_9.79mm_closed_R10_single_refY_005-raw05-07.json,none,none,ok,
760.2846394487783,377.725,12659.42735042735,35.56183423751634,13.1875,208.63995726495727,25253.0,80.0,3744.0,0.877742946708464,7.0,642.8843288421631,1.0,GP_Is_9.79mm_closed_R10_single_refY,GP_Is_9.79mm_closed_R10_single_refY_005,5,830,GP_Is_9.79mm_closed_R10_single_refY_005-raw05-01,13.011185815334311,7.617466108542809,False,229.3308563232422,0.733674865591085,0.933359682559967,,,dxy_raw_candidates/images/GP_Is_9.79mm_closed_R10_single_refY_005-raw05-01.jpg,dxy_raw_candidates/masks/GP_Is_9.79mm_closed_R10_single_refY_005-raw05-01.png,dxy_raw_candidates/ring_fit/json/GP_Is_9.79mm_closed_R10_single_refY_005-raw05-01.json,none,none,ok,
