group,capture,segment_id,stem,frame_index,sharpness,tenengrad_polyp_roi,laplacian_polyp_roi,adj_high_fraction,trusted_arc_count,trusted_arc_length_px,ring_component_fraction,ring_frontality,valid,status,pass_local,pass_geometry,selected,selection_reason
GP_IIa_14.0mm_closed_R10_single_refY,GP_IIa_14.0mm_closed_R10_single_refY_004,1,GP_IIa_14.0mm_closed_R10_single_refY_004-raw01-01,53,21.27318983740159,226.314044213264,9.685590052015606,0.540268456375839,4.0,736.9259612560272,1.0,0.5658644207164338,True,ok,True,True,True,pass_quality_gate
GP_IIa_14.0mm_closed_R10_single_refY,GP_IIa_14.0mm_closed_R10_single_refY_004,1,GP_IIa_14.0mm_closed_R10_single_refY_004-raw01-13,149,20.83105466760236,203.60991533936,9.361278519156263,0.5387096774193548,3.0,761.51171875,1.0,0.5745813835799655,True,ok,True,True,False,pass_quality_gate
GP_IIa_14.0mm_closed_R10_single_refY,GP_IIa_14.0mm_closed_R10_single_refY_004,1,GP_IIa_14.0mm_closed_R10_single_refY_004-raw01-06,93,19.401923736476885,195.6017713110865,9.335046655068796,0.5351530190239868,4.0,741.5827910900116,1.0,0.5731472054833492,True,ok,True,True,False,pass_quality_gate
GP_IIa_14.0mm_closed_R10_single_refY,GP_IIa_14.0mm_closed_R10_single_refY_004,2,GP_IIa_14.0mm_closed_R10_single_refY_004-raw02-11,325,19.39027124866909,196.1986541837332,8.371086892919836,0.5229653505237711,3.0,738.7838439941406,1.0,0.5686468258066458,True,ok,True,True,False,pass_quality_gate
GP_IIa_14.0mm_closed_R10_single_refY,GP_IIa_14.0mm_closed_R10_single_refY_004,2,GP_IIa_14.0mm_closed_R10_single_refY_004-raw02-17,373,18.721344224707284,194.43140520896424,8.937878558449425,0.5466893039049237,4.0,735.2691024541855,1.0,0.5724300739346971,True,ok,True,True,True,pass_quality_gate
GP_IIa_14.0mm_closed_R10_single_refY,GP_IIa_14.0mm_closed_R10_single_refY_004,2,GP_IIa_14.0mm_closed_R10_single_refY_004-raw02-10,317,17.666157763811988,185.56953618216983,8.609422326022699,0.5432098765432098,3.0,756.8254073858261,1.0,0.5743097108738372,True,ok,True,True,False,pass_quality_gate
GP_IIa_14.0mm_closed_R10_single_refY,GP_IIa_14.0mm_closed_R10_single_refY_004,3,GP_IIa_14.0mm_closed_R10_single_refY_004-raw03-04,461,17.31454426171573,184.28689141260344,8.601583491563071,0.5441176470588235,5.0,760.8254699707031,1.0,0.5651483871849292,True,ok,True,True,False,pass_quality_gate
GP_IIa_14.0mm_closed_R10_single_refY,GP_IIa_14.0mm_closed_R10_single_refY_004,3,GP_IIa_14.0mm_closed_R10_single_refY_004-raw03-02,445,16.677701686812032,184.43554032375675,9.006489718535803,0.5569514237855946,6.0,757.5827910900116,1.0,0.5595321829366574,True,ok,True,True,True,pass_quality_gate
GP_IIa_14.0mm_closed_R10_single_refY,GP_IIa_14.0mm_closed_R10_single_refY_004,3,GP_IIa_14.0mm_closed_R10_single_refY_004-raw03-01,437,16.614264272953562,177.76068009715672,7.770181454493499,0.5524360033030553,4.0,764.4112548828125,1.0,0.5580150523231824,True,ok,True,True,False,pass_quality_gate
GP_IIa_14.0mm_closed_R10_single_refY,GP_IIa_14.0mm_closed_R10_single_refY_004,4,GP_IIa_14.0mm_closed_R10_single_refY_004-raw04-22,797,14.22788949787352,145.7301965153971,7.065868111831443,0.5526127415891195,5.0,881.3229033946991,1.0,0.686807547066103,True,ok,True,True,False,pass_quality_gate
GP_IIa_14.0mm_closed_R10_single_refY,GP_IIa_14.0mm_closed_R10_single_refY_004,4,GP_IIa_14.0mm_closed_R10_single_refY_004-raw04-11,709,13.827800562953946,151.6725949659236,7.764397621439627,0.5593471810089021,5.0,864.5655422210693,1.0,0.6586049857556349,True,ok,True,True,True,pass_quality_gate
GP_IIa_14.0mm_closed_R10_single_refY,GP_IIa_14.0mm_closed_R10_single_refY_004,4,GP_IIa_14.0mm_closed_R10_single_refY_004-raw04-10,701,13.522202688259547,154.58286280882476,7.197124521442146,0.5587797619047619,5.0,858.666036605835,1.0,0.6537101921288944,True,ok,True,True,False,pass_quality_gate
GP_IIa_14.0mm_closed_R10_single_refY,GP_IIa_14.0mm_closed_R10_single_refY_004,5,GP_IIa_14.0mm_closed_R10_single_refY_004-raw05-14,927,13.786705698267616,147.65557761016277,7.66540293767368,0.5689320388349515,5.0,1005.7198371887208,1.0,0.7205052372877271,True,ok,True,True,True,pass_quality_gate
GP_IIa_14.0mm_closed_R10_single_refY,GP_IIa_14.0mm_closed_R10_single_refY_004,5,GP_IIa_14.0mm_closed_R10_single_refY_004-raw05-09,886,13.768468192629168,157.0414077291458,8.470007795968371,0.5650988411724608,6.0,948.0924682617188,1.0,0.7037245066436041,True,ok,True,True,False,pass_quality_gate
GP_IIa_14.0mm_closed_R10_single_refY,GP_IIa_14.0mm_closed_R10_single_refY_004,5,GP_IIa_14.0mm_closed_R10_single_refY_004-raw05-13,919,13.63550225024635,147.22337413691264,7.777114691325336,0.559662775616083,6.0,988.7198791503906,1.0,0.7177380362650883,True,ok,True,True,False,pass_quality_gate
GP_IIa_14.0mm_closed_R10_single_refY,GP_IIa_14.0mm_closed_R10_single_refY_005,1,GP_IIa_14.0mm_closed_R10_single_refY_005-raw01-16,155,16.14871286496292,226.08447908456665,11.422979245117784,0.5089221984296931,4.0,823.7371311187744,1.0,0.7654507300148471,True,ok,True,True,True,pass_quality_gate
GP_IIa_14.0mm_closed_R10_single_refY,GP_IIa_14.0mm_closed_R10_single_refY_005,1,GP_IIa_14.0mm_closed_R10_single_refY_005-raw01-18,169,15.434907755108815,208.22346237443452,11.025553662691651,0.5063291139240507,8.0,776.796017408371,1.0,0.7681381958273341,True,ok,True,True,False,pass_quality_gate
GP_IIa_14.0mm_closed_R10_single_refY,GP_IIa_14.0mm_closed_R10_single_refY_005,1,GP_IIa_14.0mm_closed_R10_single_refY_005-raw01-12,126,15.28244891139725,209.96892792767017,10.644673972132416,0.4989662301860785,3.0,837.3940124511719,1.0,0.7553162223828331,True,ok,True,True,False,pass_quality_gate
GP_IIa_14.0mm_closed_R10_single_refY,GP_IIa_14.0mm_closed_R10_single_refY_005,2,GP_IIa_14.0mm_closed_R10_single_refY_005-raw02-23,377,19.658792185577365,286.8857216895569,15.866257810025626,0.5734824281150159,6.0,822.5949691534042,1.0,0.8300303807395311,True,ok,True,True,True,pass_quality_gate
GP_IIa_14.0mm_closed_R10_single_refY,GP_IIa_14.0mm_closed_R10_single_refY_005,2,GP_IIa_14.0mm_closed_R10_single_refY_005-raw02-15,319,18.704037386546894,277.4283670774648,16.002723371478872,0.5282199710564399,3.0,840.9086990356445,1.0,0.8529915781111693,True,ok,True,True,False,pass_quality_gate
GP_IIa_14.0mm_closed_R10_single_refY,GP_IIa_14.0mm_closed_R10_single_refY_005,2,GP_IIa_14.0mm_closed_R10_single_refY_005-raw02-20,355,18.69740099303516,252.4233489898704,14.29704034859374,0.5641813989239047,5.0,840.837646484375,1.0,0.8307248912440537,True,ok,True,True,False,pass_quality_gate
GP_IIa_14.0mm_closed_R10_single_refY,GP_IIa_14.0mm_closed_R10_single_refY_005,3,GP_IIa_14.0mm_closed_R10_single_refY_005-raw03-09,448,18.70948619017306,292.1895085335921,15.8501912209601,0.563921568627451,7.0,823.0091537237167,1.0,0.8133886446960126,True,ok,True,True,False,pass_quality_gate
GP_IIa_14.0mm_closed_R10_single_refY,GP_IIa_14.0mm_closed_R10_single_refY_005,3,GP_IIa_14.0mm_closed_R10_single_refY_005-raw03-04,413,18.613350966464143,257.98546989801514,14.497834192345652,0.5690440060698028,2.0,861.0802917480469,1.0,0.820182229652133,True,ok,True,True,True,pass_quality_gate
GP_IIa_14.0mm_closed_R10_single_refY,GP_IIa_14.0mm_closed_R10_single_refY_005,3,GP_IIa_14.0mm_closed_R10_single_refY_005-raw03-15,491,18.16317766018973,316.37592430627336,17.904667249741593,0.5630252100840336,6.0,846.1513351202011,1.0,0.8102076359285154,True,ok,True,True,False,pass_quality_gate
GP_IIa_14.0mm_closed_R10_single_refY,GP_IIa_14.0mm_closed_R10_single_refY_005,4,GP_IIa_14.0mm_closed_R10_single_refY_005-raw04-20,699,16.62574811770121,463.3243415613559,23.58518955946616,0.5708215297450425,5.0,929.4061546325684,1.0,0.8253979206253601,True,ok,True,True,True,pass_quality_gate
GP_IIa_14.0mm_closed_R10_single_refY,GP_IIa_14.0mm_closed_R10_single_refY_005,4,GP_IIa_14.0mm_closed_R10_single_refY_005-raw04-19,692,16.422422000026696,444.7249836799403,21.32726382542199,0.5357142857142857,5.0,930.506649851799,1.0,0.8203300849383094,True,ok,True,True,False,pass_quality_gate
GP_IIa_14.0mm_closed_R10_single_refY,GP_IIa_14.0mm_closed_R10_single_refY_005,4,GP_IIa_14.0mm_closed_R10_single_refY_005-raw04-24,728,16.199958002495467,303.798318220739,15.074209058774452,0.5611664295874822,9.0,900.5361338853836,1.0,0.8611038395870765,True,ok,False,True,False,pass_quality_gate
GP_IIa_14.0mm_closed_R10_single_refY,GP_IIa_14.0mm_closed_R10_single_refY_005,5,GP_IIa_14.0mm_closed_R10_single_refY_005-raw05-04,757,20.75117325732856,358.95149753674275,20.17071712736792,0.56550362080316,8.0,974.8497924804688,1.0,0.8661772281036522,True,ok,True,True,True,pass_quality_gate
GP_IIa_14.0mm_closed_R10_single_refY,GP_IIa_14.0mm_closed_R10_single_refY_005,5,GP_IIa_14.0mm_closed_R10_single_refY_005-raw05-09,793,19.84015964506172,254.5650865472862,11.290653746825177,0.5287356321839081,14.0,829.695499420166,1.0,0.9046100335906008,True,ok,False,True,False,pass_quality_gate
GP_IIa_14.0mm_closed_R10_single_refY,GP_IIa_14.0mm_closed_R10_single_refY_005,5,GP_IIa_14.0mm_closed_R10_single_refY_005-raw05-03,749,18.7280423210568,378.6691124061885,19.869062093832543,0.5573227302849569,5.0,953.6366256475447,1.0,0.8702378243339068,True,ok,True,True,False,pass_quality_gate
GP_IIa_14.0mm_closed_R5_single_refY,GP_IIa_14.0mm_closed_R5_single_refY_004,1,GP_IIa_14.0mm_closed_R5_single_refY_004-raw01-10,134,19.319281011115184,254.3209882181021,11.644442414832405,0.637589928057554,3.0,833.5777877569199,1.0,0.6155563952073762,True,ok,True,True,False,pass_quality_gate
GP_IIa_14.0mm_closed_R5_single_refY,GP_IIa_14.0mm_closed_R5_single_refY_004,1,GP_IIa_14.0mm_closed_R5_single_refY_004-raw01-11,142,16.58292640023761,331.71937408143856,14.825249992795596,0.6470588235294118,4.0,826.9798263311386,1.0,0.5808877400842846,True,ok,True,True,True,pass_quality_gate
GP_IIa_14.0mm_closed_R5_single_refY,GP_IIa_14.0mm_closed_R5_single_refY_004,1,GP_IIa_14.0mm_closed_R5_single_refY_004-raw01-06,100,16.512074588309396,260.29918162079906,13.0859205374209,0.6190828402366864,3.0,981.045744419098,1.0,0.6252548108092798,True,ok,True,True,False,pass_quality_gate
GP_IIa_14.0mm_closed_R5_single_refY,GP_IIa_14.0mm_closed_R5_single_refY_004,2,GP_IIa_14.0mm_closed_R5_single_refY_004-raw02-01,262,9.185083480824366,268.04785556947263,11.592709368116443,0.5520206362854686,1.0,741.2396240234375,1.0,0.4611945340859298,True,ok,True,True,False,pass_quality_gate
GP_IIa_14.0mm_closed_R5_single_refY,GP_IIa_14.0mm_closed_R5_single_refY_004,2,GP_IIa_14.0mm_closed_R5_single_refY_004-raw02-18,407,9.0714938636768,276.14791585508374,12.287105570705103,0.5647058823529412,1.0,781.1807861328125,1.0,0.3794913841272432,True,ok,True,True,True,pass_quality_gate
GP_IIa_14.0mm_closed_R5_single_refY,GP_IIa_14.0mm_closed_R5_single_refY_004,2,GP_IIa_14.0mm_closed_R5_single_refY_004-raw02-06,305,8.820494705835983,257.4636566608782,11.238306967158367,0.5504807692307693,1.0,796.1807861328125,1.0,0.4495269569319657,True,ok,True,True,False,pass_quality_gate
GP_IIa_14.0mm_closed_R5_single_refY,GP_IIa_14.0mm_closed_R5_single_refY_004,3,GP_IIa_14.0mm_closed_R5_single_refY_004-raw03-01,467,10.506796518843853,299.6144379696366,15.232364667995704,0.5510534846029174,2.0,795.222412109375,1.0,0.4538941115215397,True,ok,True,True,False,pass_quality_gate
GP_IIa_14.0mm_closed_R5_single_refY,GP_IIa_14.0mm_closed_R5_single_refY_004,3,GP_IIa_14.0mm_closed_R5_single_refY_004-raw03-17,604,9.996552546935618,334.9851395837596,16.72018152398311,0.5560098119378577,2.0,803.9208984375,1.0,0.4454963599520718,True,ok,True,True,False,pass_quality_gate
GP_IIa_14.0mm_closed_R5_single_refY,GP_IIa_14.0mm_closed_R5_single_refY_004,3,GP_IIa_14.0mm_closed_R5_single_refY_004-raw03-16,595,9.953795512781037,330.26791228550206,15.562678341085878,0.5766362883181442,2.0,811.3939666748047,1.0,0.4503232199510251,True,ok,True,True,True,pass_quality_gate
GP_IIa_14.0mm_closed_R5_single_refY,GP_IIa_14.0mm_closed_R5_single_refY_004,4,GP_IIa_14.0mm_closed_R5_single_refY_004-raw04-16,800,10.505636635503649,277.1630009371038,11.501819083843229,0.6285714285714286,4.0,1132.5848236083984,1.0,0.6128506786007764,True,ok,True,True,True,pass_quality_gate
GP_IIa_14.0mm_closed_R5_single_refY,GP_IIa_14.0mm_closed_R5_single_refY_004,4,GP_IIa_14.0mm_closed_R5_single_refY_004-raw04-13,774,10.308287621090736,309.84172681804955,13.559387079344408,0.6280160857908847,5.0,1099.7564086914062,1.0,0.5765611639632453,True,ok,True,True,False,pass_quality_gate
GP_IIa_14.0mm_closed_R5_single_refY,GP_IIa_14.0mm_closed_R5_single_refY_004,4,GP_IIa_14.0mm_closed_R5_single_refY_004-raw04-20,834,10.023072573343905,276.72133215253734,12.742546225478357,0.6097560975609756,6.0,1142.9696418046951,1.0,0.6415058791151029,True,ok,True,True,False,pass_quality_gate
GP_IIa_14.0mm_closed_R5_single_refY,GP_IIa_14.0mm_closed_R5_single_refY_004,5,GP_IIa_14.0mm_closed_R5_single_refY_004-raw05-14,990,9.416144652631552,386.7425694646142,16.71775721615977,0.6255798542080848,3.0,1109.5847988128662,1.0,0.5649841090230409,True,ok,True,True,True,pass_quality_gate
GP_IIa_14.0mm_closed_R5_single_refY,GP_IIa_14.0mm_closed_R5_single_refY_004,5,GP_IIa_14.0mm_closed_R5_single_refY_004-raw05-24,1076,9.369016658071825,314.2852582704585,13.74962275101567,0.56299938537185,4.0,1072.714811682701,1.0,0.6318298210603742,True,ok,True,True,False,pass_quality_gate
GP_IIa_14.0mm_closed_R5_single_refY,GP_IIa_14.0mm_closed_R5_single_refY_004,5,GP_IIa_14.0mm_closed_R5_single_refY_004-raw05-01,877,9.3138877409935,237.122781394658,11.425798945466248,0.6124260355029586,3.0,1218.81020963192,1.0,0.6609587806320917,True,ok,False,True,False,pass_quality_gate
GP_IIa_14.0mm_closed_R5_single_refY,GP_IIa_14.0mm_closed_R5_single_refY_005,1,GP_IIa_14.0mm_closed_R5_single_refY_005-raw01-12,141,12.92599923508138,330.2612855957488,17.59507794431792,0.5455112219451371,4.0,1024.6731491088867,1.0,0.7648277598694005,True,ok,True,True,False,pass_quality_gate
GP_IIa_14.0mm_closed_R5_single_refY,GP_IIa_14.0mm_closed_R5_single_refY_005,1,GP_IIa_14.0mm_closed_R5_single_refY_005-raw01-13,149,12.911024268251586,349.9401226359338,17.84977098108747,0.5400122174709835,4.0,1033.6732177734375,1.0,0.7618987598204824,True,ok,True,True,False,pass_quality_gate
GP_IIa_14.0mm_closed_R5_single_refY,GP_IIa_14.0mm_closed_R5_single_refY_005,1,GP_IIa_14.0mm_closed_R5_single_refY_005-raw01-09,117,12.095008647325312,357.4989095083222,16.745590204706332,0.5993150684931506,3.0,1031.4721740484238,1.0,0.7540035131406968,True,ok,True,True,True,pass_quality_gate
GP_IIa_14.0mm_closed_R5_single_refY,GP_IIa_14.0mm_closed_R5_single_refY_005,2,GP_IIa_14.0mm_closed_R5_single_refY_005-raw02-24,431,12.300424093288848,318.876908626226,16.03471023831888,0.5663454410674573,2.0,905.31787109375,1.0,0.7613054066033842,True,ok,False,True,False,pass_quality_gate
GP_IIa_14.0mm_closed_R5_single_refY,GP_IIa_14.0mm_closed_R5_single_refY_005,2,GP_IIa_14.0mm_closed_R5_single_refY_005-raw02-23,423,11.690001619296607,330.4045238902067,17.35401135208404,0.5724797645327446,3.0,916.2467803955078,1.0,0.7629128877253947,True,ok,True,True,False,pass_quality_gate
GP_IIa_14.0mm_closed_R5_single_refY,GP_IIa_14.0mm_closed_R5_single_refY_005,2,GP_IIa_14.0mm_closed_R5_single_refY_005-raw02-11,326,11.071620946205986,427.2535093547074,20.47654358029189,0.5800604229607251,4.0,908.1462860107422,1.0,0.7271720284333879,True,ok,True,True,True,pass_quality_gate
GP_IIa_14.0mm_closed_R5_single_refY,GP_IIa_14.0mm_closed_R5_single_refY_005,3,GP_IIa_14.0mm_closed_R5_single_refY_005-raw03-20,592,20.56699978236329,726.9378765673343,37.32130353362645,1.0,1.0,987.9036254882812,1.0,0.8141661862989619,True,ok,True,True,True,pass_quality_gate
GP_IIa_14.0mm_closed_R5_single_refY,GP_IIa_14.0mm_closed_R5_single_refY_005,3,GP_IIa_14.0mm_closed_R5_single_refY_005-raw03-18,576,20.315372994877382,679.4850782114738,36.4170791303803,0.5488466757123474,9.0,935.0335655212402,1.0,0.810924614688768,True,ok,True,True,False,pass_quality_gate
GP_IIa_14.0mm_closed_R5_single_refY,GP_IIa_14.0mm_closed_R5_single_refY_005,3,GP_IIa_14.0mm_closed_R5_single_refY_005-raw03-21,600,20.140939595370817,737.5804365569345,36.4822635665404,0.5379537953795379,8.0,947.4183349609376,1.0,0.8206781516983105,True,ok,True,True,False,pass_quality_gate
GP_IIa_14.0mm_closed_R5_single_refY,GP_IIa_14.0mm_closed_R5_single_refY_005,4,GP_IIa_14.0mm_closed_R5_single_refY_005-raw04-08,688,22.32708351697451,676.9339933318333,33.13344515126102,0.5645833333333333,4.0,941.134162902832,1.0,0.8045285878833934,True,ok,True,True,True,pass_quality_gate
GP_IIa_14.0mm_closed_R5_single_refY,GP_IIa_14.0mm_closed_R5_single_refY_005,4,GP_IIa_14.0mm_closed_R5_single_refY_005-raw04-09,696,22.278204169773755,750.3655673096868,38.16872018253474,0.5637254901960784,4.0,942.2467727661132,1.0,0.8217784172859753,True,ok,True,True,False,pass_quality_gate
GP_IIa_14.0mm_closed_R5_single_refY,GP_IIa_14.0mm_closed_R5_single_refY_005,4,GP_IIa_14.0mm_closed_R5_single_refY_005-raw04-14,737,22.19760612314012,602.7127210075071,30.79238626574229,0.5540540540540541,5.0,965.3594245910645,1.0,0.8240007284665439,True,ok,True,True,False,pass_quality_gate
GP_IIa_14.0mm_closed_R5_single_refY,GP_IIa_14.0mm_closed_R5_single_refY_005,5,GP_IIa_14.0mm_closed_R5_single_refY_005-raw05-24,1011,24.897114998353555,698.3630650412659,38.59087983645037,0.5832167832167832,7.0,969.4894580841064,1.0,0.7888180178875948,True,ok,True,True,True,pass_quality_gate
GP_IIa_14.0mm_closed_R5_single_refY,GP_IIa_14.0mm_closed_R5_single_refY_005,5,GP_IIa_14.0mm_closed_R5_single_refY_005-raw05-23,1003,24.48763226386177,697.7743762032388,33.157600694575514,0.558898847631242,14.0,1010.1879439353944,1.0,0.784962610080094,True,ok,True,True,False,pass_quality_gate
GP_IIa_14.0mm_closed_R5_single_refY,GP_IIa_14.0mm_closed_R5_single_refY_005,5,GP_IIa_14.0mm_closed_R5_single_refY_005-raw05-19,971,23.20847414539008,681.5964755077658,34.35487604540024,0.5549904640813732,8.0,1013.7025909423828,1.0,0.7892208450976376,True,ok,True,True,False,pass_quality_gate
GP_IIa_22.0mm_closed_R10_single_refY,GP_IIa_22.0mm_closed_R10_single_refY_005,1,GP_IIa_22.0mm_closed_R10_single_refY_005-raw01-21,240,26.33966459671657,429.8347304217359,14.1604096676343,0.6325385694249649,2.0,1040.0041198730469,1.0,0.3767377401134207,True,ok,True,True,False,pass_quality_gate
GP_IIa_22.0mm_closed_R10_single_refY,GP_IIa_22.0mm_closed_R10_single_refY_005,1,GP_IIa_22.0mm_closed_R10_single_refY_005-raw01-19,222,24.75059338958057,378.8755906030325,11.219547931448892,0.6348314606741573,2.0,1042.4183959960938,1.0,0.3671861557631085,True,ok,True,True,False,pass_quality_gate
GP_IIa_22.0mm_closed_R10_single_refY,GP_IIa_22.0mm_closed_R10_single_refY_005,1,GP_IIa_22.0mm_closed_R10_single_refY_005-raw01-20,231,24.73341254277995,401.5551996339092,12.487554545900274,0.6348983882270498,2.0,1042.7615356445312,1.0,0.3725554694491307,True,ok,True,True,True,pass_quality_gate
GP_IIa_22.0mm_closed_R10_single_refY,GP_IIa_22.0mm_closed_R10_single_refY_005,2,GP_IIa_22.0mm_closed_R10_single_refY_005-raw02-06,321,29.03789129604646,346.4216735924387,11.649018169966594,0.6224703419399861,3.0,1024.861997961998,1.0,0.422753358486957,True,ok,True,True,True,pass_quality_gate
GP_IIa_22.0mm_closed_R10_single_refY,GP_IIa_22.0mm_closed_R10_single_refY_005,2,GP_IIa_22.0mm_closed_R10_single_refY_005-raw02-20,447,28.67986975519627,319.0866139313417,11.533031257199909,0.6150202976995941,4.0,1049.9746978282928,1.0,0.4647244310861724,True,ok,True,True,False,pass_quality_gate
GP_IIa_22.0mm_closed_R10_single_refY,GP_IIa_22.0mm_closed_R10_single_refY_005,2,GP_IIa_22.0mm_closed_R10_single_refY_005-raw02-07,330,28.5610112801964,364.7892602206359,13.453520441271902,0.6044325050369376,8.0,1031.175733923912,1.0,0.4291639721320951,True,ok,True,True,False,pass_quality_gate
GP_IIa_22.0mm_closed_R10_single_refY,GP_IIa_22.0mm_closed_R10_single_refY_005,3,GP_IIa_22.0mm_closed_R10_single_refY_005-raw03-20,663,24.06417200554623,347.5665540353404,12.98566720212707,0.6122186495176849,5.0,1106.0579787492752,1.0,0.4531107449681018,True,ok,True,True,False,pass_quality_gate
GP_IIa_22.0mm_closed_R10_single_refY,GP_IIa_22.0mm_closed_R10_single_refY_005,3,GP_IIa_22.0mm_closed_R10_single_refY_005-raw03-19,654,23.88014643585652,360.05865184155664,12.071369006254344,0.6170212765957447,3.0,1112.64370572567,1.0,0.4492167070396287,True,ok,True,True,True,pass_quality_gate
GP_IIa_22.0mm_closed_R10_single_refY,GP_IIa_22.0mm_closed_R10_single_refY_005,3,GP_IIa_22.0mm_closed_R10_single_refY_005-raw03-01,492,23.22269422740113,340.72300914736746,11.360877413038825,0.616271186440678,2.0,1051.5604553222656,1.0,0.4609450947757659,True,ok,True,True,False,pass_quality_gate
GP_IIa_22.0mm_closed_R10_single_refY,GP_IIa_22.0mm_closed_R10_single_refY_005,4,GP_IIa_22.0mm_closed_R10_single_refY_005-raw04-06,753,26.989337022304536,394.9750723529733,15.147545459509638,0.6157793457344451,3.0,1116.886442542076,1.0,0.4569642079014611,True,ok,True,True,False,pass_quality_gate
GP_IIa_22.0mm_closed_R10_single_refY,GP_IIa_22.0mm_closed_R10_single_refY_005,4,GP_IIa_22.0mm_closed_R10_single_refY_005-raw04-05,744,26.61990123183521,398.90766624895,15.12549403032348,0.6169665809768637,4.0,1117.129025220871,1.0,0.4522676282447296,True,ok,True,True,True,pass_quality_gate
GP_IIa_22.0mm_closed_R10_single_refY,GP_IIa_22.0mm_closed_R10_single_refY_005,4,GP_IIa_22.0mm_closed_R10_single_refY_005-raw04-10,789,26.252673505147307,375.3870846166842,15.062042704718833,0.6149532710280374,4.0,1150.342190504074,1.0,0.4600159075554393,True,ok,True,True,False,pass_quality_gate
GP_IIa_22.0mm_closed_R10_single_refY,GP_IIa_22.0mm_closed_R10_single_refY_005,5,GP_IIa_22.0mm_closed_R10_single_refY_005-raw05-01,924,22.842523288001527,318.4373305968568,12.00026769879424,0.6230366492146597,3.0,1244.040739417076,1.0,0.4444735091493099,True,ok,True,True,True,pass_quality_gate
GP_IIa_22.0mm_closed_R10_single_refY,GP_IIa_22.0mm_closed_R10_single_refY_005,5,GP_IIa_22.0mm_closed_R10_single_refY_005-raw05-03,942,19.45218510604672,306.46198389546254,12.230609546909657,0.621046578493387,4.0,1254.52602994442,1.0,0.4491390182054666,True,ok,True,True,False,pass_quality_gate
GP_IIa_22.0mm_closed_R10_single_refY,GP_IIa_22.0mm_closed_R10_single_refY_005,5,GP_IIa_22.0mm_closed_R10_single_refY_005-raw05-02,933,19.447987034125383,283.454241574578,11.095992083127165,0.6212471131639723,2.0,1249.62646484375,1.0,0.4461731648804407,True,ok,True,True,False,pass_quality_gate
GP_IIa_22.0mm_closed_R10_single_refY,GP_IIa_22.0mm_closed_R10_single_refY_006,1,GP_IIa_22.0mm_closed_R10_single_refY_006-raw01-12,104,23.011179376191272,305.4911035646745,12.160745877137686,0.5356277266117305,2.0,1300.5797424316406,1.0,0.7093409826361405,True,ok,True,True,False,pass_quality_gate
GP_IIa_22.0mm_closed_R10_single_refY,GP_IIa_22.0mm_closed_R10_single_refY_006,1,GP_IIa_22.0mm_closed_R10_single_refY_006-raw01-09,86,22.82697806260733,301.655387373439,13.39181453337951,0.5393203883495146,2.0,1306.16552734375,1.0,0.7102689438952889,True,ok,True,True,True,pass_quality_gate
GP_IIa_22.0mm_closed_R10_single_refY,GP_IIa_22.0mm_closed_R10_single_refY_006,1,GP_IIa_22.0mm_closed_R10_single_refY_006-raw01-11,98,22.55180337997248,286.624204599831,12.878518850347684,0.5385735080058224,2.0,1305.994110107422,1.0,0.7092370943191646,True,ok,True,True,False,pass_quality_gate
GP_IIa_22.0mm_closed_R10_single_refY,GP_IIa_22.0mm_closed_R10_single_refY_006,2,GP_IIa_22.0mm_closed_R10_single_refY_006-raw02-14,258,23.05516599087068,239.23384974308053,9.654445719133513,0.5281264528126453,4.0,1335.792984008789,1.0,0.7395651864109083,True,ok,True,True,False,pass_quality_gate
GP_IIa_22.0mm_closed_R10_single_refY,GP_IIa_22.0mm_closed_R10_single_refY_006,2,GP_IIa_22.0mm_closed_R10_single_refY_006-raw02-15,264,23.00395805980071,262.898225308642,11.438261959876543,0.5281264528126453,3.0,1339.2782545089722,1.0,0.7452737854766998,True,ok,True,True,True,pass_quality_gate
GP_IIa_22.0mm_closed_R10_single_refY,GP_IIa_22.0mm_closed_R10_single_refY_006,2,GP_IIa_22.0mm_closed_R10_single_refY_006-raw02-19,287,19.929903091825075,257.57616648497884,10.904677725071938,0.512396694214876,4.0,1315.7930269241333,1.0,0.7576767355417069,True,ok,True,True,False,pass_quality_gate
GP_IIa_22.0mm_closed_R10_single_refY,GP_IIa_22.0mm_closed_R10_single_refY_006,3,GP_IIa_22.0mm_closed_R10_single_refY_006-raw03-18,424,24.914084835333888,245.63024301013937,11.05272267734036,0.5173050299953853,6.0,1312.5797882080078,1.0,0.7648343317326664,True,ok,True,True,True,pass_quality_gate
GP_IIa_22.0mm_closed_R10_single_refY,GP_IIa_22.0mm_closed_R10_single_refY_006,3,GP_IIa_22.0mm_closed_R10_single_refY_006-raw03-19,429,24.90109985611056,245.75935665903123,11.056970674112014,0.5170821791320406,6.0,1311.9939727783203,1.0,0.7648229647656445,True,ok,True,True,False,pass_quality_gate
GP_IIa_22.0mm_closed_R10_single_refY,GP_IIa_22.0mm_closed_R10_single_refY_006,3,GP_IIa_22.0mm_closed_R10_single_refY_006-raw03-23,453,24.69252487478256,206.5186643971182,10.1552529490935,0.5088757396449705,6.0,1307.9229221343994,1.0,0.7760273311897106,True,ok,True,True,False,pass_quality_gate
GP_IIa_22.0mm_closed_R10_single_refY,GP_IIa_22.0mm_closed_R10_single_refY_006,4,GP_IIa_22.0mm_closed_R10_single_refY_006-raw04-23,595,28.87214193835672,182.55698417924413,8.465802561125647,0.4929810074318745,3.0,1392.3077278137207,1.0,0.807030562668304,True,ok,True,True,True,pass_quality_gate
GP_IIa_22.0mm_closed_R10_single_refY,GP_IIa_22.0mm_closed_R10_single_refY_006,4,GP_IIa_22.0mm_closed_R10_single_refY_006-raw04-06,495,26.779995412751184,188.8210756401308,9.591409206127622,0.4758534554537885,5.0,1337.650943160057,1.0,0.8015592518636544,True,ok,True,True,False,pass_quality_gate
GP_IIa_22.0mm_closed_R10_single_refY,GP_IIa_22.0mm_closed_R10_single_refY_006,4,GP_IIa_22.0mm_closed_R10_single_refY_006-raw04-09,512,26.263583781601472,192.90275981026303,10.034165229265488,0.4809602649006622,3.0,1356.994026184082,1.0,0.8059339536061513,True,ok,True,True,False,pass_quality_gate
GP_IIa_22.0mm_closed_R10_single_refY,GP_IIa_22.0mm_closed_R10_single_refY_006,5,GP_IIa_22.0mm_closed_R10_single_refY_006-raw05-21,729,41.19340725262959,162.1890140263371,8.229790478611028,0.4648221343873517,9.0,1358.7808207273483,1.0,0.8486431008353801,True,ok,True,True,False,pass_quality_gate
GP_IIa_22.0mm_closed_R10_single_refY,GP_IIa_22.0mm_closed_R10_single_refY_006,5,GP_IIa_22.0mm_closed_R10_single_refY_006-raw05-20,723,40.52400660158793,170.83648809997612,8.4628512298018,0.4770604953308973,13.0,1356.6803493499756,1.0,0.8491426455242791,True,ok,True,True,True,pass_quality_gate
GP_IIa_22.0mm_closed_R10_single_refY,GP_IIa_22.0mm_closed_R10_single_refY_006,5,GP_IIa_22.0mm_closed_R10_single_refY_006-raw05-24,747,39.23599497221016,166.08387157755442,8.088621254607895,0.4470355731225296,10.0,1308.2244886159897,1.0,0.8488861606137671,True,ok,True,True,False,pass_quality_gate
GP_IIa_22.0mm_closed_R5_single_refY,GP_IIa_22.0mm_closed_R5_single_refY_004,1,GP_IIa_22.0mm_closed_R5_single_refY_004-raw01-08,129,15.06349500782224,254.9278286678197,9.944825230072812,0.6962616822429907,3.0,1221.0112762451172,1.0,0.5222830809289776,True,ok,True,True,True,pass_quality_gate
GP_IIa_22.0mm_closed_R5_single_refY,GP_IIa_22.0mm_closed_R5_single_refY_004,1,GP_IIa_22.0mm_closed_R5_single_refY_004-raw01-07,120,14.808000212915449,251.01425944929025,9.69284462117325,0.696,3.0,1221.5970916748047,1.0,0.5220537913398626,True,ok,True,True,False,pass_quality_gate
GP_IIa_22.0mm_closed_R5_single_refY,GP_IIa_22.0mm_closed_R5_single_refY_004,1,GP_IIa_22.0mm_closed_R5_single_refY_004-raw01-06,110,14.18064645225619,225.76120662377383,9.91929121400696,0.6889325474787165,5.0,1227.5969467163086,1.0,0.5168564429575108,True,ok,True,True,False,pass_quality_gate
GP_IIa_22.0mm_closed_R5_single_refY,GP_IIa_22.0mm_closed_R5_single_refY_004,2,GP_IIa_22.0mm_closed_R5_single_refY_004-raw02-01,290,12.517698116583878,244.90672970526103,10.084347651141735,0.6454849498327759,5.0,1136.0407654047012,1.0,0.4553639531409065,True,ok,True,True,True,pass_quality_gate
GP_IIa_22.0mm_closed_R5_single_refY,GP_IIa_22.0mm_closed_R5_single_refY_004,2,GP_IIa_22.0mm_closed_R5_single_refY_004-raw02-04,318,11.643232410797072,239.2789083994174,8.386520877164589,0.6411804158283032,1.0,1128.1412353515625,1.0,0.4528458463702574,True,ok,True,True,False,pass_quality_gate
GP_IIa_22.0mm_closed_R5_single_refY,GP_IIa_22.0mm_closed_R5_single_refY_004,2,GP_IIa_22.0mm_closed_R5_single_refY_004-raw02-02,299,10.544071977138524,217.33374741622453,7.817053426875337,0.6437710437710438,2.0,1126.7269287109375,1.0,0.4576518027921385,True,ok,True,True,False,pass_quality_gate
GP_IIa_22.0mm_closed_R5_single_refY,GP_IIa_22.0mm_closed_R5_single_refY_004,3,GP_IIa_22.0mm_closed_R5_single_refY_004-raw03-01,517,8.906290998440022,168.91118992729207,6.6822663592835605,0.6438356164383562,10.0,1211.2244811058044,1.0,0.5002886581762139,True,ok,True,True,False,pass_quality_gate
GP_IIa_22.0mm_closed_R5_single_refY,GP_IIa_22.0mm_closed_R5_single_refY_004,3,GP_IIa_22.0mm_closed_R5_single_refY_004-raw03-22,716,8.534427047687108,144.48189838309926,5.716002301428065,0.6293290043290043,6.0,1367.0063353776932,1.0,0.5826779498579518,True,ok,True,True,False,pass_quality_gate
GP_IIa_22.0mm_closed_R5_single_refY,GP_IIa_22.0mm_closed_R5_single_refY_004,3,GP_IIa_22.0mm_closed_R5_single_refY_004-raw03-04,545,8.48060537244538,185.6623363295048,7.122187347661361,0.6892307692307692,13.0,1300.437690615654,1.0,0.4826743459644694,True,ok,True,True,True,pass_quality_gate
GP_IIa_22.0mm_closed_R5_single_refY,GP_IIa_22.0mm_closed_R5_single_refY_004,4,GP_IIa_22.0mm_closed_R5_single_refY_004-raw04-17,895,14.224070956741144,167.2195080189487,7.948326294161292,0.9954128440366972,1.0,1519.7047119140625,0.958153805979893,0.6767679611154908,True,ok,True,True,False,pass_quality_gate
GP_IIa_22.0mm_closed_R5_single_refY,GP_IIa_22.0mm_closed_R5_single_refY_004,4,GP_IIa_22.0mm_closed_R5_single_refY_004-raw04-19,914,13.9051636542697,167.93585816258707,7.864780510360373,1.0,1.0,1520.4620361328125,0.931012577817304,0.6846020814565454,True,ok,True,True,True,pass_quality_gate
GP_IIa_22.0mm_closed_R5_single_refY,GP_IIa_22.0mm_closed_R5_single_refY_004,4,GP_IIa_22.0mm_closed_R5_single_refY_004-raw04-22,943,13.176326971547397,160.99417748775076,6.931558016390921,0.9953703703703703,1.0,1503.5625,0.9379364354238726,0.674234199155563,True,ok,True,True,False,pass_quality_gate
GP_IIa_22.0mm_closed_R5_single_refY,GP_IIa_22.0mm_closed_R5_single_refY_004,5,GP_IIa_22.0mm_closed_R5_single_refY_004-raw05-15,1103,14.573216433432073,178.95681544028952,7.565158177360987,1.0,1.0,1470.90576171875,1.0,0.6510552510659119,True,ok,True,True,True,pass_quality_gate
GP_IIa_22.0mm_closed_R5_single_refY,GP_IIa_22.0mm_closed_R5_single_refY_004,5,GP_IIa_22.0mm_closed_R5_single_refY_004-raw05-18,1132,13.906939908176009,191.46671202101064,7.838883966712021,0.9959839357429718,1.0,1454.3909912109375,0.9976883623492018,0.6408358199097577,True,ok,True,True,False,pass_quality_gate
GP_IIa_22.0mm_closed_R5_single_refY,GP_IIa_22.0mm_closed_R5_single_refY_004,5,GP_IIa_22.0mm_closed_R5_single_refY_004-raw05-19,1141,13.37027075138327,191.68872436818265,8.428467694833383,0.9951884522854852,2.0,1452.7342529296875,1.0,0.6367093327455992,True,ok,True,True,False,pass_quality_gate
GP_IIa_22.0mm_closed_R5_single_refY,GP_IIa_22.0mm_closed_R5_single_refY_005,1,GP_IIa_22.0mm_closed_R5_single_refY_005-raw01-02,39,32.16849820375324,224.08630721489527,10.96850095211228,0.995741056218058,1.0,1361.0234375,0.9522269221199304,0.732823972490064,True,ok,True,True,False,pass_quality_gate
GP_IIa_22.0mm_closed_R5_single_refY,GP_IIa_22.0mm_closed_R5_single_refY_005,1,GP_IIa_22.0mm_closed_R5_single_refY_005-raw01-11,85,28.66661970603731,220.9258593318306,11.04724022699166,0.9965899403239556,1.0,1365.9940185546875,0.9648538352627634,0.7420041041820656,True,ok,True,True,True,pass_quality_gate
GP_IIa_22.0mm_closed_R5_single_refY,GP_IIa_22.0mm_closed_R5_single_refY_005,1,GP_IIa_22.0mm_closed_R5_single_refY_005-raw01-05,54,27.654135197051936,235.93511903706724,10.913580684618248,0.9948497854077252,1.0,1354.337158203125,0.9871614491734084,0.7390766131455692,True,ok,True,True,False,pass_quality_gate
GP_IIa_22.0mm_closed_R5_single_refY,GP_IIa_22.0mm_closed_R5_single_refY_005,2,GP_IIa_22.0mm_closed_R5_single_refY_005-raw02-06,181,21.78303269133273,210.216484343016,10.300686450924948,0.9911190053285968,2.0,1299.981803894043,0.9706459671663098,0.7615242841418352,True,ok,True,True,False,pass_quality_gate
GP_IIa_22.0mm_closed_R5_single_refY,GP_IIa_22.0mm_closed_R5_single_refY_005,2,GP_IIa_22.0mm_closed_R5_single_refY_005-raw02-22,263,21.603560539170257,212.89720819548435,10.84376148741463,0.9955277280858676,1.0,1297.567626953125,0.9413623595505618,0.7445783519111261,True,ok,True,True,True,pass_quality_gate
GP_IIa_22.0mm_closed_R5_single_refY,GP_IIa_22.0mm_closed_R5_single_refY_005,2,GP_IIa_22.0mm_closed_R5_single_refY_005-raw02-11,207,21.525311219899447,200.8285538792276,11.192281853430076,0.9892569382273948,2.0,1288.981834411621,0.949438202247191,0.7700295182604,True,ok,True,True,False,pass_quality_gate
GP_IIa_22.0mm_closed_R5_single_refY,GP_IIa_22.0mm_closed_R5_single_refY_005,3,GP_IIa_22.0mm_closed_R5_single_refY_005-raw03-11,329,23.253618403953983,207.755952437349,11.096413851911509,1.0,1.0,1310.638671875,1.0,0.7754870088082833,True,ok,True,True,True,pass_quality_gate
GP_IIa_22.0mm_closed_R5_single_refY,GP_IIa_22.0mm_closed_R5_single_refY_005,3,GP_IIa_22.0mm_closed_R5_single_refY_005-raw03-12,334,22.499185765541924,207.5756614767409,10.85185786608081,0.9946428571428572,1.0,1298.567626953125,0.9823933975240716,0.7793603238900337,True,ok,True,True,False,pass_quality_gate
GP_IIa_22.0mm_closed_R5_single_refY,GP_IIa_22.0mm_closed_R5_single_refY_005,3,GP_IIa_22.0mm_closed_R5_single_refY_005-raw03-21,380,21.92554865179651,211.0565653165788,11.800824638168969,0.9946996466431096,1.0,1313.0528564453125,0.9705239219802326,0.7795147479115282,True,ok,True,True,False,pass_quality_gate
GP_IIa_22.0mm_closed_R5_single_refY,GP_IIa_22.0mm_closed_R5_single_refY_005,4,GP_IIa_22.0mm_closed_R5_single_refY_005-raw04-13,461,23.5670328432248,184.25184363834768,9.890191315979372,1.0,1.0,1357.16552734375,0.9967146828405358,0.796603950764932,True,ok,True,True,True,pass_quality_gate
GP_IIa_22.0mm_closed_R5_single_refY,GP_IIa_22.0mm_closed_R5_single_refY_005,4,GP_IIa_22.0mm_closed_R5_single_refY_005-raw04-11,451,23.29389619821501,194.4205894518221,10.784425024861171,0.996560619088564,1.0,1355.1656494140625,0.981772784019975,0.7768152725003488,True,ok,True,True,False,pass_quality_gate
GP_IIa_22.0mm_closed_R5_single_refY,GP_IIa_22.0mm_closed_R5_single_refY_005,4,GP_IIa_22.0mm_closed_R5_single_refY_005-raw04-12,456,22.709271356228253,179.1649780123131,9.54170624450308,1.0,1.0,1356.094482421875,0.9949528936742934,0.7965663658478527,True,ok,True,True,False,pass_quality_gate
GP_IIa_22.0mm_closed_R5_single_refY,GP_IIa_22.0mm_closed_R5_single_refY_005,5,GP_IIa_22.0mm_closed_R5_single_refY_005-raw05-07,553,25.73809337382376,167.50905842850062,9.021203363356625,1.0,1.0,1316.295654296875,1.0,0.8255293307528109,True,ok,True,True,False,pass_quality_gate
GP_IIa_22.0mm_closed_R5_single_refY,GP_IIa_22.0mm_closed_R5_single_refY_005,5,GP_IIa_22.0mm_closed_R5_single_refY_005-raw05-06,548,23.88908962512428,164.61868372511427,8.450183093600357,1.0,1.0,1331.75146484375,1.0,0.8198242882520437,True,ok,True,True,False,pass_quality_gate
GP_IIa_22.0mm_closed_R5_single_refY,GP_IIa_22.0mm_closed_R5_single_refY_005,5,GP_IIa_22.0mm_closed_R5_single_refY_005-raw05-01,522,21.95679470278423,148.00232938582454,7.919716206123973,1.0,1.0,1348.337158203125,1.0,0.8129237963813298,True,ok,True,True,True,pass_quality_gate
GP_IIa_4.5mm_closed_R10_single_refY,GP_IIa_4.5mm_closed_R10_single_refY_004,1,GP_IIa_4.5mm_closed_R10_single_refY_004-raw01-10,123,22.44295346001048,757.8605411834671,15.834820101100208,1.0,1.0,320.7350769042969,1.0,0.704583448424384,True,ok,True,True,False,pass_quality_gate
GP_IIa_4.5mm_closed_R10_single_refY,GP_IIa_4.5mm_closed_R10_single_refY_004,1,GP_IIa_4.5mm_closed_R10_single_refY_004-raw01-16,171,22.26997395464108,928.1426747526332,18.02760932014044,1.0,1.0,308.5929260253906,1.0,0.6644299840507955,True,ok,True,True,False,pass_quality_gate
GP_IIa_4.5mm_closed_R10_single_refY,GP_IIa_4.5mm_closed_R10_single_refY_004,1,GP_IIa_4.5mm_closed_R10_single_refY_004-raw01-11,131,21.965383850055268,820.3883551673945,14.7235807860262,1.0,1.0,322.97772216796875,1.0,0.7044005479086652,True,ok,True,True,True,pass_quality_gate
GP_IIa_4.5mm_closed_R10_single_refY,GP_IIa_4.5mm_closed_R10_single_refY_004,2,GP_IIa_4.5mm_closed_R10_single_refY_004-raw02-08,297,25.021522343519003,712.5870998874055,13.317355637767411,1.0,1.0,308.73504638671875,1.0,0.6817095270941811,True,ok,True,True,True,pass_quality_gate
GP_IIa_4.5mm_closed_R10_single_refY,GP_IIa_4.5mm_closed_R10_single_refY_004,2,GP_IIa_4.5mm_closed_R10_single_refY_004-raw02-15,353,23.436371945264604,925.2880155779784,17.8143034165339,1.0,1.0,294.2497863769531,1.0,0.6709057458434033,True,ok,True,True,False,pass_quality_gate
GP_IIa_4.5mm_closed_R10_single_refY,GP_IIa_4.5mm_closed_R10_single_refY_004,2,GP_IIa_4.5mm_closed_R10_single_refY_004-raw02-14,345,22.387829689303743,905.34554973822,15.39546247818499,1.0,1.0,296.00714111328125,1.0,0.6750610233695923,True,ok,True,True,False,pass_quality_gate
GP_IIa_4.5mm_closed_R10_single_refY,GP_IIa_4.5mm_closed_R10_single_refY_004,3,GP_IIa_4.5mm_closed_R10_single_refY_004-raw03-03,448,23.805530424441823,889.1941340782123,18.901361731843576,1.0,1.0,298.00714111328125,1.0,0.670361479157019,True,ok,True,True,False,pass_quality_gate
GP_IIa_4.5mm_closed_R10_single_refY,GP_IIa_4.5mm_closed_R10_single_refY_004,3,GP_IIa_4.5mm_closed_R10_single_refY_004-raw03-02,440,23.72483379315861,881.0406046756899,18.43047987343997,1.0,1.0,297.7644958496094,1.0,0.6703391972927145,True,ok,True,True,False,pass_quality_gate
GP_IIa_4.5mm_closed_R10_single_refY,GP_IIa_4.5mm_closed_R10_single_refY_004,3,GP_IIa_4.5mm_closed_R10_single_refY_004-raw03-18,567,22.359955429471565,702.072778561354,16.398871650211564,1.0,1.0,325.9066467285156,1.0,0.7206531595954887,True,ok,True,True,True,pass_quality_gate
GP_IIa_4.5mm_closed_R10_single_refY,GP_IIa_4.5mm_closed_R10_single_refY_004,4,GP_IIa_4.5mm_closed_R10_single_refY_004-raw04-24,804,21.331017449268288,620.453172205438,17.09763801153529,1.0,1.0,327.4630126953125,1.0,0.8041794274549507,True,ok,True,True,False,pass_quality_gate
GP_IIa_4.5mm_closed_R10_single_refY,GP_IIa_4.5mm_closed_R10_single_refY_004,4,GP_IIa_4.5mm_closed_R10_single_refY_004-raw04-14,725,20.214451806780737,726.2300810735253,20.26726306961141,1.0,1.0,326.7350769042969,1.0,0.7509620471688363,True,ok,True,True,False,pass_quality_gate
GP_IIa_4.5mm_closed_R10_single_refY,GP_IIa_4.5mm_closed_R10_single_refY_004,4,GP_IIa_4.5mm_closed_R10_single_refY_004-raw04-04,646,19.61964620828512,672.0371134020619,19.45072164948453,1.0,1.0,330.39190673828125,1.0,0.7418140598042141,True,ok,True,True,True,pass_quality_gate
GP_IIa_4.5mm_closed_R10_single_refY,GP_IIa_4.5mm_closed_R10_single_refY_004,5,GP_IIa_4.5mm_closed_R10_single_refY_004-raw05-12,900,24.26862629296574,649.2442916093535,14.253782668500689,1.0,1.0,328.1492919921875,1.0,0.7922790125291523,True,ok,True,True,False,pass_quality_gate
GP_IIa_4.5mm_closed_R10_single_refY,GP_IIa_4.5mm_closed_R10_single_refY_004,5,GP_IIa_4.5mm_closed_R10_single_refY_004-raw05-05,844,23.88026258198301,591.1654967602592,15.225161987041036,1.0,1.0,332.0487670898437,1.0,0.8161803891781744,True,ok,True,True,True,pass_quality_gate
GP_IIa_4.5mm_closed_R10_single_refY,GP_IIa_4.5mm_closed_R10_single_refY_004,5,GP_IIa_4.5mm_closed_R10_single_refY_004-raw05-16,931,23.641364482507583,670.9624190064795,14.993520518358531,1.0,1.0,321.5634765625,1.0,0.783776461879414,True,ok,True,True,False,pass_quality_gate
GP_IIa_4.5mm_closed_R10_single_refY,GP_IIa_4.5mm_closed_R10_single_refY_005,1,GP_IIa_4.5mm_closed_R10_single_refY_005-raw01-13,94,21.974909604756608,416.4954420005018,9.784812243873882,1.0,1.0,419.1614990234375,1.0,0.788173715200474,True,ok,True,True,False,pass_quality_gate
GP_IIa_4.5mm_closed_R10_single_refY,GP_IIa_4.5mm_closed_R10_single_refY_005,1,GP_IIa_4.5mm_closed_R10_single_refY_005-raw01-14,99,21.94191510461761,394.90519224449554,8.270292474531713,1.0,1.0,423.4041137695313,1.0,0.791218843932327,True,ok,True,True,True,pass_quality_gate
GP_IIa_4.5mm_closed_R10_single_refY,GP_IIa_4.5mm_closed_R10_single_refY_005,1,GP_IIa_4.5mm_closed_R10_single_refY_005-raw01-12,89,21.9162550600676,416.90056913290925,9.795112152661533,1.0,1.0,419.9899291992188,1.0,0.7883898641137709,True,ok,True,True,False,pass_quality_gate
GP_IIa_4.5mm_closed_R10_single_refY,GP_IIa_4.5mm_closed_R10_single_refY_005,2,GP_IIa_4.5mm_closed_R10_single_refY_005-raw02-22,262,18.88532854289183,423.50850897736143,9.981967213114752,1.0,1.0,435.4041137695313,1.0,0.7688540515633646,True,ok,True,True,False,pass_quality_gate
GP_IIa_4.5mm_closed_R10_single_refY,GP_IIa_4.5mm_closed_R10_single_refY_005,2,GP_IIa_4.5mm_closed_R10_single_refY_005-raw02-13,216,18.274968220716644,417.7916026211472,9.952754631502303,1.0,1.0,428.33306884765625,1.0,0.7698616289502349,True,ok,True,True,False,pass_quality_gate
GP_IIa_4.5mm_closed_R10_single_refY,GP_IIa_4.5mm_closed_R10_single_refY_005,2,GP_IIa_4.5mm_closed_R10_single_refY_005-raw02-24,272,18.21239017692731,425.6502152521525,10.573185731857318,1.0,1.0,438.81829833984375,1.0,0.7653217107779023,True,ok,True,True,True,pass_quality_gate
GP_IIa_4.5mm_closed_R10_single_refY,GP_IIa_4.5mm_closed_R10_single_refY_005,3,GP_IIa_4.5mm_closed_R10_single_refY_005-raw03-18,363,20.33617828225973,403.87115596909007,11.095174262734584,1.0,1.0,437.4040832519531,1.0,0.7250814034865722,True,ok,True,True,False,pass_quality_gate
GP_IIa_4.5mm_closed_R10_single_refY,GP_IIa_4.5mm_closed_R10_single_refY_005,3,GP_IIa_4.5mm_closed_R10_single_refY_005-raw03-19,369,20.24704181104118,417.570942812983,11.983462132921174,1.0,1.0,440.81829833984375,1.0,0.7253869529652465,True,ok,True,True,True,pass_quality_gate
GP_IIa_4.5mm_closed_R10_single_refY,GP_IIa_4.5mm_closed_R10_single_refY_005,3,GP_IIa_4.5mm_closed_R10_single_refY_005-raw03-20,374,19.184619059187103,406.8058745410515,10.399109444574645,1.0,1.0,440.2325439453125,1.0,0.7213577540004797,True,ok,True,True,False,pass_quality_gate
GP_IIa_4.5mm_closed_R10_single_refY,GP_IIa_4.5mm_closed_R10_single_refY_005,4,GP_IIa_4.5mm_closed_R10_single_refY_005-raw04-04,414,19.353659775429,345.5929473225947,7.655420113191119,1.0,1.0,455.646728515625,1.0,0.7252333857322573,True,ok,True,True,False,pass_quality_gate
GP_IIa_4.5mm_closed_R10_single_refY,GP_IIa_4.5mm_closed_R10_single_refY_005,4,GP_IIa_4.5mm_closed_R10_single_refY_005-raw04-05,419,19.1900769260536,370.63802612481857,8.022496371552975,1.0,1.0,455.7888793945313,1.0,0.7277627963506429,True,ok,True,True,True,pass_quality_gate
GP_IIa_4.5mm_closed_R10_single_refY,GP_IIa_4.5mm_closed_R10_single_refY_005,4,GP_IIa_4.5mm_closed_R10_single_refY_005-raw04-03,409,18.786811883201125,343.7984868325331,7.587443619962171,1.0,1.0,455.0609436035156,1.0,0.724562059115247,True,ok,True,True,False,pass_quality_gate
GP_IIa_4.5mm_closed_R10_single_refY,GP_IIa_4.5mm_closed_R10_single_refY_005,5,GP_IIa_4.5mm_closed_R10_single_refY_005-raw05-24,641,16.118230236702196,365.321905260403,11.083813137922007,1.0,1.0,475.2030944824219,1.0,0.7798265531517153,True,ok,True,True,False,pass_quality_gate
GP_IIa_4.5mm_closed_R10_single_refY,GP_IIa_4.5mm_closed_R10_single_refY_005,5,GP_IIa_4.5mm_closed_R10_single_refY_005-raw05-21,625,15.60352212997248,358.92820773930754,9.283477596741344,1.0,1.0,481.2030944824219,1.0,0.7878234478598438,True,ok,True,True,True,pass_quality_gate
GP_IIa_4.5mm_closed_R10_single_refY,GP_IIa_4.5mm_closed_R10_single_refY_005,5,GP_IIa_4.5mm_closed_R10_single_refY_005-raw05-23,636,14.865159477647149,358.5181448971571,9.885824708502554,1.0,1.0,474.3746643066406,1.0,0.7795419984844449,True,ok,True,True,False,pass_quality_gate
GP_IIa_5.2mm_closed_R10_single_refY,GP_IIa_5.2mm_closed_R10_single_refY_001,1,GP_IIa_5.2mm_closed_R10_single_refY_001-raw01-22,180,32.20063363256454,191.44056618948045,7.929950136721891,1.0,1.0,423.889404296875,1.0,0.8141986555064814,True,ok,True,True,False,pass_quality_gate
GP_IIa_5.2mm_closed_R10_single_refY,GP_IIa_5.2mm_closed_R10_single_refY_001,1,GP_IIa_5.2mm_closed_R10_single_refY_001-raw01-23,187,31.309257661602807,197.884945305737,8.5311245770048,1.0,1.0,428.71783447265625,1.0,0.8106818639512264,True,ok,True,True,True,pass_quality_gate
GP_IIa_5.2mm_closed_R10_single_refY,GP_IIa_5.2mm_closed_R10_single_refY_001,1,GP_IIa_5.2mm_closed_R10_single_refY_001-raw01-24,193,31.287253520116696,197.47682379790663,8.4593531124577,1.0,1.0,428.71783447265625,1.0,0.8107182632979917,True,ok,True,True,False,pass_quality_gate
GP_IIa_5.2mm_closed_R10_single_refY,GP_IIa_5.2mm_closed_R10_single_refY_001,2,GP_IIa_5.2mm_closed_R10_single_refY_001-raw02-18,311,50.03594174797153,191.4607249389858,9.732079905992949,1.0,1.0,399.1614685058594,1.0,0.9126784364193232,True,ok,False,True,False,pass_quality_gate
GP_IIa_5.2mm_closed_R10_single_refY,GP_IIa_5.2mm_closed_R10_single_refY_001,2,GP_IIa_5.2mm_closed_R10_single_refY_001-raw02-19,318,48.76000838385215,249.7335439705108,12.671493768650167,1.0,1.0,405.2619934082031,1.0,0.9088306677102668,True,ok,True,True,True,pass_quality_gate
GP_IIa_5.2mm_closed_R10_single_refY,GP_IIa_5.2mm_closed_R10_single_refY_001,2,GP_IIa_5.2mm_closed_R10_single_refY_001-raw02-22,337,47.89139629881,256.62070197374294,11.966866124854873,1.0,1.0,403.1614685058594,1.0,0.9033700869635076,True,ok,True,True,False,pass_quality_gate
GP_IIa_5.2mm_closed_R10_single_refY,GP_IIa_5.2mm_closed_R10_single_refY_001,3,GP_IIa_5.2mm_closed_R10_single_refY_001-raw03-09,409,57.94078735057219,541.1009421265142,26.402243158366986,1.0,1.0,400.0903930664063,1.0,0.884864002314695,True,ok,True,True,True,pass_quality_gate
GP_IIa_5.2mm_closed_R10_single_refY,GP_IIa_5.2mm_closed_R10_single_refY_001,3,GP_IIa_5.2mm_closed_R10_single_refY_001-raw03-05,383,57.194182864943855,271.3679716595513,13.91888454900536,1.0,1.0,398.33306884765625,1.0,0.8874155355706959,True,ok,False,True,False,pass_quality_gate
GP_IIa_5.2mm_closed_R10_single_refY,GP_IIa_5.2mm_closed_R10_single_refY_001,3,GP_IIa_5.2mm_closed_R10_single_refY_001-raw03-04,377,56.73988380193709,316.0057704445045,15.538634929221892,1.0,1.0,401.4041137695313,1.0,0.8876313706728222,True,ok,False,True,False,pass_quality_gate
GP_IIa_5.2mm_closed_R10_single_refY,GP_IIa_5.2mm_closed_R10_single_refY_001,4,GP_IIa_5.2mm_closed_R10_single_refY_001-raw04-24,664,89.30799479098852,160.25065022637511,10.062421732010405,1.0,1.0,389.1198425292969,1.0,0.9374373048912368,True,ok,False,True,False,pass_quality_gate
GP_IIa_5.2mm_closed_R10_single_refY,GP_IIa_5.2mm_closed_R10_single_refY_001,4,GP_IIa_5.2mm_closed_R10_single_refY_001-raw04-17,619,84.7543848885242,344.9758354755784,16.182005141388174,1.0,1.0,411.8477783203125,1.0,0.9102538291878164,True,ok,True,True,True,pass_quality_gate
GP_IIa_5.2mm_closed_R10_single_refY,GP_IIa_5.2mm_closed_R10_single_refY_001,4,GP_IIa_5.2mm_closed_R10_single_refY_001-raw04-20,638,82.17890716620553,253.94298510033587,15.202480406511068,1.0,1.0,410.3330383300781,1.0,0.9104431108392592,True,ok,False,True,False,pass_quality_gate
GP_IIa_5.2mm_closed_R10_single_refY,GP_IIa_5.2mm_closed_R10_single_refY_001,5,GP_IIa_5.2mm_closed_R10_single_refY_001-raw05-15,764,92.95773280706996,246.6279116066096,12.393788572566196,1.0,1.0,381.504638671875,1.0,0.9576379712341512,True,ok,True,True,True,pass_quality_gate
GP_IIa_5.2mm_closed_R10_single_refY,GP_IIa_5.2mm_closed_R10_single_refY_001,5,GP_IIa_5.2mm_closed_R10_single_refY_001-raw05-01,671,91.99771542984648,123.59745222929936,7.977364037236649,1.0,1.0,385.7056274414063,1.0,0.9285468293611022,True,ok,False,True,False,pass_quality_gate
GP_IIa_5.2mm_closed_R10_single_refY,GP_IIa_5.2mm_closed_R10_single_refY_001,5,GP_IIa_5.2mm_closed_R10_single_refY_001-raw05-04,691,91.69943236196896,153.69250072386836,8.27777241578998,1.0,1.0,387.3624877929688,1.0,0.931480437591517,True,ok,False,True,False,pass_quality_gate
GP_IIa_5.2mm_closed_R10_single_refY,GP_IIa_5.2mm_closed_R10_single_refY_004,1,GP_IIa_5.2mm_closed_R10_single_refY_004-raw01-13,143,30.81253129789446,314.19621286320603,9.939384046142129,1.0,1.0,526.658935546875,1.0,0.6188365049381906,True,ok,True,True,False,pass_quality_gate
GP_IIa_5.2mm_closed_R10_single_refY,GP_IIa_5.2mm_closed_R10_single_refY_004,1,GP_IIa_5.2mm_closed_R10_single_refY_004-raw01-22,213,30.63231430641341,218.8726015557476,6.472371074618265,1.0,1.0,506.4162902832031,1.0,0.6814192361643412,True,ok,False,True,False,pass_quality_gate
GP_IIa_5.2mm_closed_R10_single_refY,GP_IIa_5.2mm_closed_R10_single_refY_004,1,GP_IIa_5.2mm_closed_R10_single_refY_004-raw01-12,136,30.267648447812626,314.19718617079286,10.081633765950484,1.0,1.0,526.658935546875,1.0,0.6183419072568158,True,ok,True,True,True,pass_quality_gate
GP_IIa_5.2mm_closed_R10_single_refY,GP_IIa_5.2mm_closed_R10_single_refY_004,2,GP_IIa_5.2mm_closed_R10_single_refY_004-raw02-03,251,29.571792534679844,258.3757079924481,6.941724354940214,1.0,1.0,484.1736450195313,1.0,0.6872708870410019,True,ok,True,True,False,pass_quality_gate
GP_IIa_5.2mm_closed_R10_single_refY,GP_IIa_5.2mm_closed_R10_single_refY_004,2,GP_IIa_5.2mm_closed_R10_single_refY_004-raw02-01,236,29.3970561818429,242.35536533170284,7.120635891164781,1.0,1.0,490.5167846679688,1.0,0.6913000585167055,True,ok,True,True,True,pass_quality_gate
GP_IIa_5.2mm_closed_R10_single_refY,GP_IIa_5.2mm_closed_R10_single_refY_004,2,GP_IIa_5.2mm_closed_R10_single_refY_004-raw02-02,244,29.37250427018153,255.24818198769344,7.532786375784697,1.0,1.0,489.34521484375,1.0,0.6915189714533142,True,ok,True,True,False,pass_quality_gate
GP_IIa_5.2mm_closed_R10_single_refY,GP_IIa_5.2mm_closed_R10_single_refY_004,3,GP_IIa_5.2mm_closed_R10_single_refY_004-raw03-23,591,24.16636567878253,363.5976042241312,10.768618488454567,1.0,1.0,436.96044921875,1.0,0.6717600211315674,True,ok,True,True,True,pass_quality_gate
GP_IIa_5.2mm_closed_R10_single_refY,GP_IIa_5.2mm_closed_R10_single_refY_004,3,GP_IIa_5.2mm_closed_R10_single_refY_004-raw03-07,467,22.60214026345029,396.2364958731715,10.38326387186402,1.0,1.0,430.2325134277344,1.0,0.633530127893278,True,ok,True,True,False,pass_quality_gate
GP_IIa_5.2mm_closed_R10_single_refY,GP_IIa_5.2mm_closed_R10_single_refY_004,3,GP_IIa_5.2mm_closed_R10_single_refY_004-raw03-10,490,22.300297093351368,336.1019170104344,9.850845264094476,1.0,1.0,433.8893737792969,1.0,0.6312420407177765,True,ok,True,True,False,pass_quality_gate
GP_IIa_5.2mm_closed_R10_single_refY,GP_IIa_5.2mm_closed_R10_single_refY_004,4,GP_IIa_5.2mm_closed_R10_single_refY_004-raw04-07,652,25.019052464236747,331.27799841143764,10.144162033359809,1.0,1.0,435.4040832519531,1.0,0.7076269061008948,True,ok,True,True,False,pass_quality_gate
GP_IIa_5.2mm_closed_R10_single_refY,GP_IIa_5.2mm_closed_R10_single_refY_004,4,GP_IIa_5.2mm_closed_R10_single_refY_004-raw04-06,645,24.101936898761355,279.95750535004584,8.268572302048304,1.0,1.0,444.8599243164063,1.0,0.6959012203904762,True,ok,True,True,True,pass_quality_gate
GP_IIa_5.2mm_closed_R10_single_refY,GP_IIa_5.2mm_closed_R10_single_refY_004,4,GP_IIa_5.2mm_closed_R10_single_refY_004-raw04-08,660,23.74149263170031,292.3278795278796,9.451770451770452,1.0,1.0,429.3035888671875,1.0,0.7155153369597141,True,ok,True,True,False,pass_quality_gate
GP_IIa_5.2mm_closed_R10_single_refY,GP_IIa_5.2mm_closed_R10_single_refY_004,5,GP_IIa_5.2mm_closed_R10_single_refY_004-raw05-09,853,14.333585465484193,219.4227642276423,6.76439701897019,1.0,1.0,514.5584106445312,1.0,0.7394550007140265,True,ok,True,True,False,pass_quality_gate
GP_IIa_5.2mm_closed_R10_single_refY,GP_IIa_5.2mm_closed_R10_single_refY_004,5,GP_IIa_5.2mm_closed_R10_single_refY_004-raw05-24,970,14.272925280530952,162.18236961169393,6.574106299408343,1.0,1.0,541.72998046875,1.0,0.8337156506374709,True,ok,False,True,False,pass_quality_gate
GP_IIa_5.2mm_closed_R10_single_refY,GP_IIa_5.2mm_closed_R10_single_refY_004,5,GP_IIa_5.2mm_closed_R10_single_refY_004-raw05-04,814,14.0506639358332,241.9755128693476,9.059313272024813,1.0,1.0,523.1441650390625,1.0,0.7373434736678045,True,ok,True,True,True,pass_quality_gate
GP_IIa_9.5mm_closed_R10_single_refY,GP_IIa_9.5mm_closed_R10_single_refY_004,1,GP_IIa_9.5mm_closed_R10_single_refY_004-raw01-07,117,32.94807059393992,306.26091932099945,8.777353932227097,0.9314024390243902,2.0,709.2396821975708,1.0,0.613605831013094,False,ok,True,False,False,no_candidate_passed_quality_gate
GP_IIa_9.5mm_closed_R10_single_refY,GP_IIa_9.5mm_closed_R10_single_refY_004,1,GP_IIa_9.5mm_closed_R10_single_refY_004-raw01-06,107,31.91517125447121,313.31576579471687,9.452535509994217,0.946875,1.0,703.9970092773438,1.0,0.6135253084352439,False,ok,True,False,False,no_candidate_passed_quality_gate
GP_IIa_9.5mm_closed_R10_single_refY,GP_IIa_9.5mm_closed_R10_single_refY_004,1,GP_IIa_9.5mm_closed_R10_single_refY_004-raw01-03,80,31.72213731327292,277.7164567221641,9.650670358988211,1.0,1.0,734.7249755859375,1.0,0.5788640226944846,False,ok,True,False,False,no_candidate_passed_quality_gate
GP_IIa_9.5mm_closed_R10_single_refY,GP_IIa_9.5mm_closed_R10_single_refY_004,2,GP_IIa_9.5mm_closed_R10_single_refY_004-raw02-03,303,23.51716238309012,362.4002916794596,12.762703408044212,0.9749163879598662,1.0,677.6832885742188,1.0,0.570385980341331,False,ok,True,False,False,no_candidate_passed_quality_gate
GP_IIa_9.5mm_closed_R10_single_refY,GP_IIa_9.5mm_closed_R10_single_refY_004,2,GP_IIa_9.5mm_closed_R10_single_refY_004-raw02-05,321,22.24033739909302,350.18154656043254,12.337411965568757,1.0,1.0,718.2396240234375,1.0,0.5810347118254864,False,ok,True,False,False,no_candidate_passed_quality_gate
GP_IIa_9.5mm_closed_R10_single_refY,GP_IIa_9.5mm_closed_R10_single_refY_004,2,GP_IIa_9.5mm_closed_R10_single_refY_004-raw02-06,330,21.049242238998414,316.8600836055784,11.113113429585134,1.0,1.0,722.2396240234375,1.0,0.5847035286372908,False,ok,True,False,False,no_candidate_passed_quality_gate
GP_IIa_9.5mm_closed_R10_single_refY,GP_IIa_9.5mm_closed_R10_single_refY_004,3,GP_IIa_9.5mm_closed_R10_single_refY_004-raw03-16,646,18.199359633603507,181.5769198803192,7.28949883643617,0.9443742098609356,2.0,863.4650421142578,1.0,0.7202292521623644,False,ok,True,False,False,no_candidate_passed_quality_gate
GP_IIa_9.5mm_closed_R10_single_refY,GP_IIa_9.5mm_closed_R10_single_refY_004,3,GP_IIa_9.5mm_closed_R10_single_refY_004-raw03-12,609,17.747525869859295,193.28678873617764,6.993127993911448,1.0,1.0,890.1218872070312,1.0,0.6796210896113577,False,ok,True,False,False,no_candidate_passed_quality_gate
GP_IIa_9.5mm_closed_R10_single_refY,GP_IIa_9.5mm_closed_R10_single_refY_004,3,GP_IIa_9.5mm_closed_R10_single_refY_004-raw03-17,656,17.27029730478923,188.9684525149958,6.513010010850206,0.8965952080706179,3.0,823.9797921180725,1.0,0.7350518598556093,False,ok,True,False,False,no_candidate_passed_quality_gate
GP_IIa_9.5mm_closed_R10_single_refY,GP_IIa_9.5mm_closed_R10_single_refY_004,4,GP_IIa_9.5mm_closed_R10_single_refY_004-raw04-16,869,18.39777096591056,379.4050092709774,16.832298319451393,1.0,1.0,772.13916015625,1.0,0.6818091642775717,False,ok,True,False,False,no_candidate_passed_quality_gate
GP_IIa_9.5mm_closed_R10_single_refY,GP_IIa_9.5mm_closed_R10_single_refY_004,4,GP_IIa_9.5mm_closed_R10_single_refY_004-raw04-13,842,17.491378912597234,334.79788647343,15.814522946859904,1.0,1.0,763.5533447265625,1.0,0.6817429142526487,False,ok,True,False,False,no_candidate_passed_quality_gate
GP_IIa_9.5mm_closed_R10_single_refY,GP_IIa_9.5mm_closed_R10_single_refY_004,4,GP_IIa_9.5mm_closed_R10_single_refY_004-raw04-10,814,16.611604799311845,322.5736012738154,15.362076538736067,0.9970845481049564,2.0,788.0386962890625,1.0,0.7068778661277827,False,ok,True,False,False,no_candidate_passed_quality_gate
GP_IIa_9.5mm_closed_R10_single_refY,GP_IIa_9.5mm_closed_R10_single_refY_004,5,GP_IIa_9.5mm_closed_R10_single_refY_004-raw05-19,1122,19.300745440531365,206.5001550387597,9.589324473975635,1.0,1.0,877.234619140625,1.0,0.7572032630562039,False,ok,True,False,False,no_candidate_passed_quality_gate
GP_IIa_9.5mm_closed_R10_single_refY,GP_IIa_9.5mm_closed_R10_single_refY_004,5,GP_IIa_9.5mm_closed_R10_single_refY_004-raw05-16,1094,19.08987623426649,215.9927311174255,9.981805766646842,0.9705488621151273,1.0,852.8203735351562,1.0,0.7618778351157433,False,ok,True,False,False,no_candidate_passed_quality_gate
GP_IIa_9.5mm_closed_R10_single_refY,GP_IIa_9.5mm_closed_R10_single_refY_004,5,GP_IIa_9.5mm_closed_R10_single_refY_004-raw05-22,1150,17.935511772928123,247.0522105812285,9.936834325957484,0.9482758620689656,2.0,840.9919052124023,1.0,0.7513899620660747,False,ok,True,False,False,no_candidate_passed_quality_gate
GP_IIa_9.5mm_closed_R10_single_refY,GP_IIa_9.5mm_closed_R10_single_refY_005,1,GP_IIa_9.5mm_closed_R10_single_refY_005-raw01-03,88,49.401531570429896,410.2740638955685,16.336585365853658,1.0,1.0,700.0975341796875,1.0,0.7727507420535956,False,ok,False,False,False,no_candidate_passed_quality_gate
GP_IIa_9.5mm_closed_R10_single_refY,GP_IIa_9.5mm_closed_R10_single_refY_005,1,GP_IIa_9.5mm_closed_R10_single_refY_005-raw01-01,68,49.11821417574356,549.034433626217,29.07134375954134,1.0,1.0,707.51171875,1.0,0.7933966660234524,False,ok,True,False,False,no_candidate_passed_quality_gate
GP_IIa_9.5mm_closed_R10_single_refY,GP_IIa_9.5mm_closed_R10_single_refY_005,1,GP_IIa_9.5mm_closed_R10_single_refY_005-raw01-05,109,46.62572470431387,430.0993261455525,17.041812668463614,1.0,1.0,711.5534057617188,1.0,0.7886101681937512,False,ok,True,False,False,no_candidate_passed_quality_gate
GP_IIa_9.5mm_closed_R10_single_refY,GP_IIa_9.5mm_closed_R10_single_refY_005,2,GP_IIa_9.5mm_closed_R10_single_refY_005-raw02-09,395,31.081090952437588,958.6249040995364,53.37826478534974,0.9448946515397084,1.0,676.8548583984375,1.0,0.7756062370073298,False,ok,True,False,False,no_candidate_passed_quality_gate
GP_IIa_9.5mm_closed_R10_single_refY,GP_IIa_9.5mm_closed_R10_single_refY_005,2,GP_IIa_9.5mm_closed_R10_single_refY_005-raw02-04,344,30.405280985418955,650.8816444623873,31.473556721840936,1.0,1.0,707.2691040039062,1.0,0.7817274654916703,False,ok,False,False,False,no_candidate_passed_quality_gate
GP_IIa_9.5mm_closed_R10_single_refY,GP_IIa_9.5mm_closed_R10_single_refY_005,2,GP_IIa_9.5mm_closed_R10_single_refY_005-raw02-05,354,30.006549035300743,520.7751280572611,21.90294786118932,1.0,1.0,702.197998046875,1.0,0.777472150837002,False,ok,False,False,False,no_candidate_passed_quality_gate
GP_IIa_9.5mm_closed_R10_single_refY,GP_IIa_9.5mm_closed_R10_single_refY_005,3,GP_IIa_9.5mm_closed_R10_single_refY_005-raw03-20,752,35.1073068169064,337.4276013143483,15.648083242059146,1.0,1.0,782.3229370117188,1.0,0.825845220639215,False,ok,False,False,False,no_candidate_passed_quality_gate
GP_IIa_9.5mm_closed_R10_single_refY,GP_IIa_9.5mm_closed_R10_single_refY_005,3,GP_IIa_9.5mm_closed_R10_single_refY_005-raw03-23,783,31.929305126030066,452.5805632127993,23.69031403707908,1.0,1.0,783.837646484375,1.0,0.8204821790750036,False,ok,False,False,False,no_candidate_passed_quality_gate
GP_IIa_9.5mm_closed_R10_single_refY,GP_IIa_9.5mm_closed_R10_single_refY_005,3,GP_IIa_9.5mm_closed_R10_single_refY_005-raw03-13,680,31.63494236232497,791.9604438012542,37.26239481159887,1.0,1.0,792.666015625,1.0,0.7679983075846574,False,ok,True,False,False,no_candidate_passed_quality_gate
GP_IIa_9.5mm_closed_R10_single_refY,GP_IIa_9.5mm_closed_R10_single_refY_005,4,GP_IIa_9.5mm_closed_R10_single_refY_005-raw04-11,905,30.49840378508273,341.0990120867597,15.892902478061703,1.0,1.0,781.7371215820312,1.0,0.8013293934395334,False,ok,True,False,False,no_candidate_passed_quality_gate
GP_IIa_9.5mm_closed_R10_single_refY,GP_IIa_9.5mm_closed_R10_single_refY_005,4,GP_IIa_9.5mm_closed_R10_single_refY_005-raw04-02,813,29.339843744555804,378.57924397894624,18.14477112020841,1.0,1.0,798.222412109375,1.0,0.7988456091343068,False,ok,True,False,False,no_candidate_passed_quality_gate
GP_IIa_9.5mm_closed_R10_single_refY,GP_IIa_9.5mm_closed_R10_single_refY_005,4,GP_IIa_9.5mm_closed_R10_single_refY_005-raw04-10,895,29.215660592621948,329.23745837805114,15.352678939981836,1.0,1.0,782.5655517578125,1.0,0.8012436854517211,False,ok,True,False,False,no_candidate_passed_quality_gate
GP_IIa_9.5mm_closed_R10_single_refY,GP_IIa_9.5mm_closed_R10_single_refY_005,5,GP_IIa_9.5mm_closed_R10_single_refY_005-raw05-19,1232,25.103631726299103,388.0735597943593,14.84860423773603,1.0,1.0,847.8204345703125,1.0,0.7334913348182757,False,ok,True,False,False,no_candidate_passed_quality_gate
GP_IIa_9.5mm_closed_R10_single_refY,GP_IIa_9.5mm_closed_R10_single_refY_005,5,GP_IIa_9.5mm_closed_R10_single_refY_005-raw05-24,1284,21.98101838645936,271.3768243362054,10.99597766836645,1.0,1.0,880.749267578125,1.0,0.8040169620776496,False,ok,False,False,False,no_candidate_passed_quality_gate
GP_IIa_9.5mm_closed_R10_single_refY,GP_IIa_9.5mm_closed_R10_single_refY_005,5,GP_IIa_9.5mm_closed_R10_single_refY_005-raw05-01,1048,21.91163733290567,261.070260516522,10.28160595466336,1.0,1.0,781.1513671875,1.0,0.725485126880199,False,ok,False,False,False,no_candidate_passed_quality_gate
GP_IIa_9.5mm_closed_R5_single_refY,GP_IIa_9.5mm_closed_R5_single_refY_004,1,GP_IIa_9.5mm_closed_R5_single_refY_004-raw01-08,98,10.11657966512044,207.00276854928012,9.709191583610188,0.5292864749733759,8.0,573.4995861053467,1.0,0.5589294763221974,True,ok,True,True,False,pass_quality_gate
GP_IIa_9.5mm_closed_R5_single_refY,GP_IIa_9.5mm_closed_R5_single_refY_004,1,GP_IIa_9.5mm_closed_R5_single_refY_004-raw01-18,170,9.171147652477694,212.2080961416825,10.407442546911238,0.5392561983471075,3.0,607.6416931152344,1.0,0.597790581966912,True,ok,True,True,False,pass_quality_gate
GP_IIa_9.5mm_closed_R5_single_refY,GP_IIa_9.5mm_closed_R5_single_refY_004,1,GP_IIa_9.5mm_closed_R5_single_refY_004-raw01-10,112,9.16855550017062,224.5702921991833,11.835339661664104,0.5466804979253111,2.0,607.0142517089844,1.0,0.570748428756417,True,ok,True,True,True,pass_quality_gate
GP_IIa_9.5mm_closed_R5_single_refY,GP_IIa_9.5mm_closed_R5_single_refY_004,2,GP_IIa_9.5mm_closed_R5_single_refY_004-raw02-24,385,9.871791993501446,225.51593739289387,10.554666971324115,0.551760939167556,5.0,594.8427077531815,1.0,0.7186896913571478,True,ok,True,True,True,pass_quality_gate
GP_IIa_9.5mm_closed_R5_single_refY,GP_IIa_9.5mm_closed_R5_single_refY_004,2,GP_IIa_9.5mm_closed_R5_single_refY_004-raw02-22,370,9.84119450460246,213.0296492708208,10.473544654694468,0.5501653803748622,3.0,582.156431555748,1.0,0.7184377311424055,True,ok,True,True,False,pass_quality_gate
GP_IIa_9.5mm_closed_R5_single_refY,GP_IIa_9.5mm_closed_R5_single_refY_004,2,GP_IIa_9.5mm_closed_R5_single_refY_004-raw02-21,363,9.631403898940851,222.26886562804285,9.947663096397273,0.5443592552026287,4.0,575.4284957647324,1.0,0.7148777867974554,True,ok,True,True,False,pass_quality_gate
GP_IIa_9.5mm_closed_R5_single_refY,GP_IIa_9.5mm_closed_R5_single_refY_004,3,GP_IIa_9.5mm_closed_R5_single_refY_004-raw03-20,528,10.724727612331764,177.47936825714604,8.302747191636081,0.541497975708502,8.0,611.499568104744,1.0,0.7171099632985926,True,ok,True,True,False,pass_quality_gate
GP_IIa_9.5mm_closed_R5_single_refY,GP_IIa_9.5mm_closed_R5_single_refY_004,3,GP_IIa_9.5mm_closed_R5_single_refY_004-raw03-19,521,9.75578333557506,167.94584530269177,9.734173848281731,0.5376344086021505,6.0,631.8132569789886,1.0,0.7155345388686332,True,ok,False,True,False,pass_quality_gate
GP_IIa_9.5mm_closed_R5_single_refY,GP_IIa_9.5mm_closed_R5_single_refY_004,3,GP_IIa_9.5mm_closed_R5_single_refY_004-raw03-02,399,9.412330642059704,229.856076640303,9.280383201514985,0.5466101694915254,4.0,600.2274749279022,1.0,0.7003600377058664,True,ok,True,True,True,pass_quality_gate
GP_IIa_9.5mm_closed_R5_single_refY,GP_IIa_9.5mm_closed_R5_single_refY_004,4,GP_IIa_9.5mm_closed_R5_single_refY_004-raw04-01,564,10.223561885549993,190.2478341923457,9.397466827503017,0.5496957403651116,5.0,623.5706176757812,1.0,0.7397815550765897,True,ok,True,True,True,pass_quality_gate
GP_IIa_9.5mm_closed_R5_single_refY,GP_IIa_9.5mm_closed_R5_single_refY_004,4,GP_IIa_9.5mm_closed_R5_single_refY_004-raw04-05,593,9.708408740568752,154.89190971341617,7.876895764646209,0.5416666666666666,6.0,642.8843352794647,1.0,0.7590427824072401,True,ok,True,True,False,pass_quality_gate
GP_IIa_9.5mm_closed_R5_single_refY,GP_IIa_9.5mm_closed_R5_single_refY_004,4,GP_IIa_9.5mm_closed_R5_single_refY_004-raw04-20,700,9.517977269372825,142.32452484543165,7.315731623540188,0.5544747081712063,10.0,655.6832885742188,1.0,0.7528986908031178,True,ok,False,True,False,pass_quality_gate
GP_IIa_9.5mm_closed_R5_single_refY,GP_IIa_9.5mm_closed_R5_single_refY_004,5,GP_IIa_9.5mm_closed_R5_single_refY_004-raw05-03,751,8.73162526579963,134.2674774585867,7.15655273642273,0.562097516099356,7.0,700.0975036621094,1.0,0.7596751038249663,True,ok,True,True,True,pass_quality_gate
GP_IIa_9.5mm_closed_R5_single_refY,GP_IIa_9.5mm_closed_R5_single_refY_004,5,GP_IIa_9.5mm_closed_R5_single_refY_004-raw05-14,831,8.134923892550994,123.63425958494548,7.063454097784031,0.560374149659864,8.0,764.4944763183594,1.0,0.8120195295691959,True,ok,True,True,False,pass_quality_gate
GP_IIa_9.5mm_closed_R5_single_refY,GP_IIa_9.5mm_closed_R5_single_refY_004,5,GP_IIa_9.5mm_closed_R5_single_refY_004-raw05-11,809,7.93955597762002,115.75413402959094,6.55997969248622,0.5548936170212766,5.0,754.2812805175781,1.0,0.7965574621876743,True,ok,True,True,False,pass_quality_gate
GP_IIa_9.5mm_closed_R5_single_refY,GP_IIa_9.5mm_closed_R5_single_refY_005,1,GP_IIa_9.5mm_closed_R5_single_refY_005-raw01-16,264,25.17994004651175,180.12573581351543,18.136096067812574,0.6132879045996593,2.0,414.3330078125,1.0,0.8480685705388108,True,ok,True,True,True,pass_quality_gate
GP_IIa_9.5mm_closed_R5_single_refY,GP_IIa_9.5mm_closed_R5_single_refY_005,1,GP_IIa_9.5mm_closed_R5_single_refY_005-raw01-24,362,24.650827756244748,195.8741458439572,18.73431922488526,0.5780525502318392,3.0,429.4040832519531,1.0,0.8655052100289964,True,ok,True,True,False,pass_quality_gate
GP_IIa_9.5mm_closed_R5_single_refY,GP_IIa_9.5mm_closed_R5_single_refY_005,1,GP_IIa_9.5mm_closed_R5_single_refY_005-raw01-21,325,24.18526328530841,222.7428571428572,17.96306620209059,0.5696969696969697,4.0,433.71780240535736,1.0,0.8569224042359666,True,ok,True,True,False,pass_quality_gate
GP_IIa_9.5mm_closed_R5_single_refY,GP_IIa_9.5mm_closed_R5_single_refY_005,2,GP_IIa_9.5mm_closed_R5_single_refY_005-raw02-07,447,32.407035183207185,185.9307543913088,16.589501472230683,0.608214849921011,4.0,440.6467269659042,1.0,0.9142304935433434,True,ok,True,True,True,pass_quality_gate
GP_IIa_9.5mm_closed_R5_single_refY,GP_IIa_9.5mm_closed_R5_single_refY_005,2,GP_IIa_9.5mm_closed_R5_single_refY_005-raw02-17,569,30.61935860713325,240.5101980490689,18.34387624396492,0.5741839762611276,2.0,446.7178039550781,1.0,0.9305132549180712,True,ok,True,True,False,pass_quality_gate
GP_IIa_9.5mm_closed_R5_single_refY,GP_IIa_9.5mm_closed_R5_single_refY_005,2,GP_IIa_9.5mm_closed_R5_single_refY_005-raw02-11,496,28.97923581911723,214.15080684596572,12.849290953545232,0.5705882352941176,2.0,447.3035736083984,1.0,0.9095575272123216,True,ok,True,True,False,pass_quality_gate
GP_IIa_9.5mm_closed_R5_single_refY,GP_IIa_9.5mm_closed_R5_single_refY_005,3,GP_IIa_9.5mm_closed_R5_single_refY_005-raw03-12,801,35.06480576445851,328.3008849557522,26.963938053097344,0.6177924217462932,2.0,430.9898986816406,1.0,0.9229512666266656,True,ok,True,True,True,pass_quality_gate
GP_IIa_9.5mm_closed_R5_single_refY,GP_IIa_9.5mm_closed_R5_single_refY_005,3,GP_IIa_9.5mm_closed_R5_single_refY_005-raw03-10,777,31.60432668660481,288.34335511982573,19.13082788671024,0.5978090766823161,3.0,438.646728515625,1.0,0.9253139282618597,True,ok,True,True,False,pass_quality_gate
GP_IIa_9.5mm_closed_R5_single_refY,GP_IIa_9.5mm_closed_R5_single_refY_005,3,GP_IIa_9.5mm_closed_R5_single_refY_005-raw03-08,752,31.415931966559093,242.1376382527092,19.484303429784383,0.6098360655737705,4.0,424.33302307128906,1.0,0.940203185996664,True,ok,False,True,False,pass_quality_gate
GP_IIa_9.5mm_closed_R5_single_refY,GP_IIa_9.5mm_closed_R5_single_refY_005,4,GP_IIa_9.5mm_closed_R5_single_refY_005-raw04-09,1058,12.946877868641751,366.382933672119,18.33354507437404,0.5354713313896987,6.0,635.2985229492188,1.0,0.9806388123008084,True,ok,True,True,False,pass_quality_gate
GP_IIa_9.5mm_closed_R5_single_refY,GP_IIa_9.5mm_closed_R5_single_refY_005,4,GP_IIa_9.5mm_closed_R5_single_refY_005-raw04-08,1045,12.31227311096074,354.1726320157693,15.951706608569353,0.5593561368209256,9.0,640.197998046875,1.0,0.9797112227494263,True,ok,True,True,True,pass_quality_gate
GP_IIa_9.5mm_closed_R5_single_refY,GP_IIa_9.5mm_closed_R5_single_refY_005,4,GP_IIa_9.5mm_closed_R5_single_refY_005-raw04-02,972,11.678021643733976,241.15273976011545,9.414920619121087,0.529467680608365,9.0,634.570604801178,1.0,0.9649120086909108,True,ok,False,True,False,pass_quality_gate
GP_IIa_9.5mm_closed_R5_single_refY,GP_IIa_9.5mm_closed_R5_single_refY_005,5,GP_IIa_9.5mm_closed_R5_single_refY_005-raw05-11,1375,11.051002359347873,276.91280083711194,13.911056853854204,0.5354251012145749,3.0,615.8843383789062,1.0,0.8836889221454475,True,ok,True,True,True,pass_quality_gate
GP_IIa_9.5mm_closed_R5_single_refY,GP_IIa_9.5mm_closed_R5_single_refY_005,5,GP_IIa_9.5mm_closed_R5_single_refY_005-raw05-14,1412,10.869073126880036,282.7745147965824,15.215300175408816,0.5314057826520439,2.0,625.8548889160156,1.0,0.8574462782927521,True,ok,True,True,False,pass_quality_gate
GP_IIa_9.5mm_closed_R5_single_refY,GP_IIa_9.5mm_closed_R5_single_refY_005,5,GP_IIa_9.5mm_closed_R5_single_refY_005-raw05-19,1473,10.764182360838664,172.20298541870787,10.226903348510172,0.4499540863177226,5.0,568.2568969726562,1.0,0.8422208519281084,True,ok,False,True,False,pass_quality_gate
GP_Ip_10.3mm_closed_R5_single_refY,GP_Ip_10.3mm_closed_R5_single_refY_004,1,GP_Ip_10.3mm_closed_R5_single_refY_004-raw01-05,80,23.44101887002521,491.7399655634207,13.931356418595753,0.6107317073170732,1.0,733.1097412109375,1.0,0.2470693946686221,True,ok,True,False,False,no_candidate_passed_quality_gate
GP_Ip_10.3mm_closed_R5_single_refY,GP_Ip_10.3mm_closed_R5_single_refY_004,1,GP_Ip_10.3mm_closed_R5_single_refY_004-raw01-04,73,22.679380412366648,466.7514959184844,13.872125255692136,0.6117073170731707,1.0,734.52392578125,1.0,0.2435779228547502,True,ok,True,False,False,no_candidate_passed_quality_gate
GP_Ip_10.3mm_closed_R5_single_refY,GP_Ip_10.3mm_closed_R5_single_refY_004,1,GP_Ip_10.3mm_closed_R5_single_refY_004-raw01-14,149,21.660107061822927,409.654082763364,10.970043177562951,0.6060311284046692,1.0,730.1097412109375,1.0,0.2412941323124375,True,ok,True,False,False,no_candidate_passed_quality_gate
GP_Ip_10.3mm_closed_R5_single_refY,GP_Ip_10.3mm_closed_R5_single_refY_004,2,GP_Ip_10.3mm_closed_R5_single_refY_004-raw02-19,370,19.42275818532308,494.3954814847823,19.556882491867565,0.586171310629515,1.0,672.210205078125,1.0,0.2801161893675948,True,ok,True,False,False,no_candidate_passed_quality_gate
GP_Ip_10.3mm_closed_R5_single_refY,GP_Ip_10.3mm_closed_R5_single_refY_004,2,GP_Ip_10.3mm_closed_R5_single_refY_004-raw02-24,408,17.99219386453511,554.3960837952632,20.438245386701222,0.5942184154175589,1.0,655.896484375,1.0,0.2760710049218149,True,ok,True,False,False,no_candidate_passed_quality_gate
GP_Ip_10.3mm_closed_R5_single_refY,GP_Ip_10.3mm_closed_R5_single_refY_004,2,GP_Ip_10.3mm_closed_R5_single_refY_004-raw02-09,294,17.68840873735216,430.51549372826383,14.503614551990934,0.5884057971014492,1.0,717.7666015625,1.0,0.2743224898276757,True,ok,True,False,False,no_candidate_passed_quality_gate
GP_Ip_10.3mm_closed_R5_single_refY,GP_Ip_10.3mm_closed_R5_single_refY_004,3,GP_Ip_10.3mm_closed_R5_single_refY_004-raw03-24,591,20.736016685993285,598.6341601969324,22.48639777819857,0.5878712871287128,1.0,560.9848022460938,1.0,0.3095891117802191,True,ok,True,False,False,no_candidate_passed_quality_gate
GP_Ip_10.3mm_closed_R5_single_refY,GP_Ip_10.3mm_closed_R5_single_refY_004,3,GP_Ip_10.3mm_closed_R5_single_refY_004-raw03-13,508,20.69524409305784,585.8556058197823,20.507488690548968,0.5935960591133005,1.0,573.7838134765625,1.0,0.2965417803970332,True,ok,True,False,False,no_candidate_passed_quality_gate
GP_Ip_10.3mm_closed_R5_single_refY,GP_Ip_10.3mm_closed_R5_single_refY_004,3,GP_Ip_10.3mm_closed_R5_single_refY_004-raw03-16,530,20.56835389920342,577.7895486347595,21.354405299981423,0.5967940813810111,1.0,576.6121826171875,1.0,0.2869306525125533,True,ok,True,False,False,no_candidate_passed_quality_gate
GP_Ip_10.3mm_closed_R5_single_refY,GP_Ip_10.3mm_closed_R5_single_refY_004,4,GP_Ip_10.3mm_closed_R5_single_refY_004-raw04-15,706,32.20617726906552,638.4094272606186,22.731056681959448,0.6054054054054054,1.0,524.8721313476562,1.0,0.3251790903425598,True,ok,True,False,False,no_candidate_passed_quality_gate
GP_Ip_10.3mm_closed_R5_single_refY,GP_Ip_10.3mm_closed_R5_single_refY_004,4,GP_Ip_10.3mm_closed_R5_single_refY_004-raw04-13,691,30.80206487864624,534.1111483842111,19.920011927392,0.5869853917662683,1.0,520.9432373046875,1.0,0.2977376903009536,True,ok,True,False,False,no_candidate_passed_quality_gate
GP_Ip_10.3mm_closed_R5_single_refY,GP_Ip_10.3mm_closed_R5_single_refY_004,4,GP_Ip_10.3mm_closed_R5_single_refY_004-raw04-12,683,30.80185437517402,534.1111483842111,19.920011927392,0.5869853917662683,1.0,520.9432373046875,1.0,0.2977376903009536,True,ok,True,False,False,no_candidate_passed_quality_gate
GP_Ip_10.3mm_closed_R5_single_refY,GP_Ip_10.3mm_closed_R5_single_refY_004,5,GP_Ip_10.3mm_closed_R5_single_refY_004-raw05-07,828,33.23021701139757,615.224701250259,26.77619672584099,0.6062176165803109,1.0,546.9432373046875,1.0,0.2856399864524427,True,ok,True,False,False,no_candidate_passed_quality_gate
GP_Ip_10.3mm_closed_R5_single_refY,GP_Ip_10.3mm_closed_R5_single_refY_004,5,GP_Ip_10.3mm_closed_R5_single_refY_004-raw05-10,851,32.8530999450672,574.8579231146279,28.037882501225404,0.6089238845144357,1.0,541.286376953125,1.0,0.279893615787081,True,ok,True,False,False,no_candidate_passed_quality_gate
GP_Ip_10.3mm_closed_R5_single_refY,GP_Ip_10.3mm_closed_R5_single_refY_004,5,GP_Ip_10.3mm_closed_R5_single_refY_004-raw05-14,882,32.4614007970916,622.6348270305482,22.32883052765112,0.6067708333333334,1.0,541.6295166015625,1.0,0.2643617143975872,True,ok,True,False,False,no_candidate_passed_quality_gate
GP_Ip_10.3mm_closed_R5_single_refY,GP_Ip_10.3mm_closed_R5_single_refY_005,1,GP_Ip_10.3mm_closed_R5_single_refY_005-raw01-05,86,53.1042990342882,508.0599600641224,27.2327249205501,0.5320910973084886,16.0,581.671098947525,1.0,0.5407969758117797,True,ok,True,True,False,pass_quality_gate
GP_Ip_10.3mm_closed_R5_single_refY,GP_Ip_10.3mm_closed_R5_single_refY_005,1,GP_Ip_10.3mm_closed_R5_single_refY_005-raw01-10,127,52.60941971423774,646.3726391015824,35.80554947859695,0.5679903730445247,15.0,533.2152853012085,1.0,0.5566168939173253,True,ok,True,True,True,pass_quality_gate
GP_Ip_10.3mm_closed_R5_single_refY,GP_Ip_10.3mm_closed_R5_single_refY_005,1,GP_Ip_10.3mm_closed_R5_single_refY_005-raw01-08,111,51.88875381490452,523.5411172073026,26.90685661115924,0.5162374020156775,10.0,532.1858752965927,1.0,0.5516099007331233,True,ok,True,True,False,pass_quality_gate
GP_Ip_10.3mm_closed_R5_single_refY,GP_Ip_10.3mm_closed_R5_single_refY_005,2,GP_Ip_10.3mm_closed_R5_single_refY_005-raw02-02,257,39.3236759485127,567.9458893578042,24.722609349952563,0.570267131242741,13.0,571.6122335195541,1.0,0.522806371763471,True,ok,True,True,True,pass_quality_gate
GP_Ip_10.3mm_closed_R5_single_refY,GP_Ip_10.3mm_closed_R5_single_refY_005,2,GP_Ip_10.3mm_closed_R5_single_refY_005-raw02-01,249,33.22970762650171,422.94712126723766,16.209332319190448,0.5635939323220537,17.0,552.9848079681396,1.0,0.5321274765686486,True,ok,False,True,False,pass_quality_gate
GP_Ip_10.3mm_closed_R5_single_refY,GP_Ip_10.3mm_closed_R5_single_refY_005,2,GP_Ip_10.3mm_closed_R5_single_refY_005-raw02-07,298,33.04586509398942,649.4249879711307,28.198396150761827,0.5011547344110855,1.0,517.9136962890625,1.0,0.4916359807338482,True,ok,True,True,False,pass_quality_gate
GP_Ip_10.3mm_closed_R5_single_refY,GP_Ip_10.3mm_closed_R5_single_refY_005,3,GP_Ip_10.3mm_closed_R5_single_refY_005-raw03-07,493,16.267752704355445,375.88157097081495,14.77604572616264,0.5364173228346457,1.0,648.3818359375,1.0,0.3765016173643661,True,ok,True,True,False,pass_quality_gate
GP_Ip_10.3mm_closed_R5_single_refY,GP_Ip_10.3mm_closed_R5_single_refY_005,3,GP_Ip_10.3mm_closed_R5_single_refY_005-raw03-02,452,15.846260823492353,364.22393123727664,12.288723013898313,0.5198329853862212,1.0,592.2691040039062,1.0,0.4118641030964816,True,ok,True,True,False,pass_quality_gate
GP_Ip_10.3mm_closed_R5_single_refY,GP_Ip_10.3mm_closed_R5_single_refY_005,3,GP_Ip_10.3mm_closed_R5_single_refY_005-raw03-08,501,15.620897680207236,366.83526752072345,12.338249542469589,0.5377081292850147,1.0,651.13916015625,1.0,0.3724183987886444,True,ok,True,True,True,pass_quality_gate
GP_Ip_10.3mm_closed_R5_single_refY,GP_Ip_10.3mm_closed_R5_single_refY_005,4,GP_Ip_10.3mm_closed_R5_single_refY_005-raw04-24,826,16.396148640327695,248.3839992690949,9.16251979534657,0.6356123215627348,4.0,983.6609634160995,1.0,0.546643774469444,True,ok,True,True,True,pass_quality_gate
GP_Ip_10.3mm_closed_R5_single_refY,GP_Ip_10.3mm_closed_R5_single_refY_005,4,GP_Ip_10.3mm_closed_R5_single_refY_005-raw04-18,777,14.43420064899656,269.95167781079743,9.631887691926696,0.6258714175058094,4.0,945.2467620372772,1.0,0.4938965524391902,True,ok,True,True,False,pass_quality_gate
GP_Ip_10.3mm_closed_R5_single_refY,GP_Ip_10.3mm_closed_R5_single_refY_005,4,GP_Ip_10.3mm_closed_R5_single_refY_005-raw04-17,769,14.222474904885702,257.9346777456197,9.609809230386208,0.6252909231962762,5.0,941.4184066057204,1.0,0.4845045569106156,True,ok,True,True,False,pass_quality_gate
GP_Ip_10.3mm_closed_R5_single_refY,GP_Ip_10.3mm_closed_R5_single_refY_005,5,GP_Ip_10.3mm_closed_R5_single_refY_005-raw05-22,1007,21.690962395928217,213.531817700534,8.149022099196806,0.637490882567469,5.0,1008.1757493019104,1.0,0.616744683325546,True,ok,True,True,True,pass_quality_gate
GP_Ip_10.3mm_closed_R5_single_refY,GP_Ip_10.3mm_closed_R5_single_refY_005,5,GP_Ip_10.3mm_closed_R5_single_refY_005-raw05-23,1016,21.47323882843653,212.4895961203304,8.424960218231416,0.6356986100950988,4.0,1006.2467346191406,1.0,0.6167183624580745,True,ok,True,True,False,pass_quality_gate
GP_Ip_10.3mm_closed_R5_single_refY,GP_Ip_10.3mm_closed_R5_single_refY_005,5,GP_Ip_10.3mm_closed_R5_single_refY_005-raw05-20,991,21.246715150051354,211.51704571315867,7.54711656627877,0.6321506154960174,3.0,1010.83251953125,1.0,0.6196908282899932,True,ok,True,True,False,pass_quality_gate
GP_Ip_12.0mm_closed_R10_single_refY,GP_Ip_12.0mm_closed_R10_single_refY_004,1,GP_Ip_12.0mm_closed_R10_single_refY_004-raw01-01,63,17.876395051969133,,,,,,,,False,feature_failure,False,False,False,no_candidate_passed_quality_gate
GP_Ip_12.0mm_closed_R10_single_refY,GP_Ip_12.0mm_closed_R10_single_refY_004,1,GP_Ip_12.0mm_closed_R10_single_refY_004-raw01-23,271,15.907266238307953,,,,,,,,False,feature_failure,False,False,False,no_candidate_passed_quality_gate
GP_Ip_12.0mm_closed_R10_single_refY,GP_Ip_12.0mm_closed_R10_single_refY_004,1,GP_Ip_12.0mm_closed_R10_single_refY_004-raw01-04,91,15.565781044284204,,,,,,,,False,feature_failure,False,False,False,no_candidate_passed_quality_gate
GP_Ip_12.0mm_closed_R10_single_refY,GP_Ip_12.0mm_closed_R10_single_refY_004,2,GP_Ip_12.0mm_closed_R10_single_refY_004-raw02-21,479,26.020224596884223,333.1422115618591,9.371988737094588,0.6323731138545954,3.0,1066.874235510826,1.0,0.6005071396290631,True,ok,True,True,True,pass_quality_gate
GP_Ip_12.0mm_closed_R10_single_refY,GP_Ip_12.0mm_closed_R10_single_refY_004,2,GP_Ip_12.0mm_closed_R10_single_refY_004-raw02-24,508,25.550030974153824,334.5591832355886,9.794360606494063,0.623340321453529,2.0,1033.7320556640625,1.0,0.6039120982639505,True,ok,True,True,False,pass_quality_gate
GP_Ip_12.0mm_closed_R10_single_refY,GP_Ip_12.0mm_closed_R10_single_refY_004,2,GP_Ip_12.0mm_closed_R10_single_refY_004-raw02-23,498,24.85962453804958,350.0408034714446,10.64984602463606,0.6208563535911602,4.0,1043.288449048996,1.0,0.6138268956364079,True,ok,True,True,False,pass_quality_gate
GP_Ip_12.0mm_closed_R10_single_refY,GP_Ip_12.0mm_closed_R10_single_refY_004,3,GP_Ip_12.0mm_closed_R10_single_refY_004-raw03-15,649,37.36072076982925,375.4953523892647,10.806131355007636,0.6230529595015576,3.0,929.9625196456908,0.9999542480669809,0.6807273372801945,True,ok,True,True,False,pass_quality_gate
GP_Ip_12.0mm_closed_R10_single_refY,GP_Ip_12.0mm_closed_R10_single_refY_004,3,GP_Ip_12.0mm_closed_R10_single_refY_004-raw03-23,725,36.8808337788888,396.52959971422337,11.708368890035525,0.6162876008804109,3.0,974.9330687522888,1.0,0.6149226083769465,True,ok,True,True,False,pass_quality_gate
GP_Ip_12.0mm_closed_R10_single_refY,GP_Ip_12.0mm_closed_R10_single_refY_004,3,GP_Ip_12.0mm_closed_R10_single_refY_004-raw03-10,602,35.66318357067343,348.1958588357859,10.148131267092069,0.6255742725880551,3.0,945.3056321144104,1.0,0.6475431026852935,True,ok,True,True,True,pass_quality_gate
GP_Ip_12.0mm_closed_R10_single_refY,GP_Ip_12.0mm_closed_R10_single_refY_004,4,GP_Ip_12.0mm_closed_R10_single_refY_004-raw04-20,924,46.07975129012,350.2755268090716,10.80252126804952,0.6111940298507462,5.0,942.820340037346,1.0,0.6792998078935811,True,ok,True,True,False,pass_quality_gate
GP_Ip_12.0mm_closed_R10_single_refY,GP_Ip_12.0mm_closed_R10_single_refY_004,4,GP_Ip_12.0mm_closed_R10_single_refY_004-raw04-15,876,43.96119327968552,366.08533670466,10.634948541176936,0.6112737920937042,4.0,963.9624633789062,1.0,0.6277424566770651,True,ok,True,True,False,pass_quality_gate
GP_Ip_12.0mm_closed_R10_single_refY,GP_Ip_12.0mm_closed_R10_single_refY_004,4,GP_Ip_12.0mm_closed_R10_single_refY_004-raw04-23,952,43.46339516881187,355.22976224460666,10.407140818074303,0.6129753914988815,4.0,951.3767074346542,1.0,0.6880523323542878,True,ok,True,True,True,pass_quality_gate
GP_Ip_12.0mm_closed_R10_single_refY,GP_Ip_12.0mm_closed_R10_single_refY_004,5,GP_Ip_12.0mm_closed_R10_single_refY_004-raw05-15,1106,48.53684343328476,378.4735861673672,12.649813717997707,0.6095238095238096,5.0,883.9503126144409,1.0,0.709619526179253,True,ok,True,True,False,pass_quality_gate
GP_Ip_12.0mm_closed_R10_single_refY,GP_Ip_12.0mm_closed_R10_single_refY_004,5,GP_Ip_12.0mm_closed_R10_single_refY_004-raw05-12,1077,48.12842547904002,357.6630146082337,11.002845759817871,0.6054097056483692,4.0,876.7076995372772,1.0,0.7214852977914912,True,ok,True,True,False,pass_quality_gate
GP_Ip_12.0mm_closed_R10_single_refY,GP_Ip_12.0mm_closed_R10_single_refY_004,5,GP_Ip_12.0mm_closed_R10_single_refY_004-raw05-17,1125,47.92588830921384,412.03917275518216,12.258835288797926,0.6151368760064412,4.0,887.9919402599335,1.0,0.7030927436399612,True,ok,True,True,True,pass_quality_gate
GP_Ip_12.0mm_closed_R10_single_refY,GP_Ip_12.0mm_closed_R10_single_refY_005,1,GP_Ip_12.0mm_closed_R10_single_refY_005-raw01-11,108,47.27358393774973,254.9176098008168,8.372231019251604,0.6775288526816021,7.0,1142.6020766496658,1.0,0.884168692980856,True,ok,True,True,True,pass_quality_gate
GP_Ip_12.0mm_closed_R10_single_refY,GP_Ip_12.0mm_closed_R10_single_refY_005,1,GP_Ip_12.0mm_closed_R10_single_refY_005-raw01-24,192,46.61754664866013,227.61329375024096,8.127481975556154,0.6557911908646004,10.0,920.335130095482,1.0,0.9126545359804844,True,ok,True,True,False,pass_quality_gate
GP_Ip_12.0mm_closed_R10_single_refY,GP_Ip_12.0mm_closed_R10_single_refY_005,1,GP_Ip_12.0mm_closed_R10_single_refY_005-raw01-21,172,46.16072984327975,287.3018549747049,10.291943039160577,0.6155589123867069,14.0,926.9208918809892,1.0,0.9138151378327972,True,ok,True,True,False,pass_quality_gate
GP_Ip_12.0mm_closed_R10_single_refY,GP_Ip_12.0mm_closed_R10_single_refY_005,2,GP_Ip_12.0mm_closed_R10_single_refY_005-raw02-16,295,55.9278721192148,319.6621613046513,12.094126107832562,0.6489533011272142,3.0,930.1635131835938,1.0,0.8712766929185729,True,ok,True,True,False,pass_quality_gate
GP_Ip_12.0mm_closed_R10_single_refY,GP_Ip_12.0mm_closed_R10_single_refY_005,2,GP_Ip_12.0mm_closed_R10_single_refY_005-raw02-13,276,55.36745324904711,320.2510245686303,10.048906075954688,0.6498800959232613,4.0,934.0924668312072,1.0,0.8793956972901138,True,ok,True,True,True,pass_quality_gate
GP_Ip_12.0mm_closed_R10_single_refY,GP_Ip_12.0mm_closed_R10_single_refY_005,2,GP_Ip_12.0mm_closed_R10_single_refY_005-raw02-12,269,54.68063968430506,319.1992093216812,11.513025384935498,0.6463607594936709,7.0,938.820434331894,1.0,0.8748582506977061,True,ok,True,True,False,pass_quality_gate
GP_Ip_12.0mm_closed_R10_single_refY,GP_Ip_12.0mm_closed_R10_single_refY_005,3,GP_Ip_12.0mm_closed_R10_single_refY_005-raw03-24,502,67.90008521227304,408.94415420215176,15.956296667382333,0.6210008203445447,7.0,874.6782776117325,1.0,0.8305049979277792,True,ok,True,True,False,pass_quality_gate
GP_Ip_12.0mm_closed_R10_single_refY,GP_Ip_12.0mm_closed_R10_single_refY_005,3,GP_Ip_12.0mm_closed_R10_single_refY_005-raw03-23,495,64.46177491825128,392.8203753351206,13.40622553322736,0.6180327868852459,4.0,875.0924361944199,1.0,0.8305161797732649,True,ok,True,True,False,pass_quality_gate
GP_Ip_12.0mm_closed_R10_single_refY,GP_Ip_12.0mm_closed_R10_single_refY_005,3,GP_Ip_12.0mm_closed_R10_single_refY_005-raw03-12,424,60.25463140982051,352.6454956928019,12.947632257750524,0.6470588235294118,3.0,878.193052649498,1.0,0.8641632254571893,True,ok,True,True,True,pass_quality_gate
GP_Ip_12.0mm_closed_R10_single_refY,GP_Ip_12.0mm_closed_R10_single_refY_005,4,GP_Ip_12.0mm_closed_R10_single_refY_005-raw04-02,514,71.5027294072987,420.0229475003616,18.728727763582896,0.6275,2.0,876.9208374023438,1.0,0.8315767362125267,True,ok,True,True,True,pass_quality_gate
GP_Ip_12.0mm_closed_R10_single_refY,GP_Ip_12.0mm_closed_R10_single_refY_005,4,GP_Ip_12.0mm_closed_R10_single_refY_005-raw04-01,508,69.69240848229963,410.7837194918883,15.609401018126457,0.6248969497114591,5.0,879.7493255138397,1.0,0.8297642799455849,True,ok,True,True,False,pass_quality_gate
GP_Ip_12.0mm_closed_R10_single_refY,GP_Ip_12.0mm_closed_R10_single_refY_005,4,GP_Ip_12.0mm_closed_R10_single_refY_005-raw04-06,540,69.00474555571756,406.0108471949832,15.508050652526574,0.6184100418410042,3.0,862.7492980957031,1.0,0.8358077460483065,True,ok,True,True,False,pass_quality_gate
GP_Ip_12.0mm_closed_R10_single_refY,GP_Ip_12.0mm_closed_R10_single_refY_005,5,GP_Ip_12.0mm_closed_R10_single_refY_005-raw05-07,702,71.91322578382021,395.1417837647108,16.12555262666307,0.5989621942179392,8.0,942.9036165475844,1.0,0.8136196235952022,True,ok,True,True,True,pass_quality_gate
GP_Ip_12.0mm_closed_R10_single_refY,GP_Ip_12.0mm_closed_R10_single_refY_005,5,GP_Ip_12.0mm_closed_R10_single_refY_005-raw05-06,695,69.98557038630261,393.3059387251343,17.033645169989008,0.5955555555555555,5.0,942.7321062088012,1.0,0.8137234255196732,True,ok,True,True,False,pass_quality_gate
GP_Ip_12.0mm_closed_R10_single_refY,GP_Ip_12.0mm_closed_R10_single_refY_005,5,GP_Ip_12.0mm_closed_R10_single_refY_005-raw05-09,715,69.88704853634304,408.9648082901554,17.842673575129535,0.5949741315594974,9.0,940.5604741573334,1.0,0.8205500041182041,True,ok,True,True,False,pass_quality_gate
GP_Ip_12.0mm_closed_R5_single_refY,GP_Ip_12.0mm_closed_R5_single_refY_004,1,GP_Ip_12.0mm_closed_R5_single_refY_004-raw01-15,174,37.64553531942369,491.0091448389157,14.865309847586015,0.703483432455395,2.0,948.607192993164,1.0,0.6178299988992545,True,ok,True,True,False,pass_quality_gate
GP_Ip_12.0mm_closed_R5_single_refY,GP_Ip_12.0mm_closed_R5_single_refY_004,1,GP_Ip_12.0mm_closed_R5_single_refY_004-raw01-12,149,35.10686816134983,449.42349061200014,12.160457969493685,0.7039586919104991,6.0,929.2224426269532,1.0,0.5990604350197112,True,ok,True,True,True,pass_quality_gate
GP_Ip_12.0mm_closed_R5_single_refY,GP_Ip_12.0mm_closed_R5_single_refY_004,1,GP_Ip_12.0mm_closed_R5_single_refY_004-raw01-09,124,34.91365754630831,462.5560231735019,11.50661219602388,0.687235841081995,8.0,929.2640322446824,0.985843373493976,0.5726310719761812,True,ok,True,True,False,pass_quality_gate
GP_Ip_12.0mm_closed_R5_single_refY,GP_Ip_12.0mm_closed_R5_single_refY_004,2,GP_Ip_12.0mm_closed_R5_single_refY_004-raw02-22,437,42.75125615426053,563.3973693112849,22.086900284560127,0.6781914893617021,4.0,871.5950607061386,1.0,0.5947194342605623,True,ok,True,True,False,pass_quality_gate
GP_Ip_12.0mm_closed_R5_single_refY,GP_Ip_12.0mm_closed_R5_single_refY_004,2,GP_Ip_12.0mm_closed_R5_single_refY_004-raw02-24,454,42.49459303721557,542.0022777628228,18.808730043691632,0.685251798561151,4.0,867.3523406982422,1.0,0.5896261364690949,True,ok,True,True,False,pass_quality_gate
GP_Ip_12.0mm_closed_R5_single_refY,GP_Ip_12.0mm_closed_R5_single_refY_004,2,GP_Ip_12.0mm_closed_R5_single_refY_004-raw02-23,445,40.5639125974867,593.7636848600661,21.836956089016283,0.6905393457117595,4.0,890.4945373535156,1.0,0.594143310658999,True,ok,True,True,True,pass_quality_gate
GP_Ip_12.0mm_closed_R5_single_refY,GP_Ip_12.0mm_closed_R5_single_refY_004,3,GP_Ip_12.0mm_closed_R5_single_refY_004-raw03-12,555,50.53032309502026,488.2412493476874,15.243433386806858,0.68059181897302,3.0,891.2518768310547,1.0,0.5755141093492397,True,ok,True,True,True,pass_quality_gate
GP_Ip_12.0mm_closed_R5_single_refY,GP_Ip_12.0mm_closed_R5_single_refY_004,3,GP_Ip_12.0mm_closed_R5_single_refY_004-raw03-15,580,48.21685928514154,478.93318804608833,16.647315212785276,0.6693476318141197,10.0,850.8376423120499,1.0,0.5544399115353367,True,ok,True,True,False,pass_quality_gate
GP_Ip_12.0mm_closed_R5_single_refY,GP_Ip_12.0mm_closed_R5_single_refY_004,3,GP_Ip_12.0mm_closed_R5_single_refY_004-raw03-14,572,47.22292314988126,535.8797165598143,19.90591691312201,0.6616071428571428,10.0,846.1513310670853,1.0,0.5602769565827933,True,ok,True,True,False,pass_quality_gate
GP_Ip_12.0mm_closed_R5_single_refY,GP_Ip_12.0mm_closed_R5_single_refY_004,4,GP_Ip_12.0mm_closed_R5_single_refY_004-raw04-23,851,61.78719075407687,602.3574580311406,23.256808845159,0.6600418410041841,14.0,715.5827976465225,1.0,0.52532434137371,True,ok,True,True,False,pass_quality_gate
GP_Ip_12.0mm_closed_R5_single_refY,GP_Ip_12.0mm_closed_R5_single_refY_004,4,GP_Ip_12.0mm_closed_R5_single_refY_004-raw04-22,843,57.26854150021402,601.2284151908895,23.1149350323584,0.6694648478488983,2.0,738.7249603271484,1.0,0.5416338943672815,True,ok,True,True,False,pass_quality_gate
GP_Ip_12.0mm_closed_R5_single_refY,GP_Ip_12.0mm_closed_R5_single_refY_004,4,GP_Ip_12.0mm_closed_R5_single_refY_004-raw04-21,834,56.18995675918674,581.8352189132971,21.46687129014256,0.6882168925964547,2.0,768.1808319091797,1.0,0.5464498513919971,True,ok,True,True,True,pass_quality_gate
GP_Ip_12.0mm_closed_R5_single_refY,GP_Ip_12.0mm_closed_R5_single_refY_004,5,GP_Ip_12.0mm_closed_R5_single_refY_004-raw05-02,876,61.30417312112972,642.7126750594065,23.88022650285657,0.670846394984326,7.0,736.8965489864349,1.0,0.5237743262027353,True,ok,True,True,False,pass_quality_gate
GP_Ip_12.0mm_closed_R5_single_refY,GP_Ip_12.0mm_closed_R5_single_refY_004,5,GP_Ip_12.0mm_closed_R5_single_refY_004-raw05-15,987,61.122361063069455,594.2010874938211,20.76045477014335,0.6716101694915254,5.0,739.1808204650879,1.0,0.4989905436265603,True,ok,True,True,False,pass_quality_gate
GP_Ip_12.0mm_closed_R5_single_refY,GP_Ip_12.0mm_closed_R5_single_refY_004,5,GP_Ip_12.0mm_closed_R5_single_refY_004-raw05-16,996,61.08293944577699,594.1359324043877,20.742711730408143,0.671957671957672,5.0,740.5950050354004,1.0,0.4989905436265603,True,ok,True,True,True,pass_quality_gate
GP_Ip_12.0mm_closed_R5_single_refY,GP_Ip_12.0mm_closed_R5_single_refY_005,1,GP_Ip_12.0mm_closed_R5_single_refY_005-raw01-22,208,58.924686149285165,267.7464435651938,5.671192122987708,0.6049149338374291,6.0,1103.116844177246,1.0,0.909510808603932,True,ok,True,True,False,pass_quality_gate
GP_Ip_12.0mm_closed_R5_single_refY,GP_Ip_12.0mm_closed_R5_single_refY_005,1,GP_Ip_12.0mm_closed_R5_single_refY_005-raw01-02,58,58.51146575970001,309.31164520392167,10.011740480068845,0.623352165725047,5.0,1148.300552368164,1.0,0.8953480941266689,True,ok,True,True,True,pass_quality_gate
GP_Ip_12.0mm_closed_R5_single_refY,GP_Ip_12.0mm_closed_R5_single_refY_005,1,GP_Ip_12.0mm_closed_R5_single_refY_005-raw01-21,201,58.42479800578814,265.6102675974404,5.8267306573589295,0.6184615384615385,5.0,1159.0579586029053,1.0,0.915379697999882,True,ok,True,True,False,pass_quality_gate
GP_Ip_12.0mm_closed_R5_single_refY,GP_Ip_12.0mm_closed_R5_single_refY_005,2,GP_Ip_12.0mm_closed_R5_single_refY_005-raw02-19,367,75.15026536726658,299.5716801007964,9.323129856074434,0.614105123087159,4.0,1047.820416212082,1.0,0.8576945260518449,True,ok,True,True,False,pass_quality_gate
GP_Ip_12.0mm_closed_R5_single_refY,GP_Ip_12.0mm_closed_R5_single_refY_005,2,GP_Ip_12.0mm_closed_R5_single_refY_005-raw02-24,404,73.49964407678179,276.5177873806069,6.956053768756079,0.6154822335025381,4.0,1110.1462676525116,1.0,0.8829742578427467,True,ok,True,True,False,pass_quality_gate
GP_Ip_12.0mm_closed_R5_single_refY,GP_Ip_12.0mm_closed_R5_single_refY_005,2,GP_Ip_12.0mm_closed_R5_single_refY_005-raw02-23,397,73.07433254241943,291.8833812683773,9.879203689123834,0.6205385097056982,4.0,1133.6316039562223,1.0,0.8808413908480363,True,ok,True,True,True,pass_quality_gate
GP_Ip_12.0mm_closed_R5_single_refY,GP_Ip_12.0mm_closed_R5_single_refY_005,3,GP_Ip_12.0mm_closed_R5_single_refY_005-raw03-17,533,89.5195318099964,325.1898877722598,10.65369725882767,0.5933188090050835,4.0,933.5361297130584,1.0,0.8859089303688781,True,ok,True,True,False,pass_quality_gate
GP_Ip_12.0mm_closed_R5_single_refY,GP_Ip_12.0mm_closed_R5_single_refY_005,3,GP_Ip_12.0mm_closed_R5_single_refY_005-raw03-16,525,87.71385121256512,316.30032158055883,11.274575879532456,0.5955137481910275,4.0,942.4355590343476,1.0,0.8856804658401672,True,ok,True,True,True,pass_quality_gate
GP_Ip_12.0mm_closed_R5_single_refY,GP_Ip_12.0mm_closed_R5_single_refY_005,3,GP_Ip_12.0mm_closed_R5_single_refY_005-raw03-22,570,87.24251180045864,320.11726018607635,9.815868623676613,0.5878030859662013,3.0,917.1219161748886,1.0,0.8728706008358582,True,ok,True,True,False,pass_quality_gate
GP_Ip_12.0mm_closed_R5_single_refY,GP_Ip_12.0mm_closed_R5_single_refY_005,4,GP_Ip_12.0mm_closed_R5_single_refY_005-raw04-06,631,93.0225888721784,339.62018402588126,11.77122809965968,0.5783664459161147,6.0,902.192994236946,1.0,0.88793096410967,True,ok,True,True,True,pass_quality_gate
GP_Ip_12.0mm_closed_R5_single_refY,GP_Ip_12.0mm_closed_R5_single_refY_005,4,GP_Ip_12.0mm_closed_R5_single_refY_005-raw04-09,653,91.54186429895005,321.21850198957947,8.414975707344956,0.5777610818933133,5.0,881.6366530656815,1.0,0.88999708750529,True,ok,True,True,False,pass_quality_gate
GP_Ip_12.0mm_closed_R5_single_refY,GP_Ip_12.0mm_closed_R5_single_refY_005,4,GP_Ip_12.0mm_closed_R5_single_refY_005-raw04-10,661,91.54186429895005,321.21850198957947,8.414975707344956,0.5777610818933133,5.0,881.6366530656815,1.0,0.88999708750529,True,ok,True,True,False,pass_quality_gate
GP_Ip_12.0mm_closed_R5_single_refY,GP_Ip_12.0mm_closed_R5_single_refY_005,5,GP_Ip_12.0mm_closed_R5_single_refY_005-raw05-24,951,95.44535944364571,372.4481849013943,14.413013440522548,0.6151919866444073,2.0,867.1340942382812,1.0,0.7796552949847625,True,ok,True,True,True,pass_quality_gate
GP_Ip_12.0mm_closed_R5_single_refY,GP_Ip_12.0mm_closed_R5_single_refY_005,5,GP_Ip_12.0mm_closed_R5_single_refY_005-raw05-22,936,93.93191670225993,383.11243295139104,14.904994469141986,0.6116666666666667,2.0,863.7198791503906,1.0,0.7769048402865121,True,ok,True,True,False,pass_quality_gate
GP_Ip_12.0mm_closed_R5_single_refY,GP_Ip_12.0mm_closed_R5_single_refY_005,5,GP_Ip_12.0mm_closed_R5_single_refY_005-raw05-21,928,92.972161826786,386.4814008910994,13.9492695057507,0.612448132780083,3.0,867.5483077764511,1.0,0.7728997812942235,True,ok,True,True,False,pass_quality_gate
GP_Ip_2.9mm_closed_R10_single_refY,GP_Ip_2.9mm_closed_R10_single_refY_004,1,GP_Ip_2.9mm_closed_R10_single_refY_004-raw01-06,81,16.349388015064186,1281.4561186650185,26.989051739360765,1.0,1.0,288.00714111328125,1.0,0.6357565088623763,True,ok,True,True,False,pass_quality_gate
GP_Ip_2.9mm_closed_R10_single_refY,GP_Ip_2.9mm_closed_R10_single_refY_004,1,GP_Ip_2.9mm_closed_R10_single_refY_004-raw01-07,88,16.223394081379453,1264.936930623686,26.377014716187805,1.0,1.0,289.4213256835937,1.0,0.6357674241402858,True,ok,True,True,True,pass_quality_gate
GP_Ip_2.9mm_closed_R10_single_refY,GP_Ip_2.9mm_closed_R10_single_refY_004,1,GP_Ip_2.9mm_closed_R10_single_refY_004-raw01-13,130,14.550864413786524,1251.6784496680425,32.272205275435134,1.0,1.0,286.0071105957031,1.0,0.6375706580503063,True,ok,True,True,False,pass_quality_gate
GP_Ip_2.9mm_closed_R10_single_refY,GP_Ip_2.9mm_closed_R10_single_refY_004,2,GP_Ip_2.9mm_closed_R10_single_refY_004-raw02-24,373,21.066217362085983,2244.346286016389,84.80068728522336,1.0,1.0,237.480224609375,1.0,0.5968912682213167,True,ok,True,True,False,pass_quality_gate
GP_Ip_2.9mm_closed_R10_single_refY,GP_Ip_2.9mm_closed_R10_single_refY_004,2,GP_Ip_2.9mm_closed_R10_single_refY_004-raw02-19,338,20.49124345944253,2160.3465423465423,67.69386169386169,1.0,1.0,239.72286987304688,1.0,0.6244767097843289,True,ok,True,True,True,pass_quality_gate
GP_Ip_2.9mm_closed_R10_single_refY,GP_Ip_2.9mm_closed_R10_single_refY_004,2,GP_Ip_2.9mm_closed_R10_single_refY_004-raw02-21,352,19.61313358956325,1817.2699702139184,55.71919848361765,1.0,1.0,234.40914916992188,1.0,0.6198270231658519,True,ok,True,True,False,pass_quality_gate
GP_Ip_2.9mm_closed_R10_single_refY,GP_Ip_2.9mm_closed_R10_single_refY_004,3,GP_Ip_2.9mm_closed_R10_single_refY_004-raw03-02,387,22.200853841559084,2494.9487317862927,76.1184565569347,1.0,1.0,234.30865478515625,1.0,0.6067475062328155,True,ok,True,True,False,pass_quality_gate
GP_Ip_2.9mm_closed_R10_single_refY,GP_Ip_2.9mm_closed_R10_single_refY_004,3,GP_Ip_2.9mm_closed_R10_single_refY_004-raw03-01,380,21.40068244801157,2435.854691689008,73.03619302949062,1.0,1.0,234.8944396972656,1.0,0.605472032151177,True,ok,True,True,False,pass_quality_gate
GP_Ip_2.9mm_closed_R10_single_refY,GP_Ip_2.9mm_closed_R10_single_refY_004,3,GP_Ip_2.9mm_closed_R10_single_refY_004-raw03-08,429,17.39006927443139,2191.424213984045,71.04411074612858,1.0,1.0,251.0365600585937,1.0,0.6368076056887776,True,ok,True,True,True,pass_quality_gate
GP_Ip_2.9mm_closed_R10_single_refY,GP_Ip_2.9mm_closed_R10_single_refY_004,4,GP_Ip_2.9mm_closed_R10_single_refY_004-raw04-02,554,11.591217219976732,1091.2044143466264,21.08653122648608,1.0,1.0,343.1198425292969,1.0,0.5998436302006459,True,ok,True,True,False,pass_quality_gate
GP_Ip_2.9mm_closed_R10_single_refY,GP_Ip_2.9mm_closed_R10_single_refY_004,4,GP_Ip_2.9mm_closed_R10_single_refY_004-raw04-03,561,11.0669485982212,1080.6260523854069,24.424929840972872,1.0,1.0,355.1198425292969,1.0,0.6058650038216294,True,ok,True,True,True,pass_quality_gate
GP_Ip_2.9mm_closed_R10_single_refY,GP_Ip_2.9mm_closed_R10_single_refY_004,4,GP_Ip_2.9mm_closed_R10_single_refY_004-raw04-04,568,11.065217963653142,1070.3778166958552,24.023934617629887,1.0,1.0,355.1198425292969,1.0,0.6056246581104867,True,ok,True,True,False,pass_quality_gate
GP_Ip_2.9mm_closed_R10_single_refY,GP_Ip_2.9mm_closed_R10_single_refY_004,5,GP_Ip_2.9mm_closed_R10_single_refY_004-raw05-21,854,13.086373779945609,726.0537094281299,15.039799072642968,1.0,1.0,388.0903930664063,1.0,0.6091672479826319,True,ok,True,True,False,pass_quality_gate
GP_Ip_2.9mm_closed_R10_single_refY,GP_Ip_2.9mm_closed_R10_single_refY_004,5,GP_Ip_2.9mm_closed_R10_single_refY_004-raw05-22,861,11.64486568380168,764.7920482930891,15.49823064113239,1.0,1.0,374.0903930664063,1.0,0.6029408562532939,True,ok,True,True,False,pass_quality_gate
GP_Ip_2.9mm_closed_R10_single_refY,GP_Ip_2.9mm_closed_R10_single_refY_004,5,GP_Ip_2.9mm_closed_R10_single_refY_004-raw05-17,826,11.218619177919557,782.0165151233995,16.48246427908703,1.0,1.0,394.0903930664063,1.0,0.6176237840687051,True,ok,True,True,True,pass_quality_gate
GP_Ip_2.9mm_closed_R10_single_refY,GP_Ip_2.9mm_closed_R10_single_refY_005,1,GP_Ip_2.9mm_closed_R10_single_refY_005-raw01-02,59,20.501131528547056,1118.759448110378,29.509298140371925,1.0,1.0,270.5928955078125,1.0,0.7014063184449452,True,ok,True,True,True,pass_quality_gate
GP_Ip_2.9mm_closed_R10_single_refY,GP_Ip_2.9mm_closed_R10_single_refY_005,1,GP_Ip_2.9mm_closed_R10_single_refY_005-raw01-01,51,20.178369997754505,1086.413439868879,30.41528375332924,1.0,1.0,267.76446533203125,1.0,0.7017338887940301,True,ok,True,True,False,pass_quality_gate
GP_Ip_2.9mm_closed_R10_single_refY,GP_Ip_2.9mm_closed_R10_single_refY_005,1,GP_Ip_2.9mm_closed_R10_single_refY_005-raw01-04,74,20.17674891626806,773.168,20.2744,1.0,1.0,270.3502502441406,1.0,0.7149370802545205,True,ok,False,True,False,pass_quality_gate
GP_Ip_2.9mm_closed_R10_single_refY,GP_Ip_2.9mm_closed_R10_single_refY_005,2,GP_Ip_2.9mm_closed_R10_single_refY_005-raw02-05,267,17.64127700842282,1240.1582142857144,34.300892857142856,1.0,1.0,287.07818603515625,1.0,0.728411641674905,True,ok,True,True,False,pass_quality_gate
GP_Ip_2.9mm_closed_R10_single_refY,GP_Ip_2.9mm_closed_R10_single_refY_005,2,GP_Ip_2.9mm_closed_R10_single_refY_005-raw02-12,321,17.55242368116967,1183.8925561797753,36.48613061797753,1.0,1.0,287.9066162109375,1.0,0.7437615435667284,True,ok,True,True,False,pass_quality_gate
GP_Ip_2.9mm_closed_R10_single_refY,GP_Ip_2.9mm_closed_R10_single_refY_005,2,GP_Ip_2.9mm_closed_R10_single_refY_005-raw02-11,313,17.476510047441643,1066.1578298397042,32.13299277787564,1.0,1.0,289.3208312988281,1.0,0.7424733501756116,True,ok,True,True,True,pass_quality_gate
GP_Ip_2.9mm_closed_R10_single_refY,GP_Ip_2.9mm_closed_R10_single_refY_005,3,GP_Ip_2.9mm_closed_R10_single_refY_005-raw03-06,460,13.589136684360032,921.8654765699712,27.069493146318138,1.0,1.0,302.2914123535156,1.0,0.7674594283209206,True,ok,True,True,False,pass_quality_gate
GP_Ip_2.9mm_closed_R10_single_refY,GP_Ip_2.9mm_closed_R10_single_refY_005,3,GP_Ip_2.9mm_closed_R10_single_refY_005-raw03-07,467,12.707149130586933,981.142721968144,33.51569153130421,1.0,1.0,304.5340576171875,1.0,0.7681032621419639,True,ok,True,True,False,pass_quality_gate
GP_Ip_2.9mm_closed_R10_single_refY,GP_Ip_2.9mm_closed_R10_single_refY_005,3,GP_Ip_2.9mm_closed_R10_single_refY_005-raw03-11,498,12.657242821868856,782.4272054287477,23.868136952498457,1.0,1.0,307.2203369140625,1.0,0.7773234349162963,True,ok,True,True,True,pass_quality_gate
GP_Ip_2.9mm_closed_R10_single_refY,GP_Ip_2.9mm_closed_R10_single_refY_005,4,GP_Ip_2.9mm_closed_R10_single_refY_005-raw04-23,776,14.238406134480606,426.0692760651195,10.557152753723589,1.0,1.0,290.9776916503906,1.0,0.881349040713187,True,ok,True,True,False,pass_quality_gate
GP_Ip_2.9mm_closed_R10_single_refY,GP_Ip_2.9mm_closed_R10_single_refY_005,4,GP_Ip_2.9mm_closed_R10_single_refY_005-raw04-22,768,13.317604312839038,394.68765617191406,10.605530568049309,1.0,1.0,296.9776916503906,1.0,0.881382518768272,True,ok,True,True,False,pass_quality_gate
GP_Ip_2.9mm_closed_R10_single_refY,GP_Ip_2.9mm_closed_R10_single_refY_005,4,GP_Ip_2.9mm_closed_R10_single_refY_005-raw04-20,752,12.804580789767378,401.921040408732,10.915311967796873,1.0,1.0,308.0487670898437,1.0,0.8585801397473636,True,ok,True,True,True,pass_quality_gate
GP_Ip_2.9mm_closed_R10_single_refY,GP_Ip_2.9mm_closed_R10_single_refY_005,5,GP_Ip_2.9mm_closed_R10_single_refY_005-raw05-24,972,20.234794911691885,507.436686766106,11.865756902570611,1.0,1.0,301.9066162109375,1.0,0.8698440199898443,True,ok,True,True,False,pass_quality_gate
GP_Ip_2.9mm_closed_R10_single_refY,GP_Ip_2.9mm_closed_R10_single_refY_005,5,GP_Ip_2.9mm_closed_R10_single_refY_005-raw05-23,964,19.40522243762428,486.37375,11.58484375,1.0,1.0,306.39190673828125,1.0,0.8694642811086685,True,ok,True,True,False,pass_quality_gate
GP_Ip_2.9mm_closed_R10_single_refY,GP_Ip_2.9mm_closed_R10_single_refY_005,5,GP_Ip_2.9mm_closed_R10_single_refY_005-raw05-20,941,18.513965363385942,494.7644259369423,14.146936347412254,1.0,1.0,313.5634765625,1.0,0.8697686574806671,True,ok,True,True,True,pass_quality_gate
GP_Ip_2.9mm_closed_R5_single_refY,GP_Ip_2.9mm_closed_R5_single_refY_004,1,GP_Ip_2.9mm_closed_R5_single_refY_004-raw01-24,149,16.24986219057506,,,,,,,,False,feature_failure,False,False,False,no_candidate_passed_quality_gate
GP_Ip_2.9mm_closed_R5_single_refY,GP_Ip_2.9mm_closed_R5_single_refY_004,1,GP_Ip_2.9mm_closed_R5_single_refY_004-raw01-14,99,15.268312690874977,655.8732271437923,10.723979925812786,0.4912790697674418,9.0,180.71067881584167,1.0,0.6519410190515692,False,ok,True,False,False,no_candidate_passed_quality_gate
GP_Ip_2.9mm_closed_R5_single_refY,GP_Ip_2.9mm_closed_R5_single_refY_004,1,GP_Ip_2.9mm_closed_R5_single_refY_004-raw01-23,144,14.654525824029946,,,,,,,,False,feature_failure,False,False,False,no_candidate_passed_quality_gate
GP_Ip_2.9mm_closed_R5_single_refY,GP_Ip_2.9mm_closed_R5_single_refY_004,2,GP_Ip_2.9mm_closed_R5_single_refY_004-raw02-10,199,14.315435053242576,974.8606156691768,19.32395296604572,0.6962025316455697,10.0,239.40916192531583,0.9992751151287736,0.6414004267607994,True,ok,True,True,True,pass_quality_gate
GP_Ip_2.9mm_closed_R5_single_refY,GP_Ip_2.9mm_closed_R5_single_refY_004,2,GP_Ip_2.9mm_closed_R5_single_refY_004-raw02-01,154,14.125377557071632,979.8209684584627,22.0555308751666,0.8160237388724035,9.0,322.7472701072693,1.0,0.7086901562780524,False,ok,True,False,False,pass_quality_gate
GP_Ip_2.9mm_closed_R5_single_refY,GP_Ip_2.9mm_closed_R5_single_refY_004,2,GP_Ip_2.9mm_closed_R5_single_refY_004-raw02-04,169,13.84320200864886,822.0612010443864,19.37263707571801,0.9566473988439308,5.0,381.9188417196274,1.0,0.7023728797386497,False,ok,True,False,False,pass_quality_gate
GP_Ip_2.9mm_closed_R5_single_refY,GP_Ip_2.9mm_closed_R5_single_refY_004,3,GP_Ip_2.9mm_closed_R5_single_refY_004-raw03-06,300,11.725422085391145,1100.234111675127,21.31888324873097,0.7931034482758621,13.0,311.4629657268524,1.0,0.6877556463658737,False,ok,True,False,False,pass_quality_gate
GP_Ip_2.9mm_closed_R5_single_refY,GP_Ip_2.9mm_closed_R5_single_refY_004,3,GP_Ip_2.9mm_closed_R5_single_refY_004-raw03-22,381,11.44362261020872,1268.878954607978,21.05857404860156,0.6805970149253732,14.0,249.62236559391025,0.9985356159129738,0.6484681382464489,True,ok,True,True,True,pass_quality_gate
GP_Ip_2.9mm_closed_R5_single_refY,GP_Ip_2.9mm_closed_R5_single_refY_004,3,GP_Ip_2.9mm_closed_R5_single_refY_004-raw03-11,325,11.424116752794056,1204.406625258799,26.61904761904762,0.8011527377521613,13.0,307.6639835834503,1.0,0.6776167034956374,False,ok,True,False,False,pass_quality_gate
GP_Ip_2.9mm_closed_R5_single_refY,GP_Ip_2.9mm_closed_R5_single_refY_004,4,GP_Ip_2.9mm_closed_R5_single_refY_004-raw04-12,451,10.87784181488414,962.083153928956,15.60037674919268,0.5922330097087378,15.0,195.75231325626373,0.9992577545120712,0.5618832828728266,False,ok,True,False,False,pass_quality_gate
GP_Ip_2.9mm_closed_R5_single_refY,GP_Ip_2.9mm_closed_R5_single_refY_004,4,GP_Ip_2.9mm_closed_R5_single_refY_004-raw04-09,436,10.85437006285868,1194.948376353039,21.2811545933944,0.6754098360655738,19.0,215.58074271678925,1.0,0.5313362571325632,False,ok,True,False,False,pass_quality_gate
GP_Ip_2.9mm_closed_R5_single_refY,GP_Ip_2.9mm_closed_R5_single_refY_004,4,GP_Ip_2.9mm_closed_R5_single_refY_004-raw04-07,426,10.55519048996914,1208.860589444825,15.909115832762168,0.6254071661237784,14.0,203.6812413930893,1.0,0.5517822856614142,True,ok,True,True,True,pass_quality_gate
GP_Ip_2.9mm_closed_R5_single_refY,GP_Ip_2.9mm_closed_R5_single_refY_004,5,GP_Ip_2.9mm_closed_R5_single_refY_004-raw05-23,632,8.77762361954583,1632.0800787659994,32.51033803741385,0.51985559566787,6.0,162.8528175354004,0.9998205392794652,0.5840893257002054,True,ok,True,True,True,pass_quality_gate
GP_Ip_2.9mm_closed_R5_single_refY,GP_Ip_2.9mm_closed_R5_single_refY_004,5,GP_Ip_2.9mm_closed_R5_single_refY_004-raw05-03,527,8.448111858603394,1028.3326869806094,14.013573407202216,0.4765100671140939,2.0,167.3381118774414,1.0,0.6278284079098421,False,ok,False,False,False,pass_quality_gate
GP_Ip_2.9mm_closed_R5_single_refY,GP_Ip_2.9mm_closed_R5_single_refY_004,5,GP_Ip_2.9mm_closed_R5_single_refY_004-raw05-05,538,8.2566265164964,1103.4752712413697,17.67084683669156,0.5084175084175084,2.0,174.68124389648438,1.0,0.6388724287148085,False,ok,False,False,False,pass_quality_gate
GP_Ip_2.9mm_closed_R5_single_refY,GP_Ip_2.9mm_closed_R5_single_refY_005,1,GP_Ip_2.9mm_closed_R5_single_refY_005-raw01-19,133,20.86589942149292,2170.5800080612657,54.52378073357517,0.2258064516129032,1.0,66.18376922607422,1.0,0.7453102936429721,False,ok,True,False,False,no_candidate_passed_quality_gate
GP_Ip_2.9mm_closed_R5_single_refY,GP_Ip_2.9mm_closed_R5_single_refY_005,1,GP_Ip_2.9mm_closed_R5_single_refY_005-raw01-17,122,20.73767530200628,2540.6895858464013,55.22094893445919,0.2023809523809523,3.0,57.52691829204559,0.9913237190760932,0.7630307909107853,False,ok,True,False,False,no_candidate_passed_quality_gate
GP_Ip_2.9mm_closed_R5_single_refY,GP_Ip_2.9mm_closed_R5_single_refY_005,1,GP_Ip_2.9mm_closed_R5_single_refY_005-raw01-16,117,20.70882873232688,2539.6217303822937,54.90985915492958,0.2063492063492063,2.0,59.526917934417725,0.9918432016900416,0.7631885234383301,False,ok,True,False,False,no_candidate_passed_quality_gate
GP_Ip_2.9mm_closed_R5_single_refY,GP_Ip_2.9mm_closed_R5_single_refY_005,2,GP_Ip_2.9mm_closed_R5_single_refY_005-raw02-09,208,31.89147442567496,3878.741367159972,159.84073291050035,0.2347826086956521,1.0,62.112701416015625,1.0,0.6755569266239038,True,ok,False,False,False,no_candidate_passed_quality_gate
GP_Ip_2.9mm_closed_R5_single_refY,GP_Ip_2.9mm_closed_R5_single_refY_005,2,GP_Ip_2.9mm_closed_R5_single_refY_005-raw02-08,203,31.43422833746333,3896.4263911716366,162.15848790795962,0.2324561403508772,1.0,61.52691650390625,1.0,0.6742681523083257,True,ok,False,False,False,no_candidate_passed_quality_gate
GP_Ip_2.9mm_closed_R5_single_refY,GP_Ip_2.9mm_closed_R5_single_refY_005,2,GP_Ip_2.9mm_closed_R5_single_refY_005-raw02-07,197,30.623268190396857,5889.952881976213,238.4473924977127,0.1702127659574468,2.0,45.45584297180176,0.991804782582105,0.6969054526819545,False,ok,True,False,False,no_candidate_passed_quality_gate
GP_Ip_2.9mm_closed_R5_single_refY,GP_Ip_2.9mm_closed_R5_single_refY_005,3,GP_Ip_2.9mm_closed_R5_single_refY_005-raw03-01,294,17.722869773430293,2108.426024542718,57.218106043065525,0.2435897435897435,6.0,65.08326029777527,0.9998187858652976,0.6611886886667961,False,ok,True,False,False,pass_quality_gate
GP_Ip_2.9mm_closed_R5_single_refY,GP_Ip_2.9mm_closed_R5_single_refY_005,3,GP_Ip_2.9mm_closed_R5_single_refY_005-raw03-20,396,17.1122493189482,2150.4010320678217,68.5589753040914,0.4156862745098039,9.0,119.36752784252168,1.0,0.6684966462837475,True,ok,True,True,True,pass_quality_gate
GP_Ip_2.9mm_closed_R5_single_refY,GP_Ip_2.9mm_closed_R5_single_refY_005,3,GP_Ip_2.9mm_closed_R5_single_refY_005-raw03-04,310,16.97200735669548,1672.8137234266471,51.33571879604294,0.265625,10.0,70.42640352249146,1.0,0.6751023519145797,False,ok,True,False,False,pass_quality_gate
GP_Ip_2.9mm_closed_R5_single_refY,GP_Ip_2.9mm_closed_R5_single_refY_005,4,GP_Ip_2.9mm_closed_R5_single_refY_005-raw04-11,477,19.82489836670557,2052.222163657926,44.641981815786,0.5993265993265994,5.0,203.2375931739807,0.9994632673599464,0.8094925669029707,True,ok,True,True,False,pass_quality_gate
GP_Ip_2.9mm_closed_R5_single_refY,GP_Ip_2.9mm_closed_R5_single_refY_005,4,GP_Ip_2.9mm_closed_R5_single_refY_005-raw04-13,487,18.980152231822768,1603.8621289280834,34.76698546764377,0.5095541401273885,10.0,173.6101655960083,1.0,0.8169964556521301,True,ok,True,True,False,pass_quality_gate
GP_Ip_2.9mm_closed_R5_single_refY,GP_Ip_2.9mm_closed_R5_single_refY_005,4,GP_Ip_2.9mm_closed_R5_single_refY_005-raw04-10,471,18.4816564081816,2045.1726971504308,47.221206096752816,0.7333333333333333,5.0,249.79395961761475,1.0,0.7952510408081486,True,ok,True,True,True,pass_quality_gate
GP_Ip_2.9mm_closed_R5_single_refY,GP_Ip_2.9mm_closed_R5_single_refY_005,5,GP_Ip_2.9mm_closed_R5_single_refY_005-raw05-24,679,22.76024629361071,1530.0991484894437,41.50717368482445,0.8464052287581699,4.0,302.22033500671387,0.9994102126338662,0.8651146221968302,True,ok,True,True,True,pass_quality_gate
GP_Ip_2.9mm_closed_R5_single_refY,GP_Ip_2.9mm_closed_R5_single_refY_005,5,GP_Ip_2.9mm_closed_R5_single_refY_005-raw05-23,674,18.46625314568296,1451.7262727040163,28.008314146840625,0.7820069204152249,5.0,262.00714588165283,1.0,0.844850644388133,True,ok,True,True,False,pass_quality_gate
GP_Ip_2.9mm_closed_R5_single_refY,GP_Ip_2.9mm_closed_R5_single_refY_005,5,GP_Ip_2.9mm_closed_R5_single_refY_005-raw05-21,663,17.566463567464144,1437.534925758554,28.151581665590705,0.7743055555555556,5.0,259.00714814662933,1.0,0.8434718952733727,True,ok,True,True,False,pass_quality_gate
GP_Ip_20.0mm_closed_R10_single_refY,GP_Ip_20.0mm_closed_R10_single_refY_004,1,GP_Ip_20.0mm_closed_R10_single_refY_004-raw01-11,124,48.07777225813568,536.6456747610872,16.70107870476039,0.7155272305909618,2.0,1436.3788452148438,1.0,0.4255072547681334,True,ok,True,True,True,pass_quality_gate
GP_Ip_20.0mm_closed_R10_single_refY,GP_Ip_20.0mm_closed_R10_single_refY_004,1,GP_Ip_20.0mm_closed_R10_single_refY_004-raw01-21,198,46.03202144831786,580.3564822179297,19.81987274173389,0.7128139085640696,2.0,1289.739227294922,1.0,0.4321996866293183,True,ok,True,True,False,pass_quality_gate
GP_Ip_20.0mm_closed_R10_single_refY,GP_Ip_20.0mm_closed_R10_single_refY_004,1,GP_Ip_20.0mm_closed_R10_single_refY_004-raw01-08,101,43.25492701418721,519.2340861613653,15.87680816680462,0.7079326923076923,3.0,1379.207275390625,1.0,0.4219472906148317,True,ok,True,True,False,pass_quality_gate
GP_Ip_20.0mm_closed_R10_single_refY,GP_Ip_20.0mm_closed_R10_single_refY_004,2,GP_Ip_20.0mm_closed_R10_single_refY_004-raw02-14,325,47.497089815097375,561.8858724121438,18.05851003256884,0.7317961165048543,2.0,1392.4671630859375,1.0,0.4192901686145275,True,ok,True,True,True,pass_quality_gate
GP_Ip_20.0mm_closed_R10_single_refY,GP_Ip_20.0mm_closed_R10_single_refY_004,2,GP_Ip_20.0mm_closed_R10_single_refY_004-raw02-24,400,46.44224779361678,594.8267653352353,19.790723074179745,0.7098214285714286,2.0,1301.5381469726562,1.0,0.4109944080725446,True,ok,True,True,False,pass_quality_gate
GP_Ip_20.0mm_closed_R10_single_refY,GP_Ip_20.0mm_closed_R10_single_refY_004,2,GP_Ip_20.0mm_closed_R10_single_refY_004-raw02-21,377,44.283633312384296,614.3643096140977,19.066540263216595,0.7086007702182285,3.0,1286.5676255226135,1.0,0.4149882303170792,True,ok,True,True,False,pass_quality_gate
GP_Ip_20.0mm_closed_R10_single_refY,GP_Ip_20.0mm_closed_R10_single_refY_004,3,GP_Ip_20.0mm_closed_R10_single_refY_004-raw03-04,429,45.49196721982485,550.6612797164606,17.720673628835417,0.7246022031823746,2.0,1375.0234375,1.0,0.4009426163740573,True,ok,True,True,False,pass_quality_gate
GP_Ip_20.0mm_closed_R10_single_refY,GP_Ip_20.0mm_closed_R10_single_refY_004,3,GP_Ip_20.0mm_closed_R10_single_refY_004-raw03-03,422,45.381732829763806,551.4356331838765,17.792489236877913,0.725,2.0,1378.78076171875,1.0,0.4011501013666583,True,ok,True,True,True,pass_quality_gate
GP_Ip_20.0mm_closed_R10_single_refY,GP_Ip_20.0mm_closed_R10_single_refY_004,3,GP_Ip_20.0mm_closed_R10_single_refY_004-raw03-05,437,43.94450084815791,565.111108656512,18.66104072548132,0.7092063492063492,2.0,1305.5382385253906,1.0,0.4023011561942724,True,ok,True,True,False,pass_quality_gate
GP_Ip_20.0mm_closed_R10_single_refY,GP_Ip_20.0mm_closed_R10_single_refY_004,4,GP_Ip_20.0mm_closed_R10_single_refY_004-raw04-20,728,45.9586196857028,482.62898740900425,15.129659137063769,0.7064029151483602,4.0,1589.930142402649,1.0,0.4252974488771411,True,ok,True,True,False,pass_quality_gate
GP_Ip_20.0mm_closed_R10_single_refY,GP_Ip_20.0mm_closed_R10_single_refY_004,4,GP_Ip_20.0mm_closed_R10_single_refY_004-raw04-19,720,41.11142794385368,476.67385490316633,15.521572394712573,0.7089322381930184,3.0,1609.9595626592636,1.0,0.4244277740032094,True,ok,True,True,True,pass_quality_gate
GP_Ip_20.0mm_closed_R10_single_refY,GP_Ip_20.0mm_closed_R10_single_refY_004,4,GP_Ip_20.0mm_closed_R10_single_refY_004-raw04-23,750,41.03775709420547,508.7307729236678,13.944079052648425,0.7086820083682008,2.0,1579.9889526367188,1.0,0.4223163313739753,True,ok,True,True,False,pass_quality_gate
GP_Ip_20.0mm_closed_R10_single_refY,GP_Ip_20.0mm_closed_R10_single_refY_004,5,GP_Ip_20.0mm_closed_R10_single_refY_004-raw05-19,901,46.20706153963818,531.4615889574906,16.875798381945923,0.7167290219134153,2.0,1558.533203125,1.0,0.4443457615482467,True,ok,True,True,True,pass_quality_gate
GP_Ip_20.0mm_closed_R10_single_refY,GP_Ip_20.0mm_closed_R10_single_refY_004,5,GP_Ip_20.0mm_closed_R10_single_refY_004-raw05-06,803,44.9033451680207,508.7438507900309,16.435567682032904,0.6986970684039088,4.0,1502.1189254522324,1.0,0.4268294323299242,True,ok,True,True,False,pass_quality_gate
GP_Ip_20.0mm_closed_R10_single_refY,GP_Ip_20.0mm_closed_R10_single_refY_004,5,GP_Ip_20.0mm_closed_R10_single_refY_004-raw05-09,826,42.54324433521694,463.6661043069186,14.309911590558846,0.6951551442569407,3.0,1488.5626220703125,1.0,0.4287677546832321,True,ok,True,True,False,pass_quality_gate
GP_Ip_20.0mm_closed_R10_single_refY,GP_Ip_20.0mm_closed_R10_single_refY_005,1,GP_Ip_20.0mm_closed_R10_single_refY_005-raw01-02,40,33.068821611150106,421.899003515931,11.252336363470752,0.6363636363636364,2.0,1365.4498291015625,1.0,0.6306060800305641,True,ok,True,True,False,pass_quality_gate
GP_Ip_20.0mm_closed_R10_single_refY,GP_Ip_20.0mm_closed_R10_single_refY_005,1,GP_Ip_20.0mm_closed_R10_single_refY_005-raw01-04,51,32.563409248333215,413.124874099694,12.21767925352996,0.6422902494331065,2.0,1336.8640747070312,1.0,0.622441204523993,True,ok,True,True,False,pass_quality_gate
GP_Ip_20.0mm_closed_R10_single_refY,GP_Ip_20.0mm_closed_R10_single_refY_005,1,GP_Ip_20.0mm_closed_R10_single_refY_005-raw01-22,145,31.63780923181109,445.4599840340095,13.268988467938176,0.665118978525827,3.0,1345.9646606445312,1.0,0.5616738110368172,True,ok,True,True,True,pass_quality_gate
GP_Ip_20.0mm_closed_R10_single_refY,GP_Ip_20.0mm_closed_R10_single_refY_005,2,GP_Ip_20.0mm_closed_R10_single_refY_005-raw02-06,187,33.13685175949734,481.2666185639488,15.880399992599582,0.6569634703196348,7.0,1346.964552283287,1.0,0.5717195901204613,True,ok,True,True,False,pass_quality_gate
GP_Ip_20.0mm_closed_R10_single_refY,GP_Ip_20.0mm_closed_R10_single_refY_005,2,GP_Ip_20.0mm_closed_R10_single_refY_005-raw02-18,250,32.050087743913394,502.8443967472865,14.719104456775904,0.6554016620498615,7.0,1386.4205322265625,1.0,0.5734816748629549,True,ok,True,True,False,pass_quality_gate
GP_Ip_20.0mm_closed_R10_single_refY,GP_Ip_20.0mm_closed_R10_single_refY_005,2,GP_Ip_20.0mm_closed_R10_single_refY_005-raw02-07,193,32.04960503102999,512.8754594751974,17.111092914073588,0.6651532349602725,4.0,1373.449737548828,1.0,0.5714311149292612,True,ok,True,True,True,pass_quality_gate
GP_Ip_20.0mm_closed_R10_single_refY,GP_Ip_20.0mm_closed_R10_single_refY_005,3,GP_Ip_20.0mm_closed_R10_single_refY_005-raw03-01,287,33.57882012933683,503.5124057028168,17.307123330334278,0.6579966795794134,5.0,1394.006103515625,1.0,0.572094244806725,True,ok,True,True,True,pass_quality_gate
GP_Ip_20.0mm_closed_R10_single_refY,GP_Ip_20.0mm_closed_R10_single_refY_005,3,GP_Ip_20.0mm_closed_R10_single_refY_005-raw03-04,303,31.55580553901459,512.6200216394457,15.648513576176,0.657707076247943,6.0,1406.319943189621,1.0,0.5691864824001693,True,ok,True,True,False,pass_quality_gate
GP_Ip_20.0mm_closed_R10_single_refY,GP_Ip_20.0mm_closed_R10_single_refY_005,3,GP_Ip_20.0mm_closed_R10_single_refY_005-raw03-02,292,30.74372091740737,515.4358802559808,17.10991710690203,0.6557017543859649,4.0,1403.248991370201,1.0,0.5691763931586006,True,ok,True,True,False,pass_quality_gate
GP_Ip_20.0mm_closed_R10_single_refY,GP_Ip_20.0mm_closed_R10_single_refY_005,4,GP_Ip_20.0mm_closed_R10_single_refY_005-raw04-11,465,34.768498215847245,369.8565747911556,11.73423445091154,0.6129518072289156,7.0,1430.63356924057,1.0,0.6859143252734792,True,ok,True,True,False,pass_quality_gate
GP_Ip_20.0mm_closed_R10_single_refY,GP_Ip_20.0mm_closed_R10_single_refY_005,4,GP_Ip_20.0mm_closed_R10_single_refY_005-raw04-10,460,33.104902284674,362.6442629127552,11.00064934544376,0.6132596685082873,6.0,1431.2193846702576,1.0,0.6862805015901203,True,ok,True,True,True,pass_quality_gate
GP_Ip_20.0mm_closed_R10_single_refY,GP_Ip_20.0mm_closed_R10_single_refY_005,4,GP_Ip_20.0mm_closed_R10_single_refY_005-raw04-23,529,31.855102774159704,331.61958692275783,9.960968927561956,0.6132315521628499,8.0,1391.437652468681,1.0,0.7454021411882242,True,ok,True,True,False,pass_quality_gate
GP_Ip_20.0mm_closed_R10_single_refY,GP_Ip_20.0mm_closed_R10_single_refY_005,5,GP_Ip_20.0mm_closed_R10_single_refY_005-raw05-23,658,46.05542407845274,410.42632816592186,14.874544461656766,0.6098104793756968,3.0,1281.1240218877792,1.0,0.7301320913492536,True,ok,True,True,False,pass_quality_gate
GP_Ip_20.0mm_closed_R10_single_refY,GP_Ip_20.0mm_closed_R10_single_refY_005,5,GP_Ip_20.0mm_closed_R10_single_refY_005-raw05-24,664,46.04818452196355,410.4269903367105,14.875257743449136,0.6098104793756968,3.0,1281.1240218877792,1.0,0.7301092932412245,True,ok,True,True,True,pass_quality_gate
GP_Ip_20.0mm_closed_R10_single_refY,GP_Ip_20.0mm_closed_R10_single_refY_005,5,GP_Ip_20.0mm_closed_R10_single_refY_005-raw05-22,653,42.10161113690858,373.820728168147,12.841548676457656,0.6059250978200111,4.0,1268.4670989513395,1.0,0.7330970556161396,True,ok,True,True,False,pass_quality_gate
GP_Ip_4.0mm_closed_R10_single_refY,GP_Ip_4.0mm_closed_R10_single_refY_004,1,GP_Ip_4.0mm_closed_R10_single_refY_004-raw01-05,82,10.996249917941626,753.9214914169692,14.133513812834554,1.0,1.0,490.274169921875,1.0,0.6342430519195914,True,ok,True,True,True,pass_quality_gate
GP_Ip_4.0mm_closed_R10_single_refY,GP_Ip_4.0mm_closed_R10_single_refY_004,1,GP_Ip_4.0mm_closed_R10_single_refY_004-raw01-04,74,10.597954462252725,780.9496834823468,10.413104483456245,1.0,1.0,474.7177734375,1.0,0.6294448654594509,True,ok,True,True,False,pass_quality_gate
GP_Ip_4.0mm_closed_R10_single_refY,GP_Ip_4.0mm_closed_R10_single_refY_004,1,GP_Ip_4.0mm_closed_R10_single_refY_004-raw01-20,197,9.934674368921913,534.6624515016525,9.008047133208796,1.0,1.0,552.9015502929688,1.0,0.6913978143500011,True,ok,False,True,False,pass_quality_gate
GP_Ip_4.0mm_closed_R10_single_refY,GP_Ip_4.0mm_closed_R10_single_refY_004,2,GP_Ip_4.0mm_closed_R10_single_refY_004-raw02-15,342,16.40804357409888,580.5855045002369,12.1403532516749,1.0,1.0,463.0609436035156,1.0,0.7223612452825098,True,ok,True,True,False,pass_quality_gate
GP_Ip_4.0mm_closed_R10_single_refY,GP_Ip_4.0mm_closed_R10_single_refY_004,2,GP_Ip_4.0mm_closed_R10_single_refY_004-raw02-16,350,15.361690105819704,554.2332179461074,12.526640874227924,1.0,1.0,463.8893737792969,1.0,0.7271993005346463,True,ok,True,True,False,pass_quality_gate
GP_Ip_4.0mm_closed_R10_single_refY,GP_Ip_4.0mm_closed_R10_single_refY_004,2,GP_Ip_4.0mm_closed_R10_single_refY_004-raw02-14,335,15.271592435182177,622.3273916388817,12.841497819953837,1.0,1.0,478.1320190429688,1.0,0.7222331763043749,True,ok,True,True,True,pass_quality_gate
GP_Ip_4.0mm_closed_R10_single_refY,GP_Ip_4.0mm_closed_R10_single_refY_004,3,GP_Ip_4.0mm_closed_R10_single_refY_004-raw03-05,450,21.093308130842367,827.1672197374116,20.54111960756024,1.0,1.0,449.7888793945313,1.0,0.7416786860630491,True,ok,True,True,False,pass_quality_gate
GP_Ip_4.0mm_closed_R10_single_refY,GP_Ip_4.0mm_closed_R10_single_refY_004,3,GP_Ip_4.0mm_closed_R10_single_refY_004-raw03-04,442,18.139401698631712,660.5095234620156,14.746186966357731,1.0,1.0,448.3746643066406,1.0,0.7384677357721506,True,ok,False,True,False,pass_quality_gate
GP_Ip_4.0mm_closed_R10_single_refY,GP_Ip_4.0mm_closed_R10_single_refY_004,3,GP_Ip_4.0mm_closed_R10_single_refY_004-raw03-23,588,18.097307719919414,905.0279776179055,23.00646149746869,1.0,1.0,467.6883544921875,1.0,0.727794092330736,True,ok,True,True,True,pass_quality_gate
GP_Ip_4.0mm_closed_R10_single_refY,GP_Ip_4.0mm_closed_R10_single_refY_004,4,GP_Ip_4.0mm_closed_R10_single_refY_004-raw04-23,772,31.6680282681677,775.4245537567456,22.01214196762142,1.0,1.0,533.043701171875,1.0,0.8005518648077952,True,ok,False,True,False,pass_quality_gate
GP_Ip_4.0mm_closed_R10_single_refY,GP_Ip_4.0mm_closed_R10_single_refY_004,4,GP_Ip_4.0mm_closed_R10_single_refY_004-raw04-22,764,30.057908141920294,750.7795222550391,21.31514586247992,1.0,1.0,532.21533203125,1.0,0.8012390383516494,True,ok,False,True,False,pass_quality_gate
GP_Ip_4.0mm_closed_R10_single_refY,GP_Ip_4.0mm_closed_R10_single_refY_004,4,GP_Ip_4.0mm_closed_R10_single_refY_004-raw04-21,756,27.93616642235651,1034.2890294255997,29.42805623791355,1.0,1.0,529.2447509765625,1.0,0.7988794438767257,True,ok,True,True,True,pass_quality_gate
GP_Ip_4.0mm_closed_R10_single_refY,GP_Ip_4.0mm_closed_R10_single_refY_004,5,GP_Ip_4.0mm_closed_R10_single_refY_004-raw05-06,826,36.294752967400015,1296.9907170597708,46.06592782040352,1.0,1.0,556.357421875,1.0,0.7703363056891003,True,ok,True,True,False,pass_quality_gate
GP_Ip_4.0mm_closed_R10_single_refY,GP_Ip_4.0mm_closed_R10_single_refY_004,5,GP_Ip_4.0mm_closed_R10_single_refY_004-raw05-07,833,33.48823675832749,1104.7511136385176,38.15576722585537,1.0,1.0,558.1148071289062,1.0,0.7728866441465265,True,ok,True,True,True,pass_quality_gate
GP_Ip_4.0mm_closed_R10_single_refY,GP_Ip_4.0mm_closed_R10_single_refY_004,5,GP_Ip_4.0mm_closed_R10_single_refY_004-raw05-08,841,33.18740546044128,1268.0653880930852,41.89715890163232,1.0,1.0,554.11474609375,1.0,0.7622441812117673,True,ok,True,True,False,pass_quality_gate
GP_Ip_4.0mm_closed_R10_single_refY,GP_Ip_4.0mm_closed_R10_single_refY_005,1,GP_Ip_4.0mm_closed_R10_single_refY_005-raw01-24,232,26.40641682716181,534.7492681383021,10.596566184033549,1.0,1.0,429.5045776367188,1.0,0.9323847970309684,True,ok,True,True,False,pass_quality_gate
GP_Ip_4.0mm_closed_R10_single_refY,GP_Ip_4.0mm_closed_R10_single_refY_005,1,GP_Ip_4.0mm_closed_R10_single_refY_005-raw01-23,224,25.11525339958284,529.4375049725516,10.955048134298671,1.0,1.0,426.57568359375,1.0,0.9308648635760508,True,ok,True,True,False,pass_quality_gate
GP_Ip_4.0mm_closed_R10_single_refY,GP_Ip_4.0mm_closed_R10_single_refY_005,1,GP_Ip_4.0mm_closed_R10_single_refY_005-raw01-22,216,25.006715457067365,549.9718596107247,13.379113577737826,1.0,1.0,431.4041137695313,1.0,0.9344320836192234,True,ok,True,True,True,pass_quality_gate
GP_Ip_4.0mm_closed_R10_single_refY,GP_Ip_4.0mm_closed_R10_single_refY_005,2,GP_Ip_4.0mm_closed_R10_single_refY_005-raw02-16,358,44.60823346533127,658.0925002113808,17.40373721146529,1.0,1.0,415.1614685058594,1.0,0.9289014172810862,True,ok,True,True,False,pass_quality_gate
GP_Ip_4.0mm_closed_R10_single_refY,GP_Ip_4.0mm_closed_R10_single_refY_005,2,GP_Ip_4.0mm_closed_R10_single_refY_005-raw02-19,381,44.48372608324216,686.8917863964787,20.52603604351798,1.0,1.0,416.81829833984375,1.0,0.9219460358308658,True,ok,True,True,True,pass_quality_gate
GP_Ip_4.0mm_closed_R10_single_refY,GP_Ip_4.0mm_closed_R10_single_refY_005,2,GP_Ip_4.0mm_closed_R10_single_refY_005-raw02-15,350,42.53798172183565,653.0510438858116,18.004772049424798,1.0,1.0,413.1614990234375,1.0,0.931347026653504,True,ok,True,True,False,pass_quality_gate
GP_Ip_4.0mm_closed_R10_single_refY,GP_Ip_4.0mm_closed_R10_single_refY_005,3,GP_Ip_4.0mm_closed_R10_single_refY_005-raw03-19,569,52.128015381140784,416.127410109432,10.7985278791037,1.0,1.0,472.96044921875,1.0,0.9461725847606058,True,ok,True,True,False,pass_quality_gate
GP_Ip_4.0mm_closed_R10_single_refY,GP_Ip_4.0mm_closed_R10_single_refY_005,3,GP_Ip_4.0mm_closed_R10_single_refY_005-raw03-18,561,51.40073676188785,429.55344418052255,12.667392451834257,1.0,1.0,469.2030944824219,1.0,0.9328870582942146,True,ok,True,True,False,pass_quality_gate
GP_Ip_4.0mm_closed_R10_single_refY,GP_Ip_4.0mm_closed_R10_single_refY_005,3,GP_Ip_4.0mm_closed_R10_single_refY_005-raw03-14,530,49.61586544785558,449.0083522175461,11.794496600841695,1.0,1.0,474.031494140625,1.0,0.934431327741638,True,ok,True,True,True,pass_quality_gate
GP_Ip_4.0mm_closed_R10_single_refY,GP_Ip_4.0mm_closed_R10_single_refY_005,4,GP_Ip_4.0mm_closed_R10_single_refY_005-raw04-07,663,48.27230613026091,485.5718293730318,13.539249928428283,1.0,1.0,506.416259765625,1.0,0.9871060121098668,True,ok,True,True,True,pass_quality_gate
GP_Ip_4.0mm_closed_R10_single_refY,GP_Ip_4.0mm_closed_R10_single_refY_005,4,GP_Ip_4.0mm_closed_R10_single_refY_005-raw04-08,671,48.2147684827722,521.7408279267382,17.244473789975313,1.0,1.0,505.83050537109375,1.0,0.9781136718127657,True,ok,True,True,False,pass_quality_gate
GP_Ip_4.0mm_closed_R10_single_refY,GP_Ip_4.0mm_closed_R10_single_refY_005,4,GP_Ip_4.0mm_closed_R10_single_refY_005-raw04-10,686,45.43085718243916,503.7795556578796,16.77972832968804,1.0,1.0,505.1025695800781,1.0,0.9865442488503444,True,ok,True,True,False,pass_quality_gate
GP_Ip_4.0mm_closed_R10_single_refY,GP_Ip_4.0mm_closed_R10_single_refY_005,5,GP_Ip_4.0mm_closed_R10_single_refY_005-raw05-24,984,82.26448131629098,1000.0385875500546,36.54750637058609,1.0,1.0,346.73504638671875,1.0,0.9599942245998422,True,ok,True,True,False,pass_quality_gate
GP_Ip_4.0mm_closed_R10_single_refY,GP_Ip_4.0mm_closed_R10_single_refY_005,5,GP_Ip_4.0mm_closed_R10_single_refY_005-raw05-23,976,71.76639578085889,928.5604382517566,29.05335238775753,0.956953642384106,1.0,331.9066162109375,0.9938755831226708,0.9702853486044336,True,ok,True,True,False,pass_quality_gate
GP_Ip_4.0mm_closed_R10_single_refY,GP_Ip_4.0mm_closed_R10_single_refY_005,5,GP_Ip_4.0mm_closed_R10_single_refY_005-raw05-20,953,64.87715690225556,1030.2165975103735,29.639834024896267,1.0,1.0,375.4629821777344,0.9989673058417632,0.9666381445237268,True,ok,True,True,True,pass_quality_gate
GP_Ip_4.0mm_closed_R5_single_refY,GP_Ip_4.0mm_closed_R5_single_refY_005,1,GP_Ip_4.0mm_closed_R5_single_refY_005-raw01-24,202,12.249875155271129,898.1046217670319,14.881247164063009,0.9733333333333334,4.0,503.587869644165,1.0,0.8328874317198206,False,ok,True,False,False,no_candidate_passed_quality_gate
GP_Ip_4.0mm_closed_R5_single_refY,GP_Ip_4.0mm_closed_R5_single_refY_005,1,GP_Ip_4.0mm_closed_R5_single_refY_005-raw01-19,168,12.215003173770434,813.9757065544197,16.41310883944678,0.974025974025974,4.0,519.315788269043,1.0,0.8326461929330813,False,ok,True,False,False,no_candidate_passed_quality_gate
GP_Ip_4.0mm_closed_R5_single_refY,GP_Ip_4.0mm_closed_R5_single_refY_005,1,GP_Ip_4.0mm_closed_R5_single_refY_005-raw01-21,182,12.023645588514537,882.8296703296703,16.555860805860807,0.967391304347826,5.0,509.17365741729736,1.0,0.8258451302118723,False,ok,True,False,False,no_candidate_passed_quality_gate
GP_Ip_4.0mm_closed_R5_single_refY,GP_Ip_4.0mm_closed_R5_single_refY_005,2,GP_Ip_4.0mm_closed_R5_single_refY_005-raw02-20,339,16.60109876966005,1103.5718973946823,25.53325296363271,0.9373601789709172,8.0,466.9188265800476,1.0,0.830822169874637,False,ok,True,False,False,no_candidate_passed_quality_gate
GP_Ip_4.0mm_closed_R5_single_refY,GP_Ip_4.0mm_closed_R5_single_refY_005,2,GP_Ip_4.0mm_closed_R5_single_refY_005-raw02-22,353,16.519748181830515,875.9718940936864,23.433740665308893,0.9260089686098656,11.0,457.5046437978745,1.0,0.7798249228570677,False,ok,False,False,False,no_candidate_passed_quality_gate
GP_Ip_4.0mm_closed_R5_single_refY,GP_Ip_4.0mm_closed_R5_single_refY_005,2,GP_Ip_4.0mm_closed_R5_single_refY_005-raw02-21,346,16.136708976650237,1218.6260742122442,28.70061954566652,0.9550561797752808,7.0,476.8183250427246,1.0,0.8161177004641008,False,ok,True,False,False,no_candidate_passed_quality_gate
GP_Ip_4.0mm_closed_R5_single_refY,GP_Ip_4.0mm_closed_R5_single_refY_005,3,GP_Ip_4.0mm_closed_R5_single_refY_005-raw03-02,380,18.46926852386852,984.4496639739324,21.76220215871292,0.9435665914221218,5.0,464.7767105102539,1.0,0.753953631458808,False,ok,True,False,False,no_candidate_passed_quality_gate
GP_Ip_4.0mm_closed_R5_single_refY,GP_Ip_4.0mm_closed_R5_single_refY_005,3,GP_Ip_4.0mm_closed_R5_single_refY_005-raw03-16,475,18.15549556203653,567.1632577715425,12.946171453887615,0.8716707021791767,6.0,406.19090366363525,1.0,0.7684246913351997,False,ok,False,False,False,no_candidate_passed_quality_gate
GP_Ip_4.0mm_closed_R5_single_refY,GP_Ip_4.0mm_closed_R5_single_refY_005,3,GP_Ip_4.0mm_closed_R5_single_refY_005-raw03-01,373,18.10258234919324,983.6106807990216,20.77605652941976,0.9413092550790068,5.0,464.1909255981445,1.0,0.7415756878412013,False,ok,True,False,False,no_candidate_passed_quality_gate
GP_Ip_4.0mm_closed_R5_single_refY,GP_Ip_4.0mm_closed_R5_single_refY_005,4,GP_Ip_4.0mm_closed_R5_single_refY_005-raw04-20,667,21.644804193115235,1399.2446114111294,48.91552007513501,0.9638095238095238,3.0,587.0853424072266,1.0,0.7824692053304063,False,ok,True,False,False,no_candidate_passed_quality_gate
GP_Ip_4.0mm_closed_R5_single_refY,GP_Ip_4.0mm_closed_R5_single_refY_005,4,GP_Ip_4.0mm_closed_R5_single_refY_005-raw04-02,544,18.730214960252496,528.8330415207604,12.453101550775388,0.9121621621621622,5.0,461.7178192138672,1.0,0.7667693569714582,False,ok,False,False,False,no_candidate_passed_quality_gate
GP_Ip_4.0mm_closed_R5_single_refY,GP_Ip_4.0mm_closed_R5_single_refY_005,4,GP_Ip_4.0mm_closed_R5_single_refY_005-raw04-07,578,18.072810302659025,998.4129946839928,23.792557590076783,0.918918918918919,10.0,501.1736509799957,1.0,0.7828998019584529,True,ok,False,True,False,no_candidate_passed_quality_gate
GP_Ip_4.0mm_closed_R5_single_refY,GP_Ip_4.0mm_closed_R5_single_refY_005,5,GP_Ip_4.0mm_closed_R5_single_refY_005-raw05-23,852,31.552053093350963,706.3192547183472,18.75628710720664,0.950381679389313,9.0,573.4995484352112,1.0,0.8027334473951524,True,ok,True,True,False,pass_quality_gate
GP_Ip_4.0mm_closed_R5_single_refY,GP_Ip_4.0mm_closed_R5_single_refY_005,5,GP_Ip_4.0mm_closed_R5_single_refY_005-raw05-24,859,28.985575726827,723.5039312399277,20.01147629047224,0.9426386233269598,8.0,565.3574241399765,1.0,0.817052183878865,False,ok,True,False,False,pass_quality_gate
GP_Ip_4.0mm_closed_R5_single_refY,GP_Ip_4.0mm_closed_R5_single_refY_005,5,GP_Ip_4.0mm_closed_R5_single_refY_005-raw05-16,804,28.513555458798816,627.2438957725948,15.348123177842565,0.9708029197080292,4.0,614.9848251342773,1.0,0.7952711198567088,True,ok,True,True,True,pass_quality_gate
GP_Ip_4.0mm_closed_R5_single_refY,GP_Ip_4.0mm_closed_R5_single_refY_006,1,GP_Ip_4.0mm_closed_R5_single_refY_006-raw01-18,203,14.811412519874107,890.2224037676006,18.21519534816666,0.9792060491493384,5.0,592.529005408287,1.0,0.8540187778806312,False,ok,True,False,False,pass_quality_gate
GP_Ip_4.0mm_closed_R5_single_refY,GP_Ip_4.0mm_closed_R5_single_refY_006,1,GP_Ip_4.0mm_closed_R5_single_refY_006-raw01-21,229,13.842975456377898,709.1959516924647,15.670819867324376,0.9717314487632508,6.0,625.6000671386719,1.0,0.865171869313743,True,ok,True,True,False,pass_quality_gate
GP_Ip_4.0mm_closed_R5_single_refY,GP_Ip_4.0mm_closed_R5_single_refY_006,1,GP_Ip_4.0mm_closed_R5_single_refY_006-raw01-24,254,13.727878505749176,692.737948617376,15.597646597372034,0.98989898989899,1.0,670.671142578125,1.0,0.8892078405607119,True,ok,True,True,True,pass_quality_gate
GP_Ip_4.0mm_closed_R5_single_refY,GP_Ip_4.0mm_closed_R5_single_refY_006,2,GP_Ip_4.0mm_closed_R5_single_refY_006-raw02-21,435,22.945541949706616,1509.2249058062023,43.36793546517245,0.8878504672897196,12.0,547.9137518405914,1.0,0.7966239682695799,False,ok,True,False,False,no_candidate_passed_quality_gate
GP_Ip_4.0mm_closed_R5_single_refY,GP_Ip_4.0mm_closed_R5_single_refY_006,2,GP_Ip_4.0mm_closed_R5_single_refY_006-raw02-24,460,22.327511360496946,756.966964023135,21.91270463680032,0.7818181818181819,16.0,542.7422016859055,1.0,0.7985626321294373,False,ok,False,False,False,no_candidate_passed_quality_gate
GP_Ip_4.0mm_closed_R5_single_refY,GP_Ip_4.0mm_closed_R5_single_refY_006,2,GP_Ip_4.0mm_closed_R5_single_refY_006-raw02-23,452,20.823400992827946,1269.0103786277148,32.49706899865462,0.8694096601073346,10.0,557.600070476532,0.9952199281867146,0.78513889006877,False,ok,True,False,False,no_candidate_passed_quality_gate
GP_Ip_4.0mm_closed_R5_single_refY,GP_Ip_4.0mm_closed_R5_single_refY_006,3,GP_Ip_4.0mm_closed_R5_single_refY_006-raw03-24,666,41.856937309518266,908.1189798339263,24.07669039145908,0.7762376237623763,28.0,439.386870265007,1.0,0.8432492954474139,True,ok,True,True,True,pass_quality_gate
GP_Ip_4.0mm_closed_R5_single_refY,GP_Ip_4.0mm_closed_R5_single_refY_006,3,GP_Ip_4.0mm_closed_R5_single_refY_006-raw03-23,658,36.82779375355919,612.9736346516007,14.693032015065912,0.7230769230769231,29.0,416.1736699342728,1.0,0.8306283080475436,False,ok,False,False,False,pass_quality_gate
GP_Ip_4.0mm_closed_R5_single_refY,GP_Ip_4.0mm_closed_R5_single_refY_006,3,GP_Ip_4.0mm_closed_R5_single_refY_006-raw03-22,649,36.54765681753159,818.6904831969866,20.74480607380378,0.7724550898203593,24.0,436.3158053159714,1.0,0.8349961456174102,True,ok,True,True,False,pass_quality_gate
GP_Ip_4.0mm_closed_R5_single_refY,GP_Ip_4.0mm_closed_R5_single_refY_006,4,GP_Ip_4.0mm_closed_R5_single_refY_006-raw04-15,795,51.29480897585554,866.9106840438849,24.802002798026656,0.4793713163064833,22.0,266.32084929943085,1.0,0.8406908248110476,False,ok,True,False,False,no_candidate_passed_quality_gate
GP_Ip_4.0mm_closed_R5_single_refY,GP_Ip_4.0mm_closed_R5_single_refY_006,4,GP_Ip_4.0mm_closed_R5_single_refY_006-raw04-14,787,50.74545048539903,877.6064123023357,26.205570868997533,0.5643153526970954,28.0,292.4629924297333,1.0,0.8646871511670982,False,ok,True,False,False,no_candidate_passed_quality_gate
GP_Ip_4.0mm_closed_R5_single_refY,GP_Ip_4.0mm_closed_R5_single_refY_006,4,GP_Ip_4.0mm_closed_R5_single_refY_006-raw04-13,778,50.15138199862257,676.4198717948718,17.49409965034965,0.6116071428571429,24.0,298.8772027492523,0.9999711374722198,0.8708361975891582,False,ok,True,False,False,no_candidate_passed_quality_gate
GP_Ip_4.0mm_closed_R5_single_refY,GP_Ip_4.0mm_closed_R5_single_refY_006,5,GP_Ip_4.0mm_closed_R5_single_refY_006-raw05-06,924,46.75881926054307,973.9830797888854,27.927118907171685,0.5342465753424658,18.0,252.8650159835816,1.0,0.8663121892289769,False,ok,True,False,False,no_candidate_passed_quality_gate
GP_Ip_4.0mm_closed_R5_single_refY,GP_Ip_4.0mm_closed_R5_single_refY_006,5,GP_Ip_4.0mm_closed_R5_single_refY_006-raw05-02,890,45.73408515882018,649.7907450980392,14.86486274509804,0.5531914893617021,13.0,261.1787129640579,1.0,0.8705536320492316,False,ok,False,False,False,no_candidate_passed_quality_gate
GP_Ip_4.0mm_closed_R5_single_refY,GP_Ip_4.0mm_closed_R5_single_refY_006,5,GP_Ip_4.0mm_closed_R5_single_refY_006-raw05-19,1037,45.61993748700058,869.125083388926,21.96339226150767,0.3540229885057471,16.0,164.5096663236618,1.0,0.8876164292768226,False,ok,True,False,False,no_candidate_passed_quality_gate
GP_Ip_4.0mm_closed_R5_single_refY,GP_Ip_4.0mm_closed_R5_single_refY_007,1,GP_Ip_4.0mm_closed_R5_single_refY_007-raw01-17,209,35.69502661542421,673.8438488739996,12.98994974874372,0.5706521739130435,20.0,224.37972927093503,1.0,0.8522529286382254,True,ok,True,True,True,pass_quality_gate
GP_Ip_4.0mm_closed_R5_single_refY,GP_Ip_4.0mm_closed_R5_single_refY_007,1,GP_Ip_4.0mm_closed_R5_single_refY_007-raw01-24,274,34.98159178020218,659.259090494851,13.974027157568578,0.4918414918414918,21.0,224.3797447681427,1.0,0.8445541016578403,True,ok,True,True,False,pass_quality_gate
GP_Ip_4.0mm_closed_R5_single_refY,GP_Ip_4.0mm_closed_R5_single_refY_007,1,GP_Ip_4.0mm_closed_R5_single_refY_007-raw01-10,144,34.443978552542795,582.6651469098277,13.301587301587302,0.4738095238095238,11.0,224.865020275116,1.0,0.8408044575776635,True,ok,True,True,False,pass_quality_gate
GP_Ip_4.0mm_closed_R5_single_refY,GP_Ip_4.0mm_closed_R5_single_refY_007,2,GP_Ip_4.0mm_closed_R5_single_refY_007-raw02-16,422,41.8810546558333,1207.0391491985204,33.6434186189889,0.9477611940298508,8.0,443.0020855665207,1.0,0.8910656474260807,True,ok,True,True,True,pass_quality_gate
GP_Ip_4.0mm_closed_R5_single_refY,GP_Ip_4.0mm_closed_R5_single_refY_007,2,GP_Ip_4.0mm_closed_R5_single_refY_007-raw02-15,413,41.68886067284478,1007.828791935738,26.7704362891794,0.8711340206185567,15.0,381.4041135311127,1.0,0.8869086749529822,True,ok,True,True,False,pass_quality_gate
GP_Ip_4.0mm_closed_R5_single_refY,GP_Ip_4.0mm_closed_R5_single_refY_007,2,GP_Ip_4.0mm_closed_R5_single_refY_007-raw02-22,477,41.61816297149543,980.7606396480244,19.10770792791268,0.8026315789473685,16.0,339.1198390722275,0.9997364867090484,0.9022012452650504,True,ok,True,True,False,pass_quality_gate
GP_Ip_4.0mm_closed_R5_single_refY,GP_Ip_4.0mm_closed_R5_single_refY_007,3,GP_Ip_4.0mm_closed_R5_single_refY_007-raw03-20,681,53.69209528261823,983.348135656736,21.00496533633127,0.5737265415549598,16.0,240.24978470802307,1.0,0.8252253550882802,True,ok,True,True,True,pass_quality_gate
GP_Ip_4.0mm_closed_R5_single_refY,GP_Ip_4.0mm_closed_R5_single_refY_007,3,GP_Ip_4.0mm_closed_R5_single_refY_007-raw03-19,671,53.26764849107529,978.4594670406732,16.719588592800374,0.6944444444444444,22.0,269.8355700969696,1.0,0.8435771843976699,False,ok,True,False,False,pass_quality_gate
GP_Ip_4.0mm_closed_R5_single_refY,GP_Ip_4.0mm_closed_R5_single_refY_007,3,GP_Ip_4.0mm_closed_R5_single_refY_007-raw03-23,709,52.61846060286155,752.1482796892342,17.96059933407325,0.2559523809523809,16.0,81.59797859191895,1.0,0.8605085186949625,False,ok,True,False,False,pass_quality_gate
GP_Ip_4.0mm_closed_R5_single_refY,GP_Ip_4.0mm_closed_R5_single_refY_007,4,GP_Ip_4.0mm_closed_R5_single_refY_007-raw04-24,940,56.64243279901081,1081.0551266422865,13.7601246105919,0.7491525423728813,11.0,247.27921521663663,1.0,0.9084830551806168,True,ok,True,True,False,pass_quality_gate
GP_Ip_4.0mm_closed_R5_single_refY,GP_Ip_4.0mm_closed_R5_single_refY_007,4,GP_Ip_4.0mm_closed_R5_single_refY_007-raw04-22,921,50.98987136158413,1092.164383561644,22.91241178912412,0.8011695906432749,16.0,300.6640018224716,1.0,0.8978469145037367,True,ok,True,True,True,pass_quality_gate
GP_Ip_4.0mm_closed_R5_single_refY,GP_Ip_4.0mm_closed_R5_single_refY_007,4,GP_Ip_4.0mm_closed_R5_single_refY_007-raw04-23,931,49.6647194882805,1008.4942152917504,12.570799798792756,0.5654952076677316,12.0,195.2375974655152,0.9995799495939512,0.9094133240898036,True,ok,True,True,False,pass_quality_gate
GP_Ip_4.0mm_closed_R5_single_refY,GP_Ip_4.0mm_closed_R5_single_refY_007,5,GP_Ip_4.0mm_closed_R5_single_refY_007-raw05-24,1166,84.05750262261725,2485.8192771084337,62.28200301204819,0.6587301587301587,17.0,177.16652810573578,1.0,0.8791580347409068,False,ok,True,False,False,no_candidate_passed_quality_gate
GP_Ip_4.0mm_closed_R5_single_refY,GP_Ip_4.0mm_closed_R5_single_refY_007,5,GP_Ip_4.0mm_closed_R5_single_refY_007-raw05-21,1137,81.81427407653125,2463.261754385965,70.20491228070175,0.8614232209737828,8.0,255.55129647254944,1.0,0.888429425654537,False,ok,True,False,False,no_candidate_passed_quality_gate
GP_Ip_4.0mm_closed_R5_single_refY,GP_Ip_4.0mm_closed_R5_single_refY_007,5,GP_Ip_4.0mm_closed_R5_single_refY_007-raw05-19,1119,81.41191032050683,2561.845836909871,69.35536480686696,0.7761194029850746,12.0,228.72287273406985,1.0,0.8993656950507843,False,ok,True,False,False,no_candidate_passed_quality_gate
GP_Ip_4.7mm_closed_R5_single_refY,GP_Ip_4.7mm_closed_R5_single_refY_004,1,GP_Ip_4.7mm_closed_R5_single_refY_004-raw01-23,188,29.717648018466114,513.9596287019301,12.33652571091793,0.629757785467128,4.0,415.50460505485535,1.0,0.3580579247996685,True,ok,True,True,True,pass_quality_gate
GP_Ip_4.7mm_closed_R5_single_refY,GP_Ip_4.7mm_closed_R5_single_refY_004,1,GP_Ip_4.7mm_closed_R5_single_refY_004-raw01-24,194,29.50050866345888,536.9715998287427,11.3275296132439,0.601027397260274,4.0,400.4335448741913,1.0,0.3368606660404425,True,ok,True,False,False,pass_quality_gate
GP_Ip_4.7mm_closed_R5_single_refY,GP_Ip_4.7mm_closed_R5_single_refY_004,1,GP_Ip_4.7mm_closed_R5_single_refY_004-raw01-21,175,27.71083205498117,549.2866881028939,12.835369774919617,0.637123745819398,5.0,434.5756725072861,1.0,0.3283645713412438,True,ok,True,False,False,pass_quality_gate
GP_Ip_4.7mm_closed_R5_single_refY,GP_Ip_4.7mm_closed_R5_single_refY_004,2,GP_Ip_4.7mm_closed_R5_single_refY_004-raw02-12,273,31.27815917137996,590.0973917512528,15.538224335089296,0.6242138364779874,6.0,458.5168046951294,1.0,0.3674263903266143,True,ok,True,True,True,pass_quality_gate
GP_Ip_4.7mm_closed_R5_single_refY,GP_Ip_4.7mm_closed_R5_single_refY_004,2,GP_Ip_4.7mm_closed_R5_single_refY_004-raw02-07,241,29.74898698373372,568.5329364565808,16.44105086061861,0.6074313408723748,6.0,425.0903824567795,1.0,0.3036307992302858,True,ok,True,False,False,pass_quality_gate
GP_Ip_4.7mm_closed_R5_single_refY,GP_Ip_4.7mm_closed_R5_single_refY_004,2,GP_Ip_4.7mm_closed_R5_single_refY_004-raw02-11,267,29.462843939452725,565.3808468734613,14.454332840965042,0.6076158940397351,5.0,419.9898971319199,1.0,0.36291842289869,True,ok,True,True,False,pass_quality_gate
GP_Ip_4.7mm_closed_R5_single_refY,GP_Ip_4.7mm_closed_R5_single_refY_004,3,GP_Ip_4.7mm_closed_R5_single_refY_004-raw03-11,425,28.005153843557103,575.9992868422394,11.56283429270032,0.8361153262518968,7.0,627.6710921525955,0.947841401734104,0.3230617546991105,True,ok,True,False,False,no_candidate_passed_quality_gate
GP_Ip_4.7mm_closed_R5_single_refY,GP_Ip_4.7mm_closed_R5_single_refY_004,3,GP_Ip_4.7mm_closed_R5_single_refY_004-raw03-14,445,26.46278748379813,606.5484884602882,12.392566908657493,0.7419354838709677,3.0,562.8427047729492,1.0,0.2932666282051094,True,ok,True,False,False,no_candidate_passed_quality_gate
GP_Ip_4.7mm_closed_R5_single_refY,GP_Ip_4.7mm_closed_R5_single_refY_004,3,GP_Ip_4.7mm_closed_R5_single_refY_004-raw03-03,372,26.395533848722486,529.6021108179419,11.660158311345649,0.6430817610062893,5.0,473.1736371517181,1.0,0.2808317000577896,True,ok,True,False,False,no_candidate_passed_quality_gate
GP_Ip_4.7mm_closed_R5_single_refY,GP_Ip_4.7mm_closed_R5_single_refY_004,4,GP_Ip_4.7mm_closed_R5_single_refY_004-raw04-09,570,23.750727560932265,431.2459757130754,10.936082086039724,0.6698412698412698,3.0,488.1736268997192,1.0,0.4455234918567037,True,ok,True,True,True,pass_quality_gate
GP_Ip_4.7mm_closed_R5_single_refY,GP_Ip_4.7mm_closed_R5_single_refY_004,4,GP_Ip_4.7mm_closed_R5_single_refY_004-raw04-02,524,23.683035943485784,438.65015194769313,12.532461552629156,0.6444099378881988,2.0,481.7594299316406,1.0,0.4275157437820424,True,ok,True,True,False,pass_quality_gate
GP_Ip_4.7mm_closed_R5_single_refY,GP_Ip_4.7mm_closed_R5_single_refY_004,4,GP_Ip_4.7mm_closed_R5_single_refY_004-raw04-08,563,23.673639831373418,436.1523702031603,11.679646350639578,0.6389324960753532,2.0,467.96044921875,1.0,0.3825503846521916,True,ok,True,True,False,pass_quality_gate
GP_Ip_4.7mm_closed_R5_single_refY,GP_Ip_4.7mm_closed_R5_single_refY_004,5,GP_Ip_4.7mm_closed_R5_single_refY_004-raw05-23,823,26.44147952185736,502.9810898928738,12.639683278993944,0.6340740740740741,6.0,490.3452562093735,1.0,0.3703423104949713,True,ok,True,True,True,pass_quality_gate
GP_Ip_4.7mm_closed_R5_single_refY,GP_Ip_4.7mm_closed_R5_single_refY_004,5,GP_Ip_4.7mm_closed_R5_single_refY_004-raw05-21,809,26.41568467702864,536.790306169642,13.868467301822218,0.6539473684210526,7.0,568.0437377691269,1.0,0.3244991324993707,True,ok,True,False,False,pass_quality_gate
GP_Ip_4.7mm_closed_R5_single_refY,GP_Ip_4.7mm_closed_R5_single_refY_004,5,GP_Ip_4.7mm_closed_R5_single_refY_004-raw05-18,789,26.38319660233393,591.9202754122124,14.402609168327595,0.6350067842605156,5.0,540.4579193592072,1.0,0.3437018234205114,True,ok,True,False,False,pass_quality_gate
GP_Ip_4.7mm_closed_R5_single_refY,GP_Ip_4.7mm_closed_R5_single_refY_005,1,GP_Ip_4.7mm_closed_R5_single_refY_005-raw01-16,174,14.53093160883468,819.5225169648365,28.94632942628008,0.4395750332005312,4.0,369.6639938354492,1.0,0.4568897811155895,True,ok,True,True,True,pass_quality_gate
GP_Ip_4.7mm_closed_R5_single_refY,GP_Ip_4.7mm_closed_R5_single_refY_005,1,GP_Ip_4.7mm_closed_R5_single_refY_005-raw01-17,182,13.76557351191838,621.2965599051008,19.237643337287462,0.4132231404958678,4.0,338.6640000343323,1.0,0.4361225174596755,True,ok,True,True,False,pass_quality_gate
GP_Ip_4.7mm_closed_R5_single_refY,GP_Ip_4.7mm_closed_R5_single_refY_005,1,GP_Ip_4.7mm_closed_R5_single_refY_005-raw01-14,158,13.287561331420475,614.1713870733479,17.183732752360203,0.4484375,2.0,325.1787109375,1.0,0.6118792694045035,True,ok,False,True,False,pass_quality_gate
GP_Ip_4.7mm_closed_R5_single_refY,GP_Ip_4.7mm_closed_R5_single_refY_005,2,GP_Ip_4.7mm_closed_R5_single_refY_005-raw02-16,367,25.66523870204878,,,,,,,,False,feature_failure,False,False,False,no_candidate_passed_quality_gate
GP_Ip_4.7mm_closed_R5_single_refY,GP_Ip_4.7mm_closed_R5_single_refY_005,2,GP_Ip_4.7mm_closed_R5_single_refY_005-raw02-15,359,24.559119085098786,,,,,,,,False,feature_failure,False,False,False,no_candidate_passed_quality_gate
GP_Ip_4.7mm_closed_R5_single_refY,GP_Ip_4.7mm_closed_R5_single_refY_005,2,GP_Ip_4.7mm_closed_R5_single_refY_005-raw02-17,375,19.836996501988537,,,,,,,,False,feature_failure,False,False,False,no_candidate_passed_quality_gate
GP_Ip_4.7mm_closed_R5_single_refY,GP_Ip_4.7mm_closed_R5_single_refY_005,3,GP_Ip_4.7mm_closed_R5_single_refY_005-raw03-24,624,20.334904374562964,,,,,,,,False,feature_failure,False,False,False,no_candidate_passed_quality_gate
GP_Ip_4.7mm_closed_R5_single_refY,GP_Ip_4.7mm_closed_R5_single_refY_005,3,GP_Ip_4.7mm_closed_R5_single_refY_005-raw03-19,584,19.738977579583064,,,,,,,,False,feature_failure,False,False,False,no_candidate_passed_quality_gate
GP_Ip_4.7mm_closed_R5_single_refY,GP_Ip_4.7mm_closed_R5_single_refY_005,3,GP_Ip_4.7mm_closed_R5_single_refY_005-raw03-05,471,19.51182287789686,,,,,,,,False,feature_failure,False,False,False,no_candidate_passed_quality_gate
GP_Ip_4.7mm_closed_R5_single_refY,GP_Ip_4.7mm_closed_R5_single_refY_005,4,GP_Ip_4.7mm_closed_R5_single_refY_005-raw04-24,817,23.88188150431313,,,,,,,,False,feature_failure,False,False,False,no_candidate_passed_quality_gate
GP_Ip_4.7mm_closed_R5_single_refY,GP_Ip_4.7mm_closed_R5_single_refY_005,4,GP_Ip_4.7mm_closed_R5_single_refY_005-raw04-23,809,23.02921978462007,,,,,,,,False,feature_failure,False,False,False,no_candidate_passed_quality_gate
GP_Ip_4.7mm_closed_R5_single_refY,GP_Ip_4.7mm_closed_R5_single_refY_005,4,GP_Ip_4.7mm_closed_R5_single_refY_005-raw04-20,785,22.52491424667806,,,,,,,,False,feature_failure,False,False,False,no_candidate_passed_quality_gate
GP_Ip_4.7mm_closed_R5_single_refY,GP_Ip_4.7mm_closed_R5_single_refY_005,5,GP_Ip_4.7mm_closed_R5_single_refY_005-raw05-19,972,31.852306845865133,619.1326203208556,17.227807486631015,0.6661341853035144,2.0,484.1736450195313,1.0,0.8351302829823744,True,ok,True,True,True,pass_quality_gate
GP_Ip_4.7mm_closed_R5_single_refY,GP_Ip_4.7mm_closed_R5_single_refY_005,5,GP_Ip_4.7mm_closed_R5_single_refY_005-raw05-22,997,31.80498827851849,629.2831858407079,18.718289085545724,0.6523125996810207,3.0,471.8599548339844,1.0,0.838725460022065,True,ok,True,True,False,pass_quality_gate
GP_Ip_4.7mm_closed_R5_single_refY,GP_Ip_4.7mm_closed_R5_single_refY_005,5,GP_Ip_4.7mm_closed_R5_single_refY_005-raw05-23,1005,31.46587246914972,660.486412512219,18.627370478983384,0.6603174603174603,4.0,479.5167846679688,1.0,0.8482192020065056,True,ok,True,True,False,pass_quality_gate
GP_Ip_5.6mm_closed_R10_single_refY,GP_Ip_5.6mm_closed_R10_single_refY_004,1,GP_Ip_5.6mm_closed_R10_single_refY_004-raw01-24,147,18.31037868395087,,,,,,,,False,feature_failure,False,False,False,no_candidate_passed_quality_gate
GP_Ip_5.6mm_closed_R10_single_refY,GP_Ip_5.6mm_closed_R10_single_refY_004,1,GP_Ip_5.6mm_closed_R10_single_refY_004-raw01-18,117,18.27600793388154,,,,,,,,False,feature_failure,False,False,False,no_candidate_passed_quality_gate
GP_Ip_5.6mm_closed_R10_single_refY,GP_Ip_5.6mm_closed_R10_single_refY_004,1,GP_Ip_5.6mm_closed_R10_single_refY_004-raw01-19,122,18.12771150460773,,,,,,,,False,feature_failure,False,False,False,no_candidate_passed_quality_gate
GP_Ip_5.6mm_closed_R10_single_refY,GP_Ip_5.6mm_closed_R10_single_refY_004,2,GP_Ip_5.6mm_closed_R10_single_refY_004-raw02-10,197,19.63157794330621,,,,,,,,False,feature_failure,False,False,False,no_candidate_passed_quality_gate
GP_Ip_5.6mm_closed_R10_single_refY,GP_Ip_5.6mm_closed_R10_single_refY_004,2,GP_Ip_5.6mm_closed_R10_single_refY_004-raw02-13,212,19.304269609746807,,,,,,,,False,feature_failure,False,False,False,no_candidate_passed_quality_gate
GP_Ip_5.6mm_closed_R10_single_refY,GP_Ip_5.6mm_closed_R10_single_refY_004,2,GP_Ip_5.6mm_closed_R10_single_refY_004-raw02-12,207,18.95443125715845,,,,,,,,False,feature_failure,False,False,False,no_candidate_passed_quality_gate
GP_Ip_5.6mm_closed_R10_single_refY,GP_Ip_5.6mm_closed_R10_single_refY_004,3,GP_Ip_5.6mm_closed_R10_single_refY_004-raw03-20,365,29.61291224308249,,,,,,,,False,feature_failure,False,False,False,no_candidate_passed_quality_gate
GP_Ip_5.6mm_closed_R10_single_refY,GP_Ip_5.6mm_closed_R10_single_refY_004,3,GP_Ip_5.6mm_closed_R10_single_refY_004-raw03-19,360,29.141646921751235,,,,,,,,False,feature_failure,False,False,False,no_candidate_passed_quality_gate
GP_Ip_5.6mm_closed_R10_single_refY,GP_Ip_5.6mm_closed_R10_single_refY_004,3,GP_Ip_5.6mm_closed_R10_single_refY_004-raw03-18,355,27.533823582924715,,,,,,,,False,feature_failure,False,False,False,no_candidate_passed_quality_gate
GP_Ip_5.6mm_closed_R10_single_refY,GP_Ip_5.6mm_closed_R10_single_refY_004,4,GP_Ip_5.6mm_closed_R10_single_refY_004-raw04-03,400,27.04684230696596,,,,,,,,False,feature_failure,False,False,False,no_candidate_passed_quality_gate
GP_Ip_5.6mm_closed_R10_single_refY,GP_Ip_5.6mm_closed_R10_single_refY_004,4,GP_Ip_5.6mm_closed_R10_single_refY_004-raw04-02,395,26.445858197624315,,,,,,,,False,feature_failure,False,False,False,no_candidate_passed_quality_gate
GP_Ip_5.6mm_closed_R10_single_refY,GP_Ip_5.6mm_closed_R10_single_refY_004,4,GP_Ip_5.6mm_closed_R10_single_refY_004-raw04-01,390,26.42848185756354,,,,,,,,False,feature_failure,False,False,False,no_candidate_passed_quality_gate
GP_Ip_5.6mm_closed_R10_single_refY,GP_Ip_5.6mm_closed_R10_single_refY_004,5,GP_Ip_5.6mm_closed_R10_single_refY_004-raw05-08,545,26.693181213939344,,,,,,,,False,feature_failure,False,False,False,no_candidate_passed_quality_gate
GP_Ip_5.6mm_closed_R10_single_refY,GP_Ip_5.6mm_closed_R10_single_refY_004,5,GP_Ip_5.6mm_closed_R10_single_refY_004-raw05-09,550,26.38244876858628,,,,,,,,False,feature_failure,False,False,False,no_candidate_passed_quality_gate
GP_Ip_5.6mm_closed_R10_single_refY,GP_Ip_5.6mm_closed_R10_single_refY_004,5,GP_Ip_5.6mm_closed_R10_single_refY_004-raw05-07,540,25.07509908412888,,,,,,,,False,feature_failure,False,False,False,no_candidate_passed_quality_gate
GP_Ip_5.6mm_closed_R10_single_refY,GP_Ip_5.6mm_closed_R10_single_refY_005,1,GP_Ip_5.6mm_closed_R10_single_refY_005-raw01-08,78,32.35971889518339,1559.9502626970227,50.65481611208406,0.8189655172413793,2.0,331.877197265625,1.0,0.8588502104182159,True,ok,True,True,True,pass_quality_gate
GP_Ip_5.6mm_closed_R10_single_refY,GP_Ip_5.6mm_closed_R10_single_refY_005,1,GP_Ip_5.6mm_closed_R10_single_refY_005-raw01-07,72,30.835755895966653,1655.0566469914545,63.65218923442868,0.8189655172413793,1.0,331.6345520019531,1.0,0.8573012974444918,True,ok,True,True,False,pass_quality_gate
GP_Ip_5.6mm_closed_R10_single_refY,GP_Ip_5.6mm_closed_R10_single_refY_005,1,GP_Ip_5.6mm_closed_R10_single_refY_005-raw01-06,67,30.20633073023925,1657.266549295775,62.48107394366197,0.8189655172413793,1.0,331.6345520019531,1.0,0.8566880363725503,True,ok,True,True,False,pass_quality_gate
GP_Ip_5.6mm_closed_R10_single_refY,GP_Ip_5.6mm_closed_R10_single_refY_005,2,GP_Ip_5.6mm_closed_R10_single_refY_005-raw02-06,205,34.583199774159304,1802.3461674320029,66.97783468738962,0.827683615819209,2.0,332.8355712890625,1.0,0.8546862565204322,True,ok,True,True,False,pass_quality_gate
GP_Ip_5.6mm_closed_R10_single_refY,GP_Ip_5.6mm_closed_R10_single_refY_005,2,GP_Ip_5.6mm_closed_R10_single_refY_005-raw02-07,210,33.805534560722776,1645.2051905920518,60.03298188699649,0.9337175792507204,10.0,362.4629775285721,1.0,0.869998256388822,True,ok,True,True,True,pass_quality_gate
GP_Ip_5.6mm_closed_R10_single_refY,GP_Ip_5.6mm_closed_R10_single_refY_005,2,GP_Ip_5.6mm_closed_R10_single_refY_005-raw02-05,199,33.75180644940858,1756.5548558758314,64.5690465631929,0.8323863636363636,1.0,334.6640014648437,1.0,0.8567920790069471,True,ok,True,True,False,pass_quality_gate
GP_Ip_5.6mm_closed_R10_single_refY,GP_Ip_5.6mm_closed_R10_single_refY_005,3,GP_Ip_5.6mm_closed_R10_single_refY_005-raw03-19,418,40.09862488503988,1087.499023957409,34.25634427684117,0.9605633802816902,2.0,394.0904235839844,1.0,0.8766531098788479,True,ok,True,True,True,pass_quality_gate
GP_Ip_5.6mm_closed_R10_single_refY,GP_Ip_5.6mm_closed_R10_single_refY_005,3,GP_Ip_5.6mm_closed_R10_single_refY_005-raw03-21,429,39.5636398587533,1055.3225949199043,31.10036286397026,0.9491525423728814,2.0,389.0904159545898,1.0,0.8754245735889599,True,ok,True,True,False,pass_quality_gate
GP_Ip_5.6mm_closed_R10_single_refY,GP_Ip_5.6mm_closed_R10_single_refY_005,3,GP_Ip_5.6mm_closed_R10_single_refY_005-raw03-20,423,39.31944283242755,1035.6672,30.419555555555554,0.952112676056338,2.0,389.8477783203125,1.0,0.8760011956248535,True,ok,True,True,False,pass_quality_gate
GP_Ip_5.6mm_closed_R10_single_refY,GP_Ip_5.6mm_closed_R10_single_refY_005,4,GP_Ip_5.6mm_closed_R10_single_refY_005-raw04-19,556,63.34334281279836,1482.386237165922,58.229249941217965,0.9636363636363636,2.0,422.8477630615234,1.0,0.8560471302286347,True,ok,True,True,False,pass_quality_gate
GP_Ip_5.6mm_closed_R10_single_refY,GP_Ip_5.6mm_closed_R10_single_refY_005,4,GP_Ip_5.6mm_closed_R10_single_refY_005-raw04-20,561,63.32832871952294,1477.9164380340203,58.09814219644117,0.9636363636363636,2.0,422.8477630615234,1.0,0.8577674188668412,True,ok,True,True,False,pass_quality_gate
GP_Ip_5.6mm_closed_R10_single_refY,GP_Ip_5.6mm_closed_R10_single_refY_005,4,GP_Ip_5.6mm_closed_R10_single_refY_005-raw04-18,550,59.6593694090843,1277.0685451955042,43.53466835523192,0.9661458333333334,2.0,423.26197814941406,1.0,0.8631400711252667,True,ok,True,True,True,pass_quality_gate
GP_Ip_5.6mm_closed_R10_single_refY,GP_Ip_5.6mm_closed_R10_single_refY_005,5,GP_Ip_5.6mm_closed_R10_single_refY_005-raw05-23,717,83.9360863379479,523.7998512519627,19.1291628791009,0.9713541666666666,2.0,424.8477783203125,1.0,0.8597818235016074,True,ok,True,True,False,pass_quality_gate
GP_Ip_5.6mm_closed_R10_single_refY,GP_Ip_5.6mm_closed_R10_single_refY_005,5,GP_Ip_5.6mm_closed_R10_single_refY_005-raw05-22,712,83.91740688881585,523.903990746096,19.133355366438074,0.9713541666666666,2.0,424.8477783203125,1.0,0.8597818235016074,True,ok,True,True,False,pass_quality_gate
GP_Ip_5.6mm_closed_R10_single_refY,GP_Ip_5.6mm_closed_R10_single_refY_005,5,GP_Ip_5.6mm_closed_R10_single_refY_005-raw05-24,723,78.68884093037241,501.09353330108047,17.987098855023383,0.9742268041237112,2.0,433.1614379882813,1.0,0.8549281343475806,True,ok,True,True,True,pass_quality_gate
GP_Ip_6.2mm_closed_R10_single_refY,GP_Ip_6.2mm_closed_R10_single_refY_004,1,GP_Ip_6.2mm_closed_R10_single_refY_004-raw01-06,68,15.694601765007445,,,,,,,,False,feature_failure,False,False,False,no_candidate_passed_quality_gate
GP_Ip_6.2mm_closed_R10_single_refY,GP_Ip_6.2mm_closed_R10_single_refY_004,1,GP_Ip_6.2mm_closed_R10_single_refY_004-raw01-11,98,15.25200594625473,,,,,,,,False,feature_failure,False,False,False,no_candidate_passed_quality_gate
GP_Ip_6.2mm_closed_R10_single_refY,GP_Ip_6.2mm_closed_R10_single_refY_004,1,GP_Ip_6.2mm_closed_R10_single_refY_004-raw01-03,51,14.925622683979546,,,,,,,,False,feature_failure,False,False,False,no_candidate_passed_quality_gate
GP_Ip_6.2mm_closed_R10_single_refY,GP_Ip_6.2mm_closed_R10_single_refY_004,2,GP_Ip_6.2mm_closed_R10_single_refY_004-raw02-10,233,13.926881347486702,,,,,,,,False,feature_failure,False,False,False,no_candidate_passed_quality_gate
GP_Ip_6.2mm_closed_R10_single_refY,GP_Ip_6.2mm_closed_R10_single_refY_004,2,GP_Ip_6.2mm_closed_R10_single_refY_004-raw02-17,274,13.11374758072841,,,,,,,,False,feature_failure,False,False,False,no_candidate_passed_quality_gate
GP_Ip_6.2mm_closed_R10_single_refY,GP_Ip_6.2mm_closed_R10_single_refY_004,2,GP_Ip_6.2mm_closed_R10_single_refY_004-raw02-12,245,12.674834793637126,,,,,,,,False,feature_failure,False,False,False,no_candidate_passed_quality_gate
GP_Ip_6.2mm_closed_R10_single_refY,GP_Ip_6.2mm_closed_R10_single_refY_004,3,GP_Ip_6.2mm_closed_R10_single_refY_004-raw03-23,450,16.42434014643445,,,,,,,,False,feature_failure,False,False,False,no_candidate_passed_quality_gate
GP_Ip_6.2mm_closed_R10_single_refY,GP_Ip_6.2mm_closed_R10_single_refY_004,3,GP_Ip_6.2mm_closed_R10_single_refY_004-raw03-22,444,15.832124373805676,,,,,,,,False,feature_failure,False,False,False,no_candidate_passed_quality_gate
GP_Ip_6.2mm_closed_R10_single_refY,GP_Ip_6.2mm_closed_R10_single_refY_004,3,GP_Ip_6.2mm_closed_R10_single_refY_004-raw03-24,456,15.518817093385296,,,,,,,,False,feature_failure,False,False,False,no_candidate_passed_quality_gate
GP_Ip_6.2mm_closed_R10_single_refY,GP_Ip_6.2mm_closed_R10_single_refY_004,4,GP_Ip_6.2mm_closed_R10_single_refY_004-raw04-18,562,23.52800764069263,,,,,,,,False,feature_failure,False,False,False,no_candidate_passed_quality_gate
GP_Ip_6.2mm_closed_R10_single_refY,GP_Ip_6.2mm_closed_R10_single_refY_004,4,GP_Ip_6.2mm_closed_R10_single_refY_004-raw04-24,597,22.98842009551319,,,,,,,,False,feature_failure,False,False,False,no_candidate_passed_quality_gate
GP_Ip_6.2mm_closed_R10_single_refY,GP_Ip_6.2mm_closed_R10_single_refY_004,4,GP_Ip_6.2mm_closed_R10_single_refY_004-raw04-16,550,22.834869053141272,,,,,,,,False,feature_failure,False,False,False,no_candidate_passed_quality_gate
GP_Ip_6.2mm_closed_R10_single_refY,GP_Ip_6.2mm_closed_R10_single_refY_004,5,GP_Ip_6.2mm_closed_R10_single_refY_004-raw05-21,721,26.94042747749988,,,,,,,,False,feature_failure,False,False,False,no_candidate_passed_quality_gate
GP_Ip_6.2mm_closed_R10_single_refY,GP_Ip_6.2mm_closed_R10_single_refY_004,5,GP_Ip_6.2mm_closed_R10_single_refY_004-raw05-22,726,25.88658952427499,,,,,,,,False,feature_failure,False,False,False,no_candidate_passed_quality_gate
GP_Ip_6.2mm_closed_R10_single_refY,GP_Ip_6.2mm_closed_R10_single_refY_004,5,GP_Ip_6.2mm_closed_R10_single_refY_004-raw05-24,738,25.496629774004138,,,,,,,,False,feature_failure,False,False,False,no_candidate_passed_quality_gate
GP_Ip_6.2mm_closed_R10_single_refY,GP_Ip_6.2mm_closed_R10_single_refY_005,1,GP_Ip_6.2mm_closed_R10_single_refY_005-raw01-05,45,28.661250847709336,,,,,,,,False,feature_failure,False,False,False,no_candidate_passed_quality_gate
GP_Ip_6.2mm_closed_R10_single_refY,GP_Ip_6.2mm_closed_R10_single_refY_005,1,GP_Ip_6.2mm_closed_R10_single_refY_005-raw01-04,41,27.239622216754498,,,,,,,,False,feature_failure,False,False,False,no_candidate_passed_quality_gate
GP_Ip_6.2mm_closed_R10_single_refY,GP_Ip_6.2mm_closed_R10_single_refY_005,1,GP_Ip_6.2mm_closed_R10_single_refY_005-raw01-01,28,27.116742436896423,,,,,,,,False,feature_failure,False,False,False,no_candidate_passed_quality_gate
GP_Ip_6.2mm_closed_R10_single_refY,GP_Ip_6.2mm_closed_R10_single_refY_005,2,GP_Ip_6.2mm_closed_R10_single_refY_005-raw02-23,225,30.028000558159665,,,,,,,,False,feature_failure,False,False,False,no_candidate_passed_quality_gate
GP_Ip_6.2mm_closed_R10_single_refY,GP_Ip_6.2mm_closed_R10_single_refY_005,2,GP_Ip_6.2mm_closed_R10_single_refY_005-raw02-24,230,28.25400273724661,,,,,,,,False,feature_failure,False,False,False,no_candidate_passed_quality_gate
GP_Ip_6.2mm_closed_R10_single_refY,GP_Ip_6.2mm_closed_R10_single_refY_005,2,GP_Ip_6.2mm_closed_R10_single_refY_005-raw02-22,221,25.699392621347634,,,,,,,,False,feature_failure,False,False,False,no_candidate_passed_quality_gate
GP_Ip_6.2mm_closed_R10_single_refY,GP_Ip_6.2mm_closed_R10_single_refY_005,3,GP_Ip_6.2mm_closed_R10_single_refY_005-raw03-24,333,33.0403243144459,,,,,,,,False,feature_failure,False,False,False,no_candidate_passed_quality_gate
GP_Ip_6.2mm_closed_R10_single_refY,GP_Ip_6.2mm_closed_R10_single_refY_005,3,GP_Ip_6.2mm_closed_R10_single_refY_005-raw03-11,277,32.574526803758424,,,,,,,,False,feature_failure,False,False,False,no_candidate_passed_quality_gate
GP_Ip_6.2mm_closed_R10_single_refY,GP_Ip_6.2mm_closed_R10_single_refY_005,3,GP_Ip_6.2mm_closed_R10_single_refY_005-raw03-12,281,32.353885314771865,,,,,,,,False,feature_failure,False,False,False,no_candidate_passed_quality_gate
GP_Ip_6.2mm_closed_R10_single_refY,GP_Ip_6.2mm_closed_R10_single_refY_005,4,GP_Ip_6.2mm_closed_R10_single_refY_005-raw04-06,358,42.13797823755712,,,,,,,,False,feature_failure,False,False,False,no_candidate_passed_quality_gate
GP_Ip_6.2mm_closed_R10_single_refY,GP_Ip_6.2mm_closed_R10_single_refY_005,4,GP_Ip_6.2mm_closed_R10_single_refY_005-raw04-13,389,42.10392994244896,,,,,,,,False,feature_failure,False,False,False,no_candidate_passed_quality_gate
GP_Ip_6.2mm_closed_R10_single_refY,GP_Ip_6.2mm_closed_R10_single_refY_005,4,GP_Ip_6.2mm_closed_R10_single_refY_005-raw04-15,397,41.88775578204497,,,,,,,,False,feature_failure,False,False,False,no_candidate_passed_quality_gate
GP_Ip_6.2mm_closed_R10_single_refY,GP_Ip_6.2mm_closed_R10_single_refY_005,5,GP_Ip_6.2mm_closed_R10_single_refY_005-raw05-04,453,46.84400018522357,364.53192723055736,9.652315720808872,0.9773519163763066,2.0,653.440673828125,1.0,0.8961361088242401,True,ok,True,True,True,pass_quality_gate
GP_Ip_6.2mm_closed_R10_single_refY,GP_Ip_6.2mm_closed_R10_single_refY_005,5,GP_Ip_6.2mm_closed_R10_single_refY_005-raw05-21,529,46.22023724890814,296.4588997224397,8.374421749341684,0.9723661485319516,2.0,650.4701538085938,1.0,0.8915781110096361,True,ok,True,True,False,pass_quality_gate
GP_Ip_6.2mm_closed_R10_single_refY,GP_Ip_6.2mm_closed_R10_single_refY_005,5,GP_Ip_6.2mm_closed_R10_single_refY_005-raw05-20,525,45.288439343505445,297.78013479957434,8.305604824405817,0.9724612736660928,2.0,651.2274475097656,1.0,0.8961378386492351,True,ok,True,True,False,pass_quality_gate
GP_Ip_6.2mm_closed_R5_single_refY,GP_Ip_6.2mm_closed_R5_single_refY_004,1,GP_Ip_6.2mm_closed_R5_single_refY_004-raw01-10,137,13.84989335935616,537.63455960922,12.816402076018928,0.6362672322375398,10.0,675.7421536445618,1.0,0.4771049157684671,True,ok,True,True,True,pass_quality_gate
GP_Ip_6.2mm_closed_R5_single_refY,GP_Ip_6.2mm_closed_R5_single_refY_004,1,GP_Ip_6.2mm_closed_R5_single_refY_004-raw01-06,102,13.814481108865628,586.763808312803,10.97226416593817,0.6283185840707964,5.0,647.0853385925293,1.0,0.4577061534132711,True,ok,True,True,False,pass_quality_gate
GP_Ip_6.2mm_closed_R5_single_refY,GP_Ip_6.2mm_closed_R5_single_refY_004,1,GP_Ip_6.2mm_closed_R5_single_refY_004-raw01-14,172,13.788139060209998,618.8042141571685,14.049077684463107,0.6236559139784946,8.0,658.5706323385239,1.0,0.4538585169437782,True,ok,True,True,False,pass_quality_gate
GP_Ip_6.2mm_closed_R5_single_refY,GP_Ip_6.2mm_closed_R5_single_refY_004,2,GP_Ip_6.2mm_closed_R5_single_refY_004-raw02-22,454,11.714622034477896,467.8437345690736,10.736202377787064,0.621196222455404,11.0,671.2985595464706,1.0,0.5323751693438358,True,ok,True,True,False,pass_quality_gate
GP_Ip_6.2mm_closed_R5_single_refY,GP_Ip_6.2mm_closed_R5_single_refY_004,2,GP_Ip_6.2mm_closed_R5_single_refY_004-raw02-06,313,11.637295975277748,482.8594645958256,11.656345227563158,0.6199407699901284,11.0,708.1269491910934,1.0,0.4861098142782989,True,ok,True,True,False,pass_quality_gate
GP_Ip_6.2mm_closed_R5_single_refY,GP_Ip_6.2mm_closed_R5_single_refY_004,2,GP_Ip_6.2mm_closed_R5_single_refY_004-raw02-14,383,11.624827337051912,505.963897963898,11.253044253044251,0.6233894945490585,7.0,714.3695650100708,1.0,0.48761995759594,True,ok,True,True,True,pass_quality_gate
GP_Ip_6.2mm_closed_R5_single_refY,GP_Ip_6.2mm_closed_R5_single_refY_004,3,GP_Ip_6.2mm_closed_R5_single_refY_004-raw03-11,568,13.407191823884006,445.6995627077138,12.349379044953649,0.6423432682425488,8.0,714.340208530426,1.0,0.6918488759296538,True,ok,True,True,True,pass_quality_gate
GP_Ip_6.2mm_closed_R5_single_refY,GP_Ip_6.2mm_closed_R5_single_refY_004,3,GP_Ip_6.2mm_closed_R5_single_refY_004-raw03-12,577,13.14302838404974,407.3411553023204,8.963564118903925,0.6288441145281018,6.0,683.9259876012802,1.0,0.7106182918458316,True,ok,True,True,False,pass_quality_gate
GP_Ip_6.2mm_closed_R5_single_refY,GP_Ip_6.2mm_closed_R5_single_refY_004,3,GP_Ip_6.2mm_closed_R5_single_refY_004-raw03-17,621,13.10485124302499,392.8321421193968,10.96223920677546,0.6218302094818081,8.0,649.1980254650116,1.0,0.7174729141159243,True,ok,True,True,False,pass_quality_gate
GP_Ip_6.2mm_closed_R5_single_refY,GP_Ip_6.2mm_closed_R5_single_refY_004,4,GP_Ip_6.2mm_closed_R5_single_refY_004-raw04-13,797,13.62083709998897,744.753226212301,24.480894352780474,0.5526579739217653,11.0,634.0264704227448,1.0,0.6201168726706383,True,ok,True,True,False,pass_quality_gate
GP_Ip_6.2mm_closed_R5_single_refY,GP_Ip_6.2mm_closed_R5_single_refY_004,4,GP_Ip_6.2mm_closed_R5_single_refY_004-raw04-14,805,13.560249139286558,661.985845869341,21.371243643088302,0.5811623246492986,10.0,670.2397171258926,1.0,0.622945508948177,True,ok,True,True,True,pass_quality_gate
GP_Ip_6.2mm_closed_R5_single_refY,GP_Ip_6.2mm_closed_R5_single_refY_004,4,GP_Ip_6.2mm_closed_R5_single_refY_004-raw04-12,788,13.159832383327714,744.978532638408,22.181470277362685,0.5728744939271255,13.0,648.6833320856094,1.0,0.6194917175587754,True,ok,True,True,False,pass_quality_gate
GP_Ip_6.2mm_closed_R5_single_refY,GP_Ip_6.2mm_closed_R5_single_refY_004,5,GP_Ip_6.2mm_closed_R5_single_refY_004-raw05-04,929,14.108408911015076,350.28275292952634,9.3282719920779,0.6354869816779171,3.0,764.938169836998,1.0,0.6563719946615705,True,ok,False,True,False,pass_quality_gate
GP_Ip_6.2mm_closed_R5_single_refY,GP_Ip_6.2mm_closed_R5_single_refY_004,5,GP_Ip_6.2mm_closed_R5_single_refY_004-raw05-17,1045,12.880470868216625,479.7401845718512,13.725907585452909,0.6246418338108882,4.0,757.2813094854355,1.0,0.6118185559144468,True,ok,True,True,False,pass_quality_gate
GP_Ip_6.2mm_closed_R5_single_refY,GP_Ip_6.2mm_closed_R5_single_refY_004,5,GP_Ip_6.2mm_closed_R5_single_refY_004-raw05-15,1027,12.586857712205248,415.3789318698969,9.391513853567126,0.6273170731707317,2.0,744.5533752441406,1.0,0.6334849164542452,True,ok,True,True,True,pass_quality_gate
GP_Ip_6.2mm_closed_R5_single_refY,GP_Ip_6.2mm_closed_R5_single_refY_005,1,GP_Ip_6.2mm_closed_R5_single_refY_005-raw01-12,125,19.08395261716372,505.0225059226112,11.920834430113189,0.5878284923928078,11.0,482.7594281435013,1.0,0.6415285503089394,True,ok,True,True,True,pass_quality_gate
GP_Ip_6.2mm_closed_R5_single_refY,GP_Ip_6.2mm_closed_R5_single_refY_005,1,GP_Ip_6.2mm_closed_R5_single_refY_005-raw01-23,204,18.81127590715856,485.4430590191189,12.528322052012824,0.5623376623376624,17.0,483.5168118476868,1.0,0.613088101398905,True,ok,True,True,False,pass_quality_gate
GP_Ip_6.2mm_closed_R5_single_refY,GP_Ip_6.2mm_closed_R5_single_refY_005,1,GP_Ip_6.2mm_closed_R5_single_refY_005-raw01-22,197,18.353077136381167,500.7569739952719,12.588475177304964,0.5569948186528497,17.0,483.4162856340408,1.0,0.6121168141634047,True,ok,True,True,False,pass_quality_gate
GP_Ip_6.2mm_closed_R5_single_refY,GP_Ip_6.2mm_closed_R5_single_refY_005,2,GP_Ip_6.2mm_closed_R5_single_refY_005-raw02-02,225,16.957860642693376,477.4818689690198,13.381361097003555,0.525,9.0,503.2447397708893,1.0,0.59464401371826,True,ok,True,True,False,pass_quality_gate
GP_Ip_6.2mm_closed_R5_single_refY,GP_Ip_6.2mm_closed_R5_single_refY_005,2,GP_Ip_6.2mm_closed_R5_single_refY_005-raw02-13,304,15.749079807192013,375.6201071655617,11.781945327399873,0.6221719457013575,10.0,628.2274857759476,1.0,0.6672359725816277,True,ok,True,True,True,pass_quality_gate
GP_Ip_6.2mm_closed_R5_single_refY,GP_Ip_6.2mm_closed_R5_single_refY_005,2,GP_Ip_6.2mm_closed_R5_single_refY_005-raw02-03,232,15.506957378170814,485.6901225954351,14.415030399681052,0.5415676959619953,10.0,519.7299978733063,1.0,0.5939443220398651,True,ok,True,True,False,pass_quality_gate
GP_Ip_6.2mm_closed_R5_single_refY,GP_Ip_6.2mm_closed_R5_single_refY_005,3,GP_Ip_6.2mm_closed_R5_single_refY_005-raw03-12,467,15.231390410807109,575.5074164082796,20.838934048437107,0.6527472527472528,4.0,684.0264556407928,1.0,0.6920813351827119,True,ok,True,True,True,pass_quality_gate
GP_Ip_6.2mm_closed_R5_single_refY,GP_Ip_6.2mm_closed_R5_single_refY_005,3,GP_Ip_6.2mm_closed_R5_single_refY_005-raw03-13,475,14.514622289869523,635.9538274605103,24.28197930196505,0.6450549450549451,10.0,671.4406920671463,1.0,0.6898792368826583,True,ok,True,True,False,pass_quality_gate
GP_Ip_6.2mm_closed_R5_single_refY,GP_Ip_6.2mm_closed_R5_single_refY_005,3,GP_Ip_6.2mm_closed_R5_single_refY_005-raw03-14,482,14.504204488955605,683.2810392205846,25.264051961029228,0.6513661202185792,7.0,687.582817196846,1.0,0.6868489968371959,True,ok,True,True,False,pass_quality_gate
GP_Ip_6.2mm_closed_R5_single_refY,GP_Ip_6.2mm_closed_R5_single_refY_005,4,GP_Ip_6.2mm_closed_R5_single_refY_005-raw04-20,695,20.548281236055164,796.8872254594353,29.53697893321381,0.6245694603903559,6.0,640.724905371666,1.0,0.6954954994054919,True,ok,True,True,False,pass_quality_gate
GP_Ip_6.2mm_closed_R5_single_refY,GP_Ip_6.2mm_closed_R5_single_refY_005,4,GP_Ip_6.2mm_closed_R5_single_refY_005-raw04-22,710,19.521413028518065,750.8636423405654,27.60692526846373,0.6300904977375565,6.0,655.7959893941879,1.0,0.6897121522116121,True,ok,True,True,True,pass_quality_gate
GP_Ip_6.2mm_closed_R5_single_refY,GP_Ip_6.2mm_closed_R5_single_refY_005,4,GP_Ip_6.2mm_closed_R5_single_refY_005-raw04-23,717,19.44174718618392,799.8042965796379,31.796824267224125,0.6052036199095022,11.0,622.5827864408493,1.0,0.6947914917549912,True,ok,True,True,False,pass_quality_gate
GP_Ip_6.2mm_closed_R5_single_refY,GP_Ip_6.2mm_closed_R5_single_refY_005,5,GP_Ip_6.2mm_closed_R5_single_refY_005-raw05-04,752,19.31831597142631,792.2380852403948,28.084946462313667,0.5964912280701754,12.0,634.7249518632889,1.0,0.657770277150107,True,ok,True,True,False,pass_quality_gate
GP_Ip_6.2mm_closed_R5_single_refY,GP_Ip_6.2mm_closed_R5_single_refY_005,5,GP_Ip_6.2mm_closed_R5_single_refY_005-raw05-01,731,19.08247800784524,887.4994098876601,31.896795908554445,0.6268320180383314,5.0,655.381773352623,1.0,0.6809483291059982,True,ok,True,True,True,pass_quality_gate
GP_Ip_6.2mm_closed_R5_single_refY,GP_Ip_6.2mm_closed_R5_single_refY_005,5,GP_Ip_6.2mm_closed_R5_single_refY_005-raw05-03,745,18.585981984539988,799.5644963404832,24.63540212378897,0.5956043956043956,8.0,637.5533425807953,1.0,0.6615553441931356,True,ok,True,True,False,pass_quality_gate
GP_Ip_6.4mm_closed_R10_single_refY,GP_Ip_6.4mm_closed_R10_single_refY_005,1,GP_Ip_6.4mm_closed_R10_single_refY_005-raw01-24,146,27.87360134310192,,,,,,,,False,feature_failure,False,False,False,no_candidate_passed_quality_gate
GP_Ip_6.4mm_closed_R10_single_refY,GP_Ip_6.4mm_closed_R10_single_refY_005,1,GP_Ip_6.4mm_closed_R10_single_refY_005-raw01-06,57,26.784540729465007,,,,,,,,False,feature_failure,False,False,False,no_candidate_passed_quality_gate
GP_Ip_6.4mm_closed_R10_single_refY,GP_Ip_6.4mm_closed_R10_single_refY_005,1,GP_Ip_6.4mm_closed_R10_single_refY_005-raw01-05,52,26.78294569340341,,,,,,,,False,feature_failure,False,False,False,no_candidate_passed_quality_gate
GP_Ip_6.4mm_closed_R10_single_refY,GP_Ip_6.4mm_closed_R10_single_refY_005,2,GP_Ip_6.4mm_closed_R10_single_refY_005-raw02-01,151,29.12487302412693,,,,,,,,False,feature_failure,False,False,False,no_candidate_passed_quality_gate
GP_Ip_6.4mm_closed_R10_single_refY,GP_Ip_6.4mm_closed_R10_single_refY_005,2,GP_Ip_6.4mm_closed_R10_single_refY_005-raw02-06,176,28.6083763953268,,,,,,,,False,feature_failure,False,False,False,no_candidate_passed_quality_gate
GP_Ip_6.4mm_closed_R10_single_refY,GP_Ip_6.4mm_closed_R10_single_refY_005,2,GP_Ip_6.4mm_closed_R10_single_refY_005-raw02-05,171,27.877346588387898,,,,,,,,False,feature_failure,False,False,False,no_candidate_passed_quality_gate
GP_Ip_6.4mm_closed_R10_single_refY,GP_Ip_6.4mm_closed_R10_single_refY_005,3,GP_Ip_6.4mm_closed_R10_single_refY_005-raw03-20,364,46.44099876708871,,,,,,,,False,feature_failure,False,False,False,no_candidate_passed_quality_gate
GP_Ip_6.4mm_closed_R10_single_refY,GP_Ip_6.4mm_closed_R10_single_refY_005,3,GP_Ip_6.4mm_closed_R10_single_refY_005-raw03-22,374,45.98499855487848,,,,,,,,False,feature_failure,False,False,False,no_candidate_passed_quality_gate
GP_Ip_6.4mm_closed_R10_single_refY,GP_Ip_6.4mm_closed_R10_single_refY_005,3,GP_Ip_6.4mm_closed_R10_single_refY_005-raw03-21,369,44.10743670981603,,,,,,,,False,feature_failure,False,False,False,no_candidate_passed_quality_gate
GP_Ip_6.4mm_closed_R10_single_refY,GP_Ip_6.4mm_closed_R10_single_refY_005,4,GP_Ip_6.4mm_closed_R10_single_refY_005-raw04-24,503,49.54778738309009,,,,,,,,False,feature_failure,False,False,False,no_candidate_passed_quality_gate
GP_Ip_6.4mm_closed_R10_single_refY,GP_Ip_6.4mm_closed_R10_single_refY_005,4,GP_Ip_6.4mm_closed_R10_single_refY_005-raw04-21,488,48.39181740988156,,,,,,,,False,feature_failure,False,False,False,no_candidate_passed_quality_gate
GP_Ip_6.4mm_closed_R10_single_refY,GP_Ip_6.4mm_closed_R10_single_refY_005,4,GP_Ip_6.4mm_closed_R10_single_refY_005-raw04-20,483,48.12451019399667,,,,,,,,False,feature_failure,False,False,False,no_candidate_passed_quality_gate
GP_Ip_6.4mm_closed_R10_single_refY,GP_Ip_6.4mm_closed_R10_single_refY_005,5,GP_Ip_6.4mm_closed_R10_single_refY_005-raw05-18,592,62.23938047450972,,,,,,,,False,feature_failure,False,False,False,no_candidate_passed_quality_gate
GP_Ip_6.4mm_closed_R10_single_refY,GP_Ip_6.4mm_closed_R10_single_refY_005,5,GP_Ip_6.4mm_closed_R10_single_refY_005-raw05-20,602,60.92803251624869,,,,,,,,False,feature_failure,False,False,False,no_candidate_passed_quality_gate
GP_Ip_6.4mm_closed_R10_single_refY,GP_Ip_6.4mm_closed_R10_single_refY_005,5,GP_Ip_6.4mm_closed_R10_single_refY_005-raw05-11,558,60.77594025146936,,,,,,,,False,feature_failure,False,False,False,no_candidate_passed_quality_gate
GP_Ip_6.4mm_closed_R10_single_refY,GP_Ip_6.4mm_closed_R10_single_refY_006,1,GP_Ip_6.4mm_closed_R10_single_refY_006-raw01-17,86,50.86576449921101,,,,,,,,False,feature_failure,False,False,False,no_candidate_passed_quality_gate
GP_Ip_6.4mm_closed_R10_single_refY,GP_Ip_6.4mm_closed_R10_single_refY_006,1,GP_Ip_6.4mm_closed_R10_single_refY_006-raw01-15,79,50.84060649315047,,,,,,,,False,feature_failure,False,False,False,no_candidate_passed_quality_gate
GP_Ip_6.4mm_closed_R10_single_refY,GP_Ip_6.4mm_closed_R10_single_refY_006,1,GP_Ip_6.4mm_closed_R10_single_refY_006-raw01-16,83,50.82821240080727,,,,,,,,False,feature_failure,False,False,False,no_candidate_passed_quality_gate
GP_Ip_6.4mm_closed_R10_single_refY,GP_Ip_6.4mm_closed_R10_single_refY_006,2,GP_Ip_6.4mm_closed_R10_single_refY_006-raw02-19,186,45.81053915970297,,,,,,,,False,feature_failure,False,False,False,no_candidate_passed_quality_gate
GP_Ip_6.4mm_closed_R10_single_refY,GP_Ip_6.4mm_closed_R10_single_refY_006,2,GP_Ip_6.4mm_closed_R10_single_refY_006-raw02-17,178,45.15386042795062,,,,,,,,False,feature_failure,False,False,False,no_candidate_passed_quality_gate
GP_Ip_6.4mm_closed_R10_single_refY,GP_Ip_6.4mm_closed_R10_single_refY_006,2,GP_Ip_6.4mm_closed_R10_single_refY_006-raw02-16,175,44.60237069303607,,,,,,,,False,feature_failure,False,False,False,no_candidate_passed_quality_gate
GP_Ip_6.4mm_closed_R10_single_refY,GP_Ip_6.4mm_closed_R10_single_refY_006,3,GP_Ip_6.4mm_closed_R10_single_refY_006-raw03-21,286,30.280617954729816,,,,,,,,False,feature_failure,False,False,False,no_candidate_passed_quality_gate
GP_Ip_6.4mm_closed_R10_single_refY,GP_Ip_6.4mm_closed_R10_single_refY_006,3,GP_Ip_6.4mm_closed_R10_single_refY_006-raw03-22,289,30.23195915617296,,,,,,,,False,feature_failure,False,False,False,no_candidate_passed_quality_gate
GP_Ip_6.4mm_closed_R10_single_refY,GP_Ip_6.4mm_closed_R10_single_refY_006,3,GP_Ip_6.4mm_closed_R10_single_refY_006-raw03-04,221,28.61611114475461,,,,,,,,False,feature_failure,False,False,False,no_candidate_passed_quality_gate
GP_Ip_6.4mm_closed_R10_single_refY,GP_Ip_6.4mm_closed_R10_single_refY_006,4,GP_Ip_6.4mm_closed_R10_single_refY_006-raw04-11,339,28.02268306446665,,,,,,,,False,feature_failure,False,False,False,no_candidate_passed_quality_gate
GP_Ip_6.4mm_closed_R10_single_refY,GP_Ip_6.4mm_closed_R10_single_refY_006,4,GP_Ip_6.4mm_closed_R10_single_refY_006-raw04-10,335,26.789487651231564,,,,,,,,False,feature_failure,False,False,False,no_candidate_passed_quality_gate
GP_Ip_6.4mm_closed_R10_single_refY,GP_Ip_6.4mm_closed_R10_single_refY_006,4,GP_Ip_6.4mm_closed_R10_single_refY_006-raw04-09,332,26.73901023016565,,,,,,,,False,feature_failure,False,False,False,no_candidate_passed_quality_gate
GP_Ip_6.4mm_closed_R10_single_refY,GP_Ip_6.4mm_closed_R10_single_refY_006,5,GP_Ip_6.4mm_closed_R10_single_refY_006-raw05-09,425,22.65524724154532,,,,,,,,False,feature_failure,False,False,False,no_candidate_passed_quality_gate
GP_Ip_6.4mm_closed_R10_single_refY,GP_Ip_6.4mm_closed_R10_single_refY_006,5,GP_Ip_6.4mm_closed_R10_single_refY_006-raw05-04,405,21.28364780555536,,,,,,,,False,feature_failure,False,False,False,no_candidate_passed_quality_gate
GP_Ip_6.4mm_closed_R10_single_refY,GP_Ip_6.4mm_closed_R10_single_refY_006,5,GP_Ip_6.4mm_closed_R10_single_refY_006-raw05-03,401,21.283598978394647,,,,,,,,False,feature_failure,False,False,False,no_candidate_passed_quality_gate
GP_Ip_7.1mm_closed_R10_single_refY,GP_Ip_7.1mm_closed_R10_single_refY_004,1,GP_Ip_7.1mm_closed_R10_single_refY_004-raw01-04,48,38.99647094432221,,,,,,,,False,feature_failure,False,False,False,no_candidate_passed_quality_gate
GP_Ip_7.1mm_closed_R10_single_refY,GP_Ip_7.1mm_closed_R10_single_refY_004,1,GP_Ip_7.1mm_closed_R10_single_refY_004-raw01-08,68,38.87857312985526,,,,,,,,False,feature_failure,False,False,False,no_candidate_passed_quality_gate
GP_Ip_7.1mm_closed_R10_single_refY,GP_Ip_7.1mm_closed_R10_single_refY_004,1,GP_Ip_7.1mm_closed_R10_single_refY_004-raw01-07,63,38.85877712475694,,,,,,,,False,feature_failure,False,False,False,no_candidate_passed_quality_gate
GP_Ip_7.1mm_closed_R10_single_refY,GP_Ip_7.1mm_closed_R10_single_refY_004,2,GP_Ip_7.1mm_closed_R10_single_refY_004-raw02-03,162,29.73974602133668,,,,,,,,False,feature_failure,False,False,False,no_candidate_passed_quality_gate
GP_Ip_7.1mm_closed_R10_single_refY,GP_Ip_7.1mm_closed_R10_single_refY_004,2,GP_Ip_7.1mm_closed_R10_single_refY_004-raw02-07,182,28.919645908610025,,,,,,,,False,feature_failure,False,False,False,no_candidate_passed_quality_gate
GP_Ip_7.1mm_closed_R10_single_refY,GP_Ip_7.1mm_closed_R10_single_refY_004,2,GP_Ip_7.1mm_closed_R10_single_refY_004-raw02-06,177,28.75901441616011,,,,,,,,False,feature_failure,False,False,False,no_candidate_passed_quality_gate
GP_Ip_7.1mm_closed_R10_single_refY,GP_Ip_7.1mm_closed_R10_single_refY_004,3,GP_Ip_7.1mm_closed_R10_single_refY_004-raw03-07,301,22.338628413146225,,,,,,,,False,feature_failure,False,False,False,no_candidate_passed_quality_gate
GP_Ip_7.1mm_closed_R10_single_refY,GP_Ip_7.1mm_closed_R10_single_refY_004,3,GP_Ip_7.1mm_closed_R10_single_refY_004-raw03-06,296,21.67663705994288,,,,,,,,False,feature_failure,False,False,False,no_candidate_passed_quality_gate
GP_Ip_7.1mm_closed_R10_single_refY,GP_Ip_7.1mm_closed_R10_single_refY_004,3,GP_Ip_7.1mm_closed_R10_single_refY_004-raw03-17,350,21.148610913194275,,,,,,,,False,feature_failure,False,False,False,no_candidate_passed_quality_gate
GP_Ip_7.1mm_closed_R10_single_refY,GP_Ip_7.1mm_closed_R10_single_refY_004,4,GP_Ip_7.1mm_closed_R10_single_refY_004-raw04-13,450,18.10215493207391,,,,,,,,False,feature_failure,False,False,False,no_candidate_passed_quality_gate
GP_Ip_7.1mm_closed_R10_single_refY,GP_Ip_7.1mm_closed_R10_single_refY_004,4,GP_Ip_7.1mm_closed_R10_single_refY_004-raw04-11,440,17.653868112256795,,,,,,,,False,feature_failure,False,False,False,no_candidate_passed_quality_gate
GP_Ip_7.1mm_closed_R10_single_refY,GP_Ip_7.1mm_closed_R10_single_refY_004,4,GP_Ip_7.1mm_closed_R10_single_refY_004-raw04-12,445,17.65342323724134,,,,,,,,False,feature_failure,False,False,False,no_candidate_passed_quality_gate
GP_Ip_7.1mm_closed_R10_single_refY,GP_Ip_7.1mm_closed_R10_single_refY_004,5,GP_Ip_7.1mm_closed_R10_single_refY_004-raw05-20,605,19.457035580741035,,,,,,,,False,feature_failure,False,False,False,no_candidate_passed_quality_gate
GP_Ip_7.1mm_closed_R10_single_refY,GP_Ip_7.1mm_closed_R10_single_refY_004,5,GP_Ip_7.1mm_closed_R10_single_refY_004-raw05-19,600,18.736038411033302,,,,,,,,False,feature_failure,False,False,False,no_candidate_passed_quality_gate
GP_Ip_7.1mm_closed_R10_single_refY,GP_Ip_7.1mm_closed_R10_single_refY_004,5,GP_Ip_7.1mm_closed_R10_single_refY_004-raw05-24,625,18.127491272349413,,,,,,,,False,feature_failure,False,False,False,no_candidate_passed_quality_gate
GP_Ip_7.1mm_closed_R10_single_refY,GP_Ip_7.1mm_closed_R10_single_refY_005,1,GP_Ip_7.1mm_closed_R10_single_refY_005-raw01-14,151,66.41250855388876,,,,,,,,False,feature_failure,False,False,False,no_candidate_passed_quality_gate
GP_Ip_7.1mm_closed_R10_single_refY,GP_Ip_7.1mm_closed_R10_single_refY_005,1,GP_Ip_7.1mm_closed_R10_single_refY_005-raw01-01,51,66.32789314354672,,,,,,,,False,feature_failure,False,False,False,no_candidate_passed_quality_gate
GP_Ip_7.1mm_closed_R10_single_refY,GP_Ip_7.1mm_closed_R10_single_refY_005,1,GP_Ip_7.1mm_closed_R10_single_refY_005-raw01-17,174,66.2951582145585,,,,,,,,False,feature_failure,False,False,False,no_candidate_passed_quality_gate
GP_Ip_7.1mm_closed_R10_single_refY,GP_Ip_7.1mm_closed_R10_single_refY_005,2,GP_Ip_7.1mm_closed_R10_single_refY_005-raw02-06,273,49.28965169265064,,,,,,,,False,feature_failure,False,False,False,no_candidate_passed_quality_gate
GP_Ip_7.1mm_closed_R10_single_refY,GP_Ip_7.1mm_closed_R10_single_refY_005,2,GP_Ip_7.1mm_closed_R10_single_refY_005-raw02-03,250,48.24421759193209,,,,,,,,False,feature_failure,False,False,False,no_candidate_passed_quality_gate
GP_Ip_7.1mm_closed_R10_single_refY,GP_Ip_7.1mm_closed_R10_single_refY_005,2,GP_Ip_7.1mm_closed_R10_single_refY_005-raw02-02,243,47.244589628073605,,,,,,,,False,feature_failure,False,False,False,no_candidate_passed_quality_gate
GP_Ip_7.1mm_closed_R10_single_refY,GP_Ip_7.1mm_closed_R10_single_refY_005,3,GP_Ip_7.1mm_closed_R10_single_refY_005-raw03-01,419,39.972830944201405,,,,,,,,False,feature_failure,False,False,False,no_candidate_passed_quality_gate
GP_Ip_7.1mm_closed_R10_single_refY,GP_Ip_7.1mm_closed_R10_single_refY_005,3,GP_Ip_7.1mm_closed_R10_single_refY_005-raw03-07,465,37.717943725019616,,,,,,,,False,feature_failure,False,False,False,no_candidate_passed_quality_gate
GP_Ip_7.1mm_closed_R10_single_refY,GP_Ip_7.1mm_closed_R10_single_refY_005,3,GP_Ip_7.1mm_closed_R10_single_refY_005-raw03-10,488,36.07536867447842,,,,,,,,False,feature_failure,False,False,False,no_candidate_passed_quality_gate
GP_Ip_7.1mm_closed_R10_single_refY,GP_Ip_7.1mm_closed_R10_single_refY_005,4,GP_Ip_7.1mm_closed_R10_single_refY_005-raw04-18,733,32.48310415470334,,,,,,,,False,feature_failure,False,False,False,no_candidate_passed_quality_gate
GP_Ip_7.1mm_closed_R10_single_refY,GP_Ip_7.1mm_closed_R10_single_refY_005,4,GP_Ip_7.1mm_closed_R10_single_refY_005-raw04-16,718,32.03486618931029,,,,,,,,False,feature_failure,False,False,False,no_candidate_passed_quality_gate
GP_Ip_7.1mm_closed_R10_single_refY,GP_Ip_7.1mm_closed_R10_single_refY_005,4,GP_Ip_7.1mm_closed_R10_single_refY_005-raw04-19,741,31.07928425020643,,,,,,,,False,feature_failure,False,False,False,no_candidate_passed_quality_gate
GP_Ip_7.1mm_closed_R10_single_refY,GP_Ip_7.1mm_closed_R10_single_refY_005,5,GP_Ip_7.1mm_closed_R10_single_refY_005-raw05-16,902,39.389015729596885,,,,,,,,False,feature_failure,False,False,False,no_candidate_passed_quality_gate
GP_Ip_7.1mm_closed_R10_single_refY,GP_Ip_7.1mm_closed_R10_single_refY_005,5,GP_Ip_7.1mm_closed_R10_single_refY_005-raw05-11,864,38.16850972191022,,,,,,,,False,feature_failure,False,False,False,no_candidate_passed_quality_gate
GP_Ip_7.1mm_closed_R10_single_refY,GP_Ip_7.1mm_closed_R10_single_refY_005,5,GP_Ip_7.1mm_closed_R10_single_refY_005-raw05-10,856,37.09135036543741,,,,,,,,False,feature_failure,False,False,False,no_candidate_passed_quality_gate
GP_Ip_8.8mm_closed_R10_single_refY,GP_Ip_8.8mm_closed_R10_single_refY_004,1,GP_Ip_8.8mm_closed_R10_single_refY_004-raw01-01,42,32.29997488134761,,,,,,,,False,feature_failure,False,False,False,no_candidate_passed_quality_gate
GP_Ip_8.8mm_closed_R10_single_refY,GP_Ip_8.8mm_closed_R10_single_refY_004,1,GP_Ip_8.8mm_closed_R10_single_refY_004-raw01-06,73,31.15512448034288,,,,,,,,False,feature_failure,False,False,False,no_candidate_passed_quality_gate
GP_Ip_8.8mm_closed_R10_single_refY,GP_Ip_8.8mm_closed_R10_single_refY_004,1,GP_Ip_8.8mm_closed_R10_single_refY_004-raw01-07,80,30.158612694403555,,,,,,,,False,feature_failure,False,False,False,no_candidate_passed_quality_gate
GP_Ip_8.8mm_closed_R10_single_refY,GP_Ip_8.8mm_closed_R10_single_refY_004,2,GP_Ip_8.8mm_closed_R10_single_refY_004-raw02-14,275,19.99407334798177,,,,,,,,False,feature_failure,False,False,False,no_candidate_passed_quality_gate
GP_Ip_8.8mm_closed_R10_single_refY,GP_Ip_8.8mm_closed_R10_single_refY_004,2,GP_Ip_8.8mm_closed_R10_single_refY_004-raw02-13,269,19.83881609360377,,,,,,,,False,feature_failure,False,False,False,no_candidate_passed_quality_gate
GP_Ip_8.8mm_closed_R10_single_refY,GP_Ip_8.8mm_closed_R10_single_refY_004,2,GP_Ip_8.8mm_closed_R10_single_refY_004-raw02-16,287,18.737593313028786,,,,,,,,False,feature_failure,False,False,False,no_candidate_passed_quality_gate
GP_Ip_8.8mm_closed_R10_single_refY,GP_Ip_8.8mm_closed_R10_single_refY_004,3,GP_Ip_8.8mm_closed_R10_single_refY_004-raw03-04,363,17.873463466898595,,,,,,,,False,feature_failure,False,False,False,no_candidate_passed_quality_gate
GP_Ip_8.8mm_closed_R10_single_refY,GP_Ip_8.8mm_closed_R10_single_refY_004,3,GP_Ip_8.8mm_closed_R10_single_refY_004-raw03-02,350,17.71537848450343,,,,,,,,False,feature_failure,False,False,False,no_candidate_passed_quality_gate
GP_Ip_8.8mm_closed_R10_single_refY,GP_Ip_8.8mm_closed_R10_single_refY_004,3,GP_Ip_8.8mm_closed_R10_single_refY_004-raw03-13,420,17.3904160478274,,,,,,,,False,feature_failure,False,False,False,no_candidate_passed_quality_gate
GP_Ip_8.8mm_closed_R10_single_refY,GP_Ip_8.8mm_closed_R10_single_refY_004,4,GP_Ip_8.8mm_closed_R10_single_refY_004-raw04-24,640,22.18018771687143,,,,,,,,False,feature_failure,False,False,False,no_candidate_passed_quality_gate
GP_Ip_8.8mm_closed_R10_single_refY,GP_Ip_8.8mm_closed_R10_single_refY_004,4,GP_Ip_8.8mm_closed_R10_single_refY_004-raw04-23,633,20.297707992549007,,,,,,,,False,feature_failure,False,False,False,no_candidate_passed_quality_gate
GP_Ip_8.8mm_closed_R10_single_refY,GP_Ip_8.8mm_closed_R10_single_refY_004,4,GP_Ip_8.8mm_closed_R10_single_refY_004-raw04-22,627,18.730293963480584,,,,,,,,False,feature_failure,False,False,False,no_candidate_passed_quality_gate
GP_Ip_8.8mm_closed_R10_single_refY,GP_Ip_8.8mm_closed_R10_single_refY_004,5,GP_Ip_8.8mm_closed_R10_single_refY_004-raw05-09,697,25.902915460279264,,,,,,,,False,feature_failure,False,False,False,no_candidate_passed_quality_gate
GP_Ip_8.8mm_closed_R10_single_refY,GP_Ip_8.8mm_closed_R10_single_refY_004,5,GP_Ip_8.8mm_closed_R10_single_refY_004-raw05-05,672,25.867914488992565,,,,,,,,False,feature_failure,False,False,False,no_candidate_passed_quality_gate
GP_Ip_8.8mm_closed_R10_single_refY,GP_Ip_8.8mm_closed_R10_single_refY_004,5,GP_Ip_8.8mm_closed_R10_single_refY_004-raw05-21,774,24.536804464880625,,,,,,,,False,feature_failure,False,False,False,no_candidate_passed_quality_gate
GP_Ip_8.8mm_closed_R10_single_refY,GP_Ip_8.8mm_closed_R10_single_refY_005,1,GP_Ip_8.8mm_closed_R10_single_refY_005-raw01-01,28,43.43882466505899,,,,,,,,False,feature_failure,False,False,False,no_candidate_passed_quality_gate
GP_Ip_8.8mm_closed_R10_single_refY,GP_Ip_8.8mm_closed_R10_single_refY_005,1,GP_Ip_8.8mm_closed_R10_single_refY_005-raw01-22,119,42.75959722052563,,,,,,,,False,feature_failure,False,False,False,no_candidate_passed_quality_gate
GP_Ip_8.8mm_closed_R10_single_refY,GP_Ip_8.8mm_closed_R10_single_refY_005,1,GP_Ip_8.8mm_closed_R10_single_refY_005-raw01-06,50,42.655136572868464,,,,,,,,False,feature_failure,False,False,False,no_candidate_passed_quality_gate
GP_Ip_8.8mm_closed_R10_single_refY,GP_Ip_8.8mm_closed_R10_single_refY_005,2,GP_Ip_8.8mm_closed_R10_single_refY_005-raw02-11,175,32.0777634710512,,,,,,,,False,feature_failure,False,False,False,no_candidate_passed_quality_gate
GP_Ip_8.8mm_closed_R10_single_refY,GP_Ip_8.8mm_closed_R10_single_refY_005,2,GP_Ip_8.8mm_closed_R10_single_refY_005-raw02-05,149,31.852510542052453,,,,,,,,False,feature_failure,False,False,False,no_candidate_passed_quality_gate
GP_Ip_8.8mm_closed_R10_single_refY,GP_Ip_8.8mm_closed_R10_single_refY_005,2,GP_Ip_8.8mm_closed_R10_single_refY_005-raw02-07,158,31.849870534683745,,,,,,,,False,feature_failure,False,False,False,no_candidate_passed_quality_gate
GP_Ip_8.8mm_closed_R10_single_refY,GP_Ip_8.8mm_closed_R10_single_refY_005,3,GP_Ip_8.8mm_closed_R10_single_refY_005-raw03-11,279,27.053618182795727,,,,,,,,False,feature_failure,False,False,False,no_candidate_passed_quality_gate
GP_Ip_8.8mm_closed_R10_single_refY,GP_Ip_8.8mm_closed_R10_single_refY_005,3,GP_Ip_8.8mm_closed_R10_single_refY_005-raw03-12,284,26.98269469534792,,,,,,,,False,feature_failure,False,False,False,no_candidate_passed_quality_gate
GP_Ip_8.8mm_closed_R10_single_refY,GP_Ip_8.8mm_closed_R10_single_refY_005,3,GP_Ip_8.8mm_closed_R10_single_refY_005-raw03-13,288,26.972835927661848,,,,,,,,False,feature_failure,False,False,False,no_candidate_passed_quality_gate
GP_Ip_8.8mm_closed_R10_single_refY,GP_Ip_8.8mm_closed_R10_single_refY_005,4,GP_Ip_8.8mm_closed_R10_single_refY_005-raw04-01,340,24.922702815019345,,,,,,,,False,feature_failure,False,False,False,no_candidate_passed_quality_gate
GP_Ip_8.8mm_closed_R10_single_refY,GP_Ip_8.8mm_closed_R10_single_refY_005,4,GP_Ip_8.8mm_closed_R10_single_refY_005-raw04-02,344,24.882557404825413,,,,,,,,False,feature_failure,False,False,False,no_candidate_passed_quality_gate
GP_Ip_8.8mm_closed_R10_single_refY,GP_Ip_8.8mm_closed_R10_single_refY_005,4,GP_Ip_8.8mm_closed_R10_single_refY_005-raw04-06,362,23.56618163468984,,,,,,,,False,feature_failure,False,False,False,no_candidate_passed_quality_gate
GP_Ip_8.8mm_closed_R10_single_refY,GP_Ip_8.8mm_closed_R10_single_refY_005,5,GP_Ip_8.8mm_closed_R10_single_refY_005-raw05-17,515,21.61590287280494,,,,,,,,False,feature_failure,False,False,False,no_candidate_passed_quality_gate
GP_Ip_8.8mm_closed_R10_single_refY,GP_Ip_8.8mm_closed_R10_single_refY_005,5,GP_Ip_8.8mm_closed_R10_single_refY_005-raw05-20,529,21.26462409570011,,,,,,,,False,feature_failure,False,False,False,no_candidate_passed_quality_gate
GP_Ip_8.8mm_closed_R10_single_refY,GP_Ip_8.8mm_closed_R10_single_refY_005,5,GP_Ip_8.8mm_closed_R10_single_refY_005-raw05-16,511,20.463223634842304,,,,,,,,False,feature_failure,False,False,False,no_candidate_passed_quality_gate
GP_Ip_8.8mm_closed_R5_single_refY,GP_Ip_8.8mm_closed_R5_single_refY_004,1,GP_Ip_8.8mm_closed_R5_single_refY_004-raw01-23,198,31.83248986383014,319.89667427167427,11.369252369252369,0.6023131672597865,12.0,759.8549131155014,1.0,0.4825025521203279,True,ok,True,True,False,pass_quality_gate
GP_Ip_8.8mm_closed_R5_single_refY,GP_Ip_8.8mm_closed_R5_single_refY_004,1,GP_Ip_8.8mm_closed_R5_single_refY_004-raw01-20,177,30.97523430490376,319.34960186096447,10.74413975127494,0.592057761732852,10.0,740.0264581441879,1.0,0.4904655391642086,True,ok,True,True,False,pass_quality_gate
GP_Ip_8.8mm_closed_R5_single_refY,GP_Ip_8.8mm_closed_R5_single_refY_004,1,GP_Ip_8.8mm_closed_R5_single_refY_004-raw01-24,205,30.70188800214132,323.3142199295977,11.71945360756271,0.6039250669045495,7.0,760.7127380371094,1.0,0.4844779921364306,True,ok,True,True,True,pass_quality_gate
GP_Ip_8.8mm_closed_R5_single_refY,GP_Ip_8.8mm_closed_R5_single_refY_004,2,GP_Ip_8.8mm_closed_R5_single_refY_004-raw02-24,371,46.36926302718056,382.8399212766462,13.14928982998601,0.568738229755179,7.0,686.0559043884277,1.0,0.429624538824072,True,ok,True,True,False,pass_quality_gate
GP_Ip_8.8mm_closed_R5_single_refY,GP_Ip_8.8mm_closed_R5_single_refY_004,2,GP_Ip_8.8mm_closed_R5_single_refY_004-raw02-17,323,44.38473051486074,381.7010794986735,16.342557862958557,0.5901189387008234,7.0,728.7127441167831,1.0,0.4485426281387602,True,ok,True,True,True,pass_quality_gate
GP_Ip_8.8mm_closed_R5_single_refY,GP_Ip_8.8mm_closed_R5_single_refY_004,2,GP_Ip_8.8mm_closed_R5_single_refY_004-raw02-23,364,44.06205768770646,407.2310754140309,14.42523751984268,0.5727699530516432,3.0,698.5411911010742,1.0,0.4300440740900935,True,ok,True,True,False,pass_quality_gate
GP_Ip_8.8mm_closed_R5_single_refY,GP_Ip_8.8mm_closed_R5_single_refY_004,3,GP_Ip_8.8mm_closed_R5_single_refY_004-raw03-01,378,49.30253772065785,518.0036684848193,22.186730704252547,0.5521821631878557,7.0,658.2568817138672,1.0,0.4228703401092044,True,ok,True,True,False,pass_quality_gate
GP_Ip_8.8mm_closed_R5_single_refY,GP_Ip_8.8mm_closed_R5_single_refY_004,3,GP_Ip_8.8mm_closed_R5_single_refY_004-raw03-04,399,48.64619563191731,460.7976818203411,19.61923424065365,0.5690140845070423,6.0,691.1269245147705,1.0,0.4189486587477071,True,ok,True,True,True,pass_quality_gate
GP_Ip_8.8mm_closed_R5_single_refY,GP_Ip_8.8mm_closed_R5_single_refY_004,3,GP_Ip_8.8mm_closed_R5_single_refY_004-raw03-03,392,44.50389858726103,408.95164511221,15.420716051730697,0.5463137996219282,12.0,650.4995956420898,1.0,0.4207635082977481,True,ok,True,True,False,pass_quality_gate
GP_Ip_8.8mm_closed_R5_single_refY,GP_Ip_8.8mm_closed_R5_single_refY_004,4,GP_Ip_8.8mm_closed_R5_single_refY_004-raw04-09,599,26.332080328477463,526.0471258101642,15.084287358410563,0.5659928656361475,1.0,543.7593994140625,1.0,0.2742903029496619,True,ok,True,False,False,no_candidate_passed_quality_gate
GP_Ip_8.8mm_closed_R5_single_refY,GP_Ip_8.8mm_closed_R5_single_refY_004,4,GP_Ip_8.8mm_closed_R5_single_refY_004-raw04-08,592,23.71887362896481,466.58221620956834,12.321854630426762,0.5688622754491018,1.0,541.1025390625,1.0,0.2754377374681839,True,ok,True,False,False,no_candidate_passed_quality_gate
GP_Ip_8.8mm_closed_R5_single_refY,GP_Ip_8.8mm_closed_R5_single_refY_004,4,GP_Ip_8.8mm_closed_R5_single_refY_004-raw04-01,544,23.06299246723977,551.9412236517052,15.812762680868811,0.527876631079478,1.0,514.0020751953125,1.0,0.2919488747899767,True,ok,True,False,False,no_candidate_passed_quality_gate
GP_Ip_8.8mm_closed_R5_single_refY,GP_Ip_8.8mm_closed_R5_single_refY_004,5,GP_Ip_8.8mm_closed_R5_single_refY_004-raw05-02,717,18.11359020396928,368.11653186823554,11.47438043811455,0.5575942915392457,2.0,615.4162888526917,1.0,0.2682893248167567,True,ok,True,False,False,no_candidate_passed_quality_gate
GP_Ip_8.8mm_closed_R5_single_refY,GP_Ip_8.8mm_closed_R5_single_refY_004,5,GP_Ip_8.8mm_closed_R5_single_refY_004-raw05-03,724,17.33721127522315,392.7006059493206,11.15336944546456,0.5755693581780539,4.0,626.9726357460022,0.9929855625170252,0.2329655376408029,True,ok,True,False,False,no_candidate_passed_quality_gate
GP_Ip_8.8mm_closed_R5_single_refY,GP_Ip_8.8mm_closed_R5_single_refY_004,5,GP_Ip_8.8mm_closed_R5_single_refY_004-raw05-01,710,16.674355448235406,370.0301481001416,10.75235832073162,0.5648050579557429,2.0,604.0021333694458,1.0,0.264587884610392,True,ok,True,False,False,no_candidate_passed_quality_gate
GP_Ip_8.8mm_closed_R5_single_refY,GP_Ip_8.8mm_closed_R5_single_refY_005,1,GP_Ip_8.8mm_closed_R5_single_refY_005-raw01-13,120,33.44238007855829,269.212914318464,10.09743050912217,0.6261306532663317,2.0,709.6416625976562,1.0,0.6656342403406232,True,ok,True,True,True,pass_quality_gate
GP_Ip_8.8mm_closed_R5_single_refY,GP_Ip_8.8mm_closed_R5_single_refY_005,1,GP_Ip_8.8mm_closed_R5_single_refY_005-raw01-01,42,31.87373674074809,290.74832622390466,10.27161784231193,0.6221804511278195,14.0,745.3401218652725,1.0,0.576337537154751,True,ok,True,True,False,pass_quality_gate
GP_Ip_8.8mm_closed_R5_single_refY,GP_Ip_8.8mm_closed_R5_single_refY_005,1,GP_Ip_8.8mm_closed_R5_single_refY_005-raw01-02,48,31.75866311362466,272.5083686285965,10.895253395647728,0.60727969348659,12.0,712.8843467235565,1.0,0.5718338179705258,True,ok,True,True,False,pass_quality_gate
GP_Ip_8.8mm_closed_R5_single_refY,GP_Ip_8.8mm_closed_R5_single_refY_005,2,GP_Ip_8.8mm_closed_R5_single_refY_005-raw02-01,197,26.286388722436232,343.37950470285693,12.932539542748442,0.613588110403397,5.0,657.9137711524963,1.0,0.6353316721699569,True,ok,False,True,False,pass_quality_gate
GP_Ip_8.8mm_closed_R5_single_refY,GP_Ip_8.8mm_closed_R5_single_refY_005,2,GP_Ip_8.8mm_closed_R5_single_refY_005-raw02-02,203,25.76703199551429,356.15371436403507,13.751165021929824,0.628421052631579,5.0,679.3990612030029,1.0,0.6117849120552712,True,ok,False,True,False,pass_quality_gate
GP_Ip_8.8mm_closed_R5_single_refY,GP_Ip_8.8mm_closed_R5_single_refY_005,2,GP_Ip_8.8mm_closed_R5_single_refY_005-raw02-23,339,24.49181266425688,525.2117777932281,22.064798720711952,0.537199124726477,9.0,541.6467275619507,1.0,0.5444277605596337,True,ok,True,True,True,pass_quality_gate
GP_Ip_8.8mm_closed_R5_single_refY,GP_Ip_8.8mm_closed_R5_single_refY_005,3,GP_Ip_8.8mm_closed_R5_single_refY_005-raw03-14,436,28.43866197246856,740.4101109996888,29.24599744112867,0.5679662802950474,12.0,596.7594413757324,1.0,0.5400777475502015,True,ok,True,True,True,pass_quality_gate
GP_Ip_8.8mm_closed_R5_single_refY,GP_Ip_8.8mm_closed_R5_single_refY_005,3,GP_Ip_8.8mm_closed_R5_single_refY_005-raw03-13,430,27.91948132041178,706.3799860529986,27.749616457461645,0.53156146179402,12.0,524.747239112854,1.0,0.541608105984329,True,ok,True,True,False,pass_quality_gate
GP_Ip_8.8mm_closed_R5_single_refY,GP_Ip_8.8mm_closed_R5_single_refY_005,3,GP_Ip_8.8mm_closed_R5_single_refY_005-raw03-24,501,27.83800975262205,422.3330723457564,14.126370184779203,0.5294117647058824,16.0,506.78887367248535,1.0,0.6152030238696177,True,ok,False,True,False,pass_quality_gate
GP_Ip_8.8mm_closed_R5_single_refY,GP_Ip_8.8mm_closed_R5_single_refY_005,4,GP_Ip_8.8mm_closed_R5_single_refY_005-raw04-24,656,48.962269880713926,338.43553160475284,12.426078890410354,0.6240963855421687,5.0,587.1441901922226,1.0,0.6248224998064721,True,ok,True,True,False,pass_quality_gate
GP_Ip_8.8mm_closed_R5_single_refY,GP_Ip_8.8mm_closed_R5_single_refY_005,4,GP_Ip_8.8mm_closed_R5_single_refY_005-raw04-20,630,47.3365920682825,346.4889633256034,13.134071974577,0.6305882352941177,6.0,602.901579618454,1.0,0.6415515467015219,True,ok,True,True,True,pass_quality_gate
GP_Ip_8.8mm_closed_R5_single_refY,GP_Ip_8.8mm_closed_R5_single_refY_005,4,GP_Ip_8.8mm_closed_R5_single_refY_005-raw04-19,623,45.074158008659055,328.8590315934066,11.404833447802195,0.6267605633802817,5.0,603.9726493358612,1.0,0.6442570592392088,True,ok,True,True,False,pass_quality_gate
GP_Ip_8.8mm_closed_R5_single_refY,GP_Ip_8.8mm_closed_R5_single_refY_005,5,GP_Ip_8.8mm_closed_R5_single_refY_005-raw05-23,804,74.163477032121,373.4906974903016,15.610996754017892,0.6094808126410836,4.0,621.3279695510864,1.0,0.5660685051519356,True,ok,True,True,True,pass_quality_gate
GP_Ip_8.8mm_closed_R5_single_refY,GP_Ip_8.8mm_closed_R5_single_refY_005,5,GP_Ip_8.8mm_closed_R5_single_refY_005-raw05-21,791,70.71106661888291,323.78501964831503,14.58738538482912,0.582122905027933,6.0,601.1564407348633,1.0,0.5621023433905152,True,ok,True,True,False,pass_quality_gate
GP_Ip_8.8mm_closed_R5_single_refY,GP_Ip_8.8mm_closed_R5_single_refY_005,5,GP_Ip_8.8mm_closed_R5_single_refY_005-raw05-22,798,70.65275969667319,366.335916482634,15.975466773740212,0.5822784810126582,10.0,573.4579454660416,1.0,0.5655350436664554,True,ok,True,True,False,pass_quality_gate
GP_Ip_9.7mm_closed_R5_single_refY,GP_Ip_9.7mm_closed_R5_single_refY_004,1,GP_Ip_9.7mm_closed_R5_single_refY_004-raw01-04,83,30.55125805656528,433.1953446868296,12.904729357711076,0.590034965034965,13.0,765.1392111778259,1.0,0.3739506768500177,True,ok,True,True,True,pass_quality_gate
GP_Ip_9.7mm_closed_R5_single_refY,GP_Ip_9.7mm_closed_R5_single_refY_004,1,GP_Ip_9.7mm_closed_R5_single_refY_004-raw01-01,57,29.557322906775525,379.1234446503536,11.89682689762112,0.5757575757575758,6.0,741.896541595459,1.0,0.372056105806772,True,ok,True,True,False,pass_quality_gate
GP_Ip_9.7mm_closed_R5_single_refY,GP_Ip_9.7mm_closed_R5_single_refY_004,1,GP_Ip_9.7mm_closed_R5_single_refY_004-raw01-03,74,28.701688192631288,344.2947380336962,8.308322170443182,0.5857777777777777,8.0,756.2102632522583,1.0,0.3662286753663997,True,ok,True,True,False,pass_quality_gate
GP_Ip_9.7mm_closed_R5_single_refY,GP_Ip_9.7mm_closed_R5_single_refY_004,2,GP_Ip_9.7mm_closed_R5_single_refY_004-raw02-05,296,18.600275511334274,387.09790402141823,11.597968202739626,0.5947416137805984,2.0,763.7666015625,1.0,0.288256406037455,True,ok,True,False,False,no_candidate_passed_quality_gate
GP_Ip_9.7mm_closed_R5_single_refY,GP_Ip_9.7mm_closed_R5_single_refY_004,2,GP_Ip_9.7mm_closed_R5_single_refY_004-raw02-06,305,16.14321180284288,384.4289646254733,10.555389304516488,0.5890909090909091,1.0,755.1097412109375,1.0,0.2837737745251817,True,ok,True,False,False,no_candidate_passed_quality_gate
GP_Ip_9.7mm_closed_R5_single_refY,GP_Ip_9.7mm_closed_R5_single_refY_004,2,GP_Ip_9.7mm_closed_R5_single_refY_004-raw02-03,279,15.76281233707006,364.7159697918585,9.669883956529748,0.5752930568079351,1.0,746.7666015625,1.0,0.2919751449790857,True,ok,True,False,False,no_candidate_passed_quality_gate
GP_Ip_9.7mm_closed_R5_single_refY,GP_Ip_9.7mm_closed_R5_single_refY_004,3,GP_Ip_9.7mm_closed_R5_single_refY_004-raw03-23,655,22.98672606164321,446.6893537308773,12.540988359127605,0.5714285714285714,6.0,679.6122727394104,1.0,0.3920330673606197,True,ok,True,True,False,pass_quality_gate
GP_Ip_9.7mm_closed_R5_single_refY,GP_Ip_9.7mm_closed_R5_single_refY_004,3,GP_Ip_9.7mm_closed_R5_single_refY_004-raw03-24,663,20.755055335714783,437.72969251950434,11.447751262046811,0.5791543756145526,9.0,670.7127976417542,1.0,0.4022528583044246,True,ok,True,True,True,pass_quality_gate
GP_Ip_9.7mm_closed_R5_single_refY,GP_Ip_9.7mm_closed_R5_single_refY_004,3,GP_Ip_9.7mm_closed_R5_single_refY_004-raw03-22,646,20.09135416664784,411.6612277936353,12.372790014058706,0.5776930409914204,6.0,696.0975341796875,1.0,0.3858514981948725,True,ok,True,True,False,pass_quality_gate
GP_Ip_9.7mm_closed_R5_single_refY,GP_Ip_9.7mm_closed_R5_single_refY_004,4,GP_Ip_9.7mm_closed_R5_single_refY_004-raw04-15,792,30.31347112864625,566.2253245598434,18.896792933783864,0.5805128205128205,10.0,644.227481842041,1.0,0.4069067585604013,True,ok,True,True,True,pass_quality_gate
GP_Ip_9.7mm_closed_R5_single_refY,GP_Ip_9.7mm_closed_R5_single_refY_004,4,GP_Ip_9.7mm_closed_R5_single_refY_004-raw04-20,834,30.236404817782525,609.4169528614412,19.555146947086893,0.5660592255125285,1.0,580.49951171875,1.0,0.3826799633550631,True,ok,True,True,False,pass_quality_gate
GP_Ip_9.7mm_closed_R5_single_refY,GP_Ip_9.7mm_closed_R5_single_refY_004,4,GP_Ip_9.7mm_closed_R5_single_refY_004-raw04-11,757,27.683299677190654,504.1166380789022,15.330543561838292,0.5672981056829511,9.0,654.4407000541687,1.0,0.4158103302919172,True,ok,True,True,False,pass_quality_gate
GP_Ip_9.7mm_closed_R5_single_refY,GP_Ip_9.7mm_closed_R5_single_refY_004,5,GP_Ip_9.7mm_closed_R5_single_refY_004-raw05-10,955,40.33118775360555,515.1158085264553,16.37163450660978,0.5635294117647058,1.0,557.5289916992188,1.0,0.36697586403277,True,ok,True,True,True,pass_quality_gate
GP_Ip_9.7mm_closed_R5_single_refY,GP_Ip_9.7mm_closed_R5_single_refY_004,5,GP_Ip_9.7mm_closed_R5_single_refY_004-raw05-15,998,38.347363063553225,591.6795151184963,21.13916507763552,0.5470798569725864,1.0,533.3868408203125,1.0,0.4064418884076391,True,ok,True,True,False,pass_quality_gate
GP_Ip_9.7mm_closed_R5_single_refY,GP_Ip_9.7mm_closed_R5_single_refY_004,5,GP_Ip_9.7mm_closed_R5_single_refY_004-raw05-14,990,37.53705696343316,584.8639137995704,20.57684045418897,0.5470798569725864,1.0,533.3868408203125,1.0,0.4067870971902761,True,ok,True,True,False,pass_quality_gate
GP_Ip_9.7mm_closed_R5_single_refY,GP_Ip_9.7mm_closed_R5_single_refY_005,1,GP_Ip_9.7mm_closed_R5_single_refY_005-raw01-09,67,50.25955722497543,443.85980005767567,20.756728828222627,0.6344765342960289,3.0,810.180830001831,1.0,0.6112084512174077,True,ok,True,True,True,pass_quality_gate
GP_Ip_9.7mm_closed_R5_single_refY,GP_Ip_9.7mm_closed_R5_single_refY_005,1,GP_Ip_9.7mm_closed_R5_single_refY_005-raw01-01,30,50.13578331602943,324.43935242839353,13.300921544209215,0.6310502283105023,5.0,790.7959789037704,1.0,0.6362190838766071,True,ok,False,True,False,pass_quality_gate
GP_Ip_9.7mm_closed_R5_single_refY,GP_Ip_9.7mm_closed_R5_single_refY_005,1,GP_Ip_9.7mm_closed_R5_single_refY_005-raw01-02,35,49.83138552982544,286.261974198013,12.020760219465178,0.6406966086159487,5.0,797.1391665935516,1.0,0.6147056952042598,True,ok,False,True,False,pass_quality_gate
GP_Ip_9.7mm_closed_R5_single_refY,GP_Ip_9.7mm_closed_R5_single_refY_005,2,GP_Ip_9.7mm_closed_R5_single_refY_005-raw02-01,141,30.54638304951867,365.8706133122377,12.53923572197684,0.6470588235294118,6.0,830.3645293712616,1.0,0.5433692896512928,True,ok,True,True,False,pass_quality_gate
GP_Ip_9.7mm_closed_R5_single_refY,GP_Ip_9.7mm_closed_R5_single_refY_005,2,GP_Ip_9.7mm_closed_R5_single_refY_005-raw02-09,178,29.374432378122528,369.6514686451875,12.196036182538876,0.6411522633744856,12.0,897.4772378206253,1.0,0.5530274821592408,True,ok,True,True,False,pass_quality_gate
GP_Ip_9.7mm_closed_R5_single_refY,GP_Ip_9.7mm_closed_R5_single_refY_005,2,GP_Ip_9.7mm_closed_R5_single_refY_005-raw02-02,146,28.19025703556273,331.486620671868,10.064930040621574,0.6633840644583706,4.0,864.9920120239258,1.0,0.5397662680843258,True,ok,True,True,True,pass_quality_gate
GP_Ip_9.7mm_closed_R5_single_refY,GP_Ip_9.7mm_closed_R5_single_refY_005,3,GP_Ip_9.7mm_closed_R5_single_refY_005-raw03-01,252,19.18435572108398,334.46979086641056,11.440409731113956,0.6455070074196207,13.0,912.4894217252732,1.0,0.4816472045043644,True,ok,True,True,True,pass_quality_gate
GP_Ip_9.7mm_closed_R5_single_refY,GP_Ip_9.7mm_closed_R5_single_refY_005,3,GP_Ip_9.7mm_closed_R5_single_refY_005-raw03-03,261,18.51693930863274,318.0223821747957,10.648109931041423,0.6416326530612245,13.0,910.5188851356506,1.0,0.4794472029763158,True,ok,True,True,False,pass_quality_gate
GP_Ip_9.7mm_closed_R5_single_refY,GP_Ip_9.7mm_closed_R5_single_refY_005,3,GP_Ip_9.7mm_closed_R5_single_refY_005-raw03-04,266,18.48172342746757,317.48366199546865,10.621733657799782,0.6391836734693878,14.0,905.69042801857,1.0,0.4789417004774399,True,ok,True,True,False,pass_quality_gate
GP_Ip_9.7mm_closed_R5_single_refY,GP_Ip_9.7mm_closed_R5_single_refY_005,4,GP_Ip_9.7mm_closed_R5_single_refY_005-raw04-18,442,12.244125826460053,270.7363923558962,9.24510590916153,0.5814121037463977,20.0,926.1757321357728,1.0,0.4265869524679286,True,ok,True,True,False,pass_quality_gate
GP_Ip_9.7mm_closed_R5_single_refY,GP_Ip_9.7mm_closed_R5_single_refY_005,4,GP_Ip_9.7mm_closed_R5_single_refY_005-raw04-17,437,12.11515986289977,269.5290445414395,9.171884106775115,0.5778097982708934,22.0,917.1046671867372,1.0,0.4262284228869186,True,ok,True,True,False,pass_quality_gate
GP_Ip_9.7mm_closed_R5_single_refY,GP_Ip_9.7mm_closed_R5_single_refY_005,4,GP_Ip_9.7mm_closed_R5_single_refY_005-raw04-24,469,12.064131748706911,282.99918186509586,9.40868985135118,0.5873129009265858,18.0,948.9036017656326,1.0,0.4288331406456543,True,ok,True,True,True,pass_quality_gate
GP_Ip_9.7mm_closed_R5_single_refY,GP_Ip_9.7mm_closed_R5_single_refY_005,5,GP_Ip_9.7mm_closed_R5_single_refY_005-raw05-01,474,13.05042402432289,289.8084817386055,10.19057500754603,0.5933521923620934,20.0,962.7320860624312,1.0,0.4287099712428721,True,ok,True,True,False,pass_quality_gate
GP_Ip_9.7mm_closed_R5_single_refY,GP_Ip_9.7mm_closed_R5_single_refY_005,5,GP_Ip_9.7mm_closed_R5_single_refY_005-raw05-22,573,13.01104383070204,247.28677138131303,8.723737392580432,0.660013764624914,12.0,1116.4133051633837,1.0,0.4867543999989163,True,ok,True,True,True,pass_quality_gate
GP_Ip_9.7mm_closed_R5_single_refY,GP_Ip_9.7mm_closed_R5_single_refY_005,5,GP_Ip_9.7mm_closed_R5_single_refY_005-raw05-17,549,12.648947105459522,236.75457370557868,8.821500175429803,0.6407766990291263,20.0,1062.2294989824295,1.0,0.4766881153918816,True,ok,True,True,False,pass_quality_gate
GP_Is_10.5mm_closed_R10_single_refY,GP_Is_10.5mm_closed_R10_single_refY_004,1,GP_Is_10.5mm_closed_R10_single_refY_004-raw01-02,64,19.35438367059025,207.1935637178356,5.45359494874058,1.0,1.0,719.7960205078125,1.0,0.7264268033561495,False,ok,False,False,False,no_candidate_passed_quality_gate
GP_Is_10.5mm_closed_R10_single_refY,GP_Is_10.5mm_closed_R10_single_refY_004,1,GP_Is_10.5mm_closed_R10_single_refY_004-raw01-06,98,18.0948855280829,267.4274047509143,8.616376096296559,1.0,1.0,700.4822998046875,1.0,0.6923834930737646,False,ok,True,False,False,no_candidate_passed_quality_gate
GP_Is_10.5mm_closed_R10_single_refY,GP_Is_10.5mm_closed_R10_single_refY_004,1,GP_Is_10.5mm_closed_R10_single_refY_004-raw01-10,132,17.814202463775207,315.14653313352096,10.311414890895136,1.0,1.0,690.825439453125,1.0,0.7055306985570252,False,ok,True,False,False,no_candidate_passed_quality_gate
GP_Is_10.5mm_closed_R10_single_refY,GP_Is_10.5mm_closed_R10_single_refY_004,2,GP_Is_10.5mm_closed_R10_single_refY_004-raw02-22,438,15.762493729992856,308.92258317583713,11.105159932960095,1.0,1.0,696.13916015625,1.0,0.7152351872959908,False,ok,True,False,False,no_candidate_passed_quality_gate
GP_Is_10.5mm_closed_R10_single_refY,GP_Is_10.5mm_closed_R10_single_refY_004,2,GP_Is_10.5mm_closed_R10_single_refY_004-raw02-07,311,15.614918564350226,333.084503250125,14.253971306588715,1.0,1.0,675.75439453125,1.0,0.6881521268079256,False,ok,True,False,False,no_candidate_passed_quality_gate
GP_Is_10.5mm_closed_R10_single_refY,GP_Is_10.5mm_closed_R10_single_refY_004,2,GP_Is_10.5mm_closed_R10_single_refY_004-raw02-13,362,15.403053026665578,335.00435180943657,13.80840586349061,1.0,1.0,678.9259033203125,1.0,0.6835174229932586,False,ok,True,False,False,no_candidate_passed_quality_gate
GP_Is_10.5mm_closed_R10_single_refY,GP_Is_10.5mm_closed_R10_single_refY_004,3,GP_Is_10.5mm_closed_R10_single_refY_004-raw03-12,558,21.57210382221245,284.79252045715833,11.147663488199091,1.0,1.0,706.2396240234375,1.0,0.7522585494448035,False,ok,True,False,False,no_candidate_passed_quality_gate
GP_Is_10.5mm_closed_R10_single_refY,GP_Is_10.5mm_closed_R10_single_refY_004,3,GP_Is_10.5mm_closed_R10_single_refY_004-raw03-17,600,21.070809216986767,257.8526735303886,9.634207904350712,1.0,1.0,720.0386962890625,1.0,0.7630572503496157,False,ok,True,False,False,no_candidate_passed_quality_gate
GP_Is_10.5mm_closed_R10_single_refY,GP_Is_10.5mm_closed_R10_single_refY_004,3,GP_Is_10.5mm_closed_R10_single_refY_004-raw03-11,549,20.76536224850784,280.4077354790723,10.890459125025355,1.0,1.0,705.6539306640625,1.0,0.7519832846091106,False,ok,True,False,False,no_candidate_passed_quality_gate
GP_Is_10.5mm_closed_R10_single_refY,GP_Is_10.5mm_closed_R10_single_refY_004,4,GP_Is_10.5mm_closed_R10_single_refY_004-raw04-05,702,22.02832573784604,251.5895652173913,8.8150842945874,1.0,1.0,691.068115234375,1.0,0.7671354337196107,False,ok,True,False,False,no_candidate_passed_quality_gate
GP_Is_10.5mm_closed_R10_single_refY,GP_Is_10.5mm_closed_R10_single_refY_004,4,GP_Is_10.5mm_closed_R10_single_refY_004-raw04-04,694,21.93393554673254,250.98872020431327,8.77202752553916,1.0,1.0,691.068115234375,1.0,0.7675957209663664,False,ok,True,False,False,no_candidate_passed_quality_gate
GP_Is_10.5mm_closed_R10_single_refY,GP_Is_10.5mm_closed_R10_single_refY_004,4,GP_Is_10.5mm_closed_R10_single_refY_004-raw04-09,736,20.70744444477294,296.96184819443937,12.604999453412528,1.0,1.0,681.1685791015625,1.0,0.7684530323913391,False,ok,True,False,False,no_candidate_passed_quality_gate
GP_Is_10.5mm_closed_R10_single_refY,GP_Is_10.5mm_closed_R10_single_refY_004,5,GP_Is_10.5mm_closed_R10_single_refY_004-raw05-19,1026,25.941971566654725,504.0043293868175,24.908729457501327,1.0,1.0,620.5411376953125,1.0,0.7197400381339035,False,ok,True,False,False,no_candidate_passed_quality_gate
GP_Is_10.5mm_closed_R10_single_refY,GP_Is_10.5mm_closed_R10_single_refY_004,5,GP_Is_10.5mm_closed_R10_single_refY_004-raw05-17,1009,22.947858618360687,424.8811954022988,16.16280459770115,1.0,1.0,613.3695678710938,1.0,0.7077548963316306,False,ok,True,False,False,no_candidate_passed_quality_gate
GP_Is_10.5mm_closed_R10_single_refY,GP_Is_10.5mm_closed_R10_single_refY_004,5,GP_Is_10.5mm_closed_R10_single_refY_004-raw05-13,974,22.92118655307793,469.76133865685705,18.68875330851016,1.0,1.0,619.126953125,1.0,0.7136057646578193,False,ok,True,False,False,no_candidate_passed_quality_gate
GP_Is_10.5mm_closed_R10_single_refY,GP_Is_10.5mm_closed_R10_single_refY_005,1,GP_Is_10.5mm_closed_R10_single_refY_005-raw01-03,64,20.3583897370468,951.2126479042716,58.261615081222,1.0,1.0,718.7249755859375,1.0,0.7547178889997344,False,ok,True,False,False,no_candidate_passed_quality_gate
GP_Is_10.5mm_closed_R10_single_refY,GP_Is_10.5mm_closed_R10_single_refY_005,1,GP_Is_10.5mm_closed_R10_single_refY_005-raw01-04,71,20.29022565961296,950.589348400254,57.91785630704423,1.0,1.0,718.13916015625,1.0,0.7547262008427175,False,ok,True,False,False,no_candidate_passed_quality_gate
GP_Is_10.5mm_closed_R10_single_refY,GP_Is_10.5mm_closed_R10_single_refY_005,1,GP_Is_10.5mm_closed_R10_single_refY_005-raw01-05,79,19.48844289091958,983.745349455222,54.717346532022326,1.0,1.0,720.9675903320312,1.0,0.7520214478622427,False,ok,True,False,False,no_candidate_passed_quality_gate
GP_Is_10.5mm_closed_R10_single_refY,GP_Is_10.5mm_closed_R10_single_refY_005,2,GP_Is_10.5mm_closed_R10_single_refY_005-raw02-01,226,17.424005952792697,908.9157368859284,50.18812101026922,1.0,1.0,782.3229370117188,1.0,0.7571461958018604,False,ok,True,False,False,no_candidate_passed_quality_gate
GP_Is_10.5mm_closed_R10_single_refY,GP_Is_10.5mm_closed_R10_single_refY_005,2,GP_Is_10.5mm_closed_R10_single_refY_005-raw02-04,248,16.704352185980486,779.1363825710239,39.12610736204838,0.9357142857142856,2.0,766.9087203741074,1.0,0.77010414129474,False,ok,True,False,False,no_candidate_passed_quality_gate
GP_Is_10.5mm_closed_R10_single_refY,GP_Is_10.5mm_closed_R10_single_refY_005,2,GP_Is_10.5mm_closed_R10_single_refY_005-raw02-03,241,15.873328941133291,847.1315971933328,45.5170701944144,1.0,1.0,782.3229370117188,1.0,0.7632133114041293,False,ok,True,False,False,no_candidate_passed_quality_gate
GP_Is_10.5mm_closed_R10_single_refY,GP_Is_10.5mm_closed_R10_single_refY_005,3,GP_Is_10.5mm_closed_R10_single_refY_005-raw03-04,425,11.832737491691262,310.4543007762974,14.968058366883913,1.0,1.0,866.5067138671875,1.0,0.8291729728421096,False,ok,True,False,False,no_candidate_passed_quality_gate
GP_Is_10.5mm_closed_R10_single_refY,GP_Is_10.5mm_closed_R10_single_refY_005,3,GP_Is_10.5mm_closed_R10_single_refY_005-raw03-01,403,11.376159357366443,378.24294478527605,14.206475800954328,1.0,1.0,857.4356079101562,1.0,0.8224679388264022,False,ok,True,False,False,no_candidate_passed_quality_gate
GP_Is_10.5mm_closed_R10_single_refY,GP_Is_10.5mm_closed_R10_single_refY_005,3,GP_Is_10.5mm_closed_R10_single_refY_005-raw03-13,491,11.204121987603036,247.5564729676196,12.760138445820562,0.92014742014742,10.0,867.4061506986618,1.0,0.8431801964612127,False,ok,False,False,False,no_candidate_passed_quality_gate
GP_Is_10.5mm_closed_R10_single_refY,GP_Is_10.5mm_closed_R10_single_refY_005,4,GP_Is_10.5mm_closed_R10_single_refY_005-raw04-15,683,16.116792218804065,235.456712672522,9.642610682918086,1.0,1.0,860.7493286132812,1.0,0.8800466009294826,False,ok,True,False,False,no_candidate_passed_quality_gate
GP_Is_10.5mm_closed_R10_single_refY,GP_Is_10.5mm_closed_R10_single_refY_005,4,GP_Is_10.5mm_closed_R10_single_refY_005-raw04-11,654,13.760767112815536,313.2895743663319,13.726972740315638,1.0,1.0,834.607177734375,1.0,0.8773148421242732,False,ok,True,False,False,no_candidate_passed_quality_gate
GP_Is_10.5mm_closed_R10_single_refY,GP_Is_10.5mm_closed_R10_single_refY_005,4,GP_Is_10.5mm_closed_R10_single_refY_005-raw04-13,668,12.131821552360195,211.25486275222687,7.488161243410289,1.0,1.0,854.2640380859375,1.0,0.8845307457339029,False,ok,False,False,False,no_candidate_passed_quality_gate
GP_Is_10.5mm_closed_R10_single_refY,GP_Is_10.5mm_closed_R10_single_refY_005,5,GP_Is_10.5mm_closed_R10_single_refY_005-raw05-21,906,16.300349168546692,272.389558792779,11.749128737715202,1.0,1.0,982.146240234375,1.0,0.9089016956369712,False,ok,False,False,False,no_candidate_passed_quality_gate
GP_Is_10.5mm_closed_R10_single_refY,GP_Is_10.5mm_closed_R10_single_refY_005,5,GP_Is_10.5mm_closed_R10_single_refY_005-raw05-06,794,16.0993043399281,495.5177081510007,27.06019409922788,1.0,1.0,926.4478149414062,1.0,0.8927749129371687,False,ok,True,False,False,no_candidate_passed_quality_gate
GP_Is_10.5mm_closed_R10_single_refY,GP_Is_10.5mm_closed_R10_single_refY_005,5,GP_Is_10.5mm_closed_R10_single_refY_005-raw05-17,876,14.771197710950874,319.7777243204234,14.255084102810828,1.0,1.0,953.6610107421876,1.0,0.9042305385603706,False,ok,False,False,False,no_candidate_passed_quality_gate
GP_Is_10.5mm_closed_R5_single_refY,GP_Is_10.5mm_closed_R5_single_refY_004,1,GP_Is_10.5mm_closed_R5_single_refY_004-raw01-01,43,30.26529119824893,442.97685561497326,19.878716577540107,0.5726970033296337,7.0,585.2152404785156,1.0,0.6061302510204574,True,ok,True,True,False,pass_quality_gate
GP_Is_10.5mm_closed_R5_single_refY,GP_Is_10.5mm_closed_R5_single_refY_004,1,GP_Is_10.5mm_closed_R5_single_refY_004-raw01-09,95,28.83503128516937,523.9923396400553,20.550207660359945,0.5863267670915412,3.0,578.8010787963867,1.0,0.5755108921316844,True,ok,True,True,True,pass_quality_gate
GP_Is_10.5mm_closed_R5_single_refY,GP_Is_10.5mm_closed_R5_single_refY_004,1,GP_Is_10.5mm_closed_R5_single_refY_004-raw01-02,50,28.324365202320944,523.5811682650392,19.27079337401918,0.5666293393057111,2.0,581.8721313476562,1.0,0.5902182584859246,True,ok,True,True,False,pass_quality_gate
GP_Is_10.5mm_closed_R5_single_refY,GP_Is_10.5mm_closed_R5_single_refY_004,2,GP_Is_10.5mm_closed_R5_single_refY_004-raw02-23,344,23.51318962492296,407.2351262349067,16.216794731064763,0.5795795795795796,5.0,670.9259291887283,1.0,0.6134176597388864,True,ok,True,True,False,pass_quality_gate
GP_Is_10.5mm_closed_R5_single_refY,GP_Is_10.5mm_closed_R5_single_refY_004,2,GP_Is_10.5mm_closed_R5_single_refY_004-raw02-22,337,22.52007571644253,405.6707740685217,15.641230026692018,0.591182364729459,4.0,682.9259613752365,1.0,0.6160063626973429,True,ok,True,True,True,pass_quality_gate
GP_Is_10.5mm_closed_R5_single_refY,GP_Is_10.5mm_closed_R5_single_refY_004,2,GP_Is_10.5mm_closed_R5_single_refY_004-raw02-24,350,22.45009002133475,409.6486004900141,13.489568639097186,0.5808678500986193,6.0,676.7838308811188,1.0,0.6181102913477097,True,ok,True,True,False,pass_quality_gate
GP_Is_10.5mm_closed_R5_single_refY,GP_Is_10.5mm_closed_R5_single_refY_004,3,GP_Is_10.5mm_closed_R5_single_refY_004-raw03-02,364,21.369278063539817,383.8419169710069,13.96053514198405,0.5646464646464646,4.0,645.7127959728241,1.0,0.619968825592088,True,ok,True,True,False,pass_quality_gate
GP_Is_10.5mm_closed_R5_single_refY,GP_Is_10.5mm_closed_R5_single_refY_004,3,GP_Is_10.5mm_closed_R5_single_refY_004-raw03-01,357,21.359675254387337,383.2055478915775,13.902389918347565,0.5662285136501517,4.0,647.127009510994,1.0,0.6200405815653521,True,ok,True,True,False,pass_quality_gate
GP_Is_10.5mm_closed_R5_single_refY,GP_Is_10.5mm_closed_R5_single_refY_004,3,GP_Is_10.5mm_closed_R5_single_refY_004-raw03-05,383,21.08965924388273,402.7032124741687,15.476160060116475,0.5668016194331984,2.0,649.1269836425781,1.0,0.6219866439892825,True,ok,True,True,True,pass_quality_gate
GP_Is_10.5mm_closed_R5_single_refY,GP_Is_10.5mm_closed_R5_single_refY_004,4,GP_Is_10.5mm_closed_R5_single_refY_004-raw04-20,638,19.66416641753397,589.6661655391297,26.077173640691555,0.5616591928251121,7.0,569.3868253231049,1.0,0.5826416010989277,True,ok,True,True,False,pass_quality_gate
GP_Is_10.5mm_closed_R5_single_refY,GP_Is_10.5mm_closed_R5_single_refY_004,4,GP_Is_10.5mm_closed_R5_single_refY_004-raw04-23,658,18.789327688540933,549.8553568471601,24.78585030634211,0.5679824561403509,7.0,590.9431791305542,1.0,0.5887324359128573,True,ok,True,True,False,pass_quality_gate
GP_Is_10.5mm_closed_R5_single_refY,GP_Is_10.5mm_closed_R5_single_refY_004,4,GP_Is_10.5mm_closed_R5_single_refY_004-raw04-24,664,18.7882426973025,549.6951860590257,24.791796018047105,0.569078947368421,7.0,591.9431791305542,1.0,0.5892496612197244,True,ok,True,True,True,pass_quality_gate
GP_Is_10.5mm_closed_R5_single_refY,GP_Is_10.5mm_closed_R5_single_refY_004,5,GP_Is_10.5mm_closed_R5_single_refY_004-raw05-04,691,24.192684460745912,534.7840315655101,27.017020618157904,0.5692963752665245,4.0,616.570605635643,1.0,0.6101885602491827,True,ok,True,True,False,pass_quality_gate
GP_Is_10.5mm_closed_R5_single_refY,GP_Is_10.5mm_closed_R5_single_refY_004,5,GP_Is_10.5mm_closed_R5_single_refY_004-raw05-06,704,23.719983125417027,498.2999922582643,22.16276999303244,0.5717321997874601,2.0,626.2985229492188,1.0,0.5969720016557709,True,ok,True,True,False,pass_quality_gate
GP_Is_10.5mm_closed_R5_single_refY,GP_Is_10.5mm_closed_R5_single_refY_004,5,GP_Is_10.5mm_closed_R5_single_refY_004-raw05-05,697,23.05510189840058,489.9280166115512,19.799815427209104,0.5724867724867725,5.0,620.4995406866074,1.0,0.6044878644384298,True,ok,True,True,True,pass_quality_gate
GP_Is_10.5mm_closed_R5_single_refY,GP_Is_10.5mm_closed_R5_single_refY_005,1,GP_Is_10.5mm_closed_R5_single_refY_005-raw01-09,95,18.37692032161289,869.6993279364594,49.903085382618,0.5595463137996219,2.0,690.6538696289062,1.0,0.7702778347942213,True,ok,True,True,False,pass_quality_gate
GP_Is_10.5mm_closed_R5_single_refY,GP_Is_10.5mm_closed_R5_single_refY_005,1,GP_Is_10.5mm_closed_R5_single_refY_005-raw01-07,82,17.52455331830507,976.6806526806528,48.03307320698625,0.5914285714285714,4.0,718.4823729991913,1.0,0.7548664411995171,True,ok,True,True,True,pass_quality_gate
GP_Is_10.5mm_closed_R5_single_refY,GP_Is_10.5mm_closed_R5_single_refY_005,1,GP_Is_10.5mm_closed_R5_single_refY_005-raw01-06,75,17.450346545744534,971.1091339648174,47.82506765899865,0.5906488549618321,4.0,716.4822372198105,1.0,0.754569767812196,True,ok,True,True,False,pass_quality_gate
GP_Is_10.5mm_closed_R5_single_refY,GP_Is_10.5mm_closed_R5_single_refY_005,2,GP_Is_10.5mm_closed_R5_single_refY_005-raw02-19,316,16.948789015404984,732.7381020233685,36.07348959817612,0.5496108949416343,4.0,655.8548450469971,1.0,0.6789621479000327,True,ok,False,True,False,pass_quality_gate
GP_Is_10.5mm_closed_R5_single_refY,GP_Is_10.5mm_closed_R5_single_refY_005,2,GP_Is_10.5mm_closed_R5_single_refY_005-raw02-14,283,16.834213123828988,1122.306189389618,62.48509697661152,0.551219512195122,10.0,649.026423573494,1.0,0.6678297849073831,True,ok,True,True,True,pass_quality_gate
GP_Is_10.5mm_closed_R5_single_refY,GP_Is_10.5mm_closed_R5_single_refY_005,2,GP_Is_10.5mm_closed_R5_single_refY_005-raw02-15,290,16.50074207725525,1077.4774646887645,56.12602029952445,0.5389105058365758,14.0,631.9553557634354,1.0,0.6749189749910431,True,ok,True,True,False,pass_quality_gate
GP_Is_10.5mm_closed_R5_single_refY,GP_Is_10.5mm_closed_R5_single_refY_005,3,GP_Is_10.5mm_closed_R5_single_refY_005-raw03-09,407,18.144327229742352,608.9858605246321,29.792866282789507,0.5655296229802513,2.0,734.0386047363281,1.0,0.7132203821977406,True,ok,True,True,True,pass_quality_gate
GP_Is_10.5mm_closed_R5_single_refY,GP_Is_10.5mm_closed_R5_single_refY_005,3,GP_Is_10.5mm_closed_R5_single_refY_005-raw03-24,505,17.752447751980068,532.7030775223997,24.471003765744708,0.5537254901960784,2.0,823.29345703125,1.0,0.7587193947688595,True,ok,True,True,False,pass_quality_gate
GP_Is_10.5mm_closed_R5_single_refY,GP_Is_10.5mm_closed_R5_single_refY_005,3,GP_Is_10.5mm_closed_R5_single_refY_005-raw03-23,498,17.40736836707857,626.5989808324064,27.10796968364417,0.5594020456333596,5.0,825.7077026367188,1.0,0.7582467905818792,True,ok,True,True,False,pass_quality_gate
GP_Is_10.5mm_closed_R5_single_refY,GP_Is_10.5mm_closed_R5_single_refY_005,4,GP_Is_10.5mm_closed_R5_single_refY_005-raw04-05,537,14.304953282409244,396.46978146194425,18.7873901029892,0.5526914329037149,6.0,847.6782789230347,1.0,0.7853089644316048,True,ok,True,True,False,pass_quality_gate
GP_Is_10.5mm_closed_R5_single_refY,GP_Is_10.5mm_closed_R5_single_refY_005,4,GP_Is_10.5mm_closed_R5_single_refY_005-raw04-04,531,13.711069827534248,397.0519229320003,19.021578035117688,0.5546282245827011,7.0,847.8498198986053,1.0,0.7845572785208781,True,ok,True,True,True,pass_quality_gate
GP_Is_10.5mm_closed_R5_single_refY,GP_Is_10.5mm_closed_R5_single_refY_005,4,GP_Is_10.5mm_closed_R5_single_refY_005-raw04-13,589,13.634799988471135,217.30928897394372,10.510550076058689,0.5366197183098591,8.0,877.4355773925781,1.0,0.8502641749974188,True,ok,False,True,False,pass_quality_gate
GP_Is_10.5mm_closed_R5_single_refY,GP_Is_10.5mm_closed_R5_single_refY_005,5,GP_Is_10.5mm_closed_R5_single_refY_005-raw05-11,732,11.824065751901085,147.25675206695928,6.342186383586812,0.5347355003186743,2.0,978.2467956542968,1.0,0.8574248113647198,True,ok,True,True,False,pass_quality_gate
GP_Is_10.5mm_closed_R5_single_refY,GP_Is_10.5mm_closed_R5_single_refY_005,5,GP_Is_10.5mm_closed_R5_single_refY_005-raw05-10,726,11.73723815111584,145.80048545620946,6.769925589908877,0.5366161616161617,2.0,988.8325805664062,1.0,0.8605764835326903,True,ok,True,True,True,pass_quality_gate
GP_Is_10.5mm_closed_R5_single_refY,GP_Is_10.5mm_closed_R5_single_refY_005,5,GP_Is_10.5mm_closed_R5_single_refY_005-raw05-12,739,10.957447619963284,172.3527031536793,7.019752210912731,0.5210824417872876,2.0,965.5899200439452,1.0,0.8876356908949254,True,ok,True,True,False,pass_quality_gate
GP_Is_14.0mm_closed_R10_single_refY,GP_Is_14.0mm_closed_R10_single_refY_004,1,GP_Is_14.0mm_closed_R10_single_refY_004-raw01-19,201,57.7220429201185,257.7518738753769,9.37071153639906,0.5741626794258373,6.0,1257.0824265480042,1.0,0.8182608207688079,True,ok,True,True,False,pass_quality_gate
GP_Is_14.0mm_closed_R10_single_refY,GP_Is_14.0mm_closed_R10_single_refY_004,1,GP_Is_14.0mm_closed_R10_single_refY_004-raw01-20,209,57.259370488427,245.5255833970926,8.814639919663351,0.575531914893617,4.0,1257.3544282913208,1.0,0.8179655655805699,True,ok,True,True,True,pass_quality_gate
GP_Is_14.0mm_closed_R10_single_refY,GP_Is_14.0mm_closed_R10_single_refY_004,1,GP_Is_14.0mm_closed_R10_single_refY_004-raw01-14,160,56.64877596329583,262.5543327745791,9.538177489492991,0.5718128025820334,5.0,1233.2122161388395,1.0,0.8092416311499596,True,ok,True,True,False,pass_quality_gate
GP_Is_14.0mm_closed_R10_single_refY,GP_Is_14.0mm_closed_R10_single_refY_004,2,GP_Is_14.0mm_closed_R10_single_refY_004-raw02-21,413,58.618489189990974,221.17126965861144,8.472051741039083,0.5733681462140993,4.0,1268.7980346679688,1.0,0.8855982725418824,True,ok,True,True,False,pass_quality_gate
GP_Is_14.0mm_closed_R10_single_refY,GP_Is_14.0mm_closed_R10_single_refY_004,2,GP_Is_14.0mm_closed_R10_single_refY_004-raw02-22,422,56.25203691948668,197.04493662783256,7.537297827849613,0.5747490755414686,8.0,1253.5554112195969,1.0,0.8784718437483332,True,ok,True,True,False,pass_quality_gate
GP_Is_14.0mm_closed_R10_single_refY,GP_Is_14.0mm_closed_R10_single_refY_004,2,GP_Is_14.0mm_closed_R10_single_refY_004-raw02-20,405,56.10255838803419,213.62920367175687,7.599035205418184,0.5778710015731515,5.0,1268.8985900878906,1.0,0.8865621371697419,True,ok,True,True,True,pass_quality_gate
GP_Is_14.0mm_closed_R10_single_refY,GP_Is_14.0mm_closed_R10_single_refY_004,3,GP_Is_14.0mm_closed_R10_single_refY_004-raw03-01,446,56.95724028721445,182.3229785921664,5.78912273611894,0.5723370429252782,9.0,1251.1828875541687,1.0,0.8816406760015802,True,ok,True,True,False,pass_quality_gate
GP_Is_14.0mm_closed_R10_single_refY,GP_Is_14.0mm_closed_R10_single_refY_004,3,GP_Is_14.0mm_closed_R10_single_refY_004-raw03-02,454,56.65874950255878,186.4964897560354,6.6660117043535525,0.5893234672304439,14.0,1289.8813034296036,1.0,0.8803294158844189,True,ok,True,True,False,pass_quality_gate
GP_Is_14.0mm_closed_R10_single_refY,GP_Is_14.0mm_closed_R10_single_refY_004,3,GP_Is_14.0mm_closed_R10_single_refY_004-raw03-03,462,55.79760737335652,176.87287722348253,7.835997625458477,0.6028938906752411,22.0,1291.8813264369965,1.0,0.8855947261721892,True,ok,True,True,True,pass_quality_gate
GP_Is_14.0mm_closed_R10_single_refY,GP_Is_14.0mm_closed_R10_single_refY_004,4,GP_Is_14.0mm_closed_R10_single_refY_004-raw04-02,650,40.80553013776144,175.44021385738026,6.767008645810756,0.5455026455026455,8.0,1213.1239218711853,1.0,0.7788342680320934,True,ok,True,True,False,pass_quality_gate
GP_Is_14.0mm_closed_R10_single_refY,GP_Is_14.0mm_closed_R10_single_refY_004,4,GP_Is_14.0mm_closed_R10_single_refY_004-raw04-01,642,40.08809126177069,169.84236198446186,6.877822310504108,0.539343408025013,5.0,1218.0529121160507,1.0,0.7999851907284904,True,ok,True,True,False,pass_quality_gate
GP_Is_14.0mm_closed_R10_single_refY,GP_Is_14.0mm_closed_R10_single_refY_004,4,GP_Is_14.0mm_closed_R10_single_refY_004-raw04-04,666,39.56815755116026,196.5130387210504,8.115263509817032,0.5506937033084311,9.0,1213.9523544311523,1.0,0.7859527121354138,True,ok,True,True,True,pass_quality_gate
GP_Is_14.0mm_closed_R10_single_refY,GP_Is_14.0mm_closed_R10_single_refY_004,5,GP_Is_14.0mm_closed_R10_single_refY_004-raw05-03,855,30.75826842103063,186.6554377644488,7.183661133584415,0.547924141465915,12.0,1252.094583153725,1.0,0.7738517281954005,True,ok,True,True,False,pass_quality_gate
GP_Is_14.0mm_closed_R10_single_refY,GP_Is_14.0mm_closed_R10_single_refY_004,5,GP_Is_14.0mm_closed_R10_single_refY_004-raw05-02,846,30.237363787755843,189.1225453062176,7.577810150923605,0.5519013360739979,12.0,1258.3372198343277,1.0,0.7774472025896585,True,ok,True,True,True,pass_quality_gate
GP_Is_14.0mm_closed_R10_single_refY,GP_Is_14.0mm_closed_R10_single_refY_004,5,GP_Is_14.0mm_closed_R10_single_refY_004-raw05-04,863,30.18754448351332,187.5204616149585,7.839984273638687,0.5435005117707267,12.0,1246.751415014267,1.0,0.7764990966545045,True,ok,True,True,False,pass_quality_gate
GP_Is_14.0mm_closed_R10_single_refY,GP_Is_14.0mm_closed_R10_single_refY_005,1,GP_Is_14.0mm_closed_R10_single_refY_005-raw01-21,227,31.19077948308758,154.45547483279225,6.498367457046911,0.5724331926863573,8.0,1389.0406785011292,1.0,0.5653117848606544,True,ok,True,True,True,pass_quality_gate
GP_Is_14.0mm_closed_R10_single_refY,GP_Is_14.0mm_closed_R10_single_refY_005,1,GP_Is_14.0mm_closed_R10_single_refY_005-raw01-22,235,30.59451277405422,149.61270454127597,5.935842985842986,0.5714946783896344,9.0,1401.626554965973,1.0,0.5649342256111407,True,ok,True,True,False,pass_quality_gate
GP_Is_14.0mm_closed_R10_single_refY,GP_Is_14.0mm_closed_R10_single_refY_005,1,GP_Is_14.0mm_closed_R10_single_refY_005-raw01-23,244,28.98347977827918,148.6477391055944,6.472737492973581,0.5698579935868071,10.0,1406.7270946502686,1.0,0.5598773513200753,True,ok,True,True,False,pass_quality_gate
GP_Is_14.0mm_closed_R10_single_refY,GP_Is_14.0mm_closed_R10_single_refY_005,2,GP_Is_14.0mm_closed_R10_single_refY_005-raw02-12,355,33.45573629555407,164.7314970620259,7.488288596341255,0.5773056057866185,12.0,1438.1412309408188,1.0,0.5243316513268541,True,ok,True,True,True,pass_quality_gate
GP_Is_14.0mm_closed_R10_single_refY,GP_Is_14.0mm_closed_R10_single_refY_005,2,GP_Is_14.0mm_closed_R10_single_refY_005-raw02-14,372,33.31840952060723,149.3982150522249,7.323570968665045,0.5716894977168949,7.0,1420.626551985741,1.0,0.5290488272152671,True,ok,True,True,False,pass_quality_gate
GP_Is_14.0mm_closed_R10_single_refY,GP_Is_14.0mm_closed_R10_single_refY_005,2,GP_Is_14.0mm_closed_R10_single_refY_005-raw02-09,329,32.8364740550665,154.27982094897047,7.096159355416294,0.5708446866485014,8.0,1422.141203403473,1.0,0.5290932764045896,True,ok,True,True,False,pass_quality_gate
GP_Is_14.0mm_closed_R10_single_refY,GP_Is_14.0mm_closed_R10_single_refY_005,3,GP_Is_14.0mm_closed_R10_single_refY_005-raw03-10,543,36.50593615595381,147.0097068130695,6.279896297990773,0.5607793307920372,12.0,1508.7513979673386,1.0,0.6027977272102407,True,ok,True,True,True,pass_quality_gate
GP_Is_14.0mm_closed_R10_single_refY,GP_Is_14.0mm_closed_R10_single_refY_005,3,GP_Is_14.0mm_closed_R10_single_refY_005-raw03-13,568,36.11407284402727,138.89341137223363,5.793256485866619,0.5482254697286012,13.0,1499.2366884946823,1.0,0.6108492860445055,True,ok,True,True,False,pass_quality_gate
GP_Is_14.0mm_closed_R10_single_refY,GP_Is_14.0mm_closed_R10_single_refY_005,3,GP_Is_14.0mm_closed_R10_single_refY_005-raw03-24,662,35.69332028942343,149.14219141806777,4.178784090656922,0.544472152950956,10.0,1503.3787550926208,1.0,0.6068608583795483,True,ok,True,True,False,pass_quality_gate
GP_Is_14.0mm_closed_R10_single_refY,GP_Is_14.0mm_closed_R10_single_refY_005,4,GP_Is_14.0mm_closed_R10_single_refY_005-raw04-17,808,40.51047168316193,149.51728136042402,6.898603136042403,0.6007223113964687,25.0,1726.3271272182465,1.0,0.6229689217829099,True,ok,True,True,True,pass_quality_gate
GP_Is_14.0mm_closed_R10_single_refY,GP_Is_14.0mm_closed_R10_single_refY_005,4,GP_Is_14.0mm_closed_R10_single_refY_005-raw04-02,680,40.46426749037636,171.22261719457015,7.5983131221719455,0.5839175257731959,24.0,1615.2610087394714,1.0,0.6034364756634543,True,ok,True,True,False,pass_quality_gate
GP_Is_14.0mm_closed_R10_single_refY,GP_Is_14.0mm_closed_R10_single_refY_005,4,GP_Is_14.0mm_closed_R10_single_refY_005-raw04-01,671,40.02929564155177,153.1303140649644,5.800382314675505,0.5565326633165829,7.0,1528.278314590454,1.0,0.609062274307277,True,ok,True,True,False,pass_quality_gate
GP_Is_14.0mm_closed_R10_single_refY,GP_Is_14.0mm_closed_R10_single_refY_005,5,GP_Is_14.0mm_closed_R10_single_refY_005-raw05-14,988,40.27850995160209,125.78621451767084,7.104743632332902,0.5963495963495964,23.0,1927.013396382332,1.0,0.6712075906908571,True,ok,True,True,False,pass_quality_gate
GP_Is_14.0mm_closed_R10_single_refY,GP_Is_14.0mm_closed_R10_single_refY_005,5,GP_Is_14.0mm_closed_R10_single_refY_005-raw05-10,954,38.77746198651231,122.55363855034204,6.45838833091009,0.6103571428571428,28.0,1938.2265527248385,1.0,0.662257216538473,True,ok,True,True,False,pass_quality_gate
GP_Is_14.0mm_closed_R10_single_refY,GP_Is_14.0mm_closed_R10_single_refY_005,5,GP_Is_14.0mm_closed_R10_single_refY_005-raw05-11,962,38.1279284297225,119.60619394937946,6.091342000040186,0.6326458036984353,23.0,2019.0255587100985,0.9905425465689796,0.6706849046625176,True,ok,True,True,True,pass_quality_gate
GP_Is_14.0mm_closed_R5_single_refY,GP_Is_14.0mm_closed_R5_single_refY_004,1,GP_Is_14.0mm_closed_R5_single_refY_004-raw01-01,33,38.91050324840781,714.0121857908011,39.18933318219174,0.5740418118466899,5.0,760.0386323928833,1.0,0.7208858709699631,True,ok,False,True,False,pass_quality_gate
GP_Is_14.0mm_closed_R5_single_refY,GP_Is_14.0mm_closed_R5_single_refY_004,1,GP_Is_14.0mm_closed_R5_single_refY_004-raw01-24,147,37.8671259191996,1120.80435699227,48.91965331459358,0.5793991416309013,8.0,776.7666248083115,1.0,0.6412813813768802,True,ok,True,True,True,pass_quality_gate
GP_Is_14.0mm_closed_R5_single_refY,GP_Is_14.0mm_closed_R5_single_refY_004,1,GP_Is_14.0mm_closed_R5_single_refY_004-raw01-18,117,37.59629949045063,1077.453840332955,49.103835603480896,0.5598958333333334,13.0,737.2102032899857,0.9936980807791465,0.6673723281904606,True,ok,True,True,False,pass_quality_gate
GP_Is_14.0mm_closed_R5_single_refY,GP_Is_14.0mm_closed_R5_single_refY_004,2,GP_Is_14.0mm_closed_R5_single_refY_004-raw02-01,152,38.20407968494628,1126.18952324897,49.58271924661565,0.585554600171969,9.0,780.1097025871277,1.0,0.6381616157204814,True,ok,True,True,True,pass_quality_gate
GP_Is_14.0mm_closed_R5_single_refY,GP_Is_14.0mm_closed_R5_single_refY_004,2,GP_Is_14.0mm_closed_R5_single_refY_004-raw02-23,261,37.3934699300083,277.9154677179868,10.19567610465414,0.6077669902912621,5.0,1088.5016753673551,1.0,0.6564821788340229,True,ok,False,True,False,pass_quality_gate
GP_Is_14.0mm_closed_R5_single_refY,GP_Is_14.0mm_closed_R5_single_refY_004,2,GP_Is_14.0mm_closed_R5_single_refY_004-raw02-24,266,37.365676965765296,278.24305715528936,10.191814482070184,0.6073738680465718,5.0,1089.3301055431366,1.0,0.656659525614323,True,ok,False,True,False,pass_quality_gate
GP_Is_14.0mm_closed_R5_single_refY,GP_Is_14.0mm_closed_R5_single_refY_004,3,GP_Is_14.0mm_closed_R5_single_refY_004-raw03-01,271,43.479668854936,378.7731036427491,12.821451459919508,0.6121919584954605,5.0,1090.6021058559418,1.0,0.6486404716735323,True,ok,True,True,True,pass_quality_gate
GP_Is_14.0mm_closed_R5_single_refY,GP_Is_14.0mm_closed_R5_single_refY_004,3,GP_Is_14.0mm_closed_R5_single_refY_004-raw03-05,291,43.084182146689336,356.9028476141611,11.637583376090303,0.6082474226804123,4.0,1091.602136015892,1.0,0.6528393543881367,True,ok,True,True,False,pass_quality_gate
GP_Is_14.0mm_closed_R5_single_refY,GP_Is_14.0mm_closed_R5_single_refY_004,3,GP_Is_14.0mm_closed_R5_single_refY_004-raw03-03,281,41.52601554043616,469.1341091750788,17.061184337426862,0.6081342801807618,3.0,1095.15847158432,1.0,0.655696733685441,True,ok,True,True,False,pass_quality_gate
GP_Is_14.0mm_closed_R5_single_refY,GP_Is_14.0mm_closed_R5_single_refY_004,4,GP_Is_14.0mm_closed_R5_single_refY_004-raw04-01,390,26.29581359833142,297.2412480109116,10.174670379631737,0.6105769230769231,6.0,1029.6315261125565,1.0,0.6110190365430344,True,ok,True,True,True,pass_quality_gate
GP_Is_14.0mm_closed_R5_single_refY,GP_Is_14.0mm_closed_R5_single_refY_004,4,GP_Is_14.0mm_closed_R5_single_refY_004-raw04-03,400,24.65290906383255,255.94153062405928,9.585620006946856,0.6074895977808599,11.0,1005.83258163929,1.0,0.5854425977488787,True,ok,True,True,False,pass_quality_gate
GP_Is_14.0mm_closed_R5_single_refY,GP_Is_14.0mm_closed_R5_single_refY_004,4,GP_Is_14.0mm_closed_R5_single_refY_004-raw04-02,395,23.92332137674284,253.1712921429605,9.298914773549416,0.6062283737024221,11.0,1006.6610423326492,1.0,0.5860948295734995,True,ok,True,True,False,pass_quality_gate
GP_Is_14.0mm_closed_R5_single_refY,GP_Is_14.0mm_closed_R5_single_refY_004,5,GP_Is_14.0mm_closed_R5_single_refY_004-raw05-20,605,21.53085537940014,323.85145974210417,11.9547633265013,0.6055514974433893,6.0,959.6904993057252,1.0,0.590315968437506,True,ok,True,True,True,pass_quality_gate
GP_Is_14.0mm_closed_R5_single_refY,GP_Is_14.0mm_closed_R5_single_refY_004,5,GP_Is_14.0mm_closed_R5_single_refY_004-raw05-19,600,21.29827080611121,322.90858323380354,11.82136285871074,0.6016081871345029,8.0,951.276247024536,1.0,0.5889394925385018,True,ok,True,True,False,pass_quality_gate
GP_Is_14.0mm_closed_R5_single_refY,GP_Is_14.0mm_closed_R5_single_refY_004,5,GP_Is_14.0mm_closed_R5_single_refY_004-raw05-22,615,20.78172632589341,372.30858853776806,14.819198099391414,0.5876742479823918,9.0,926.2051856517792,1.0,0.587918024937087,True,ok,True,True,False,pass_quality_gate
GP_Is_14.0mm_closed_R5_single_refY,GP_Is_14.0mm_closed_R5_single_refY_005,1,GP_Is_14.0mm_closed_R5_single_refY_005-raw01-01,29,39.718860459386576,559.5744652525074,20.477478476968137,0.5728061716489875,1.0,689.0975341796875,1.0,0.4196251711319331,True,ok,True,True,False,pass_quality_gate
GP_Is_14.0mm_closed_R5_single_refY,GP_Is_14.0mm_closed_R5_single_refY_005,1,GP_Is_14.0mm_closed_R5_single_refY_005-raw01-02,33,38.93040869798896,484.53183250787936,18.19317874831157,0.5805555555555556,2.0,723.9970245361328,1.0,0.41982122943809,True,ok,True,True,True,pass_quality_gate
GP_Is_14.0mm_closed_R5_single_refY,GP_Is_14.0mm_closed_R5_single_refY_005,1,GP_Is_14.0mm_closed_R5_single_refY_005-raw01-07,56,32.93758125431272,538.0727925502075,19.774352070010096,0.570869990224829,1.0,681.5828247070312,1.0,0.3810935466975865,True,ok,True,True,False,pass_quality_gate
GP_Is_14.0mm_closed_R5_single_refY,GP_Is_14.0mm_closed_R5_single_refY_005,2,GP_Is_14.0mm_closed_R5_single_refY_005-raw02-23,234,27.60396592702866,597.6762084470853,24.546671752047533,0.552491103202847,1.0,727.6954956054688,1.0,0.4410569694805877,True,ok,True,True,False,pass_quality_gate
GP_Is_14.0mm_closed_R5_single_refY,GP_Is_14.0mm_closed_R5_single_refY_005,2,GP_Is_14.0mm_closed_R5_single_refY_005-raw02-22,230,27.52491753128901,597.2325637422205,24.40803051596065,0.5523978685612788,1.0,728.28125,1.0,0.4410782194888457,True,ok,True,True,False,pass_quality_gate
GP_Is_14.0mm_closed_R5_single_refY,GP_Is_14.0mm_closed_R5_single_refY_005,2,GP_Is_14.0mm_closed_R5_single_refY_005-raw02-11,181,27.35607746288041,551.5623430423491,19.80712185279787,0.5594013096351731,1.0,698.896484375,1.0,0.4184243805385866,True,ok,True,True,True,pass_quality_gate
GP_Is_14.0mm_closed_R5_single_refY,GP_Is_14.0mm_closed_R5_single_refY_005,3,GP_Is_14.0mm_closed_R5_single_refY_005-raw03-19,323,47.704824057567286,289.5022013031715,13.829098826505293,0.6434599156118144,8.0,1059.844741821289,1.0,0.6134274092150946,True,ok,True,True,False,pass_quality_gate
GP_Is_14.0mm_closed_R5_single_refY,GP_Is_14.0mm_closed_R5_single_refY_005,3,GP_Is_14.0mm_closed_R5_single_refY_005-raw03-18,319,46.862262216354885,288.61896636953645,13.611360048476344,0.6369910282953761,11.0,1067.3300445079803,1.0,0.6132224889078256,True,ok,True,True,False,pass_quality_gate
GP_Is_14.0mm_closed_R5_single_refY,GP_Is_14.0mm_closed_R5_single_refY_005,3,GP_Is_14.0mm_closed_R5_single_refY_005-raw03-20,328,44.97836479961135,238.04062247692625,10.294805832159197,0.6576704545454546,7.0,1077.158466339111,1.0,0.6127540099553203,True,ok,True,True,True,pass_quality_gate
GP_Is_14.0mm_closed_R5_single_refY,GP_Is_14.0mm_closed_R5_single_refY_005,4,GP_Is_14.0mm_closed_R5_single_refY_005-raw04-15,412,46.81261066385434,205.24072612470405,11.133981927419743,0.6354816354816355,3.0,1016.7249450683594,1.0,0.710550343649061,True,ok,True,True,False,pass_quality_gate
GP_Is_14.0mm_closed_R5_single_refY,GP_Is_14.0mm_closed_R5_single_refY_005,4,GP_Is_14.0mm_closed_R5_single_refY_005-raw04-06,372,46.44224923064504,250.74991094201968,12.606135738611265,0.6319104268719384,5.0,1053.3300156593325,1.0,0.6860110147344555,True,ok,True,True,False,pass_quality_gate
GP_Is_14.0mm_closed_R5_single_refY,GP_Is_14.0mm_closed_R5_single_refY_005,4,GP_Is_14.0mm_closed_R5_single_refY_005-raw04-13,404,46.12877820636137,231.2386642449734,12.879186183602588,0.6361111111111111,4.0,1020.5239105224608,1.0,0.7283718526859246,True,ok,True,True,True,pass_quality_gate
GP_Is_14.0mm_closed_R5_single_refY,GP_Is_14.0mm_closed_R5_single_refY_005,5,GP_Is_14.0mm_closed_R5_single_refY_005-raw05-16,525,48.06153645727368,240.1906027045584,11.288829517299025,0.6406829992576095,4.0,1002.3178863525392,1.0,0.6317421409104996,True,ok,True,True,True,pass_quality_gate
GP_Is_14.0mm_closed_R5_single_refY,GP_Is_14.0mm_closed_R5_single_refY_005,5,GP_Is_14.0mm_closed_R5_single_refY_005-raw05-14,516,47.49519853082232,219.8685237598689,10.305928794875614,0.6302583025830258,5.0,992.317840576172,1.0,0.6319722905241886,True,ok,True,True,False,pass_quality_gate
GP_Is_14.0mm_closed_R5_single_refY,GP_Is_14.0mm_closed_R5_single_refY_005,5,GP_Is_14.0mm_closed_R5_single_refY_005-raw05-24,561,47.059356373821046,200.7191139847484,8.247335612306454,0.6341647770219199,3.0,979.7320556640624,1.0,0.6312547850406861,True,ok,True,True,False,pass_quality_gate
GP_Is_18.0mm_closed_R10_single_refY,GP_Is_18.0mm_closed_R10_single_refY_004,1,GP_Is_18.0mm_closed_R10_single_refY_004-raw01-02,55,21.607690608253005,263.74826967444244,11.42087313174994,0.6004489337822672,2.0,1213.3889465332031,1.0,0.5940893893193445,True,ok,True,True,False,pass_quality_gate
GP_Is_18.0mm_closed_R10_single_refY,GP_Is_18.0mm_closed_R10_single_refY_004,1,GP_Is_18.0mm_closed_R10_single_refY_004-raw01-01,48,21.581662722428653,261.84194795271696,11.247584161085893,0.6006768189509306,2.0,1207.9747314453125,1.0,0.5890627568544375,True,ok,True,True,True,pass_quality_gate
GP_Is_18.0mm_closed_R10_single_refY,GP_Is_18.0mm_closed_R10_single_refY_004,1,GP_Is_18.0mm_closed_R10_single_refY_004-raw01-03,63,20.922542317697733,250.2831605369421,10.442824402488268,0.5921633554083885,2.0,1223.4306030273438,1.0,0.6084790951443894,True,ok,True,True,False,pass_quality_gate
GP_Is_18.0mm_closed_R10_single_refY,GP_Is_18.0mm_closed_R10_single_refY_004,2,GP_Is_18.0mm_closed_R10_single_refY_004-raw02-15,325,22.53057767443128,218.11760611694987,7.84063317192487,0.588550026752274,8.0,1256.8569610118866,1.0,0.6135335297492363,True,ok,True,True,False,pass_quality_gate
GP_Is_18.0mm_closed_R10_single_refY,GP_Is_18.0mm_closed_R10_single_refY_004,2,GP_Is_18.0mm_closed_R10_single_refY_004-raw02-16,332,21.636898858298792,191.82896623900152,7.728041784565293,0.590572033898305,7.0,1274.0996062755585,1.0,0.6321496104336919,True,ok,True,True,False,pass_quality_gate
GP_Is_18.0mm_closed_R10_single_refY,GP_Is_18.0mm_closed_R10_single_refY_004,2,GP_Is_18.0mm_closed_R10_single_refY_004-raw02-11,296,21.078351766533327,204.56864860421868,7.308263724069907,0.5934782608695652,6.0,1248.7858855724337,1.0,0.6112918220829668,True,ok,True,True,True,pass_quality_gate
GP_Is_18.0mm_closed_R10_single_refY,GP_Is_18.0mm_closed_R10_single_refY_004,3,GP_Is_18.0mm_closed_R10_single_refY_004-raw03-02,405,16.455613063500255,196.11879662513857,8.036604844316665,0.5883891213389121,8.0,1291.7980830669403,1.0,0.6295553889025356,True,ok,True,True,False,pass_quality_gate
GP_Is_18.0mm_closed_R10_single_refY,GP_Is_18.0mm_closed_R10_single_refY_004,3,GP_Is_18.0mm_closed_R10_single_refY_004-raw03-06,434,15.584142791446636,174.70440169789063,6.344881714237946,0.5911227154046997,7.0,1300.626484632492,1.0,0.6282946842402607,True,ok,True,True,True,pass_quality_gate
GP_Is_18.0mm_closed_R10_single_refY,GP_Is_18.0mm_closed_R10_single_refY_004,3,GP_Is_18.0mm_closed_R10_single_refY_004-raw03-01,398,15.56013561347561,196.4377147363085,7.366802470758312,0.5903614457831325,6.0,1296.2122375965118,1.0,0.6205256072110666,True,ok,True,True,False,pass_quality_gate
GP_Is_18.0mm_closed_R10_single_refY,GP_Is_18.0mm_closed_R10_single_refY_004,4,GP_Is_18.0mm_closed_R10_single_refY_004-raw04-15,675,12.358500409613711,173.73186502634044,6.635419066488504,0.5874225821819914,5.0,1444.2193894386292,1.0,0.6610087788244603,True,ok,True,True,False,pass_quality_gate
GP_Is_18.0mm_closed_R10_single_refY,GP_Is_18.0mm_closed_R10_single_refY_004,4,GP_Is_18.0mm_closed_R10_single_refY_004-raw04-22,726,11.964317452747444,191.3475809356744,7.568531019468416,0.5911521633446767,3.0,1427.5625915527344,1.0,0.630103655285168,True,ok,True,True,True,pass_quality_gate
GP_Is_18.0mm_closed_R10_single_refY,GP_Is_18.0mm_closed_R10_single_refY_004,4,GP_Is_18.0mm_closed_R10_single_refY_004-raw04-13,661,11.76453407710394,168.04584247744452,7.165538892952938,0.58329400660689,4.0,1439.5209641456604,1.0,0.6728547415784204,True,ok,True,True,False,pass_quality_gate
GP_Is_18.0mm_closed_R10_single_refY,GP_Is_18.0mm_closed_R10_single_refY_004,5,GP_Is_18.0mm_closed_R10_single_refY_004-raw05-04,770,12.125452417490209,194.6567433397903,7.814541490538071,0.5890077821011673,6.0,1415.8346238136292,1.0,0.6276107716013369,True,ok,True,True,False,pass_quality_gate
GP_Is_18.0mm_closed_R10_single_refY,GP_Is_18.0mm_closed_R10_single_refY_004,5,GP_Is_18.0mm_closed_R10_single_refY_004-raw05-08,800,11.970867872784462,210.1196525057277,7.753290013840344,0.5893813930832927,4.0,1418.0772705078125,1.0,0.6285577528087132,True,ok,True,True,False,pass_quality_gate
GP_Is_18.0mm_closed_R10_single_refY,GP_Is_18.0mm_closed_R10_single_refY_004,5,GP_Is_18.0mm_closed_R10_single_refY_004-raw05-03,763,11.756630758298474,197.97320371604405,8.3723335031947,0.5900922778047596,4.0,1424.7341293096542,1.0,0.6258150527380806,True,ok,True,True,True,pass_quality_gate
GP_Is_18.0mm_closed_R10_single_refY,GP_Is_18.0mm_closed_R10_single_refY_005,1,GP_Is_18.0mm_closed_R10_single_refY_005-raw01-19,152,22.33704629175634,297.38851903027256,15.189720341208847,0.5571955719557196,4.0,1213.3006533384323,1.0,0.7376049467476739,True,ok,True,True,False,pass_quality_gate
GP_Is_18.0mm_closed_R10_single_refY,GP_Is_18.0mm_closed_R10_single_refY_005,1,GP_Is_18.0mm_closed_R10_single_refY_005-raw01-11,103,21.455163498338067,250.6044402976148,11.261956027656163,0.5572272971520688,5.0,1189.8153274059296,1.0,0.7272920174520986,True,ok,True,True,False,pass_quality_gate
GP_Is_18.0mm_closed_R10_single_refY,GP_Is_18.0mm_closed_R10_single_refY_005,1,GP_Is_18.0mm_closed_R10_single_refY_005-raw01-20,158,21.067841796817312,277.2280741487278,12.88163154378376,0.5602314571278275,2.0,1224.5432739257812,1.0,0.7384856507226667,True,ok,True,True,True,pass_quality_gate
GP_Is_18.0mm_closed_R10_single_refY,GP_Is_18.0mm_closed_R10_single_refY_005,2,GP_Is_18.0mm_closed_R10_single_refY_005-raw02-24,331,26.87844264150431,184.9585173091908,8.278579644540091,0.568384539147671,5.0,1332.123924612999,1.0,0.7229452088084487,True,ok,True,True,False,pass_quality_gate
GP_Is_18.0mm_closed_R10_single_refY,GP_Is_18.0mm_closed_R10_single_refY_005,2,GP_Is_18.0mm_closed_R10_single_refY_005-raw02-20,306,25.82231661028334,150.73418696447482,4.761066718012901,0.5709219858156028,3.0,1312.0528564453125,1.0,0.7114538609194244,True,ok,True,True,True,pass_quality_gate
GP_Is_18.0mm_closed_R10_single_refY,GP_Is_18.0mm_closed_R10_single_refY_005,2,GP_Is_18.0mm_closed_R10_single_refY_005-raw02-23,325,24.150968647425863,166.0080584376309,6.148252919555204,0.5690854870775348,5.0,1330.1239840984344,1.0,0.7167998364401248,True,ok,True,True,False,pass_quality_gate
GP_Is_18.0mm_closed_R10_single_refY,GP_Is_18.0mm_closed_R10_single_refY_005,3,GP_Is_18.0mm_closed_R10_single_refY_005-raw03-23,473,30.67787632977401,197.4112159530993,9.501380062905191,0.5089666951323655,9.0,1391.7636071443558,0.9975913886816584,0.7551839220255816,True,ok,True,True,False,pass_quality_gate
GP_Is_18.0mm_closed_R10_single_refY,GP_Is_18.0mm_closed_R10_single_refY_005,3,GP_Is_18.0mm_closed_R10_single_refY_005-raw03-22,467,29.376814228194423,187.3869076130344,8.83768778576094,0.5205006473888649,14.0,1405.7340836524963,0.9968684759916492,0.7550706308611063,True,ok,True,True,False,pass_quality_gate
GP_Is_18.0mm_closed_R10_single_refY,GP_Is_18.0mm_closed_R10_single_refY_005,3,GP_Is_18.0mm_closed_R10_single_refY_005-raw03-21,460,29.260644371805057,192.8246197403249,9.199312841459548,0.5602620087336244,6.0,1491.1484344005585,0.991091362306275,0.7563994863848638,True,ok,True,True,True,pass_quality_gate
GP_Is_18.0mm_closed_R10_single_refY,GP_Is_18.0mm_closed_R10_single_refY_005,4,GP_Is_18.0mm_closed_R10_single_refY_005-raw04-03,497,21.91576591562226,183.7787185101017,8.802697946401352,0.4780242779405609,10.0,1336.2072755098343,0.9991995731056564,0.7679281068162576,True,ok,True,True,False,pass_quality_gate
GP_Is_18.0mm_closed_R10_single_refY,GP_Is_18.0mm_closed_R10_single_refY_005,4,GP_Is_18.0mm_closed_R10_single_refY_005-raw04-06,516,21.683068478732647,145.10484953574226,6.415482716187493,0.4798657718120805,10.0,1335.307762145996,0.998086623760654,0.7952834821436578,True,ok,False,True,False,pass_quality_gate
GP_Is_18.0mm_closed_R10_single_refY,GP_Is_18.0mm_closed_R10_single_refY_005,4,GP_Is_18.0mm_closed_R10_single_refY_005-raw04-16,577,21.450076354498925,233.0111575482217,11.727865047520082,0.5085205267234701,8.0,1520.3908675909042,1.0,0.892660556222726,True,ok,True,True,True,pass_quality_gate
GP_Is_18.0mm_closed_R10_single_refY,GP_Is_18.0mm_closed_R10_single_refY_005,5,GP_Is_18.0mm_closed_R10_single_refY_005-raw05-19,746,20.83676091427156,124.88031097897434,6.436605914859623,0.4731420161883738,6.0,1486.692469716072,1.0,0.9087466338639172,True,ok,False,True,False,pass_quality_gate
GP_Is_18.0mm_closed_R10_single_refY,GP_Is_18.0mm_closed_R10_single_refY_005,5,GP_Is_18.0mm_closed_R10_single_refY_005-raw05-20,753,20.249454676299614,144.75086127076017,7.250173088312577,0.4804511278195488,3.0,1480.44985806942,1.0,0.9097458933408732,True,ok,True,True,True,pass_quality_gate
GP_Is_18.0mm_closed_R10_single_refY,GP_Is_18.0mm_closed_R10_single_refY_005,5,GP_Is_18.0mm_closed_R10_single_refY_005-raw05-22,765,19.27854801765607,167.6630950468088,8.190102074471234,0.472263868065967,4.0,1458.9645354747772,1.0,0.9145512567409784,True,ok,True,True,False,pass_quality_gate
GP_Is_18.0mm_closed_R5_single_refY,GP_Is_18.0mm_closed_R5_single_refY_004,1,GP_Is_18.0mm_closed_R5_single_refY_004-raw01-08,99,21.99051924005084,220.03309942402976,10.340660814742154,0.6486129458388376,4.0,1144.099609375,1.0,0.4972408949882787,True,ok,True,True,False,pass_quality_gate
GP_Is_18.0mm_closed_R5_single_refY,GP_Is_18.0mm_closed_R5_single_refY_004,1,GP_Is_18.0mm_closed_R5_single_refY_004-raw01-19,178,21.70786891227885,286.92219228551016,11.734253815496125,0.6898608349900597,5.0,1213.6975555419922,1.0,0.5499555909238225,True,ok,True,True,False,pass_quality_gate
GP_Is_18.0mm_closed_R5_single_refY,GP_Is_18.0mm_closed_R5_single_refY_004,1,GP_Is_18.0mm_closed_R5_single_refY_004-raw01-22,200,21.104616653347005,252.508095698405,11.962076227300974,0.6929708222811671,6.0,1217.940167427063,1.0,0.5470889679596918,True,ok,True,True,True,pass_quality_gate
GP_Is_18.0mm_closed_R5_single_refY,GP_Is_18.0mm_closed_R5_single_refY_004,2,GP_Is_18.0mm_closed_R5_single_refY_004-raw02-22,374,24.202061601803628,194.75632633900497,8.847583280927537,0.6408404464871963,6.0,1136.927978515625,1.0,0.5817950157965174,True,ok,True,True,False,pass_quality_gate
GP_Is_18.0mm_closed_R5_single_refY,GP_Is_18.0mm_closed_R5_single_refY_004,2,GP_Is_18.0mm_closed_R5_single_refY_004-raw02-15,324,23.910050730376792,200.73063299210088,10.178580284084871,0.6550131926121372,12.0,1156.2122565507889,1.0,0.5850062688335758,True,ok,True,True,True,pass_quality_gate
GP_Is_18.0mm_closed_R5_single_refY,GP_Is_18.0mm_closed_R5_single_refY_004,2,GP_Is_18.0mm_closed_R5_single_refY_004-raw02-18,345,23.04587324142338,186.20665178415712,9.08769053681677,0.6482444733420026,15.0,1150.9989886283877,1.0,0.5781781027356149,True,ok,True,True,False,pass_quality_gate
GP_Is_18.0mm_closed_R5_single_refY,GP_Is_18.0mm_closed_R5_single_refY_004,3,GP_Is_18.0mm_closed_R5_single_refY_004-raw03-11,468,25.8523312650033,234.78833105914453,11.907137815837764,0.6717005909389363,6.0,1195.5260663032532,1.0,0.6299633792883169,True,ok,True,True,False,pass_quality_gate
GP_Is_18.0mm_closed_R5_single_refY,GP_Is_18.0mm_closed_R5_single_refY_004,3,GP_Is_18.0mm_closed_R5_single_refY_004-raw03-09,454,25.42342329439587,243.3811342336359,10.564321821267804,0.6720884840598569,7.0,1206.1828240156174,1.0,0.6369823459812456,True,ok,True,True,False,pass_quality_gate
GP_Is_18.0mm_closed_R5_single_refY,GP_Is_18.0mm_closed_R5_single_refY_004,3,GP_Is_18.0mm_closed_R5_single_refY_004-raw03-10,461,24.70516985385917,230.3338003667309,11.49605529173915,0.6725605762933857,7.0,1199.3545101881027,1.0,0.630271419448898,True,ok,True,True,True,pass_quality_gate
GP_Is_18.0mm_closed_R5_single_refY,GP_Is_18.0mm_closed_R5_single_refY_004,4,GP_Is_18.0mm_closed_R5_single_refY_004-raw04-02,577,16.380819167825912,198.85316763709048,8.915660033023377,0.6296068796068796,15.0,1198.467037320137,0.9999418706039644,0.6618813187378935,True,ok,False,True,False,pass_quality_gate
GP_Is_18.0mm_closed_R5_single_refY,GP_Is_18.0mm_closed_R5_single_refY_004,4,GP_Is_18.0mm_closed_R5_single_refY_004-raw04-19,700,16.036744499672785,261.8563662426412,12.595811433362485,0.6154324828873677,11.0,1162.32501745224,1.0,0.6698577575137734,True,ok,True,True,False,pass_quality_gate
GP_Is_18.0mm_closed_R5_single_refY,GP_Is_18.0mm_closed_R5_single_refY_004,4,GP_Is_18.0mm_closed_R5_single_refY_004-raw04-20,708,15.712216661569803,291.5551389461976,13.292468739348056,0.622360248447205,15.0,1171.324891448021,1.0,0.6696503435351272,True,ok,True,True,True,pass_quality_gate
GP_Is_18.0mm_closed_R5_single_refY,GP_Is_18.0mm_closed_R5_single_refY_004,5,GP_Is_18.0mm_closed_R5_single_refY_004-raw05-01,744,14.69115016087661,216.26900076489807,9.08434740282317,0.6188449848024317,14.0,1190.8101840019226,1.0,0.6718832004927436,True,ok,True,True,False,pass_quality_gate
GP_Is_18.0mm_closed_R5_single_refY,GP_Is_18.0mm_closed_R5_single_refY_004,5,GP_Is_18.0mm_closed_R5_single_refY_004-raw05-02,751,13.79468745568828,218.1759829824591,9.904630864551857,0.6375519904931669,8.0,1260.9229546785357,1.0,0.6839791959522231,True,ok,True,True,False,pass_quality_gate
GP_Is_18.0mm_closed_R5_single_refY,GP_Is_18.0mm_closed_R5_single_refY_004,5,GP_Is_18.0mm_closed_R5_single_refY_004-raw05-21,891,13.643405865646878,191.9403424695702,9.399635399667243,0.6483126110124334,10.0,1275.1239857673645,1.0,0.6615315084413158,True,ok,True,True,True,pass_quality_gate
GP_Is_18.0mm_closed_R5_single_refY,GP_Is_18.0mm_closed_R5_single_refY_005,1,GP_Is_18.0mm_closed_R5_single_refY_005-raw01-07,88,70.14939386189305,192.8106553959834,9.33216888773882,1.0,1.0,1549.47427213192,1.0,0.8487266067830461,True,ok,True,True,False,pass_quality_gate
GP_Is_18.0mm_closed_R5_single_refY,GP_Is_18.0mm_closed_R5_single_refY_005,1,GP_Is_18.0mm_closed_R5_single_refY_005-raw01-06,81,64.88932355061166,217.57684204612488,10.046728840697773,1.0,1.0,1564.06005859375,1.0,0.8582471813766486,True,ok,True,True,True,pass_quality_gate
GP_Is_18.0mm_closed_R5_single_refY,GP_Is_18.0mm_closed_R5_single_refY_005,1,GP_Is_18.0mm_closed_R5_single_refY_005-raw01-08,95,62.56030112541928,198.9061614654296,8.48509555425795,1.0,1.0,1545.4742431640625,1.0,0.8528666794940076,True,ok,True,True,False,pass_quality_gate
GP_Is_18.0mm_closed_R5_single_refY,GP_Is_18.0mm_closed_R5_single_refY_005,2,GP_Is_18.0mm_closed_R5_single_refY_005-raw02-22,361,67.81324409314851,616.6929550888253,32.76300751557257,1.0,1.0,1265.36669921875,1.0,0.9255893587391956,True,ok,True,True,False,pass_quality_gate
GP_Is_18.0mm_closed_R5_single_refY,GP_Is_18.0mm_closed_R5_single_refY_005,2,GP_Is_18.0mm_closed_R5_single_refY_005-raw02-19,340,62.019204792371205,717.380355563045,39.54510890171462,1.0,1.0,1274.2955322265625,1.0,0.925586937765842,True,ok,True,True,True,pass_quality_gate
GP_Is_18.0mm_closed_R5_single_refY,GP_Is_18.0mm_closed_R5_single_refY_005,2,GP_Is_18.0mm_closed_R5_single_refY_005-raw02-20,347,61.884154090616455,687.1919110555267,33.43590422994987,1.0,1.0,1270.052978515625,1.0,0.9187247189849784,True,ok,True,True,False,pass_quality_gate
GP_Is_18.0mm_closed_R5_single_refY,GP_Is_18.0mm_closed_R5_single_refY_005,3,GP_Is_18.0mm_closed_R5_single_refY_005-raw03-21,522,90.44329727381832,498.1393325989167,30.424802625539336,1.0,1.0,1222.01123046875,1.0,0.9008152097431136,True,ok,True,True,False,pass_quality_gate
GP_Is_18.0mm_closed_R5_single_refY,GP_Is_18.0mm_closed_R5_single_refY_005,3,GP_Is_18.0mm_closed_R5_single_refY_005-raw03-20,515,86.25410575854923,469.4621829632914,24.219251276104725,1.0,1.0,1225.91064453125,1.0,0.9126586211218336,True,ok,True,True,False,pass_quality_gate
GP_Is_18.0mm_closed_R5_single_refY,GP_Is_18.0mm_closed_R5_single_refY_005,3,GP_Is_18.0mm_closed_R5_single_refY_005-raw03-19,508,84.25072578401803,462.45519326279424,23.5139392424053,1.0,1.0,1225.9107666015625,1.0,0.9124481495337016,True,ok,True,True,True,pass_quality_gate
GP_Is_18.0mm_closed_R5_single_refY,GP_Is_18.0mm_closed_R5_single_refY_005,4,GP_Is_18.0mm_closed_R5_single_refY_005-raw04-03,564,88.0292491179996,526.9379329358652,28.120067546610606,1.0,1.0,1222.01123046875,1.0,0.9006449763374206,True,ok,True,True,True,pass_quality_gate
GP_Is_18.0mm_closed_R5_single_refY,GP_Is_18.0mm_closed_R5_single_refY_005,4,GP_Is_18.0mm_closed_R5_single_refY_005-raw04-02,557,86.6719908615854,518.8776284039986,26.93755027002183,1.0,1.0,1221.425537109375,1.0,0.900888384154863,True,ok,True,True,False,pass_quality_gate
GP_Is_18.0mm_closed_R5_single_refY,GP_Is_18.0mm_closed_R5_single_refY_005,4,GP_Is_18.0mm_closed_R5_single_refY_005-raw04-05,578,85.68791561584004,412.0544061302682,22.5973992801579,1.0,1.0,1217.425537109375,1.0,0.924756095211913,True,ok,True,True,False,pass_quality_gate
GP_Is_18.0mm_closed_R5_single_refY,GP_Is_18.0mm_closed_R5_single_refY_005,5,GP_Is_18.0mm_closed_R5_single_refY_005-raw05-01,718,77.86879553874334,414.3320390387239,26.3556161891769,1.0,1.0,1212.5970458984375,1.0,0.9332021338233644,True,ok,True,True,True,pass_quality_gate
GP_Is_18.0mm_closed_R5_single_refY,GP_Is_18.0mm_closed_R5_single_refY_005,5,GP_Is_18.0mm_closed_R5_single_refY_005-raw05-21,860,75.72642573509215,223.6929452697327,14.825573248785815,1.0,1.0,1215.5260009765625,1.0,0.9450836955813132,True,ok,False,True,False,pass_quality_gate
GP_Is_18.0mm_closed_R5_single_refY,GP_Is_18.0mm_closed_R5_single_refY_005,5,GP_Is_18.0mm_closed_R5_single_refY_005-raw05-20,853,72.67199976458963,217.679066617558,13.917010229662456,1.0,1.0,1217.2833251953125,1.0,0.944941398961454,True,ok,False,True,False,pass_quality_gate
GP_Is_4.8mm_closed_R10_single_refY,GP_Is_4.8mm_closed_R10_single_refY_004,1,GP_Is_4.8mm_closed_R10_single_refY_004-raw01-01,45,23.20345457842321,487.30830470124863,16.275538422860972,1.0,1.0,423.8893737792969,1.0,0.6096889901687944,True,ok,True,True,True,pass_quality_gate
GP_Is_4.8mm_closed_R10_single_refY,GP_Is_4.8mm_closed_R10_single_refY_004,1,GP_Is_4.8mm_closed_R10_single_refY_004-raw01-21,180,22.73866861281101,442.4249363867684,12.20656125045438,1.0,1.0,407.0609436035156,1.0,0.5729017289624448,True,ok,True,True,False,pass_quality_gate
GP_Is_4.8mm_closed_R10_single_refY,GP_Is_4.8mm_closed_R10_single_refY_004,1,GP_Is_4.8mm_closed_R10_single_refY_004-raw01-23,193,21.62330836116531,410.01601126066686,9.53928037300959,1.0,1.0,412.4751586914063,1.0,0.5907855294765868,True,ok,True,True,False,pass_quality_gate
GP_Is_4.8mm_closed_R10_single_refY,GP_Is_4.8mm_closed_R10_single_refY_004,2,GP_Is_4.8mm_closed_R10_single_refY_004-raw02-12,281,27.85266161032665,506.293242346697,14.980949673016775,1.0,1.0,393.7472534179688,1.0,0.6316421875825837,True,ok,True,True,False,pass_quality_gate
GP_Is_4.8mm_closed_R10_single_refY,GP_Is_4.8mm_closed_R10_single_refY_004,2,GP_Is_4.8mm_closed_R10_single_refY_004-raw02-09,261,26.772803615692524,465.6796338672769,14.631292906178489,1.0,1.0,395.261962890625,1.0,0.6319006008350817,True,ok,True,True,True,pass_quality_gate
GP_Is_4.8mm_closed_R10_single_refY,GP_Is_4.8mm_closed_R10_single_refY_004,2,GP_Is_4.8mm_closed_R10_single_refY_004-raw02-08,254,26.457632160775457,466.2103550579003,14.992630873767824,1.0,1.0,394.0903930664063,1.0,0.6315345946658008,True,ok,True,True,False,pass_quality_gate
GP_Is_4.8mm_closed_R10_single_refY,GP_Is_4.8mm_closed_R10_single_refY_004,3,GP_Is_4.8mm_closed_R10_single_refY_004-raw03-09,423,18.71450911908562,1340.8772629131374,51.05779770802192,1.0,1.0,425.646728515625,1.0,0.6200456572611074,True,ok,True,True,False,pass_quality_gate
GP_Is_4.8mm_closed_R10_single_refY,GP_Is_4.8mm_closed_R10_single_refY_004,3,GP_Is_4.8mm_closed_R10_single_refY_004-raw03-13,450,18.09513740089204,1257.730281124498,48.800963855421685,1.0,1.0,432.3746337890625,1.0,0.6377676314097482,True,ok,True,True,True,pass_quality_gate
GP_Is_4.8mm_closed_R10_single_refY,GP_Is_4.8mm_closed_R10_single_refY_004,3,GP_Is_4.8mm_closed_R10_single_refY_004-raw03-08,416,17.053936486062884,943.3005919052952,32.58494640857463,1.0,1.0,435.0609436035156,1.0,0.6198509010995769,True,ok,False,True,False,pass_quality_gate
GP_Is_4.8mm_closed_R10_single_refY,GP_Is_4.8mm_closed_R10_single_refY_004,4,GP_Is_4.8mm_closed_R10_single_refY_004-raw04-08,578,15.964044004340227,582.4624390243903,18.92953095684803,1.0,1.0,443.7888793945313,1.0,0.6945239752904818,True,ok,True,True,False,pass_quality_gate
GP_Is_4.8mm_closed_R10_single_refY,GP_Is_4.8mm_closed_R10_single_refY_004,4,GP_Is_4.8mm_closed_R10_single_refY_004-raw04-13,612,15.766602408090051,589.146254628311,21.299416120763315,1.0,1.0,455.0020751953125,1.0,0.7179223680002674,True,ok,True,True,True,pass_quality_gate
GP_Is_4.8mm_closed_R10_single_refY,GP_Is_4.8mm_closed_R10_single_refY_004,4,GP_Is_4.8mm_closed_R10_single_refY_004-raw04-12,605,15.588582731077404,587.7208475540386,21.18195392491468,1.0,1.0,455.0020751953125,1.0,0.7182463463932515,True,ok,True,True,False,pass_quality_gate
GP_Is_4.8mm_closed_R10_single_refY,GP_Is_4.8mm_closed_R10_single_refY_004,5,GP_Is_4.8mm_closed_R10_single_refY_004-raw05-17,802,15.413394629837558,585.7562174236783,21.751005212211467,1.0,1.0,444.2741088867188,1.0,0.7227587967886197,True,ok,True,True,True,pass_quality_gate
GP_Is_4.8mm_closed_R10_single_refY,GP_Is_4.8mm_closed_R10_single_refY_004,5,GP_Is_4.8mm_closed_R10_single_refY_004-raw05-23,842,15.220885390175708,736.231474407945,28.071428571428573,1.0,1.0,437.06097412109375,1.0,0.7551091517195484,True,ok,True,True,False,pass_quality_gate
GP_Is_4.8mm_closed_R10_single_refY,GP_Is_4.8mm_closed_R10_single_refY_004,5,GP_Is_4.8mm_closed_R10_single_refY_004-raw05-09,747,14.1761592716535,692.8378547906539,24.9558569860436,1.0,1.0,434.274169921875,1.0,0.6920740073169246,True,ok,True,True,False,pass_quality_gate
GP_Is_4.8mm_closed_R10_single_refY,GP_Is_4.8mm_closed_R10_single_refY_005,1,GP_Is_4.8mm_closed_R10_single_refY_005-raw01-06,79,37.02976816078,378.8313286713287,16.756419580419582,1.0,1.0,510.11474609375,0.9999267466349236,0.7625509730709288,True,ok,True,True,False,pass_quality_gate
GP_Is_4.8mm_closed_R10_single_refY,GP_Is_4.8mm_closed_R10_single_refY_005,1,GP_Is_4.8mm_closed_R10_single_refY_005-raw01-07,86,36.82560654227999,394.1436265709156,15.866921005385995,1.0,1.0,510.9431762695313,0.9996351629909338,0.768174204063741,True,ok,True,True,False,pass_quality_gate
GP_Is_4.8mm_closed_R10_single_refY,GP_Is_4.8mm_closed_R10_single_refY_005,1,GP_Is_4.8mm_closed_R10_single_refY_005-raw01-09,99,35.40641362259006,369.07010061242346,13.922900262467191,1.0,1.0,515.5289916992188,1.0,0.7795080614530949,True,ok,True,True,True,pass_quality_gate
GP_Is_4.8mm_closed_R10_single_refY,GP_Is_4.8mm_closed_R10_single_refY_005,2,GP_Is_4.8mm_closed_R10_single_refY_005-raw02-05,235,30.94614899020608,428.8022280785817,20.07660517489219,1.0,1.0,490.5584106445313,1.0,0.8455373609897473,True,ok,True,True,True,pass_quality_gate
GP_Is_4.8mm_closed_R10_single_refY,GP_Is_4.8mm_closed_R10_single_refY_005,2,GP_Is_4.8mm_closed_R10_single_refY_005-raw02-14,296,30.360575742891104,376.7193004372267,17.3369768894441,1.0,1.0,480.9015502929688,1.0,0.8219895729445431,True,ok,True,True,False,pass_quality_gate
GP_Is_4.8mm_closed_R10_single_refY,GP_Is_4.8mm_closed_R10_single_refY_005,2,GP_Is_4.8mm_closed_R10_single_refY_005-raw02-07,249,30.335192981178377,360.6244276698428,14.762467516396486,1.0,1.0,481.7300109863281,1.0,0.8577519765864774,True,ok,True,True,False,pass_quality_gate
GP_Is_4.8mm_closed_R10_single_refY,GP_Is_4.8mm_closed_R10_single_refY_005,3,GP_Is_4.8mm_closed_R10_single_refY_005-raw03-17,480,30.094835726409485,194.29798393705948,8.224553351909522,1.0,1.0,511.7300109863281,0.9915182513982926,0.8721855319028318,True,ok,True,True,False,pass_quality_gate
GP_Is_4.8mm_closed_R10_single_refY,GP_Is_4.8mm_closed_R10_single_refY_005,3,GP_Is_4.8mm_closed_R10_single_refY_005-raw03-13,453,29.80760620388455,191.55473014801052,8.088131014688502,1.0,1.0,503.87213134765625,0.9854581417922748,0.8666689260075678,True,ok,True,True,False,pass_quality_gate
GP_Is_4.8mm_closed_R10_single_refY,GP_Is_4.8mm_closed_R10_single_refY_005,3,GP_Is_4.8mm_closed_R10_single_refY_005-raw03-18,486,29.50736105918883,174.2606348520838,8.384042323472253,1.0,1.0,516.2152709960938,0.9962240859746578,0.8663407037246338,True,ok,True,True,True,pass_quality_gate
GP_Is_4.8mm_closed_R10_single_refY,GP_Is_4.8mm_closed_R10_single_refY_005,4,GP_Is_4.8mm_closed_R10_single_refY_005-raw04-24,690,47.10275111160163,176.51599061347636,8.381897418706,0.89,2.0,411.1614627838135,0.9727151920438958,0.9597369995337014,True,ok,False,True,False,pass_quality_gate
GP_Is_4.8mm_closed_R10_single_refY,GP_Is_4.8mm_closed_R10_single_refY_005,4,GP_Is_4.8mm_closed_R10_single_refY_005-raw04-23,683,41.00546296590172,333.66160388821385,13.753159173754556,0.9639423076923076,3.0,465.1025695800781,0.973970991767934,0.933302423869549,True,ok,True,True,False,pass_quality_gate
GP_Is_4.8mm_closed_R10_single_refY,GP_Is_4.8mm_closed_R10_single_refY_005,4,GP_Is_4.8mm_closed_R10_single_refY_005-raw04-22,677,41.00376705579288,333.9632169954476,13.748952959028832,0.966346153846154,2.0,467.5167541503906,0.9739715019305776,0.9332950065933908,True,ok,True,True,True,pass_quality_gate
GP_Is_4.8mm_closed_R10_single_refY,GP_Is_4.8mm_closed_R10_single_refY_005,5,GP_Is_4.8mm_closed_R10_single_refY_005-raw05-06,731,72.5477274002452,227.16737272923092,9.78466288504344,1.0,1.0,447.8893737792969,1.0,0.9613332524025596,True,ok,True,True,False,pass_quality_gate
GP_Is_4.8mm_closed_R10_single_refY,GP_Is_4.8mm_closed_R10_single_refY_005,5,GP_Is_4.8mm_closed_R10_single_refY_005-raw05-08,745,71.46161336135751,215.13034468467225,10.035366443323891,1.0,1.0,455.5462341308594,0.9984714437908194,0.9591540628325924,True,ok,True,True,True,pass_quality_gate
GP_Is_4.8mm_closed_R10_single_refY,GP_Is_4.8mm_closed_R10_single_refY_005,5,GP_Is_4.8mm_closed_R10_single_refY_005-raw05-07,738,68.6560632205115,215.648592803705,10.593231207695048,1.0,1.0,448.6173095703125,1.0,0.9582870318531715,True,ok,True,True,False,pass_quality_gate
GP_Is_4.8mm_closed_R5_single_refY,GP_Is_4.8mm_closed_R5_single_refY_004,1,GP_Is_4.8mm_closed_R5_single_refY_004-raw01-17,160,19.53769964983433,645.6257233526227,17.638323688631697,0.9316939890710384,13.0,385.9898955821991,1.0,0.7273810498344371,False,ok,True,False,False,no_candidate_passed_quality_gate
GP_Is_4.8mm_closed_R5_single_refY,GP_Is_4.8mm_closed_R5_single_refY_004,1,GP_Is_4.8mm_closed_R5_single_refY_004-raw01-16,153,16.22146786789954,617.262155118181,13.845870405320392,0.9573333333333334,8.0,413.9604799747467,1.0,0.714248853868308,False,ok,True,False,False,no_candidate_passed_quality_gate
GP_Is_4.8mm_closed_R5_single_refY,GP_Is_4.8mm_closed_R5_single_refY_004,1,GP_Is_4.8mm_closed_R5_single_refY_004-raw01-22,196,15.896641674831766,553.4219704346286,12.18350004425954,0.9023746701846964,9.0,392.2325516939163,1.0,0.6965413227436383,False,ok,True,False,False,no_candidate_passed_quality_gate
GP_Is_4.8mm_closed_R5_single_refY,GP_Is_4.8mm_closed_R5_single_refY_004,2,GP_Is_4.8mm_closed_R5_single_refY_004-raw02-07,259,14.0354142581092,492.2252081444234,11.442832412826643,0.9128205128205128,8.0,409.71780824661255,1.0,0.6893909548456705,False,ok,True,False,False,no_candidate_passed_quality_gate
GP_Is_4.8mm_closed_R5_single_refY,GP_Is_4.8mm_closed_R5_single_refY_004,2,GP_Is_4.8mm_closed_R5_single_refY_004-raw02-06,252,13.793623871862154,494.393837027272,11.39309549312021,0.9104859335038364,10.0,407.30360984802246,1.0,0.6890548453426428,False,ok,True,False,False,no_candidate_passed_quality_gate
GP_Is_4.8mm_closed_R5_single_refY,GP_Is_4.8mm_closed_R5_single_refY_004,2,GP_Is_4.8mm_closed_R5_single_refY_004-raw02-01,217,13.50196277674804,498.0567662565905,12.12108963093146,0.7473684210526316,20.0,316.19090378284454,1.0,0.6812966790911527,False,ok,True,False,False,no_candidate_passed_quality_gate
GP_Is_4.8mm_closed_R5_single_refY,GP_Is_4.8mm_closed_R5_single_refY_004,3,GP_Is_4.8mm_closed_R5_single_refY_004-raw03-10,451,12.857812217312098,705.3452461882101,15.729047295328735,0.9078212290502792,17.0,363.9188423156738,1.0,0.7591844136070806,False,ok,True,False,False,no_candidate_passed_quality_gate
GP_Is_4.8mm_closed_R5_single_refY,GP_Is_4.8mm_closed_R5_single_refY_004,3,GP_Is_4.8mm_closed_R5_single_refY_004-raw03-11,458,12.719596264478904,569.9639800995025,13.050348258706467,0.9350282485875706,10.0,376.0903887748718,1.0,0.7559844601876007,False,ok,True,False,False,no_candidate_passed_quality_gate
GP_Is_4.8mm_closed_R5_single_refY,GP_Is_4.8mm_closed_R5_single_refY_004,3,GP_Is_4.8mm_closed_R5_single_refY_004-raw03-07,429,11.811836665117006,726.400858000858,15.866666666666667,0.9312169312169312,9.0,403.8893951177597,1.0,0.7737211907821798,False,ok,True,False,False,no_candidate_passed_quality_gate
GP_Is_4.8mm_closed_R5_single_refY,GP_Is_4.8mm_closed_R5_single_refY_004,4,GP_Is_4.8mm_closed_R5_single_refY_004-raw04-07,599,11.089278237603034,839.7655122655123,24.135551948051948,0.9648648648648648,3.0,415.7178039550781,1.0,0.7634158648040047,False,ok,True,False,False,no_candidate_passed_quality_gate
GP_Is_4.8mm_closed_R5_single_refY,GP_Is_4.8mm_closed_R5_single_refY_004,4,GP_Is_4.8mm_closed_R5_single_refY_004-raw04-04,578,10.7282289948593,815.0430656280777,23.011907959530845,0.9568733153638814,4.0,411.47518491745,1.0,0.7709623215990631,False,ok,True,False,False,no_candidate_passed_quality_gate
GP_Is_4.8mm_closed_R5_single_refY,GP_Is_4.8mm_closed_R5_single_refY_004,4,GP_Is_4.8mm_closed_R5_single_refY_004-raw04-12,635,10.316443003035175,872.9767851895386,27.334116955627387,0.8067226890756303,5.0,331.877201795578,1.0,0.7504322499910947,False,ok,True,False,False,no_candidate_passed_quality_gate
GP_Is_4.8mm_closed_R5_single_refY,GP_Is_4.8mm_closed_R5_single_refY_004,5,GP_Is_4.8mm_closed_R5_single_refY_004-raw05-24,891,12.261948366499537,707.2777670465521,22.06190844118215,0.9915014164305948,2.0,411.7888488769531,1.0,0.8202730152760922,False,ok,True,False,False,no_candidate_passed_quality_gate
GP_Is_4.8mm_closed_R5_single_refY,GP_Is_4.8mm_closed_R5_single_refY_004,5,GP_Is_4.8mm_closed_R5_single_refY_004-raw05-15,827,12.122041704625255,610.2591902754632,15.646995392608568,0.9150141643059492,17.0,359.8477795124054,1.0,0.7994882368967281,False,ok,False,False,False,no_candidate_passed_quality_gate
GP_Is_4.8mm_closed_R5_single_refY,GP_Is_4.8mm_closed_R5_single_refY_004,5,GP_Is_4.8mm_closed_R5_single_refY_004-raw05-13,813,11.68501736072964,907.9441860465116,29.169909824394875,0.9611111111111112,5.0,401.0609458684921,1.0,0.7666350257496729,False,ok,True,False,False,no_candidate_passed_quality_gate
GP_Is_4.8mm_closed_R5_single_refY,GP_Is_4.8mm_closed_R5_single_refY_005,1,GP_Is_4.8mm_closed_R5_single_refY_005-raw01-14,93,37.84731210665171,1671.4254108216433,67.2087374749499,0.9922279792746114,1.0,449.9309997558594,1.0,0.8621808864287084,False,ok,True,False,False,no_candidate_passed_quality_gate
GP_Is_4.8mm_closed_R5_single_refY,GP_Is_4.8mm_closed_R5_single_refY_005,1,GP_Is_4.8mm_closed_R5_single_refY_005-raw01-15,97,37.834616737336304,1664.9265165478002,66.34618158506291,0.971938775510204,2.0,446.5167827606201,1.0,0.8619942107068287,False,ok,True,False,False,no_candidate_passed_quality_gate
GP_Is_4.8mm_closed_R5_single_refY,GP_Is_4.8mm_closed_R5_single_refY_005,1,GP_Is_4.8mm_closed_R5_single_refY_005-raw01-12,83,37.17136591121419,1505.6819827794318,61.5094552184759,0.9896373056994818,2.0,445.44573974609375,1.0,0.8602954287236133,False,ok,True,False,False,no_candidate_passed_quality_gate
GP_Is_4.8mm_closed_R5_single_refY,GP_Is_4.8mm_closed_R5_single_refY_005,2,GP_Is_4.8mm_closed_R5_single_refY_005-raw02-04,159,34.8988550698916,539.8938552571689,15.856713700500682,1.0,1.0,425.203125,1.0,0.8587340719625818,False,ok,True,False,False,no_candidate_passed_quality_gate
GP_Is_4.8mm_closed_R5_single_refY,GP_Is_4.8mm_closed_R5_single_refY_005,2,GP_Is_4.8mm_closed_R5_single_refY_005-raw02-03,155,34.224146961805566,535.0562494302125,15.637068101011945,1.0,1.0,425.203125,1.0,0.8583402761364316,False,ok,True,False,False,no_candidate_passed_quality_gate
GP_Is_4.8mm_closed_R5_single_refY,GP_Is_4.8mm_closed_R5_single_refY_005,2,GP_Is_4.8mm_closed_R5_single_refY_005-raw02-05,164,32.426719033718165,452.7386803492664,10.232424160590512,0.9917355371900828,3.0,423.688351392746,1.0,0.8672190508034229,False,ok,True,False,False,no_candidate_passed_quality_gate
GP_Is_4.8mm_closed_R5_single_refY,GP_Is_4.8mm_closed_R5_single_refY_005,3,GP_Is_4.8mm_closed_R5_single_refY_005-raw03-10,302,21.0592553665538,476.8131105190926,13.003390651489465,1.0,1.0,453.34524381160736,1.0,0.8166005959263721,False,ok,True,False,False,no_candidate_passed_quality_gate
GP_Is_4.8mm_closed_R5_single_refY,GP_Is_4.8mm_closed_R5_single_refY_005,3,GP_Is_4.8mm_closed_R5_single_refY_005-raw03-09,297,20.53507904095004,466.645718901454,13.116882067851371,1.0,1.0,451.9310302734375,1.0,0.8201091965138316,False,ok,True,False,False,no_candidate_passed_quality_gate
GP_Is_4.8mm_closed_R5_single_refY,GP_Is_4.8mm_closed_R5_single_refY_005,3,GP_Is_4.8mm_closed_R5_single_refY_005-raw03-08,292,18.242270434339552,382.5680327868852,9.395901639344263,1.0,1.0,449.0020751953125,1.0,0.81085396241764,False,ok,True,False,False,no_candidate_passed_quality_gate
GP_Is_4.8mm_closed_R5_single_refY,GP_Is_4.8mm_closed_R5_single_refY_005,4,GP_Is_4.8mm_closed_R5_single_refY_005-raw04-24,482,25.31031244807773,544.6246102182778,15.905552890381388,0.9547511312217196,6.0,495.9432005882263,1.0,0.9060094172897666,False,ok,True,False,False,no_candidate_passed_quality_gate
GP_Is_4.8mm_closed_R5_single_refY,GP_Is_4.8mm_closed_R5_single_refY_005,4,GP_Is_4.8mm_closed_R5_single_refY_005-raw04-16,444,24.020442949040728,357.4237466324989,11.307641763584993,1.0,1.0,502.21527099609375,1.0,0.8593064759939714,False,ok,False,False,False,no_candidate_passed_quality_gate
GP_Is_4.8mm_closed_R5_single_refY,GP_Is_4.8mm_closed_R5_single_refY_005,4,GP_Is_4.8mm_closed_R5_single_refY_005-raw04-23,477,23.539393423432493,528.4314879308274,14.558424402545937,0.9548532731376976,7.0,494.7005842924118,1.0,0.9046336534457452,False,ok,True,False,False,no_candidate_passed_quality_gate
GP_Is_4.8mm_closed_R5_single_refY,GP_Is_4.8mm_closed_R5_single_refY_005,5,GP_Is_4.8mm_closed_R5_single_refY_005-raw05-20,580,38.33129908430311,889.7206690841034,22.964089367177447,0.9131403118040088,8.0,483.1858427524567,0.9995901999238944,0.9706232483431652,False,ok,True,False,False,no_candidate_passed_quality_gate
GP_Is_4.8mm_closed_R5_single_refY,GP_Is_4.8mm_closed_R5_single_refY_005,5,GP_Is_4.8mm_closed_R5_single_refY_005-raw05-19,575,37.92025629108453,943.4402567094515,24.322637106184363,0.922566371681416,8.0,490.1858106851578,0.9992677854904372,0.9679505067505,False,ok,True,False,False,no_candidate_passed_quality_gate
GP_Is_4.8mm_closed_R5_single_refY,GP_Is_4.8mm_closed_R5_single_refY_005,5,GP_Is_4.8mm_closed_R5_single_refY_005-raw05-13,545,35.695267058177066,1095.9687590062829,36.89054124157012,0.9692307692307692,8.0,514.1858414411545,1.0,0.947384898239143,False,ok,True,False,False,no_candidate_passed_quality_gate
GP_Is_6.5mm_closed_R10_single_refY,GP_Is_6.5mm_closed_R10_single_refY_004,1,GP_Is_6.5mm_closed_R10_single_refY_004-raw01-07,74,37.97121944263129,331.4811328280814,12.433187076186677,0.9491978609625668,3.0,408.7472496032715,1.0,0.6302925569645984,True,ok,True,True,True,pass_quality_gate
GP_Is_6.5mm_closed_R10_single_refY,GP_Is_6.5mm_closed_R10_single_refY_004,1,GP_Is_6.5mm_closed_R10_single_refY_004-raw01-05,63,36.84372875453689,336.09362502940485,11.976554536187564,0.9358288770053476,2.0,407.2325172424317,1.0,0.6302666355001636,True,ok,True,True,False,pass_quality_gate
GP_Is_6.5mm_closed_R10_single_refY,GP_Is_6.5mm_closed_R10_single_refY_004,1,GP_Is_6.5mm_closed_R10_single_refY_004-raw01-06,68,36.81940693493125,336.3218372785703,12.020457751998746,0.9385026737967914,2.0,408.6467304229736,1.0,0.6302955376472616,True,ok,True,True,False,pass_quality_gate
GP_Is_6.5mm_closed_R10_single_refY,GP_Is_6.5mm_closed_R10_single_refY_004,2,GP_Is_6.5mm_closed_R10_single_refY_004-raw02-04,198,32.34348176913673,330.16805450416354,13.180082429136176,0.989100817438692,2.0,420.232536315918,1.0,0.649628048362529,True,ok,True,True,True,pass_quality_gate
GP_Is_6.5mm_closed_R10_single_refY,GP_Is_6.5mm_closed_R10_single_refY_004,2,GP_Is_6.5mm_closed_R10_single_refY_004-raw02-03,192,31.237012535932333,321.72524337025845,10.372776099362202,0.8888888888888888,4.0,380.7472667694092,0.9994896946673092,0.648095828359185,True,ok,True,True,False,pass_quality_gate
GP_Is_6.5mm_closed_R10_single_refY,GP_Is_6.5mm_closed_R10_single_refY_004,2,GP_Is_6.5mm_closed_R10_single_refY_004-raw02-07,215,30.85146449017936,322.8872947277442,11.908988764044944,0.9476584022038568,3.0,399.4041233062744,0.9942667640942048,0.6496902207773646,True,ok,True,True,False,pass_quality_gate
GP_Is_6.5mm_closed_R10_single_refY,GP_Is_6.5mm_closed_R10_single_refY_004,3,GP_Is_6.5mm_closed_R10_single_refY_004-raw03-23,450,36.73592824003313,282.09747139426474,10.691199321938129,0.8816120906801007,2.0,399.7766952514648,1.0,0.7108496001057317,True,ok,True,True,False,pass_quality_gate
GP_Is_6.5mm_closed_R10_single_refY,GP_Is_6.5mm_closed_R10_single_refY_004,3,GP_Is_6.5mm_closed_R10_single_refY_004-raw03-24,456,34.93384245729328,260.68810579307234,9.192801863400708,0.9338422391857506,2.0,421.747257232666,0.9963503649635036,0.7227142726985035,True,ok,True,True,True,pass_quality_gate
GP_Is_6.5mm_closed_R10_single_refY,GP_Is_6.5mm_closed_R10_single_refY_004,3,GP_Is_6.5mm_closed_R10_single_refY_004-raw03-22,444,34.74728901728407,275.87871041045304,10.10154807555745,0.9093198992443324,2.0,414.0904006958008,1.0,0.7065189847375033,True,ok,True,True,False,pass_quality_gate
GP_Is_6.5mm_closed_R10_single_refY,GP_Is_6.5mm_closed_R10_single_refY_004,4,GP_Is_6.5mm_closed_R10_single_refY_004-raw04-01,462,35.315176084277084,261.4412493430437,9.363991290637436,0.9287531806615776,3.0,418.3330726623535,0.9967615857063092,0.7232302293442648,True,ok,False,True,False,pass_quality_gate
GP_Is_6.5mm_closed_R10_single_refY,GP_Is_6.5mm_closed_R10_single_refY_004,4,GP_Is_6.5mm_closed_R10_single_refY_004-raw04-20,574,33.24941731414678,464.3829096133425,19.231932038228496,0.8648018648018648,3.0,420.60508728027344,0.9998159299481976,0.719913036911729,True,ok,True,True,False,pass_quality_gate
GP_Is_6.5mm_closed_R10_single_refY,GP_Is_6.5mm_closed_R10_single_refY_004,4,GP_Is_6.5mm_closed_R10_single_refY_004-raw04-19,568,33.01832031211852,475.01987080898186,20.734420178406644,0.9046511627906976,2.0,441.26195526123047,1.0,0.7197234819841299,True,ok,True,True,True,pass_quality_gate
GP_Is_6.5mm_closed_R10_single_refY,GP_Is_6.5mm_closed_R10_single_refY_004,5,GP_Is_6.5mm_closed_R10_single_refY_004-raw05-13,675,32.31299478917534,300.238637078016,12.951530772615827,0.8337236533957846,3.0,408.0904064178467,0.9995851805760804,0.7134330388811803,True,ok,True,True,False,pass_quality_gate
GP_Is_6.5mm_closed_R10_single_refY,GP_Is_6.5mm_closed_R10_single_refY_004,5,GP_Is_6.5mm_closed_R10_single_refY_004-raw05-16,693,31.969194867621542,312.07551199899484,13.041085563513004,0.8694638694638694,2.0,424.8477630615234,0.998883464894059,0.7120510037664342,True,ok,True,True,False,pass_quality_gate
GP_Is_6.5mm_closed_R10_single_refY,GP_Is_6.5mm_closed_R10_single_refY_004,5,GP_Is_6.5mm_closed_R10_single_refY_004-raw05-14,681,31.94716686027315,298.79644132573145,10.87381742998559,0.8990610328638498,2.0,436.5045928955078,0.999688522037066,0.713211960650798,True,ok,True,True,True,pass_quality_gate
GP_Is_6.5mm_closed_R10_single_refY,GP_Is_6.5mm_closed_R10_single_refY_005,1,GP_Is_6.5mm_closed_R10_single_refY_005-raw01-24,172,50.51783138651904,132.39938103308526,7.553938545427751,0.90072202166065,2.0,578.6000595092773,1.0,0.9308227839123444,True,ok,True,True,False,pass_quality_gate
GP_Is_6.5mm_closed_R10_single_refY,GP_Is_6.5mm_closed_R10_single_refY_005,1,GP_Is_6.5mm_closed_R10_single_refY_005-raw01-22,160,50.21692915984261,125.76867558160836,6.469133540941565,0.9172661870503596,3.0,590.6711297035217,1.0,0.9305974586441588,True,ok,True,True,True,pass_quality_gate
GP_Is_6.5mm_closed_R10_single_refY,GP_Is_6.5mm_closed_R10_single_refY_005,1,GP_Is_6.5mm_closed_R10_single_refY_005-raw01-21,155,49.82115559443248,129.67153741396444,6.123891199528875,0.8729582577132486,2.0,554.3868522644043,1.0,0.9279181267583992,True,ok,True,True,False,pass_quality_gate
GP_Is_6.5mm_closed_R10_single_refY,GP_Is_6.5mm_closed_R10_single_refY_005,2,GP_Is_6.5mm_closed_R10_single_refY_005-raw02-06,207,52.3099312540643,130.78673263698002,6.167527945757742,0.8453237410071942,3.0,535.7593965530396,1.0,0.9325424998338178,True,ok,True,True,False,pass_quality_gate
GP_Is_6.5mm_closed_R10_single_refY,GP_Is_6.5mm_closed_R10_single_refY_005,2,GP_Is_6.5mm_closed_R10_single_refY_005-raw02-09,225,52.208279473480175,135.31602610587382,7.174002900652647,0.8772563176895307,3.0,563.3573913574219,1.0,0.941677018681574,True,ok,True,True,False,pass_quality_gate
GP_Is_6.5mm_closed_R10_single_refY,GP_Is_6.5mm_closed_R10_single_refY_005,2,GP_Is_6.5mm_closed_R10_single_refY_005-raw02-12,242,51.79767034684173,136.11205297049514,7.187652344744788,0.8862815884476535,3.0,567.5289945602417,1.0,0.9347766561148791,True,ok,True,True,True,pass_quality_gate
GP_Is_6.5mm_closed_R10_single_refY,GP_Is_6.5mm_closed_R10_single_refY_005,3,GP_Is_6.5mm_closed_R10_single_refY_005-raw03-05,341,47.138276795111786,140.06131094508203,6.17095432488639,0.8895131086142322,1.0,544.0020751953125,1.0,0.9112770536477388,True,ok,True,True,True,pass_quality_gate
GP_Is_6.5mm_closed_R10_single_refY,GP_Is_6.5mm_closed_R10_single_refY_005,3,GP_Is_6.5mm_closed_R10_single_refY_005-raw03-11,376,46.2936855384815,150.89660113030328,6.730159993632094,0.8650190114068441,4.0,517.688346862793,1.0,0.909967421054916,True,ok,True,True,False,pass_quality_gate
GP_Is_6.5mm_closed_R10_single_refY,GP_Is_6.5mm_closed_R10_single_refY_005,3,GP_Is_6.5mm_closed_R10_single_refY_005-raw03-12,382,45.535170043633286,148.17657771795075,6.957399635758968,0.8541666666666666,3.0,515.1025619506836,1.0,0.9110981252076844,True,ok,True,True,False,pass_quality_gate
GP_Is_6.5mm_closed_R10_single_refY,GP_Is_6.5mm_closed_R10_single_refY_005,4,GP_Is_6.5mm_closed_R10_single_refY_005-raw04-21,575,49.19782439007111,174.41494383851537,7.526412176461013,0.8275193798449613,3.0,488.20308685302734,0.9918791045830097,0.857540189544597,True,ok,True,True,False,pass_quality_gate
GP_Is_6.5mm_closed_R10_single_refY,GP_Is_6.5mm_closed_R10_single_refY_005,4,GP_Is_6.5mm_closed_R10_single_refY_005-raw04-20,569,47.473929021424425,167.5637992976224,5.997335809147056,0.7803468208092486,3.0,463.303617477417,0.9900279639107266,0.8593593900423229,True,ok,True,True,False,pass_quality_gate
GP_Is_6.5mm_closed_R10_single_refY,GP_Is_6.5mm_closed_R10_single_refY_005,4,GP_Is_6.5mm_closed_R10_single_refY_005-raw04-13,528,46.67492490536607,172.3750305997552,8.307711138310893,0.8643410852713178,5.0,506.4457015991211,0.9992461635107244,0.8857116578426001,True,ok,True,True,True,pass_quality_gate
GP_Is_6.5mm_closed_R10_single_refY,GP_Is_6.5mm_closed_R10_single_refY_005,5,GP_Is_6.5mm_closed_R10_single_refY_005-raw05-12,663,47.38644850915861,178.824497974474,9.39181948860914,0.8955823293172691,1.0,511.274169921875,0.999661832118434,0.8172197462518969,True,ok,True,True,False,pass_quality_gate
GP_Is_6.5mm_closed_R10_single_refY,GP_Is_6.5mm_closed_R10_single_refY_005,5,GP_Is_6.5mm_closed_R10_single_refY_005-raw05-09,645,46.38158169945494,166.3352874267215,7.8539679762008925,0.8931451612903226,1.0,507.8599548339844,1.0,0.818833328508579,True,ok,True,True,False,pass_quality_gate
GP_Is_6.5mm_closed_R10_single_refY,GP_Is_6.5mm_closed_R10_single_refY_005,5,GP_Is_6.5mm_closed_R10_single_refY_005-raw05-11,657,45.96094708378048,165.0528711484594,7.101584383753502,0.9074446680080482,1.0,517.1026000976562,1.0,0.8255604312068439,True,ok,True,True,True,pass_quality_gate
GP_Is_7.0mm_closed_R5_single_refY,GP_Is_7.0mm_closed_R5_single_refY_004,1,GP_Is_7.0mm_closed_R5_single_refY_004-raw01-01,30,23.81259912832284,652.7141685462375,22.90757637892147,0.4571805006587615,2.0,398.8477420806885,1.0,0.3844273665505923,True,ok,True,True,False,pass_quality_gate
GP_Is_7.0mm_closed_R5_single_refY,GP_Is_7.0mm_closed_R5_single_refY_004,1,GP_Is_7.0mm_closed_R5_single_refY_004-raw01-03,39,22.77859788060601,574.6062658763759,21.103302286198137,0.4682230869001297,2.0,414.0903854370117,1.0,0.4241753177873479,True,ok,True,True,True,pass_quality_gate
GP_Is_7.0mm_closed_R5_single_refY,GP_Is_7.0mm_closed_R5_single_refY_004,1,GP_Is_7.0mm_closed_R5_single_refY_004-raw01-12,80,22.47810419056148,660.6420074349443,26.30831784386617,0.4441687344913151,3.0,410.91881942749023,1.0,0.4136572903716308,True,ok,True,True,False,pass_quality_gate
GP_Is_7.0mm_closed_R5_single_refY,GP_Is_7.0mm_closed_R5_single_refY_004,2,GP_Is_7.0mm_closed_R5_single_refY_004-raw02-22,236,34.221390986614445,1023.0529076396808,45.70068415051311,0.4932249322493225,4.0,416.33305168151855,1.0,0.566281639134674,True,ok,True,True,False,pass_quality_gate
GP_Is_7.0mm_closed_R5_single_refY,GP_Is_7.0mm_closed_R5_single_refY_004,2,GP_Is_7.0mm_closed_R5_single_refY_004-raw02-21,232,33.95842768294605,1016.1586308846942,44.87258357971344,0.4939106901217862,4.0,416.5045928955078,1.0,0.5653519073296001,True,ok,True,True,True,pass_quality_gate
GP_Is_7.0mm_closed_R5_single_refY,GP_Is_7.0mm_closed_R5_single_refY_004,2,GP_Is_7.0mm_closed_R5_single_refY_004-raw02-20,227,33.56833978361436,1012.8237508555784,44.98779374857404,0.4925575101488498,4.0,415.9188041687012,1.0,0.5628611013641619,True,ok,True,True,False,pass_quality_gate
GP_Is_7.0mm_closed_R5_single_refY,GP_Is_7.0mm_closed_R5_single_refY_004,3,GP_Is_7.0mm_closed_R5_single_refY_004-raw03-14,310,39.65914156001411,1150.3666685320948,47.59281437125748,0.4350736278447122,2.0,373.53404998779297,1.0,0.4932600710169414,True,ok,True,True,False,pass_quality_gate
GP_Is_7.0mm_closed_R5_single_refY,GP_Is_7.0mm_closed_R5_single_refY_004,3,GP_Is_7.0mm_closed_R5_single_refY_004-raw03-12,300,38.17753742819774,983.653432540836,38.87920711503808,0.4644808743169399,3.0,386.70561599731445,1.0,0.5135103824706275,True,ok,True,True,True,pass_quality_gate
GP_Is_7.0mm_closed_R5_single_refY,GP_Is_7.0mm_closed_R5_single_refY_004,3,GP_Is_7.0mm_closed_R5_single_refY_004-raw03-11,296,36.56375715594702,1002.306324110672,38.424203673564286,0.4623803009575923,3.0,384.7056179046631,1.0,0.514167017659816,True,ok,True,True,False,pass_quality_gate
GP_Is_7.0mm_closed_R5_single_refY,GP_Is_7.0mm_closed_R5_single_refY_004,4,GP_Is_7.0mm_closed_R5_single_refY_004-raw04-10,401,34.86971829967735,490.7081190587502,22.37000675289596,0.4176394293125811,2.0,375.090389251709,1.0,0.4233427884563102,True,ok,False,True,False,pass_quality_gate
GP_Is_7.0mm_closed_R5_single_refY,GP_Is_7.0mm_closed_R5_single_refY_004,4,GP_Is_7.0mm_closed_R5_single_refY_004-raw04-09,397,34.82637295802433,491.3780177560874,22.39312600591869,0.4145077720207253,3.0,371.67617654800415,1.0,0.4209804064661047,True,ok,False,True,False,pass_quality_gate
GP_Is_7.0mm_closed_R5_single_refY,GP_Is_7.0mm_closed_R5_single_refY_004,4,GP_Is_7.0mm_closed_R5_single_refY_004-raw04-02,365,32.67491597794427,1066.8711023276242,46.9058519982433,0.4329349269588313,3.0,375.1908836364746,1.0,0.410720840958353,True,ok,True,True,True,pass_quality_gate
GP_Is_7.0mm_closed_R5_single_refY,GP_Is_7.0mm_closed_R5_single_refY_004,5,GP_Is_7.0mm_closed_R5_single_refY_004-raw05-01,470,24.245035752867462,397.1504165522292,19.10390918245903,0.4703791469194313,5.0,447.9188060760498,1.0,0.5356149081246596,True,ok,True,True,True,pass_quality_gate
GP_Is_7.0mm_closed_R5_single_refY,GP_Is_7.0mm_closed_R5_single_refY_004,5,GP_Is_7.0mm_closed_R5_single_refY_004-raw05-02,475,21.99487820321072,346.02460276781136,15.549461814454126,0.4431137724550898,4.0,419.8477386236191,1.0,0.517030907711145,True,ok,False,True,False,pass_quality_gate
GP_Is_7.0mm_closed_R5_single_refY,GP_Is_7.0mm_closed_R5_single_refY_004,5,GP_Is_7.0mm_closed_R5_single_refY_004-raw05-24,579,21.23050670597289,479.431959261049,26.84763780990968,0.4316702819956616,2.0,461.0315170288086,1.0,0.4513741667580115,True,ok,True,True,False,pass_quality_gate
GP_Is_7.0mm_closed_R5_single_refY,GP_Is_7.0mm_closed_R5_single_refY_005,1,GP_Is_7.0mm_closed_R5_single_refY_005-raw01-20,210,67.3659338363353,259.95699987643644,12.491371143786813,0.5907172995780591,7.0,645.7838759422302,0.9977895950794464,0.8726646883418218,True,ok,True,True,False,pass_quality_gate
GP_Is_7.0mm_closed_R5_single_refY,GP_Is_7.0mm_closed_R5_single_refY_005,1,GP_Is_7.0mm_closed_R5_single_refY_005-raw01-19,202,65.09176179402671,248.24519527552573,11.227540227992922,0.6010526315789474,7.0,658.4406995773315,0.9965855059514312,0.8723562619180653,True,ok,True,True,True,pass_quality_gate
GP_Is_7.0mm_closed_R5_single_refY,GP_Is_7.0mm_closed_R5_single_refY_005,1,GP_Is_7.0mm_closed_R5_single_refY_005-raw01-18,194,62.88695608468585,238.4308723206717,10.9745690873128,0.5950413223140496,9.0,658.5411880016327,0.97977730219286,0.8721943049823863,True,ok,True,True,False,pass_quality_gate
GP_Is_7.0mm_closed_R5_single_refY,GP_Is_7.0mm_closed_R5_single_refY_005,2,GP_Is_7.0mm_closed_R5_single_refY_005-raw02-12,341,46.44363565647337,309.38940372554526,10.194233829448656,0.6013363028953229,8.0,616.0853304862976,1.0,0.8680858979127215,True,ok,True,True,True,pass_quality_gate
GP_Is_7.0mm_closed_R5_single_refY,GP_Is_7.0mm_closed_R5_single_refY_005,2,GP_Is_7.0mm_closed_R5_single_refY_005-raw02-02,259,44.644913378085626,179.67304562051822,7.518718930095464,0.5463362068965517,5.0,587.3279547691345,1.0,0.8368711278127262,True,ok,False,True,False,pass_quality_gate
GP_Is_7.0mm_closed_R5_single_refY,GP_Is_7.0mm_closed_R5_single_refY_005,2,GP_Is_7.0mm_closed_R5_single_refY_005-raw02-01,251,41.21881905381944,170.66479614204297,6.211749232792635,0.5885529157667386,9.0,624.6417078971863,1.0,0.8442895106772145,True,ok,False,True,False,pass_quality_gate
GP_Is_7.0mm_closed_R5_single_refY,GP_Is_7.0mm_closed_R5_single_refY_005,3,GP_Is_7.0mm_closed_R5_single_refY_005-raw03-09,514,39.26911774820281,197.61272295440787,10.498626181716574,0.5667420814479638,10.0,566.3868660926819,1.0,0.7895919363083831,True,ok,False,True,False,pass_quality_gate
GP_Is_7.0mm_closed_R5_single_refY,GP_Is_7.0mm_closed_R5_single_refY_005,3,GP_Is_7.0mm_closed_R5_single_refY_005-raw03-16,571,38.05145498515824,1011.1443888813805,42.81434428075866,0.6077097505668935,11.0,603.7005598545074,0.996694488058838,0.7736809847010165,True,ok,True,True,True,pass_quality_gate
GP_Is_7.0mm_closed_R5_single_refY,GP_Is_7.0mm_closed_R5_single_refY_005,3,GP_Is_7.0mm_closed_R5_single_refY_005-raw03-15,563,37.409940264712446,1032.7391499685507,45.14682361398149,0.5897727272727272,11.0,582.9726665019989,0.995183797801836,0.774239705021255,True,ok,True,True,False,pass_quality_gate
GP_Is_7.0mm_closed_R5_single_refY,GP_Is_7.0mm_closed_R5_single_refY_005,4,GP_Is_7.0mm_closed_R5_single_refY_005-raw04-03,661,31.952659589409546,1565.308072487644,68.32619439868205,0.4910179640718562,11.0,461.13200771808624,1.0,0.7404822877861686,True,ok,True,True,True,pass_quality_gate
GP_Is_7.0mm_closed_R5_single_refY,GP_Is_7.0mm_closed_R5_single_refY_005,4,GP_Is_7.0mm_closed_R5_single_refY_005-raw04-01,645,31.91540690077677,1162.5519218118598,55.74368010525327,0.5955710955710956,10.0,573.4873847961426,1.0,0.7449212563268874,True,ok,False,True,False,pass_quality_gate
GP_Is_7.0mm_closed_R5_single_refY,GP_Is_7.0mm_closed_R5_single_refY_005,4,GP_Is_7.0mm_closed_R5_single_refY_005-raw04-02,653,31.608451531726946,1078.1051193896294,45.828992605849386,0.5955710955710956,8.0,579.629487991333,1.0,0.7461652131473091,True,ok,False,True,False,pass_quality_gate
GP_Is_7.0mm_closed_R5_single_refY,GP_Is_7.0mm_closed_R5_single_refY_005,5,GP_Is_7.0mm_closed_R5_single_refY_005-raw05-03,859,20.649430651134924,681.1759416997918,33.5093223547227,0.4916666666666666,12.0,460.2325441837311,1.0,0.6278264013464533,True,ok,True,True,False,pass_quality_gate
GP_Is_7.0mm_closed_R5_single_refY,GP_Is_7.0mm_closed_R5_single_refY_005,5,GP_Is_7.0mm_closed_R5_single_refY_005-raw05-02,850,19.85876971489118,685.0231345406277,33.756376220726274,0.4928571428571429,10.0,461.5756857395172,1.0,0.6277380944333089,True,ok,True,True,True,pass_quality_gate
GP_Is_7.0mm_closed_R5_single_refY,GP_Is_7.0mm_closed_R5_single_refY_005,5,GP_Is_7.0mm_closed_R5_single_refY_005-raw05-04,867,19.283256278896328,761.6878314197445,34.27292848250104,0.4767441860465116,7.0,459.7472652196884,1.0,0.6207718427240453,True,ok,True,True,False,pass_quality_gate
GP_Is_7mm_closed_R10_single_refY,GP_Is_7mm_closed_R10_single_refY_004,1,GP_Is_7mm_closed_R10_single_refY_004-raw01-19,158,30.832789526102264,384.05794288882726,8.482441548840217,0.9347826086956522,4.0,598.9848480224609,1.0,0.5167105334702977,True,ok,True,True,False,pass_quality_gate
GP_Is_7mm_closed_R10_single_refY,GP_Is_7mm_closed_R10_single_refY_004,1,GP_Is_7mm_closed_R10_single_refY_004-raw01-03,55,30.1456084908085,434.2287669452986,9.081380744077268,0.9944444444444444,2.0,624.4700927734375,1.0,0.5658935429802576,True,ok,True,True,True,pass_quality_gate
GP_Is_7mm_closed_R10_single_refY,GP_Is_7mm_closed_R10_single_refY_004,1,GP_Is_7mm_closed_R10_single_refY_004-raw01-24,190,29.146830448234223,471.6076513422454,9.551570481469405,0.9380863039399624,2.0,576.286376953125,1.0,0.4831060566582346,True,ok,True,True,False,pass_quality_gate
GP_Is_7mm_closed_R10_single_refY,GP_Is_7mm_closed_R10_single_refY_004,2,GP_Is_7mm_closed_R10_single_refY_004-raw02-03,209,26.299340176010123,526.0282246993576,10.28944044808083,0.8857715430861723,4.0,513.8010506629944,1.0,0.495844442564937,True,ok,True,True,False,pass_quality_gate
GP_Is_7mm_closed_R10_single_refY,GP_Is_7mm_closed_R10_single_refY_004,2,GP_Is_7mm_closed_R10_single_refY_004-raw02-05,222,25.203590488168963,414.1829403386612,6.095954001160521,0.9137254901960784,6.0,538.2863426208496,1.0,0.5045951140910938,True,ok,True,True,True,pass_quality_gate
GP_Is_7mm_closed_R10_single_refY,GP_Is_7mm_closed_R10_single_refY_004,2,GP_Is_7mm_closed_R10_single_refY_004-raw02-07,234,23.49162108730269,367.8721434488135,9.1287823417629,0.9863481228668942,1.0,678.4822998046875,1.0,0.5090042643971897,True,ok,False,True,False,pass_quality_gate
GP_Is_7mm_closed_R10_single_refY,GP_Is_7mm_closed_R10_single_refY_004,3,GP_Is_7mm_closed_R10_single_refY_004-raw03-01,350,22.85911129369736,381.9447244767193,7.992780862879111,1.0,1.0,624.298583984375,1.0,0.5760261552370484,True,ok,True,True,True,pass_quality_gate
GP_Is_7mm_closed_R10_single_refY,GP_Is_7mm_closed_R10_single_refY_004,3,GP_Is_7mm_closed_R10_single_refY_004-raw03-11,414,22.40648755953636,311.4762609081497,9.006729773702116,0.964527027027027,3.0,661.1980209350586,1.0,0.5866414302375977,True,ok,True,True,False,pass_quality_gate
GP_Is_7mm_closed_R10_single_refY,GP_Is_7mm_closed_R10_single_refY_004,3,GP_Is_7mm_closed_R10_single_refY_004-raw03-10,408,21.87249120775387,311.2640249332146,8.491392104482042,0.9761499148211245,3.0,665.2690963745117,1.0,0.5855601361948026,True,ok,True,True,False,pass_quality_gate
GP_Is_7mm_closed_R10_single_refY,GP_Is_7mm_closed_R10_single_refY_004,4,GP_Is_7mm_closed_R10_single_refY_004-raw04-09,555,13.225333647320587,260.11464968152865,8.926833251674015,0.9836734693877552,1.0,828.8670654296875,1.0,0.5591787468512529,True,ok,True,True,True,pass_quality_gate
GP_Is_7mm_closed_R10_single_refY,GP_Is_7mm_closed_R10_single_refY_004,4,GP_Is_7mm_closed_R10_single_refY_004-raw04-01,504,12.66095042317708,253.84049862298883,7.686389331787216,0.9067567567567568,5.0,779.0802835226059,1.0,0.5888612947510219,True,ok,True,True,False,pass_quality_gate
GP_Is_7mm_closed_R10_single_refY,GP_Is_7mm_closed_R10_single_refY_004,4,GP_Is_7mm_closed_R10_single_refY_004-raw04-02,510,12.657839512859162,253.8469299008524,7.686496202238071,0.9067567567567568,5.0,779.0802835226059,1.0,0.588836865318849,True,ok,True,True,False,pass_quality_gate
GP_Is_7mm_closed_R10_single_refY,GP_Is_7mm_closed_R10_single_refY_004,5,GP_Is_7mm_closed_R10_single_refY_004-raw05-08,703,14.003358836967564,229.61973680949663,8.36031325122054,0.9747340425531916,2.0,835.7960205078125,1.0,0.5854295787961268,True,ok,True,True,False,pass_quality_gate
GP_Is_7mm_closed_R10_single_refY,GP_Is_7mm_closed_R10_single_refY_004,5,GP_Is_7mm_closed_R10_single_refY_004-raw05-04,677,13.839550337497116,243.83135984970207,8.421995896472449,0.981651376146789,1.0,856.9381103515625,0.9997428953412636,0.595905752570374,True,ok,True,True,False,pass_quality_gate
GP_Is_7mm_closed_R10_single_refY,GP_Is_7mm_closed_R10_single_refY_004,5,GP_Is_7mm_closed_R10_single_refY_004-raw05-09,709,13.274387643653956,229.3081065347111,8.422912724979382,0.9853917662682604,2.0,844.3817901611328,1.0,0.5828281006684527,True,ok,True,True,True,pass_quality_gate
GP_Is_7mm_closed_R10_single_refY,GP_Is_7mm_closed_R10_single_refY_005,1,GP_Is_7mm_closed_R10_single_refY_005-raw01-02,38,18.48881828161051,342.5312052715439,11.54270976801966,1.0,1.0,808.0802612304688,1.0,0.6919791631083028,True,ok,True,True,False,pass_quality_gate
GP_Is_7mm_closed_R10_single_refY,GP_Is_7mm_closed_R10_single_refY_005,1,GP_Is_7mm_closed_R10_single_refY_005-raw01-03,43,18.22901456477789,317.5867338731299,11.18531824762722,0.9971870604781996,2.0,817.1807861328125,1.0,0.6894519467940327,True,ok,True,True,False,pass_quality_gate
GP_Is_7mm_closed_R10_single_refY,GP_Is_7mm_closed_R10_single_refY_005,1,GP_Is_7mm_closed_R10_single_refY_005-raw01-04,48,17.681888840257383,355.67705848482353,13.33437525705355,1.0,1.0,808.080322265625,1.0,0.6837866193584953,True,ok,True,True,True,pass_quality_gate
GP_Is_7mm_closed_R10_single_refY,GP_Is_7mm_closed_R10_single_refY_005,2,GP_Is_7mm_closed_R10_single_refY_005-raw02-20,252,17.74473120963838,311.1855342275671,11.910788621646624,0.9412698412698411,3.0,696.0386581420898,1.0,0.7037002912490307,True,ok,True,True,False,pass_quality_gate
GP_Is_7mm_closed_R10_single_refY,GP_Is_7mm_closed_R10_single_refY_005,2,GP_Is_7mm_closed_R10_single_refY_005-raw02-23,267,16.84875638834164,262.42235758177475,11.372232806504414,0.9986033519553073,1.0,831.222412109375,1.0,0.7250116410728406,True,ok,True,True,True,pass_quality_gate
GP_Is_7mm_closed_R10_single_refY,GP_Is_7mm_closed_R10_single_refY_005,2,GP_Is_7mm_closed_R10_single_refY_005-raw02-07,185,16.333510191541833,309.5110660584558,10.760404347581236,0.994011976047904,1.0,771.9381713867188,0.9970413605716012,0.7218075794182169,True,ok,True,True,False,pass_quality_gate
GP_Is_7mm_closed_R10_single_refY,GP_Is_7mm_closed_R10_single_refY_005,3,GP_Is_7mm_closed_R10_single_refY_005-raw03-10,323,18.63956478469165,387.6223717409588,14.302749158957107,1.0,1.0,812.607177734375,1.0,0.7801981674270507,True,ok,True,True,False,pass_quality_gate
GP_Is_7mm_closed_R10_single_refY,GP_Is_7mm_closed_R10_single_refY_005,3,GP_Is_7mm_closed_R10_single_refY_005-raw03-09,318,18.432761501471195,369.9717306920091,12.875920224869496,1.0,2.0,982.9503784179688,1.0,0.7831013783371834,True,ok,True,True,True,pass_quality_gate
GP_Is_7mm_closed_R10_single_refY,GP_Is_7mm_closed_R10_single_refY_005,3,GP_Is_7mm_closed_R10_single_refY_005-raw03-02,282,17.966805461925922,266.3442761631873,10.70058671032883,0.9971387696709584,1.0,812.39404296875,1.0,0.7460621471204602,True,ok,False,True,False,pass_quality_gate
GP_Is_7mm_closed_R10_single_refY,GP_Is_7mm_closed_R10_single_refY_005,4,GP_Is_7mm_closed_R10_single_refY_005-raw04-02,404,15.266386233478125,316.82389085103296,10.981348879965164,1.0,2.0,920.5066817998886,0.9972978450314124,0.8249365732624843,True,ok,True,True,True,pass_quality_gate
GP_Is_7mm_closed_R10_single_refY,GP_Is_7mm_closed_R10_single_refY_005,4,GP_Is_7mm_closed_R10_single_refY_005-raw04-24,516,14.651925958834756,414.2043436116424,13.352178355295903,1.0,1.0,740.52392578125,1.0,0.8292964750739045,True,ok,True,True,False,pass_quality_gate
GP_Is_7mm_closed_R10_single_refY,GP_Is_7mm_closed_R10_single_refY_005,4,GP_Is_7mm_closed_R10_single_refY_005-raw04-16,475,13.86053672010516,386.1005997192804,12.657266811279827,1.0,2.0,826.8082275390625,1.0,0.8487716266732904,True,ok,True,True,False,pass_quality_gate
GP_Is_7mm_closed_R10_single_refY,GP_Is_7mm_closed_R10_single_refY_005,5,GP_Is_7mm_closed_R10_single_refY_005-raw05-07,552,18.85177950906635,442.3267431370022,15.669570820982086,1.0,1.0,823.1929931640625,1.0,0.8443290638907968,True,ok,True,True,True,pass_quality_gate
GP_Is_7mm_closed_R10_single_refY,GP_Is_7mm_closed_R10_single_refY_005,5,GP_Is_7mm_closed_R10_single_refY_005-raw05-09,562,18.04474183550117,330.2434191457406,10.4428341809175,1.0,1.0,876.849853515625,0.9988326994765976,0.8283967671530725,True,ok,False,True,False,pass_quality_gate
GP_Is_7mm_closed_R10_single_refY,GP_Is_7mm_closed_R10_single_refY_005,5,GP_Is_7mm_closed_R10_single_refY_005-raw05-10,567,18.043408500384103,329.706441283007,10.533650060370624,1.0,1.0,870.607177734375,1.0,0.8281694546926185,True,ok,False,True,False,pass_quality_gate
GP_Is_8.8mm_closed_R10_single_refY,GP_Is_8.8mm_closed_R10_single_refY_004,1,GP_Is_8.8mm_closed_R10_single_refY_004-raw01-11,96,35.33124673918618,257.27492551791033,8.514515346774752,0.9838709677419356,2.0,712.7959995269775,1.0,0.546209317296828,False,ok,True,False,False,no_candidate_passed_quality_gate
GP_Is_8.8mm_closed_R10_single_refY,GP_Is_8.8mm_closed_R10_single_refY_004,1,GP_Is_8.8mm_closed_R10_single_refY_004-raw01-10,90,34.638565441889824,264.4503566874591,8.661784471172071,0.9790996784565916,2.0,710.1391944885254,1.0,0.5390740405101566,False,ok,True,False,False,no_candidate_passed_quality_gate
GP_Is_8.8mm_closed_R10_single_refY,GP_Is_8.8mm_closed_R10_single_refY_004,1,GP_Is_8.8mm_closed_R10_single_refY_004-raw01-09,84,32.95048274202583,258.7923747802406,7.742114516184633,0.9774193548387096,2.0,706.3107280731201,1.0,0.538027057749079,False,ok,True,False,False,no_candidate_passed_quality_gate
GP_Is_8.8mm_closed_R10_single_refY,GP_Is_8.8mm_closed_R10_single_refY_004,2,GP_Is_8.8mm_closed_R10_single_refY_004-raw02-19,281,23.27195737944708,285.961367013373,8.166617137196631,0.9544715447154472,3.0,686.3107261657715,1.0,0.6600098201240963,False,ok,True,False,False,no_candidate_passed_quality_gate
GP_Is_8.8mm_closed_R10_single_refY,GP_Is_8.8mm_closed_R10_single_refY_004,2,GP_Is_8.8mm_closed_R10_single_refY_004-raw02-18,275,23.27194435861374,285.961367013373,8.166617137196631,0.9544715447154472,3.0,686.3107261657715,1.0,0.6600098201240963,False,ok,True,False,False,no_candidate_passed_quality_gate
GP_Is_8.8mm_closed_R10_single_refY,GP_Is_8.8mm_closed_R10_single_refY_004,2,GP_Is_8.8mm_closed_R10_single_refY_004-raw02-10,229,22.81555314911265,284.7988053566268,8.543016795658177,0.96513470681458,2.0,711.7960033416748,1.0,0.6057724764665138,False,ok,True,False,False,no_candidate_passed_quality_gate
GP_Is_8.8mm_closed_R10_single_refY,GP_Is_8.8mm_closed_R10_single_refY_004,3,GP_Is_8.8mm_closed_R10_single_refY_004-raw03-01,316,19.50093526865641,297.19257024924593,9.423019526909034,0.9409888357256778,3.0,687.2396869659424,1.0,0.6801258035882974,False,ok,True,False,False,no_candidate_passed_quality_gate
GP_Is_8.8mm_closed_R10_single_refY,GP_Is_8.8mm_closed_R10_single_refY_004,3,GP_Is_8.8mm_closed_R10_single_refY_004-raw03-02,322,18.876668796073066,255.68327645051195,7.570524356189885,0.95748031496063,2.0,710.7960243225098,1.0,0.6599727961973815,False,ok,True,False,False,no_candidate_passed_quality_gate
GP_Is_8.8mm_closed_R10_single_refY,GP_Is_8.8mm_closed_R10_single_refY_004,3,GP_Is_8.8mm_closed_R10_single_refY_004-raw03-07,351,18.38137910714679,270.4676645338208,7.955295932358318,0.9330289193302892,3.0,716.8670711517334,1.0,0.6722583468283336,False,ok,True,False,False,no_candidate_passed_quality_gate
GP_Is_8.8mm_closed_R10_single_refY,GP_Is_8.8mm_closed_R10_single_refY_004,4,GP_Is_8.8mm_closed_R10_single_refY_004-raw04-10,507,18.850854901801213,286.5224780530476,8.933799868786904,0.94794952681388,2.0,698.4111843109131,1.0,0.6855922248680593,False,ok,True,False,False,no_candidate_passed_quality_gate
GP_Is_8.8mm_closed_R10_single_refY,GP_Is_8.8mm_closed_R10_single_refY_004,4,GP_Is_8.8mm_closed_R10_single_refY_004-raw04-09,501,17.057566152350102,284.9101004429472,8.950651943352673,0.9449685534591196,2.0,698.8254547119141,1.0,0.6870396851126682,False,ok,True,False,False,no_candidate_passed_quality_gate
GP_Is_8.8mm_closed_R10_single_refY,GP_Is_8.8mm_closed_R10_single_refY_004,4,GP_Is_8.8mm_closed_R10_single_refY_004-raw04-08,496,16.095834301577657,264.3270198099733,8.936906166552816,0.946875,1.0,705.2396850585938,1.0,0.6720441672278916,False,ok,True,False,False,no_candidate_passed_quality_gate
GP_Is_8.8mm_closed_R10_single_refY,GP_Is_8.8mm_closed_R10_single_refY_004,5,GP_Is_8.8mm_closed_R10_single_refY_004-raw05-14,670,14.62941256061013,297.3095636817587,11.607252687026154,0.9643410852713178,2.0,723.1391773223877,1.0,0.7225805876382615,False,ok,True,False,False,no_candidate_passed_quality_gate
GP_Is_8.8mm_closed_R10_single_refY,GP_Is_8.8mm_closed_R10_single_refY_004,5,GP_Is_8.8mm_closed_R10_single_refY_004-raw05-12,658,14.569266285366483,277.01141346602395,11.570548903747474,0.9781591263650546,3.0,727.5533676147461,1.0,0.72161166625891,False,ok,True,False,False,no_candidate_passed_quality_gate
GP_Is_8.8mm_closed_R10_single_refY,GP_Is_8.8mm_closed_R10_single_refY_004,5,GP_Is_8.8mm_closed_R10_single_refY_004-raw05-11,652,14.155978542370269,275.0853499222395,11.345381026438568,0.970358814352574,3.0,720.8965396881104,1.0,0.7217002469661016,False,ok,True,False,False,no_candidate_passed_quality_gate
GP_Is_8.8mm_closed_R10_single_refY,GP_Is_8.8mm_closed_R10_single_refY_005,1,GP_Is_8.8mm_closed_R10_single_refY_005-raw01-13,160,43.069433587980846,355.99076286032806,12.266825927695493,0.9495934959349592,2.0,680.9970397949219,1.0,0.7960313715544792,False,ok,True,False,False,no_candidate_passed_quality_gate
GP_Is_8.8mm_closed_R10_single_refY,GP_Is_8.8mm_closed_R10_single_refY_005,1,GP_Is_8.8mm_closed_R10_single_refY_005-raw01-14,169,42.005135491913904,326.26008235626944,10.095338383679628,0.9161290322580644,5.0,652.8843253850937,1.0,0.7973213869147866,False,ok,True,False,False,no_candidate_passed_quality_gate
GP_Is_8.8mm_closed_R10_single_refY,GP_Is_8.8mm_closed_R10_single_refY_005,1,GP_Is_8.8mm_closed_R10_single_refY_005-raw01-02,66,40.87707312816927,283.2761373269285,10.61857163040407,0.948542024013722,2.0,641.2985877990723,1.0,0.7651712495949,False,ok,True,False,False,no_candidate_passed_quality_gate
GP_Is_8.8mm_closed_R10_single_refY,GP_Is_8.8mm_closed_R10_single_refY_005,2,GP_Is_8.8mm_closed_R10_single_refY_005-raw02-24,460,50.73067366954543,525.145380113002,21.238759008018405,0.9483333333333334,2.0,659.3695940971375,1.0,0.8955538424470809,False,ok,True,False,False,no_candidate_passed_quality_gate
GP_Is_8.8mm_closed_R10_single_refY,GP_Is_8.8mm_closed_R10_single_refY_005,2,GP_Is_8.8mm_closed_R10_single_refY_005-raw02-23,452,48.86117023424571,495.7413196195086,16.467748983227455,0.8668885191347754,1.0,607.813232421875,1.0,0.8866537765011596,False,ok,True,False,False,no_candidate_passed_quality_gate
GP_Is_8.8mm_closed_R10_single_refY,GP_Is_8.8mm_closed_R10_single_refY_005,2,GP_Is_8.8mm_closed_R10_single_refY_005-raw02-22,443,42.06047078081294,492.4582105545138,16.66735869274042,0.9207920792079208,1.0,645.6417236328125,1.0,0.8984031235919039,False,ok,True,False,False,no_candidate_passed_quality_gate
GP_Is_8.8mm_closed_R10_single_refY,GP_Is_8.8mm_closed_R10_single_refY_005,3,GP_Is_8.8mm_closed_R10_single_refY_005-raw03-01,469,47.92005748254161,481.73791984861793,16.176691221193487,0.9354304635761588,1.0,653.4701538085938,1.0,0.8983278938151091,False,ok,False,False,False,no_candidate_passed_quality_gate
GP_Is_8.8mm_closed_R10_single_refY,GP_Is_8.8mm_closed_R10_single_refY_005,3,GP_Is_8.8mm_closed_R10_single_refY_005-raw03-10,546,47.46580721689856,695.5672529339585,26.62316332630652,0.9484702093397746,2.0,680.6122117042542,1.0,0.9363680957546152,False,ok,True,False,False,no_candidate_passed_quality_gate
GP_Is_8.8mm_closed_R10_single_refY,GP_Is_8.8mm_closed_R10_single_refY_005,3,GP_Is_8.8mm_closed_R10_single_refY_005-raw03-17,606,46.21507052712969,525.7573062651416,17.67251372320525,0.8057324840764332,3.0,587.0853424072266,1.0,0.9532578082765696,False,ok,True,False,False,no_candidate_passed_quality_gate
GP_Is_8.8mm_closed_R10_single_refY,GP_Is_8.8mm_closed_R10_single_refY_005,4,GP_Is_8.8mm_closed_R10_single_refY_005-raw04-18,821,37.097278597791714,329.086089748376,10.569675701236964,0.7627365356622998,6.0,610.7838344573975,1.0,0.9108650911475934,False,ok,False,False,False,no_candidate_passed_quality_gate
GP_Is_8.8mm_closed_R10_single_refY,GP_Is_8.8mm_closed_R10_single_refY_005,4,GP_Is_8.8mm_closed_R10_single_refY_005-raw04-04,701,36.70030718901834,512.4038151939492,16.85207010722639,0.7821939586645469,4.0,577.0558915138245,1.0,0.9222149456813222,False,ok,True,False,False,no_candidate_passed_quality_gate
GP_Is_8.8mm_closed_R10_single_refY,GP_Is_8.8mm_closed_R10_single_refY_005,4,GP_Is_8.8mm_closed_R10_single_refY_005-raw04-01,675,36.59882281401834,446.21367972901584,16.257124211442246,0.9759229534510432,1.0,709.7249145507812,1.0,0.9291578165241294,False,ok,True,False,False,no_candidate_passed_quality_gate
GP_Is_8.8mm_closed_R10_single_refY,GP_Is_8.8mm_closed_R10_single_refY_005,5,GP_Is_8.8mm_closed_R10_single_refY_005-raw05-24,1081,61.93907972016039,449.69823731949225,19.004745019442588,0.8220858895705522,4.0,779.9087047576904,1.0,0.9958312364127434,True,ok,True,True,True,pass_quality_gate
GP_Is_8.8mm_closed_R10_single_refY,GP_Is_8.8mm_closed_R10_single_refY_005,5,GP_Is_8.8mm_closed_R10_single_refY_005-raw05-23,1073,54.262033928294215,381.7930882676645,11.238558052117376,0.7838827838827839,8.0,749.979752779007,1.0,0.9971497891994714,True,ok,True,True,False,pass_quality_gate
GP_Is_8.8mm_closed_R10_single_refY,GP_Is_8.8mm_closed_R10_single_refY_005,5,GP_Is_8.8mm_closed_R10_single_refY_005-raw05-22,1064,53.828604212612575,277.58887166236,9.130938845822566,0.8524390243902439,5.0,814.1219177246094,0.9996685061326366,0.9947011030947756,True,ok,False,True,False,pass_quality_gate
GP_Is_8.8mm_closed_R5_single_refY,GP_Is_8.8mm_closed_R5_single_refY_004,1,GP_Is_8.8mm_closed_R5_single_refY_004-raw01-18,181,34.502070306052666,488.2852232364512,15.93377382270939,0.5355691056910569,8.0,601.0142530202866,1.0,0.4921120131847069,True,ok,True,True,True,pass_quality_gate
GP_Is_8.8mm_closed_R5_single_refY,GP_Is_8.8mm_closed_R5_single_refY_004,1,GP_Is_8.8mm_closed_R5_single_refY_004-raw01-16,166,30.707154905413404,405.2991913746631,15.462456680785522,0.5137055837563452,12.0,571.0437304973602,1.0,0.5060917460058373,True,ok,True,True,False,pass_quality_gate
GP_Is_8.8mm_closed_R5_single_refY,GP_Is_8.8mm_closed_R5_single_refY_004,1,GP_Is_8.8mm_closed_R5_single_refY_004-raw01-17,174,30.075607627115136,435.5510561370124,15.14511893434824,0.45676500508647,19.0,505.801078915596,1.0,0.4999321922162779,True,ok,True,True,False,pass_quality_gate
GP_Is_8.8mm_closed_R5_single_refY,GP_Is_8.8mm_closed_R5_single_refY_004,2,GP_Is_8.8mm_closed_R5_single_refY_004-raw02-14,335,25.162639972167547,434.9642818132168,15.43935918441653,0.4324324324324324,15.0,486.1736363172531,1.0,0.4795544738417745,True,ok,False,True,False,pass_quality_gate
GP_Is_8.8mm_closed_R5_single_refY,GP_Is_8.8mm_closed_R5_single_refY_004,2,GP_Is_8.8mm_closed_R5_single_refY_004-raw02-10,304,24.76964609734805,418.659946571683,14.780160284951023,0.4623762376237624,12.0,534.114795923233,1.0,0.4988034112982367,True,ok,False,True,False,pass_quality_gate
GP_Is_8.8mm_closed_R5_single_refY,GP_Is_8.8mm_closed_R5_single_refY_004,2,GP_Is_8.8mm_closed_R5_single_refY_004-raw02-02,243,24.32212347561754,599.8827748596269,26.20804202137294,0.4093625498007968,4.0,473.688353061676,1.0,0.4731508800956808,True,ok,True,True,True,pass_quality_gate
GP_Is_8.8mm_closed_R5_single_refY,GP_Is_8.8mm_closed_R5_single_refY_004,3,GP_Is_8.8mm_closed_R5_single_refY_004-raw03-03,434,18.064668912052817,397.4408587447013,14.05257760153152,0.4870565675934803,20.0,565.0436956882477,1.0,0.5055487267817161,True,ok,True,True,False,pass_quality_gate
GP_Is_8.8mm_closed_R5_single_refY,GP_Is_8.8mm_closed_R5_single_refY_004,3,GP_Is_8.8mm_closed_R5_single_refY_004-raw03-05,450,16.981091570324363,384.5383721724869,12.987835713797582,0.5114942528735632,16.0,600.4284695386887,1.0,0.5234901543288696,True,ok,True,True,False,pass_quality_gate
GP_Is_8.8mm_closed_R5_single_refY,GP_Is_8.8mm_closed_R5_single_refY_004,3,GP_Is_8.8mm_closed_R5_single_refY_004-raw03-02,427,16.479607003063624,326.5724869506651,10.786933827243644,0.5256653992395437,11.0,627.742191195488,1.0,0.504111146098278,True,ok,True,True,True,pass_quality_gate
GP_Is_8.8mm_closed_R5_single_refY,GP_Is_8.8mm_closed_R5_single_refY_004,4,GP_Is_8.8mm_closed_R5_single_refY_004-raw04-05,634,14.62854910357322,286.1684319936646,8.478667590576123,0.5572705117790414,5.0,787.0386428833008,1.0,0.541469591979786,True,ok,True,True,False,pass_quality_gate
GP_Is_8.8mm_closed_R5_single_refY,GP_Is_8.8mm_closed_R5_single_refY_004,4,GP_Is_8.8mm_closed_R5_single_refY_004-raw04-21,756,14.009527448770738,347.235290628707,13.0820581257414,0.5767524401064774,5.0,747.724974155426,1.0,0.5996564853965523,True,ok,True,True,False,pass_quality_gate
GP_Is_8.8mm_closed_R5_single_refY,GP_Is_8.8mm_closed_R5_single_refY_004,4,GP_Is_8.8mm_closed_R5_single_refY_004-raw04-24,779,13.974628432996768,369.76693962026457,13.090704580221365,0.5778175313059034,3.0,743.2396392822266,1.0,0.5877402490040217,True,ok,True,True,True,pass_quality_gate
GP_Is_8.8mm_closed_R5_single_refY,GP_Is_8.8mm_closed_R5_single_refY_004,5,GP_Is_8.8mm_closed_R5_single_refY_004-raw05-03,802,14.73687594493231,360.7726969089695,14.566709175927611,0.5766488413547237,5.0,742.6538848876953,1.0,0.5888873235302751,True,ok,True,True,False,pass_quality_gate
GP_Is_8.8mm_closed_R5_single_refY,GP_Is_8.8mm_closed_R5_single_refY_004,5,GP_Is_8.8mm_closed_R5_single_refY_004-raw05-02,795,14.198797600470652,357.32025905317886,14.222201952020432,0.5748663101604278,4.0,742.0680694580078,1.0,0.5885358058026475,True,ok,True,True,False,pass_quality_gate
GP_Is_8.8mm_closed_R5_single_refY,GP_Is_8.8mm_closed_R5_single_refY_004,5,GP_Is_8.8mm_closed_R5_single_refY_004-raw05-04,810,14.163836692409744,333.328317535545,12.924733412322276,0.579982126899017,6.0,745.7249755859375,1.0,0.6026923373985484,True,ok,True,True,True,pass_quality_gate
GP_Is_8.8mm_closed_R5_single_refY,GP_Is_8.8mm_closed_R5_single_refY_005,1,GP_Is_8.8mm_closed_R5_single_refY_005-raw01-23,182,43.40366210824352,439.1738053380214,19.516821160300463,0.5475555555555556,5.0,717.4528793096542,1.0,0.8197819525357366,True,ok,True,True,False,pass_quality_gate
GP_Is_8.8mm_closed_R5_single_refY,GP_Is_8.8mm_closed_R5_single_refY_005,1,GP_Is_8.8mm_closed_R5_single_refY_005-raw01-22,176,43.16875108464443,441.3684168528567,19.440871369294605,0.5457777777777778,6.0,712.7959716320038,1.0,0.8202124803873402,True,ok,True,True,False,pass_quality_gate
GP_Is_8.8mm_closed_R5_single_refY,GP_Is_8.8mm_closed_R5_single_refY_005,1,GP_Is_8.8mm_closed_R5_single_refY_005-raw01-19,157,39.93345668282211,378.6260639745035,17.6728982859808,0.5500910746812386,4.0,706.4528777599335,1.0,0.8088158378137086,True,ok,True,True,True,pass_quality_gate
GP_Is_8.8mm_closed_R5_single_refY,GP_Is_8.8mm_closed_R5_single_refY_005,2,GP_Is_8.8mm_closed_R5_single_refY_005-raw02-06,227,26.731852171484626,444.6074457495521,16.854031455305595,0.5649717514124294,2.0,700.7249450683594,1.0,0.7885119648630813,True,ok,True,True,True,pass_quality_gate
GP_Is_8.8mm_closed_R5_single_refY,GP_Is_8.8mm_closed_R5_single_refY_005,2,GP_Is_8.8mm_closed_R5_single_refY_005-raw02-05,221,24.39670985212915,526.3081798375916,21.11946920182214,0.5597775718257646,4.0,699.8254241943359,1.0,0.7972980804337322,True,ok,True,True,False,pass_quality_gate
GP_Is_8.8mm_closed_R5_single_refY,GP_Is_8.8mm_closed_R5_single_refY_005,2,GP_Is_8.8mm_closed_R5_single_refY_005-raw02-04,214,24.10785045468248,536.3391684901532,22.451454737012725,0.5645933014354066,2.0,689.068115234375,1.0,0.8031801284789033,True,ok,True,True,False,pass_quality_gate
GP_Is_8.8mm_closed_R5_single_refY,GP_Is_8.8mm_closed_R5_single_refY_005,3,GP_Is_8.8mm_closed_R5_single_refY_005-raw03-08,393,22.60556422706416,434.7818953869909,16.637682558064725,0.5199098422238918,8.0,806.6071521043777,1.0,0.8759719999463778,True,ok,True,True,False,pass_quality_gate
GP_Is_8.8mm_closed_R5_single_refY,GP_Is_8.8mm_closed_R5_single_refY_005,3,GP_Is_8.8mm_closed_R5_single_refY_005-raw03-06,380,22.499407455778723,463.7768351284176,16.59622203811102,0.5469522240527183,4.0,775.5655212402344,1.0,0.8745312487958167,True,ok,True,True,False,pass_quality_gate
GP_Is_8.8mm_closed_R5_single_refY,GP_Is_8.8mm_closed_R5_single_refY_005,3,GP_Is_8.8mm_closed_R5_single_refY_005-raw03-12,418,21.69161126004325,423.6529974489796,15.687914540816326,0.5658217497955846,3.0,815.7493171691895,1.0,0.877825688632902,True,ok,True,True,True,pass_quality_gate
GP_Is_8.8mm_closed_R5_single_refY,GP_Is_8.8mm_closed_R5_single_refY_005,4,GP_Is_8.8mm_closed_R5_single_refY_005-raw04-24,648,25.42069349312488,165.82790030362685,8.007774181708985,0.5066666666666667,6.0,745.2102035284042,1.0,0.91642423645714,True,ok,True,True,True,pass_quality_gate
GP_Is_8.8mm_closed_R5_single_refY,GP_Is_8.8mm_closed_R5_single_refY_005,4,GP_Is_8.8mm_closed_R5_single_refY_005-raw04-23,641,23.971533698522315,191.0138893537267,7.528230529803541,0.5003843197540354,4.0,752.2102279663086,1.0,0.9090302933754452,True,ok,True,True,False,pass_quality_gate
GP_Is_8.8mm_closed_R5_single_refY,GP_Is_8.8mm_closed_R5_single_refY_005,4,GP_Is_8.8mm_closed_R5_single_refY_005-raw04-22,635,23.25093650964336,177.57508595079943,6.624153009112454,0.5022761760242792,5.0,763.8670624494553,1.0,0.9111614106039332,True,ok,True,True,False,pass_quality_gate
GP_Is_8.8mm_closed_R5_single_refY,GP_Is_8.8mm_closed_R5_single_refY_005,5,GP_Is_8.8mm_closed_R5_single_refY_005-raw05-02,661,23.662784160679944,136.94652939222848,7.329026901361674,0.5447087776866284,8.0,761.6244404315948,1.0,0.9162506389340468,True,ok,False,True,False,pass_quality_gate
GP_Is_8.8mm_closed_R5_single_refY,GP_Is_8.8mm_closed_R5_single_refY_005,5,GP_Is_8.8mm_closed_R5_single_refY_005-raw05-01,654,23.325140744790907,198.6078591227784,8.515506277515083,0.5233570863024545,5.0,759.5533798933029,1.0,0.9082245055474282,True,ok,True,True,False,pass_quality_gate
GP_Is_8.8mm_closed_R5_single_refY,GP_Is_8.8mm_closed_R5_single_refY_005,5,GP_Is_8.8mm_closed_R5_single_refY_005-raw05-16,752,22.858179250528785,221.01119218581937,11.618913340504085,0.5614457831325301,5.0,807.0802870988846,1.0,0.8698698318122512,True,ok,True,True,True,pass_quality_gate
GP_Is_9.79mm_closed_R10_single_refY,GP_Is_9.79mm_closed_R10_single_refY_004,1,GP_Is_9.79mm_closed_R10_single_refY_004-raw01-22,182,69.75255424923367,417.121831443634,16.45619989889507,1.0,1.0,683.310791015625,1.0,0.9927379641866456,False,ok,False,False,False,no_candidate_passed_quality_gate
GP_Is_9.79mm_closed_R10_single_refY,GP_Is_9.79mm_closed_R10_single_refY_004,1,GP_Is_9.79mm_closed_R10_single_refY_004-raw01-06,77,69.67027225679821,574.4214878682009,24.692265777749288,0.9821717990275528,1.0,714.3524169921875,1.0,0.979091221331979,False,ok,True,False,False,no_candidate_passed_quality_gate
GP_Is_9.79mm_closed_R10_single_refY,GP_Is_9.79mm_closed_R10_single_refY_004,1,GP_Is_9.79mm_closed_R10_single_refY_004-raw01-08,90,67.76273472340785,531.6034956794972,24.9453718250851,0.99673735725938,2.0,713.7960205078125,1.0,0.9882846818185892,False,ok,True,False,False,no_candidate_passed_quality_gate
GP_Is_9.79mm_closed_R10_single_refY,GP_Is_9.79mm_closed_R10_single_refY_004,2,GP_Is_9.79mm_closed_R10_single_refY_004-raw02-02,209,47.60931286719873,299.4363591427462,10.960562087349505,1.0,1.0,687.75439453125,1.0,0.9342577515682332,False,ok,False,False,False,no_candidate_passed_quality_gate
GP_Is_9.79mm_closed_R10_single_refY,GP_Is_9.79mm_closed_R10_single_refY_004,2,GP_Is_9.79mm_closed_R10_single_refY_004-raw02-01,202,45.82568213787314,606.8468263802836,22.20707696544128,1.0,1.0,700.0386962890625,1.0,0.9879074237903904,False,ok,True,False,False,no_candidate_passed_quality_gate
GP_Is_9.79mm_closed_R10_single_refY,GP_Is_9.79mm_closed_R10_single_refY_004,2,GP_Is_9.79mm_closed_R10_single_refY_004-raw02-04,222,40.98886921009488,659.5686517632471,27.371284781736627,0.9605488850771868,5.0,650.6833726167679,1.0,0.9709873492920168,False,ok,True,False,False,no_candidate_passed_quality_gate
GP_Is_9.79mm_closed_R10_single_refY,GP_Is_9.79mm_closed_R10_single_refY_004,3,GP_Is_9.79mm_closed_R10_single_refY_004-raw03-15,452,43.89560327282187,1715.8972932491708,89.50438643414999,1.0,1.0,558.357421875,1.0,0.828212666176412,False,ok,True,False,False,no_candidate_passed_quality_gate
GP_Is_9.79mm_closed_R10_single_refY,GP_Is_9.79mm_closed_R10_single_refY_004,3,GP_Is_9.79mm_closed_R10_single_refY_004-raw03-23,505,40.40649449371997,2221.9851624185258,121.0033384558317,1.0,1.0,562.3573608398438,1.0,0.8547272137847627,False,ok,True,False,False,no_candidate_passed_quality_gate
GP_Is_9.79mm_closed_R10_single_refY,GP_Is_9.79mm_closed_R10_single_refY_004,3,GP_Is_9.79mm_closed_R10_single_refY_004-raw03-09,413,38.146688364622335,1291.966424350191,66.04895141467496,1.0,1.0,567.428466796875,1.0,0.8266275956039794,False,ok,False,False,False,no_candidate_passed_quality_gate
GP_Is_9.79mm_closed_R10_single_refY,GP_Is_9.79mm_closed_R10_single_refY_004,4,GP_Is_9.79mm_closed_R10_single_refY_004-raw04-04,538,45.33537901323107,1074.9358738756166,52.4101460489409,1.0,1.0,585.0853271484375,1.0,0.8734763329461025,False,ok,True,False,False,no_candidate_passed_quality_gate
GP_Is_9.79mm_closed_R10_single_refY,GP_Is_9.79mm_closed_R10_single_refY_004,4,GP_Is_9.79mm_closed_R10_single_refY_004-raw04-02,525,43.83739008347193,1135.4987676229912,48.08197771862368,1.0,1.0,582.2568969726562,1.0,0.8619590916741465,False,ok,True,False,False,no_candidate_passed_quality_gate
GP_Is_9.79mm_closed_R10_single_refY,GP_Is_9.79mm_closed_R10_single_refY_004,4,GP_Is_9.79mm_closed_R10_single_refY_004-raw04-15,610,43.548474809847946,1073.924603000044,52.90599568908635,1.0,1.0,612.055908203125,1.0,0.8686948405807505,False,ok,True,False,False,no_candidate_passed_quality_gate
GP_Is_9.79mm_closed_R10_single_refY,GP_Is_9.79mm_closed_R10_single_refY_004,5,GP_Is_9.79mm_closed_R10_single_refY_004-raw05-12,750,56.20367181801501,1092.2276156399537,54.78169590895374,1.0,1.0,622.055908203125,1.0,0.9151058705705662,False,ok,True,False,False,no_candidate_passed_quality_gate
GP_Is_9.79mm_closed_R10_single_refY,GP_Is_9.79mm_closed_R10_single_refY_004,5,GP_Is_9.79mm_closed_R10_single_refY_004-raw05-11,743,52.28558229841892,1070.8992451018894,49.79997381856264,1.0,1.0,619.4700927734375,1.0,0.9151205666354956,False,ok,True,False,False,no_candidate_passed_quality_gate
GP_Is_9.79mm_closed_R10_single_refY,GP_Is_9.79mm_closed_R10_single_refY_004,5,GP_Is_9.79mm_closed_R10_single_refY_004-raw05-13,756,50.90558372026608,1063.5887465882847,48.7116523199664,1.0,1.0,631.7127685546875,1.0,0.9106324265298488,False,ok,True,False,False,no_candidate_passed_quality_gate
GP_Is_9.79mm_closed_R10_single_refY,GP_Is_9.79mm_closed_R10_single_refY_005,1,GP_Is_9.79mm_closed_R10_single_refY_005-raw01-03,70,14.399154349714443,451.4940985476723,18.50581369838972,1.0,1.0,641.0264892578125,1.0,0.6670869230230441,False,ok,True,False,False,no_candidate_passed_quality_gate
GP_Is_9.79mm_closed_R10_single_refY,GP_Is_9.79mm_closed_R10_single_refY_005,1,GP_Is_9.79mm_closed_R10_single_refY_005-raw01-11,135,13.5292740875515,412.0906746191666,15.397839929072298,1.0,1.0,659.2691040039062,1.0,0.7018107711471283,False,ok,True,False,False,no_candidate_passed_quality_gate
GP_Is_9.79mm_closed_R10_single_refY,GP_Is_9.79mm_closed_R10_single_refY_005,1,GP_Is_9.79mm_closed_R10_single_refY_005-raw01-17,183,13.440219014014728,342.3522338706647,11.391011911471836,1.0,1.0,678.825439453125,1.0,0.7087364707913748,False,ok,True,False,False,no_candidate_passed_quality_gate
GP_Is_9.79mm_closed_R10_single_refY,GP_Is_9.79mm_closed_R10_single_refY_005,2,GP_Is_9.79mm_closed_R10_single_refY_005-raw02-10,321,12.76416979131698,306.6305965670388,11.25654183171288,1.0,1.0,757.2518310546875,1.0,0.7428218998288912,False,ok,True,False,False,no_candidate_passed_quality_gate
GP_Is_9.79mm_closed_R10_single_refY,GP_Is_9.79mm_closed_R10_single_refY_005,2,GP_Is_9.79mm_closed_R10_single_refY_005-raw02-09,313,12.74839179574001,306.7234246945454,11.283029629852,1.0,1.0,757.2518310546875,1.0,0.7428313112452368,False,ok,True,False,False,no_candidate_passed_quality_gate
GP_Is_9.79mm_closed_R10_single_refY,GP_Is_9.79mm_closed_R10_single_refY_005,2,GP_Is_9.79mm_closed_R10_single_refY_005-raw02-15,361,12.009243671359547,326.28928309632016,13.452074475883302,1.0,1.0,763.837646484375,1.0,0.7393917993738025,False,ok,True,False,False,no_candidate_passed_quality_gate
GP_Is_9.79mm_closed_R10_single_refY,GP_Is_9.79mm_closed_R10_single_refY_005,3,GP_Is_9.79mm_closed_R10_single_refY_005-raw03-21,604,13.175154443094458,529.7128172633505,24.471855528566905,1.0,1.0,694.7249145507812,1.0,0.7495008516240926,False,ok,True,False,False,no_candidate_passed_quality_gate
GP_Is_9.79mm_closed_R10_single_refY,GP_Is_9.79mm_closed_R10_single_refY_005,3,GP_Is_9.79mm_closed_R10_single_refY_005-raw03-20,596,12.93565430589841,536.5511030438425,24.384773806199387,1.0,1.0,696.7249145507812,1.0,0.7488371208893077,False,ok,True,False,False,no_candidate_passed_quality_gate
GP_Is_9.79mm_closed_R10_single_refY,GP_Is_9.79mm_closed_R10_single_refY_005,3,GP_Is_9.79mm_closed_R10_single_refY_005-raw03-24,628,12.647972549832897,552.0123763266774,25.84338909875877,1.0,1.0,688.4822998046875,1.0,0.7487335016001797,False,ok,True,False,False,no_candidate_passed_quality_gate
GP_Is_9.79mm_closed_R10_single_refY,GP_Is_9.79mm_closed_R10_single_refY_005,4,GP_Is_9.79mm_closed_R10_single_refY_005-raw04-23,814,13.011638192560634,799.0613939613819,41.677228201717256,1.0,1.0,654.197998046875,1.0,0.7318094433017507,False,ok,True,False,False,no_candidate_passed_quality_gate
GP_Is_9.79mm_closed_R10_single_refY,GP_Is_9.79mm_closed_R10_single_refY_005,4,GP_Is_9.79mm_closed_R10_single_refY_005-raw04-21,798,12.9468129854732,811.9101490871402,45.04392888463685,1.0,1.0,657.6122436523438,1.0,0.7377647774120079,False,ok,True,False,False,no_candidate_passed_quality_gate
GP_Is_9.79mm_closed_R10_single_refY,GP_Is_9.79mm_closed_R10_single_refY_005,4,GP_Is_9.79mm_closed_R10_single_refY_005-raw04-24,822,12.798385339506176,747.3517356422274,35.281753912145525,0.9298831385642736,2.0,645.7127685546875,1.0,0.7338749436811723,False,ok,True,False,False,no_candidate_passed_quality_gate
GP_Is_9.79mm_closed_R10_single_refY,GP_Is_9.79mm_closed_R10_single_refY_005,5,GP_Is_9.79mm_closed_R10_single_refY_005-raw05-22,1003,13.841427231395391,701.4103773584906,38.36178003972195,1.0,1.0,746.2813110351562,1.0,0.7208368013746688,False,ok,True,False,False,no_candidate_passed_quality_gate
GP_Is_9.79mm_closed_R10_single_refY,GP_Is_9.79mm_closed_R10_single_refY_005,5,GP_Is_9.79mm_closed_R10_single_refY_005-raw05-07,880,13.659427518433692,670.6152688711353,31.64625801597822,0.9223454833597464,3.0,674.2691329717636,1.0,0.7229050373683638,False,ok,True,False,False,no_candidate_passed_quality_gate
GP_Is_9.79mm_closed_R10_single_refY,GP_Is_9.79mm_closed_R10_single_refY_005,5,GP_Is_9.79mm_closed_R10_single_refY_005-raw05-01,830,13.011185815334311,760.2846394487783,35.56183423751634,0.877742946708464,7.0,642.8843288421631,1.0,0.733674865591085,False,ok,True,False,False,no_candidate_passed_quality_gate
