group,stem,source_kind,capture_id,source_frame_index,ring_code,image_path,image_sha256,mask_path,mask_sha256,ring_json_path,ring_json_sha256,source_video,source_video_sha256,frozen_length_px,frozen_endpoint1_x,frozen_endpoint1_y,frozen_endpoint2_x,frozen_endpoint2_y,frozen_measurement_source,current_scale,current_Dxy_mm,current_valid,reference_mm,reference_source
GP_IIa_14.0mm_closed_R10_single_refY,GP_IIa_14.0mm_closed_R10_single_refY_001,photo,photo:GP_IIa_14.0mm_closed_R10_single_refY_001,,R10,raw/GP_IIa_14.0mm_closed_R10_single_refY_001.jpg,5715cb1b41df8ede10e7ba1d2219639d027cd750eef73029a5cd39767a8a12d9,formal_assets/masks/GP_IIa_14.0mm_closed_R10_single_refY_001.png,0709501a7c23b37edeffb19791b7e0e80d5983166cc06a5536160903d8d7682a,formal_assets/ring_json/GP_IIa_14.0mm_closed_R10_single_refY_001.json,a0204ce97452424342090f5afa65e706f8d82399a40e755523d1fd2d61183c03,,,284.2977905273443,728.7474692537473,804.9582039409656,1008.7742287442996,854.0524772113781,original_V2_R0,0.0262615131545993,7.466090165757369,True,14.0000009,exact_prior_group_Dxy_gt
GP_IIa_14.0mm_closed_R10_single_refY,GP_IIa_14.0mm_closed_R10_single_refY_002,photo,photo:GP_IIa_14.0mm_closed_R10_single_refY_002,,R10,raw/GP_IIa_14.0mm_closed_R10_single_refY_002.jpg,05e6c2fe7733782a2fa72ad8344cd79dbdeb368034ec57e63cbff8070c2f23b6,formal_assets/masks/GP_IIa_14.0mm_closed_R10_single_refY_002.png,e8dc13ce7c9babd560e3f10142f6c0129be82520ada964a2955494c419290843,formal_assets/ring_json/GP_IIa_14.0mm_closed_R10_single_refY_002.json,e9040898948d042f632b167d528d88eebe6308b9e65883c32f83e85df67313e1,,,602.7681782161123,687.5618475802435,385.68488015282657,1290.3300257963558,385.68488015282657,original_V2_R0,0.0268543322935147,16.18693695377197,True,14.0000009,exact_prior_group_Dxy_gt
GP_IIa_14.0mm_closed_R10_single_refY,GP_IIa_14.0mm_closed_R10_single_refY_003,photo,photo:GP_IIa_14.0mm_closed_R10_single_refY_003,,R10,raw/GP_IIa_14.0mm_closed_R10_single_refY_003.jpg,1437890de30a9c0f1751efff2c8077dbd532e872821e0fed5360840d559e08b7,formal_assets/masks/GP_IIa_14.0mm_closed_R10_single_refY_003.png,003758916fbf8ab5c40b5dd02b86c4237063c44fe3ab1509d268866331af251f,formal_assets/ring_json/GP_IIa_14.0mm_closed_R10_single_refY_003.json,d090872fb9646959339007c6f9c8dd5eb09511c012bae33459f949c716feb99b,,,508.0227050781271,868.6385765261226,402.7169859730012,1023.7524757199712,886.48009654653,original_V2_R0,0.0222799513142811,11.318721135690057,True,14.0000009,exact_prior_group_Dxy_gt
GP_IIa_14.0mm_closed_R10_single_refY,GP_IIa_14.0mm_closed_R10_single_refY_004-kf01,video_keyframe,video:GP_IIa_14.0mm_closed_R10_single_refY_004,27.0,R10,legacy_project/experiments/dxy_remeasurement_20260917/01_inputs/reextracted/gp/GP_IIa_14.0mm_closed_R10_single_refY_004-kf01.jpg,74600af0d6ec051cecfc1cdd1fb0b1d2540e41fa99c7b827a805affd78c8cff2,formal_assets/masks/GP_IIa_14.0mm_closed_R10_single_refY_004-kf01.png,63593ae5c7d130bc94736c6996b041f4a39efa914c8ae3d5a1be82c73b5a9eb5,formal_assets/ring_json/GP_IIa_14.0mm_closed_R10_single_refY_004-kf01.json,591f9bead04847990a230df794ac9272f5d27f371318148773d72ad13becb18e,raw/GP_IIa_14.0mm_closed_R10_single_refY_004.mp4,811d7a393e3a58b9a57d14622159ae9e5327dcb769a3a643ff51eb661ab2635d,421.1208075575954,444.9415473719831,353.2283027330324,866.0623549295784,353.2283027330324,original_V2_R0,0.047159797999249,19.85997221769681,True,14.0000009,exact_prior_group_Dxy_gt
GP_IIa_14.0mm_closed_R10_single_refY,GP_IIa_14.0mm_closed_R10_single_refY_004-kf02,video_keyframe,video:GP_IIa_14.0mm_closed_R10_single_refY_004,321.0,R10,legacy_project/experiments/dxy_remeasurement_20260917/01_inputs/reextracted/gp/GP_IIa_14.0mm_closed_R10_single_refY_004-kf02.jpg,f68e652efa63f4f225846daaffefc012851de1e2ddd0a65cfa068c33c44fd52a,formal_assets/masks/GP_IIa_14.0mm_closed_R10_single_refY_004-kf02.png,5b8afe02eaef6e461156a975b1c782c8b85863134408e5c001212d8dc41c812a,formal_assets/ring_json/GP_IIa_14.0mm_closed_R10_single_refY_004-kf02.json,28ba3b62749d6c64e9a438687262aa80ce84ebcd069cda6e0703ea00868fee20,raw/GP_IIa_14.0mm_closed_R10_single_refY_004.mp4,811d7a393e3a58b9a57d14622159ae9e5327dcb769a3a643ff51eb661ab2635d,317.8557434082037,307.1086503630686,386.923757576567,623.7101972931814,415.1325168374955,original_V2_R0,0.0437525473528059,13.906998464828757,True,14.0000009,exact_prior_group_Dxy_gt
GP_IIa_14.0mm_closed_R10_single_refY,GP_IIa_14.0mm_closed_R10_single_refY_004-kf03,video_keyframe,video:GP_IIa_14.0mm_closed_R10_single_refY_004,464.0,R10,legacy_project/experiments/dxy_remeasurement_20260917/01_inputs/reextracted/gp/GP_IIa_14.0mm_closed_R10_single_refY_004-kf03.jpg,1981f91ef7444fb869f1ae05b1634d1d6e2e57bf52d8399affe09ed1bb743379,formal_assets/masks/GP_IIa_14.0mm_closed_R10_single_refY_004-kf03.png,ce2b2ced81e7a67ada1fd1b3301b6bbd86fb2c0717949f7343bf95d1361afb4d,formal_assets/ring_json/GP_IIa_14.0mm_closed_R10_single_refY_004-kf03.json,df7bacadace53c72df97c26c69795b3166a5db942a876da71eacafe6bdad54c1,raw/GP_IIa_14.0mm_closed_R10_single_refY_004.mp4,811d7a393e3a58b9a57d14622159ae9e5327dcb769a3a643ff51eb661ab2635d,319.3493041992189,269.88529605471024,366.30629741358666,588.0047185937273,394.30649555516334,original_V2_R0,0.0422092051696744,13.479480301737594,True,14.0000009,exact_prior_group_Dxy_gt
GP_IIa_14.0mm_closed_R10_single_refY,GP_IIa_14.0mm_closed_R10_single_refY_004-kf04,video_keyframe,video:GP_IIa_14.0mm_closed_R10_single_refY_004,847.0,R10,legacy_project/experiments/dxy_remeasurement_20260917/01_inputs/reextracted/gp/GP_IIa_14.0mm_closed_R10_single_refY_004-kf04.jpg,b123a9612e6ae3b6b50085e79cc76deef1936c1efee352b0de9db2cb24cf3e83,formal_assets/masks/GP_IIa_14.0mm_closed_R10_single_refY_004-kf04.png,69113f9f45c5d994b6675fdbd03da71d64a09e159fc225a8d0eacf1b6eed8415,formal_assets/ring_json/GP_IIa_14.0mm_closed_R10_single_refY_004-kf04.json,b1ac9fb8e551a27c3d49fcf6574bd344abee1c6cdbfcf7bc175f46f783f45ecc,raw/GP_IIa_14.0mm_closed_R10_single_refY_004.mp4,811d7a393e3a58b9a57d14622159ae9e5327dcb769a3a643ff51eb661ab2635d,39.81871506682542,631.9977209038899,541.9322706315342,671.8164359707154,541.9322706315342,original_V2_R0,0.0364307837899466,1.450626999393006,True,14.0000009,exact_prior_group_Dxy_gt
GP_IIa_14.0mm_closed_R10_single_refY,GP_IIa_14.0mm_closed_R10_single_refY_004-kf05,video_keyframe,video:GP_IIa_14.0mm_closed_R10_single_refY_004,990.0,R10,legacy_project/experiments/dxy_remeasurement_20260917/01_inputs/reextracted/gp/GP_IIa_14.0mm_closed_R10_single_refY_004-kf05.jpg,5611a650ed636308b78da0da39a51cd4ba981d984ccd7d5637d32599b54b584e,formal_assets/masks/GP_IIa_14.0mm_closed_R10_single_refY_004-kf05.png,d9b16aa348cd3f75ecfe1595ff00f28e845edfef2a2eecb6ac0729a41bf83504,formal_assets/ring_json/GP_IIa_14.0mm_closed_R10_single_refY_004-kf05.json,6c7e0802a5791eabdf54172ae4478c7cf979004e87388bbd0e269584e5f91f99,raw/GP_IIa_14.0mm_closed_R10_single_refY_004.mp4,811d7a393e3a58b9a57d14622159ae9e5327dcb769a3a643ff51eb661ab2635d,558.4483632207229,547.099201749588,356.1812655973522,1105.5475649703092,356.1812655973522,original_V2_R0,0.0333306717348925,18.613459075397927,True,14.0000009,exact_prior_group_Dxy_gt
GP_IIa_14.0mm_closed_R10_single_refY,GP_IIa_14.0mm_closed_R10_single_refY_005-kf01,video_keyframe,video:GP_IIa_14.0mm_closed_R10_single_refY_005,0.0,R10,legacy_project/experiments/dxy_remeasurement_20260917/01_inputs/reextracted/gp/GP_IIa_14.0mm_closed_R10_single_refY_005-kf01.jpg,fff6bab04415075c611a93e1a35a757681a65da09500f0222421e91e006f99d8,formal_assets/masks/GP_IIa_14.0mm_closed_R10_single_refY_005-kf01.png,1b6c3624280c785ab831c9f8d32a19e68da5fd5aa3aee9606e65a16675580a1e,formal_assets/ring_json/GP_IIa_14.0mm_closed_R10_single_refY_005-kf01.json,bb2b438563459c31f3936a2fe34db856e41b3b57abb115d7e68bedc65b31cba3,raw/GP_IIa_14.0mm_closed_R10_single_refY_005.mp4,1657f425d5eae486cdedf4e614ad3f62b789c4680b8fd2e5fcf91ce5da2a39d6,334.7028198242191,836.9566892475406,520.3580218005328,502.2602907329282,522.4312848400922,original_V2_R0,0.0429896939135892,14.388771776258375,True,14.0000009,exact_prior_group_Dxy_gt
GP_IIa_14.0mm_closed_R10_single_refY,GP_IIa_14.0mm_closed_R10_single_refY_005-kf02,video_keyframe,video:GP_IIa_14.0mm_closed_R10_single_refY_005,318.0,R10,legacy_project/experiments/dxy_remeasurement_20260917/01_inputs/reextracted/gp/GP_IIa_14.0mm_closed_R10_single_refY_005-kf02.jpg,1f05ca62b03660369b538afa5bb8b1e12c4872e7a3c904da5fb87e42dfd18376,formal_assets/masks/GP_IIa_14.0mm_closed_R10_single_refY_005-kf02.png,cbeffc0f1d2484108bbd081cb4d04a1e27b4d1aef01f7899195a9101627141b7,formal_assets/ring_json/GP_IIa_14.0mm_closed_R10_single_refY_005-kf02.json,014ddd104bcf1db697d0d3357671654398a11cf1e101915803bdc6b9d35a1153,raw/GP_IIa_14.0mm_closed_R10_single_refY_005.mp4,1657f425d5eae486cdedf4e614ad3f62b789c4680b8fd2e5fcf91ce5da2a39d6,342.17647851651293,463.15712665826544,459.49705303886986,805.3336051747779,459.49705303886986,original_V2_R0,0.0431054413318802,14.749668119842914,True,14.0000009,exact_prior_group_Dxy_gt
GP_IIa_14.0mm_closed_R10_single_refY,GP_IIa_14.0mm_closed_R10_single_refY_005-kf03,video_keyframe,video:GP_IIa_14.0mm_closed_R10_single_refY_005,446.0,R10,legacy_project/experiments/dxy_remeasurement_20260917/01_inputs/reextracted/gp/GP_IIa_14.0mm_closed_R10_single_refY_005-kf03.jpg,d9462ade63779f3ccea15229333d7833a42d827fde78810db563b92df858a225,formal_assets/masks/GP_IIa_14.0mm_closed_R10_single_refY_005-kf03.png,b9ac345ba0b793d8302b79562783fa4faedfcff861190c57c7e72247a38dd7b1,formal_assets/ring_json/GP_IIa_14.0mm_closed_R10_single_refY_005-kf03.json,73934a88eda7913cdc63d74dfb80f885b1e57d9b8d3d8c457d62dbadca858e71,raw/GP_IIa_14.0mm_closed_R10_single_refY_005.mp4,1657f425d5eae486cdedf4e614ad3f62b789c4680b8fd2e5fcf91ce5da2a39d6,420.4118843933791,403.6305807238562,317.0199671544969,824.0424651172353,317.0199671544969,original_V2_R0,0.0420032558676118,17.658667949959934,True,14.0000009,exact_prior_group_Dxy_gt
GP_IIa_14.0mm_closed_R10_single_refY,GP_IIa_14.0mm_closed_R10_single_refY_005-kf04,video_keyframe,video:GP_IIa_14.0mm_closed_R10_single_refY_005,756.0,R10,legacy_project/experiments/dxy_remeasurement_20260917/01_inputs/reextracted/gp/GP_IIa_14.0mm_closed_R10_single_refY_005-kf04.jpg,20733ef5929eb0bb1b156f444d0f23a49169fe0ccb0340cc700bca6b94463a22,formal_assets/masks/GP_IIa_14.0mm_closed_R10_single_refY_005-kf04.png,5babcb035f849a1e41c79c45a455d1d25a4ff68e89a7cb128df891016f332bfa,formal_assets/ring_json/GP_IIa_14.0mm_closed_R10_single_refY_005-kf04.json,0d9cbab674f85e9b53213a76d7cb9265895b89ca36b1a2722695e45ef7c1a2c1,raw/GP_IIa_14.0mm_closed_R10_single_refY_005.mp4,1657f425d5eae486cdedf4e614ad3f62b789c4680b8fd2e5fcf91ce5da2a39d6,286.7949916346282,307.4776658133616,410.2704566778747,594.2726574479892,410.2704566778747,original_V2_R0,0.0366190906065461,10.50217178417208,True,14.0000009,exact_prior_group_Dxy_gt
GP_IIa_14.0mm_closed_R10_single_refY,GP_IIa_14.0mm_closed_R10_single_refY_005-kf05,video_keyframe,video:GP_IIa_14.0mm_closed_R10_single_refY_005,931.0,R10,legacy_project/experiments/dxy_remeasurement_20260917/01_inputs/reextracted/gp/GP_IIa_14.0mm_closed_R10_single_refY_005-kf05.jpg,7dc65376fd400a13ea094305849d5c91f9b11115e23081b85027dd2049453766,formal_assets/masks/GP_IIa_14.0mm_closed_R10_single_refY_005-kf05.png,be781a3033e82acd8f9e620170ffb24a0f3ce20bb4f0b61ef6c54ad7f612ad14,formal_assets/ring_json/GP_IIa_14.0mm_closed_R10_single_refY_005-kf05.json,532cabb7d7d395902d502e2683657ee7b72884e183de8784bd8fb81089914266,raw/GP_IIa_14.0mm_closed_R10_single_refY_005.mp4,1657f425d5eae486cdedf4e614ad3f62b789c4680b8fd2e5fcf91ce5da2a39d6,317.1364214239804,633.5838464135011,501.57455775284416,950.7202678374816,501.57455775284416,original_V2_R0,0.0362994701859251,11.511884074350755,True,14.0000009,exact_prior_group_Dxy_gt
GP_IIa_14.0mm_closed_R5_single_refY,GP_IIa_14.0mm_closed_R5_single_refY_001,photo,photo:GP_IIa_14.0mm_closed_R5_single_refY_001,,R5,raw/GP_IIa_14.0mm_closed_R5_single_refY_001.jpg,07200f7f64e4d7be06ea66aa2b09381e5f690333973ad2dfb44b36fd60c08c9b,formal_assets/masks/GP_IIa_14.0mm_closed_R5_single_refY_001.png,b8a3e643856d4b062a63d7e0d464ae0c1b1a44bc1fe23576b38e20b1bf22694e,formal_assets/ring_json/GP_IIa_14.0mm_closed_R5_single_refY_001.json,35109d295c0e17d1e5d6b4f0916a430d5568d18f4f452a6737941f239f5e2807,,,497.3171691894539,833.4098014449169,593.0881142587643,1326.1940193558644,660.0812582998294,original_V2_R0,0.0307925617094006,15.313669621410678,True,14.0000009,same_paris_nominal_prior_Dxy_gt
GP_IIa_14.0mm_closed_R5_single_refY,GP_IIa_14.0mm_closed_R5_single_refY_002,photo,photo:GP_IIa_14.0mm_closed_R5_single_refY_002,,R5,raw/GP_IIa_14.0mm_closed_R5_single_refY_002.jpg,cdf1f2fc00863109663cb7eeba56f67c50bb1c52a53bb6fe42a0c77a8f8021e6,formal_assets/masks/GP_IIa_14.0mm_closed_R5_single_refY_002.png,f00e5b3d598d527740b55f22b5f5db084920317d916d6ebc6a29e282cc37ff4d,formal_assets/ring_json/GP_IIa_14.0mm_closed_R5_single_refY_002.json,75c8c97798f515904493c820eb54c397403d8483e40b92488708b789930d92a1,,,522.9263305664076,971.630936724756,646.3080535008436,448.7104329041501,648.7766327784533,original_V2_R0,0.0304707776055406,15.933971922770414,True,14.0000009,same_paris_nominal_prior_Dxy_gt
GP_IIa_14.0mm_closed_R5_single_refY,GP_IIa_14.0mm_closed_R5_single_refY_003,photo,photo:GP_IIa_14.0mm_closed_R5_single_refY_003,,R5,raw/GP_IIa_14.0mm_closed_R5_single_refY_003.jpg,0cc2fea952468357275dc77e53e65ff4cd4371cb07ff6af8f74ce0e2243c0021,formal_assets/masks/GP_IIa_14.0mm_closed_R5_single_refY_003.png,2b1b819b4deb7a083baaf7a4bf31af29e567bb078a511259083610b61f9c10be,formal_assets/ring_json/GP_IIa_14.0mm_closed_R5_single_refY_003.json,d8024c6d01218e20b6ef8ffa341a0069e19ff62a05cefe83278ba99b9c70f870,,,533.3437259170581,583.8559029382187,640.1033736122047,1117.199628855275,640.1033736122047,original_V2_R0,0.0258476018516436,13.78565627757625,True,14.0000009,same_paris_nominal_prior_Dxy_gt
GP_IIa_14.0mm_closed_R5_single_refY,GP_IIa_14.0mm_closed_R5_single_refY_004-kf01,video_keyframe,video:GP_IIa_14.0mm_closed_R5_single_refY_004,124.0,R5,legacy_project/experiments/dxy_remeasurement_20260917/01_inputs/reextracted/gp/GP_IIa_14.0mm_closed_R5_single_refY_004-kf01.jpg,35ad1b12f9c978a3998f2b9ef478c784352cecfd07eb1eddbd8cffa4c7d21286,formal_assets/masks/GP_IIa_14.0mm_closed_R5_single_refY_004-kf01.png,34ca1ae7d0c3524d05d3ba92fe9312b807f9d58e8c760460f74a798863b890f9,formal_assets/ring_json/GP_IIa_14.0mm_closed_R5_single_refY_004-kf01.json,d9be3bb267929437534a613f2b0e8f98bb10f4f629e638e914fcbdfb888106ac,raw/GP_IIa_14.0mm_closed_R5_single_refY_004.mp4,b389c8f295991662ece03ec7ec3c5a4911b0490966c14d22f8dae065f71880fa,349.76974487304733,368.5648455501095,580.7330400872196,713.4073529362187,639.2353437018429,original_V2_R0,0.0429715126200623,15.030135005928123,True,14.0000009,same_paris_nominal_prior_Dxy_gt
GP_IIa_14.0mm_closed_R5_single_refY,GP_IIa_14.0mm_closed_R5_single_refY_004-kf02,video_keyframe,video:GP_IIa_14.0mm_closed_R5_single_refY_004,256.0,R5,legacy_project/experiments/dxy_remeasurement_20260917/01_inputs/reextracted/gp/GP_IIa_14.0mm_closed_R5_single_refY_004-kf02.jpg,d25e3d6ac93c4d6310556cb0baf8ec3ba348594da4f30151ebe67b1a72c98893,formal_assets/masks/GP_IIa_14.0mm_closed_R5_single_refY_004-kf02.png,8d2722d5d07f0046932435b015c88f92fca5d90b74f65c22fdf3a310fdf65851,formal_assets/ring_json/GP_IIa_14.0mm_closed_R5_single_refY_004-kf02.json,ea800676ec1ec0c9378195df2d5d93d20d9983c5a3673ac9fce0098fe133af32,raw/GP_IIa_14.0mm_closed_R5_single_refY_004.mp4,b389c8f295991662ece03ec7ec3c5a4911b0490966c14d22f8dae065f71880fa,360.1524047851568,439.96451729387184,370.8214959634505,794.7821868076907,432.5805120931902,original_V2_R0,0.046393013298278,16.70855530460458,True,14.0000009,same_paris_nominal_prior_Dxy_gt
GP_IIa_14.0mm_closed_R5_single_refY,GP_IIa_14.0mm_closed_R5_single_refY_004-kf03,video_keyframe,video:GP_IIa_14.0mm_closed_R5_single_refY_004,627.0,R5,legacy_project/experiments/dxy_remeasurement_20260917/01_inputs/reextracted/gp/GP_IIa_14.0mm_closed_R5_single_refY_004-kf03.jpg,c99f9ac0031871f3f1c8bb038c369e503e2ef398b3e28496e5adf957fa5590aa,formal_assets/masks/GP_IIa_14.0mm_closed_R5_single_refY_004-kf03.png,0d69ccb1ecbad5359efe9ae45b61c7dd45544b6c2fe574dbb694e91a81f2f66c,formal_assets/ring_json/GP_IIa_14.0mm_closed_R5_single_refY_004-kf03.json,a82cf92b795644b6a91957ab1cd89e5a960f72bdb37a9d9b5798ee019503aa7a,raw/GP_IIa_14.0mm_closed_R5_single_refY_004.mp4,b389c8f295991662ece03ec7ec3c5a4911b0490966c14d22f8dae065f71880fa,399.4906005859379,761.3504671002781,215.05566193285227,409.5168729876125,404.2800314265227,original_V2_R0,0.0404839117283194,16.172942210414412,True,14.0000009,same_paris_nominal_prior_Dxy_gt
GP_IIa_14.0mm_closed_R5_single_refY,GP_IIa_14.0mm_closed_R5_single_refY_004-kf04,video_keyframe,video:GP_IIa_14.0mm_closed_R5_single_refY_004,770.0,R5,legacy_project/experiments/dxy_remeasurement_20260917/01_inputs/reextracted/gp/GP_IIa_14.0mm_closed_R5_single_refY_004-kf04.jpg,172a3ee1a878f07027a1448df47b85ac8bd6d1035beba46db4fd56efca5aee3f,formal_assets/masks/GP_IIa_14.0mm_closed_R5_single_refY_004-kf04.png,4a49faa04ecc30945c67e2b09887b062110119039b002479548beb94e31431d4,formal_assets/ring_json/GP_IIa_14.0mm_closed_R5_single_refY_004-kf04.json,f68db23fdeb4125d55333ea7bd130181926befea1fe493e5f68360e0990195b9,raw/GP_IIa_14.0mm_closed_R5_single_refY_004.mp4,b389c8f295991662ece03ec7ec3c5a4911b0490966c14d22f8dae065f71880fa,424.79803466796943,758.7831865551984,137.37300707327412,442.9306195971453,421.4337861396165,original_V2_R0,0.0359649219084413,15.27782814369286,True,14.0000009,same_paris_nominal_prior_Dxy_gt
GP_IIa_14.0mm_closed_R5_single_refY,GP_IIa_14.0mm_closed_R5_single_refY_004-kf05,video_keyframe,video:GP_IIa_14.0mm_closed_R5_single_refY_004,1113.0,R5,legacy_project/experiments/dxy_remeasurement_20260917/01_inputs/reextracted/gp/GP_IIa_14.0mm_closed_R5_single_refY_004-kf05.jpg,14e20a19a8aba5c554bfa6743d985c264eeee6dd08f4ec01b98a5e4569bc6c65,formal_assets/masks/GP_IIa_14.0mm_closed_R5_single_refY_004-kf05.png,d6d7421b882cc57c09407104bfae7d97cde7e547dfe0db14196b132127ebf1cd,formal_assets/ring_json/GP_IIa_14.0mm_closed_R5_single_refY_004-kf05.json,c2234f99b6f3902596c72a2d0a8c87fdd40d6e7298345522b1f8c508d3486bac,raw/GP_IIa_14.0mm_closed_R5_single_refY_004.mp4,b389c8f295991662ece03ec7ec3c5a4911b0490966c14d22f8dae065f71880fa,396.3985900878912,802.7746417041282,355.1452316889514,444.6642010693093,525.1121535649548,original_V2_R0,0.0383840286455807,15.215374837001418,True,14.0000009,same_paris_nominal_prior_Dxy_gt
GP_IIa_14.0mm_closed_R5_single_refY,GP_IIa_14.0mm_closed_R5_single_refY_005-kf01,video_keyframe,video:GP_IIa_14.0mm_closed_R5_single_refY_005,178.0,R5,legacy_project/experiments/dxy_remeasurement_20260917/01_inputs/reextracted/gp/GP_IIa_14.0mm_closed_R5_single_refY_005-kf01.jpg,09a73297b024973f53709e50a34664f460b5801903f920888cf229b1961025e1,formal_assets/masks/GP_IIa_14.0mm_closed_R5_single_refY_005-kf01.png,022767c96008e6eb2486b761b4f4ab5cf9820900352dddf08ce7d124f9835910,formal_assets/ring_json/GP_IIa_14.0mm_closed_R5_single_refY_005-kf01.json,824053cc78e366b7f81e750c3132132fc175d44fde27026e88eb4b4424468ce5,raw/GP_IIa_14.0mm_closed_R5_single_refY_005.mp4,89e569c41b4298ec759b2e250399af1aa6240cd02628f12df6b17dda13d2a581,338.1958312988287,545.2176435059336,403.6803347912077,842.6536333495352,564.6407406482455,original_V2_R0,0.0436177145850992,14.751329243462669,True,14.0000009,same_paris_nominal_prior_Dxy_gt
GP_IIa_14.0mm_closed_R5_single_refY,GP_IIa_14.0mm_closed_R5_single_refY_005-kf02,video_keyframe,video:GP_IIa_14.0mm_closed_R5_single_refY_005,419.0,R5,legacy_project/experiments/dxy_remeasurement_20260917/01_inputs/reextracted/gp/GP_IIa_14.0mm_closed_R5_single_refY_005-kf02.jpg,9f07fcc6913722bb9bd0d963ccb2b97d7c97312028f60678813df7a1b7ba059d,formal_assets/masks/GP_IIa_14.0mm_closed_R5_single_refY_005-kf02.png,cb6e3caed01287168c83780d1561cbc25cf8b8efd74d9c32ed0c95ad6d65fcc2,formal_assets/ring_json/GP_IIa_14.0mm_closed_R5_single_refY_005-kf02.json,da20776785d8e3b4b6a80e4e89b68a9171d84c242f94c95e3f6ddff8aace3919,raw/GP_IIa_14.0mm_closed_R5_single_refY_005.mp4,89e569c41b4298ec759b2e250399af1aa6240cd02628f12df6b17dda13d2a581,319.3774108886723,650.2907139339416,384.9404050834034,940.3358119449648,518.6407106392528,original_V2_R0,0.045768380261939,14.617386788626291,True,14.0000009,same_paris_nominal_prior_Dxy_gt
GP_IIa_14.0mm_closed_R5_single_refY,GP_IIa_14.0mm_closed_R5_single_refY_005-kf03,video_keyframe,video:GP_IIa_14.0mm_closed_R5_single_refY_005,597.0,R5,legacy_project/experiments/dxy_remeasurement_20260917/01_inputs/reextracted/gp/GP_IIa_14.0mm_closed_R5_single_refY_005-kf03.jpg,53b9f0949003bcc35f466f2bdd1e4ac2a7fdb7293516ade31dde85d19ff9c3e8,formal_assets/masks/GP_IIa_14.0mm_closed_R5_single_refY_005-kf03.png,298b280f7f54b3b90fc82557d2c4f81115ec8f334f191d06d123c35658fc582b,formal_assets/ring_json/GP_IIa_14.0mm_closed_R5_single_refY_005-kf03.json,76cfaeb0b25e6224c6bf7bb5b9c6e89dc337d5e68d8159f779f4e8b19ebe5690,raw/GP_IIa_14.0mm_closed_R5_single_refY_005.mp4,89e569c41b4298ec759b2e250399af1aa6240cd02628f12df6b17dda13d2a581,271.0558866682912,586.3116854249015,444.85308993950014,857.3675720931922,444.85308993950014,original_V2_R0,0.0466736512866625,12.651167933552934,True,14.0000009,same_paris_nominal_prior_Dxy_gt
GP_IIa_14.0mm_closed_R5_single_refY,GP_IIa_14.0mm_closed_R5_single_refY_005-kf04,video_keyframe,video:GP_IIa_14.0mm_closed_R5_single_refY_005,687.0,R5,legacy_project/experiments/dxy_remeasurement_20260917/01_inputs/reextracted/gp/GP_IIa_14.0mm_closed_R5_single_refY_005-kf04.jpg,9c43f5dbf1720041fdd48ba0c255b8932d02b37dbe0194d69852f8a92a9a0366,formal_assets/masks/GP_IIa_14.0mm_closed_R5_single_refY_005-kf04.png,83dbfe6661f5d6c86f7b30a7b72a8db0a00659af7faa43075ee270d2242d0034,formal_assets/ring_json/GP_IIa_14.0mm_closed_R5_single_refY_005-kf04.json,d04721094915ac3f024f4f09f930512fa0750cb95406ec1d6a9d32437320ba11,raw/GP_IIa_14.0mm_closed_R5_single_refY_005.mp4,89e569c41b4298ec759b2e250399af1aa6240cd02628f12df6b17dda13d2a581,261.1246452969888,602.0453191351653,354.4622173421843,863.1699644321538,354.4622173421843,original_V2_R0,0.0451466739908768,11.788909232206494,True,14.0000009,same_paris_nominal_prior_Dxy_gt
GP_IIa_14.0mm_closed_R5_single_refY,GP_IIa_14.0mm_closed_R5_single_refY_005-kf05,video_keyframe,video:GP_IIa_14.0mm_closed_R5_single_refY_005,1036.0,R5,legacy_project/experiments/dxy_remeasurement_20260917/01_inputs/reextracted/gp/GP_IIa_14.0mm_closed_R5_single_refY_005-kf05.jpg,417a5adef8aa0114955c6b55c69b06197e6ace9eeb431948292d5741bcdfddcc,formal_assets/masks/GP_IIa_14.0mm_closed_R5_single_refY_005-kf05.png,5b8f392d8dceaf6d40abd12c30e84c2b7482e2af1198a6f70d8b68778bf7556d,formal_assets/ring_json/GP_IIa_14.0mm_closed_R5_single_refY_005-kf05.json,2f4c1fce87210aaf8c61e4502cdf4cb2758e408eaba97d8a03d80c05b3589230,raw/GP_IIa_14.0mm_closed_R5_single_refY_005.mp4,89e569c41b4298ec759b2e250399af1aa6240cd02628f12df6b17dda13d2a581,309.09530639648466,544.4294572357079,280.15216658005664,276.6634382721046,434.5583436738496,original_V2_R0,0.0420975764987401,13.012163306427524,True,14.0000009,same_paris_nominal_prior_Dxy_gt
GP_IIa_22.0mm_closed_R10_single_refY,GP_IIa_22.0mm_closed_R10_single_refY_003,photo,photo:GP_IIa_22.0mm_closed_R10_single_refY_003,,R10,raw/GP_IIa_22.0mm_closed_R10_single_refY_003.jpg,d6a6378877b2726d926fb87dd13bdb4da37e6455475ea43b7ed56e61d8557a08,formal_assets/masks/GP_IIa_22.0mm_closed_R10_single_refY_003.png,e3584652cab8c1d6c48d7bb7afc9c2f8d0e87d8c5507aeefeddfee114ab68d69,formal_assets/ring_json/GP_IIa_22.0mm_closed_R10_single_refY_003.json,fdca49a5aff68fbdd1f803c093b2da69cf7f18f08139382ab5b49cfd1e20a345,,,568.8386840820326,1268.4041600009698,580.360166737616,711.8215480068427,697.8048112897277,original_V2_R0,0.0377982038701401,21.50108055015489,True,22.0000017,exact_prior_group_Dxy_gt
GP_IIa_22.0mm_closed_R10_single_refY,GP_IIa_22.0mm_closed_R10_single_refY_004,photo,photo:GP_IIa_22.0mm_closed_R10_single_refY_004,,R10,raw/GP_IIa_22.0mm_closed_R10_single_refY_004.jpg,f505bc3c3e02a7845910a13e81e3af8f81456796f4d48f2f9474ea58332fb284,formal_assets/masks/GP_IIa_22.0mm_closed_R10_single_refY_004.png,cb55b8bceda6ece70d5de96d7417628e510a090546e8ebffa90ffa84b38e6183,formal_assets/ring_json/GP_IIa_22.0mm_closed_R10_single_refY_004.json,6fb7b352473a266b738b1fdbe659df8e5671a986dab2ed367817a3bb4286989f,,,694.1224760827591,619.9574228234962,512.0767900131198,1314.0798989062548,512.0767900131198,original_V2_R0,0.0283172087362322,19.655611043745832,True,22.0000017,exact_prior_group_Dxy_gt
GP_IIa_22.0mm_closed_R10_single_refY,GP_IIa_22.0mm_closed_R10_single_refY_005-kf02,video_keyframe,video:GP_IIa_22.0mm_closed_R10_single_refY_005,450.0,R10,legacy_project/experiments/dxy_remeasurement_20260917/01_inputs/reextracted/gp/GP_IIa_22.0mm_closed_R10_single_refY_005-kf02.jpg,268b45909521a4fd4ae3767e26caca7e9c8c8e932e30da986a7122554bcd0009,formal_assets/masks/GP_IIa_22.0mm_closed_R10_single_refY_005-kf02.png,ca78cff58a3773849c22307ddbd2619323ea98693f1717739e0cbe8ef372d1f7,formal_assets/ring_json/GP_IIa_22.0mm_closed_R10_single_refY_005-kf02.json,2879dbdbb37ea38f014fbca2be5fabf4689a5b85d592b31d5bd2c4e178afb0f6,raw/GP_IIa_22.0mm_closed_R10_single_refY_005.mp4,7a52bbdf8bee4b0251248e27efe3ab9acb28749e3af1cec72116695c9deab3cb,424.11999511718807,361.6473711370796,438.9880197076522,785.2273236871392,460.3841421575822,original_V2_R0,0.0528792679074499,22.42715484670813,True,22.0000017,exact_prior_group_Dxy_gt
GP_IIa_22.0mm_closed_R10_single_refY,GP_IIa_22.0mm_closed_R10_single_refY_005-kf03,video_keyframe,video:GP_IIa_22.0mm_closed_R10_single_refY_005,480.0,R10,legacy_project/experiments/dxy_remeasurement_20260917/01_inputs/reextracted/gp/GP_IIa_22.0mm_closed_R10_single_refY_005-kf03.jpg,295527ca559fb4f51027a78165f51bec16b5afc48f554774028b6719e84e32e9,formal_assets/masks/GP_IIa_22.0mm_closed_R10_single_refY_005-kf03.png,25574eb92debc980d431e6375f1abbf6801b4ff1c24326032454f21c03554955,formal_assets/ring_json/GP_IIa_22.0mm_closed_R10_single_refY_005-kf03.json,13c5df9b62278ff1cce57fdbe06b22ea4c06f58033893084a7b517ed305fca53,raw/GP_IIa_22.0mm_closed_R10_single_refY_005.mp4,7a52bbdf8bee4b0251248e27efe3ab9acb28749e3af1cec72116695c9deab3cb,427.35641479492216,370.21985085713214,431.13738487941686,797.2673927952117,447.3824515463644,original_V2_R0,0.0527017402044492,22.522426747226817,True,22.0000017,exact_prior_group_Dxy_gt
GP_IIa_22.0mm_closed_R10_single_refY,GP_IIa_22.0mm_closed_R10_single_refY_005-kf04,video_keyframe,video:GP_IIa_22.0mm_closed_R10_single_refY_005,760.0,R10,legacy_project/experiments/dxy_remeasurement_20260917/01_inputs/reextracted/gp/GP_IIa_22.0mm_closed_R10_single_refY_005-kf04.jpg,a2adf5423ef4f540c81633e569c80a8248ee4e9ce13a984d8ed082557b66acde,formal_assets/masks/GP_IIa_22.0mm_closed_R10_single_refY_005-kf04.png,2a856c95919d6ae3229d0ae6ad3d79980a6a748415052a5e36895224ec649bc4,formal_assets/ring_json/GP_IIa_22.0mm_closed_R10_single_refY_005-kf04.json,c4d78cd9e5bb64f7adf9aee37c1d32cb9f4c7e1d48e12f28671f90a2f03f85a2,raw/GP_IIa_22.0mm_closed_R10_single_refY_005.mp4,7a52bbdf8bee4b0251248e27efe3ab9acb28749e3af1cec72116695c9deab3cb,453.1003723144533,740.3269993933471,363.20554048520734,289.33095959102786,406.8234206964333,original_V2_R0,0.0498951749090979,22.607522328007025,True,22.0000017,exact_prior_group_Dxy_gt
GP_IIa_22.0mm_closed_R10_single_refY,GP_IIa_22.0mm_closed_R10_single_refY_006-kf01,video_keyframe,video:GP_IIa_22.0mm_closed_R10_single_refY_006,86.0,R10,legacy_project/experiments/dxy_remeasurement_20260917/01_inputs/reextracted/gp/GP_IIa_22.0mm_closed_R10_single_refY_006-kf01.jpg,aa12037eaeba27b13d38b9a3a2bc3673294681482e751ecce611f73941c97eec,formal_assets/masks/GP_IIa_22.0mm_closed_R10_single_refY_006-kf01.png,1734954582d6fda376a172a16ae2c2dec90347cb98e1de64051f2c88773ce41b,formal_assets/ring_json/GP_IIa_22.0mm_closed_R10_single_refY_006-kf01.json,467f596bf7453b3117b84df88b3fd2752905b090a81f54bc56469a8eba472e04,raw/GP_IIa_22.0mm_closed_R10_single_refY_006.mp4,4c1ade6f6c32a04aa5828f07fdd192001344e554ef8172f47ce3c6460e5c5cde,475.3591918945312,563.5920351023243,309.32370175074345,1020.863592339082,439.20474063206905,original_V2_R0,0.0440820802738341,20.95482205599963,True,22.0000017,exact_prior_group_Dxy_gt
GP_IIa_22.0mm_closed_R10_single_refY,GP_IIa_22.0mm_closed_R10_single_refY_006-kf02,video_keyframe,video:GP_IIa_22.0mm_closed_R10_single_refY_006,263.0,R10,legacy_project/experiments/dxy_remeasurement_20260917/01_inputs/reextracted/gp/GP_IIa_22.0mm_closed_R10_single_refY_006-kf02.jpg,4b06398641af1d490e104912c40470afa807b018ab550abef222bcb2f417df8e,formal_assets/masks/GP_IIa_22.0mm_closed_R10_single_refY_006-kf02.png,094910748ad6bbbe21885ee51772ba2e92ec19096223b0f5396df1fb1928f6bb,formal_assets/ring_json/GP_IIa_22.0mm_closed_R10_single_refY_006-kf02.json,a069c19bae94e8c85e7f83c0d238fefb8aaa4f5411eb9c9fc503e274e116b354,raw/GP_IIa_22.0mm_closed_R10_single_refY_006.mp4,4c1ade6f6c32a04aa5828f07fdd192001344e554ef8172f47ce3c6460e5c5cde,478.25875854492256,526.8124189856699,317.44317553872327,1001.5707597252676,375.200928465183,original_V2_R0,0.0434702550852822,20.79003023071817,True,22.0000017,exact_prior_group_Dxy_gt
GP_IIa_22.0mm_closed_R10_single_refY,GP_IIa_22.0mm_closed_R10_single_refY_006-kf03,video_keyframe,video:GP_IIa_22.0mm_closed_R10_single_refY_006,382.0,R10,legacy_project/experiments/dxy_remeasurement_20260917/01_inputs/reextracted/gp/GP_IIa_22.0mm_closed_R10_single_refY_006-kf03.jpg,970741ad34833990f5b114161a2c9088b86e6313ad31ec4f6725a51e79f5e02a,formal_assets/masks/GP_IIa_22.0mm_closed_R10_single_refY_006-kf03.png,c2a756a86ff684b82f89bc674dc98fa3079ef99f4467b0850cce72579c52be57,formal_assets/ring_json/GP_IIa_22.0mm_closed_R10_single_refY_006-kf03.json,2ff24b5fc65c74356deb2b65eba0286ece40cf3b41c499118a3bb4d20aaab295,raw/GP_IIa_22.0mm_closed_R10_single_refY_006.mp4,4c1ade6f6c32a04aa5828f07fdd192001344e554ef8172f47ce3c6460e5c5cde,468.8717346191408,832.6527468380154,291.6388140167224,367.5916989627658,351.29554267273073,original_V2_R0,0.0448096288190677,21.009968392036114,True,22.0000017,exact_prior_group_Dxy_gt
GP_IIa_22.0mm_closed_R10_single_refY,GP_IIa_22.0mm_closed_R10_single_refY_006-kf04,video_keyframe,video:GP_IIa_22.0mm_closed_R10_single_refY_006,592.0,R10,legacy_project/experiments/dxy_remeasurement_20260917/01_inputs/reextracted/gp/GP_IIa_22.0mm_closed_R10_single_refY_006-kf04.jpg,f6d54a6415b87de43d2e5c5209dd0253bc50b3fa43cf1401ce48641f6b31eff0,formal_assets/masks/GP_IIa_22.0mm_closed_R10_single_refY_006-kf04.png,0e1bc0b29f8d47ab6a45972c063c8735db92850e06bb7a734d6db4266e94ba77,formal_assets/ring_json/GP_IIa_22.0mm_closed_R10_single_refY_006-kf04.json,2720ec2d00e5295f36f533795889dc0f1fe063a86697fce33f57f187d9108563,raw/GP_IIa_22.0mm_closed_R10_single_refY_006.mp4,4c1ade6f6c32a04aa5828f07fdd192001344e554ef8172f47ce3c6460e5c5cde,492.6145324707037,737.222990940159,155.77253735645007,291.04361062234096,364.5619963349562,original_V2_R0,0.0418002930026031,20.59143179461575,True,22.0000017,exact_prior_group_Dxy_gt
GP_IIa_22.0mm_closed_R10_single_refY,GP_IIa_22.0mm_closed_R10_single_refY_006-kf05,video_keyframe,video:GP_IIa_22.0mm_closed_R10_single_refY_006,725.0,R10,legacy_project/experiments/dxy_remeasurement_20260917/01_inputs/reextracted/gp/GP_IIa_22.0mm_closed_R10_single_refY_006-kf05.jpg,694eb03e1b349cded04310fb5d5b21b5d7d5034b1d1dba60f5e20676a97a1e93,formal_assets/masks/GP_IIa_22.0mm_closed_R10_single_refY_006-kf05.png,8dd77f0d03a4985cebaf9a373cbe1deffd76bbcd25175c25654811c859a178a1,formal_assets/ring_json/GP_IIa_22.0mm_closed_R10_single_refY_006-kf05.json,e7e2adf0c839dd3ad56e1551c604bd58bf0bbc4f00245bc745c2d3e55e3f0cdc,raw/GP_IIa_22.0mm_closed_R10_single_refY_006.mp4,4c1ade6f6c32a04aa5828f07fdd192001344e554ef8172f47ce3c6460e5c5cde,514.5499877929692,763.6059978150115,78.21462978158901,314.594807849051,329.5125430699735,original_V2_R0,0.0397285346126128,20.44231699995247,True,22.0000017,exact_prior_group_Dxy_gt
GP_IIa_22.0mm_closed_R5_single_refY,GP_IIa_22.0mm_closed_R5_single_refY_001,photo,photo:GP_IIa_22.0mm_closed_R5_single_refY_001,,R5,raw/GP_IIa_22.0mm_closed_R5_single_refY_001.jpg,6307c73d3e759ce4d7a99da20f5402cffa4d96deb1343aab2214c27f32babd08,formal_assets/masks/GP_IIa_22.0mm_closed_R5_single_refY_001.png,e6d3d6bba4d72391e3536fcc52ad1165604f28792c5b83b2e2c0589c41d04f17,formal_assets/ring_json/GP_IIa_22.0mm_closed_R5_single_refY_001.json,00cb2742ca4448baeeb839b02b88b2f7fbbd59cec8b6eaf3b90840c3a9335746,,,745.1851196289072,1434.4685161175012,429.7432104957663,690.201466792655,466.7218773948587,original_V2_R0,0.0300427252514478,22.38739181047852,True,22.0000017,same_paris_nominal_prior_Dxy_gt
GP_IIa_22.0mm_closed_R5_single_refY,GP_IIa_22.0mm_closed_R5_single_refY_002,photo,photo:GP_IIa_22.0mm_closed_R5_single_refY_002,,R5,raw/GP_IIa_22.0mm_closed_R5_single_refY_002.jpg,a11febc6de9e2301b98ebfe94601e3c5aaef4180eca03c158fba54779d88b2c0,formal_assets/masks/GP_IIa_22.0mm_closed_R5_single_refY_002.png,203657eef64aea277e67b51de968fb6eff3211e88f09d5949803d18b2534282e,formal_assets/ring_json/GP_IIa_22.0mm_closed_R5_single_refY_002.json,c14c8641455dd4e86435ee6a9db11594c3394bf25f9692bc3e4d4a888c640254,,,664.9965209960942,1180.9536545320725,553.520545850323,529.633137460115,687.6919175285833,original_V2_R0,0.031621899052916,21.028452857478825,True,22.0000017,same_paris_nominal_prior_Dxy_gt
GP_IIa_22.0mm_closed_R5_single_refY,GP_IIa_22.0mm_closed_R5_single_refY_003,photo,photo:GP_IIa_22.0mm_closed_R5_single_refY_003,,R5,raw/GP_IIa_22.0mm_closed_R5_single_refY_003.jpg,8093a798a7e9b55b483975f90940bbc4070d1da405b44d9521a7078169633415,formal_assets/masks/GP_IIa_22.0mm_closed_R5_single_refY_003.png,ee74b60fee898e36e12a20afe5c14724ac1a084333cf7300568a786bd9014dfe,formal_assets/ring_json/GP_IIa_22.0mm_closed_R5_single_refY_003.json,b838568c554de0b48df21b9cd0ab65a68ade7973946167dc1a41c275f6224424,,,631.456502589514,739.7176064430577,535.8268905902551,1371.1741090325704,535.8268905902551,original_V2_R0,0.0311265979952563,19.65509270759432,True,22.0000017,same_paris_nominal_prior_Dxy_gt
GP_IIa_22.0mm_closed_R5_single_refY,GP_IIa_22.0mm_closed_R5_single_refY_004-kf01,video_keyframe,video:GP_IIa_22.0mm_closed_R5_single_refY_004,0.0,R5,legacy_project/experiments/dxy_remeasurement_20260917/01_inputs/reextracted/gp/GP_IIa_22.0mm_closed_R5_single_refY_004-kf01.jpg,98f1609d79501445928652ccfd5548f7a88c9c5949be7d37110a84319ab490ca,formal_assets/masks/GP_IIa_22.0mm_closed_R5_single_refY_004-kf01.png,e6864790d71065b0006cb4c0cb05fb51a9f9dde7b2dc1cf72f9af1916cc406ba,formal_assets/ring_json/GP_IIa_22.0mm_closed_R5_single_refY_004-kf01.json,db67327ae9f8a7be4f6676b6c5af52ef83de927a7fd8d83c38f64b1abfcc951b,raw/GP_IIa_22.0mm_closed_R5_single_refY_004.mp4,8eecee92bd766f8a98fd41707c4d51adb3157d528508d09cf6b7a8cf56350b1c,471.6495361328127,553.4339624131409,341.729337484753,993.6871313368592,510.93463346251264,original_V2_R0,0.0474355722784477,22.37296566132437,True,22.0000017,same_paris_nominal_prior_Dxy_gt
GP_IIa_22.0mm_closed_R5_single_refY,GP_IIa_22.0mm_closed_R5_single_refY_004-kf03,video_keyframe,video:GP_IIa_22.0mm_closed_R5_single_refY_004,556.0,R5,legacy_project/experiments/dxy_remeasurement_20260917/01_inputs/reextracted/gp/GP_IIa_22.0mm_closed_R5_single_refY_004-kf03.jpg,dacfd8803528a69fe7a7da372a94746e0209824d48ad676c209f3c91c7687417,formal_assets/masks/GP_IIa_22.0mm_closed_R5_single_refY_004-kf03.png,50c95698a136712eeb982c6d313261bf36c7fd6d4dca8ff6db9f442d5cc55643,formal_assets/ring_json/GP_IIa_22.0mm_closed_R5_single_refY_004-kf03.json,64447c4ec228f51f72fc4a70b8e18193dfcbf726c4e26f0e5a01baec54e94b4f,raw/GP_IIa_22.0mm_closed_R5_single_refY_004.mp4,8eecee92bd766f8a98fd41707c4d51adb3157d528508d09cf6b7a8cf56350b1c,531.792114257813,417.16027162620327,279.52613668617767,948.8582220261404,289.5332505208536,original_V2_R0,0.0425916903180657,22.649925044058183,True,22.0000017,same_paris_nominal_prior_Dxy_gt
GP_IIa_22.0mm_closed_R5_single_refY,GP_IIa_22.0mm_closed_R5_single_refY_004-kf04,video_keyframe,video:GP_IIa_22.0mm_closed_R5_single_refY_004,914.0,R5,legacy_project/experiments/dxy_remeasurement_20260917/01_inputs/reextracted/gp/GP_IIa_22.0mm_closed_R5_single_refY_004-kf04.jpg,8d70768001803848cfb399acc38b8cb4e5297f51c2245d1593678404b0a83621,formal_assets/masks/GP_IIa_22.0mm_closed_R5_single_refY_004-kf04.png,baade3e61e3e859312bdb1676745b806e7c113822fdc788e5ff156c5507d3d02,formal_assets/ring_json/GP_IIa_22.0mm_closed_R5_single_refY_004-kf04.json,faf7b67f1797cdff2f1b1a9c4d730d5741e5222e6d31055a1ad4c79a40c6cb31,raw/GP_IIa_22.0mm_closed_R5_single_refY_004.mp4,8eecee92bd766f8a98fd41707c4d51adb3157d528508d09cf6b7a8cf56350b1c,524.1352539062507,998.5975421532012,340.6388473835584,485.3251263038302,446.79529568284784,original_V2_R0,0.0402705357088541,21.107207458700977,True,22.0000017,same_paris_nominal_prior_Dxy_gt
GP_IIa_22.0mm_closed_R5_single_refY,GP_IIa_22.0mm_closed_R5_single_refY_004-kf05,video_keyframe,video:GP_IIa_22.0mm_closed_R5_single_refY_004,1103.0,R5,legacy_project/experiments/dxy_remeasurement_20260917/01_inputs/reextracted/gp/GP_IIa_22.0mm_closed_R5_single_refY_004-kf05.jpg,4c77716fa56392e9d144729deb731df7effec151bf106c1a22fd5f55b61f12d3,formal_assets/masks/GP_IIa_22.0mm_closed_R5_single_refY_004-kf05.png,38c652af1def7a525822e1fe53c14535d74e4337d1a037149ea4c05d0f70e504,formal_assets/ring_json/GP_IIa_22.0mm_closed_R5_single_refY_004-kf05.json,45ff47b36da890dd1f4e54314a97e1185f2b2662a109b132dc6f3ea62acdab0e,raw/GP_IIa_22.0mm_closed_R5_single_refY_004.mp4,8eecee92bd766f8a98fd41707c4d51adb3157d528508d09cf6b7a8cf56350b1c,511.0504455566413,955.5369514602468,187.48985097439044,486.43527754365954,390.2610950705314,original_V2_R0,0.0416625715678123,21.29167576276593,True,22.0000017,same_paris_nominal_prior_Dxy_gt
GP_IIa_22.0mm_closed_R5_single_refY,GP_IIa_22.0mm_closed_R5_single_refY_005-kf01,video_keyframe,video:GP_IIa_22.0mm_closed_R5_single_refY_005,23.0,R5,legacy_project/experiments/dxy_remeasurement_20260917/01_inputs/reextracted/gp/GP_IIa_22.0mm_closed_R5_single_refY_005-kf01.jpg,e9870c2c6be665d91e09c4353ddfec24e242f036e3861d81570ea9664947cd10,formal_assets/masks/GP_IIa_22.0mm_closed_R5_single_refY_005-kf01.png,e6d13c95a27521aea8ce483a38f5c24cd3b71eb4cd00a80f514adee240dc1c24,formal_assets/ring_json/GP_IIa_22.0mm_closed_R5_single_refY_005-kf01.json,56d0ac227281f0d1c3b3959c6c9ca8b49205258963e845154d8e5556bd152b7e,raw/GP_IIa_22.0mm_closed_R5_single_refY_005.mp4,2cd70c2d79dd92e3a0d3d32481fe000fb7d1b5bde92b27178682db4ab659e348,467.176544189454,131.28020322019492,436.6582191077387,598.0166107446488,456.9325706871832,original_V2_R0,0.0446249920246853,20.847749558574424,True,22.0000017,same_paris_nominal_prior_Dxy_gt
GP_IIa_22.0mm_closed_R5_single_refY,GP_IIa_22.0mm_closed_R5_single_refY_005-kf02,video_keyframe,video:GP_IIa_22.0mm_closed_R5_single_refY_005,181.0,R5,legacy_project/experiments/dxy_remeasurement_20260917/01_inputs/reextracted/gp/GP_IIa_22.0mm_closed_R5_single_refY_005-kf02.jpg,6c445571b4387cda0a42060f9e8d19a443aa9fa4b8386fc9e589555ba1e25b3a,formal_assets/masks/GP_IIa_22.0mm_closed_R5_single_refY_005-kf02.png,7307d8d53e8259c889bdde7c6057a162e8c6e61cb7daef3ec8bf4a16fd44a9ca,formal_assets/ring_json/GP_IIa_22.0mm_closed_R5_single_refY_005-kf02.json,39d3a47cfb29788f0ecc0d2a218f8593c278b908611e69062028489a93c31bf3,raw/GP_IIa_22.0mm_closed_R5_single_refY_005.mp4,2cd70c2d79dd92e3a0d3d32481fe000fb7d1b5bde92b27178682db4ab659e348,440.509857177735,409.1841696467411,385.3816212304675,846.6700784001339,436.9084483496106,original_V2_R0,0.0467168769494027,20.579244792771203,True,22.0000017,same_paris_nominal_prior_Dxy_gt
GP_IIa_22.0mm_closed_R5_single_refY,GP_IIa_22.0mm_closed_R5_single_refY_005-kf03,video_keyframe,video:GP_IIa_22.0mm_closed_R5_single_refY_005,329.0,R5,legacy_project/experiments/dxy_remeasurement_20260917/01_inputs/reextracted/gp/GP_IIa_22.0mm_closed_R5_single_refY_005-kf03.jpg,80e6725d5a53fece67ab5c2e1c01cdee97951060bd49d2d710edfebd4e85cd45,formal_assets/masks/GP_IIa_22.0mm_closed_R5_single_refY_005-kf03.png,5532654e87b2db887d9c188ecbb3a37a77b5f7523f2581b7b04b897b1641e67e,formal_assets/ring_json/GP_IIa_22.0mm_closed_R5_single_refY_005-kf03.json,77ce31d11d9ebcdd6cd2291dd3889b0d3537606e6a8d05ac3fe5317eb4edba88,raw/GP_IIa_22.0mm_closed_R5_single_refY_005.mp4,2cd70c2d79dd92e3a0d3d32481fe000fb7d1b5bde92b27178682db4ab659e348,437.3185424804688,541.9803911555082,369.7155981766357,976.7195600163668,417.14304440148936,original_V2_R0,0.0464569224330452,20.31647360654752,True,22.0000017,same_paris_nominal_prior_Dxy_gt
GP_IIa_22.0mm_closed_R5_single_refY,GP_IIa_22.0mm_closed_R5_single_refY_005-kf04,video_keyframe,video:GP_IIa_22.0mm_closed_R5_single_refY_005,459.0,R5,legacy_project/experiments/dxy_remeasurement_20260917/01_inputs/reextracted/gp/GP_IIa_22.0mm_closed_R5_single_refY_005-kf04.jpg,1515e737a96544dbde807de40c9097843c13d4b7d654b934e5696ab320026583,formal_assets/masks/GP_IIa_22.0mm_closed_R5_single_refY_005-kf04.png,8bfa7a99c121720e5f2f0c84822a5b49d10f1e9bd2537c7aa8da758bb84d3193,formal_assets/ring_json/GP_IIa_22.0mm_closed_R5_single_refY_005-kf04.json,45883b0245ff2e68a10483892262b4f6a8c977724564c8cff1f53af54485cf5c,raw/GP_IIa_22.0mm_closed_R5_single_refY_005.mp4,2cd70c2d79dd92e3a0d3d32481fe000fb7d1b5bde92b27178682db4ab659e348,447.6352233886721,562.678282048885,352.39786382798815,1010.2808854315838,357.80181268568373,original_V2_R0,0.0454044359114059,20.324624812038827,True,22.0000017,same_paris_nominal_prior_Dxy_gt
GP_IIa_22.0mm_closed_R5_single_refY,GP_IIa_22.0mm_closed_R5_single_refY_005-kf05,video_keyframe,video:GP_IIa_22.0mm_closed_R5_single_refY_005,664.0,R5,legacy_project/experiments/dxy_remeasurement_20260917/01_inputs/reextracted/gp/GP_IIa_22.0mm_closed_R5_single_refY_005-kf05.jpg,0ec6b6dc24affa8e692e6bbdedaedfc136eed365d1eff901de9498bbf67e9d76,formal_assets/masks/GP_IIa_22.0mm_closed_R5_single_refY_005-kf05.png,54f8d9ab23260cd03fe281f41c322bab87880a17d2c578110a06a4db1fe51ff0,formal_assets/ring_json/GP_IIa_22.0mm_closed_R5_single_refY_005-kf05.json,c0c4499bae7c2a4d55ed9c15192d6838208155de1991cd45721bfe1932cf68f2,raw/GP_IIa_22.0mm_closed_R5_single_refY_005.mp4,2cd70c2d79dd92e3a0d3d32481fe000fb7d1b5bde92b27178682db4ab659e348,449.7124938964844,1165.9243943926133,100.48973659460562,729.4386427167617,208.7556857686756,original_V2_R0,0.0455114113600055,20.467050303456865,True,22.0000017,same_paris_nominal_prior_Dxy_gt
GP_IIa_4.5mm_closed_R10_single_refY,GP_IIa_4.5mm_closed_R10_single_refY_001,photo,photo:GP_IIa_4.5mm_closed_R10_single_refY_001,,R10,raw/GP_IIa_4.5mm_closed_R10_single_refY_001.jpg,f508ab8aad293216d854a9ba4ef9b284f965159c6a385333dc4ec52778c6ba77,formal_assets/masks/GP_IIa_4.5mm_closed_R10_single_refY_001.png,9bd69db95abccf8def17ac8b5d297418eecbc98c6f28c24cad9e7e0e2310a412,formal_assets/ring_json/GP_IIa_4.5mm_closed_R10_single_refY_001.json,085e16600aae32b130dba043c43afde6e490b6228ec91ba46d3780aab24e2c99,,,216.47608947753972,1249.8497478834756,658.0873551638525,1034.0869586594931,675.6462874142725,original_V2_R0,0.022257677584417,4.818255004326486,True,4.5000005,exact_prior_group_Dxy_gt
GP_IIa_4.5mm_closed_R10_single_refY,GP_IIa_4.5mm_closed_R10_single_refY_002,photo,photo:GP_IIa_4.5mm_closed_R10_single_refY_002,,R10,raw/GP_IIa_4.5mm_closed_R10_single_refY_002.jpg,fd9625a10619344a02e06d48129d2495a3722c1c12b15415e44ee0e065ad8bd5,formal_assets/masks/GP_IIa_4.5mm_closed_R10_single_refY_002.png,ffaf06c68067d57d1093b5e7b37d8546d1195375f36d2771a8957c67f0e7ec14,formal_assets/ring_json/GP_IIa_4.5mm_closed_R10_single_refY_002.json,1997cd0698b78ee47416a08e77538cbe92ad3a5e2b4f77cb712fb350a016dd47,,,175.51318359375043,1145.5040726565358,651.5606392439422,973.822770605183,688.0353995744172,original_V2_R0,0.0275113026133302,4.8285963064766495,True,4.5000005,exact_prior_group_Dxy_gt
GP_IIa_4.5mm_closed_R10_single_refY,GP_IIa_4.5mm_closed_R10_single_refY_003,photo,photo:GP_IIa_4.5mm_closed_R10_single_refY_003,,R10,raw/GP_IIa_4.5mm_closed_R10_single_refY_003.jpg,fa8bc6b033a963e5dab5b1c676df135870349ead4199088a0758295054d0671c,formal_assets/masks/GP_IIa_4.5mm_closed_R10_single_refY_003.png,afef0e098136d8628887980978e4aa214674a1ea11ab9c2a6c1cb428d2b53f72,formal_assets/ring_json/GP_IIa_4.5mm_closed_R10_single_refY_003.json,ee752e31dc2bc93b50ba7d8ab7de548dd50e66ee96105cd913a99b10dcea430a,,,210.32040234398391,963.6207918584236,647.5503987635418,1173.941194202407,647.5503987635418,original_V2_R0,0.0215449238422315,4.531337050968621,True,4.5000005,exact_prior_group_Dxy_gt
GP_IIa_4.5mm_closed_R10_single_refY,GP_IIa_4.5mm_closed_R10_single_refY_004-kf01,video_keyframe,video:GP_IIa_4.5mm_closed_R10_single_refY_004,123.0,R10,legacy_project/experiments/dxy_remeasurement_20260917/01_inputs/reextracted/gp/GP_IIa_4.5mm_closed_R10_single_refY_004-kf01.jpg,db6a8bb2669c72457490860db5e16d232509aff88ece5cc3ef3e37988c6636d5,formal_assets/masks/GP_IIa_4.5mm_closed_R10_single_refY_004-kf01.png,901cd11a19394ffdab56ccf5facc8dea40b3cf98d58d86f4155a071db12eb44c,formal_assets/ring_json/GP_IIa_4.5mm_closed_R10_single_refY_004-kf01.json,bef8bbdd81b4b29f96f1fe7b1b21a4e5516c44a7751c3a7f10aa19c55dff87be,raw/GP_IIa_4.5mm_closed_R10_single_refY_004.mp4,6714359c8ffa9268c5affb748a0032c00da900d8249f6e5abf7f628d894b9511,112.52364349365236,518.2904184322842,489.66315432287945,629.5925771731845,506.1979601790737,original_V2_R0,0.0418750429702246,4.711932406462926,True,4.5000005,exact_prior_group_Dxy_gt
GP_IIa_4.5mm_closed_R10_single_refY,GP_IIa_4.5mm_closed_R10_single_refY_004-kf02,video_keyframe,video:GP_IIa_4.5mm_closed_R10_single_refY_004,352.0,R10,legacy_project/experiments/dxy_remeasurement_20260917/01_inputs/reextracted/gp/GP_IIa_4.5mm_closed_R10_single_refY_004-kf02.jpg,4f514b8705f4c3da8f2dbb7ee349546b82bf9f6ee156791c608e36b034c37788,formal_assets/masks/GP_IIa_4.5mm_closed_R10_single_refY_004-kf02.png,2750b11b7213e69eef49b76630410c58fa9241cb81fdb87ffbf3bcb1a4efd1a8,formal_assets/ring_json/GP_IIa_4.5mm_closed_R10_single_refY_004-kf02.json,515ec83cd0d4e0c41ba64a1823dba6776b03f6f8621dcbb919217f802bf81a1f,raw/GP_IIa_4.5mm_closed_R10_single_refY_004.mp4,6714359c8ffa9268c5affb748a0032c00da900d8249f6e5abf7f628d894b9511,103.14427185058602,672.875457835205,504.0875731454947,773.7735289812013,525.4959839834115,original_V2_R0,0.0445659478240575,4.596722237643619,True,4.5000005,exact_prior_group_Dxy_gt
GP_IIa_4.5mm_closed_R10_single_refY,GP_IIa_4.5mm_closed_R10_single_refY_004-kf03,video_keyframe,video:GP_IIa_4.5mm_closed_R10_single_refY_004,448.0,R10,legacy_project/experiments/dxy_remeasurement_20260917/01_inputs/reextracted/gp/GP_IIa_4.5mm_closed_R10_single_refY_004-kf03.jpg,563dbb0d1b0ce823df74b38237503aa23739dff50042f8c06414caf960160237,formal_assets/masks/GP_IIa_4.5mm_closed_R10_single_refY_004-kf03.png,47354777ea7468925b5a1f3a894a5bb9b42310a22d380fa26d17be51f2ee0d71,formal_assets/ring_json/GP_IIa_4.5mm_closed_R10_single_refY_004-kf03.json,38e897eb9118e46aab16da7c43c8391346727374b03dd5667dcef31562275fc6,raw/GP_IIa_4.5mm_closed_R10_single_refY_004.mp4,6714359c8ffa9268c5affb748a0032c00da900d8249f6e5abf7f628d894b9511,106.0762939453126,681.4009225936085,493.8486367809263,786.7836172013134,505.9592855823549,original_V2_R0,0.0454202264995584,4.8180092972298345,True,4.5000005,exact_prior_group_Dxy_gt
GP_IIa_4.5mm_closed_R10_single_refY,GP_IIa_4.5mm_closed_R10_single_refY_004-kf04,video_keyframe,video:GP_IIa_4.5mm_closed_R10_single_refY_004,826.0,R10,legacy_project/experiments/dxy_remeasurement_20260917/01_inputs/reextracted/gp/GP_IIa_4.5mm_closed_R10_single_refY_004-kf04.jpg,fab40ae1aaf8f847cc0079a660941b5886044271f41ed5b6ab6b4f52b5ded726,formal_assets/masks/GP_IIa_4.5mm_closed_R10_single_refY_004-kf04.png,ddba72bc26039dd07955d71de29891f9f4591af47b14eab2222ddff266d69665,formal_assets/ring_json/GP_IIa_4.5mm_closed_R10_single_refY_004-kf04.json,aa0726365e033a67cb2fdd535241f0c477b1f8700f9db39ab863f00a87761d4d,raw/GP_IIa_4.5mm_closed_R10_single_refY_004.mp4,6714359c8ffa9268c5affb748a0032c00da900d8249f6e5abf7f628d894b9511,111.46773529052754,881.1909566797435,539.7937399197585,773.022056015569,566.7111123751633,original_V2_R0,0.0426777584382607,4.757193080389122,True,4.5000005,exact_prior_group_Dxy_gt
GP_IIa_4.5mm_closed_R10_single_refY,GP_IIa_4.5mm_closed_R10_single_refY_004-kf05,video_keyframe,video:GP_IIa_4.5mm_closed_R10_single_refY_004,914.0,R10,legacy_project/experiments/dxy_remeasurement_20260917/01_inputs/reextracted/gp/GP_IIa_4.5mm_closed_R10_single_refY_004-kf05.jpg,389ea3cf91c3fd34633022ee4d1d9295c4b4babadbe51f3933f76596fdcdeda4,formal_assets/masks/GP_IIa_4.5mm_closed_R10_single_refY_004-kf05.png,d697741676b6d46af7ca71e4e28d6997b016eafc1c24d51d675cbb9ff8acd43f,formal_assets/ring_json/GP_IIa_4.5mm_closed_R10_single_refY_004-kf05.json,b055862b0cf499206126506c468edad7f8b3a17db3ed4cd6fab7891bc55cbee7,raw/GP_IIa_4.5mm_closed_R10_single_refY_004.mp4,6714359c8ffa9268c5affb748a0032c00da900d8249f6e5abf7f628d894b9511,109.82955932617192,839.8243134030677,478.2351174093264,736.0147979250573,514.0975852273924,original_V2_R0,0.0432870895872211,4.754201973877018,True,4.5000005,exact_prior_group_Dxy_gt
GP_IIa_4.5mm_closed_R10_single_refY,GP_IIa_4.5mm_closed_R10_single_refY_005-kf01,video_keyframe,video:GP_IIa_4.5mm_closed_R10_single_refY_005,11.0,R10,legacy_project/experiments/dxy_remeasurement_20260917/01_inputs/reextracted/gp/GP_IIa_4.5mm_closed_R10_single_refY_005-kf01.jpg,c4b999d0e6ca2376085056c7cd7ab8d7bf34b96beb7a0a3a75722f3065eb1e16,formal_assets/masks/GP_IIa_4.5mm_closed_R10_single_refY_005-kf01.png,93e1e0ccad68d0acebf7ab169dcc993cc446997b45aea9074ad04596a15432b4,formal_assets/ring_json/GP_IIa_4.5mm_closed_R10_single_refY_005-kf01.json,451182e6a3be556f304ce520280cbaa8d16110710df4db31b0df9ad919dce73c,raw/GP_IIa_4.5mm_closed_R10_single_refY_005.mp4,e2fcf9646a36631d94aaab9ab1f0d63cdad1295ae19779e657d376c76e5dbd12,139.70823669433602,434.4173185838271,478.9404569631874,572.5636079298448,499.7729829782188,original_V2_R0,0.033596413648461,4.693695710080011,True,4.5000005,exact_prior_group_Dxy_gt
GP_IIa_4.5mm_closed_R10_single_refY,GP_IIa_4.5mm_closed_R10_single_refY_005-kf02,video_keyframe,video:GP_IIa_4.5mm_closed_R10_single_refY_005,135.0,R10,legacy_project/experiments/dxy_remeasurement_20260917/01_inputs/reextracted/gp/GP_IIa_4.5mm_closed_R10_single_refY_005-kf02.jpg,51b0b61eda093ae3ade6b888e00e5df9db9c68283ed852f5d5f73b23d9009f7d,formal_assets/masks/GP_IIa_4.5mm_closed_R10_single_refY_005-kf02.png,f00d94d9ad9c6944b66b59b9aae38455cb3e4ad7a798783d26a67d612664dad5,formal_assets/ring_json/GP_IIa_4.5mm_closed_R10_single_refY_005-kf02.json,2b2453bd598869e1108ae7ea1ffbbfab6152c6c46812a73ee86266c01c154881,raw/GP_IIa_4.5mm_closed_R10_single_refY_005.mp4,e2fcf9646a36631d94aaab9ab1f0d63cdad1295ae19779e657d376c76e5dbd12,145.23667907714864,426.57642027804735,483.3830271285509,571.5571856789838,492.0010671097304,original_V2_R0,0.0314805433660144,4.5721295740240935,True,4.5000005,exact_prior_group_Dxy_gt
GP_IIa_4.5mm_closed_R10_single_refY,GP_IIa_4.5mm_closed_R10_single_refY_005-kf03,video_keyframe,video:GP_IIa_4.5mm_closed_R10_single_refY_005,371.0,R10,legacy_project/experiments/dxy_remeasurement_20260917/01_inputs/reextracted/gp/GP_IIa_4.5mm_closed_R10_single_refY_005-kf03.jpg,b5370fad5a2fa1a0a6c3d80b3d522820b61ac00eeabdd117ca87144508ecfc03,formal_assets/masks/GP_IIa_4.5mm_closed_R10_single_refY_005-kf03.png,f95085302423671e89bc617ac4a5cc5a800da040d833a190d15ec727e84e839f,formal_assets/ring_json/GP_IIa_4.5mm_closed_R10_single_refY_005-kf03.json,7165e651401b898604d0d4eae822f2f65ac853365a8b536bef259529bcd33d88,raw/GP_IIa_4.5mm_closed_R10_single_refY_005.mp4,e2fcf9646a36631d94aaab9ab1f0d63cdad1295ae19779e657d376c76e5dbd12,155.95436096191435,625.9411858538124,317.97778772431195,470.0187140485313,321.1314346877974,original_V2_R0,0.0308341528516933,4.808720603787817,True,4.5000005,exact_prior_group_Dxy_gt
GP_IIa_4.5mm_closed_R10_single_refY,GP_IIa_4.5mm_closed_R10_single_refY_005-kf04,video_keyframe,video:GP_IIa_4.5mm_closed_R10_single_refY_005,411.0,R10,legacy_project/experiments/dxy_remeasurement_20260917/01_inputs/reextracted/gp/GP_IIa_4.5mm_closed_R10_single_refY_005-kf04.jpg,e632775f9396a413e6de72101d77bf71184ccf6aeb2380ea8fe38c60baeba755,formal_assets/masks/GP_IIa_4.5mm_closed_R10_single_refY_005-kf04.png,918e5ff970b7e9f41f824ea2b98f6e9ecd3aee4289be30aef0eb2222a2a8a759,formal_assets/ring_json/GP_IIa_4.5mm_closed_R10_single_refY_005-kf04.json,aa0104ee5f197b647296c0af9f8ffb33e97c9150541772ff8bceaac582e25f5b,raw/GP_IIa_4.5mm_closed_R10_single_refY_005.mp4,e2fcf9646a36631d94aaab9ab1f0d63cdad1295ae19779e657d376c76e5dbd12,160.99690246582065,673.9020877468986,300.63669311749567,512.9057125460702,301.04873168719183,original_V2_R0,0.0304371588963111,4.900288302166084,True,4.5000005,exact_prior_group_Dxy_gt
GP_IIa_4.5mm_closed_R10_single_refY,GP_IIa_4.5mm_closed_R10_single_refY_005-kf05,video_keyframe,video:GP_IIa_4.5mm_closed_R10_single_refY_005,644.0,R10,legacy_project/experiments/dxy_remeasurement_20260917/01_inputs/reextracted/gp/GP_IIa_4.5mm_closed_R10_single_refY_005-kf05.jpg,d1ade6f3d38a5fc0192a82cf493439a728a8bf8fa4a05de8bbc9f88121f289fb,formal_assets/masks/GP_IIa_4.5mm_closed_R10_single_refY_005-kf05.png,b5b94fbf62646504926fe626a215b82cd605ac3f33dbbba646a24636577d9aab,formal_assets/ring_json/GP_IIa_4.5mm_closed_R10_single_refY_005-kf05.json,73774e1a266187250608a356158f0187672289a02f959b57726a762d315b1814,raw/GP_IIa_4.5mm_closed_R10_single_refY_005.mp4,e2fcf9646a36631d94aaab9ab1f0d63cdad1295ae19779e657d376c76e5dbd12,160.6478271484379,778.0483796727036,397.9908102462927,617.8929655421401,410.55933013456666,original_V2_R0,0.0292498225667272,4.69892043982207,True,4.5000005,exact_prior_group_Dxy_gt
GP_IIa_5.2mm_closed_R10_single_refY,GP_IIa_5.2mm_closed_R10_single_refY_001,photo,photo:GP_IIa_5.2mm_closed_R10_single_refY_001,,R10,raw/GP_IIa_5.2mm_closed_R10_single_refY_001.jpg,0f21730ae0c123ebf528cf23d232ee48a8953bb41eee1f334cec523e4cd24d49,formal_assets/masks/GP_IIa_5.2mm_closed_R10_single_refY_001.png,46a9559c7f7f4151bcf3835a6d3df94082b8eff7665ca7144661787b074aab4c,formal_assets/ring_json/GP_IIa_5.2mm_closed_R10_single_refY_001.json,dca9bcda9bca509541242c9f44607998ff2c2a313558dd65060f2765a91496f7,,,268.4128723144537,926.0618147293592,663.9269182988434,1192.305983122203,697.9785382441254,original_V2_R0,0.019709783542451,5.290359613325421,True,5.20000071,exact_prior_group_Dxy_gt
GP_IIa_5.2mm_closed_R10_single_refY,GP_IIa_5.2mm_closed_R10_single_refY_001-kf01,video_keyframe,video:GP_IIa_5.2mm_closed_R10_single_refY_001,145.0,R10,legacy_project/experiments/dxy_remeasurement_20260917/01_inputs/reextracted/gp/GP_IIa_5.2mm_closed_R10_single_refY_001-kf01.jpg,0981d3a6816de531aacf3059de9be665787fa961c60ca5a538edcfdb8f087d43,formal_assets/masks/GP_IIa_5.2mm_closed_R10_single_refY_001-kf01.png,12524be20910b9c5b57061db9a00d467ed26ec3dd91dda93c108f2cab11c0f40,formal_assets/ring_json/GP_IIa_5.2mm_closed_R10_single_refY_001-kf01.json,73899f63157b74c041856997bd79179d5492b5da5a0641b4b4ac20e16b40b572,raw/GP_IIa_5.2mm_closed_R10_single_refY_001.mp4,b3a8464bc939b7a1ab26e10a42ae3104e2b3e3bfa30435b85c712dc8f577a896,131.2633955982136,639.094337801814,456.3515799172124,770.3577334000275,456.3515799172124,original_V2_R0,0.0366200932422137,4.806877786096165,True,5.20000071,exact_prior_group_Dxy_gt
GP_IIa_5.2mm_closed_R10_single_refY,GP_IIa_5.2mm_closed_R10_single_refY_001-kf02,video_keyframe,video:GP_IIa_5.2mm_closed_R10_single_refY_001,312.0,R10,legacy_project/experiments/dxy_remeasurement_20260917/01_inputs/reextracted/gp/GP_IIa_5.2mm_closed_R10_single_refY_001-kf02.jpg,ed4b6b9451cc266de8be3c205e2365678233e34b44b74fc71e0b7689af24c195,formal_assets/masks/GP_IIa_5.2mm_closed_R10_single_refY_001-kf02.png,54aec92409a3ed292b54f470334962dfc815ab97c3e2b58198ac67f5edd736cf,formal_assets/ring_json/GP_IIa_5.2mm_closed_R10_single_refY_001-kf02.json,77d3f8a93d7865214e27db042a9a5f6818f662e6b460403b3643fb7c5656a59d,raw/GP_IIa_5.2mm_closed_R10_single_refY_001.mp4,b3a8464bc939b7a1ab26e10a42ae3104e2b3e3bfa30435b85c712dc8f577a896,120.36604301540362,592.5906715886289,534.7165613728114,712.9567146040323,534.7165613728114,original_V2_R0,0.0416072607514257,5.0081013373592205,True,5.20000071,exact_prior_group_Dxy_gt
GP_IIa_5.2mm_closed_R10_single_refY,GP_IIa_5.2mm_closed_R10_single_refY_001-kf03,video_keyframe,video:GP_IIa_5.2mm_closed_R10_single_refY_001,413.0,R10,legacy_project/experiments/dxy_remeasurement_20260917/01_inputs/reextracted/gp/GP_IIa_5.2mm_closed_R10_single_refY_001-kf03.jpg,121f6682a44ed67d754444941b659f69a2e90310928efff024080d695667a533,formal_assets/masks/GP_IIa_5.2mm_closed_R10_single_refY_001-kf03.png,6737d208ca1d625b7d904c6719e89e8c65caa0bf1cfde872c13a30c85b1bf609,formal_assets/ring_json/GP_IIa_5.2mm_closed_R10_single_refY_001-kf03.json,6da936815040b0ab10e1dcad9288c84bc4a8eb01910971775f1fdc8190e2a49f,raw/GP_IIa_5.2mm_closed_R10_single_refY_001.mp4,b3a8464bc939b7a1ab26e10a42ae3104e2b3e3bfa30435b85c712dc8f577a896,120.72816372061708,491.53538159612015,442.7278754567878,612.2635453167371,442.7278754567878,original_V2_R0,0.0413458941507004,4.991613878201061,True,5.20000071,exact_prior_group_Dxy_gt
GP_IIa_5.2mm_closed_R10_single_refY,GP_IIa_5.2mm_closed_R10_single_refY_001-kf04,video_keyframe,video:GP_IIa_5.2mm_closed_R10_single_refY_001,689.0,R10,legacy_project/experiments/dxy_remeasurement_20260917/01_inputs/reextracted/gp/GP_IIa_5.2mm_closed_R10_single_refY_001-kf04.jpg,af6c9f685c9e166f565b5347982551855636611d0dd6ab5a160dc8286403a80b,formal_assets/masks/GP_IIa_5.2mm_closed_R10_single_refY_001-kf04.png,8493b4b7a0d8ad316df86905b37555805c950fe9d85a1a44cc5462f7e57310d5,formal_assets/ring_json/GP_IIa_5.2mm_closed_R10_single_refY_001-kf04.json,f14f87bd58fb63eea369f0e91d36fcd11291e32fadc6922f9651be72f594c987,raw/GP_IIa_5.2mm_closed_R10_single_refY_001.mp4,b3a8464bc939b7a1ab26e10a42ae3104e2b3e3bfa30435b85c712dc8f577a896,116.42220056069836,781.557877938827,434.23792341680337,897.9800784995252,434.23792341680337,original_V2_R0,0.0438797503616082,5.1085770971525255,True,5.20000071,exact_prior_group_Dxy_gt
GP_IIa_5.2mm_closed_R10_single_refY,GP_IIa_5.2mm_closed_R10_single_refY_001-kf05,video_keyframe,video:GP_IIa_5.2mm_closed_R10_single_refY_001,762.0,R10,legacy_project/experiments/dxy_remeasurement_20260917/01_inputs/reextracted/gp/GP_IIa_5.2mm_closed_R10_single_refY_001-kf05.jpg,332ff0207dfa64e3f11be5852570c5f90a1c70d985eafed5b05b841baeeac8eb,formal_assets/masks/GP_IIa_5.2mm_closed_R10_single_refY_001-kf05.png,70f89e9aee12e9d82121389d74c8f92ad2f411d49a2b4ef11694f32261bee4a9,formal_assets/ring_json/GP_IIa_5.2mm_closed_R10_single_refY_001-kf05.json,76bc7b2938d52b4f602815620d5b6cce3aa77140f47d2ffab950367f4d9885d6,raw/GP_IIa_5.2mm_closed_R10_single_refY_001.mp4,b3a8464bc939b7a1ab26e10a42ae3104e2b3e3bfa30435b85c712dc8f577a896,115.0154938574092,769.7303416968385,420.25592524820655,884.7458355542477,420.25592524820655,original_V2_R0,0.0444840334724432,5.116353078602576,True,5.20000071,exact_prior_group_Dxy_gt
GP_IIa_5.2mm_closed_R10_single_refY,GP_IIa_5.2mm_closed_R10_single_refY_002,photo,photo:GP_IIa_5.2mm_closed_R10_single_refY_002,,R10,raw/GP_IIa_5.2mm_closed_R10_single_refY_002.jpg,048f92eebc9a6b3b461f0bc2c9f79d45b749d3eda355fff0168db1df2409c1f3,formal_assets/masks/GP_IIa_5.2mm_closed_R10_single_refY_002.png,56855fc47a10c509ac0f8cc9e3966229bb90eb01fadea64879efb2d67f5921d0,formal_assets/ring_json/GP_IIa_5.2mm_closed_R10_single_refY_002.json,fca1e755054cd01b37a8efdbeb3720d56de4f6e8b4866a7313332133451d2032,,,209.07876586914128,1080.7042719067852,722.3050572424119,875.6630986986835,763.1957362146194,original_V2_R0,0.0253949673820987,5.309548439536294,True,5.20000071,exact_prior_group_Dxy_gt
GP_IIa_5.2mm_closed_R10_single_refY,GP_IIa_5.2mm_closed_R10_single_refY_003,photo,photo:GP_IIa_5.2mm_closed_R10_single_refY_003,,R10,raw/GP_IIa_5.2mm_closed_R10_single_refY_003.jpg,9e26244b393e251b61678575e3292b978ed633355a62f3a592096fdb401dfd96,formal_assets/masks/GP_IIa_5.2mm_closed_R10_single_refY_003.png,4f26ce1d804961af0dff9e0acf3ffc0ffd5e913e431b83940c7c9aac912fa38f,formal_assets/ring_json/GP_IIa_5.2mm_closed_R10_single_refY_003.json,a582bf4439e853a5c09af696d77e61e5046e0856321675bd3a47526bc6c41134,,,246.8082420367723,928.830002259682,657.4683179356929,1175.638244296454,657.4683179356929,original_V2_R0,0.0212531538732102,5.245453545184027,True,5.20000071,exact_prior_group_Dxy_gt
GP_IIa_5.2mm_closed_R10_single_refY,GP_IIa_5.2mm_closed_R10_single_refY_004-kf01,video_keyframe,video:GP_IIa_5.2mm_closed_R10_single_refY_004,34.0,R10,legacy_project/experiments/dxy_remeasurement_20260917/01_inputs/reextracted/gp/GP_IIa_5.2mm_closed_R10_single_refY_004-kf01.jpg,7420a660fff25e40d3d74fd762a1f33c7ecb266810045e499fef5f3c664b00e8,formal_assets/masks/GP_IIa_5.2mm_closed_R10_single_refY_004-kf01.png,d13a8b0476ccbc7f19b31d3e2b96444e5ac6889024aa67add9dcef03e0b45e7a,formal_assets/ring_json/GP_IIa_5.2mm_closed_R10_single_refY_004-kf01.json,b936b600408e6fe4556ad7b349f460b4e0a8324325ce318750dcc33b77502b41,raw/GP_IIa_5.2mm_closed_R10_single_refY_004.mp4,5b47627832da7fd0c4f4baf8a0812f909516addb05a2074bd156d3f217170674,160.42044067382812,497.1526131649473,428.28202921957234,653.197545526459,465.4935445108964,original_V2_R0,0.0314310971417346,5.042190454338964,True,5.20000071,exact_prior_group_Dxy_gt
GP_IIa_5.2mm_closed_R10_single_refY,GP_IIa_5.2mm_closed_R10_single_refY_004-kf02,video_keyframe,video:GP_IIa_5.2mm_closed_R10_single_refY_004,256.0,R10,legacy_project/experiments/dxy_remeasurement_20260917/01_inputs/reextracted/gp/GP_IIa_5.2mm_closed_R10_single_refY_004-kf02.jpg,942c69edf1db1b2743dddc43b83b5efa047efa5256d762077d2f62b0fb97e8b8,formal_assets/masks/GP_IIa_5.2mm_closed_R10_single_refY_004-kf02.png,c46996c52c3d81bac1b74c3f3e5650d2d09a9f741e4fc5c1677369348ef7244d,formal_assets/ring_json/GP_IIa_5.2mm_closed_R10_single_refY_004-kf02.json,6a2ce290d34cad74cf01e2e8d64698df6abb1478b5e48425afb76716605a58b2,raw/GP_IIa_5.2mm_closed_R10_single_refY_004.mp4,5b47627832da7fd0c4f4baf8a0812f909516addb05a2074bd156d3f217170674,165.36950683593753,559.9409319833426,480.1632501436514,723.8236554190012,502.288501565333,original_V2_R0,0.0316860972220127,5.239914271159811,True,5.20000071,exact_prior_group_Dxy_gt
GP_IIa_5.2mm_closed_R10_single_refY,GP_IIa_5.2mm_closed_R10_single_refY_004-kf03,video_keyframe,video:GP_IIa_5.2mm_closed_R10_single_refY_004,589.0,R10,legacy_project/experiments/dxy_remeasurement_20260917/01_inputs/reextracted/gp/GP_IIa_5.2mm_closed_R10_single_refY_004-kf03.jpg,6c8b032c945afba6f1e721c331a490e84c604c689a535cfdbee2a848c494c415,formal_assets/masks/GP_IIa_5.2mm_closed_R10_single_refY_004-kf03.png,2c432ae425047652aca5da9785d05e214dab3a74aea25189bc8c05e340c25e41,formal_assets/ring_json/GP_IIa_5.2mm_closed_R10_single_refY_004-kf03.json,08f60d586601406c106309456e869b2ecaf4712a517459e14fbc7cdb19707bf8,raw/GP_IIa_5.2mm_closed_R10_single_refY_004.mp4,5b47627832da7fd0c4f4baf8a0812f909516addb05a2074bd156d3f217170674,148.717514038086,863.4374345187339,417.8610596426675,714.8337141629067,423.6776976815513,original_V2_R0,0.0358619974130069,5.333307103702658,True,5.20000071,exact_prior_group_Dxy_gt
GP_IIa_5.2mm_closed_R10_single_refY,GP_IIa_5.2mm_closed_R10_single_refY_004-kf04,video_keyframe,video:GP_IIa_5.2mm_closed_R10_single_refY_004,683.0,R10,legacy_project/experiments/dxy_remeasurement_20260917/01_inputs/reextracted/gp/GP_IIa_5.2mm_closed_R10_single_refY_004-kf04.jpg,d40d74da35c038026eb737d17291757e780c87d1b4b96f405c9e38ce37e234de,formal_assets/masks/GP_IIa_5.2mm_closed_R10_single_refY_004-kf04.png,0a231f8ffb6f4b311a056497767dc93d8c975acb2c7c832917d0463279d77166,formal_assets/ring_json/GP_IIa_5.2mm_closed_R10_single_refY_004-kf04.json,6140873f9a45959b176953a848d6777702fbe6c4cea6e3c2081844aae7fec24a,raw/GP_IIa_5.2mm_closed_R10_single_refY_004.mp4,5b47627832da7fd0c4f4baf8a0812f909516addb05a2074bd156d3f217170674,141.91929626464875,817.2087496742639,438.22825109260174,677.8511868491736,465.07143152458576,original_V2_R0,0.0378622131115244,5.373378639809699,True,5.20000071,exact_prior_group_Dxy_gt
GP_IIa_5.2mm_closed_R10_single_refY,GP_IIa_5.2mm_closed_R10_single_refY_004-kf05,video_keyframe,video:GP_IIa_5.2mm_closed_R10_single_refY_004,855.0,R10,legacy_project/experiments/dxy_remeasurement_20260917/01_inputs/reextracted/gp/GP_IIa_5.2mm_closed_R10_single_refY_004-kf05.jpg,883c0cc35820d165d2227a5e532afc2af7ebc54d2551a9bc34147b8bfa0294ee,formal_assets/masks/GP_IIa_5.2mm_closed_R10_single_refY_004-kf05.png,6bf7d7f35e75ef907dedb1b33ad70904e5bdc7b7efd5a16394f9b5c7770117d1,formal_assets/ring_json/GP_IIa_5.2mm_closed_R10_single_refY_004-kf05.json,82cd1fa1c2c6ca5336f4b4d317750b1504fbfe7b894c6629120a24f320103d1e,raw/GP_IIa_5.2mm_closed_R10_single_refY_004.mp4,5b47627832da7fd0c4f4baf8a0812f909516addb05a2074bd156d3f217170674,178.30052185058622,883.3318261280085,386.0371674523326,713.9738379344915,441.7951079382924,original_V2_R0,0.0310953323218746,5.544313980107642,True,5.20000071,exact_prior_group_Dxy_gt
GP_IIa_9.5mm_closed_R10_single_refY,GP_IIa_9.5mm_closed_R10_single_refY_001,photo,photo:GP_IIa_9.5mm_closed_R10_single_refY_001,,R10,raw/GP_IIa_9.5mm_closed_R10_single_refY_001.jpg,f021ead0692c22c55f1b0e4b5a2332a586f3fea7ba49200c33eeae5d96337c01,formal_assets/masks/GP_IIa_9.5mm_closed_R10_single_refY_001.png,d2d31994d7a0db6334cadc6f4ad952ff57bdb4ec2c9c192db023a5a94a1b28f6,formal_assets/ring_json/GP_IIa_9.5mm_closed_R10_single_refY_001.json,9c23ac924d9522e8a8aca6b2a126b5a265d485308d2e289027bf9ed7b1ff885e,,,375.52362060546926,,,,,human_approved_R2_contact_rescue,0.027509512643059,10.330471788813448,True,9.50000156,same_paris_nominal_prior_Dxy_gt
GP_IIa_9.5mm_closed_R10_single_refY,GP_IIa_9.5mm_closed_R10_single_refY_002,photo,photo:GP_IIa_9.5mm_closed_R10_single_refY_002,,R10,raw/GP_IIa_9.5mm_closed_R10_single_refY_002.jpg,ec1bc8dc6acdfbcc90ad2a9526b03f8017e45d7a259986004e77e7f32248efcf,formal_assets/masks/GP_IIa_9.5mm_closed_R10_single_refY_002.png,878a72175a3a904230b9b18bd88df23fae03942c7b3ef80aaca258209719ca84,formal_assets/ring_json/GP_IIa_9.5mm_closed_R10_single_refY_002.json,ff4de36b00e949b90fde597038e2aab85abe59f8a62c6b8987ef818c7a17acbb,,,369.24435424804767,,,,,human_approved_R2_contact_rescue,0.0271629047298087,10.029749216459454,True,9.50000156,same_paris_nominal_prior_Dxy_gt
GP_IIa_9.5mm_closed_R10_single_refY,GP_IIa_9.5mm_closed_R10_single_refY_003,photo,photo:GP_IIa_9.5mm_closed_R10_single_refY_003,,R10,raw/GP_IIa_9.5mm_closed_R10_single_refY_003.jpg,d75c6e59b00b5401e048e7fbd3faedbdc1b1cb391eb129736ead1f8c344c9872,formal_assets/masks/GP_IIa_9.5mm_closed_R10_single_refY_003.png,98dd3d4253b16442c974b8cdbbc130f0a29af60be3b3c1d67ff6acd0bd557b33,formal_assets/ring_json/GP_IIa_9.5mm_closed_R10_single_refY_003.json,7c3fa5fec68cd927de9a8802b43fa133757fb069f20cd6a1555e0b078cba5e2b,,,436.95343846645744,,,,,human_approved_R2_contact_rescue,0.0225137330473678,9.837453067763276,True,9.50000156,same_paris_nominal_prior_Dxy_gt
GP_IIa_9.5mm_closed_R10_single_refY,GP_IIa_9.5mm_closed_R10_single_refY_004-kf01,video_keyframe,video:GP_IIa_9.5mm_closed_R10_single_refY_004,31.0,R10,legacy_project/experiments/dxy_remeasurement_20260917/01_inputs/reextracted/gp/GP_IIa_9.5mm_closed_R10_single_refY_004-kf01.jpg,79095021f121e9a8c07471265ebe5a8ad21a97bd0e9c0b1a56ba2f125f170ae3,formal_assets/masks/GP_IIa_9.5mm_closed_R10_single_refY_004-kf01.png,78d0f21de6b442d4e5710d4a826031caeac71aac423ff76097f96425f784e7ed,formal_assets/ring_json/GP_IIa_9.5mm_closed_R10_single_refY_004-kf01.json,6cb1cfdbccd6ce8986dbf55a2d1e1dbbe985ff55f05e776b426fb9246c38de7c,raw/GP_IIa_9.5mm_closed_R10_single_refY_004.mp4,2737cd1a9d873494235f08386477eda67fc6a131d417bb5349eb104bdabed7d2,273.1114807128912,,,,,human_approved_R2_contact_rescue,0.037454125325929,10.229151626570667,True,9.50000156,same_paris_nominal_prior_Dxy_gt
GP_IIa_9.5mm_closed_R10_single_refY,GP_IIa_9.5mm_closed_R10_single_refY_004-kf02,video_keyframe,video:GP_IIa_9.5mm_closed_R10_single_refY_004,247.0,R10,legacy_project/experiments/dxy_remeasurement_20260917/01_inputs/reextracted/gp/GP_IIa_9.5mm_closed_R10_single_refY_004-kf02.jpg,ff282aa027ae693651b9c9c27a39f192e6ed64c8fc4601c1515311ea445c2da5,formal_assets/masks/GP_IIa_9.5mm_closed_R10_single_refY_004-kf02.png,712fa82e4a519625d8945deae2b37fcde541c3e937487c96e66d3066eb890390,formal_assets/ring_json/GP_IIa_9.5mm_closed_R10_single_refY_004-kf02.json,065c23d0f0deef76f0ef4f7e78a96e1707c4da301aaf5899029929f2574a628c,raw/GP_IIa_9.5mm_closed_R10_single_refY_004.mp4,2737cd1a9d873494235f08386477eda67fc6a131d417bb5349eb104bdabed7d2,275.3312683105469,,,,,human_approved_R2_contact_rescue,0.0372746633529588,10.262880336818808,True,9.50000156,same_paris_nominal_prior_Dxy_gt
GP_IIa_9.5mm_closed_R10_single_refY,GP_IIa_9.5mm_closed_R10_single_refY_004-kf03,video_keyframe,video:GP_IIa_9.5mm_closed_R10_single_refY_004,494.0,R10,legacy_project/experiments/dxy_remeasurement_20260917/01_inputs/reextracted/gp/GP_IIa_9.5mm_closed_R10_single_refY_004-kf03.jpg,0bf0527feae9a26db700994a33cee8e9a823e8d510a06303d4e121b115bd6b21,formal_assets/masks/GP_IIa_9.5mm_closed_R10_single_refY_004-kf03.png,3497cfe62691e826101e1262c5e0eb9112061875c22f0edaee1ddfb6e45150ad,formal_assets/ring_json/GP_IIa_9.5mm_closed_R10_single_refY_004-kf03.json,1963712241fcf0e150af2ec7e3059a9bdbe701615e5d91575683645d140583e8,raw/GP_IIa_9.5mm_closed_R10_single_refY_004.mp4,2737cd1a9d873494235f08386477eda67fc6a131d417bb5349eb104bdabed7d2,299.03616333007864,,,,,human_approved_R2_contact_rescue,0.0344839307387388,10.311942344652616,True,9.50000156,same_paris_nominal_prior_Dxy_gt
GP_IIa_9.5mm_closed_R10_single_refY,GP_IIa_9.5mm_closed_R10_single_refY_004-kf04,video_keyframe,video:GP_IIa_9.5mm_closed_R10_single_refY_004,926.0,R10,legacy_project/experiments/dxy_remeasurement_20260917/01_inputs/reextracted/gp/GP_IIa_9.5mm_closed_R10_single_refY_004-kf04.jpg,27f29b4e1fd1c4183774268d83d9fe6552a25f75450eaa53ef4039fced7978c9,formal_assets/masks/GP_IIa_9.5mm_closed_R10_single_refY_004-kf04.png,1192a1ee11fdc39bc71962f42db476819bf0cad5b481b22c2254305f4e08eda5,formal_assets/ring_json/GP_IIa_9.5mm_closed_R10_single_refY_004-kf04.json,a272fd088159681fbb61f3e8ca5b093ac1a5592d67dbc819b35b942053ad6c9c,raw/GP_IIa_9.5mm_closed_R10_single_refY_004.mp4,2737cd1a9d873494235f08386477eda67fc6a131d417bb5349eb104bdabed7d2,283.1036071777346,,,,,human_approved_R2_contact_rescue,0.0362588658171888,10.265015705019607,True,9.50000156,same_paris_nominal_prior_Dxy_gt
GP_IIa_9.5mm_closed_R10_single_refY,GP_IIa_9.5mm_closed_R10_single_refY_004-kf05,video_keyframe,video:GP_IIa_9.5mm_closed_R10_single_refY_004,1155.0,R10,legacy_project/experiments/dxy_remeasurement_20260917/01_inputs/reextracted/gp/GP_IIa_9.5mm_closed_R10_single_refY_004-kf05.jpg,b746c8a32eafb71a5984097675875add7b30f58e7d3a7ea81636cd541c14a2b4,formal_assets/masks/GP_IIa_9.5mm_closed_R10_single_refY_004-kf05.png,fb7f9173755cebb99a3c7c441e3ba0ab973f4fa76f5873e8be421f9c3667bdeb,formal_assets/ring_json/GP_IIa_9.5mm_closed_R10_single_refY_004-kf05.json,324778c3225b937279058cc00dbacc3a2fe3cb87db82ec0a49823307c2c24d64,raw/GP_IIa_9.5mm_closed_R10_single_refY_004.mp4,2737cd1a9d873494235f08386477eda67fc6a131d417bb5349eb104bdabed7d2,304.2079162597657,,,,,human_approved_R2_contact_rescue,0.0332387335928892,10.1114858854063,True,9.50000156,same_paris_nominal_prior_Dxy_gt
GP_IIa_9.5mm_closed_R10_single_refY,GP_IIa_9.5mm_closed_R10_single_refY_005-kf01,video_keyframe,video:GP_IIa_9.5mm_closed_R10_single_refY_005,34.0,R10,legacy_project/experiments/dxy_remeasurement_20260917/01_inputs/reextracted/gp/GP_IIa_9.5mm_closed_R10_single_refY_005-kf01.jpg,0d822516105542b930b19cbd78d23fa41ef81280605e6af9857921d299be9dfd,formal_assets/masks/GP_IIa_9.5mm_closed_R10_single_refY_005-kf01.png,d1d13f8d1db24a46c70034b8010c91f0b6a2aced4499bcc9c4e44bed90088dca,formal_assets/ring_json/GP_IIa_9.5mm_closed_R10_single_refY_005-kf01.json,cd8cd48de529e90f8191ae3d48d2228607a4685982d26b48fa0db4a63d466f81,raw/GP_IIa_9.5mm_closed_R10_single_refY_005.mp4,c0f9ca4b2ba2c54b1fa968f800637211ab5330f83dd68233af5914f0be609e75,238.2184448242192,,,,,human_approved_R2_contact_rescue,0.0422037579350193,10.053713581018098,True,9.50000156,same_paris_nominal_prior_Dxy_gt
GP_IIa_9.5mm_closed_R10_single_refY,GP_IIa_9.5mm_closed_R10_single_refY_005-kf02,video_keyframe,video:GP_IIa_9.5mm_closed_R10_single_refY_005,397.0,R10,legacy_project/experiments/dxy_remeasurement_20260917/01_inputs/reextracted/gp/GP_IIa_9.5mm_closed_R10_single_refY_005-kf02.jpg,7fef464bfca43622f0f47418e09659676cec1ba5729556f70dc43faf6a95c745,formal_assets/masks/GP_IIa_9.5mm_closed_R10_single_refY_005-kf02.png,fa0c323cc9c13b0cae1922565e3d5888f32caeaf415658dc4d120ebf0385b179,formal_assets/ring_json/GP_IIa_9.5mm_closed_R10_single_refY_005-kf02.json,6abde16b936983ba05ac2adff1ed4fc986c450153abbc87d6739689870c65469,raw/GP_IIa_9.5mm_closed_R10_single_refY_005.mp4,c0f9ca4b2ba2c54b1fa968f800637211ab5330f83dd68233af5914f0be609e75,242.283584594727,,,,,human_approved_R2_contact_rescue,0.0417267605196183,10.109709112218855,True,9.50000156,same_paris_nominal_prior_Dxy_gt
GP_IIa_9.5mm_closed_R10_single_refY,GP_IIa_9.5mm_closed_R10_single_refY_005-kf03,video_keyframe,video:GP_IIa_9.5mm_closed_R10_single_refY_005,748.0,R10,legacy_project/experiments/dxy_remeasurement_20260917/01_inputs/reextracted/gp/GP_IIa_9.5mm_closed_R10_single_refY_005-kf03.jpg,4695a8c09355cab0a2ce06c6c10e6780cbaf0af8ec677da8c9efd242f7a15550,formal_assets/masks/GP_IIa_9.5mm_closed_R10_single_refY_005-kf03.png,b2662e31372895a0575631beba1105ba37e6bd108f90f7ea5c049446155f3813,formal_assets/ring_json/GP_IIa_9.5mm_closed_R10_single_refY_005-kf03.json,8432b17b87935197f5df188058ecc089d8d06ea47ee2b24c3762ad435ebbc517,raw/GP_IIa_9.5mm_closed_R10_single_refY_005.mp4,c0f9ca4b2ba2c54b1fa968f800637211ab5330f83dd68233af5914f0be609e75,257.6543884277348,,,,,human_approved_R2_contact_rescue,0.0391009035520989,10.074519391687884,True,9.50000156,same_paris_nominal_prior_Dxy_gt
GP_IIa_9.5mm_closed_R10_single_refY,GP_IIa_9.5mm_closed_R10_single_refY_005-kf04,video_keyframe,video:GP_IIa_9.5mm_closed_R10_single_refY_005,907.0,R10,legacy_project/experiments/dxy_remeasurement_20260917/01_inputs/reextracted/gp/GP_IIa_9.5mm_closed_R10_single_refY_005-kf04.jpg,45cea2bc2a8960cdc4ba53935d9dc732dd1a5771ad58f971c8d430676dcde888,formal_assets/masks/GP_IIa_9.5mm_closed_R10_single_refY_005-kf04.png,ab5c6baa5c45628f026051a7b190c0dd8be1d6e57fab85ef4cd15bf336abf61a,formal_assets/ring_json/GP_IIa_9.5mm_closed_R10_single_refY_005-kf04.json,6f84eabb227939f076f26bded395c5693dda304dac28a72dc5943473ae6e844e,raw/GP_IIa_9.5mm_closed_R10_single_refY_005.mp4,c0f9ca4b2ba2c54b1fa968f800637211ab5330f83dd68233af5914f0be609e75,259.2075195312506,,,,,human_approved_R2_contact_rescue,0.0387670359993478,10.04870724096964,True,9.50000156,same_paris_nominal_prior_Dxy_gt
GP_IIa_9.5mm_closed_R10_single_refY,GP_IIa_9.5mm_closed_R10_single_refY_005-kf05,video_keyframe,video:GP_IIa_9.5mm_closed_R10_single_refY_005,1294.0,R10,legacy_project/experiments/dxy_remeasurement_20260917/01_inputs/reextracted/gp/GP_IIa_9.5mm_closed_R10_single_refY_005-kf05.jpg,7308842f8290c781ab28cb544e34d3d157e0844914e1bced6f7d80338e8ffb18,formal_assets/masks/GP_IIa_9.5mm_closed_R10_single_refY_005-kf05.png,0b1f61f793bd9b2296c584832a47d71d5f289a763241523de540f8f7af57ed5b,formal_assets/ring_json/GP_IIa_9.5mm_closed_R10_single_refY_005-kf05.json,91e6809f28d9f5f2151926ca81e694b690d43db920f986e7135a399dcb2ca113,raw/GP_IIa_9.5mm_closed_R10_single_refY_005.mp4,c0f9ca4b2ba2c54b1fa968f800637211ab5330f83dd68233af5914f0be609e75,295.22210693359455,,,,,human_approved_R2_contact_rescue,0.0343150134571862,10.13055057228516,True,9.50000156,same_paris_nominal_prior_Dxy_gt
GP_IIa_9.5mm_closed_R5_single_refY,GP_IIa_9.5mm_closed_R5_single_refY_001,photo,photo:GP_IIa_9.5mm_closed_R5_single_refY_001,,R5,raw/GP_IIa_9.5mm_closed_R5_single_refY_001.jpg,58ef15b7adfee3c33595db5862ec5cedf5c3bcebe2de109d1092d743b19c4df5,formal_assets/masks/GP_IIa_9.5mm_closed_R5_single_refY_001.png,2676b43536cbd5781bf0daec1c9bfb90aeaddf70c5b6c4069881fa8fb91d0da4,formal_assets/ring_json/GP_IIa_9.5mm_closed_R5_single_refY_001.json,a7cbd75ab0bf3ec77194afbce4f55f625a55451331e0be34655517bd187f74e3,,,402.69421386718784,696.4186755273337,618.8147750213434,1086.675440683604,718.1238236114691,original_V2_R0,0.0243082230457503,9.788780769916675,True,9.50000156,exact_prior_group_Dxy_gt
GP_IIa_9.5mm_closed_R5_single_refY,GP_IIa_9.5mm_closed_R5_single_refY_002,photo,photo:GP_IIa_9.5mm_closed_R5_single_refY_002,,R5,raw/GP_IIa_9.5mm_closed_R5_single_refY_002.jpg,440ab87b76f66f4d46087f50119a015afcc6479ced2c4cf961a47fddb1d1caa3,formal_assets/masks/GP_IIa_9.5mm_closed_R5_single_refY_002.png,ca09e38895ce3e31f13fcaeb82f85e524fe9085c8e504b37c276076501df4c42,formal_assets/ring_json/GP_IIa_9.5mm_closed_R5_single_refY_002.json,61561d7a1ef88eef09ba309977b23759ba1d4e99f4dafd1b9e6438d12f0f9008,,,301.64596557617256,727.4907789642552,653.9688279932803,1027.3588304107448,686.6711256200009,original_V2_R0,0.0280602744422947,8.464268578478382,True,9.50000156,exact_prior_group_Dxy_gt
GP_IIa_9.5mm_closed_R5_single_refY,GP_IIa_9.5mm_closed_R5_single_refY_003,photo,photo:GP_IIa_9.5mm_closed_R5_single_refY_003,,R5,raw/GP_IIa_9.5mm_closed_R5_single_refY_003.jpg,2ecbb97388d25021addcada06ccf5939fddb3a34c510d92e57f2fa7af3ebb26b,formal_assets/masks/GP_IIa_9.5mm_closed_R5_single_refY_003.png,b1b900156966f5a5faa1946d196f7263f982bf1e6fad1eb193b1032c1c37d0e4,formal_assets/ring_json/GP_IIa_9.5mm_closed_R5_single_refY_003.json,f4aad3ef4b221c80785b11cfb953e3112bd0ec835f037736c9c586500bb979ad,,,382.262649776636,866.6032114131397,654.7537340582883,1248.8658611897752,654.7537340582883,original_V2_R0,0.0243102807307714,9.29291232895857,True,9.50000156,exact_prior_group_Dxy_gt
GP_IIa_9.5mm_closed_R5_single_refY,GP_IIa_9.5mm_closed_R5_single_refY_004-kf01,video_keyframe,video:GP_IIa_9.5mm_closed_R5_single_refY_004,0.0,R5,legacy_project/experiments/dxy_remeasurement_20260917/01_inputs/reextracted/gp/GP_IIa_9.5mm_closed_R5_single_refY_004-kf01.jpg,8cde0ef810163e2f6a8fe96c2881631bae6fee99c199d4210e467da84c06624e,formal_assets/masks/GP_IIa_9.5mm_closed_R5_single_refY_004-kf01.png,67a6ed958f5dd1935e1e7029561f4cbf72994b41a4fb6b03dfedf83e581b6adc,formal_assets/ring_json/GP_IIa_9.5mm_closed_R5_single_refY_004-kf01.json,2e3d6037ad2deb87ee340248bb8fc20116120730603ad36c712e189c8352bc7c,raw/GP_IIa_9.5mm_closed_R5_single_refY_004.mp4,6d7c7ba6270b537096a2627d084e86f5de8ef20c6a310518b942ecb9c2fd924a,263.765258789063,548.7398267889147,258.64838086411726,805.9610093927259,317.0382341261171,original_V2_R0,0.0404203304838159,10.661478930403154,True,9.50000156,exact_prior_group_Dxy_gt
GP_IIa_9.5mm_closed_R5_single_refY,GP_IIa_9.5mm_closed_R5_single_refY_004-kf02,video_keyframe,video:GP_IIa_9.5mm_closed_R5_single_refY_004,368.0,R5,legacy_project/experiments/dxy_remeasurement_20260917/01_inputs/reextracted/gp/GP_IIa_9.5mm_closed_R5_single_refY_004-kf02.jpg,c40982e95871a07bcb3583ab845428af5b245c9888e4c0acef4d5bb9a5f03a70,formal_assets/masks/GP_IIa_9.5mm_closed_R5_single_refY_004-kf02.png,6e8bbbc499d855632c1288489a06ed1efa70956cfe898f5e34abbbff0b81df07,formal_assets/ring_json/GP_IIa_9.5mm_closed_R5_single_refY_004-kf02.json,4df334bdbd4f96e4c9cfef66d7644d2ea6896c3a59f2d19560799fd9092668b0,raw/GP_IIa_9.5mm_closed_R5_single_refY_004.mp4,6d7c7ba6270b537096a2627d084e86f5de8ef20c6a310518b942ecb9c2fd924a,226.35932922363287,550.7065232586191,406.9697536928712,768.3566786456778,469.1546054379882,original_V2_R0,0.0401101854998154,9.0793146847737,True,9.50000156,exact_prior_group_Dxy_gt
GP_IIa_9.5mm_closed_R5_single_refY,GP_IIa_9.5mm_closed_R5_single_refY_004-kf03,video_keyframe,video:GP_IIa_9.5mm_closed_R5_single_refY_004,384.0,R5,legacy_project/experiments/dxy_remeasurement_20260917/01_inputs/reextracted/gp/GP_IIa_9.5mm_closed_R5_single_refY_004-kf03.jpg,8ac4e79be703135bcb79288dce9ff4577a5046efa6326df71b97614ffcce5b35,formal_assets/masks/GP_IIa_9.5mm_closed_R5_single_refY_004-kf03.png,310fb2c8e731e7985a3eb9db290161a81fe027e0c0197f649b623d0c028ba6c1,formal_assets/ring_json/GP_IIa_9.5mm_closed_R5_single_refY_004-kf03.json,585404bf1a0bea8246e97ba462f67cdf0c10c0bc9bb807edfcb66075d43ae64b,raw/GP_IIa_9.5mm_closed_R5_single_refY_004.mp4,6d7c7ba6270b537096a2627d084e86f5de8ef20c6a310518b942ecb9c2fd924a,239.8709259033204,514.0057982914191,414.6256305564785,750.6676636226434,453.7309063087559,original_V2_R0,0.0393855503180514,9.447448422002806,True,9.50000156,exact_prior_group_Dxy_gt
GP_IIa_9.5mm_closed_R5_single_refY,GP_IIa_9.5mm_closed_R5_single_refY_004-kf04,video_keyframe,video:GP_IIa_9.5mm_closed_R5_single_refY_004,704.0,R5,legacy_project/experiments/dxy_remeasurement_20260917/01_inputs/reextracted/gp/GP_IIa_9.5mm_closed_R5_single_refY_004-kf04.jpg,cc7c1d64919f52511fb70ae8dc0212d9909a26e9fcd5367ebd078c0b92211e47,formal_assets/masks/GP_IIa_9.5mm_closed_R5_single_refY_004-kf04.png,0dba7933a298a089e330b2f7d09f28e499a2be76ae18c5421e9de5a5719a01f0,formal_assets/ring_json/GP_IIa_9.5mm_closed_R5_single_refY_004-kf04.json,aa78142e8f881c4d5c2f4d47ef09febe98b74bf361737943883ae6ab703390f4,raw/GP_IIa_9.5mm_closed_R5_single_refY_004.mp4,6d7c7ba6270b537096a2627d084e86f5de8ef20c6a310518b942ecb9c2fd924a,312.56790616580923,431.0329288740168,327.50560215175386,743.6008350398256,327.50560215175386,original_V2_R0,0.0337514427897182,10.549617802857316,True,9.50000156,exact_prior_group_Dxy_gt
GP_IIa_9.5mm_closed_R5_single_refY,GP_IIa_9.5mm_closed_R5_single_refY_004-kf05,video_keyframe,video:GP_IIa_9.5mm_closed_R5_single_refY_004,856.0,R5,legacy_project/experiments/dxy_remeasurement_20260917/01_inputs/reextracted/gp/GP_IIa_9.5mm_closed_R5_single_refY_004-kf05.jpg,5d872391dba806f0856e53094760edac7e67d25647afeb891279c4ac31926521,formal_assets/masks/GP_IIa_9.5mm_closed_R5_single_refY_004-kf05.png,431847db6b07f46dbc7e54084121c0904828319b64f2f6824a5723c042c6e9be,formal_assets/ring_json/GP_IIa_9.5mm_closed_R5_single_refY_004-kf05.json,b47fa94610885c860943904e786b9fa849e1a3300d8d7c52f312af7e26df12e4,raw/GP_IIa_9.5mm_closed_R5_single_refY_004.mp4,6d7c7ba6270b537096a2627d084e86f5de8ef20c6a310518b942ecb9c2fd924a,317.7081190419696,545.1561560930359,388.6020262371373,862.8642751350048,388.6020262371373,original_V2_R0,0.0289546776410738,9.19913617081213,True,9.50000156,exact_prior_group_Dxy_gt
GP_IIa_9.5mm_closed_R5_single_refY,GP_IIa_9.5mm_closed_R5_single_refY_005-kf01,video_keyframe,video:GP_IIa_9.5mm_closed_R5_single_refY_005,271.0,R5,legacy_project/experiments/dxy_remeasurement_20260917/01_inputs/reextracted/gp/GP_IIa_9.5mm_closed_R5_single_refY_005-kf01.jpg,54e24756e735445559780b4205051711d42c4961fc2a2165626aaced3d99284f,formal_assets/masks/GP_IIa_9.5mm_closed_R5_single_refY_005-kf01.png,90b6a484053971e7f2f89f4d5d50bd0e2f95ef5093431a37b567437e7b428723,formal_assets/ring_json/GP_IIa_9.5mm_closed_R5_single_refY_005-kf01.json,7a4256fc171689642e6afed5a107da09e1710af9e2209218cb9691e7eca2deaa,raw/GP_IIa_9.5mm_closed_R5_single_refY_005.mp4,29619317c304b6f7fde5762cdb55e6e0356a15cc5c88096bd789b352ac415511,289.2157897949218,839.1637536411258,261.09504264311414,604.800083028796,430.56316048188586,original_V2_R0,0.0504885726231231,14.602092406814815,True,9.50000156,exact_prior_group_Dxy_gt
GP_IIa_9.5mm_closed_R5_single_refY,GP_IIa_9.5mm_closed_R5_single_refY_005-kf02,video_keyframe,video:GP_IIa_9.5mm_closed_R5_single_refY_005,569.0,R5,legacy_project/experiments/dxy_remeasurement_20260917/01_inputs/reextracted/gp/GP_IIa_9.5mm_closed_R5_single_refY_005-kf02.jpg,5a37731dbf93ccd89c96277f279bcba2e3f43c41e7d5a24f5042b5886a098be5,formal_assets/masks/GP_IIa_9.5mm_closed_R5_single_refY_005-kf02.png,0f5ccfed574935ffb6771b2d3ec6562c1c1fa790ab4d106361e8eb78205ffebb,formal_assets/ring_json/GP_IIa_9.5mm_closed_R5_single_refY_005-kf02.json,d1148e404f066d541635a13b0d3a98f7f3f6821197f1a4f6580a5c2d7b420d3b,raw/GP_IIa_9.5mm_closed_R5_single_refY_005.mp4,29619317c304b6f7fde5762cdb55e6e0356a15cc5c88096bd789b352ac415511,290.81878662109426,806.103181235756,231.40952369073304,582.6929308247909,417.5906899323138,original_V2_R0,0.048422157038044,14.082072955380037,True,9.50000156,exact_prior_group_Dxy_gt
GP_IIa_9.5mm_closed_R5_single_refY,GP_IIa_9.5mm_closed_R5_single_refY_005-kf03,video_keyframe,video:GP_IIa_9.5mm_closed_R5_single_refY_005,758.0,R5,legacy_project/experiments/dxy_remeasurement_20260917/01_inputs/reextracted/gp/GP_IIa_9.5mm_closed_R5_single_refY_005-kf03.jpg,42e60f5e83fba530964e8be29c3c300f7a60526934e3e030a02086fa0cbcf6b5,formal_assets/masks/GP_IIa_9.5mm_closed_R5_single_refY_005-kf03.png,e6a4f627481b5c8820adb626446923a96c4ae43276a9b0baa20735067febc9cf,formal_assets/ring_json/GP_IIa_9.5mm_closed_R5_single_refY_005-kf03.json,117c6da90bfbdc8fa959011b49b29cfb9ac7593f129b4346e7eed8253baa3c61,raw/GP_IIa_9.5mm_closed_R5_single_refY_005.mp4,29619317c304b6f7fde5762cdb55e6e0356a15cc5c88096bd789b352ac415511,177.05357758453897,643.0915150379103,275.98187455620337,820.1450926224493,275.98187455620337,original_V2_R0,0.0492457367977076,8.719133880820708,True,9.50000156,exact_prior_group_Dxy_gt
GP_IIa_9.5mm_closed_R5_single_refY,GP_IIa_9.5mm_closed_R5_single_refY_005-kf04,video_keyframe,video:GP_IIa_9.5mm_closed_R5_single_refY_005,1097.0,R5,legacy_project/experiments/dxy_remeasurement_20260917/01_inputs/reextracted/gp/GP_IIa_9.5mm_closed_R5_single_refY_005-kf04.jpg,0dee5c3a4d2e1859483100d374c164493dde3929e459639e3ae8328a74bfb146,formal_assets/masks/GP_IIa_9.5mm_closed_R5_single_refY_005-kf04.png,3880b9d2045e4ad143fff0ad9a136008059d056a953325e335a4cd0cefc956ef,formal_assets/ring_json/GP_IIa_9.5mm_closed_R5_single_refY_005-kf04.json,79f5a0d555c10353c6cdf9a0f071c25b68719d7d9dc4b9b48c366b7fba152629,raw/GP_IIa_9.5mm_closed_R5_single_refY_005.mp4,29619317c304b6f7fde5762cdb55e6e0356a15cc5c88096bd789b352ac415511,199.15704345703136,720.0616130799615,440.4799328326292,918.0044879942571,462.4377612591677,original_V2_R0,0.0349737787381241,6.965274372005181,True,9.50000156,exact_prior_group_Dxy_gt
GP_IIa_9.5mm_closed_R5_single_refY,GP_IIa_9.5mm_closed_R5_single_refY_005-kf05,video_keyframe,video:GP_IIa_9.5mm_closed_R5_single_refY_005,1614.0,R5,legacy_project/experiments/dxy_remeasurement_20260917/01_inputs/reextracted/gp/GP_IIa_9.5mm_closed_R5_single_refY_005-kf05.jpg,7d771c74cb520d45540058e633da3f306020d42b9aa7861135e5459a61966c95,formal_assets/masks/GP_IIa_9.5mm_closed_R5_single_refY_005-kf05.png,b654317fa5c5aaf96c33255bb2b46f05492493cabc27a9b29cc2778497071cd0,formal_assets/ring_json/GP_IIa_9.5mm_closed_R5_single_refY_005-kf05.json,0b1185598982d948077a4fc8ee9b3733005254a982f990896587a89dc0295548,raw/GP_IIa_9.5mm_closed_R5_single_refY_005.mp4,29619317c304b6f7fde5762cdb55e6e0356a15cc5c88096bd789b352ac415511,250.00877380371168,451.2614046619032,192.52243799322247,424.5461514904406,441.09975438959,original_V2_R0,0.0312218591889195,7.805738731693912,True,9.50000156,exact_prior_group_Dxy_gt
GP_Ip_10.3mm_closed_R5_single_refY,GP_Ip_10.3mm_closed_R5_single_refY_002,photo,photo:GP_Ip_10.3mm_closed_R5_single_refY_002,,R5,raw/GP_Ip_10.3mm_closed_R5_single_refY_002.jpg,70d18107b967683d4222a6bb430fe116900cf6029b87072b69b89e4b234919b1,formal_assets/masks/GP_Ip_10.3mm_closed_R5_single_refY_002.png,6d2613e196c70cb127d1e96bcaf3d989642b147b17c9199833b52632b066e2f0,formal_assets/ring_json/GP_Ip_10.3mm_closed_R5_single_refY_002.json,b07d6204f2569e69c39f796678d40954460d61e129faa53208faba56f89d0dfe,,,499.0074881249792,536.4579657812253,612.0224169321307,1035.4654539062024,612.0224169321307,original_V2_R0,0.0187839092612445,9.373311377621151,True,10.29999461,exact_prior_group_Dxy_gt
GP_Ip_10.3mm_closed_R5_single_refY,GP_Ip_10.3mm_closed_R5_single_refY_003,photo,photo:GP_Ip_10.3mm_closed_R5_single_refY_003,,R5,raw/GP_Ip_10.3mm_closed_R5_single_refY_003.jpg,c020b2a4c94315173dbfcda5a1680c7bb83c0e95495e4d0839b8d87beb73acd6,formal_assets/masks/GP_Ip_10.3mm_closed_R5_single_refY_003.png,beada4e7d353e7d6b5c9716ce01c8c1636689d07cf72ba10139d3f9945ce3e87,formal_assets/ring_json/GP_Ip_10.3mm_closed_R5_single_refY_003.json,39e483107ab22f1693e4dac7048c22fdc3067a362449f3b8701b56087f67608a,,,506.7166144535808,635.3247212225826,562.5367403061425,1142.0413356761624,562.5367403061425,original_V2_R0,0.0171783455965653,8.704553122605144,True,10.29999461,exact_prior_group_Dxy_gt
GP_Ip_10.3mm_closed_R5_single_refY,GP_Ip_10.3mm_closed_R5_single_refY_005-kf01,video_keyframe,video:GP_Ip_10.3mm_closed_R5_single_refY_005,81.0,R5,legacy_project/experiments/dxy_remeasurement_20260917/01_inputs/reextracted/gp/GP_Ip_10.3mm_closed_R5_single_refY_005-kf01.jpg,7240e04f38c58c669647f818a45027b18decb1727a2c5733c0fb0b75d91cb4d7,formal_assets/masks/GP_Ip_10.3mm_closed_R5_single_refY_005-kf01.png,ad539b2e5cd4d8b36c73501d7d9ee191e6525bc33e8c260054b3492274388131,formal_assets/ring_json/GP_Ip_10.3mm_closed_R5_single_refY_005-kf01.json,3ad3da0e496001be38000dbab011dec75aa1a5edbc7bcb472b74d6f5c108ac4c,raw/GP_Ip_10.3mm_closed_R5_single_refY_005.mp4,202587a92bdb525022f3bd750e513ad59a7cd71c62671b20df25069f80aa8551,244.59428916752125,250.1464333045118,395.49437254552527,494.74072247203287,395.49437254552527,original_V2_R0,0.0412440010356312,10.088047115734724,True,10.29999461,exact_prior_group_Dxy_gt
GP_Ip_10.3mm_closed_R5_single_refY,GP_Ip_10.3mm_closed_R5_single_refY_005-kf02,video_keyframe,video:GP_Ip_10.3mm_closed_R5_single_refY_005,226.0,R5,legacy_project/experiments/dxy_remeasurement_20260917/01_inputs/reextracted/gp/GP_Ip_10.3mm_closed_R5_single_refY_005-kf02.jpg,30e248bc515ae8a0fc2bfac92a76dfe7aa6f4fe6b0b6febeb8759811cfa6e28f,formal_assets/masks/GP_Ip_10.3mm_closed_R5_single_refY_005-kf02.png,aaf7cfedc587ce72a0f57fc9f5e050d3c398192989d66ba5d01a518646760397,formal_assets/ring_json/GP_Ip_10.3mm_closed_R5_single_refY_005-kf02.json,0042c6e5eeb79e1e009547871832ffa2f0c21c247b9caa797c379a707a99084c,raw/GP_Ip_10.3mm_closed_R5_single_refY_005.mp4,202587a92bdb525022f3bd750e513ad59a7cd71c62671b20df25069f80aa8551,217.55670063881965,415.78196250491663,374.3573237231627,633.3386631437361,374.3573237231627,original_V2_R0,0.0485433117729308,10.560922747400395,True,10.29999461,exact_prior_group_Dxy_gt
GP_Ip_10.3mm_closed_R5_single_refY,GP_Ip_10.3mm_closed_R5_single_refY_005-kf04,video_keyframe,video:GP_Ip_10.3mm_closed_R5_single_refY_005,850.0,R5,legacy_project/experiments/dxy_remeasurement_20260917/01_inputs/reextracted/gp/GP_Ip_10.3mm_closed_R5_single_refY_005-kf04.jpg,65c08fe017878101d9173d136d162725d6ace2944c997eb7ab118125181437e5,formal_assets/masks/GP_Ip_10.3mm_closed_R5_single_refY_005-kf04.png,863a0b31f942a27d4f9051d561b39cc04d12b78f3b6d50d9b422f2bdf1c6f958,formal_assets/ring_json/GP_Ip_10.3mm_closed_R5_single_refY_005-kf04.json,9089b627f9d93208ed0e711e149d45edd6a1d4fa301cc57f7ef0cb47e2a2e680,raw/GP_Ip_10.3mm_closed_R5_single_refY_005.mp4,202587a92bdb525022f3bd750e513ad59a7cd71c62671b20df25069f80aa8551,336.81892195791806,739.6189228185139,467.6077192192946,1076.4378447764311,467.6077192192946,original_V2_R0,0.0286038962682774,9.63433350487731,True,10.29999461,exact_prior_group_Dxy_gt
GP_Ip_10.3mm_closed_R5_single_refY,GP_Ip_10.3mm_closed_R5_single_refY_005-kf05,video_keyframe,video:GP_Ip_10.3mm_closed_R5_single_refY_005,1041.0,R5,legacy_project/experiments/dxy_remeasurement_20260917/01_inputs/reextracted/gp/GP_Ip_10.3mm_closed_R5_single_refY_005-kf05.jpg,496d4e10a483d4ac03cbed4e3b41a0b6641d669f743a222f86815a65217c13d2,formal_assets/masks/GP_Ip_10.3mm_closed_R5_single_refY_005-kf05.png,461ece3e2d29205aeb07f8dfd14aae5b32ce06773af2f473d70760c224541c73,formal_assets/ring_json/GP_Ip_10.3mm_closed_R5_single_refY_005-kf05.json,447e3ebb46335abc0d4b04cf2c4b53b0afdb431960623e832b728da02c7a1007,raw/GP_Ip_10.3mm_closed_R5_single_refY_005.mp4,202587a92bdb525022f3bd750e513ad59a7cd71c62671b20df25069f80aa8551,334.9225689420275,557.0372036465159,495.5293390511506,891.9597725885429,495.5293390511506,original_V2_R0,0.0283317911436522,9.488956272560978,True,10.29999461,exact_prior_group_Dxy_gt
GP_Ip_12.0mm_closed_R10_single_refY,GP_Ip_12.0mm_closed_R10_single_refY_004-kf02,video_keyframe,video:GP_Ip_12.0mm_closed_R10_single_refY_004,495.0,R10,legacy_project/experiments/dxy_remeasurement_20260917/01_inputs/reextracted/gp/GP_Ip_12.0mm_closed_R10_single_refY_004-kf02.jpg,e31c550bf147ef7968696dd129a2953dceaf5c928b8eca8c5ddf5359c361e5d4,formal_assets/masks/GP_Ip_12.0mm_closed_R10_single_refY_004-kf02.png,c0a359b51defdd5619168cb3a90807de4f8fc4bac5885eb69438a983da0045cf,formal_assets/ring_json/GP_Ip_12.0mm_closed_R10_single_refY_004-kf02.json,05847ee459a9c411ddc7c238d7c9261e52459eea1d2ebb621f067a7b502641eb,raw/GP_Ip_12.0mm_closed_R10_single_refY_004.mp4,9325ca98ae05923c917a6cb046c445f894bfd0fa63d030d209112e1184f380be,301.3922679093749,603.9326448006672,393.1955718576878,905.3249127100418,393.1955718576878,original_V2_R0,0.0343863127196301,10.3637687756103,True,11.999998242,exact_prior_group_Dxy_gt
GP_Ip_12.0mm_closed_R10_single_refY,GP_Ip_12.0mm_closed_R10_single_refY_004-kf03,video_keyframe,video:GP_Ip_12.0mm_closed_R10_single_refY_004,643.0,R10,legacy_project/experiments/dxy_remeasurement_20260917/01_inputs/reextracted/gp/GP_Ip_12.0mm_closed_R10_single_refY_004-kf03.jpg,0081402b4c8f6c95dbe86fc0df858a8a813c0ca4421934cf3557157f2fbe39ea,formal_assets/masks/GP_Ip_12.0mm_closed_R10_single_refY_004-kf03.png,8c096b121ec393e954e474c7b051e9cdc81402f282480e138fbbe19ff4d911a9,formal_assets/ring_json/GP_Ip_12.0mm_closed_R10_single_refY_004-kf03.json,5899d340a5140d0a0e54034f7d03af730e79661eebf19cc2902a3b2ba5a9ce4d,raw/GP_Ip_12.0mm_closed_R10_single_refY_004.mp4,9325ca98ae05923c917a6cb046c445f894bfd0fa63d030d209112e1184f380be,274.4085382704114,631.4858389129641,450.6695005037647,905.894377183375,450.6695005037647,original_V2_R0,0.0394532175117478,10.826299747463311,True,11.999998242,exact_prior_group_Dxy_gt
GP_Ip_12.0mm_closed_R10_single_refY,GP_Ip_12.0mm_closed_R10_single_refY_004-kf04,video_keyframe,video:GP_Ip_12.0mm_closed_R10_single_refY_004,991.0,R10,legacy_project/experiments/dxy_remeasurement_20260917/01_inputs/reextracted/gp/GP_Ip_12.0mm_closed_R10_single_refY_004-kf04.jpg,77991f4a47dad3f25642a919d8b1b19b8c020ba27473c95e2f0c8fe5978e8ff0,formal_assets/masks/GP_Ip_12.0mm_closed_R10_single_refY_004-kf04.png,530002f4d3a2bcf3c3bcdf35eebf0ea46c2f5cdee157d2117ea47d7b710ca24b,formal_assets/ring_json/GP_Ip_12.0mm_closed_R10_single_refY_004-kf04.json,1fa6d568a74b06552bf04af04c593e79a9c4c061574bec17b67cf9dad02381b6,raw/GP_Ip_12.0mm_closed_R10_single_refY_004.mp4,9325ca98ae05923c917a6cb046c445f894bfd0fa63d030d209112e1184f380be,281.8615568590711,573.0529340727809,365.7326152935311,854.9144909318517,365.7326152935311,original_V2_R0,0.0401290502642439,11.310836582755702,True,11.999998242,exact_prior_group_Dxy_gt
GP_Ip_12.0mm_closed_R10_single_refY,GP_Ip_12.0mm_closed_R10_single_refY_004-kf05,video_keyframe,video:GP_Ip_12.0mm_closed_R10_single_refY_004,1107.0,R10,legacy_project/experiments/dxy_remeasurement_20260917/01_inputs/reextracted/gp/GP_Ip_12.0mm_closed_R10_single_refY_004-kf05.jpg,775eb891a23f32b3666510820c30f2e85ebdb5cbcd14b5e4bf715a897ee42c4c,formal_assets/masks/GP_Ip_12.0mm_closed_R10_single_refY_004-kf05.png,4a7a052eb2fd01e40791b448073c6601af3ce87b4dbfba1dd07976d00d462a9b,formal_assets/ring_json/GP_Ip_12.0mm_closed_R10_single_refY_004-kf05.json,bbc52b73054c3e86c60e975e97157aedd83f6811bfd45b999610791f3314f1a4,raw/GP_Ip_12.0mm_closed_R10_single_refY_004.mp4,9325ca98ae05923c917a6cb046c445f894bfd0fa63d030d209112e1184f380be,323.36469157781346,510.9765841979983,372.1955113267912,834.3412757758115,372.1955113267912,original_V2_R0,0.0421343339208969,13.62475589316743,True,11.999998242,exact_prior_group_Dxy_gt
GP_Ip_12.0mm_closed_R10_single_refY,GP_Ip_12.0mm_closed_R10_single_refY_005-kf01,video_keyframe,video:GP_Ip_12.0mm_closed_R10_single_refY_005,108.0,R10,legacy_project/experiments/dxy_remeasurement_20260917/01_inputs/reextracted/gp/GP_Ip_12.0mm_closed_R10_single_refY_005-kf01.jpg,d8dccb522894d342c23aafdb5301b1f57c0dbdbd402311d635a40404f3fe0e6c,formal_assets/masks/GP_Ip_12.0mm_closed_R10_single_refY_005-kf01.png,1b5cfdb4f05e4b8427b988eb36660ee7ba5ef7ce586ea35f3fb5fb7acb8da5b7,formal_assets/ring_json/GP_Ip_12.0mm_closed_R10_single_refY_005-kf01.json,e8b3674303e25d240b235ce520b9d5de951e3c824c8f478b3d0433db365b459d,raw/GP_Ip_12.0mm_closed_R10_single_refY_005.mp4,1d56e7890cf46364d0138007e559d5d77bb2919510b73a5b62e68ce964a9c86d,120.89037322998064,676.4714355528098,490.99819683873415,757.1746520936746,581.0063807979845,original_V2_R0,0.0342505057405762,4.140556422293852,True,11.999998242,exact_prior_group_Dxy_gt
GP_Ip_12.0mm_closed_R10_single_refY,GP_Ip_12.0mm_closed_R10_single_refY_005-kf02,video_keyframe,video:GP_Ip_12.0mm_closed_R10_single_refY_005,308.0,R10,legacy_project/experiments/dxy_remeasurement_20260917/01_inputs/reextracted/gp/GP_Ip_12.0mm_closed_R10_single_refY_005-kf02.jpg,81dccbddc4a7f8b6aba6d3c27a36719e6116750fac5059b7becc50197857f97e,formal_assets/masks/GP_Ip_12.0mm_closed_R10_single_refY_005-kf02.png,b76971adc351daf8c746ab4c2f56dcf04413556c1678bfb6bc53f858960465ca,formal_assets/ring_json/GP_Ip_12.0mm_closed_R10_single_refY_005-kf02.json,a2c500e7e4211ec7d2cbd0b23cad13cc53ab64357f5baf09d3c03d06d1160847,raw/GP_Ip_12.0mm_closed_R10_single_refY_005.mp4,1d56e7890cf46364d0138007e559d5d77bb2919510b73a5b62e68ce964a9c86d,97.78313446044936,463.0754035229909,514.7080943289511,545.6059166674388,567.1509754952676,original_V2_R0,0.0373071751985615,3.64801252878048,True,11.999998242,exact_prior_group_Dxy_gt
GP_Ip_12.0mm_closed_R10_single_refY,GP_Ip_12.0mm_closed_R10_single_refY_005-kf03,video_keyframe,video:GP_Ip_12.0mm_closed_R10_single_refY_005,509.0,R10,legacy_project/experiments/dxy_remeasurement_20260917/01_inputs/reextracted/gp/GP_Ip_12.0mm_closed_R10_single_refY_005-kf03.jpg,ca57d3cad5f197f704f87c0816f3b9ea7ea343086d88c5ef7fe8546aaa72d867,formal_assets/masks/GP_Ip_12.0mm_closed_R10_single_refY_005-kf03.png,2d2a6a7c88d3cb9403c7010400d653a242943d3b7b9b27c2b22192c8af48499b,formal_assets/ring_json/GP_Ip_12.0mm_closed_R10_single_refY_005-kf03.json,74d02a87200d4bb8895f654abf0b47750203cfb931506df1a0d744c14b4640ce,raw/GP_Ip_12.0mm_closed_R10_single_refY_005.mp4,1d56e7890cf46364d0138007e559d5d77bb2919510b73a5b62e68ce964a9c86d,271.9148254394531,597.2281728249457,408.527151096684,346.6699900168512,514.159860622066,original_V2_R0,0.0396680656455158,10.786335145521198,True,11.999998242,exact_prior_group_Dxy_gt
GP_Ip_12.0mm_closed_R10_single_refY,GP_Ip_12.0mm_closed_R10_single_refY_005-kf04,video_keyframe,video:GP_Ip_12.0mm_closed_R10_single_refY_005,545.0,R10,legacy_project/experiments/dxy_remeasurement_20260917/01_inputs/reextracted/gp/GP_Ip_12.0mm_closed_R10_single_refY_005-kf04.jpg,8072f7d1ec5dd2a434568eb7ad57abd025962ea29964fd8015e1a8c4a5c3a90a,formal_assets/masks/GP_Ip_12.0mm_closed_R10_single_refY_005-kf04.png,497d758c0cfa50fb592a58b36e3d8f8b11dc41890e2bba339575a522c5f4d159,formal_assets/ring_json/GP_Ip_12.0mm_closed_R10_single_refY_005-kf04.json,abd121af37b39033ef48cfc49afc5442e343903cc91f3051ececc0e353d6d2bb,raw/GP_Ip_12.0mm_closed_R10_single_refY_005.mp4,1d56e7890cf46364d0138007e559d5d77bb2919510b73a5b62e68ce964a9c86d,85.29028320312513,345.553042528845,514.529182879117,429.4583710453737,529.8369670232267,original_V2_R0,0.039669599979032,3.3834314167663257,True,11.999998242,exact_prior_group_Dxy_gt
GP_Ip_12.0mm_closed_R10_single_refY,GP_Ip_12.0mm_closed_R10_single_refY_005-kf05,video_keyframe,video:GP_Ip_12.0mm_closed_R10_single_refY_005,702.0,R10,legacy_project/experiments/dxy_remeasurement_20260917/01_inputs/reextracted/gp/GP_Ip_12.0mm_closed_R10_single_refY_005-kf05.jpg,8e435f4ba4812b5d76174a7cf88c56b9884778ceb27375e7b80b3c37f214e100,formal_assets/masks/GP_Ip_12.0mm_closed_R10_single_refY_005-kf05.png,c21187ba7b6baaf35df8b0f9a80edf2d8761ac13310e42dc206edf657711fee8,formal_assets/ring_json/GP_Ip_12.0mm_closed_R10_single_refY_005-kf05.json,7e9297e19779f63df0a99958a31362b1d2279fc0bbbc19ed1da59c6bd0f8871a,raw/GP_Ip_12.0mm_closed_R10_single_refY_005.mp4,1d56e7890cf46364d0138007e559d5d77bb2919510b73a5b62e68ce964a9c86d,82.95010375976575,273.15468035349903,458.1354549200584,356.072126287126,460.46287271666034,original_V2_R0,0.036380188962041,3.017740449201186,True,11.999998242,exact_prior_group_Dxy_gt
GP_Ip_12.0mm_closed_R5_single_refY,GP_Ip_12.0mm_closed_R5_single_refY_002,photo,photo:GP_Ip_12.0mm_closed_R5_single_refY_002,,R5,raw/GP_Ip_12.0mm_closed_R5_single_refY_002.jpg,8609ba92fb1bf5799e95f126bdad6f787f9904b10aa76868e7248580cd5cddc2,formal_assets/masks/GP_Ip_12.0mm_closed_R5_single_refY_002.png,d856a93d889656bd8488d4a1d3aa39fecf5c0b574d061c7b5df8e8d5c3689b6b,formal_assets/ring_json/GP_Ip_12.0mm_closed_R5_single_refY_002.json,9b8f6cb46390da318fb2fe9bdcd64e2b0303d5fe1e23b3a6185ab1d9b93e7037,,,485.8789108268218,799.1112625208029,665.0479863804273,1284.9901733476236,665.0479863804273,original_V2_R0,0.0212126724484491,10.30679018497858,True,11.999998242,exact_prior_group_Dxy_gt
GP_Ip_12.0mm_closed_R5_single_refY,GP_Ip_12.0mm_closed_R5_single_refY_003,photo,photo:GP_Ip_12.0mm_closed_R5_single_refY_003,,R5,raw/GP_Ip_12.0mm_closed_R5_single_refY_003.jpg,eecaf2a106692b2cca6a20b82fc265966172d3819fddaffb2b493ad86ff99cdd,formal_assets/masks/GP_Ip_12.0mm_closed_R5_single_refY_003.png,d561e4466601cb400bc710bdbc0deb2d542a9aefb5a8cff27b8c3dc5c291a843,formal_assets/ring_json/GP_Ip_12.0mm_closed_R5_single_refY_003.json,c3d4fcc4a20a830b9fbf25ceeab24779f0b673457c287b45d191509664868ee5,,,376.39702606525606,980.2215459575676,712.6665990709496,1356.618572022823,712.6665990709496,original_V2_R0,0.0274955842434057,10.349256139144618,True,11.999998242,exact_prior_group_Dxy_gt
GP_Ip_12.0mm_closed_R5_single_refY,GP_Ip_12.0mm_closed_R5_single_refY_004-kf01,video_keyframe,video:GP_Ip_12.0mm_closed_R5_single_refY_004,169.0,R5,legacy_project/experiments/dxy_remeasurement_20260917/01_inputs/reextracted/gp/GP_Ip_12.0mm_closed_R5_single_refY_004-kf01.jpg,aba016faaa626c958cd7f93aa281d271275fbc6e12a73ce507fe9a99c08439bb,formal_assets/masks/GP_Ip_12.0mm_closed_R5_single_refY_004-kf01.png,2f846cad83f76e4cef9a8acdc71a97f000d848357f2781f91d21a8718e4f4ded,formal_assets/ring_json/GP_Ip_12.0mm_closed_R5_single_refY_004-kf01.json,375f2f51a481dcf4d2a5d2057971267d0cbe193276eb18179487f918006fd424,raw/GP_Ip_12.0mm_closed_R5_single_refY_004.mp4,c751947ac8674c90156093f045d310750d31b74fddde809059e24b3dee10b2b1,269.29332551429724,565.4793109439664,495.128143355384,834.7726364582633,495.128143355384,original_V2_R0,0.041778812501514,11.250755354571,True,11.999998242,exact_prior_group_Dxy_gt
GP_Ip_12.0mm_closed_R5_single_refY,GP_Ip_12.0mm_closed_R5_single_refY_004-kf02,video_keyframe,video:GP_Ip_12.0mm_closed_R5_single_refY_004,328.0,R5,legacy_project/experiments/dxy_remeasurement_20260917/01_inputs/reextracted/gp/GP_Ip_12.0mm_closed_R5_single_refY_004-kf02.jpg,2252a122e8ef0496a177a9f0a500acf4deb85c2a76ca1fa4d79a1493f121bb3b,formal_assets/masks/GP_Ip_12.0mm_closed_R5_single_refY_004-kf02.png,2404adfa7d137b20fb86278fe0e99ece923b8aea78cea85402eaad254cf2d358,formal_assets/ring_json/GP_Ip_12.0mm_closed_R5_single_refY_004-kf02.json,2edd1567c47ad5ac8c7c473d82330a866af94236cfe14f7cecdc1d4604a75dcc,raw/GP_Ip_12.0mm_closed_R5_single_refY_004.mp4,c751947ac8674c90156093f045d310750d31b74fddde809059e24b3dee10b2b1,270.725907563054,439.8501384680839,405.6199862376593,710.5760460311377,405.6199862376593,original_V2_R0,0.0421933430627309,11.422831093777113,True,11.999998242,exact_prior_group_Dxy_gt
GP_Ip_12.0mm_closed_R5_single_refY,GP_Ip_12.0mm_closed_R5_single_refY_004-kf03,video_keyframe,video:GP_Ip_12.0mm_closed_R5_single_refY_004,609.0,R5,legacy_project/experiments/dxy_remeasurement_20260917/01_inputs/reextracted/gp/GP_Ip_12.0mm_closed_R5_single_refY_004-kf03.jpg,c90aa82250c4e80f7975c3892773fdcca1180e45f02778aa003400501bbf046c,formal_assets/masks/GP_Ip_12.0mm_closed_R5_single_refY_004-kf03.png,f27c32366a67678f16bc78acfbbe6bc7cf5785a45ac499371f0e0904d9bd5840,formal_assets/ring_json/GP_Ip_12.0mm_closed_R5_single_refY_004-kf03.json,4b478535b69213ed4d92e0c983666d1c35844a75b63393d0cbe0add7b7e4d59a,raw/GP_Ip_12.0mm_closed_R5_single_refY_004.mp4,c751947ac8674c90156093f045d310750d31b74fddde809059e24b3dee10b2b1,268.93092738390857,371.0141862498133,404.8687245967959,639.9451136337216,404.8687245967959,original_V2_R0,0.0429215890497553,11.542942747941709,True,11.999998242,exact_prior_group_Dxy_gt
GP_Ip_12.0mm_closed_R5_single_refY,GP_Ip_12.0mm_closed_R5_single_refY_004-kf04,video_keyframe,video:GP_Ip_12.0mm_closed_R5_single_refY_004,853.0,R5,legacy_project/experiments/dxy_remeasurement_20260917/01_inputs/reextracted/gp/GP_Ip_12.0mm_closed_R5_single_refY_004-kf04.jpg,b11fe87e525e8fbfb59878d6ffb2ed8377f369256c331205517796e06e4e45cc,formal_assets/masks/GP_Ip_12.0mm_closed_R5_single_refY_004-kf04.png,b021079bc37971cef762192a40fe9c08fbdf2d41c3ed8e13701cd3100d95d416,formal_assets/ring_json/GP_Ip_12.0mm_closed_R5_single_refY_004-kf04.json,c378b67049787c3e4a449786a2051f03b8b6f871f345e1e907d0326a6e659c10,raw/GP_Ip_12.0mm_closed_R5_single_refY_004.mp4,c751947ac8674c90156093f045d310750d31b74fddde809059e24b3dee10b2b1,241.77925357365763,577.9827338560693,381.7283142404111,819.7619874297269,381.7283142404111,original_V2_R0,0.0484006679611226,11.702277372106668,True,11.999998242,exact_prior_group_Dxy_gt
GP_Ip_12.0mm_closed_R5_single_refY,GP_Ip_12.0mm_closed_R5_single_refY_004-kf05,video_keyframe,video:GP_Ip_12.0mm_closed_R5_single_refY_004,995.0,R5,legacy_project/experiments/dxy_remeasurement_20260917/01_inputs/reextracted/gp/GP_Ip_12.0mm_closed_R5_single_refY_004-kf05.jpg,c5f92f700b218ec997522dda0379585b187080b18280ff534b0767834bfcd27c,formal_assets/masks/GP_Ip_12.0mm_closed_R5_single_refY_004-kf05.png,5238189e4a58acb40d47d32f1cce3f2a4ffd3568fe4fc903a33da52743afe8b5,formal_assets/ring_json/GP_Ip_12.0mm_closed_R5_single_refY_004-kf05.json,dbca4c00022ae756fd881aafda365892d42810d011e002459e8777cbece12b96,raw/GP_Ip_12.0mm_closed_R5_single_refY_004.mp4,c751947ac8674c90156093f045d310750d31b74fddde809059e24b3dee10b2b1,243.5713800765956,588.8884324805924,355.4532223569908,832.4598125571877,355.4532223569908,original_V2_R0,0.0482326128444501,11.748084075222842,True,11.999998242,exact_prior_group_Dxy_gt
GP_Ip_12.0mm_closed_R5_single_refY,GP_Ip_12.0mm_closed_R5_single_refY_005-kf01,video_keyframe,video:GP_Ip_12.0mm_closed_R5_single_refY_005,142.0,R5,legacy_project/experiments/dxy_remeasurement_20260917/01_inputs/reextracted/gp/GP_Ip_12.0mm_closed_R5_single_refY_005-kf01.jpg,f9742a6964a5dcadd6e01b97365f965b3c2a79452ea2b1f835e4acfe06d3d07b,formal_assets/masks/GP_Ip_12.0mm_closed_R5_single_refY_005-kf01.png,046dd8081575b548cef1175579505f65d76fbad07188b255e0a14ee7c217f60e,formal_assets/ring_json/GP_Ip_12.0mm_closed_R5_single_refY_005-kf01.json,9e9af2a3823d65d4a8d24280732f6266188ef44de7dca8f72511c827b5836089,raw/GP_Ip_12.0mm_closed_R5_single_refY_005.mp4,602f247d03df779114c7aee164bc2181b9a3d7b6147b63336c3c5203ef3eb4f9,342.0221648753152,653.4128287941161,333.14578593523385,995.4349936694306,333.14578593523385,original_V2_R0,0.0297603964759069,10.178715230237378,True,11.999998242,exact_prior_group_Dxy_gt
GP_Ip_12.0mm_closed_R5_single_refY,GP_Ip_12.0mm_closed_R5_single_refY_005-kf02,video_keyframe,video:GP_Ip_12.0mm_closed_R5_single_refY_005,369.0,R5,legacy_project/experiments/dxy_remeasurement_20260917/01_inputs/reextracted/gp/GP_Ip_12.0mm_closed_R5_single_refY_005-kf02.jpg,9f8b1494034bb6cae5ba74caff00f680666163b64fdf10f96577c3d06ad100e2,formal_assets/masks/GP_Ip_12.0mm_closed_R5_single_refY_005-kf02.png,46bc3d88cb7882fb31ff8596d492f66e20d80b826af368a774e9de44a9ebb102,formal_assets/ring_json/GP_Ip_12.0mm_closed_R5_single_refY_005-kf02.json,50954ff19f8649c7cce0a3c3d663d1a459e1586d4ff15dc545dcafbaa492165d,raw/GP_Ip_12.0mm_closed_R5_single_refY_005.mp4,602f247d03df779114c7aee164bc2181b9a3d7b6147b63336c3c5203ef3eb4f9,328.3298000178578,420.1090006495467,247.26861591170507,748.4388006674037,247.26861591170507,original_V2_R0,0.0308576463172065,10.131484844350195,True,11.999998242,exact_prior_group_Dxy_gt
GP_Ip_12.0mm_closed_R5_single_refY,GP_Ip_12.0mm_closed_R5_single_refY_005-kf03,video_keyframe,video:GP_Ip_12.0mm_closed_R5_single_refY_005,528.0,R5,legacy_project/experiments/dxy_remeasurement_20260917/01_inputs/reextracted/gp/GP_Ip_12.0mm_closed_R5_single_refY_005-kf03.jpg,a8623e68f41085743f88b0407944e3e6a98baa5fd693f4fc6ad2bfa8fab4bea2,formal_assets/masks/GP_Ip_12.0mm_closed_R5_single_refY_005-kf03.png,7a71df1c35bf4f677c70b3356ac29738ad4deaf009af19755a72822be8ce6c4f,formal_assets/ring_json/GP_Ip_12.0mm_closed_R5_single_refY_005-kf03.json,1e1a6ebc48ae6d6b3a6b45c1d519efe94d398d218124ce22563c76d691bda7b6,raw/GP_Ip_12.0mm_closed_R5_single_refY_005.mp4,602f247d03df779114c7aee164bc2181b9a3d7b6147b63336c3c5203ef3eb4f9,304.9859602943825,453.2312404815125,329.93409225172286,758.2172007758943,329.93409225172286,original_V2_R0,0.0338072413608817,10.310733971352471,True,11.999998242,exact_prior_group_Dxy_gt
GP_Ip_12.0mm_closed_R5_single_refY,GP_Ip_12.0mm_closed_R5_single_refY_005-kf04,video_keyframe,video:GP_Ip_12.0mm_closed_R5_single_refY_005,628.0,R5,legacy_project/experiments/dxy_remeasurement_20260917/01_inputs/reextracted/gp/GP_Ip_12.0mm_closed_R5_single_refY_005-kf04.jpg,4de8fb1210c87891eb74ef322435398c1006c3c566488ae1e2109f8364a8a131,formal_assets/masks/GP_Ip_12.0mm_closed_R5_single_refY_005-kf04.png,e655711a96e6d6947226c71beb2c0f3493dc1252298a17c0376ef5991abb9eaf,formal_assets/ring_json/GP_Ip_12.0mm_closed_R5_single_refY_005-kf04.json,9a66d6ebf07aca5b416d46bd55a4fa904e704efee86734f128cb9db4a0c0e009,raw/GP_Ip_12.0mm_closed_R5_single_refY_005.mp4,602f247d03df779114c7aee164bc2181b9a3d7b6147b63336c3c5203ef3eb4f9,294.54211869522413,517.6454819769734,368.75713562971566,812.1876006721972,368.75713562971566,original_V2_R0,0.0347544901999507,10.236661177665884,True,11.999998242,exact_prior_group_Dxy_gt
GP_Ip_12.0mm_closed_R5_single_refY,GP_Ip_12.0mm_closed_R5_single_refY_005-kf05,video_keyframe,video:GP_Ip_12.0mm_closed_R5_single_refY_005,958.0,R5,legacy_project/experiments/dxy_remeasurement_20260917/01_inputs/reextracted/gp/GP_Ip_12.0mm_closed_R5_single_refY_005-kf05.jpg,48c2e19828717149d15e33ceb700e9c58e91df77a06b3cabe682daef1d47904a,formal_assets/masks/GP_Ip_12.0mm_closed_R5_single_refY_005-kf05.png,b9a6ab5701dec30eb2c8b30b86ae5548b3abf876159ee59013bb36c61d0d7ad9,formal_assets/ring_json/GP_Ip_12.0mm_closed_R5_single_refY_005-kf05.json,f134ee4a1f2f1b065f4d256033de85783ff72f0d7c25dcf99a9fab6c378ef083,raw/GP_Ip_12.0mm_closed_R5_single_refY_005.mp4,602f247d03df779114c7aee164bc2181b9a3d7b6147b63336c3c5203ef3eb4f9,290.43479984959674,376.5048440677865,293.52165816714137,666.9396439173827,293.52165816714137,original_V2_R0,0.0363422412564513,10.555051565403192,True,11.999998242,exact_prior_group_Dxy_gt
GP_Ip_2.9mm_closed_R10_single_refY,GP_Ip_2.9mm_closed_R10_single_refY_001,photo,photo:GP_Ip_2.9mm_closed_R10_single_refY_001,,R10,raw/GP_Ip_2.9mm_closed_R10_single_refY_001.jpg,d48073d1f726bde8edf51f1c4d37e4ae192ab8b56e32312f95e231aeba4ffe58,formal_assets/masks/GP_Ip_2.9mm_closed_R10_single_refY_001.png,1adc285c7b4b2808dd2e5a66f75aa1eae7541e1dfcd3dace934b0fc76aa1dbdd,formal_assets/ring_json/GP_Ip_2.9mm_closed_R10_single_refY_001.json,60e9e74f07569194d3cd218bd10569c32582a13c25a0e7e6d1fe09654010664e,,,143.36019193479905,887.5528865453085,600.9995687200303,1030.9130784801073,600.9995687200303,original_V2_R0,0.0211545949106181,3.032726786689134,True,2.9,nominal_unresolved
GP_Ip_2.9mm_closed_R10_single_refY,GP_Ip_2.9mm_closed_R10_single_refY_002,photo,photo:GP_Ip_2.9mm_closed_R10_single_refY_002,,R10,raw/GP_Ip_2.9mm_closed_R10_single_refY_002.jpg,18dddc816a17f0aa53e0158d44306a3a372e700435ceb4a16a6126d5c0392529,formal_assets/masks/GP_Ip_2.9mm_closed_R10_single_refY_002.png,a00211bfa0dd995ef1e12dbb5156328133f7d171b99becc88c298b0bb22e152f,formal_assets/ring_json/GP_Ip_2.9mm_closed_R10_single_refY_002.json,7aabad2e6b4b969956e134759dc32e79bfa5eaf423d13484e1bacacd4babdd78,,,130.0733538819715,1085.9713697365132,488.50677562504086,1216.0447236184846,488.50677562504086,original_V2_R0,0.0240768602034365,3.131757957608352,True,2.9,nominal_unresolved
GP_Ip_2.9mm_closed_R10_single_refY,GP_Ip_2.9mm_closed_R10_single_refY_003,photo,photo:GP_Ip_2.9mm_closed_R10_single_refY_003,,R10,raw/GP_Ip_2.9mm_closed_R10_single_refY_003.jpg,a970315568b549f658a288bf960b6988bcabd34ea031d86cd6c447216dec9a2c,formal_assets/masks/GP_Ip_2.9mm_closed_R10_single_refY_003.png,98412c12d5e7f125c7c882210cc753d242ce930c6885a9df03be728199b53613,formal_assets/ring_json/GP_Ip_2.9mm_closed_R10_single_refY_003.json,1c5f2eadca53cb2efac1f6fb766175d9b920a135017591c9a58bec6e19fd0cf3,,,124.47587068645636,1132.8340129477883,468.8750558082551,1257.3098836342442,468.8750558082551,original_V2_R0,0.0240506513999441,2.9937257735844827,True,2.9,nominal_unresolved
GP_Ip_2.9mm_closed_R10_single_refY,GP_Ip_2.9mm_closed_R10_single_refY_004-kf01,video_keyframe,video:GP_Ip_2.9mm_closed_R10_single_refY_004,92.0,R10,legacy_project/experiments/dxy_remeasurement_20260917/01_inputs/reextracted/gp/GP_Ip_2.9mm_closed_R10_single_refY_004-kf01.jpg,d05405fde6bdaccba2cfd86d42b18f46d972dde956b440ecf4198b82a946d0a7,formal_assets/masks/GP_Ip_2.9mm_closed_R10_single_refY_004-kf01.png,ead7d46499eecc9160a1cf4dfcd55ffa6d55bf44c6ade026bbbeef2125bff9c3,formal_assets/ring_json/GP_Ip_2.9mm_closed_R10_single_refY_004-kf01.json,66b7d57eb615fa6182893fda81af0d2ced788ab12abd6305c800c4ffd57ad1cd,raw/GP_Ip_2.9mm_closed_R10_single_refY_004.mp4,b73221e60cf232792d55a9d318746310799f2383d2be235b67c929883018c090,86.73308512979193,658.3802288706248,441.7784631831105,745.1133140004166,441.7784631831105,original_V2_R0,0.0358181677074645,3.106620188964683,True,2.9,nominal_unresolved
GP_Ip_2.9mm_closed_R10_single_refY,GP_Ip_2.9mm_closed_R10_single_refY_004-kf02,video_keyframe,video:GP_Ip_2.9mm_closed_R10_single_refY_004,347.0,R10,legacy_project/experiments/dxy_remeasurement_20260917/01_inputs/reextracted/gp/GP_Ip_2.9mm_closed_R10_single_refY_004-kf02.jpg,a90421c27a6e8a958a4da9fbe680ffdff28b9839769de5c2d46759556aba6952,formal_assets/masks/GP_Ip_2.9mm_closed_R10_single_refY_004-kf02.png,71357121c351132eee585508e0700dff8a0657578e80ec464bb4b550311c47d3,formal_assets/ring_json/GP_Ip_2.9mm_closed_R10_single_refY_004-kf02.json,1de850a97775c822fb5c25c853cbb4688034dc405c5379b169776aa59a5069e9,raw/GP_Ip_2.9mm_closed_R10_single_refY_004.mp4,b73221e60cf232792d55a9d318746310799f2383d2be235b67c929883018c090,75.42324829101564,605.4171623986721,400.4205070017909,530.1626105505467,405.4622139454748,original_V2_R0,0.041997479484767,3.167586322776417,True,2.9,nominal_unresolved
GP_Ip_2.9mm_closed_R10_single_refY,GP_Ip_2.9mm_closed_R10_single_refY_004-kf03,video_keyframe,video:GP_Ip_2.9mm_closed_R10_single_refY_004,378.0,R10,legacy_project/experiments/dxy_remeasurement_20260917/01_inputs/reextracted/gp/GP_Ip_2.9mm_closed_R10_single_refY_004-kf03.jpg,9001b03e091515344b33b9e4cb7e42acbe02d83ac06df3ba021c6b678cb5a5c2,formal_assets/masks/GP_Ip_2.9mm_closed_R10_single_refY_004-kf03.png,f2a069773124a19c0e10ef2938f607b00841d0ca2b1d1bb932058a74e998a6e3,formal_assets/ring_json/GP_Ip_2.9mm_closed_R10_single_refY_004-kf03.json,1ff57066bef9623671af310cb35ff7933672825ae009ce42c46175690c4f44af,raw/GP_Ip_2.9mm_closed_R10_single_refY_004.mp4,b73221e60cf232792d55a9d318746310799f2383d2be235b67c929883018c090,77.84391784667977,565.256820873764,373.0971385618369,489.29508952662655,390.11157115496,original_V2_R0,0.0423173692925936,3.294149818700266,True,2.9,nominal_unresolved
GP_Ip_2.9mm_closed_R10_single_refY,GP_Ip_2.9mm_closed_R10_single_refY_004-kf04,video_keyframe,video:GP_Ip_2.9mm_closed_R10_single_refY_004,563.0,R10,legacy_project/experiments/dxy_remeasurement_20260917/01_inputs/reextracted/gp/GP_Ip_2.9mm_closed_R10_single_refY_004-kf04.jpg,e6670f1c2c4e484664fa24a016693bcd7db72a1217e694ad973eccc6d94829b1,formal_assets/masks/GP_Ip_2.9mm_closed_R10_single_refY_004-kf04.png,914cb48c55054c2d41cd5af1c2e058978a9a648d2f9dfeae0d39d789f4859d63,formal_assets/ring_json/GP_Ip_2.9mm_closed_R10_single_refY_004-kf04.json,a6995cca6c1b98b8cda76f67e6e2044cfa5f0a24fa724bc0c815155537eeb29d,raw/GP_Ip_2.9mm_closed_R10_single_refY_004.mp4,b73221e60cf232792d55a9d318746310799f2383d2be235b67c929883018c090,106.10116857743787,699.3613304706735,306.5203300193518,805.4624990481111,306.5203300193518,original_V2_R0,0.0287103441000628,3.046201059277012,True,2.9,nominal_unresolved
GP_Ip_2.9mm_closed_R10_single_refY,GP_Ip_2.9mm_closed_R10_single_refY_004-kf05,video_keyframe,video:GP_Ip_2.9mm_closed_R10_single_refY_004,771.0,R10,legacy_project/experiments/dxy_remeasurement_20260917/01_inputs/reextracted/gp/GP_Ip_2.9mm_closed_R10_single_refY_004-kf05.jpg,5e929c96a66cd7cf70af218ac8dbb43ee0b2af20b6c318e11a232d8c2d463f26,formal_assets/masks/GP_Ip_2.9mm_closed_R10_single_refY_004-kf05.png,20c89e11002de9ab7bae42e31959797e1a7e876cf6237334a5f9529164c1b8b3,formal_assets/ring_json/GP_Ip_2.9mm_closed_R10_single_refY_004-kf05.json,9b34dcf883761dce851b964c63047d3614ef9dc4604b410b7c73bb57f6d153e9,raw/GP_Ip_2.9mm_closed_R10_single_refY_004.mp4,b73221e60cf232792d55a9d318746310799f2383d2be235b67c929883018c090,127.3485735381163,602.076695656923,326.4153809649412,729.4252691950389,326.4153809649412,original_V2_R0,0.0239143171502027,3.045454176216424,True,2.9,nominal_unresolved
GP_Ip_2.9mm_closed_R10_single_refY,GP_Ip_2.9mm_closed_R10_single_refY_005-kf01,video_keyframe,video:GP_Ip_2.9mm_closed_R10_single_refY_005,9.0,R10,legacy_project/experiments/dxy_remeasurement_20260917/01_inputs/reextracted/gp/GP_Ip_2.9mm_closed_R10_single_refY_005-kf01.jpg,c2fe46024e0dcc3c4369a6fbc5d936c195b8122fd35d5a1686220e47c15c8618,formal_assets/masks/GP_Ip_2.9mm_closed_R10_single_refY_005-kf01.png,a1f557c088e852fab9116f6bc59cb1f198dfa453b7733dd57abcd6ad2bac56b6,formal_assets/ring_json/GP_Ip_2.9mm_closed_R10_single_refY_005-kf01.json,b86d6913c6752e68c1dbc9cce99863155fe3f27b38dc3c3ed3f9fc67e6151457,raw/GP_Ip_2.9mm_closed_R10_single_refY_005.mp4,de1caeaee790153343e88cef5d0e548a52b33bf882a22f4a4e2ca2c266947b6b,80.98393501345386,359.9708053140594,471.075695786499,440.9547403275132,471.075695786499,original_V2_R0,0.0362596602427343,2.9364499687075107,True,2.9,nominal_unresolved
GP_Ip_2.9mm_closed_R10_single_refY,GP_Ip_2.9mm_closed_R10_single_refY_005-kf02,video_keyframe,video:GP_Ip_2.9mm_closed_R10_single_refY_005,318.0,R10,legacy_project/experiments/dxy_remeasurement_20260917/01_inputs/reextracted/gp/GP_Ip_2.9mm_closed_R10_single_refY_005-kf02.jpg,165825d606d2255fc374c36777a5d0e4599a9d273c7c484f8ab735aaf1c223f9,formal_assets/masks/GP_Ip_2.9mm_closed_R10_single_refY_005-kf02.png,0879b1bb77b1fc397d2fdaf6c3e6d111fa2b3418aa835810eb629663ac93d048,formal_assets/ring_json/GP_Ip_2.9mm_closed_R10_single_refY_005-kf02.json,0129c68151d3e8303a0a9b0ebd35239a5e39240a0b4cd71a340de7db7a5d1238,raw/GP_Ip_2.9mm_closed_R10_single_refY_005.mp4,de1caeaee790153343e88cef5d0e548a52b33bf882a22f4a4e2ca2c266947b6b,86.91979396545041,656.3313890745914,371.8958178229324,743.2511830400416,371.8958178229324,original_V2_R0,0.0355637325899911,3.0911923093644003,True,2.9,nominal_unresolved
GP_Ip_2.9mm_closed_R10_single_refY,GP_Ip_2.9mm_closed_R10_single_refY_005-kf03,video_keyframe,video:GP_Ip_2.9mm_closed_R10_single_refY_005,609.0,R10,legacy_project/experiments/dxy_remeasurement_20260917/01_inputs/reextracted/gp/GP_Ip_2.9mm_closed_R10_single_refY_005-kf03.jpg,3bdf4eef367fa72428fa4ff8c85db737b2e8aff48d0ad090c3caed67457b53cc,formal_assets/masks/GP_Ip_2.9mm_closed_R10_single_refY_005-kf03.png,3bff8b89febc0af762980ae38ae9406ca7ce670058daf1f9582d732f16445711,formal_assets/ring_json/GP_Ip_2.9mm_closed_R10_single_refY_005-kf03.json,91996452db9db9a4ce5265ea9472e039a483984f7e1a100df8d47f34661799f5,raw/GP_Ip_2.9mm_closed_R10_single_refY_005.mp4,de1caeaee790153343e88cef5d0e548a52b33bf882a22f4a4e2ca2c266947b6b,97.49105878298306,809.8362246669865,259.2070957694672,907.3272834499696,259.2070957694672,original_V2_R0,0.0316373293065769,3.0843567311640814,True,2.9,nominal_unresolved
GP_Ip_2.9mm_closed_R10_single_refY,GP_Ip_2.9mm_closed_R10_single_refY_005-kf04,video_keyframe,video:GP_Ip_2.9mm_closed_R10_single_refY_005,815.0,R10,legacy_project/experiments/dxy_remeasurement_20260917/01_inputs/reextracted/gp/GP_Ip_2.9mm_closed_R10_single_refY_005-kf04.jpg,58cfd1dfe7f2f3818f485cccca3f64111bafd4f7735dc6f5068bbbc63f275e5c,formal_assets/masks/GP_Ip_2.9mm_closed_R10_single_refY_005-kf04.png,b6b030d13633aabc714183c5225988d1efe116b1f36010d0c88ebf5d74e2a459,formal_assets/ring_json/GP_Ip_2.9mm_closed_R10_single_refY_005-kf04.json,a547853bb3989d3990c4e2996209cf23bec382427796110c6423e8dcd3af3f07,raw/GP_Ip_2.9mm_closed_R10_single_refY_005.mp4,de1caeaee790153343e88cef5d0e548a52b33bf882a22f4a4e2ca2c266947b6b,88.88635102222659,726.4583890400127,399.2288223687424,815.344740062239,399.2288223687424,original_V2_R0,0.0343879402098159,3.056618524421036,True,2.9,nominal_unresolved
GP_Ip_2.9mm_closed_R10_single_refY,GP_Ip_2.9mm_closed_R10_single_refY_005-kf05,video_keyframe,video:GP_Ip_2.9mm_closed_R10_single_refY_005,1022.0,R10,legacy_project/experiments/dxy_remeasurement_20260917/01_inputs/reextracted/gp/GP_Ip_2.9mm_closed_R10_single_refY_005-kf05.jpg,5a718165c7ceb2d363f267d40f1a09075ef3d93d509c10106b32f8ab4244e97c,formal_assets/masks/GP_Ip_2.9mm_closed_R10_single_refY_005-kf05.png,2035b365bc615573f62dff38623783e2f67b1d1c0b8cad21e1c9c71e6dfc299c,formal_assets/ring_json/GP_Ip_2.9mm_closed_R10_single_refY_005-kf05.json,a4d6766692eac32b2b962f85a9802a85700e8586f500a38f1911a0aba5c5c9a3,raw/GP_Ip_2.9mm_closed_R10_single_refY_005.mp4,de1caeaee790153343e88cef5d0e548a52b33bf882a22f4a4e2ca2c266947b6b,95.39627533302522,368.0534141025741,319.2698281006053,463.449689435599,319.2698281006053,original_V2_R0,0.0325173239496719,3.102031588596075,True,2.9,nominal_unresolved
GP_Ip_2.9mm_closed_R5_single_refY,GP_Ip_2.9mm_closed_R5_single_refY_001,photo,photo:GP_Ip_2.9mm_closed_R5_single_refY_001,,R5,raw/GP_Ip_2.9mm_closed_R5_single_refY_001.jpg,cbc0f3daad870dfb9c128fb91f45148b847b6731c7a7a0a0c040c54b74197a3d,formal_assets/masks/GP_Ip_2.9mm_closed_R5_single_refY_001.png,b3ad729811ac9375b99cd950e8728ddc4f251629c042f569699f0f28148feb7c,formal_assets/ring_json/GP_Ip_2.9mm_closed_R5_single_refY_001.json,fd80cc7e0a693b74cef91db9e32766b676ff67e4dbe94169dc8dfd7539332644,,,243.8182220458987,1117.9033504541092,562.8195655793986,1067.552276987297,801.3821250944295,original_V2_R0,0.019063534137677,4.6480369993597,True,2.9,nominal_unresolved
GP_Ip_2.9mm_closed_R5_single_refY,GP_Ip_2.9mm_closed_R5_single_refY_002,photo,photo:GP_Ip_2.9mm_closed_R5_single_refY_002,,R5,raw/GP_Ip_2.9mm_closed_R5_single_refY_002.jpg,2b6e4ee78fb68a26677a843adaafeff71154794138db0ed6c95922857c83c09d,formal_assets/masks/GP_Ip_2.9mm_closed_R5_single_refY_002.png,c12adca25e52a939f62f80454b26e19cf3ab960283561dcc3c84c61263ca6115,formal_assets/ring_json/GP_Ip_2.9mm_closed_R5_single_refY_002.json,802c21f008668a0644a8caac08cfb74ff858ad8f083fcf6353bb3185d2fac3e0,,,104.44137573242207,1078.179397327223,582.5715001691417,1096.1561739618396,685.4541345964833,original_V2_R0,0.0236702444844133,2.472152897874901,True,2.9,nominal_unresolved
GP_Ip_2.9mm_closed_R5_single_refY,GP_Ip_2.9mm_closed_R5_single_refY_003,photo,photo:GP_Ip_2.9mm_closed_R5_single_refY_003,,R5,raw/GP_Ip_2.9mm_closed_R5_single_refY_003.jpg,d772dfdb60183bca076f041fd8632d069539f6bf27f30e05a62be9436f971f2f,formal_assets/masks/GP_Ip_2.9mm_closed_R5_single_refY_003.png,4844b402fc0e98c2a12f5b8e5dd763984f03e0061d6553372d2fc7a9d608c289,formal_assets/ring_json/GP_Ip_2.9mm_closed_R5_single_refY_003.json,6ed0085c2750f47ddd18d7147b959ff0d433a49ea88b59f0433980d511517b54,,,157.8437114705703,1003.0920984842973,746.356940300919,1160.9358099548674,746.356940300919,original_V2_R0,0.0210407477633129,3.321149719077409,True,2.9,nominal_unresolved
GP_Ip_2.9mm_closed_R5_single_refY,GP_Ip_2.9mm_closed_R5_single_refY_004-kf01,video_keyframe,video:GP_Ip_2.9mm_closed_R5_single_refY_004,6.0,R5,legacy_project/experiments/dxy_remeasurement_20260917/01_inputs/reextracted/gp/GP_Ip_2.9mm_closed_R5_single_refY_004-kf01.jpg,0e3a26ce71d8c8d9d995c69ead18b63c768684356d858f89a8fa756f2eab2c5b,formal_assets/masks/GP_Ip_2.9mm_closed_R5_single_refY_004-kf01.png,bf57aab870f84c7690ef7057464bda16ef7983a8d9580043193622f59d5744bd,formal_assets/ring_json/GP_Ip_2.9mm_closed_R5_single_refY_004-kf01.json,80c43d57a2177850f5dba63bc84cbddbe4ecc5b54ddbdbae3a89756c87e48093,raw/GP_Ip_2.9mm_closed_R5_single_refY_004.mp4,7d78c37e8714c93a5723c6d33eb6ee3ac5185f0363dba8f77727d2ef78fa3921,101.80330462621124,531.0075491176567,487.400873107863,632.8108537438679,487.400873107863,original_V2_R0,0.03648470004172,3.714263032543163,True,2.9,nominal_unresolved
GP_Ip_2.9mm_closed_R5_single_refY,GP_Ip_2.9mm_closed_R5_single_refY_004-kf02,video_keyframe,video:GP_Ip_2.9mm_closed_R5_single_refY_004,186.0,R5,legacy_project/experiments/dxy_remeasurement_20260917/01_inputs/reextracted/gp/GP_Ip_2.9mm_closed_R5_single_refY_004-kf02.jpg,88bfefa1f62213349c4daea6cdaa362feeb44469be1b1cdc9dc0dfeffdfdfbca,formal_assets/masks/GP_Ip_2.9mm_closed_R5_single_refY_004-kf02.png,3f684fd3305a162b7a2003b4e3eb3b27ff8520985a96aab791b9e00e81e83d54,formal_assets/ring_json/GP_Ip_2.9mm_closed_R5_single_refY_004-kf02.json,2966e09f845b614a09db6d7d4c572f9d083a9f304234c3b569b1b0d709f4efed,raw/GP_Ip_2.9mm_closed_R5_single_refY_004.mp4,7d78c37e8714c93a5723c6d33eb6ee3ac5185f0363dba8f77727d2ef78fa3921,,,,,,invalid,0.0357326602053886,,False,2.9,nominal_unresolved
GP_Ip_2.9mm_closed_R5_single_refY,GP_Ip_2.9mm_closed_R5_single_refY_004-kf03,video_keyframe,video:GP_Ip_2.9mm_closed_R5_single_refY_004,309.0,R5,legacy_project/experiments/dxy_remeasurement_20260917/01_inputs/reextracted/gp/GP_Ip_2.9mm_closed_R5_single_refY_004-kf03.jpg,b8509d63bc7a828caf7f4cabd40d969c80e6b4457e8676a9210e55e4b2d4605f,formal_assets/masks/GP_Ip_2.9mm_closed_R5_single_refY_004-kf03.png,55ddb69156c6e9f56c01f5f597ae0a0a3f1017a8748131ca7a442f99dbdcf157,formal_assets/ring_json/GP_Ip_2.9mm_closed_R5_single_refY_004-kf03.json,e9cef0428ffbbd4fa0f38b14bfeff230c557cd1bcca9473547bf2a1b2e58de53,raw/GP_Ip_2.9mm_closed_R5_single_refY_004.mp4,7d78c37e8714c93a5723c6d33eb6ee3ac5185f0363dba8f77727d2ef78fa3921,47.04385791121456,929.8966435124848,471.6596154884333,976.9405014236992,471.6596154884333,original_V2_R0,0.0316825464537312,1.4904692136347852,True,2.9,nominal_unresolved
GP_Ip_2.9mm_closed_R5_single_refY,GP_Ip_2.9mm_closed_R5_single_refY_004-kf04,video_keyframe,video:GP_Ip_2.9mm_closed_R5_single_refY_004,416.0,R5,legacy_project/experiments/dxy_remeasurement_20260917/01_inputs/reextracted/gp/GP_Ip_2.9mm_closed_R5_single_refY_004-kf04.jpg,fbf36c46a42510561e790cd6ff8bd6b5509dd18869b138b3e2e8e83c7adcfda8,formal_assets/masks/GP_Ip_2.9mm_closed_R5_single_refY_004-kf04.png,8b37bafb24ea72d4a5329f861c7601c42e5113cde2ff3daacfa5bc230004b2ec,formal_assets/ring_json/GP_Ip_2.9mm_closed_R5_single_refY_004-kf04.json,ca65c77beefe38deeb72a400b421d4a3b10adc75de49ce2aebb68deecdd97548,raw/GP_Ip_2.9mm_closed_R5_single_refY_004.mp4,7d78c37e8714c93a5723c6d33eb6ee3ac5185f0363dba8f77727d2ef78fa3921,,,,,,invalid,0.0329967067739918,,False,2.9,nominal_unresolved
GP_Ip_2.9mm_closed_R5_single_refY,GP_Ip_2.9mm_closed_R5_single_refY_004-kf05,video_keyframe,video:GP_Ip_2.9mm_closed_R5_single_refY_004,664.0,R5,legacy_project/experiments/dxy_remeasurement_20260917/01_inputs/reextracted/gp/GP_Ip_2.9mm_closed_R5_single_refY_004-kf05.jpg,db7ac803c8cdad68188fe9fe3ce041b8a1b919cd11015993c49125a7bb7f18bf,formal_assets/masks/GP_Ip_2.9mm_closed_R5_single_refY_004-kf05.png,7c01af55a12e35ff6c0c07db7477e567b8c3db63a212cce0f1ae05ec8103f141,formal_assets/ring_json/GP_Ip_2.9mm_closed_R5_single_refY_004-kf05.json,af946753c139aa1d34b35591bf7e893e6188dbae432057f0d9b79b9c1e8e1b3d,raw/GP_Ip_2.9mm_closed_R5_single_refY_004.mp4,7d78c37e8714c93a5723c6d33eb6ee3ac5185f0363dba8f77727d2ef78fa3921,116.54513549804712,361.6743702000623,450.3918475715505,447.9263072901721,528.7715130241527,original_V2_R0,0.0359614998605679,4.191137873962889,True,2.9,nominal_unresolved
GP_Ip_2.9mm_closed_R5_single_refY,GP_Ip_2.9mm_closed_R5_single_refY_005-kf01,video_keyframe,video:GP_Ip_2.9mm_closed_R5_single_refY_005,132.0,R5,legacy_project/experiments/dxy_remeasurement_20260917/01_inputs/reextracted/gp/GP_Ip_2.9mm_closed_R5_single_refY_005-kf01.jpg,30bd62546ce9f47f270d7c51091bdbb52af23988ff7e61078fa00bd28ab8abaa,formal_assets/masks/GP_Ip_2.9mm_closed_R5_single_refY_005-kf01.png,0fda721f8cbd8646cf059b6897055800f334115c377c4c39c706fda3cbbe2310,formal_assets/ring_json/GP_Ip_2.9mm_closed_R5_single_refY_005-kf01.json,60bdd28150ae306ed542bd12bffe677e39f1a2885f93d6809f981f830695a8d2,raw/GP_Ip_2.9mm_closed_R5_single_refY_005.mp4,0a6aa6fdec779f4be4f6046993071ad65d855f9388a1340f8f7ee67c3dc669aa,,,,,,invalid,0.0480495875027668,,False,2.9,nominal_unresolved
GP_Ip_2.9mm_closed_R5_single_refY,GP_Ip_2.9mm_closed_R5_single_refY_005-kf02,video_keyframe,video:GP_Ip_2.9mm_closed_R5_single_refY_005,210.0,R5,legacy_project/experiments/dxy_remeasurement_20260917/01_inputs/reextracted/gp/GP_Ip_2.9mm_closed_R5_single_refY_005-kf02.jpg,036419bfca602b38d26ce3e7040d87c59513edbe3b3bdb3bac1ae5105e68359f,formal_assets/masks/GP_Ip_2.9mm_closed_R5_single_refY_005-kf02.png,154b76829c00ab1c3bc70f9b429ebfe04e1ff21b26b70e2ecb65c4f483ddb030,formal_assets/ring_json/GP_Ip_2.9mm_closed_R5_single_refY_005-kf02.json,2951ff987b1d78895fa9d36566a29b623674d353a53383a41e8ea20624ba648b,raw/GP_Ip_2.9mm_closed_R5_single_refY_005.mp4,0a6aa6fdec779f4be4f6046993071ad65d855f9388a1340f8f7ee67c3dc669aa,63.91108788612564,429.85735128620456,365.4512669372019,493.7684391723302,365.4512669372019,original_V2_R0,0.0478921036271823,3.0608364439682845,True,2.9,nominal_unresolved
GP_Ip_2.9mm_closed_R5_single_refY,GP_Ip_2.9mm_closed_R5_single_refY_005-kf03,video_keyframe,video:GP_Ip_2.9mm_closed_R5_single_refY_005,288.0,R5,legacy_project/experiments/dxy_remeasurement_20260917/01_inputs/reextracted/gp/GP_Ip_2.9mm_closed_R5_single_refY_005-kf03.jpg,964c208e8627d41a2e91be4b8ae9792123e4fadf446045c4e6db3af4918ca824,formal_assets/masks/GP_Ip_2.9mm_closed_R5_single_refY_005-kf03.png,fcb8e9cc8b354bef9fbde033ea0c3b32bbe9da1ee5002c847effa73f87f12d04,formal_assets/ring_json/GP_Ip_2.9mm_closed_R5_single_refY_005-kf03.json,83e31f09d8b12b34a4384645f2f8dc518ee29f524d0503efd246356523adab66,raw/GP_Ip_2.9mm_closed_R5_single_refY_005.mp4,0a6aa6fdec779f4be4f6046993071ad65d855f9388a1340f8f7ee67c3dc669aa,,,,,,invalid,0.0459560228573993,,False,2.9,nominal_unresolved
GP_Ip_2.9mm_closed_R5_single_refY,GP_Ip_2.9mm_closed_R5_single_refY_005-kf04,video_keyframe,video:GP_Ip_2.9mm_closed_R5_single_refY_005,474.0,R5,legacy_project/experiments/dxy_remeasurement_20260917/01_inputs/reextracted/gp/GP_Ip_2.9mm_closed_R5_single_refY_005-kf04.jpg,82007f2cc88a1de96d8c07a64ba107e9845b864e0d6a1037361763ea8f311597,formal_assets/masks/GP_Ip_2.9mm_closed_R5_single_refY_005-kf04.png,131ece1c00fb464d62de1f3ac9bd7b32e65b0cc6bf4c63b4f5fc97cff090e855,formal_assets/ring_json/GP_Ip_2.9mm_closed_R5_single_refY_005-kf04.json,e650770e6e758d021c8b355447ec06bddcd2f7d44dc140b233b4fa2b6be34947,raw/GP_Ip_2.9mm_closed_R5_single_refY_005.mp4,0a6aa6fdec779f4be4f6046993071ad65d855f9388a1340f8f7ee67c3dc669aa,95.41124129666215,341.69222084427093,486.6422133085322,437.103462140933,486.6422133085322,original_V2_R0,0.0328737515714301,3.136525443508244,True,2.9,nominal_unresolved
GP_Ip_2.9mm_closed_R5_single_refY,GP_Ip_2.9mm_closed_R5_single_refY_005-kf05,video_keyframe,video:GP_Ip_2.9mm_closed_R5_single_refY_005,679.0,R5,legacy_project/experiments/dxy_remeasurement_20260917/01_inputs/reextracted/gp/GP_Ip_2.9mm_closed_R5_single_refY_005-kf05.jpg,d33e89e553d6e210963379561879a019ea9926476245e98712d70c5324094606,formal_assets/masks/GP_Ip_2.9mm_closed_R5_single_refY_005-kf05.png,41d058954c1d697fe9ad93be1d70e1a3f942a003e3898d7e6ba6742e54c6a8c1,formal_assets/ring_json/GP_Ip_2.9mm_closed_R5_single_refY_005-kf05.json,54c0ecf264efa0f888384c122e217964140ffe7c02c9912b1877c72d737d9eed,raw/GP_Ip_2.9mm_closed_R5_single_refY_005.mp4,0a6aa6fdec779f4be4f6046993071ad65d855f9388a1340f8f7ee67c3dc669aa,107.54143500396546,523.1139351923194,191.4083297679748,630.6553701962849,191.4083297679748,original_V2_R0,0.031924270268643,3.4331818361442985,True,2.9,nominal_unresolved
GP_Ip_20.0mm_closed_R10_single_refY,GP_Ip_20.0mm_closed_R10_single_refY_005-kf01,video_keyframe,video:GP_Ip_20.0mm_closed_R10_single_refY_005,12.0,R10,legacy_project/experiments/dxy_remeasurement_20260917/01_inputs/reextracted/gp/GP_Ip_20.0mm_closed_R10_single_refY_005-kf01.jpg,3845a8749c94b8f7a80825b79b025ea33667f7cfda1acec6f36f71aec880dfd4,formal_assets/masks/GP_Ip_20.0mm_closed_R10_single_refY_005-kf01.png,e866f58d497e7deda8a443d5e9d4ff1dcb8312d81b98870a120e69b7ad0ae140,formal_assets/ring_json/GP_Ip_20.0mm_closed_R10_single_refY_005-kf01.json,b28e7c1113028479b1847026ef6ea56d2393ff5a1be155e9a12dd949a496ce63,raw/GP_Ip_20.0mm_closed_R10_single_refY_005.mp4,4a5923791c74d3d4f98e7ee5960fe7f76fd1a551dab54c1e48ccfa2e62bbe068,421.5687164381243,382.9910497424084,383.9967657446716,804.5597661805323,383.9967657446716,original_V2_R0,0.0416197008723714,17.545563875304293,True,19.999996755,exact_prior_group_Dxy_gt
GP_Ip_20.0mm_closed_R10_single_refY,GP_Ip_20.0mm_closed_R10_single_refY_005-kf02,video_keyframe,video:GP_Ip_20.0mm_closed_R10_single_refY_005,187.0,R10,legacy_project/experiments/dxy_remeasurement_20260917/01_inputs/reextracted/gp/GP_Ip_20.0mm_closed_R10_single_refY_005-kf02.jpg,6b2a431b2b698a591f491f76dedd369ab13e8efe7303279088874d39ccd715dd,formal_assets/masks/GP_Ip_20.0mm_closed_R10_single_refY_005-kf02.png,7777bcd0fd846c7a2b58243195e30385358bd3e43a8cb7e468d6f6615a9d58c1,formal_assets/ring_json/GP_Ip_20.0mm_closed_R10_single_refY_005-kf02.json,db0d246d0375086549662a914118862d2a185dabe6ee7d1dd9e6ad582c814dc3,raw/GP_Ip_20.0mm_closed_R10_single_refY_005.mp4,4a5923791c74d3d4f98e7ee5960fe7f76fd1a551dab54c1e48ccfa2e62bbe068,393.352629307998,596.7610207354224,290.4545842798024,990.11365004342,290.4545842798024,original_V2_R0,0.0449053565616595,17.663640073541924,True,19.999996755,exact_prior_group_Dxy_gt
GP_Ip_20.0mm_closed_R10_single_refY,GP_Ip_20.0mm_closed_R10_single_refY_005-kf03,video_keyframe,video:GP_Ip_20.0mm_closed_R10_single_refY_005,286.0,R10,legacy_project/experiments/dxy_remeasurement_20260917/01_inputs/reextracted/gp/GP_Ip_20.0mm_closed_R10_single_refY_005-kf03.jpg,b9befd22a359dcc4aa0266396267dd31394c05f79d3648d35423732bfaaa7207,formal_assets/masks/GP_Ip_20.0mm_closed_R10_single_refY_005-kf03.png,3e58fb439e23bd049a3fd66291bb80b88dcf01af14160a478c60504f6457925d,formal_assets/ring_json/GP_Ip_20.0mm_closed_R10_single_refY_005-kf03.json,ccf2e0fac576dcabdafcbcdf9c315e4af45f6761e076d7e695c1bd7008efab5f,raw/GP_Ip_20.0mm_closed_R10_single_refY_005.mp4,4a5923791c74d3d4f98e7ee5960fe7f76fd1a551dab54c1e48ccfa2e62bbe068,413.25230466591216,651.389905148231,283.14320235336174,1064.6422098141427,283.14320235336174,original_V2_R0,0.0429707969582634,17.757780876333317,True,19.999996755,exact_prior_group_Dxy_gt
GP_Ip_20.0mm_closed_R10_single_refY,GP_Ip_20.0mm_closed_R10_single_refY_005-kf04,video_keyframe,video:GP_Ip_20.0mm_closed_R10_single_refY_005,554.0,R10,legacy_project/experiments/dxy_remeasurement_20260917/01_inputs/reextracted/gp/GP_Ip_20.0mm_closed_R10_single_refY_005-kf04.jpg,75f131f13b8d00e1f8646685ff667ebd5c13d74e622b410c150093dc4bdae732,formal_assets/masks/GP_Ip_20.0mm_closed_R10_single_refY_005-kf04.png,a5cbc022663b58a287c942efe9364f8aa7b7298d0ad15d4941a943731c34b8d8,formal_assets/ring_json/GP_Ip_20.0mm_closed_R10_single_refY_005-kf04.json,4abb12c2a1083013f14bafb858d2b4e000555a96f5a61fa7731542509a90e7a9,raw/GP_Ip_20.0mm_closed_R10_single_refY_005.mp4,4a5923791c74d3d4f98e7ee5960fe7f76fd1a551dab54c1e48ccfa2e62bbe068,394.8965172409224,424.76215646873993,465.9503039707944,819.6586737096616,465.9503039707944,original_V2_R0,0.0439909311664362,17.371865507810806,True,19.999996755,exact_prior_group_Dxy_gt
GP_Ip_20.0mm_closed_R10_single_refY,GP_Ip_20.0mm_closed_R10_single_refY_005-kf05,video_keyframe,video:GP_Ip_20.0mm_closed_R10_single_refY_005,662.0,R10,legacy_project/experiments/dxy_remeasurement_20260917/01_inputs/reextracted/gp/GP_Ip_20.0mm_closed_R10_single_refY_005-kf05.jpg,4dddc11a54a52f328c670d6a8f8b38defc73bda6170450d2133750753f426bd3,formal_assets/masks/GP_Ip_20.0mm_closed_R10_single_refY_005-kf05.png,2a9a9d82209bdbcca0c8e6d1bea27086b1b6f769dee5d8de38417b61358e1884,formal_assets/ring_json/GP_Ip_20.0mm_closed_R10_single_refY_005-kf05.json,4b87bfcdf611b78274fa0b8cdd48ad0db324e78de02c2e36775917bf5afbeaa0,raw/GP_Ip_20.0mm_closed_R10_single_refY_005.mp4,4a5923791c74d3d4f98e7ee5960fe7f76fd1a551dab54c1e48ccfa2e62bbe068,381.2479534619396,294.9126487965213,490.25508806432526,676.1606022584606,490.25508806432526,original_V2_R0,0.0456105611387941,17.388933090415925,True,19.999996755,exact_prior_group_Dxy_gt
GP_Ip_4.0mm_closed_R10_single_refY,GP_Ip_4.0mm_closed_R10_single_refY_001,photo,photo:GP_Ip_4.0mm_closed_R10_single_refY_001,,R10,raw/GP_Ip_4.0mm_closed_R10_single_refY_001.jpg,f52976c4109b7904ec4213a70a9da15c4c10e5c94773b934d360b80390916a5d,formal_assets/masks/GP_Ip_4.0mm_closed_R10_single_refY_001.png,d7f9125b76c810253e9481b904caab515a44e17b02e5e700e17cd231cd317ccc,formal_assets/ring_json/GP_Ip_4.0mm_closed_R10_single_refY_001.json,1b7b5c14b9a906850b895b87171b8a08f27780cdebef9eea60fbc1ea15ab6a96,,,242.10134344918055,1097.5906826422108,666.9455251447346,1339.69202609139,666.9455251447346,original_V2_R0,0.0162260973561879,3.928359968870288,True,3.999999725,same_paris_nominal_prior_Dxy_gt
GP_Ip_4.0mm_closed_R10_single_refY,GP_Ip_4.0mm_closed_R10_single_refY_002,photo,photo:GP_Ip_4.0mm_closed_R10_single_refY_002,,R10,raw/GP_Ip_4.0mm_closed_R10_single_refY_002.jpg,704d65e00e52b861206d57ba01640ddba3f9a7b7f6fdcd53df2901246b385861,formal_assets/masks/GP_Ip_4.0mm_closed_R10_single_refY_002.png,c713e33a7f49ad90b6f43e9d838bd1aeaebedee7d1216634c027e039c2730480,formal_assets/ring_json/GP_Ip_4.0mm_closed_R10_single_refY_002.json,39e8bee9ac833fc1051d733aade02ab23e647d44a5164e868b3c65a69e6256f2,,,156.745221628319,785.9372726621384,688.1467373131616,942.6824942904576,688.1467373131616,original_V2_R0,0.0258136909773162,4.046172713284366,True,3.999999725,same_paris_nominal_prior_Dxy_gt
GP_Ip_4.0mm_closed_R10_single_refY,GP_Ip_4.0mm_closed_R10_single_refY_003,photo,photo:GP_Ip_4.0mm_closed_R10_single_refY_003,,R10,raw/GP_Ip_4.0mm_closed_R10_single_refY_003.jpg,e8cb80fcd3a52d924e96c3d89d07a445f85d42fc483b4fb9734ebe3a3c91fc7c,formal_assets/masks/GP_Ip_4.0mm_closed_R10_single_refY_003.png,ffc93169673849b54f63728278cea077b2637fdf2df235959ecf2459b8c96d7e,formal_assets/ring_json/GP_Ip_4.0mm_closed_R10_single_refY_003.json,5fedc273213a465a30f075031014903fc54cf9d2ab9e1e750110a5a72b20c06c,,,223.21246765901424,661.9535667976998,593.7584934561995,885.1660344567131,593.7584934561995,original_V2_R0,0.0180749913563502,4.034563423566281,True,3.999999725,same_paris_nominal_prior_Dxy_gt
GP_Ip_4.0mm_closed_R10_single_refY,GP_Ip_4.0mm_closed_R10_single_refY_004-kf01,video_keyframe,video:GP_Ip_4.0mm_closed_R10_single_refY_004,17.0,R10,legacy_project/experiments/dxy_remeasurement_20260917/01_inputs/reextracted/gp/GP_Ip_4.0mm_closed_R10_single_refY_004-kf01.jpg,20e851f540ab0fb956f7f185a56789d59f44c6e022a8e7b1ff9f32fe6b91df62,formal_assets/masks/GP_Ip_4.0mm_closed_R10_single_refY_004-kf01.png,40a2ba6c74f7bb0d088421ec00f0344256bd512e64cc9b94e907622ca53cd917,formal_assets/ring_json/GP_Ip_4.0mm_closed_R10_single_refY_004-kf01.json,ede9dc30282c77473a5a619b4b624781c3a0a814edcff7806872de170df8d3f4,raw/GP_Ip_4.0mm_closed_R10_single_refY_004.mp4,9d612d832d7a3d423d7f5974281a3d85d51aa0c3c30c9a7ecfd3d69dcf569332,138.85816955566435,672.9650975102422,394.32491715845305,598.3256739741328,511.4169651657657,original_V2_R0,0.031047705622119,4.311227571590553,True,3.999999725,same_paris_nominal_prior_Dxy_gt
GP_Ip_4.0mm_closed_R10_single_refY,GP_Ip_4.0mm_closed_R10_single_refY_004-kf02,video_keyframe,video:GP_Ip_4.0mm_closed_R10_single_refY_004,348.0,R10,legacy_project/experiments/dxy_remeasurement_20260917/01_inputs/reextracted/gp/GP_Ip_4.0mm_closed_R10_single_refY_004-kf02.jpg,54ea301bcf646a1cf909b6931139e45b00b0120a13a03233aa2df06dde57bebe,formal_assets/masks/GP_Ip_4.0mm_closed_R10_single_refY_004-kf02.png,db77b0075ef94b67efdbb7296256af718736381eea46a1933a109be6d4e710fd,formal_assets/ring_json/GP_Ip_4.0mm_closed_R10_single_refY_004-kf02.json,f63eef419db0d9c3a2fb003d310bd831a4285aa068613930f5d0e0695f442498,raw/GP_Ip_4.0mm_closed_R10_single_refY_004.mp4,9d612d832d7a3d423d7f5974281a3d85d51aa0c3c30c9a7ecfd3d69dcf569332,138.80810568201187,481.7772537179384,346.52217494670845,620.5853593999502,346.52217494670845,original_V2_R0,0.0296734803321278,4.118919593895097,True,3.999999725,same_paris_nominal_prior_Dxy_gt
GP_Ip_4.0mm_closed_R10_single_refY,GP_Ip_4.0mm_closed_R10_single_refY_004-kf03,video_keyframe,video:GP_Ip_4.0mm_closed_R10_single_refY_004,586.0,R10,legacy_project/experiments/dxy_remeasurement_20260917/01_inputs/reextracted/gp/GP_Ip_4.0mm_closed_R10_single_refY_004-kf03.jpg,399d04bccbf50f67e693886f4a23dd26bb002a9f6b8f41ee255b3e8c903a8724,formal_assets/masks/GP_Ip_4.0mm_closed_R10_single_refY_004-kf03.png,2a29547e91070cbe1d35e259af358faafe35599d25686e3c2c5c9eb0345229aa,formal_assets/ring_json/GP_Ip_4.0mm_closed_R10_single_refY_004-kf03.json,10009e7047025cd21c596c11ce37265d85ceee53743f6a5d86ffc09fc88f1864,raw/GP_Ip_4.0mm_closed_R10_single_refY_004.mp4,9d612d832d7a3d423d7f5974281a3d85d51aa0c3c30c9a7ecfd3d69dcf569332,139.84085280671468,416.5724864905282,346.86378714770024,556.4133392972426,346.86378714770024,original_V2_R0,0.0297412102643117,4.1590362068651645,True,3.999999725,same_paris_nominal_prior_Dxy_gt
GP_Ip_4.0mm_closed_R10_single_refY,GP_Ip_4.0mm_closed_R10_single_refY_004-kf04,video_keyframe,video:GP_Ip_4.0mm_closed_R10_single_refY_004,774.0,R10,legacy_project/experiments/dxy_remeasurement_20260917/01_inputs/reextracted/gp/GP_Ip_4.0mm_closed_R10_single_refY_004-kf04.jpg,b747d24d242f6b6275da07d5c983a8cee077ba5965fb8ecf9f9a90139022bb62,formal_assets/masks/GP_Ip_4.0mm_closed_R10_single_refY_004-kf04.png,9603d37434961408c87cb7d0742e94fe830e99fdcd8da83737ff07b12e371612,formal_assets/ring_json/GP_Ip_4.0mm_closed_R10_single_refY_004-kf04.json,6d7b18293b7d8542f277fcd008fa4f9d24acf14a2bce3b31116858214b0405cf,raw/GP_Ip_4.0mm_closed_R10_single_refY_004.mp4,9d612d832d7a3d423d7f5974281a3d85d51aa0c3c30c9a7ecfd3d69dcf569332,159.6781208116844,549.0698132675806,381.54775375941455,708.7479340792644,381.54775375941455,original_V2_R0,0.0256598797349752,4.097321376334662,True,3.999999725,same_paris_nominal_prior_Dxy_gt
GP_Ip_4.0mm_closed_R10_single_refY,GP_Ip_4.0mm_closed_R10_single_refY_004-kf05,video_keyframe,video:GP_Ip_4.0mm_closed_R10_single_refY_004,825.0,R10,legacy_project/experiments/dxy_remeasurement_20260917/01_inputs/reextracted/gp/GP_Ip_4.0mm_closed_R10_single_refY_004-kf05.jpg,09417848efc4e537e0cf9fb7336658be85f62ae8b045d83a747636402b0980ce,formal_assets/masks/GP_Ip_4.0mm_closed_R10_single_refY_004-kf05.png,19943092b6052c017fe2af224c71387a98d3634aafebba0237615ae30145f474,formal_assets/ring_json/GP_Ip_4.0mm_closed_R10_single_refY_004-kf05.json,88b8f794e79337d6b03e1aa9edff9e939147032eeac7c983c51d1e95589bb12c,raw/GP_Ip_4.0mm_closed_R10_single_refY_004.mp4,9d612d832d7a3d423d7f5974281a3d85d51aa0c3c30c9a7ecfd3d69dcf569332,165.0809992141995,537.3546167842189,324.36825411646714,702.4356159984184,324.36825411646714,original_V2_R0,0.0249793300008248,4.123612756237389,True,3.999999725,same_paris_nominal_prior_Dxy_gt
GP_Ip_4.0mm_closed_R10_single_refY,GP_Ip_4.0mm_closed_R10_single_refY_005-kf01,video_keyframe,video:GP_Ip_4.0mm_closed_R10_single_refY_005,199.0,R10,legacy_project/experiments/dxy_remeasurement_20260917/01_inputs/reextracted/gp/GP_Ip_4.0mm_closed_R10_single_refY_005-kf01.jpg,fb2cdb268eaaf46a7a13fcb376c6e1c67b2b3ee8b10c6d2cc9624edcadbc865f,formal_assets/masks/GP_Ip_4.0mm_closed_R10_single_refY_005-kf01.png,d02c9306b027ac5ec2540171cff7421f68846a1c3e581920c6549925b3da98b0,formal_assets/ring_json/GP_Ip_4.0mm_closed_R10_single_refY_005-kf01.json,9263f9321410e2aee2c209c7aa02152f87eebe569123f1e952981c420a64fd5e,raw/GP_Ip_4.0mm_closed_R10_single_refY_005.mp4,14290940017aa0abf7187260e2c01d08e4dd852ea60282abd1d9315c9ed77597,129.89050098190737,568.9855781404929,426.22589416595576,698.8760791224001,426.22589416595576,original_V2_R0,0.0306705628864474,3.983814778717748,True,3.999999725,same_paris_nominal_prior_Dxy_gt
GP_Ip_4.0mm_closed_R10_single_refY,GP_Ip_4.0mm_closed_R10_single_refY_005-kf02,video_keyframe,video:GP_Ip_4.0mm_closed_R10_single_refY_005,381.0,R10,legacy_project/experiments/dxy_remeasurement_20260917/01_inputs/reextracted/gp/GP_Ip_4.0mm_closed_R10_single_refY_005-kf02.jpg,e12867f710036fd1fbc833fe5314136a8106dfca592c4fc8edf09d516b524f58,formal_assets/masks/GP_Ip_4.0mm_closed_R10_single_refY_005-kf02.png,3bf99586f5ef6d9beb91453804e231bf37613e411930824bf344deae4007c9e9,formal_assets/ring_json/GP_Ip_4.0mm_closed_R10_single_refY_005-kf02.json,05e37a0dbf5c60796bdbd32c05c45334b215d95ce1cb2a04a7693c7d64db917e,raw/GP_Ip_4.0mm_closed_R10_single_refY_005.mp4,14290940017aa0abf7187260e2c01d08e4dd852ea60282abd1d9315c9ed77597,125.5608616773532,453.7426188321135,432.31691582242985,579.3034805094665,432.31691582242985,original_V2_R0,0.0313497678521371,3.93630386489932,True,3.999999725,same_paris_nominal_prior_Dxy_gt
GP_Ip_4.0mm_closed_R10_single_refY,GP_Ip_4.0mm_closed_R10_single_refY_005-kf03,video_keyframe,video:GP_Ip_4.0mm_closed_R10_single_refY_005,572.0,R10,legacy_project/experiments/dxy_remeasurement_20260917/01_inputs/reextracted/gp/GP_Ip_4.0mm_closed_R10_single_refY_005-kf03.jpg,dd2f45898049430be3654126374040388669128be01600fd2a2bf46260099f43,formal_assets/masks/GP_Ip_4.0mm_closed_R10_single_refY_005-kf03.png,7f4e981ab9b157e7968e3ccf1b2b8ac83e25c29d52e7b2b7e76073de1d496710,formal_assets/ring_json/GP_Ip_4.0mm_closed_R10_single_refY_005-kf03.json,d0fa6935d08c23a56f8ed537efbce764f6ca583369c968faea3ace41b1714b90,raw/GP_Ip_4.0mm_closed_R10_single_refY_005.mp4,14290940017aa0abf7187260e2c01d08e4dd852ea60282abd1d9315c9ed77597,141.35465059029198,373.5559906266535,396.4743710300317,514.9106412169455,396.4743710300317,original_V2_R0,0.028350229151663,4.007436735888033,True,3.999999725,same_paris_nominal_prior_Dxy_gt
GP_Ip_4.0mm_closed_R10_single_refY,GP_Ip_4.0mm_closed_R10_single_refY_005-kf04,video_keyframe,video:GP_Ip_4.0mm_closed_R10_single_refY_005,676.0,R10,legacy_project/experiments/dxy_remeasurement_20260917/01_inputs/reextracted/gp/GP_Ip_4.0mm_closed_R10_single_refY_005-kf04.jpg,bde864b693aadfc0ede4e8ee09203c692ec9a62a9302bf7b19f7653295b8182b,formal_assets/masks/GP_Ip_4.0mm_closed_R10_single_refY_005-kf04.png,880d927e1fc5aaae1333e660753c21e12aa419050a88d29b2398e0c8a882aaf1,formal_assets/ring_json/GP_Ip_4.0mm_closed_R10_single_refY_005-kf04.json,0f047b53f77801f515a8b48beb50032eb4644921eef2db7d0e3bcb7dd60942c2,raw/GP_Ip_4.0mm_closed_R10_single_refY_005.mp4,14290940017aa0abf7187260e2c01d08e4dd852ea60282abd1d9315c9ed77597,151.10247449984337,523.3925611016314,461.6220612060768,674.4950356014745,461.6220612060768,original_V2_R0,0.0268958946332315,4.064036232968337,True,3.999999725,same_paris_nominal_prior_Dxy_gt
GP_Ip_4.0mm_closed_R10_single_refY,GP_Ip_4.0mm_closed_R10_single_refY_005-kf05,video_keyframe,video:GP_Ip_4.0mm_closed_R10_single_refY_005,1009.0,R10,legacy_project/experiments/dxy_remeasurement_20260917/01_inputs/reextracted/gp/GP_Ip_4.0mm_closed_R10_single_refY_005-kf05.jpg,261646453b4e39e7975e45c48f1d8037367f502618e21c58ebac633c6ab69236,formal_assets/masks/GP_Ip_4.0mm_closed_R10_single_refY_005-kf05.png,2425241567e542c15877f4e54f346bf73c9fb4c8eb4c7399f51763b4689a6b9c,formal_assets/ring_json/GP_Ip_4.0mm_closed_R10_single_refY_005-kf05.json,d8371671ad0e20a1e01072ffec2130fd770457f8ecc7338880a6e5bc7e12a393,raw/GP_Ip_4.0mm_closed_R10_single_refY_005.mp4,14290940017aa0abf7187260e2c01d08e4dd852ea60282abd1d9315c9ed77597,109.12091064453146,558.5024467403586,407.91440497145487,486.2167915408915,489.65886773362325,original_V2_R0,0.0395673074397779,4.317620619580709,True,3.999999725,same_paris_nominal_prior_Dxy_gt
GP_Ip_4.0mm_closed_R5_single_refY,GP_Ip_4.0mm_closed_R5_single_refY_001,photo,photo:GP_Ip_4.0mm_closed_R5_single_refY_001,,R5,raw/GP_Ip_4.0mm_closed_R5_single_refY_001.jpg,8b97f8a249bc74dbe3902223fc2dbf0babae2ab8189fe9f541aebf1a0c8f2eaa,formal_assets/masks/GP_Ip_4.0mm_closed_R5_single_refY_001.png,9c31eed758aee68e45044a382ac8af96d2915cda10e62ac4e9489348e71e3324,formal_assets/ring_json/GP_Ip_4.0mm_closed_R5_single_refY_001.json,9a23fffe5d378a0b19f4aadd4f63c04c863bc06db1d623549199ff6ef9e493d3,,,,,,,,invalid,0.0207420577503754,,False,3.999999725,exact_prior_group_Dxy_gt
GP_Ip_4.0mm_closed_R5_single_refY,GP_Ip_4.0mm_closed_R5_single_refY_002,photo,photo:GP_Ip_4.0mm_closed_R5_single_refY_002,,R5,raw/GP_Ip_4.0mm_closed_R5_single_refY_002.jpg,21529cb26f96718742b8cfbeeb698263783c23b8a5cbe13bdedaf0efff925f66,formal_assets/masks/GP_Ip_4.0mm_closed_R5_single_refY_002.png,faf8a473f93ad197675dcdd0f2b50ea157dac74cbbb2f6c0ad6471aca9789be6,formal_assets/ring_json/GP_Ip_4.0mm_closed_R5_single_refY_002.json,f5c8c2c2e790bc955344767272467abe8a7fc6bee09cf40d269dddaad585b052,,,174.3793754893662,509.4217146155823,722.6646375522633,683.8010901049479,722.6646375522633,original_V2_R0,0.025132386425474,4.38256984943158,True,3.999999725,exact_prior_group_Dxy_gt
GP_Ip_4.0mm_closed_R5_single_refY,GP_Ip_4.0mm_closed_R5_single_refY_003,photo,photo:GP_Ip_4.0mm_closed_R5_single_refY_003,,R5,raw/GP_Ip_4.0mm_closed_R5_single_refY_003.jpg,19f5508e5c66013c5f3a454f411eb2583784f4351412d2925819d0c36a374fe0,formal_assets/masks/GP_Ip_4.0mm_closed_R5_single_refY_003.png,ffe67e3f8fb54c7e4e4674f20d42afafcb8c72b95154483da52be6272ab2fdb1,formal_assets/ring_json/GP_Ip_4.0mm_closed_R5_single_refY_003.json,26644334c2bfd50e0d4bfb3750bd529978577b109d539df1f18139a8f091103d,,,302.27660619306675,873.3308981479305,620.291833452807,1175.607504340996,620.291833452807,original_V2_R0,0.0159581565913595,4.823777415533669,True,3.999999725,exact_prior_group_Dxy_gt
GP_Ip_4.0mm_closed_R5_single_refY,GP_Ip_4.0mm_closed_R5_single_refY_004,photo,photo:GP_Ip_4.0mm_closed_R5_single_refY_004,,R5,raw/GP_Ip_4.0mm_closed_R5_single_refY_004.jpg,56c10cf94aba8e4512acf760755e5212fa2b4eb7d970303afc1b254a2cb25c95,formal_assets/masks/GP_Ip_4.0mm_closed_R5_single_refY_004.png,3f051daee8a440c29c6865e65601af608c2b32b0a018ff51b235dfae75846c94,formal_assets/ring_json/GP_Ip_4.0mm_closed_R5_single_refY_004.json,85fb12bd21b89a0eba9c1e06b5f442747be86b991f44c47d59aca51348b51877,,,316.8105043127012,726.1576318372829,701.8741495876008,1042.9681361499838,701.8741495876008,original_V2_R0,0.0162088006941767,5.135118322226182,True,3.999999725,exact_prior_group_Dxy_gt
GP_Ip_4.0mm_closed_R5_single_refY,GP_Ip_4.0mm_closed_R5_single_refY_005-kf01,video_keyframe,video:GP_Ip_4.0mm_closed_R5_single_refY_005,121.0,R5,legacy_project/experiments/dxy_remeasurement_20260917/01_inputs/reextracted/gp/GP_Ip_4.0mm_closed_R5_single_refY_005-kf01.jpg,f75e0c78f2efd6b316d181c77b9df2f76a177c3809df1aa7b952c4641761a73f,formal_assets/masks/GP_Ip_4.0mm_closed_R5_single_refY_005-kf01.png,c2faf38f6650d1dfbb4821a97dc31c41d72fe9e1f0a7d6c76e105fc6c10176e3,formal_assets/ring_json/GP_Ip_4.0mm_closed_R5_single_refY_005-kf01.json,30dc27fab7ade8914e084d8d1479d18f71bcda8aed4eaf0ea8a3718350e88cba,raw/GP_Ip_4.0mm_closed_R5_single_refY_005.mp4,e0bd8057baa0a7821ca9bf56da8058b01e42c8f75a49b90cf495a5ee76e11294,,,,,,invalid,0.0268267209794241,,False,3.999999725,exact_prior_group_Dxy_gt
GP_Ip_4.0mm_closed_R5_single_refY,GP_Ip_4.0mm_closed_R5_single_refY_005-kf02,video_keyframe,video:GP_Ip_4.0mm_closed_R5_single_refY_005,341.0,R5,legacy_project/experiments/dxy_remeasurement_20260917/01_inputs/reextracted/gp/GP_Ip_4.0mm_closed_R5_single_refY_005-kf02.jpg,db39e28e0c2b6105b40fbbcaf5fcb2254db9c2cd82ff4e7e1b18f49162208037,formal_assets/masks/GP_Ip_4.0mm_closed_R5_single_refY_005-kf02.png,fdd69c2f6ed033eb3372df5958e61b20b52e269671dcd2f1ca9abf76d6b451ca,formal_assets/ring_json/GP_Ip_4.0mm_closed_R5_single_refY_005-kf02.json,0f7de40f7b81b2a69e31e184758b621616d60d1c76460f15b2e87728481b3204,raw/GP_Ip_4.0mm_closed_R5_single_refY_005.mp4,e0bd8057baa0a7821ca9bf56da8058b01e42c8f75a49b90cf495a5ee76e11294,,,,,,invalid,0.0288588850895349,,False,3.999999725,exact_prior_group_Dxy_gt
GP_Ip_4.0mm_closed_R5_single_refY,GP_Ip_4.0mm_closed_R5_single_refY_005-kf03,video_keyframe,video:GP_Ip_4.0mm_closed_R5_single_refY_005,379.0,R5,legacy_project/experiments/dxy_remeasurement_20260917/01_inputs/reextracted/gp/GP_Ip_4.0mm_closed_R5_single_refY_005-kf03.jpg,bb8de42542e1e4c4b85ecc3a328d21e3186d64b2d0cc24592fe8766b012975dc,formal_assets/masks/GP_Ip_4.0mm_closed_R5_single_refY_005-kf03.png,1621ca70cea2b6bc478ef4a5857ae8e00fdc32df3f2777c9e4c0d532d8e413b1,formal_assets/ring_json/GP_Ip_4.0mm_closed_R5_single_refY_005-kf03.json,f68aacad4416871ecda52acb7c96fb083a23d9a8e73dabbf1af09219824fb198,raw/GP_Ip_4.0mm_closed_R5_single_refY_005.mp4,e0bd8057baa0a7821ca9bf56da8058b01e42c8f75a49b90cf495a5ee76e11294,103.8296508789064,495.3746966706284,367.22553029059407,486.72030455007473,470.6938727855778,original_V2_R0,0.0291616436815222,3.0278432825075168,True,3.999999725,exact_prior_group_Dxy_gt
GP_Ip_4.0mm_closed_R5_single_refY,GP_Ip_4.0mm_closed_R5_single_refY_005-kf04,video_keyframe,video:GP_Ip_4.0mm_closed_R5_single_refY_005,667.0,R5,legacy_project/experiments/dxy_remeasurement_20260917/01_inputs/reextracted/gp/GP_Ip_4.0mm_closed_R5_single_refY_005-kf04.jpg,351c6af3ea6a6183a142040bdd89c0ae9fabe36b891a4e8e29e3a71249d9bb61,formal_assets/masks/GP_Ip_4.0mm_closed_R5_single_refY_005-kf04.png,59f07c3441acf020c7a65b8de799a104c0b4799aedf9e74159c56a800d3ac9c1,formal_assets/ring_json/GP_Ip_4.0mm_closed_R5_single_refY_005-kf04.json,7b5bca0fb25ca069ece0fafa78af48dff98fe778273ed5425d1ee862ffe40ea9,raw/GP_Ip_4.0mm_closed_R5_single_refY_005.mp4,e0bd8057baa0a7821ca9bf56da8058b01e42c8f75a49b90cf495a5ee76e11294,,,,,,invalid,0.0244683594050144,,False,3.999999725,exact_prior_group_Dxy_gt
GP_Ip_4.0mm_closed_R5_single_refY,GP_Ip_4.0mm_closed_R5_single_refY_005-kf05,video_keyframe,video:GP_Ip_4.0mm_closed_R5_single_refY_005,888.0,R5,legacy_project/experiments/dxy_remeasurement_20260917/01_inputs/reextracted/gp/GP_Ip_4.0mm_closed_R5_single_refY_005-kf05.jpg,fd034c51dd9dbb40f35b63996a9d50fc57547603f21bb24cb26b1a4c2ff7ced1,formal_assets/masks/GP_Ip_4.0mm_closed_R5_single_refY_005-kf05.png,2d1ca44a50c204909041680426e61554680670d25db93575810d60973911252b,formal_assets/ring_json/GP_Ip_4.0mm_closed_R5_single_refY_005-kf05.json,785e8be096377c82b63900a49e4105775b0cf56227109492240fa34ca52d16d4,raw/GP_Ip_4.0mm_closed_R5_single_refY_005.mp4,e0bd8057baa0a7821ca9bf56da8058b01e42c8f75a49b90cf495a5ee76e11294,,,,,,invalid,0.025559258940612,,False,3.999999725,exact_prior_group_Dxy_gt
GP_Ip_4.0mm_closed_R5_single_refY,GP_Ip_4.0mm_closed_R5_single_refY_006-kf01,video_keyframe,video:GP_Ip_4.0mm_closed_R5_single_refY_006,210.0,R5,legacy_project/experiments/dxy_remeasurement_20260917/01_inputs/reextracted/gp/GP_Ip_4.0mm_closed_R5_single_refY_006-kf01.jpg,46325e0e200175516af70d3c5ed731a3653e235bc3e0ad962aadaaf7272b0bf7,formal_assets/masks/GP_Ip_4.0mm_closed_R5_single_refY_006-kf01.png,aab11d0893f68267e8507d44e96dfd345458e7c37cfad5799b7da1e402f8626d,formal_assets/ring_json/GP_Ip_4.0mm_closed_R5_single_refY_006-kf01.json,38b6900c8694701cf28e37dab58a276b6f5f34ac6491cd8defcb9f40534b9a43,raw/GP_Ip_4.0mm_closed_R5_single_refY_006.mp4,a9b3aa598884285246b90ee958ce470fed4c26695e4214acc9193d6e71379ec8,,,,,,invalid,0.0252597258385457,,False,3.999999725,exact_prior_group_Dxy_gt
GP_Ip_4.0mm_closed_R5_single_refY,GP_Ip_4.0mm_closed_R5_single_refY_006-kf02,video_keyframe,video:GP_Ip_4.0mm_closed_R5_single_refY_006,448.0,R5,legacy_project/experiments/dxy_remeasurement_20260917/01_inputs/reextracted/gp/GP_Ip_4.0mm_closed_R5_single_refY_006-kf02.jpg,40ca7ae427e82bd47b8ade98a440cafa72752de3fc433ae3f381ba5d399c801d,formal_assets/masks/GP_Ip_4.0mm_closed_R5_single_refY_006-kf02.png,7f6f2f5752b00c315c6614392a0fa27dfea9585c6ec719562be23236e440c5b0,formal_assets/ring_json/GP_Ip_4.0mm_closed_R5_single_refY_006-kf02.json,f852697d68c50e19f1907860baf98162b16f5f46d35c454577740c6f85d4d8c3,raw/GP_Ip_4.0mm_closed_R5_single_refY_006.mp4,a9b3aa598884285246b90ee958ce470fed4c26695e4214acc9193d6e71379ec8,,,,,,invalid,0.0248243928751083,,False,3.999999725,exact_prior_group_Dxy_gt
GP_Ip_4.0mm_closed_R5_single_refY,GP_Ip_4.0mm_closed_R5_single_refY_006-kf03,video_keyframe,video:GP_Ip_4.0mm_closed_R5_single_refY_006,668.0,R5,legacy_project/experiments/dxy_remeasurement_20260917/01_inputs/reextracted/gp/GP_Ip_4.0mm_closed_R5_single_refY_006-kf03.jpg,bed38f4d803b1251cc6ca3637e27850140b1718d5f4ecad5cd0a222ed4463f1f,formal_assets/masks/GP_Ip_4.0mm_closed_R5_single_refY_006-kf03.png,5317cdc894b2e47ba26643c13184b566fcb41b0bd6118e9e85aef2705e288aa7,formal_assets/ring_json/GP_Ip_4.0mm_closed_R5_single_refY_006-kf03.json,ac96a222fbad01ca9436ffdf2a64284efb052464ed739d841f5b04f0dd468eef,raw/GP_Ip_4.0mm_closed_R5_single_refY_006.mp4,a9b3aa598884285246b90ee958ce470fed4c26695e4214acc9193d6e71379ec8,106.26990836858133,544.8013525712914,406.9872380704208,651.0712609398723,406.9872380704208,original_V2_R0,0.0290087091637881,3.0827528647265865,True,3.999999725,exact_prior_group_Dxy_gt
GP_Ip_4.0mm_closed_R5_single_refY,GP_Ip_4.0mm_closed_R5_single_refY_006-kf04,video_keyframe,video:GP_Ip_4.0mm_closed_R5_single_refY_006,897.0,R5,legacy_project/experiments/dxy_remeasurement_20260917/01_inputs/reextracted/gp/GP_Ip_4.0mm_closed_R5_single_refY_006-kf04.jpg,e8b444e21aea12a77146773800906fb5569ef59f60b65df0dcd279b990e735f3,formal_assets/masks/GP_Ip_4.0mm_closed_R5_single_refY_006-kf04.png,8ba92d1de94f2eb234a0d064addc92b1eba96630f3655b126453bf1c018ba6e6,formal_assets/ring_json/GP_Ip_4.0mm_closed_R5_single_refY_006-kf04.json,b3d0b0621bc41c4186acd9818fc6429ea500ec52db66eba27302a08c38506d54,raw/GP_Ip_4.0mm_closed_R5_single_refY_006.mp4,a9b3aa598884285246b90ee958ce470fed4c26695e4214acc9193d6e71379ec8,,,,,,invalid,0.0326195029746581,,False,3.999999725,exact_prior_group_Dxy_gt
GP_Ip_4.0mm_closed_R5_single_refY,GP_Ip_4.0mm_closed_R5_single_refY_006-kf05,video_keyframe,video:GP_Ip_4.0mm_closed_R5_single_refY_006,945.0,R5,legacy_project/experiments/dxy_remeasurement_20260917/01_inputs/reextracted/gp/GP_Ip_4.0mm_closed_R5_single_refY_006-kf05.jpg,cedbbbe809f34f946ecc826b60aa3441d29e79fb0a2b09bf9f8c4f1bd05674ff,formal_assets/masks/GP_Ip_4.0mm_closed_R5_single_refY_006-kf05.png,f4d29ecb5e11c27c76e699f76a5da5698da96451d623ea9e24c9e66da0c8dbe1,formal_assets/ring_json/GP_Ip_4.0mm_closed_R5_single_refY_006-kf05.json,05a664de546f960224f697bdece45a3d51de42fc16968ee954331318fb84ba2b,raw/GP_Ip_4.0mm_closed_R5_single_refY_006.mp4,a9b3aa598884285246b90ee958ce470fed4c26695e4214acc9193d6e71379ec8,,,,,,invalid,0.0328824638566851,,False,3.999999725,exact_prior_group_Dxy_gt
GP_Ip_4.0mm_closed_R5_single_refY,GP_Ip_4.0mm_closed_R5_single_refY_007-kf01,video_keyframe,video:GP_Ip_4.0mm_closed_R5_single_refY_007,216.0,R5,legacy_project/experiments/dxy_remeasurement_20260917/01_inputs/reextracted/gp/GP_Ip_4.0mm_closed_R5_single_refY_007-kf01.jpg,a4995b65017a9ae79220047ac7fd4c308a9f95e174f63122f5b43d4fe9a7739b,formal_assets/masks/GP_Ip_4.0mm_closed_R5_single_refY_007-kf01.png,c29d12833912447e60b761ec294705226808816e3312cd58ac36384f440827eb,formal_assets/ring_json/GP_Ip_4.0mm_closed_R5_single_refY_007-kf01.json,51fa1c4c7d2bbfcd1a465aed4559608aedbbb2f8deeac3cc5a17e7cab08cd723,raw/GP_Ip_4.0mm_closed_R5_single_refY_007.mp4,e1bed434f1cd2686e6ea66aefbc4b030dc6ff6b36110d7143798649fa7f93f53,,,,,,invalid,0.0342221290638386,,False,3.999999725,exact_prior_group_Dxy_gt
GP_Ip_4.0mm_closed_R5_single_refY,GP_Ip_4.0mm_closed_R5_single_refY_007-kf02,video_keyframe,video:GP_Ip_4.0mm_closed_R5_single_refY_007,422.0,R5,legacy_project/experiments/dxy_remeasurement_20260917/01_inputs/reextracted/gp/GP_Ip_4.0mm_closed_R5_single_refY_007-kf02.jpg,56fdafb276befabf1d9a6be6db68791762226c0d7d6f4c171e2d715d4a0bce82,formal_assets/masks/GP_Ip_4.0mm_closed_R5_single_refY_007-kf02.png,e276986b1a126d996aa1a2194c4bfc6528cb149b4cfccc2168e1874a0a6d96e1,formal_assets/ring_json/GP_Ip_4.0mm_closed_R5_single_refY_007-kf02.json,ef2b3134c141bf3e74c1fb572e0e0b58f037c84c59d29f9d5c1e5ecbf5c1f55a,raw/GP_Ip_4.0mm_closed_R5_single_refY_007.mp4,e1bed434f1cd2686e6ea66aefbc4b030dc6ff6b36110d7143798649fa7f93f53,124.32846719643712,534.5831770161905,571.5915890946904,658.9116442126273,571.5915890946904,original_V2_R0,0.0317778652737989,3.9508932802663055,True,3.999999725,exact_prior_group_Dxy_gt
GP_Ip_4.0mm_closed_R5_single_refY,GP_Ip_4.0mm_closed_R5_single_refY_007-kf03,video_keyframe,video:GP_Ip_4.0mm_closed_R5_single_refY_007,679.0,R5,legacy_project/experiments/dxy_remeasurement_20260917/01_inputs/reextracted/gp/GP_Ip_4.0mm_closed_R5_single_refY_007-kf03.jpg,ecf1c0fc6ae749379d3984e25badbf865a915fbdf3e7a6f121a011308b2b4f73,formal_assets/masks/GP_Ip_4.0mm_closed_R5_single_refY_007-kf03.png,3d436b52e03de85fcf44f405a85b5f776d36c56d4d2c31c88337caa5a84c8149,formal_assets/ring_json/GP_Ip_4.0mm_closed_R5_single_refY_007-kf03.json,64045f4b85f9c80db83093be29d1f0ddc851badc145bb727f3814f0ccdb42931,raw/GP_Ip_4.0mm_closed_R5_single_refY_007.mp4,e1bed434f1cd2686e6ea66aefbc4b030dc6ff6b36110d7143798649fa7f93f53,39.44396221797516,562.9477611289768,486.2573227884489,602.3917233469518,486.2573227884489,original_V2_R0,0.0361258707891553,1.424947482498894,True,3.999999725,exact_prior_group_Dxy_gt
GP_Ip_4.0mm_closed_R5_single_refY,GP_Ip_4.0mm_closed_R5_single_refY_007-kf04,video_keyframe,video:GP_Ip_4.0mm_closed_R5_single_refY_007,947.0,R5,legacy_project/experiments/dxy_remeasurement_20260917/01_inputs/reextracted/gp/GP_Ip_4.0mm_closed_R5_single_refY_007-kf04.jpg,10dda597676e7dd76f60fd2b4058ee08e5e33a752cbae44bb3b6b59dafd8f841,formal_assets/masks/GP_Ip_4.0mm_closed_R5_single_refY_007-kf04.png,ac467da81e23d89740318ba2bcbdd6105772224c1d7dcf1050130ffe378d31a4,formal_assets/ring_json/GP_Ip_4.0mm_closed_R5_single_refY_007-kf04.json,d2936722c2d8061706901c5c284401b85f57e304646780aacec1b672f0a4b71b,raw/GP_Ip_4.0mm_closed_R5_single_refY_007.mp4,e1bed434f1cd2686e6ea66aefbc4b030dc6ff6b36110d7143798649fa7f93f53,92.68951977106188,777.7775501624758,408.7441634344268,870.4670699335375,408.7441634344268,original_V2_R0,0.0421872155536518,3.910312750146257,True,3.999999725,exact_prior_group_Dxy_gt
GP_Ip_4.7mm_closed_R5_single_refY,GP_Ip_4.7mm_closed_R5_single_refY_002,photo,photo:GP_Ip_4.7mm_closed_R5_single_refY_002,,R5,raw/GP_Ip_4.7mm_closed_R5_single_refY_002.jpg,a0495e8c0a89a89878dd8b4deafae24bc33a4be5438e4cece85f6600e78451cf,formal_assets/masks/GP_Ip_4.7mm_closed_R5_single_refY_002.png,92af72b99030c09010b10690687b4459297f89de3add95cee715ab76130af6f6,formal_assets/ring_json/GP_Ip_4.7mm_closed_R5_single_refY_002.json,ad0cf8baba0ea86828930b484d630bb29cc8edb9ecefacb4db8581f38c059eef,,,,,,,,invalid,0.0128357143724511,,False,5.035549868,same_paris_nominal_prior_Dxy_gt
GP_Ip_4.7mm_closed_R5_single_refY,GP_Ip_4.7mm_closed_R5_single_refY_003,photo,photo:GP_Ip_4.7mm_closed_R5_single_refY_003,,R5,raw/GP_Ip_4.7mm_closed_R5_single_refY_003.jpg,bb8ce2d0e5a1ce301bf9c7902d49bd2222c5d5dfc8c09cf31f7b61fb5c98d785,formal_assets/masks/GP_Ip_4.7mm_closed_R5_single_refY_003.png,823d5783642fa645df095761cf8bdb146c4914b256d52604c741a2d095ecbab3,formal_assets/ring_json/GP_Ip_4.7mm_closed_R5_single_refY_003.json,527a63a90bdd3787c3f1075c4d3ca8da51e4321d6bd37515efe439adb51530f2,,,290.90171365123035,974.820156923818,780.4118109720138,1265.7218705750463,780.4118109720138,original_V2_R0,0.0132101482706912,3.842854769530907,True,5.035549868,same_paris_nominal_prior_Dxy_gt
GP_Ip_5.6mm_closed_R10_single_refY,GP_Ip_5.6mm_closed_R10_single_refY_001,photo,photo:GP_Ip_5.6mm_closed_R10_single_refY_001,,R10,raw/GP_Ip_5.6mm_closed_R10_single_refY_001.jpg,a7548f97c3c811df6e3584484c28c1f551e8e61fba6bef7e7fdf4e85295cc9a2,formal_assets/masks/GP_Ip_5.6mm_closed_R10_single_refY_001.png,49cbd21f2cbe26077ccde66c4fa1992d4b77b2b24d49336a942d3a1bf225ee6a,formal_assets/ring_json/GP_Ip_5.6mm_closed_R10_single_refY_001.json,5d24f9ff2430ecb7f0a4f5fbf84bdc9886c028b24efa6c176b01e261f020e6c7,,,250.89787886661944,895.5165268496899,403.9187159167288,1146.4144057163091,403.9187159167288,original_V2_R0,0.0238789107199971,5.991168049292653,True,5.716958782000001,exact_prior_group_Dxy_gt
GP_Ip_5.6mm_closed_R10_single_refY,GP_Ip_5.6mm_closed_R10_single_refY_005-kf01,video_keyframe,video:GP_Ip_5.6mm_closed_R10_single_refY_005,19.0,R10,legacy_project/experiments/dxy_remeasurement_20260917/01_inputs/reextracted/gp/GP_Ip_5.6mm_closed_R10_single_refY_005-kf01.jpg,934c952e0a0edbf7cc8b380fc5ccdbe6bea3074e09e56174350bc0b326c48706,formal_assets/masks/GP_Ip_5.6mm_closed_R10_single_refY_005-kf01.png,76acf63bf75642a3f8cc5e2828ef85158af1ece1a17c45f5b80de31d0dd198a2,formal_assets/ring_json/GP_Ip_5.6mm_closed_R10_single_refY_005-kf01.json,597d295b3c85e02b952ff80b34fe676b3652a5b4a4134758a9593bab9377903c,raw/GP_Ip_5.6mm_closed_R10_single_refY_005.mp4,46cc1afad0ff4af1e95c1a7313c2f2d8eabfc33a89d9fea0615e09f45e0d0632,126.6405845160526,773.3081759798259,263.8665219354363,899.9487604958784,263.8665219354363,original_V2_R0,0.0474839883912893,6.013400045026334,True,5.716958782000001,exact_prior_group_Dxy_gt
GP_Ip_5.6mm_closed_R10_single_refY,GP_Ip_5.6mm_closed_R10_single_refY_005-kf02,video_keyframe,video:GP_Ip_5.6mm_closed_R10_single_refY_005,204.0,R10,legacy_project/experiments/dxy_remeasurement_20260917/01_inputs/reextracted/gp/GP_Ip_5.6mm_closed_R10_single_refY_005-kf02.jpg,541a4c964cdc7d5c8cc2f0df031875755ad407959ae23137fbad4bb41b4fdaf3,formal_assets/masks/GP_Ip_5.6mm_closed_R10_single_refY_005-kf02.png,9e893947850fb6d1e59da546466ae3437725f8b5b21f3cbb839c6a83c80df1f6,formal_assets/ring_json/GP_Ip_5.6mm_closed_R10_single_refY_005-kf02.json,ce266a9845f871c56a008e787474c309a06d7d6bd0b37d55cc95037e2740f31e,raw/GP_Ip_5.6mm_closed_R10_single_refY_005.mp4,46cc1afad0ff4af1e95c1a7313c2f2d8eabfc33a89d9fea0615e09f45e0d0632,124.72138661822834,745.6537569988992,251.24877680036883,870.3751436171275,251.24877680036883,original_V2_R0,0.0482677208732851,6.02001707621772,True,5.716958782000001,exact_prior_group_Dxy_gt
GP_Ip_5.6mm_closed_R10_single_refY,GP_Ip_5.6mm_closed_R10_single_refY_005-kf03,video_keyframe,video:GP_Ip_5.6mm_closed_R10_single_refY_005,453.0,R10,legacy_project/experiments/dxy_remeasurement_20260917/01_inputs/reextracted/gp/GP_Ip_5.6mm_closed_R10_single_refY_005-kf03.jpg,21f8479e500d1cc4ce7f6f1d7a8da7e33557c2f6c9424d88d07a99573fd07393,formal_assets/masks/GP_Ip_5.6mm_closed_R10_single_refY_005-kf03.png,bc742be0216980bf38ba11a864811c456f84a23bde1c4a7934212e5a5607939f,formal_assets/ring_json/GP_Ip_5.6mm_closed_R10_single_refY_005-kf03.json,baba7d7d6b80e54601c0dbb213ae86660bce1cec7cf5dc2847434611ac2e573f,raw/GP_Ip_5.6mm_closed_R10_single_refY_005.mp4,46cc1afad0ff4af1e95c1a7313c2f2d8eabfc33a89d9fea0615e09f45e0d0632,125.31655295174536,509.4091637486753,357.8579596118466,634.7257167004205,357.8579596118466,original_V2_R0,0.0464739414477693,5.823954144315694,True,5.716958782000001,exact_prior_group_Dxy_gt
GP_Ip_5.6mm_closed_R10_single_refY,GP_Ip_5.6mm_closed_R10_single_refY_005-kf04,video_keyframe,video:GP_Ip_5.6mm_closed_R10_single_refY_005,606.0,R10,legacy_project/experiments/dxy_remeasurement_20260917/01_inputs/reextracted/gp/GP_Ip_5.6mm_closed_R10_single_refY_005-kf04.jpg,d88d7267cf9911ffafe1d508f463d4e3aee19d9c545283147bf1033696d25424,formal_assets/masks/GP_Ip_5.6mm_closed_R10_single_refY_005-kf04.png,5fbfd43c82186873e219054696526c62bb2a26986f6e0d3a71ab2b443b87a60e,formal_assets/ring_json/GP_Ip_5.6mm_closed_R10_single_refY_005-kf04.json,125ca76bc321148aa23c1ea664fbfe494ac1ccdb136993da3be5059a485531ec,raw/GP_Ip_5.6mm_closed_R10_single_refY_005.mp4,46cc1afad0ff4af1e95c1a7313c2f2d8eabfc33a89d9fea0615e09f45e0d0632,141.79762268066415,468.03151402383605,425.75105048746633,338.2326156148358,482.83705376058055,original_V2_R0,0.0428426954760085,6.07499236772965,True,5.716958782000001,exact_prior_group_Dxy_gt
GP_Ip_5.6mm_closed_R10_single_refY,GP_Ip_5.6mm_closed_R10_single_refY_005-kf05,video_keyframe,video:GP_Ip_5.6mm_closed_R10_single_refY_005,754.0,R10,legacy_project/experiments/dxy_remeasurement_20260917/01_inputs/reextracted/gp/GP_Ip_5.6mm_closed_R10_single_refY_005-kf05.jpg,7a1a479c29146092a43bce9b61eb4a4ab265c9155a0ca45a575a322f4e62a34c,formal_assets/masks/GP_Ip_5.6mm_closed_R10_single_refY_005-kf05.png,b0338587210d79f145a551a99d26ae44094b22aea353f7b79211bb9485c6f45a,formal_assets/ring_json/GP_Ip_5.6mm_closed_R10_single_refY_005-kf05.json,6c8038e46ea14d33906dcf690410a05715f27597243cb6a445c1dec10b405da1,raw/GP_Ip_5.6mm_closed_R10_single_refY_005.mp4,46cc1afad0ff4af1e95c1a7313c2f2d8eabfc33a89d9fea0615e09f45e0d0632,161.15396714532773,90.93299239077862,442.9531475160399,252.08695953610624,442.9531475160399,original_V2_R0,0.0435989403094476,7.026142194199823,True,5.716958782000001,exact_prior_group_Dxy_gt
GP_Ip_6.2mm_closed_R10_single_refY,GP_Ip_6.2mm_closed_R10_single_refY_005-kf04,video_keyframe,video:GP_Ip_6.2mm_closed_R10_single_refY_005,441.0,R10,legacy_project/experiments/dxy_remeasurement_20260917/01_inputs/reextracted/gp/GP_Ip_6.2mm_closed_R10_single_refY_005-kf04.jpg,e650b5ae9fef4b92132f743779595ae824048274a027638a20e75c2eb264a6f4,formal_assets/masks/GP_Ip_6.2mm_closed_R10_single_refY_005-kf04.png,2f8ca4f3a3ca347f5ea01c2bd7d47f4063fb698f2ca1b55f4e4c764f6e7401ad,formal_assets/ring_json/GP_Ip_6.2mm_closed_R10_single_refY_005-kf04.json,a73afb9531c7b3a5d923f4d79d26879fb9217e5a605053b56a23e405b0373b72,raw/GP_Ip_6.2mm_closed_R10_single_refY_005.mp4,c1eb7dde11616b537c727a6006366a54fb5a43a894f6a028b2563593bad09c01,195.73517834913923,697.332883554402,342.0589912034317,893.0680619035408,342.0589912034317,original_V2_R0,0.0334521841413697,6.547769229079244,True,6.199999013999999,exact_prior_group_Dxy_gt
GP_Ip_6.2mm_closed_R10_single_refY,GP_Ip_6.2mm_closed_R10_single_refY_005-kf05,video_keyframe,video:GP_Ip_6.2mm_closed_R10_single_refY_005,479.0,R10,legacy_project/experiments/dxy_remeasurement_20260917/01_inputs/reextracted/gp/GP_Ip_6.2mm_closed_R10_single_refY_005-kf05.jpg,85614b340f1c0b5ad96d3c12ea24ee540f205cdddbe482d6fa2c2b5c5531aad9,formal_assets/masks/GP_Ip_6.2mm_closed_R10_single_refY_005-kf05.png,3a62f662a73c9568a876229f110da61066322fc36cc182387b9116bcead0044f,formal_assets/ring_json/GP_Ip_6.2mm_closed_R10_single_refY_005-kf05.json,5f922dfaf2090681e9c271efeec90c363088105a5b74939531a419037f041ea0,raw/GP_Ip_6.2mm_closed_R10_single_refY_005.mp4,c1eb7dde11616b537c727a6006366a54fb5a43a894f6a028b2563593bad09c01,191.5928231997168,741.916656224563,361.5819722812876,933.5094794242798,361.5819722812876,original_V2_R0,0.0338803634818732,6.491234490524672,True,6.199999013999999,exact_prior_group_Dxy_gt
GP_Ip_6.2mm_closed_R5_single_refY,GP_Ip_6.2mm_closed_R5_single_refY_001,photo,photo:GP_Ip_6.2mm_closed_R5_single_refY_001,,R5,raw/GP_Ip_6.2mm_closed_R5_single_refY_001.jpg,8cc42eb4fb08f7451cddd91e27b01dd0ae7e72eeadcc172d13d56a3e3b03cc2d,formal_assets/masks/GP_Ip_6.2mm_closed_R5_single_refY_001.png,0f6435a73b1457afc40edc6a59f09a0d5bc37cc6af06fb8389427bab5668cb99,formal_assets/ring_json/GP_Ip_6.2mm_closed_R5_single_refY_001.json,7fafcbe4ba5e565910907bb93678897ea93484be5587a680fe4b905bf60d9c6d,,,298.57035333736115,1018.960524103469,551.7408258765599,1317.5308774408288,551.7408258765599,original_V2_R0,0.021409530913179,6.392251209535011,True,6.199999013999999,exact_prior_group_Dxy_gt
GP_Ip_6.2mm_closed_R5_single_refY,GP_Ip_6.2mm_closed_R5_single_refY_002,photo,photo:GP_Ip_6.2mm_closed_R5_single_refY_002,,R5,raw/GP_Ip_6.2mm_closed_R5_single_refY_002.jpg,b711e7268c2bd020807008d39e41a0d28dfc8f4d4b78bd5956f06e1e2996faf9,formal_assets/masks/GP_Ip_6.2mm_closed_R5_single_refY_002.png,aab5a4403d2b05346bcd651cdef605d71e700f5d7ce410ea5adcb99344f8b0bf,formal_assets/ring_json/GP_Ip_6.2mm_closed_R5_single_refY_002.json,8b7af58a2d2763d85b93c6b6a8e0efb13025cc3a0ab228036b426d323de20c54,,,96.91871794672316,852.553438237666,684.954223248759,949.4721561843888,684.954223248759,original_V2_R0,0.0232116598355618,2.2496443126780967,True,6.199999013999999,exact_prior_group_Dxy_gt
GP_Ip_6.2mm_closed_R5_single_refY,GP_Ip_6.2mm_closed_R5_single_refY_004-kf02,video_keyframe,video:GP_Ip_6.2mm_closed_R5_single_refY_004,254.0,R5,legacy_project/experiments/dxy_remeasurement_20260917/01_inputs/reextracted/gp/GP_Ip_6.2mm_closed_R5_single_refY_004-kf02.jpg,f630912de8c9ca12152b13c6ec46ad008a63d99176f4510d766d11daa6c2fbc1,formal_assets/masks/GP_Ip_6.2mm_closed_R5_single_refY_004-kf02.png,fab7120b9049b3587663d8d8f275c08cfba40359a16fc0437d4345e28eb8b44b,formal_assets/ring_json/GP_Ip_6.2mm_closed_R5_single_refY_004-kf02.json,172e46380f45362d33db44a03a2f6ce2c17b3f0b8227119a8873f19967fd55be,raw/GP_Ip_6.2mm_closed_R5_single_refY_004.mp4,2f604fcb4eb010975951ffff3a6769a69b00159589f6fb880c6c595f82905e9e,233.9261849332262,574.5364401205692,447.3334541891494,808.4626250537948,447.3334541891494,original_V2_R0,0.0259148984092959,6.062173317818723,True,6.199999013999999,exact_prior_group_Dxy_gt
GP_Ip_6.2mm_closed_R5_single_refY,GP_Ip_6.2mm_closed_R5_single_refY_004-kf03,video_keyframe,video:GP_Ip_6.2mm_closed_R5_single_refY_004,624.0,R5,legacy_project/experiments/dxy_remeasurement_20260917/01_inputs/reextracted/gp/GP_Ip_6.2mm_closed_R5_single_refY_004-kf03.jpg,59467a1107938da26b75d2f1eb5907b814ef66b228bb8a3cfc0da26b55ee0988,formal_assets/masks/GP_Ip_6.2mm_closed_R5_single_refY_004-kf03.png,484051f1aaa191aa103b6aea5f0984500e8b2e1db94b39d4d593852185ce2570,formal_assets/ring_json/GP_Ip_6.2mm_closed_R5_single_refY_004-kf03.json,e828ce8e46e93feded1c9a5f8aa1959053db6524ea30af39aae918196c452ad8,raw/GP_Ip_6.2mm_closed_R5_single_refY_004.mp4,2f604fcb4eb010975951ffff3a6769a69b00159589f6fb880c6c595f82905e9e,222.85095614249616,473.4958460548791,469.895463439615,696.3468021973752,469.895463439615,original_V2_R0,0.0282974646618484,6.306117056301413,True,6.199999013999999,exact_prior_group_Dxy_gt
GP_Ip_6.2mm_closed_R5_single_refY,GP_Ip_6.2mm_closed_R5_single_refY_004-kf04,video_keyframe,video:GP_Ip_6.2mm_closed_R5_single_refY_004,800.0,R5,legacy_project/experiments/dxy_remeasurement_20260917/01_inputs/reextracted/gp/GP_Ip_6.2mm_closed_R5_single_refY_004-kf04.jpg,94057a367e7211ae7b0ad5fd1262d14b0ce6476cac24f56da7024eeb01e219c9,formal_assets/masks/GP_Ip_6.2mm_closed_R5_single_refY_004-kf04.png,876580c293e28264aa385a979ec3016f6d721d6e43e014e63562dae5680a208e,formal_assets/ring_json/GP_Ip_6.2mm_closed_R5_single_refY_004-kf04.json,5fe068d7d3ce445e805eef8734568e39a6b95fbe478590413184569e0e34d776,raw/GP_Ip_6.2mm_closed_R5_single_refY_004.mp4,2f604fcb4eb010975951ffff3a6769a69b00159589f6fb880c6c595f82905e9e,232.3042836277096,421.4602562540777,315.52417293401066,653.7645398817872,315.52417293401066,original_V2_R0,0.0267790392562017,6.22088553065025,True,6.199999013999999,exact_prior_group_Dxy_gt
GP_Ip_6.2mm_closed_R5_single_refY,GP_Ip_6.2mm_closed_R5_single_refY_004-kf05,video_keyframe,video:GP_Ip_6.2mm_closed_R5_single_refY_004,1045.0,R5,legacy_project/experiments/dxy_remeasurement_20260917/01_inputs/reextracted/gp/GP_Ip_6.2mm_closed_R5_single_refY_004-kf05.jpg,0e8939aabdab2ca846794122ac3a08d7e6eb491c990be53ce974e8256447329b,formal_assets/masks/GP_Ip_6.2mm_closed_R5_single_refY_004-kf05.png,0459096300742b2cc64869ec2f856bd17c94df0a511441e15f1c27ea1cae2806,formal_assets/ring_json/GP_Ip_6.2mm_closed_R5_single_refY_004-kf05.json,7991c20089256b80871df0d807822980a5332ef6e4da81d0aa7737114ab098b6,raw/GP_Ip_6.2mm_closed_R5_single_refY_004.mp4,2f604fcb4eb010975951ffff3a6769a69b00159589f6fb880c6c595f82905e9e,244.6873068108476,706.9091530037235,328.65460907301747,951.5964598145702,328.65460907301747,original_V2_R0,0.025027146220231,6.123825005789608,True,6.199999013999999,exact_prior_group_Dxy_gt
GP_Ip_6.2mm_closed_R5_single_refY,GP_Ip_6.2mm_closed_R5_single_refY_005-kf02,video_keyframe,video:GP_Ip_6.2mm_closed_R5_single_refY_005,197.0,R5,legacy_project/experiments/dxy_remeasurement_20260917/01_inputs/reextracted/gp/GP_Ip_6.2mm_closed_R5_single_refY_005-kf02.jpg,22958ec3fb7c484c387b5083dbc9dda037536dcc97c0aef1f4bf0a402062308e,formal_assets/masks/GP_Ip_6.2mm_closed_R5_single_refY_005-kf02.png,b92a556879924a581547268639977e9bcdacb123ebb14db69e43a7f430f02432,formal_assets/ring_json/GP_Ip_6.2mm_closed_R5_single_refY_005-kf02.json,7e01afe22e685dd8ad5da6a98644c692150f3668bf6d392694d5128784632247,raw/GP_Ip_6.2mm_closed_R5_single_refY_005.mp4,d990aec9051b1ccbfaddbe06de02fd2a7983188a09a71163bdd2a16951457298,191.49393362069264,751.8228822553264,213.8630587518037,943.316815876019,213.8630587518037,original_V2_R0,0.0354631919491801,6.790986125094176,True,6.199999013999999,exact_prior_group_Dxy_gt
GP_Ip_6.2mm_closed_R5_single_refY,GP_Ip_6.2mm_closed_R5_single_refY_005-kf03,video_keyframe,video:GP_Ip_6.2mm_closed_R5_single_refY_005,465.0,R5,legacy_project/experiments/dxy_remeasurement_20260917/01_inputs/reextracted/gp/GP_Ip_6.2mm_closed_R5_single_refY_005-kf03.jpg,50bd95fd40a76868efdb7667a2582fe193ae9debcea03cb215dd96bd1377b33e,formal_assets/masks/GP_Ip_6.2mm_closed_R5_single_refY_005-kf03.png,e2cbf2bb1a2d9a1cd24668721b3927fc5bbd4da3bdff0aa048b2fd1d97adc1be,formal_assets/ring_json/GP_Ip_6.2mm_closed_R5_single_refY_005-kf03.json,44d513561c5dd5e331899222ff6f18002a30ab9659bc933ba4fa1f2b9b4bf381,raw/GP_Ip_6.2mm_closed_R5_single_refY_005.mp4,d990aec9051b1ccbfaddbe06de02fd2a7983188a09a71163bdd2a16951457298,247.01125757839856,799.8446053315364,478.9292660208605,1046.855862909935,478.9292660208605,original_V2_R0,0.0272770733152091,6.737744182647978,True,6.199999013999999,exact_prior_group_Dxy_gt
GP_Ip_6.2mm_closed_R5_single_refY,GP_Ip_6.2mm_closed_R5_single_refY_005-kf04,video_keyframe,video:GP_Ip_6.2mm_closed_R5_single_refY_005,740.0,R5,legacy_project/experiments/dxy_remeasurement_20260917/01_inputs/reextracted/gp/GP_Ip_6.2mm_closed_R5_single_refY_005-kf04.jpg,3d3b2242ffcc4c2f118124e00261b34bac8c6fd4f87a53364b5aff534530a38e,formal_assets/masks/GP_Ip_6.2mm_closed_R5_single_refY_005-kf04.png,58167331857f5d539cd660b2c0e00be004263f51781f33e34ae1a8a17f669968,formal_assets/ring_json/GP_Ip_6.2mm_closed_R5_single_refY_005-kf04.json,df5d0e7c1a177da48fd45e13b11ff2d1b7c32af3b09da5cbc68e9e0c80b8aba8,raw/GP_Ip_6.2mm_closed_R5_single_refY_005.mp4,d990aec9051b1ccbfaddbe06de02fd2a7983188a09a71163bdd2a16951457298,306.57861328125,572.6163022461874,279.0618350835151,348.9181215819376,488.70336267039113,original_V2_R0,0.0280656723714748,8.604334916452634,True,6.199999013999999,exact_prior_group_Dxy_gt
GP_Ip_6.2mm_closed_R5_single_refY,GP_Ip_6.2mm_closed_R5_single_refY_005-kf05,video_keyframe,video:GP_Ip_6.2mm_closed_R5_single_refY_005,796.0,R5,legacy_project/experiments/dxy_remeasurement_20260917/01_inputs/reextracted/gp/GP_Ip_6.2mm_closed_R5_single_refY_005-kf05.jpg,ea4d918c29316dd42aab0b30cafadef949bca1633c24c111ea79984266d32154,formal_assets/masks/GP_Ip_6.2mm_closed_R5_single_refY_005-kf05.png,b4846ee24c6e4d9c5093f0b2dc0931176560bc6910673ba83e3bebe490ff2fd3,formal_assets/ring_json/GP_Ip_6.2mm_closed_R5_single_refY_005-kf05.json,e87bc849f227107db1bcd77c85e3047fb74b1dd6fa9ab6c6d80379f5591326ec,raw/GP_Ip_6.2mm_closed_R5_single_refY_005.mp4,d990aec9051b1ccbfaddbe06de02fd2a7983188a09a71163bdd2a16951457298,219.2147545773806,413.6782866626735,307.62329360556646,632.893041240054,307.62329360556646,original_V2_R0,0.0277277495133597,6.078331804554232,True,6.199999013999999,exact_prior_group_Dxy_gt
GP_Ip_6.4mm_closed_R10_single_refY,GP_Ip_6.4mm_closed_R10_single_refY_004,photo,photo:GP_Ip_6.4mm_closed_R10_single_refY_004,,R10,raw/GP_Ip_6.4mm_closed_R10_single_refY_004.jpg,cb3ec166951dca2a63d49bf63187023f8166e77e212cb0822690cae248d03352,formal_assets/masks/GP_Ip_6.4mm_closed_R10_single_refY_004.png,698de800207e16585ccbb79348c82ddd7b603c2e8e8e97718668420103c4591a,formal_assets/ring_json/GP_Ip_6.4mm_closed_R10_single_refY_004.json,47e538c6255bcfbafaf72c7ea0ecb890c95550f32e6072c5526c55a036fc5e24,,,306.4471896884919,859.0682317301939,736.7626684494201,1165.5154214186846,736.7626684494201,original_V2_R0,0.0219829156089635,6.736602709526147,True,6.4490039370000005,same_paris_nominal_prior_Dxy_gt
GP_Ip_7.1mm_closed_R10_single_refY,GP_Ip_7.1mm_closed_R10_single_refY_003,photo,photo:GP_Ip_7.1mm_closed_R10_single_refY_003,,R10,raw/GP_Ip_7.1mm_closed_R10_single_refY_003.jpg,ae04266f0bff59a971d7b793949c915e1316541e2f8b39db3e3ae1e5b8cbed5b,formal_assets/masks/GP_Ip_7.1mm_closed_R10_single_refY_003.png,e358766fa242cdb3e1ed3516e0e6df5d979a3b0861f553709826b0a5a18addb4,formal_assets/ring_json/GP_Ip_7.1mm_closed_R10_single_refY_003.json,f7ce573d8e68d76f1743bb6762d387f3d66ea79ed64c999fd818943df935c26c,,,356.4055561680164,1000.1355142388136,675.5104558560399,1356.5410704068292,675.5104558560399,original_V2_R0,0.0224668641521943,8.00731521351408,True,7.099998649,matched_new_manifest_blender_voxel_meta
GP_Ip_8.8mm_closed_R10_single_refY,GP_Ip_8.8mm_closed_R10_single_refY_003,photo,photo:GP_Ip_8.8mm_closed_R10_single_refY_003,,R10,raw/GP_Ip_8.8mm_closed_R10_single_refY_003.jpg,3286e9f363a68aff1094613acbf7e93d830a6453b73fc0a636d1d5659fd3c5da,formal_assets/masks/GP_Ip_8.8mm_closed_R10_single_refY_003.png,c27c805977167c5603cca459f599e2c913cd8623fd0a4fba26ec48c453b04d34,formal_assets/ring_json/GP_Ip_8.8mm_closed_R10_single_refY_003.json,820543b229e13c409aae36f89509fed9bb972721738eae51c835ff5b2358b1ee,,,,,,,,excluded_Ip8.8_failed_geometry,0.0235461857844933,,False,8.799999952,same_paris_nominal_prior_Dxy_gt
GP_Ip_8.8mm_closed_R5_single_refY,GP_Ip_8.8mm_closed_R5_single_refY_002,photo,photo:GP_Ip_8.8mm_closed_R5_single_refY_002,,R5,raw/GP_Ip_8.8mm_closed_R5_single_refY_002.jpg,e8e53d4d7665c2d79d1c6af7641f3416e588bb9769ec29b119d6325192bac17c,formal_assets/masks/GP_Ip_8.8mm_closed_R5_single_refY_002.png,71f50e935f875c9615bd631fae71452625dba4c0cad5052b2ae416086a088f06,formal_assets/ring_json/GP_Ip_8.8mm_closed_R5_single_refY_002.json,9dfeb5f1ace8f50daac64e9d319aca3a7f49a4f79e586ba7794ed1d27094d238,,,398.2214852158673,805.2527624538507,548.4932461222504,1203.4742476697174,548.4932461222504,original_V2_R0,0.0241267508516114,9.607790557561882,True,8.799999952,exact_prior_group_Dxy_gt
GP_Ip_8.8mm_closed_R5_single_refY,GP_Ip_8.8mm_closed_R5_single_refY_005-kf01,video_keyframe,video:GP_Ip_8.8mm_closed_R5_single_refY_005,0.0,R5,legacy_project/experiments/dxy_remeasurement_20260917/01_inputs/reextracted/gp/GP_Ip_8.8mm_closed_R5_single_refY_005-kf01.jpg,6d195461a92bc0623ec33611436cf625931a73f9cacef1b0e3d03e7fa9d56771,formal_assets/masks/GP_Ip_8.8mm_closed_R5_single_refY_005-kf01.png,b9e872ead9afde5fca8ee17d49eb3e0dcb4d8f217abcaebed2c1d780c11690ac,formal_assets/ring_json/GP_Ip_8.8mm_closed_R5_single_refY_005-kf01.json,c98115c515690f6876fd38299b37a4fc33aee8ccea196798e6640b93f3003b90,raw/GP_Ip_8.8mm_closed_R5_single_refY_005.mp4,111fded57a34627b4b075d82452249c6e56f4b878f5248d79198d01c54ebd527,261.7891588246478,237.7102628138348,411.0141757987896,499.49942163848186,411.0141757987896,original_V2_R0,0.0316574778376883,8.28758449363835,True,8.799999952,exact_prior_group_Dxy_gt
GP_Ip_8.8mm_closed_R5_single_refY,GP_Ip_8.8mm_closed_R5_single_refY_005-kf02,video_keyframe,video:GP_Ip_8.8mm_closed_R5_single_refY_005,192.0,R5,legacy_project/experiments/dxy_remeasurement_20260917/01_inputs/reextracted/gp/GP_Ip_8.8mm_closed_R5_single_refY_005-kf02.jpg,0985485e7e0ff8141c5a3b71e496caca48df8115ac04f43d60babbe4a89205ef,formal_assets/masks/GP_Ip_8.8mm_closed_R5_single_refY_005-kf02.png,a0d60bee91b5b0dcaed4fc38a2f93d680ebc84173f16f0cae9880a8e90420275,formal_assets/ring_json/GP_Ip_8.8mm_closed_R5_single_refY_005-kf02.json,3439b3d5df33c0231b10162886af7924cf339dc6ded44a590118cec9f755395d,raw/GP_Ip_8.8mm_closed_R5_single_refY_005.mp4,111fded57a34627b4b075d82452249c6e56f4b878f5248d79198d01c54ebd527,221.2842882097854,631.1369069980888,399.80914009662536,852.421195207874,399.80914009662536,original_V2_R0,0.0366748385178924,8.11556553664064,True,8.799999952,exact_prior_group_Dxy_gt
GP_Ip_8.8mm_closed_R5_single_refY,GP_Ip_8.8mm_closed_R5_single_refY_005-kf03,video_keyframe,video:GP_Ip_8.8mm_closed_R5_single_refY_005,435.0,R5,legacy_project/experiments/dxy_remeasurement_20260917/01_inputs/reextracted/gp/GP_Ip_8.8mm_closed_R5_single_refY_005-kf03.jpg,b5450c51c3f653204cb08f6c267ba99f7c005c780b711d8d21a25a0026140d96,formal_assets/masks/GP_Ip_8.8mm_closed_R5_single_refY_005-kf03.png,2a6c147eb9a4b5ee87261fb62032b19130ee7288f5ce98c43fc248bfd013292b,formal_assets/ring_json/GP_Ip_8.8mm_closed_R5_single_refY_005-kf03.json,833326a209506d567858c3d333a4ea9e648ada0415033e5a2630f8225ec2100d,raw/GP_Ip_8.8mm_closed_R5_single_refY_005.mp4,111fded57a34627b4b075d82452249c6e56f4b878f5248d79198d01c54ebd527,257.93634033203153,844.7069869919811,142.64824682504914,738.4872268752064,377.69828027456026,original_V2_R0,0.0401008787731637,10.34347391484829,True,8.799999952,exact_prior_group_Dxy_gt
GP_Ip_8.8mm_closed_R5_single_refY,GP_Ip_8.8mm_closed_R5_single_refY_005-kf04,video_keyframe,video:GP_Ip_8.8mm_closed_R5_single_refY_005,627.0,R5,legacy_project/experiments/dxy_remeasurement_20260917/01_inputs/reextracted/gp/GP_Ip_8.8mm_closed_R5_single_refY_005-kf04.jpg,0b34cdb45cde316fd56f5d689ffc7f4dfa11b4a3e13d489a9c1d6902ce2d33b4,formal_assets/masks/GP_Ip_8.8mm_closed_R5_single_refY_005-kf04.png,08bc2b18bf1cece29c6537cb7de70e1238f0834ffb81446271e08cfd66cc87cd,formal_assets/ring_json/GP_Ip_8.8mm_closed_R5_single_refY_005-kf04.json,63d2d6ede93e88665e600c8c5a439a1fb563af10d4db156a283899c6b0f8a1ec,raw/GP_Ip_8.8mm_closed_R5_single_refY_005.mp4,111fded57a34627b4b075d82452249c6e56f4b878f5248d79198d01c54ebd527,202.1973375804656,423.572590233717,382.7683618830309,625.7699278141822,382.7683618830309,original_V2_R0,0.0405323106577476,8.195525300980895,True,8.799999952,exact_prior_group_Dxy_gt
GP_Ip_8.8mm_closed_R5_single_refY,GP_Ip_8.8mm_closed_R5_single_refY_005-kf05,video_keyframe,video:GP_Ip_8.8mm_closed_R5_single_refY_005,808.0,R5,legacy_project/experiments/dxy_remeasurement_20260917/01_inputs/reextracted/gp/GP_Ip_8.8mm_closed_R5_single_refY_005-kf05.jpg,888b3a1c67354b7f996aedd185d9d735326071218e3f9798a61b036aff5ff654,formal_assets/masks/GP_Ip_8.8mm_closed_R5_single_refY_005-kf05.png,642d51f71f5093d27f96a544740d7cbd4e4b405b81fe20a9b164b3b15cea2cd3,formal_assets/ring_json/GP_Ip_8.8mm_closed_R5_single_refY_005-kf05.json,7db0ecf517353728f1884ff79d2a5f454ff2308103023ffa4ab827f8ebe08fb4,raw/GP_Ip_8.8mm_closed_R5_single_refY_005.mp4,111fded57a34627b4b075d82452249c6e56f4b878f5248d79198d01c54ebd527,222.31100469325435,178.910753165543,258.5281591117424,401.2217578587969,258.5281591117424,original_V2_R0,0.0398660603541105,8.86266393048422,True,8.799999952,exact_prior_group_Dxy_gt
GP_Ip_9.7mm_closed_R5_single_refY,GP_Ip_9.7mm_closed_R5_single_refY_002,photo,photo:GP_Ip_9.7mm_closed_R5_single_refY_002,,R5,raw/GP_Ip_9.7mm_closed_R5_single_refY_002.jpg,dc381087442a7cff40e9beff29d235455cd30343fee07f164e4f5d9ad9b9099a,formal_assets/masks/GP_Ip_9.7mm_closed_R5_single_refY_002.png,4385445b3ce1164a7cdd85897be43449c81d41d534064a30030cee793bb62dc7,formal_assets/ring_json/GP_Ip_9.7mm_closed_R5_single_refY_002.json,dae081306c0e6b03c7e6ae5d8926dda2175226c834baa6cc22913ddcd6be30eb,,,349.79594131957305,726.5097440663831,475.29526235551873,1076.3056853859553,475.29526235551873,original_V2_R0,0.0262033903834964,9.165839604959372,True,9.699995629,exact_prior_group_Dxy_gt
GP_Ip_9.7mm_closed_R5_single_refY,GP_Ip_9.7mm_closed_R5_single_refY_003,photo,photo:GP_Ip_9.7mm_closed_R5_single_refY_003,,R5,raw/GP_Ip_9.7mm_closed_R5_single_refY_003.jpg,a89ee9e8ab03be33fe6703b2e62846213872d40c67d5ba84823a82d08c238bfd,formal_assets/masks/GP_Ip_9.7mm_closed_R5_single_refY_003.png,a3f000860c0b08dc0588fb06c9ab3c3f25c7d9fac68cd4c1717ae23a2115f3b8,formal_assets/ring_json/GP_Ip_9.7mm_closed_R5_single_refY_003.json,1fcdbe7dcc1a00e43c7a3ce87dca7e702ff0c0fbad834f9985472f4af9286cac,,,396.7279497465496,1002.9219074128448,663.7960950679319,1399.6498571593936,663.7960950679319,original_V2_R0,0.0210093233360379,8.334985772668654,True,9.699995629,exact_prior_group_Dxy_gt
GP_Ip_9.7mm_closed_R5_single_refY,GP_Ip_9.7mm_closed_R5_single_refY_005-kf01,video_keyframe,video:GP_Ip_9.7mm_closed_R5_single_refY_005,5.0,R5,legacy_project/experiments/dxy_remeasurement_20260917/01_inputs/reextracted/gp/GP_Ip_9.7mm_closed_R5_single_refY_005-kf01.jpg,1213e2ad7865fe40461d0464ab1e623fd84203147b1ab09049c9d62276323cbf,formal_assets/masks/GP_Ip_9.7mm_closed_R5_single_refY_005-kf01.png,e6a897786fd3389e9f8b60b850d5d6c01f361fde582ca2183a6c0c22eceea7f5,formal_assets/ring_json/GP_Ip_9.7mm_closed_R5_single_refY_005-kf01.json,e4a132b29ac809e70b9a957ab9bf016047f853ced4ad7489108a592469671727,raw/GP_Ip_9.7mm_closed_R5_single_refY_005.mp4,36c98b7ee9ccf2308a42a879056e14b207273afe8ba80301f88d445f2054c00e,255.69188912532263,180.54317918007072,395.9562932302429,436.2350683053927,395.9562932302429,original_V2_R0,0.0363566121202834,9.296090835231864,True,9.699995629,exact_prior_group_Dxy_gt
GP_Ip_9.7mm_closed_R5_single_refY,GP_Ip_9.7mm_closed_R5_single_refY_005-kf02,video_keyframe,video:GP_Ip_9.7mm_closed_R5_single_refY_005,133.0,R5,legacy_project/experiments/dxy_remeasurement_20260917/01_inputs/reextracted/gp/GP_Ip_9.7mm_closed_R5_single_refY_005-kf02.jpg,2a6dbe1f4905b970859d68babf53d28ac7b1e71440651ccdea4e42ea7260350c,formal_assets/masks/GP_Ip_9.7mm_closed_R5_single_refY_005-kf02.png,77530f471f8dc96c83bd4121b79613ca28c41fafa974c95da3f8ec3bd849ef32,formal_assets/ring_json/GP_Ip_9.7mm_closed_R5_single_refY_005-kf02.json,7992b95332d07d0dd3c65811f74bbc2e6586c8a63dfb2c8991a25d63bd893c3d,raw/GP_Ip_9.7mm_closed_R5_single_refY_005.mp4,36c98b7ee9ccf2308a42a879056e14b207273afe8ba80301f88d445f2054c00e,256.2484482865549,394.65871400283214,343.4870503538302,650.9071622893864,343.4870503538302,original_V2_R0,0.0357271240591891,9.155020101908448,True,9.699995629,exact_prior_group_Dxy_gt
GP_Ip_9.7mm_closed_R5_single_refY,GP_Ip_9.7mm_closed_R5_single_refY_005-kf03,video_keyframe,video:GP_Ip_9.7mm_closed_R5_single_refY_005,246.0,R5,legacy_project/experiments/dxy_remeasurement_20260917/01_inputs/reextracted/gp/GP_Ip_9.7mm_closed_R5_single_refY_005-kf03.jpg,45e3d5dda88ba771c32506523bf66c6c3f1b5bebf8f399de3d6f5e9b71a2bb01,formal_assets/masks/GP_Ip_9.7mm_closed_R5_single_refY_005-kf03.png,2864af31b8d7db462f1dbd0fa7d901f456f43266902f76a59aa85a053d7ee634,formal_assets/ring_json/GP_Ip_9.7mm_closed_R5_single_refY_005-kf03.json,9b2588f769fcebe036b269cd5675a9669ee9af78eb7e99fd02faab600db5ceab,raw/GP_Ip_9.7mm_closed_R5_single_refY_005.mp4,36c98b7ee9ccf2308a42a879056e14b207273afe8ba80301f88d445f2054c00e,283.8167013706794,546.5618733690405,346.8406428855288,830.3785747397199,346.8406428855288,original_V2_R0,0.0328126383131612,9.312774769310588,True,9.699995629,exact_prior_group_Dxy_gt
GP_Ip_9.7mm_closed_R5_single_refY,GP_Ip_9.7mm_closed_R5_single_refY_005-kf05,video_keyframe,video:GP_Ip_9.7mm_closed_R5_single_refY_005,570.0,R5,legacy_project/experiments/dxy_remeasurement_20260917/01_inputs/reextracted/gp/GP_Ip_9.7mm_closed_R5_single_refY_005-kf05.jpg,08520c90de9b9f081899266d714d39f8bf93fbc4d90c6e2167d5e889e9c6f687,formal_assets/masks/GP_Ip_9.7mm_closed_R5_single_refY_005-kf05.png,82000f34131e8e907117663c18ebf2b85c6afff55a43251c8259b4a124714888,formal_assets/ring_json/GP_Ip_9.7mm_closed_R5_single_refY_005-kf05.json,3959269b1a49591d4d5545267ee9c88ea42bec265d48340a179dcd2600bf210d,raw/GP_Ip_9.7mm_closed_R5_single_refY_005.mp4,36c98b7ee9ccf2308a42a879056e14b207273afe8ba80301f88d445f2054c00e,340.5491110646251,727.8548086729742,475.6378049942069,1068.4039197375982,475.6378049942069,original_V2_R0,0.0266260580278726,9.06748039254714,True,9.699995629,exact_prior_group_Dxy_gt
GP_Is_10.5mm_closed_R10_single_refY,GP_Is_10.5mm_closed_R10_single_refY_001,photo,photo:GP_Is_10.5mm_closed_R10_single_refY_001,,R10,raw/GP_Is_10.5mm_closed_R10_single_refY_001.jpg,9bd1b9fb97e0da522b94ba0fae8978b1254e9aa6a11569f53a48f136ec228546,formal_assets/masks/GP_Is_10.5mm_closed_R10_single_refY_001.png,31512bf0830f9dd5033a7d35f503d913f3016b4d401603445ef33d7325d460db,formal_assets/ring_json/GP_Is_10.5mm_closed_R10_single_refY_001.json,e436116187f8c7e34e1abf61656b96c6fb2caaf8e07f3c0eec034fccd0799a8a,,,371.6740417480479,,,,,human_approved_R2_contact_rescue,0.0265905995479078,9.883035606474706,True,10.499999858,same_paris_nominal_prior_Dxy_gt
GP_Is_10.5mm_closed_R10_single_refY,GP_Is_10.5mm_closed_R10_single_refY_002,photo,photo:GP_Is_10.5mm_closed_R10_single_refY_002,,R10,raw/GP_Is_10.5mm_closed_R10_single_refY_002.jpg,5f7d4944b2f4a1755be1c0a624cef13fdbd98bb43c2dc8148b912cab6250f47e,formal_assets/masks/GP_Is_10.5mm_closed_R10_single_refY_002.png,eef73a1da225095763125fff33822af15a442243628c51c52d99b07964272266,formal_assets/ring_json/GP_Is_10.5mm_closed_R10_single_refY_002.json,c98cffd10a60b6f7a2bfac28f1c68667e342f5cad37c14f93f5c9af50491b48c,,,330.6870727539071,,,,,human_approved_R2_contact_rescue,0.0299373570305737,9.899896962429018,True,10.499999858,same_paris_nominal_prior_Dxy_gt
GP_Is_10.5mm_closed_R10_single_refY,GP_Is_10.5mm_closed_R10_single_refY_003,photo,photo:GP_Is_10.5mm_closed_R10_single_refY_003,,R10,raw/GP_Is_10.5mm_closed_R10_single_refY_003.jpg,9f0ad09a18e4af3cf6d57b44927375fc2951f8a976826d94fa8abf0cca31f3ae,formal_assets/masks/GP_Is_10.5mm_closed_R10_single_refY_003.png,fb8b78b168d6deaa2d590850f2639f18ab91dc0c36a1d99a07d0ff829798e1b6,formal_assets/ring_json/GP_Is_10.5mm_closed_R10_single_refY_003.json,4301a13175ee03d019e952f2f9f8b016a9b81af2a97c5e7438a8d1c39fe9da3f,,,406.0480649123504,,,,,human_approved_R2_contact_rescue,0.0243550153768535,9.8893068646819,True,10.499999858,same_paris_nominal_prior_Dxy_gt
GP_Is_10.5mm_closed_R10_single_refY,GP_Is_10.5mm_closed_R10_single_refY_004-kf01,video_keyframe,video:GP_Is_10.5mm_closed_R10_single_refY_004,9.0,R10,legacy_project/experiments/dxy_remeasurement_20260917/01_inputs/reextracted/gp/GP_Is_10.5mm_closed_R10_single_refY_004-kf01.jpg,eb6b22b4a72f31661468d04510203fc756735ba4e4c05cf0d6f1995a3e960e45,formal_assets/masks/GP_Is_10.5mm_closed_R10_single_refY_004-kf01.png,851e3eaf4fab698885c5d2d07614dae741000aa1ec918eb62b34c73faed1b822,formal_assets/ring_json/GP_Is_10.5mm_closed_R10_single_refY_004-kf01.json,3f673e5294c3640b71750d9ab57374b5dfd76b5e1eaa95dfb34a650798cb8574,raw/GP_Is_10.5mm_closed_R10_single_refY_004.mp4,3bc8b06782d4156fa34efe4c2ea9ef1905c510d7c125aa47e2cc0c80f7303eeb,250.0711517333989,,,,,human_approved_R2_contact_rescue,0.03952782536103,9.884768813549426,True,10.499999858,same_paris_nominal_prior_Dxy_gt
GP_Is_10.5mm_closed_R10_single_refY,GP_Is_10.5mm_closed_R10_single_refY_004-kf02,video_keyframe,video:GP_Is_10.5mm_closed_R10_single_refY_004,433.0,R10,legacy_project/experiments/dxy_remeasurement_20260917/01_inputs/reextracted/gp/GP_Is_10.5mm_closed_R10_single_refY_004-kf02.jpg,bd7bf07040dc17584968d0fde238f8baffa9984a777e2fa90635e86a4dccbce5,formal_assets/masks/GP_Is_10.5mm_closed_R10_single_refY_004-kf02.png,1e4205dd00852013cb227adb763b0e1a78ca935e0d54014f5e89c00411ba3a13,formal_assets/ring_json/GP_Is_10.5mm_closed_R10_single_refY_004-kf02.json,5ef40a682b192bb138fa5e5ccd7060f043a6ad3a3dd00836d20dc88028d09d82,raw/GP_Is_10.5mm_closed_R10_single_refY_004.mp4,3bc8b06782d4156fa34efe4c2ea9ef1905c510d7c125aa47e2cc0c80f7303eeb,244.17584228515676,,,,,human_approved_R2_contact_rescue,0.0405728839708134,9.906918117511296,True,10.499999858,same_paris_nominal_prior_Dxy_gt
GP_Is_10.5mm_closed_R10_single_refY,GP_Is_10.5mm_closed_R10_single_refY_004-kf03,video_keyframe,video:GP_Is_10.5mm_closed_R10_single_refY_004,556.0,R10,legacy_project/experiments/dxy_remeasurement_20260917/01_inputs/reextracted/gp/GP_Is_10.5mm_closed_R10_single_refY_004-kf03.jpg,ecae40834e30ecf1dd8417e967f1261d35925e2adc82baf9b052621f2f553324,formal_assets/masks/GP_Is_10.5mm_closed_R10_single_refY_004-kf03.png,7328b0bae390a898c30eba1f18cfc7773cfba5ea0c6e7875ada6be1047edfc99,formal_assets/ring_json/GP_Is_10.5mm_closed_R10_single_refY_004-kf03.json,002bafffac3eba33fc414b1dfacee7cf036182687243f6644f229fe4a228c5dd,raw/GP_Is_10.5mm_closed_R10_single_refY_004.mp4,3bc8b06782d4156fa34efe4c2ea9ef1905c510d7c125aa47e2cc0c80f7303eeb,243.4047851562502,,,,,human_approved_R2_contact_rescue,0.0406758183947848,9.900688837437244,True,10.499999858,same_paris_nominal_prior_Dxy_gt
GP_Is_10.5mm_closed_R10_single_refY,GP_Is_10.5mm_closed_R10_single_refY_004-kf04,video_keyframe,video:GP_Is_10.5mm_closed_R10_single_refY_004,697.0,R10,legacy_project/experiments/dxy_remeasurement_20260917/01_inputs/reextracted/gp/GP_Is_10.5mm_closed_R10_single_refY_004-kf04.jpg,e096cf95b4347ea5e4eef053cea0e638ef530dd11e8883c0fc1b45c4d4c85130,formal_assets/masks/GP_Is_10.5mm_closed_R10_single_refY_004-kf04.png,e2d833b4fbca257957c915a172287dbb3e55d7715f9b81158d0647ea8ab419b8,formal_assets/ring_json/GP_Is_10.5mm_closed_R10_single_refY_004-kf04.json,dec46e227831274a3f1fdfbf63cf0e08622fb481304967d7a6a7d808f71923ff,raw/GP_Is_10.5mm_closed_R10_single_refY_004.mp4,3bc8b06782d4156fa34efe4c2ea9ef1905c510d7c125aa47e2cc0c80f7303eeb,235.98365783691457,,,,,human_approved_R2_contact_rescue,0.0420859193393455,9.931589189128095,True,10.499999858,same_paris_nominal_prior_Dxy_gt
GP_Is_10.5mm_closed_R10_single_refY,GP_Is_10.5mm_closed_R10_single_refY_004-kf05,video_keyframe,video:GP_Is_10.5mm_closed_R10_single_refY_004,961.0,R10,legacy_project/experiments/dxy_remeasurement_20260917/01_inputs/reextracted/gp/GP_Is_10.5mm_closed_R10_single_refY_004-kf05.jpg,69d6b69a5d15473f652d68ce5a362c7859b42496a03e804fd815b7c8b183179f,formal_assets/masks/GP_Is_10.5mm_closed_R10_single_refY_004-kf05.png,d5a3cefafefeb306426a508021a30f8d6dc9a49592a97749e77f7ca1d723bba2,formal_assets/ring_json/GP_Is_10.5mm_closed_R10_single_refY_004-kf05.json,86147fe34e6227a1ad8b9bf5331f963aefd922187a94b5b1be920df3efceadfe,raw/GP_Is_10.5mm_closed_R10_single_refY_004.mp4,3bc8b06782d4156fa34efe4c2ea9ef1905c510d7c125aa47e2cc0c80f7303eeb,218.34429931640625,,,,,human_approved_R2_contact_rescue,0.0453332160159286,9.898249286757215,True,10.499999858,same_paris_nominal_prior_Dxy_gt
GP_Is_10.5mm_closed_R10_single_refY,GP_Is_10.5mm_closed_R10_single_refY_005-kf01,video_keyframe,video:GP_Is_10.5mm_closed_R10_single_refY_005,16.0,R10,legacy_project/experiments/dxy_remeasurement_20260917/01_inputs/reextracted/gp/GP_Is_10.5mm_closed_R10_single_refY_005-kf01.jpg,5677532be06d99807776c6e5afd02965fd00263753fd2a248249e0d918a37b6a,formal_assets/masks/GP_Is_10.5mm_closed_R10_single_refY_005-kf01.png,e8063832b0725ec6fe4a6f8063c1a65205306221a381e5927b1be1fa1bded909,formal_assets/ring_json/GP_Is_10.5mm_closed_R10_single_refY_005-kf01.json,ff99099b87524fd0ed28746a1d54cbdf4e027f2ec514f7d15752cc6828662119,raw/GP_Is_10.5mm_closed_R10_single_refY_005.mp4,93941f0bbb0bfd89bb5e825e05dbddb1b39119b98cef57fe24aaad5cf73d5c1e,240.7990264892584,,,,,human_approved_R2_contact_rescue,0.0408675448424585,9.840865013070118,True,10.499999858,same_paris_nominal_prior_Dxy_gt
GP_Is_10.5mm_closed_R10_single_refY,GP_Is_10.5mm_closed_R10_single_refY_005-kf02,video_keyframe,video:GP_Is_10.5mm_closed_R10_single_refY_005,222.0,R10,legacy_project/experiments/dxy_remeasurement_20260917/01_inputs/reextracted/gp/GP_Is_10.5mm_closed_R10_single_refY_005-kf02.jpg,257a48701ce95598c182c1f34990c1b09b728709810d7a38a3a0b609ab18f6d4,formal_assets/masks/GP_Is_10.5mm_closed_R10_single_refY_005-kf02.png,3a8b8f8732a8c6ab8fdca021035da2ad07a4bdefcb43de5a521981a7e86a8560,formal_assets/ring_json/GP_Is_10.5mm_closed_R10_single_refY_005-kf02.json,473da1483b884e77b1538726fc9b2c11e1eb586d9259f99a8753bea4cc2e228b,raw/GP_Is_10.5mm_closed_R10_single_refY_005.mp4,93941f0bbb0bfd89bb5e825e05dbddb1b39119b98cef57fe24aaad5cf73d5c1e,294.93272364810343,,,,,human_approved_R2_contact_rescue,0.0370482176311436,10.926731732260867,True,10.499999858,same_paris_nominal_prior_Dxy_gt
GP_Is_10.5mm_closed_R10_single_refY,GP_Is_10.5mm_closed_R10_single_refY_005-kf03,video_keyframe,video:GP_Is_10.5mm_closed_R10_single_refY_005,492.0,R10,legacy_project/experiments/dxy_remeasurement_20260917/01_inputs/reextracted/gp/GP_Is_10.5mm_closed_R10_single_refY_005-kf03.jpg,cd15f9607e8fe2f09638dd10f3ec5d3284db9e11440eafa54ea154a7fe0ca762,formal_assets/masks/GP_Is_10.5mm_closed_R10_single_refY_005-kf03.png,b503abc964e0db6096418dfaaf58da8188c47ad7b231fcd3a64ec51758d04063,formal_assets/ring_json/GP_Is_10.5mm_closed_R10_single_refY_005-kf03.json,92ffefc07bc425031b66ceec40231eac3b89794b5204cafcc158b48b8bd1c206,raw/GP_Is_10.5mm_closed_R10_single_refY_005.mp4,93941f0bbb0bfd89bb5e825e05dbddb1b39119b98cef57fe24aaad5cf73d5c1e,293.1632690429693,,,,,human_approved_R2_contact_rescue,0.0338368904508986,9.919733418834264,True,10.499999858,same_paris_nominal_prior_Dxy_gt
GP_Is_10.5mm_closed_R10_single_refY,GP_Is_10.5mm_closed_R10_single_refY_005-kf04,video_keyframe,video:GP_Is_10.5mm_closed_R10_single_refY_005,689.0,R10,legacy_project/experiments/dxy_remeasurement_20260917/01_inputs/reextracted/gp/GP_Is_10.5mm_closed_R10_single_refY_005-kf04.jpg,4c8ce7d5981cdd59ade0aed39917d81223dd82ce62f5e2e9faa889254cb6f722,formal_assets/masks/GP_Is_10.5mm_closed_R10_single_refY_005-kf04.png,ce94e6a70fa04902ff1db006c58ded96a2ee827ef53c43859aa555ae6c3a2248,formal_assets/ring_json/GP_Is_10.5mm_closed_R10_single_refY_005-kf04.json,cfa0c321c06ae6897e8c91b8305a815783f21056d9a83ebf3b1ad513000b75b3,raw/GP_Is_10.5mm_closed_R10_single_refY_005.mp4,93941f0bbb0bfd89bb5e825e05dbddb1b39119b98cef57fe24aaad5cf73d5c1e,246.91017794434373,,,,,human_approved_R2_contact_rescue,0.0361022683127455,8.914017493294434,True,10.499999858,same_paris_nominal_prior_Dxy_gt
GP_Is_10.5mm_closed_R10_single_refY,GP_Is_10.5mm_closed_R10_single_refY_005-kf05,video_keyframe,video:GP_Is_10.5mm_closed_R10_single_refY_005,903.0,R10,legacy_project/experiments/dxy_remeasurement_20260917/01_inputs/reextracted/gp/GP_Is_10.5mm_closed_R10_single_refY_005-kf05.jpg,1f519edcf4783eb0675d21bdcaf959f67f73f81e02113ff106b72f14e4d7b8d3,formal_assets/masks/GP_Is_10.5mm_closed_R10_single_refY_005-kf05.png,2c6da2da6f1f816e659a0db2ecba095b3a1fd18d367c7184c3d2cd2fcd2b77be,formal_assets/ring_json/GP_Is_10.5mm_closed_R10_single_refY_005-kf05.json,5ef2cf04650f754a3c18ef5cb5cfdf99ad32c5b3aebfd88e4b3d8aefa1004959,raw/GP_Is_10.5mm_closed_R10_single_refY_005.mp4,93941f0bbb0bfd89bb5e825e05dbddb1b39119b98cef57fe24aaad5cf73d5c1e,285.29021754987014,,,,,human_approved_R2_contact_rescue,0.032360132885116,9.23202935073745,True,10.499999858,same_paris_nominal_prior_Dxy_gt
GP_Is_10.5mm_closed_R5_single_refY,GP_Is_10.5mm_closed_R5_single_refY_001,photo,photo:GP_Is_10.5mm_closed_R5_single_refY_001,,R5,raw/GP_Is_10.5mm_closed_R5_single_refY_001.jpg,161fea0914593bf309e2399c87e739f1750251417a5f7ff4f67289cdd6aeff57,formal_assets/masks/GP_Is_10.5mm_closed_R5_single_refY_001.png,3a6f0dfb290a16b2a77b0abc7131b2a7768b25c199efdfbebe8defa3367d4981,formal_assets/ring_json/GP_Is_10.5mm_closed_R5_single_refY_001.json,afb1970f6f6019a8273baf008988dd6810e80ea6270fd6c98f62fa216ada39d9,,,470.6862792968769,887.401192408675,664.0857714589594,1353.2512734116376,731.3856640879156,original_V2_R0,0.0243656368377971,11.468570945881638,True,10.499999858,exact_prior_group_Dxy_gt
GP_Is_10.5mm_closed_R5_single_refY,GP_Is_10.5mm_closed_R5_single_refY_002,photo,photo:GP_Is_10.5mm_closed_R5_single_refY_002,,R5,raw/GP_Is_10.5mm_closed_R5_single_refY_002.jpg,8696e54e12205eaf8a29234e2d5faa26086f8c9cdc1382f4a513ad835bf6a544,formal_assets/masks/GP_Is_10.5mm_closed_R5_single_refY_002.png,0d87ade64b48ab0d480d5287c430f2ede28f3bb2a4ac14dd00630b5fd2753763,formal_assets/ring_json/GP_Is_10.5mm_closed_R5_single_refY_002.json,74a99f08131dcddd584a1f376bc4d0ef14007ff37b2a6c60272eff64f8bb488e,,,420.0153503417973,776.317416954584,488.1239111404716,1196.2197534555723,497.866719963044,original_V2_R0,0.0265896328994774,11.16805397773378,True,10.499999858,exact_prior_group_Dxy_gt
GP_Is_10.5mm_closed_R5_single_refY,GP_Is_10.5mm_closed_R5_single_refY_003,photo,photo:GP_Is_10.5mm_closed_R5_single_refY_003,,R5,raw/GP_Is_10.5mm_closed_R5_single_refY_003.jpg,0f11968068d0131f56454b3c0991da511448def687874cd3cb4205e36fe342ec,formal_assets/masks/GP_Is_10.5mm_closed_R5_single_refY_003.png,85c649bdcbd3123e98bb8a6673e24f2068e996b30f255aba114176230694f07d,formal_assets/ring_json/GP_Is_10.5mm_closed_R5_single_refY_003.json,eca4856334e7e13c9e9152599519ba1f940dd18919c27387a75e66c7eeda9ac8,,,406.62551169679466,1013.0634858511784,678.0785456048401,1419.6889975479723,678.0785456048401,original_V2_R0,0.0251213461140839,10.21498021815165,True,10.499999858,exact_prior_group_Dxy_gt
GP_Is_10.5mm_closed_R5_single_refY,GP_Is_10.5mm_closed_R5_single_refY_004-kf01,video_keyframe,video:GP_Is_10.5mm_closed_R5_single_refY_004,29.0,R5,legacy_project/experiments/dxy_remeasurement_20260917/01_inputs/reextracted/gp/GP_Is_10.5mm_closed_R5_single_refY_004-kf01.jpg,a6c1582ca1b1a8cec185e582857dc19ca57d3774c8f01a4b5d2ccfe127b1b874,formal_assets/masks/GP_Is_10.5mm_closed_R5_single_refY_004-kf01.png,a0f0f0cae691bf497b20369f96e046d2dcff4a13fafc7ef3260e13aad62f4983,formal_assets/ring_json/GP_Is_10.5mm_closed_R5_single_refY_004-kf01.json,4b478f7fabd33c9a83cffd1f873ee01e200d77605b4e4d55b37b061d09132c84,raw/GP_Is_10.5mm_closed_R5_single_refY_004.mp4,1efcf78e40d3f0d7f106a4ee8f0766cdd742706682d3389fbd2a2a9c13348831,249.3317565917972,495.627614695994,548.8050200007599,246.68192509892788,562.6747163273651,original_V2_R0,0.0461368095511981,11.503371768941427,True,10.499999858,exact_prior_group_Dxy_gt
GP_Is_10.5mm_closed_R5_single_refY,GP_Is_10.5mm_closed_R5_single_refY_004-kf02,video_keyframe,video:GP_Is_10.5mm_closed_R5_single_refY_004,196.0,R5,legacy_project/experiments/dxy_remeasurement_20260917/01_inputs/reextracted/gp/GP_Is_10.5mm_closed_R5_single_refY_004-kf02.jpg,3f5ebb695e779aa56dc3a89bd41a684f6e1daa35af505a8a16a615361cec5075,formal_assets/masks/GP_Is_10.5mm_closed_R5_single_refY_004-kf02.png,48eb28f706579865af3885b343600af0b8243dac2818f783960d245f48fb2d22,formal_assets/ring_json/GP_Is_10.5mm_closed_R5_single_refY_004-kf02.json,b4790b73c3d0e4afae2108098de05a0bdf0e68a7919dc476e338ad421ad9a4e4,raw/GP_Is_10.5mm_closed_R5_single_refY_004.mp4,1efcf78e40d3f0d7f106a4ee8f0766cdd742706682d3389fbd2a2a9c13348831,246.28063964843795,664.2094537096488,519.4582167840138,417.93071352667937,520.4254807257519,original_V2_R0,0.0452045956993968,11.133016743896471,True,10.499999858,exact_prior_group_Dxy_gt
GP_Is_10.5mm_closed_R5_single_refY,GP_Is_10.5mm_closed_R5_single_refY_004-kf03,video_keyframe,video:GP_Is_10.5mm_closed_R5_single_refY_004,384.0,R5,legacy_project/experiments/dxy_remeasurement_20260917/01_inputs/reextracted/gp/GP_Is_10.5mm_closed_R5_single_refY_004-kf03.jpg,cf4b16ebb37c5a2975ead4e19fdfd0f2576b4be17e35be0ad5e19be51332721c,formal_assets/masks/GP_Is_10.5mm_closed_R5_single_refY_004-kf03.png,511c8a0c6cb425a693baa0c912c085411d0d74b96a3030b27c17769f9cc961ac,formal_assets/ring_json/GP_Is_10.5mm_closed_R5_single_refY_004-kf03.json,6625090246d9216b39c7e4fd57258116f0e6e0172e0f6e614d86bc9a1771cdd3,raw/GP_Is_10.5mm_closed_R5_single_refY_004.mp4,1efcf78e40d3f0d7f106a4ee8f0766cdd742706682d3389fbd2a2a9c13348831,263.4060668945314,785.4493896943341,509.44953890096895,1044.5647399443378,556.7992098783279,original_V2_R0,0.0425773540139109,11.21513335958036,True,10.499999858,exact_prior_group_Dxy_gt
GP_Is_10.5mm_closed_R5_single_refY,GP_Is_10.5mm_closed_R5_single_refY_004-kf04,video_keyframe,video:GP_Is_10.5mm_closed_R5_single_refY_004,689.0,R5,legacy_project/experiments/dxy_remeasurement_20260917/01_inputs/reextracted/gp/GP_Is_10.5mm_closed_R5_single_refY_004-kf04.jpg,701ef51c586366f4a4d4e647388d840b669cfb2ca0104db50f79e6058c44681e,formal_assets/masks/GP_Is_10.5mm_closed_R5_single_refY_004-kf04.png,f58c1a323f43e683940043489b8644cb8c48d34aadbaa364c9e3267e10d2e02a,formal_assets/ring_json/GP_Is_10.5mm_closed_R5_single_refY_004-kf04.json,5b9e4dd37fb3cbd5fd4b00e90be52a8054e2992bf470bcd071c3f0b39f80e825,raw/GP_Is_10.5mm_closed_R5_single_refY_004.mp4,1efcf78e40d3f0d7f106a4ee8f0766cdd742706682d3389fbd2a2a9c13348831,259.1207885742189,574.0030895706678,456.4628060682685,326.47103152308216,533.0882803575128,original_V2_R0,0.0440859560438747,11.423587695137163,True,10.499999858,exact_prior_group_Dxy_gt
GP_Is_10.5mm_closed_R5_single_refY,GP_Is_10.5mm_closed_R5_single_refY_004-kf05,video_keyframe,video:GP_Is_10.5mm_closed_R5_single_refY_004,703.0,R5,legacy_project/experiments/dxy_remeasurement_20260917/01_inputs/reextracted/gp/GP_Is_10.5mm_closed_R5_single_refY_004-kf05.jpg,f14eb36d0461a01b040120adf45f9120e7ce9e378b0188f381133df4c37e3090,formal_assets/masks/GP_Is_10.5mm_closed_R5_single_refY_004-kf05.png,f7711ddeb3af5540b745ab687b6814962ccae3574958f7dd31a241643d668430,formal_assets/ring_json/GP_Is_10.5mm_closed_R5_single_refY_004-kf05.json,ba1130b61af9c30bb40a3f6ad46e82fb5aef5f823260d3c9e048fd923140a07d,raw/GP_Is_10.5mm_closed_R5_single_refY_004.mp4,1efcf78e40d3f0d7f106a4ee8f0766cdd742706682d3389fbd2a2a9c13348831,260.0998229980469,579.361289504943,453.2424672794251,330.0061726532602,527.2285715389343,original_V2_R0,0.0434976155493356,11.313722105219282,True,10.499999858,exact_prior_group_Dxy_gt
GP_Is_10.5mm_closed_R5_single_refY,GP_Is_10.5mm_closed_R5_single_refY_005-kf01,video_keyframe,video:GP_Is_10.5mm_closed_R5_single_refY_005,79.0,R5,legacy_project/experiments/dxy_remeasurement_20260917/01_inputs/reextracted/gp/GP_Is_10.5mm_closed_R5_single_refY_005-kf01.jpg,a7077ff5fffaeaa869d81899738a6de83cb2e14351fddcf6bc93a37bdce8cb70,formal_assets/masks/GP_Is_10.5mm_closed_R5_single_refY_005-kf01.png,2b28ae4663460cd288dd1d11d029ce46713c818669cf7cbdd9b24517889a5b6f,formal_assets/ring_json/GP_Is_10.5mm_closed_R5_single_refY_005-kf01.json,22b61bb23d6b21a616f1ea7936825297eeda31bb8c2d7989f4e42522d95f5e28,raw/GP_Is_10.5mm_closed_R5_single_refY_005.mp4,b80bccff1836e3199f16f184b13bb511a8a0bda3d4ef4a69631046fccf2ff196,266.3922119140629,566.7573541138164,429.7820216418294,303.5828558471211,471.0614842175456,original_V2_R0,0.0408509916818838,10.882386033020014,True,10.499999858,exact_prior_group_Dxy_gt
GP_Is_10.5mm_closed_R5_single_refY,GP_Is_10.5mm_closed_R5_single_refY_005-kf02,video_keyframe,video:GP_Is_10.5mm_closed_R5_single_refY_005,216.0,R5,legacy_project/experiments/dxy_remeasurement_20260917/01_inputs/reextracted/gp/GP_Is_10.5mm_closed_R5_single_refY_005-kf02.jpg,e98ce152500d8e0ffbf5e0b564910f66bff720f910ad81d144b96c0017a12ceb,formal_assets/masks/GP_Is_10.5mm_closed_R5_single_refY_005-kf02.png,1804e1c6e9307963af6f69d528ae472a749f8892023272615471bd249ee7cf7a,formal_assets/ring_json/GP_Is_10.5mm_closed_R5_single_refY_005-kf02.json,d9390bfc8616f7edaaf23c7447fdda09e3518173ba95a2f8dd1a2155157efd6e,raw/GP_Is_10.5mm_closed_R5_single_refY_005.mp4,b80bccff1836e3199f16f184b13bb511a8a0bda3d4ef4a69631046fccf2ff196,259.73486328125045,602.1021035918606,313.14953849273047,350.6280904999363,378.13430550141015,original_V2_R0,0.0419570059768374,10.89769721108447,True,10.499999858,exact_prior_group_Dxy_gt
GP_Is_10.5mm_closed_R5_single_refY,GP_Is_10.5mm_closed_R5_single_refY_005-kf03,video_keyframe,video:GP_Is_10.5mm_closed_R5_single_refY_005,404.0,R5,legacy_project/experiments/dxy_remeasurement_20260917/01_inputs/reextracted/gp/GP_Is_10.5mm_closed_R5_single_refY_005-kf03.jpg,e03f3e83ad198bf56bb1ab1d681227b10800aa4b66d0406a1ee2e259a3a8572e,formal_assets/masks/GP_Is_10.5mm_closed_R5_single_refY_005-kf03.png,353805492f29e7b7304b05f74c3b2f8401b8db42b74c544a842fd123040781ae,formal_assets/ring_json/GP_Is_10.5mm_closed_R5_single_refY_005-kf03.json,a19d5199bf6dbabc604d595643bcdf6ecbdf11aaa4717c5d12e3f873bf9817a6,raw/GP_Is_10.5mm_closed_R5_single_refY_005.mp4,b80bccff1836e3199f16f184b13bb511a8a0bda3d4ef4a69631046fccf2ff196,287.1486511230472,442.3686701940488,296.03525621176146,176.08558395634185,403.4953224015198,original_V2_R0,0.0379728294022431,10.903846742179692,True,10.499999858,exact_prior_group_Dxy_gt
GP_Is_10.5mm_closed_R5_single_refY,GP_Is_10.5mm_closed_R5_single_refY_005-kf04,video_keyframe,video:GP_Is_10.5mm_closed_R5_single_refY_005,562.0,R5,legacy_project/experiments/dxy_remeasurement_20260917/01_inputs/reextracted/gp/GP_Is_10.5mm_closed_R5_single_refY_005-kf04.jpg,dd4a45663452e39b5a0d2a48666459a79835b6d9758494706be8a2ec1a889136,formal_assets/masks/GP_Is_10.5mm_closed_R5_single_refY_005-kf04.png,16991004ddefd40e1635929cba85341ccfd9dbfb216d1e24e7648462f88e6009,formal_assets/ring_json/GP_Is_10.5mm_closed_R5_single_refY_005-kf04.json,d3708049a3a164215801cd9a9380ad118c8262b8b6f6ec9c30f45dce26ea2a1d,raw/GP_Is_10.5mm_closed_R5_single_refY_005.mp4,b80bccff1836e3199f16f184b13bb511a8a0bda3d4ef4a69631046fccf2ff196,321.8072509765627,543.9675191599413,408.55481243971406,259.4846292775587,558.9855012809891,original_V2_R0,0.0325985170500053,10.490439157774814,True,10.499999858,exact_prior_group_Dxy_gt
GP_Is_10.5mm_closed_R5_single_refY,GP_Is_10.5mm_closed_R5_single_refY_005-kf05,video_keyframe,video:GP_Is_10.5mm_closed_R5_single_refY_005,852.0,R5,legacy_project/experiments/dxy_remeasurement_20260917/01_inputs/reextracted/gp/GP_Is_10.5mm_closed_R5_single_refY_005-kf05.jpg,ad45fd79f2f1e4ada3644bdfdfb911e89fa257414cf41d11e0acae22211bcdb0,formal_assets/masks/GP_Is_10.5mm_closed_R5_single_refY_005-kf05.png,1933746c65fcabeae2a1c32754d5d7f150788024991ed66350a8f36bd793b96e,formal_assets/ring_json/GP_Is_10.5mm_closed_R5_single_refY_005-kf05.json,913a91f8ff11e150785ff587f5519f6bda796d2fcbdcf8087154c9a2fe2813cb,raw/GP_Is_10.5mm_closed_R5_single_refY_005.mp4,b80bccff1836e3199f16f184b13bb511a8a0bda3d4ef4a69631046fccf2ff196,340.15334160184926,327.6262242871595,296.06870050707863,667.7795658890078,296.06870050707863,original_V2_R0,0.029575192363304,10.06010051089535,True,10.499999858,exact_prior_group_Dxy_gt
GP_Is_14.0mm_closed_R10_single_refY,GP_Is_14.0mm_closed_R10_single_refY_002,photo,photo:GP_Is_14.0mm_closed_R10_single_refY_002,,R10,raw/GP_Is_14.0mm_closed_R10_single_refY_002.jpg,17e1f58522e673964e8ae726f0fe8e5fe472c2068e8f0335be67a16c98a1eacc,formal_assets/masks/GP_Is_14.0mm_closed_R10_single_refY_002.png,423f209f021050b96f169c0445e29e2526ce4a5a4e08c743d2f0688812a520ee,formal_assets/ring_json/GP_Is_14.0mm_closed_R10_single_refY_002.json,5f83e369b35d1083a805c61a49290d459562004d7bc344e2bb0ba9e5ed7d27c3,,,792.0103754779357,621.3546953612937,444.1612797191178,1413.3650708392288,444.1612797191178,original_V2_R0,0.0180490660511653,14.295047580209491,True,13.99999531,explicit_model_token_01s-14_voxel_meta
GP_Is_14.0mm_closed_R10_single_refY,GP_Is_14.0mm_closed_R10_single_refY_003,photo,photo:GP_Is_14.0mm_closed_R10_single_refY_003,,R10,raw/GP_Is_14.0mm_closed_R10_single_refY_003.jpg,686dfa27bcfe7fdd0448e6810eb79fd3dacf2e235baebfa884ce3c2ced120a7e,formal_assets/masks/GP_Is_14.0mm_closed_R10_single_refY_003.png,0d11cfa2f01b0e840ca6e3d2b224725a4d765d3215e3fb5245a6ffb29c4e8641,formal_assets/ring_json/GP_Is_14.0mm_closed_R10_single_refY_003.json,bf5744135534d84d156762066da47faa5a81b5e87341d3d1ce4eab361769757a,,,819.1070556640659,698.7737397990327,455.1574427870464,1445.7791166462798,791.1921665879536,original_V2_R0,0.0141148963243462,11.56161116923876,True,13.99999531,explicit_model_token_01s-14_voxel_meta
GP_Is_14.0mm_closed_R10_single_refY,GP_Is_14.0mm_closed_R10_single_refY_004-kf01,video_keyframe,video:GP_Is_14.0mm_closed_R10_single_refY_004,200.0,R10,legacy_project/experiments/dxy_remeasurement_20260917/01_inputs/reextracted/gp/GP_Is_14.0mm_closed_R10_single_refY_004-kf01.jpg,701809123f73b88ee6f25cf1c2ff9155937bfa240d205b22fab3bb9e78669853,formal_assets/masks/GP_Is_14.0mm_closed_R10_single_refY_004-kf01.png,ec69c54108e247055681101f645c93b198c82dba7175a86c800544da94a8acb0,formal_assets/ring_json/GP_Is_14.0mm_closed_R10_single_refY_004-kf01.json,8659fb2f77fa02aeeace257d735634711c8c5e9639e007cdd7d010babbe02e6f,raw/GP_Is_14.0mm_closed_R10_single_refY_004.mp4,a6b9b741605d9609d42f6f02510a916c550acfa48d245ab4ab71d558d49f67b0,476.9722070755109,470.5675055359392,385.64107172865,947.53971261145,385.64107172865,original_V2_R0,0.0282812918322407,13.489390184170466,True,13.99999531,explicit_model_token_01s-14_voxel_meta
GP_Is_14.0mm_closed_R10_single_refY,GP_Is_14.0mm_closed_R10_single_refY_004-kf02,video_keyframe,video:GP_Is_14.0mm_closed_R10_single_refY_004,227.0,R10,legacy_project/experiments/dxy_remeasurement_20260917/01_inputs/reextracted/gp/GP_Is_14.0mm_closed_R10_single_refY_004-kf02.jpg,a958d860884e3248f33a784528e8372a918c534631e454561b82f22f37d5c768,formal_assets/masks/GP_Is_14.0mm_closed_R10_single_refY_004-kf02.png,9529552c39cc9ba0e1c95bd162244743fe5e9745ce94d30760e4b5d52840ecae,formal_assets/ring_json/GP_Is_14.0mm_closed_R10_single_refY_004-kf02.json,2e3491bacd9beb17f53fa4aa4d12f3c8710257351d9e27ca4530e687933e036f,raw/GP_Is_14.0mm_closed_R10_single_refY_004.mp4,a6b9b741605d9609d42f6f02510a916c550acfa48d245ab4ab71d558d49f67b0,230.1812438964844,578.1785120795137,574.631811518165,807.404160039627,595.5843139701162,original_V2_R0,0.0282462158363278,6.501749096574509,True,13.99999531,explicit_model_token_01s-14_voxel_meta
GP_Is_14.0mm_closed_R10_single_refY,GP_Is_14.0mm_closed_R10_single_refY_004-kf03,video_keyframe,video:GP_Is_14.0mm_closed_R10_single_refY_004,463.0,R10,legacy_project/experiments/dxy_remeasurement_20260917/01_inputs/reextracted/gp/GP_Is_14.0mm_closed_R10_single_refY_004-kf03.jpg,0fc0893b7d11f9f9574505d41dd395261af31c9e1502e5e17a6459f5d3c728fd,formal_assets/masks/GP_Is_14.0mm_closed_R10_single_refY_004-kf03.png,10eb6ac8e0f5f15a2347844fb5b1aa73d60a75f0c9c40e66ab8bb037cd29e8f8,formal_assets/ring_json/GP_Is_14.0mm_closed_R10_single_refY_004-kf03.json,9c2cf0d9df73a3b8faa1483e8765022fabd9d5da7572bb2c62ea093d2d75bc0b,raw/GP_Is_14.0mm_closed_R10_single_refY_004.mp4,a6b9b741605d9609d42f6f02510a916c550acfa48d245ab4ab71d558d49f67b0,437.144647726362,554.7931015802387,506.4477016433128,991.9377493065992,506.4477016433128,original_V2_R0,0.0264478690933791,11.561544417938142,True,13.99999531,explicit_model_token_01s-14_voxel_meta
GP_Is_14.0mm_closed_R10_single_refY,GP_Is_14.0mm_closed_R10_single_refY_004-kf04,video_keyframe,video:GP_Is_14.0mm_closed_R10_single_refY_004,654.0,R10,legacy_project/experiments/dxy_remeasurement_20260917/01_inputs/reextracted/gp/GP_Is_14.0mm_closed_R10_single_refY_004-kf04.jpg,93b403435e229e76f49096a8562c7bef69d3b2b304ca430315c2545de278e293,formal_assets/masks/GP_Is_14.0mm_closed_R10_single_refY_004-kf04.png,d1d3d0f05de92c2345cd608e49cf20d9bda9fa86b4c3b384504717f8ed4f22a6,formal_assets/ring_json/GP_Is_14.0mm_closed_R10_single_refY_004-kf04.json,74700e525edf5d1ffbd3d3b3ccf387af037a9bd131b2227b44ad9ec9623f4c4a,raw/GP_Is_14.0mm_closed_R10_single_refY_004.mp4,a6b9b741605d9609d42f6f02510a916c550acfa48d245ab4ab71d558d49f67b0,490.631997910816,336.77879373840165,321.16803695609883,827.4107916492171,321.16803695609883,original_V2_R0,0.0278258246716594,13.652239952172328,True,13.99999531,explicit_model_token_01s-14_voxel_meta
GP_Is_14.0mm_closed_R10_single_refY,GP_Is_14.0mm_closed_R10_single_refY_004-kf05,video_keyframe,video:GP_Is_14.0mm_closed_R10_single_refY_004,899.0,R10,legacy_project/experiments/dxy_remeasurement_20260917/01_inputs/reextracted/gp/GP_Is_14.0mm_closed_R10_single_refY_004-kf05.jpg,49b3d03d24d1f5b90b1b564a0fae113dadb4e3f9db75e076b182654f54feba60,formal_assets/masks/GP_Is_14.0mm_closed_R10_single_refY_004-kf05.png,72492ab6abbe0ffa9e9c1fe0f41f872d1f72196b36ec5111f1beac9505b2c501,formal_assets/ring_json/GP_Is_14.0mm_closed_R10_single_refY_004-kf05.json,fa5344ed0ed7a1ad0f9c75e319865ea0b1945723fb8094bde83b98f494bb6384,raw/GP_Is_14.0mm_closed_R10_single_refY_004.mp4,a6b9b741605d9609d42f6f02510a916c550acfa48d245ab4ab71d558d49f67b0,434.47647094726574,730.2663805882022,194.73679133048944,475.0495373805479,546.3532965601355,original_V2_R0,0.0270409264686174,11.748646303229398,True,13.99999531,explicit_model_token_01s-14_voxel_meta
GP_Is_14.0mm_closed_R10_single_refY,GP_Is_14.0mm_closed_R10_single_refY_005-kf01,video_keyframe,video:GP_Is_14.0mm_closed_R10_single_refY_005,218.0,R10,legacy_project/experiments/dxy_remeasurement_20260917/01_inputs/reextracted/gp/GP_Is_14.0mm_closed_R10_single_refY_005-kf01.jpg,4a9e54f229ac1afeece721886ce4ba0d20bbde102ee07808bcb5dbf88698bd6d,formal_assets/masks/GP_Is_14.0mm_closed_R10_single_refY_005-kf01.png,8c6b0da66eef5286cd77065c1048f5a2aab26482f42b7632b331a805090e1f50,formal_assets/ring_json/GP_Is_14.0mm_closed_R10_single_refY_005-kf01.json,2992198ec4df72987396b86a87387aedc24186127550dcc5f45dae7a0fe9f2b6,raw/GP_Is_14.0mm_closed_R10_single_refY_005.mp4,ac688822dd76d3ea4821fc005f79c500ffbe12d2702f4b06eebf59c810452f5a,509.5562744140639,916.1281320599468,434.1057635760447,406.8010671588032,449.38770566223656,original_V2_R0,0.0252526809395279,12.86766201851288,True,13.99999531,explicit_model_token_01s-14_voxel_meta
GP_Is_14.0mm_closed_R10_single_refY,GP_Is_14.0mm_closed_R10_single_refY_005-kf02,video_keyframe,video:GP_Is_14.0mm_closed_R10_single_refY_005,246.0,R10,legacy_project/experiments/dxy_remeasurement_20260917/01_inputs/reextracted/gp/GP_Is_14.0mm_closed_R10_single_refY_005-kf02.jpg,3700723b9badd8e4a513d71f48e61464b4018268257f9d6c4714324487739e0e,formal_assets/masks/GP_Is_14.0mm_closed_R10_single_refY_005-kf02.png,67c7d123f2882d6b6e4a38fdc194b441305e869248180bf62306fe1807687fec,formal_assets/ring_json/GP_Is_14.0mm_closed_R10_single_refY_005-kf02.json,95d17c57db8b179ab1d8ff3ab0a1dc55b0d12149950f06cf58dd64287b9e9cb8,raw/GP_Is_14.0mm_closed_R10_single_refY_005.mp4,ac688822dd76d3ea4821fc005f79c500ffbe12d2702f4b06eebf59c810452f5a,633.0293786631534,332.6701576214314,293.4785726571607,965.6995362845844,293.4785726571607,original_V2_R0,0.0248824617295847,15.751329288288694,True,13.99999531,explicit_model_token_01s-14_voxel_meta
GP_Is_14.0mm_closed_R10_single_refY,GP_Is_14.0mm_closed_R10_single_refY_005-kf03,video_keyframe,video:GP_Is_14.0mm_closed_R10_single_refY_005,596.0,R10,legacy_project/experiments/dxy_remeasurement_20260917/01_inputs/reextracted/gp/GP_Is_14.0mm_closed_R10_single_refY_005-kf03.jpg,d089b5e3f057b168f3f3daebcd5889a8edb5422b5cafb3d95651c287c53f175a,formal_assets/masks/GP_Is_14.0mm_closed_R10_single_refY_005-kf03.png,35aba4599e41fa832575ce2b3cb7b934d50442c9830b8668b54b14649f5f5770,formal_assets/ring_json/GP_Is_14.0mm_closed_R10_single_refY_005-kf03.json,7e967f3f2d90d469a960e83d2b90ce1555f90ed3a1ebdd63ac09e7e7fba816f7,raw/GP_Is_14.0mm_closed_R10_single_refY_005.mp4,ac688822dd76d3ea4821fc005f79c500ffbe12d2702f4b06eebf59c810452f5a,626.1414620166388,278.1710028199305,375.6868355239434,904.3124648365678,375.6868355239434,original_V2_R0,0.0219163481456848,13.722734270004732,True,13.99999531,explicit_model_token_01s-14_voxel_meta
GP_Is_14.0mm_closed_R10_single_refY,GP_Is_14.0mm_closed_R10_single_refY_005-kf04,video_keyframe,video:GP_Is_14.0mm_closed_R10_single_refY_005,700.0,R10,legacy_project/experiments/dxy_remeasurement_20260917/01_inputs/reextracted/gp/GP_Is_14.0mm_closed_R10_single_refY_005-kf04.jpg,9041a42d81b08943fde80b161ae98c89124f1ca9a288c6800627854afd4b4332,formal_assets/masks/GP_Is_14.0mm_closed_R10_single_refY_005-kf04.png,a7b4b4f3d2626aee525ebdc93d5f3f6edadb8f684f393b212c3e6b5bb63dff8d,formal_assets/ring_json/GP_Is_14.0mm_closed_R10_single_refY_005-kf04.json,21cc146c40bbf201cc17c8ba18ee9169ca4e4a94168609283665b981e5ebd1c2,raw/GP_Is_14.0mm_closed_R10_single_refY_005.mp4,ac688822dd76d3ea4821fc005f79c500ffbe12d2702f4b06eebf59c810452f5a,687.5554116715558,228.16771763413453,310.7494451527968,915.7231293056888,310.7494451527968,original_V2_R0,0.0212766744910996,14.628892688729676,True,13.99999531,explicit_model_token_01s-14_voxel_meta
GP_Is_14.0mm_closed_R10_single_refY,GP_Is_14.0mm_closed_R10_single_refY_005-kf05,video_keyframe,video:GP_Is_14.0mm_closed_R10_single_refY_005,1014.0,R10,legacy_project/experiments/dxy_remeasurement_20260917/01_inputs/reextracted/gp/GP_Is_14.0mm_closed_R10_single_refY_005-kf05.jpg,a543ff1d05c48d0833c902adb632ddca03f61c1024ece16612b37315ed3c8d35,formal_assets/masks/GP_Is_14.0mm_closed_R10_single_refY_005-kf05.png,204547b472886bd9b2614754ef7dcc89fb300ac50462ffd9dc531b4066774ac0,formal_assets/ring_json/GP_Is_14.0mm_closed_R10_single_refY_005-kf05.json,40639e21c6a1b6fb2b0c8285760d10137c82c5729ca8f552ecda8110125160ed,raw/GP_Is_14.0mm_closed_R10_single_refY_005.mp4,ac688822dd76d3ea4821fc005f79c500ffbe12d2702f4b06eebf59c810452f5a,535.2007650318875,334.23472621350487,455.101198583945,869.4354912453914,455.101198583945,original_V2_R0,0.0196178506395947,10.499488670592386,True,13.99999531,explicit_model_token_01s-14_voxel_meta
GP_Is_14.0mm_closed_R5_single_refY,GP_Is_14.0mm_closed_R5_single_refY_001,photo,photo:GP_Is_14.0mm_closed_R5_single_refY_001,,R5,raw/GP_Is_14.0mm_closed_R5_single_refY_001.jpg,a347ec4aa2556905fdb08e0b3d294b7559dcafbe7a9cf644faaf8bd2fd187dc9,formal_assets/masks/GP_Is_14.0mm_closed_R5_single_refY_001.png,694e5423a49a28354e7bb0fafb62c801aa2ba2ad04608cef4f4724c306997c5d,formal_assets/ring_json/GP_Is_14.0mm_closed_R5_single_refY_001.json,cbdd731101eb309e69d20b675c0d9eb9187dc1f679805f699fd3f7180b811cd1,,,951.1256322595892,817.1807967574251,427.5164307625688,1768.306429017014,427.5164307625688,original_V2_R0,0.0133150262558112,12.664262766111458,True,13.99999531,explicit_model_token_01s-14_voxel_meta
GP_Is_14.0mm_closed_R5_single_refY,GP_Is_14.0mm_closed_R5_single_refY_002,photo,photo:GP_Is_14.0mm_closed_R5_single_refY_002,,R5,raw/GP_Is_14.0mm_closed_R5_single_refY_002.jpg,1b9204e797fc738193011ee0703685c3305f0aef95934dace3710555a336d4f8,formal_assets/masks/GP_Is_14.0mm_closed_R5_single_refY_002.png,bdb042df1b9639bdc5f71cf4d562a73e0b48df15e800a6311a7c9e9204a0dba6,formal_assets/ring_json/GP_Is_14.0mm_closed_R5_single_refY_002.json,10558d9a5df409f7efa02e549f6a7363413f5d43c8fa2fc29ece31f6d9a6747d,,,944.6627807617188,897.0091582295365,404.9662044868683,1827.8680390360885,565.8683902396942,original_V2_R0,0.0119414620550641,11.280654751297403,True,13.99999531,explicit_model_token_01s-14_voxel_meta
GP_Is_14.0mm_closed_R5_single_refY,GP_Is_14.0mm_closed_R5_single_refY_003,photo,photo:GP_Is_14.0mm_closed_R5_single_refY_003,,R5,raw/GP_Is_14.0mm_closed_R5_single_refY_003.jpg,46710060ce5b24fc3ba7a3202c3635178ce6b79ef74f87f6f02fd2f7a2a592b7,formal_assets/masks/GP_Is_14.0mm_closed_R5_single_refY_003.png,4dba46ca133081480d5ac7d69126624911a3cec941c4425491da6174bcb599b7,formal_assets/ring_json/GP_Is_14.0mm_closed_R5_single_refY_003.json,cb054c593cddc2029e31e00989074b569bed1088c9437341e2ae590515a95ad2,,,819.5465087890644,1079.0797835949245,338.23941448311444,502.5820206042944,920.7398945989167,original_V2_R0,0.0157791063790485,12.931711544760454,True,13.99999531,explicit_model_token_01s-14_voxel_meta
GP_Is_14.0mm_closed_R5_single_refY,GP_Is_14.0mm_closed_R5_single_refY_004-kf01,video_keyframe,video:GP_Is_14.0mm_closed_R5_single_refY_004,11.0,R5,legacy_project/experiments/dxy_remeasurement_20260917/01_inputs/reextracted/gp/GP_Is_14.0mm_closed_R5_single_refY_004-kf01.jpg,a224234db8cfb146c731d7b29785424b4fa5918b54bdc4b40dd0f8cb80ca3a17,formal_assets/masks/GP_Is_14.0mm_closed_R5_single_refY_004-kf01.png,6809bb0b9389bcb12a2ca30351755a9acf50282d32ab1f85dd4d6e6c2e9d4a28,formal_assets/ring_json/GP_Is_14.0mm_closed_R5_single_refY_004-kf01.json,ec453740c98e0c54c77ec5cae13b66249da07ccbe5af363098caa701c21dbc79,raw/GP_Is_14.0mm_closed_R5_single_refY_004.mp4,93f9d7ad694badd626d9e7d156a089079f3aa25d3d7abff5bcb8afee3ae48d38,282.0530395507817,695.5718320761396,391.75161576581087,975.4303346719072,426.8676469295016,original_V2_R0,0.0476698363393324,13.445422234397013,True,13.99999531,explicit_model_token_01s-14_voxel_meta
GP_Is_14.0mm_closed_R5_single_refY,GP_Is_14.0mm_closed_R5_single_refY_004-kf02,video_keyframe,video:GP_Is_14.0mm_closed_R5_single_refY_004,148.0,R5,legacy_project/experiments/dxy_remeasurement_20260917/01_inputs/reextracted/gp/GP_Is_14.0mm_closed_R5_single_refY_004-kf02.jpg,4d950a48cc36bed28d26629169c206df45744ff12347bda1272e6de97d7a81fb,formal_assets/masks/GP_Is_14.0mm_closed_R5_single_refY_004-kf02.png,39ff524ea2725255b84d12acff5901e3de082c8154c1e86efe9bef2d0945bd22,formal_assets/ring_json/GP_Is_14.0mm_closed_R5_single_refY_004-kf02.json,2c89f5ee3063b11d8a85945c83455c856ecc825a24e52b6dc04fffb1e98cd28a,raw/GP_Is_14.0mm_closed_R5_single_refY_004.mp4,93f9d7ad694badd626d9e7d156a089079f3aa25d3d7abff5bcb8afee3ae48d38,303.87289428711,498.8136196727785,291.8014425739986,801.1192721729246,322.6239724650639,original_V2_R0,0.0449323727886818,13.653730166484122,True,13.99999531,explicit_model_token_01s-14_voxel_meta
GP_Is_14.0mm_closed_R5_single_refY,GP_Is_14.0mm_closed_R5_single_refY_004-kf03,video_keyframe,video:GP_Is_14.0mm_closed_R5_single_refY_004,336.0,R5,legacy_project/experiments/dxy_remeasurement_20260917/01_inputs/reextracted/gp/GP_Is_14.0mm_closed_R5_single_refY_004-kf03.jpg,57d2831e6dcf0e3121ef88c3d5d2936df2643c12f47d7fedb44f38d166c15068,formal_assets/masks/GP_Is_14.0mm_closed_R5_single_refY_004-kf03.png,779cf715b8ed1b5b5440f198eadb90570339229c66dad92f9f800f1373d47635,formal_assets/ring_json/GP_Is_14.0mm_closed_R5_single_refY_004-kf03.json,8a6eb9afaf1a231ef6b8b77c7d7ede6895a6c5d2870c4bb7e993851aa4942179,raw/GP_Is_14.0mm_closed_R5_single_refY_004.mp4,93f9d7ad694badd626d9e7d156a089079f3aa25d3d7abff5bcb8afee3ae48d38,411.1252441406258,578.6940905435905,372.6341122340283,171.16311770836265,426.8786746312061,original_V2_R0,0.0317891670419446,13.06932906114661,True,13.99999531,explicit_model_token_01s-14_voxel_meta
GP_Is_14.0mm_closed_R5_single_refY,GP_Is_14.0mm_closed_R5_single_refY_004-kf04,video_keyframe,video:GP_Is_14.0mm_closed_R5_single_refY_004,396.0,R5,legacy_project/experiments/dxy_remeasurement_20260917/01_inputs/reextracted/gp/GP_Is_14.0mm_closed_R5_single_refY_004-kf04.jpg,c6eb969bf7c335f2b04e42ec86d418fa989cea26c2ffea386d9e8f114901e55d,formal_assets/masks/GP_Is_14.0mm_closed_R5_single_refY_004-kf04.png,fe7b2728c426c4c0165d1223a59c7650b16e46bcc742d8147ba316211c33f015,formal_assets/ring_json/GP_Is_14.0mm_closed_R5_single_refY_004-kf04.json,c52e7945d081e8c1ead2cb7c5334bc01d7ac1d5f0d5155e53f286deb31d03cdc,raw/GP_Is_14.0mm_closed_R5_single_refY_004.mp4,93f9d7ad694badd626d9e7d156a089079f3aa25d3d7abff5bcb8afee3ae48d38,387.8639831542978,427.7880609981926,262.17339342431904,811.3771916873543,319.600288216306,original_V2_R0,0.034372249108176,13.331757449068904,True,13.99999531,explicit_model_token_01s-14_voxel_meta
GP_Is_14.0mm_closed_R5_single_refY,GP_Is_14.0mm_closed_R5_single_refY_004-kf05,video_keyframe,video:GP_Is_14.0mm_closed_R5_single_refY_004,618.0,R5,legacy_project/experiments/dxy_remeasurement_20260917/01_inputs/reextracted/gp/GP_Is_14.0mm_closed_R5_single_refY_004-kf05.jpg,05b3854786b58fbc0ea71f1dd27199ce9967d6e96b6e0d941b6299dbd7ea2d3a,formal_assets/masks/GP_Is_14.0mm_closed_R5_single_refY_004-kf05.png,e2dbb933786f930a1a47598657c6b421e88d48bc1a55263509481cde0602e2c1,formal_assets/ring_json/GP_Is_14.0mm_closed_R5_single_refY_004-kf05.json,089615853728b605ac6c45681c17bdbccaf34380c729380c9c8fa52f9e2ed9b6,raw/GP_Is_14.0mm_closed_R5_single_refY_004.mp4,93f9d7ad694badd626d9e7d156a089079f3aa25d3d7abff5bcb8afee3ae48d38,366.27844238281295,600.2484197082375,244.20114979074827,959.358910614028,316.3090735979236,original_V2_R0,0.0370002933555973,13.552409817995322,True,13.99999531,explicit_model_token_01s-14_voxel_meta
GP_Is_14.0mm_closed_R5_single_refY,GP_Is_14.0mm_closed_R5_single_refY_005-kf03,video_keyframe,video:GP_Is_14.0mm_closed_R5_single_refY_005,332.0,R5,legacy_project/experiments/dxy_remeasurement_20260917/01_inputs/reextracted/gp/GP_Is_14.0mm_closed_R5_single_refY_005-kf03.jpg,5feb898324e08b40ad6d22a1a912ccfdb6d3cfb0e31b8182f505776d3945f4c0,formal_assets/masks/GP_Is_14.0mm_closed_R5_single_refY_005-kf03.png,47610bb8fdcba3431a01dcf097700a106f1e59e9d08a5db5002ddadd5cf45143,formal_assets/ring_json/GP_Is_14.0mm_closed_R5_single_refY_005-kf03.json,99dc9e4ef1113750a1faaeded38cf5160f842b7ae09114bb4bb85877a1404aed,raw/GP_Is_14.0mm_closed_R5_single_refY_005.mp4,4b2220cb5214a9e54e9ba67b0b0666c04958c6f19036bb0028a882b60401b557,361.0434875488284,1179.204449957807,343.6352266569449,885.10093944649,553.0523343782113,original_V2_R0,0.038840820555006,14.023225312437583,True,13.99999531,explicit_model_token_01s-14_voxel_meta
GP_Is_14.0mm_closed_R5_single_refY,GP_Is_14.0mm_closed_R5_single_refY_005-kf04,video_keyframe,video:GP_Is_14.0mm_closed_R5_single_refY_005,412.0,R5,legacy_project/experiments/dxy_remeasurement_20260917/01_inputs/reextracted/gp/GP_Is_14.0mm_closed_R5_single_refY_005-kf04.jpg,4462fd549c5ede088f1ecaeb4a948010237763c1c10fd9bf64f4116ba6d01a40,formal_assets/masks/GP_Is_14.0mm_closed_R5_single_refY_005-kf04.png,cb0114111e1f6b707e6d30c03fba5c3327a39c9a23959174575108db1e1101ef,formal_assets/ring_json/GP_Is_14.0mm_closed_R5_single_refY_005-kf04.json,1f2d7177d2b35790414905a8925b201c14dde29a2231df51b78636942db3caff,raw/GP_Is_14.0mm_closed_R5_single_refY_005.mp4,4b2220cb5214a9e54e9ba67b0b0666c04958c6f19036bb0028a882b60401b557,318.1779887999498,892.1814453619613,593.7374956670574,1210.359434161911,593.7374956670574,original_V2_R0,0.0369707956889669,11.763293416649342,True,13.99999531,explicit_model_token_01s-14_voxel_meta
GP_Is_14.0mm_closed_R5_single_refY,GP_Is_14.0mm_closed_R5_single_refY_005-kf05,video_keyframe,video:GP_Is_14.0mm_closed_R5_single_refY_005,570.0,R5,legacy_project/experiments/dxy_remeasurement_20260917/01_inputs/reextracted/gp/GP_Is_14.0mm_closed_R5_single_refY_005-kf05.jpg,5a279ea56e224e53bea842517bcadbf06d9f39f8af84370d15caded9f3b3c376,formal_assets/masks/GP_Is_14.0mm_closed_R5_single_refY_005-kf05.png,4104ddb99b2e8acbf80a6cff257eefa3cc95d8388722161a5d1f983291224743,formal_assets/ring_json/GP_Is_14.0mm_closed_R5_single_refY_005-kf05.json,92d4f9b4d2f028da74e48ad26e0f24cd4b23352e9bd577bc659539dc22c7c51d,raw/GP_Is_14.0mm_closed_R5_single_refY_005.mp4,4b2220cb5214a9e54e9ba67b0b0666c04958c6f19036bb0028a882b60401b557,357.1012268066412,1087.7936821488086,420.5066739185757,815.7765387984571,651.867776765018,original_V2_R0,0.0389351021428564,13.903772741055905,True,13.99999531,explicit_model_token_01s-14_voxel_meta
GP_Is_18.0mm_closed_R10_single_refY,GP_Is_18.0mm_closed_R10_single_refY_001,photo,photo:GP_Is_18.0mm_closed_R10_single_refY_001,,R10,raw/GP_Is_18.0mm_closed_R10_single_refY_001.jpg,bf869862e326442f47da64ec5f9296fd94c81ae9f83e5a1b4278358ac694caf6,formal_assets/masks/GP_Is_18.0mm_closed_R10_single_refY_001.png,e6345b2805cee689061defbb243f00a0824f4af5a68943d7b9c2671a018a70b9,formal_assets/ring_json/GP_Is_18.0mm_closed_R10_single_refY_001.json,3b12aa808f7038bbdb763bdca09c37e4b87a6fae466cae33ecf6f3b8f28fd294,,,638.8054199218758,739.2144875399588,677.3891817559836,1374.4085593350412,745.2187894354227,original_V2_R0,0.0267366676490564,17.079528204867106,True,18.000001088,exact_prior_group_Dxy_gt
GP_Is_18.0mm_closed_R10_single_refY,GP_Is_18.0mm_closed_R10_single_refY_002,photo,photo:GP_Is_18.0mm_closed_R10_single_refY_002,,R10,raw/GP_Is_18.0mm_closed_R10_single_refY_002.jpg,2f143a7d95107415021d38aecb76c36fa4eea01e2e962d644cc251231d72e826,formal_assets/masks/GP_Is_18.0mm_closed_R10_single_refY_002.png,642ede8e3725b58203cbe68945517586f652f36a3f86f6e2365fd90090b395f1,formal_assets/ring_json/GP_Is_18.0mm_closed_R10_single_refY_002.json,ec47b9de0f37c3dc0445de4da75bdd64f145fd43680c81186a16eaaf54613b15,,,632.7078857421882,1329.926657628309,560.9058847958755,705.7914209849723,664.706053680687,original_V2_R0,0.0259690197709451,16.430803594071758,True,18.000001088,exact_prior_group_Dxy_gt
GP_Is_18.0mm_closed_R10_single_refY,GP_Is_18.0mm_closed_R10_single_refY_003,photo,photo:GP_Is_18.0mm_closed_R10_single_refY_003,,R10,raw/GP_Is_18.0mm_closed_R10_single_refY_003.jpg,4f423346d07715568b62ed87d60f2404c7904a9a6f2c98783f588eb448807cc0,formal_assets/masks/GP_Is_18.0mm_closed_R10_single_refY_003.png,9e0520f41bf27da903588da05f7eb41e9e232066976fc562483ce0add5afe3c8,formal_assets/ring_json/GP_Is_18.0mm_closed_R10_single_refY_003.json,bfc40fc8e1a4228bc57d490a852c0a6eacdf8a53986187c7f554ec6c31239a6a,,,651.8298614861767,479.59643443782704,631.414191849432,1131.4262959240027,631.414191849432,original_V2_R0,0.0235283609087427,15.336488232142528,True,18.000001088,exact_prior_group_Dxy_gt
GP_Is_18.0mm_closed_R10_single_refY,GP_Is_18.0mm_closed_R10_single_refY_004-kf01,video_keyframe,video:GP_Is_18.0mm_closed_R10_single_refY_004,113.0,R10,legacy_project/experiments/dxy_remeasurement_20260917/01_inputs/reextracted/gp/GP_Is_18.0mm_closed_R10_single_refY_004-kf01.jpg,a7f52b5adc02b94d3b420bce286e25a736f063d1532dbabedb2ec5f4e1083252,formal_assets/masks/GP_Is_18.0mm_closed_R10_single_refY_004-kf01.png,efedfc3949a8b678ca1bbcb6518996a16f34213d1cfb2f004a565849e5b890c0,formal_assets/ring_json/GP_Is_18.0mm_closed_R10_single_refY_004-kf01.json,f8cc10599ffda5c61e2d2681b7534cc0e7ba719188c00f81310f8377c76f7396,raw/GP_Is_18.0mm_closed_R10_single_refY_004.mp4,9790008627f87abbdd4545b3be9e3fe186015007ab54f3a4a89a7cd4e56bab72,440.8645935058602,408.0679980763284,417.5678319622017,844.6525219432028,478.8503198932671,original_V2_R0,0.0378197373831968,16.673383147941443,True,18.000001088,exact_prior_group_Dxy_gt
GP_Is_18.0mm_closed_R10_single_refY,GP_Is_18.0mm_closed_R10_single_refY_004-kf02,video_keyframe,video:GP_Is_18.0mm_closed_R10_single_refY_004,323.0,R10,legacy_project/experiments/dxy_remeasurement_20260917/01_inputs/reextracted/gp/GP_Is_18.0mm_closed_R10_single_refY_004-kf02.jpg,d9815c91bf848629778dfc4372412804e40dea150f74bfaa8b900ac0352d4c13,formal_assets/masks/GP_Is_18.0mm_closed_R10_single_refY_004-kf02.png,15a834e7daae3aa028dfd5472aa8fa25986494e547e6be6a7dec47db43335109,formal_assets/ring_json/GP_Is_18.0mm_closed_R10_single_refY_004-kf02.json,24c7e4895282db3522b4f25e3c4e4bf9344b95aee7752ac481d42e1073487932,raw/GP_Is_18.0mm_closed_R10_single_refY_004.mp4,9790008627f87abbdd4545b3be9e3fe186015007ab54f3a4a89a7cd4e56bab72,454.9721984863284,820.5028299155853,381.080166049301,365.55820524066473,386.0891454741365,original_V2_R0,0.0371647454825122,16.90892595836342,True,18.000001088,exact_prior_group_Dxy_gt
GP_Is_18.0mm_closed_R10_single_refY,GP_Is_18.0mm_closed_R10_single_refY_004-kf03,video_keyframe,video:GP_Is_18.0mm_closed_R10_single_refY_004,388.0,R10,legacy_project/experiments/dxy_remeasurement_20260917/01_inputs/reextracted/gp/GP_Is_18.0mm_closed_R10_single_refY_004-kf03.jpg,efb39e66a7efe06d65cc62232091dbae150c975cee2d17603ce445336e451ea5,formal_assets/masks/GP_Is_18.0mm_closed_R10_single_refY_004-kf03.png,7d9968d3dcbc714b7cdf5524cb70bab1b586002dded6d0b2c01014e4e9230ba2,formal_assets/ring_json/GP_Is_18.0mm_closed_R10_single_refY_004-kf03.json,fe742ef4195bda1de1f05995032c7690f120f2eb90c0c7b3e58c13f0fdf883a3,raw/GP_Is_18.0mm_closed_R10_single_refY_004.mp4,9790008627f87abbdd4545b3be9e3fe186015007ab54f3a4a89a7cd4e56bab72,463.17431640625074,812.3030224897483,365.3155250156801,351.66493405322046,413.7200584804136,original_V2_R0,0.0364127769642958,16.86546307889098,True,18.000001088,exact_prior_group_Dxy_gt
GP_Is_18.0mm_closed_R10_single_refY,GP_Is_18.0mm_closed_R10_single_refY_004-kf04,video_keyframe,video:GP_Is_18.0mm_closed_R10_single_refY_004,695.0,R10,legacy_project/experiments/dxy_remeasurement_20260917/01_inputs/reextracted/gp/GP_Is_18.0mm_closed_R10_single_refY_004-kf04.jpg,96b5e2be73046636e1bf2d2bad5154cdbfb4851ba7ccf80a00ca3fa44550f63a,formal_assets/masks/GP_Is_18.0mm_closed_R10_single_refY_004-kf04.png,8bd651dfd8ac92cce0b3efa555326cafcb8cb213eea0f1ab8f7982470debd712,formal_assets/ring_json/GP_Is_18.0mm_closed_R10_single_refY_004-kf04.json,97553ad1294e8dc798050522a458e7f17b9232f5070c27d3f1aa30024f0bb96d,raw/GP_Is_18.0mm_closed_R10_single_refY_004.mp4,9790008627f87abbdd4545b3be9e3fe186015007ab54f3a4a89a7cd4e56bab72,498.4212951660169,789.4077049532758,340.1197025504797,355.1698096951617,584.785265711239,original_V2_R0,0.0340705158197905,16.98147062187425,True,18.000001088,exact_prior_group_Dxy_gt
GP_Is_18.0mm_closed_R10_single_refY,GP_Is_18.0mm_closed_R10_single_refY_004-kf05,video_keyframe,video:GP_Is_18.0mm_closed_R10_single_refY_004,875.0,R10,legacy_project/experiments/dxy_remeasurement_20260917/01_inputs/reextracted/gp/GP_Is_18.0mm_closed_R10_single_refY_004-kf05.jpg,1cf1dacbd89886b18a03c754855642ca8b6ad1b37bbb5864d7cc914b9bae548a,formal_assets/masks/GP_Is_18.0mm_closed_R10_single_refY_004-kf05.png,0ce8c72102e408632a5731092f1a452fc124cea7e0d969012683786128eea7d9,formal_assets/ring_json/GP_Is_18.0mm_closed_R10_single_refY_004-kf05.json,957118f2aec359e6cf0c44bb5021153b62873f3a3102617e588c74a22bd3a6fb,raw/GP_Is_18.0mm_closed_R10_single_refY_004.mp4,9790008627f87abbdd4545b3be9e3fe186015007ab54f3a4a89a7cd4e56bab72,492.80160522461006,787.4332108356724,253.6609620063668,370.8474288127651,516.928332427227,original_V2_R0,0.0349213071660828,17.20927622798728,True,18.000001088,exact_prior_group_Dxy_gt
GP_Is_18.0mm_closed_R10_single_refY,GP_Is_18.0mm_closed_R10_single_refY_005-kf01,video_keyframe,video:GP_Is_18.0mm_closed_R10_single_refY_005,124.0,R10,legacy_project/experiments/dxy_remeasurement_20260917/01_inputs/reextracted/gp/GP_Is_18.0mm_closed_R10_single_refY_005-kf01.jpg,7d21d9d5c81e4917a1b0ec28fed6d6ef60e0bb2827e20ae292cc9c1fdb569743,formal_assets/masks/GP_Is_18.0mm_closed_R10_single_refY_005-kf01.png,64217d38d06ac2300e8adcffdfb369f4a8682b50978018f9c998ea189b41ee25,formal_assets/ring_json/GP_Is_18.0mm_closed_R10_single_refY_005-kf01.json,9a01794a88ef4deab4bf1532967b782a85580b5aaade3b3577ab6244611d3407,raw/GP_Is_18.0mm_closed_R10_single_refY_005.mp4,80c5695300c68d5495431841af737a6a0f169c02d1410aa5fe8fcbdb8d3939ae,414.6119995117189,981.7504390027592,340.0503994308568,567.476398155444,356.78746067656505,original_V2_R0,0.0390466599722045,16.189213765329907,True,18.000001088,exact_prior_group_Dxy_gt
GP_Is_18.0mm_closed_R10_single_refY,GP_Is_18.0mm_closed_R10_single_refY_005-kf02,video_keyframe,video:GP_Is_18.0mm_closed_R10_single_refY_005,309.0,R10,legacy_project/experiments/dxy_remeasurement_20260917/01_inputs/reextracted/gp/GP_Is_18.0mm_closed_R10_single_refY_005-kf02.jpg,c5480288673cc71c1ce23163e772b8a7ae5b4b968035fe6e981f0c193259be51,formal_assets/masks/GP_Is_18.0mm_closed_R10_single_refY_005-kf02.png,e36e28d840151d28ecfc44566fb2654456186910bf3264e09b329f38eacc5bc2,formal_assets/ring_json/GP_Is_18.0mm_closed_R10_single_refY_005-kf02.json,a4926bc72b97eeee3d043dfaa20df92ae5d11675ab2b862b454c8bb231e5b5e8,raw/GP_Is_18.0mm_closed_R10_single_refY_005.mp4,80c5695300c68d5495431841af737a6a0f169c02d1410aa5fe8fcbdb8d3939ae,372.7390656305834,409.871507075487,253.6719264087318,782.6105727060699,253.6719264087318,original_V2_R0,0.0356282501753795,13.280040680423625,True,18.000001088,exact_prior_group_Dxy_gt
GP_Is_18.0mm_closed_R10_single_refY,GP_Is_18.0mm_closed_R10_single_refY_005-kf03,video_keyframe,video:GP_Is_18.0mm_closed_R10_single_refY_005,461.0,R10,legacy_project/experiments/dxy_remeasurement_20260917/01_inputs/reextracted/gp/GP_Is_18.0mm_closed_R10_single_refY_005-kf03.jpg,90bd0cc1470d36b8a1cf42044020b9a07ee22ec0e5c24475239f13dd9c46cdde,formal_assets/masks/GP_Is_18.0mm_closed_R10_single_refY_005-kf03.png,2d17c9e623fb7dc33ec68d6ae4769a5eb5c32bb9dadc2cfa9bf761bfbc01f4f9,formal_assets/ring_json/GP_Is_18.0mm_closed_R10_single_refY_005-kf03.json,c71da87b804198e52160adbb591eaa3549bcf94ac0e9284c6ed590f640344e1e,raw/GP_Is_18.0mm_closed_R10_single_refY_005.mp4,80c5695300c68d5495431841af737a6a0f169c02d1410aa5fe8fcbdb8d3939ae,431.5685355014273,274.6330095484416,257.46024522570644,706.2015450498689,257.46024522570644,original_V2_R0,0.0307632454322664,13.276448778474183,True,18.000001088,exact_prior_group_Dxy_gt
GP_Is_18.0mm_closed_R10_single_refY,GP_Is_18.0mm_closed_R10_single_refY_005-kf04,video_keyframe,video:GP_Is_18.0mm_closed_R10_single_refY_005,495.0,R10,legacy_project/experiments/dxy_remeasurement_20260917/01_inputs/reextracted/gp/GP_Is_18.0mm_closed_R10_single_refY_005-kf04.jpg,b2683c65d5e059bb9849eed54c580f092f8e615194ec19ece3d8583626af74ae,formal_assets/masks/GP_Is_18.0mm_closed_R10_single_refY_005-kf04.png,09ceaaac22fe421fe399ae90073d258a9e5ac0db7b083f8f9d53765bbd322e03,formal_assets/ring_json/GP_Is_18.0mm_closed_R10_single_refY_005-kf04.json,4bf9fee1f6c7d418d27c02e036530ac6aee75a8fea335227a7e4788b6211ea9f,raw/GP_Is_18.0mm_closed_R10_single_refY_005.mp4,80c5695300c68d5495431841af737a6a0f169c02d1410aa5fe8fcbdb8d3939ae,533.129760742189,707.0429214789478,159.5048958030952,203.18657070855213,333.7349723609673,original_V2_R0,0.0294407506241379,15.69574033631709,True,18.000001088,exact_prior_group_Dxy_gt
GP_Is_18.0mm_closed_R10_single_refY,GP_Is_18.0mm_closed_R10_single_refY_005-kf05,video_keyframe,video:GP_Is_18.0mm_closed_R10_single_refY_005,818.0,R10,legacy_project/experiments/dxy_remeasurement_20260917/01_inputs/reextracted/gp/GP_Is_18.0mm_closed_R10_single_refY_005-kf05.jpg,17b97b7d644a30bb258c1ba78b8e8376ffd5925d23830d39ea499584188102c6,formal_assets/masks/GP_Is_18.0mm_closed_R10_single_refY_005-kf05.png,72d7e8c8cf8930ccf337fd4cb70a1f13ddd9b5c239be7d80e03f0505d2951ff2,formal_assets/ring_json/GP_Is_18.0mm_closed_R10_single_refY_005-kf05.json,3f6d59772f79c617b3d9d10e452d5f99a8a1ea146814d5ad4d270fa9211d1269,raw/GP_Is_18.0mm_closed_R10_single_refY_005.mp4,80c5695300c68d5495431841af737a6a0f169c02d1410aa5fe8fcbdb8d3939ae,464.378253195392,442.2541733366278,423.6728430668843,906.6324265320192,423.6728430668843,original_V2_R0,0.0328298974887252,15.245490448397994,True,18.000001088,exact_prior_group_Dxy_gt
GP_Is_18.0mm_closed_R5_single_refY,GP_Is_18.0mm_closed_R5_single_refY_002,photo,photo:GP_Is_18.0mm_closed_R5_single_refY_002,,R5,raw/GP_Is_18.0mm_closed_R5_single_refY_002.jpg,58c8f90b506c447b963b25cf38bce00779c2a1bc71d4b70e14470d3d289a6f11,formal_assets/masks/GP_Is_18.0mm_closed_R5_single_refY_002.png,79f28bd5afe0f604a72c8896b99da8a669e5c92e08088fa033025e14b3227a44,formal_assets/ring_json/GP_Is_18.0mm_closed_R5_single_refY_002.json,a40bca0d4412ce37aaac302d8c976c7921e9f51d071ffe0d0c60a2c78a0c774a,,,581.7002563476568,877.142512085947,647.2350071851267,1458.7842457265529,655.4861842211233,original_V2_R0,0.0305179113447597,17.75227685244178,True,18.000001088,exact_prior_group_Dxy_gt
GP_Is_18.0mm_closed_R5_single_refY,GP_Is_18.0mm_closed_R5_single_refY_004-kf01,video_keyframe,video:GP_Is_18.0mm_closed_R5_single_refY_004,72.0,R5,legacy_project/experiments/dxy_remeasurement_20260917/01_inputs/reextracted/gp/GP_Is_18.0mm_closed_R5_single_refY_004-kf01.jpg,d3de00d293b3f0c1f9a7f9fbd8a233eb0754f9f39a1a8406d4449a8af96a75a1,formal_assets/masks/GP_Is_18.0mm_closed_R5_single_refY_004-kf01.png,635d9a6dee66b417c0e5462c473580e63f3a8a2894c5b6933581f7fd1ac8b3e8,formal_assets/ring_json/GP_Is_18.0mm_closed_R5_single_refY_004-kf01.json,3e53f5bd757681b6d7b560264240ed9fe36720950281de220f2127991aada24e,raw/GP_Is_18.0mm_closed_R5_single_refY_004.mp4,598122fac5b6a71557ec1ed97fbe8d7cf05500acd93be88997c1bc0084162fc5,465.5652465820316,228.97822972056724,337.7701803020218,680.7889821934953,450.10024206125945,original_V2_R0,0.0425446747973892,19.80732201279885,True,18.000001088,exact_prior_group_Dxy_gt
GP_Is_18.0mm_closed_R5_single_refY,GP_Is_18.0mm_closed_R5_single_refY_004-kf02,video_keyframe,video:GP_Is_18.0mm_closed_R5_single_refY_004,378.0,R5,legacy_project/experiments/dxy_remeasurement_20260917/01_inputs/reextracted/gp/GP_Is_18.0mm_closed_R5_single_refY_004-kf02.jpg,2535499d33cbd048754990c592ffa3b798dc3cae46ac4b3e5fd806b8ee919c7f,formal_assets/masks/GP_Is_18.0mm_closed_R5_single_refY_004-kf02.png,a3a3fad67ea68dcd37891e9fc5c8b717cb3f5aa30872793e09b4940bebb2bd94,formal_assets/ring_json/GP_Is_18.0mm_closed_R5_single_refY_004-kf02.json,088bf33b6dfb6b35c9e19539d20951b46dbf65120337f7060ee50677e2e97ce6,raw/GP_Is_18.0mm_closed_R5_single_refY_004.mp4,598122fac5b6a71557ec1ed97fbe8d7cf05500acd93be88997c1bc0084162fc5,448.44406127929744,411.1273673279211,448.2662293704296,847.5061165587977,551.5893309323047,original_V2_R0,0.0420093515934528,18.8388442402779,True,18.000001088,exact_prior_group_Dxy_gt
GP_Is_18.0mm_closed_R5_single_refY,GP_Is_18.0mm_closed_R5_single_refY_004-kf03,video_keyframe,video:GP_Is_18.0mm_closed_R5_single_refY_004,466.0,R5,legacy_project/experiments/dxy_remeasurement_20260917/01_inputs/reextracted/gp/GP_Is_18.0mm_closed_R5_single_refY_004-kf03.jpg,5f7e4f2356ac00900daba06ef11ab568c04b38e3ba0ef4f79d08a00c846fd89a,formal_assets/masks/GP_Is_18.0mm_closed_R5_single_refY_004-kf03.png,57e8bad0042fcae876a942f8b8d6323982cea42eec58d4f0c94b768310354eda,formal_assets/ring_json/GP_Is_18.0mm_closed_R5_single_refY_004-kf03.json,cef39eb5a9d054be766eac6bf17dddd193d24a99c2d16a38428ee8932ee12f7a,raw/GP_Is_18.0mm_closed_R5_single_refY_004.mp4,598122fac5b6a71557ec1ed97fbe8d7cf05500acd93be88997c1bc0084162fc5,433.6053771972661,484.6491610400578,467.1154372249849,910.7216275341608,547.5882676089994,original_V2_R0,0.0425741123204034,18.46036403152729,True,18.000001088,exact_prior_group_Dxy_gt
GP_Is_18.0mm_closed_R5_single_refY,GP_Is_18.0mm_closed_R5_single_refY_004-kf04,video_keyframe,video:GP_Is_18.0mm_closed_R5_single_refY_004,675.0,R5,legacy_project/experiments/dxy_remeasurement_20260917/01_inputs/reextracted/gp/GP_Is_18.0mm_closed_R5_single_refY_004-kf04.jpg,204b34c74dc987a63b92d8c19834e169ba33d82485e11996e3bd024d86669a68,formal_assets/masks/GP_Is_18.0mm_closed_R5_single_refY_004-kf04.png,a8753f564c67ed105e179d1d61e00850f874e40d3ec59083b10e0fbd339c0636,formal_assets/ring_json/GP_Is_18.0mm_closed_R5_single_refY_004-kf04.json,227e28ec8eecb1ecbe3b47fbf7350367bded21e6687d6804c2cfcf7ce8a097ff,raw/GP_Is_18.0mm_closed_R5_single_refY_004.mp4,598122fac5b6a71557ec1ed97fbe8d7cf05500acd93be88997c1bc0084162fc5,438.5373229980473,886.4252274788926,392.8228974572537,449.4653364859511,429.9852080114964,original_V2_R0,0.0412681206853243,18.09761117050246,True,18.000001088,exact_prior_group_Dxy_gt
GP_Is_18.0mm_closed_R5_single_refY,GP_Is_18.0mm_closed_R5_single_refY_004-kf05,video_keyframe,video:GP_Is_18.0mm_closed_R5_single_refY_004,894.0,R5,legacy_project/experiments/dxy_remeasurement_20260917/01_inputs/reextracted/gp/GP_Is_18.0mm_closed_R5_single_refY_004-kf05.jpg,166061098cae951346197647715ee1a0db3fcc0191f71e696f14bb8a41f554fb,formal_assets/masks/GP_Is_18.0mm_closed_R5_single_refY_004-kf05.png,8266dd13242a3b749b11428b4d7ad5aba76c6f730d60e29c5bd761c45794d472,formal_assets/ring_json/GP_Is_18.0mm_closed_R5_single_refY_004-kf05.json,f263754dc0e97cc31f72cea5f132a8c7d9a11749bb899aadc100be4de214d644,raw/GP_Is_18.0mm_closed_R5_single_refY_004.mp4,598122fac5b6a71557ec1ed97fbe8d7cf05500acd93be88997c1bc0084162fc5,472.8662719726565,810.9963336910885,221.38612924203065,374.91962089875534,404.2511388243756,original_V2_R0,0.0374134013004034,17.691535594738696,True,18.000001088,exact_prior_group_Dxy_gt
GP_Is_18.0mm_closed_R5_single_refY,GP_Is_18.0mm_closed_R5_single_refY_005-kf01,video_keyframe,video:GP_Is_18.0mm_closed_R5_single_refY_005,93.0,R5,legacy_project/experiments/dxy_remeasurement_20260917/01_inputs/reextracted/gp/GP_Is_18.0mm_closed_R5_single_refY_005-kf01.jpg,fcb7ebc5147f7edf824fd4dd5e4ed53b363090e62413cfe173dc31ebcf5c7f48,formal_assets/masks/GP_Is_18.0mm_closed_R5_single_refY_005-kf01.png,6e21326a243e44d7b1c1d32f9a67d2cb4942452ab36b40e20689d9c0c2994979,formal_assets/ring_json/GP_Is_18.0mm_closed_R5_single_refY_005-kf01.json,8d7162b11da84b37efe900f3b46acdb90b0c4542ffa08e8dab7c07191f984164,raw/GP_Is_18.0mm_closed_R5_single_refY_005.mp4,ac283555e8acf7de3cfdabe32744152b1f4eb28daa83316e936c3aacd5e398d8,471.0491426685946,363.4169067190385,341.0872980639234,834.4660493876329,341.0872980639234,original_V2_R0,0.0335123186509328,15.78594896935865,True,18.000001088,exact_prior_group_Dxy_gt
GP_Is_18.0mm_closed_R5_single_refY,GP_Is_18.0mm_closed_R5_single_refY_005-kf02,video_keyframe,video:GP_Is_18.0mm_closed_R5_single_refY_005,364.0,R5,legacy_project/experiments/dxy_remeasurement_20260917/01_inputs/reextracted/gp/GP_Is_18.0mm_closed_R5_single_refY_005-kf02.jpg,0bb7f7358d7d34c913de5c466c2ca133e93710e7aab9f958043b294a4069bd08,formal_assets/masks/GP_Is_18.0mm_closed_R5_single_refY_005-kf02.png,d91d535fcabc68883a160eaba3ffdee62bf63981a71f8eea36183196b16bd7c2,formal_assets/ring_json/GP_Is_18.0mm_closed_R5_single_refY_005-kf02.json,2cdc472828ea322186e0ff9ea0397653f88b79fc7f50366cceff1cdfee7d4f26,raw/GP_Is_18.0mm_closed_R5_single_refY_005.mp4,ac283555e8acf7de3cfdabe32744152b1f4eb28daa83316e936c3aacd5e398d8,378.0398269273906,400.0251569267082,423.4502017153179,778.064983854098,423.4502017153179,original_V2_R0,0.0426545784257885,16.125129445745895,True,18.000001088,exact_prior_group_Dxy_gt
GP_Is_18.0mm_closed_R5_single_refY,GP_Is_18.0mm_closed_R5_single_refY_005-kf03,video_keyframe,video:GP_Is_18.0mm_closed_R5_single_refY_005,519.0,R5,legacy_project/experiments/dxy_remeasurement_20260917/01_inputs/reextracted/gp/GP_Is_18.0mm_closed_R5_single_refY_005-kf03.jpg,c36beb04a30a46b250fb6c9aa5b822c288e1097c8e016205028c7fcfc658b0a5,formal_assets/masks/GP_Is_18.0mm_closed_R5_single_refY_005-kf03.png,5b90fbce1b8dec0d6516154ef113000bcec3a71d9b43026504f8228aba0322a0,formal_assets/ring_json/GP_Is_18.0mm_closed_R5_single_refY_005-kf03.json,422b4cae9821039adb4ce39553e967c97fb63dd9fc56f5e5bbfbb6151fa5b00d,raw/GP_Is_18.0mm_closed_R5_single_refY_005.mp4,ac283555e8acf7de3cfdabe32744152b1f4eb28daa83316e936c3aacd5e398d8,372.1351075702891,358.5468538227743,353.6689052089353,730.6819613930626,353.6689052089353,original_V2_R0,0.0444655017495874,16.547174276749583,True,18.000001088,exact_prior_group_Dxy_gt
GP_Is_18.0mm_closed_R5_single_refY,GP_Is_18.0mm_closed_R5_single_refY_005-kf04,video_keyframe,video:GP_Is_18.0mm_closed_R5_single_refY_005,558.0,R5,legacy_project/experiments/dxy_remeasurement_20260917/01_inputs/reextracted/gp/GP_Is_18.0mm_closed_R5_single_refY_005-kf04.jpg,0d2a078f2e1daadaa88bc467df4737cedebd5e7b1e9a41d38c110516656bff11,formal_assets/masks/GP_Is_18.0mm_closed_R5_single_refY_005-kf04.png,db1490e07efbe2721fc42acdffd3302a0c2ae00b8a3abc3d6287f1cdbe8f61bc,formal_assets/ring_json/GP_Is_18.0mm_closed_R5_single_refY_005-kf04.json,0e42fe1e0343bd776c3791b55fe89621a54b45fb7a08d4d4445cd8c73059a1e0,raw/GP_Is_18.0mm_closed_R5_single_refY_005.mp4,ac283555e8acf7de3cfdabe32744152b1f4eb28daa83316e936c3aacd5e398d8,370.4935566890331,361.6801765509112,348.04022334136346,732.1737332399435,348.04022334136346,original_V2_R0,0.0444995739893688,16.486805438468032,True,18.000001088,exact_prior_group_Dxy_gt
GP_Is_18.0mm_closed_R5_single_refY,GP_Is_18.0mm_closed_R5_single_refY_005-kf05,video_keyframe,video:GP_Is_18.0mm_closed_R5_single_refY_005,886.0,R5,legacy_project/experiments/dxy_remeasurement_20260917/01_inputs/reextracted/gp/GP_Is_18.0mm_closed_R5_single_refY_005-kf05.jpg,c64e427c89719510272d60441a9129d78d67330cc42c402a2de7bb1548db9767,formal_assets/masks/GP_Is_18.0mm_closed_R5_single_refY_005-kf05.png,02a5b866d12a40cc219cfff1f71b205939ec5b30054a488d10ddb03dd119e713,formal_assets/ring_json/GP_Is_18.0mm_closed_R5_single_refY_005-kf05.json,90eadd6ced71bad9e9c15893215832d0db34be405b929209ea011b1a62f64786,raw/GP_Is_18.0mm_closed_R5_single_refY_005.mp4,ac283555e8acf7de3cfdabe32744152b1f4eb28daa83316e936c3aacd5e398d8,366.3327750993013,262.4912686101612,315.76468562811124,628.8240437094619,315.76468562811124,original_V2_R0,0.0442804467935999,16.22137895653641,True,18.000001088,exact_prior_group_Dxy_gt
GP_Is_4.8mm_closed_R10_single_refY,GP_Is_4.8mm_closed_R10_single_refY_002,photo,photo:GP_Is_4.8mm_closed_R10_single_refY_002,,R10,raw/GP_Is_4.8mm_closed_R10_single_refY_002.jpg,44888bc80d864e75b8372ccbd8f4827f085f0bc9ac069d1bcccb81cf0db4e0fb,formal_assets/masks/GP_Is_4.8mm_closed_R10_single_refY_002.png,05eacbe9c695d7e16ca075e0ad40fefe6ad23e4f2ba4675b312bd3ee691af904,formal_assets/ring_json/GP_Is_4.8mm_closed_R10_single_refY_002.json,3dc2cf26a256e57e7c463031dec981e71f0507037403d0665edafe735c72556a,,,211.54777526855509,1035.5266526869175,664.8092146325804,1245.7415357896448,688.5192155432009,original_V2_R0,0.023572203072285,4.986647118120491,True,4.799998598,exact_prior_group_Dxy_gt
GP_Is_4.8mm_closed_R10_single_refY,GP_Is_4.8mm_closed_R10_single_refY_004-kf01,video_keyframe,video:GP_Is_4.8mm_closed_R10_single_refY_004,22.0,R10,legacy_project/experiments/dxy_remeasurement_20260917/01_inputs/reextracted/gp/GP_Is_4.8mm_closed_R10_single_refY_004-kf01.jpg,040c0e7cd70274d458795a900cb422fdf246e189e3213f75a20e9562dd1a21f7,formal_assets/masks/GP_Is_4.8mm_closed_R10_single_refY_004-kf01.png,a39e4edb3aef4f2ed66b97b18b98b83d0e9b6273eabd71c46f9379f6eedb4f76,formal_assets/ring_json/GP_Is_4.8mm_closed_R10_single_refY_004-kf01.json,099bb53586434670e4aae5139d86e76e856dc8a3d6f9df70d3c54261103e78ea,raw/GP_Is_4.8mm_closed_R10_single_refY_004.mp4,67b8fd254e1719789efc3ca6a37ec3a596eba3f89541ec13679fef35f08da7dc,147.18786621093776,435.3929739523101,452.0139384638014,577.0296639871431,492.0553669561205,original_V2_R0,0.0337831045918443,4.972463078854496,True,4.799998598,exact_prior_group_Dxy_gt
GP_Is_4.8mm_closed_R10_single_refY,GP_Is_4.8mm_closed_R10_single_refY_004-kf02,video_keyframe,video:GP_Is_4.8mm_closed_R10_single_refY_004,278.0,R10,legacy_project/experiments/dxy_remeasurement_20260917/01_inputs/reextracted/gp/GP_Is_4.8mm_closed_R10_single_refY_004-kf02.jpg,3fe6b2dbf0533464d63be348d0dc57e9e339e7e983bc9a2f781444b90f6d15c7,formal_assets/masks/GP_Is_4.8mm_closed_R10_single_refY_004-kf02.png,05b56093aaa75287bbc6a8d7382932d22e631f889d2c4dec600aeb8047ffaf67,formal_assets/ring_json/GP_Is_4.8mm_closed_R10_single_refY_004-kf02.json,4430343a24e118db852514217d2399716e4c0c9b5c27859aa48b5e6c910814a5,raw/GP_Is_4.8mm_closed_R10_single_refY_004.mp4,67b8fd254e1719789efc3ca6a37ec3a596eba3f89541ec13679fef35f08da7dc,133.53591918945332,543.0664327646914,408.7954763878688,671.9336893056211,443.7965035926,original_V2_R0,0.0372728062755903,4.977258446781375,True,4.799998598,exact_prior_group_Dxy_gt
GP_Is_4.8mm_closed_R10_single_refY,GP_Is_4.8mm_closed_R10_single_refY_004-kf03,video_keyframe,video:GP_Is_4.8mm_closed_R10_single_refY_004,450.0,R10,legacy_project/experiments/dxy_remeasurement_20260917/01_inputs/reextracted/gp/GP_Is_4.8mm_closed_R10_single_refY_004-kf03.jpg,a99a6e7c0bcb9183c80f483d81e33592470cf3c389c4a2bd97fea14cd5a2852f,formal_assets/masks/GP_Is_4.8mm_closed_R10_single_refY_004-kf03.png,3dcf7578c1ddbdcf52dd5bd1d3afa0dbbcbba99c16845ff7139a35cb0f9aac33,formal_assets/ring_json/GP_Is_4.8mm_closed_R10_single_refY_004-kf03.json,79de69cf2739b8575517352725f31f66a3adb76f798f9e87e2b984c3daaf32bf,raw/GP_Is_4.8mm_closed_R10_single_refY_004.mp4,67b8fd254e1719789efc3ca6a37ec3a596eba3f89541ec13679fef35f08da7dc,148.03340148925798,564.4903634542623,371.5708406319384,416.7174002176128,380.34804364540537,original_V2_R0,0.0345203568761015,5.110165848992401,True,4.799998598,exact_prior_group_Dxy_gt
GP_Is_4.8mm_closed_R10_single_refY,GP_Is_4.8mm_closed_R10_single_refY_004-kf04,video_keyframe,video:GP_Is_4.8mm_closed_R10_single_refY_004,698.0,R10,legacy_project/experiments/dxy_remeasurement_20260917/01_inputs/reextracted/gp/GP_Is_4.8mm_closed_R10_single_refY_004-kf04.jpg,40b0c3fefd352885ba71cec191948d2fbc6f5e72ab4467b5633ba69cfbc9cd84,formal_assets/masks/GP_Is_4.8mm_closed_R10_single_refY_004-kf04.png,c6fbc2ec552174fec7f92021f689b0ab542e9b43dd5056aa52a47e2922f7aea9,formal_assets/ring_json/GP_Is_4.8mm_closed_R10_single_refY_004-kf04.json,21be2fafe9edce989ecd90351196de0cc54c0dce698f5a7591dd4c2356681075,raw/GP_Is_4.8mm_closed_R10_single_refY_004.mp4,67b8fd254e1719789efc3ca6a37ec3a596eba3f89541ec13679fef35f08da7dc,146.69648742675804,588.5973691144227,380.4303748992351,451.2848940691711,432.0554039093586,original_V2_R0,0.0341581940939723,5.010887090427168,True,4.799998598,exact_prior_group_Dxy_gt
GP_Is_4.8mm_closed_R10_single_refY,GP_Is_4.8mm_closed_R10_single_refY_004-kf05,video_keyframe,video:GP_Is_4.8mm_closed_R10_single_refY_004,871.0,R10,legacy_project/experiments/dxy_remeasurement_20260917/01_inputs/reextracted/gp/GP_Is_4.8mm_closed_R10_single_refY_004-kf05.jpg,e0abd8ead0b7e3cec5cf134e94146fbb632ee2cc63d415d16c3357d6133efcc5,formal_assets/masks/GP_Is_4.8mm_closed_R10_single_refY_004-kf05.png,2d3bff0dfbcc9c65c9fc4a5c0a2289fb65bb7a358e12023f8b931f7e41b334eb,formal_assets/ring_json/GP_Is_4.8mm_closed_R10_single_refY_004-kf05.json,4352f6fac563cd4206be6c6e420f546243032c67044486964b33081b3b130826,raw/GP_Is_4.8mm_closed_R10_single_refY_004.mp4,67b8fd254e1719789efc3ca6a37ec3a596eba3f89541ec13679fef35f08da7dc,142.5667114257815,623.4714522242812,489.38126895787485,496.2317948460313,553.6878533565783,original_V2_R0,0.034172122251685,4.871807091862502,True,4.799998598,exact_prior_group_Dxy_gt
GP_Is_4.8mm_closed_R10_single_refY,GP_Is_4.8mm_closed_R10_single_refY_005-kf01,video_keyframe,video:GP_Is_4.8mm_closed_R10_single_refY_005,53.0,R10,legacy_project/experiments/dxy_remeasurement_20260917/01_inputs/reextracted/gp/GP_Is_4.8mm_closed_R10_single_refY_005-kf01.jpg,7ea8be3ee27684d94524aadc6348a7a5ce32601cc796e5c59de5e4dbfabd68a7,formal_assets/masks/GP_Is_4.8mm_closed_R10_single_refY_005-kf01.png,f0398f87d815b52c4b191227fe8c59a5197b2ee854b3ff5c91304721ce472809,formal_assets/ring_json/GP_Is_4.8mm_closed_R10_single_refY_005-kf01.json,84ae9fd36d96c778e19f64643a3298aa54ab7e36bb49f8274b489952d574cd7c,raw/GP_Is_4.8mm_closed_R10_single_refY_005.mp4,0cd59a3d082a0d746888ea94d43aa9536ad74409930fc17559a1cd62002e7cf1,175.22285461425798,329.4761887089648,351.51142011811714,502.6943435175977,377.9409419424297,original_V2_R0,0.028417556305232,4.979405336964157,True,4.799998598,exact_prior_group_Dxy_gt
GP_Is_4.8mm_closed_R10_single_refY,GP_Is_4.8mm_closed_R10_single_refY_005-kf02,video_keyframe,video:GP_Is_4.8mm_closed_R10_single_refY_005,302.0,R10,legacy_project/experiments/dxy_remeasurement_20260917/01_inputs/reextracted/gp/GP_Is_4.8mm_closed_R10_single_refY_005-kf02.jpg,ef3ba40305d7021d95f53f2d202e53331d31daff3b6d0dc05fc46e0c1c1e8e80,formal_assets/masks/GP_Is_4.8mm_closed_R10_single_refY_005-kf02.png,2c925374c1ce5d0f608caf15313dbfa1c2709378eb0266b56edb6216b8fa4103,formal_assets/ring_json/GP_Is_4.8mm_closed_R10_single_refY_005-kf02.json,913355a8c0e554abe75a90a0f58cf42023d67730cc06c5a67a231f2913de6bc2,raw/GP_Is_4.8mm_closed_R10_single_refY_005.mp4,0cd59a3d082a0d746888ea94d43aa9536ad74409930fc17559a1cd62002e7cf1,155.70416259765645,592.7861475368094,335.59471241253874,745.3556676487375,366.6805256245706,original_V2_R0,0.032152346862281,5.00625424374085,True,4.799998598,exact_prior_group_Dxy_gt
GP_Is_4.8mm_closed_R10_single_refY,GP_Is_4.8mm_closed_R10_single_refY_005-kf03,video_keyframe,video:GP_Is_4.8mm_closed_R10_single_refY_005,475.0,R10,legacy_project/experiments/dxy_remeasurement_20260917/01_inputs/reextracted/gp/GP_Is_4.8mm_closed_R10_single_refY_005-kf03.jpg,591744861897434b7bbe3d9a46e3775abf3b3a2977cebad2cd1c7e45e539fd24,formal_assets/masks/GP_Is_4.8mm_closed_R10_single_refY_005-kf03.png,cf52d75aead018bb020bc4b00fa9e268bdc7431b25d8e3588d2198e91693df10,formal_assets/ring_json/GP_Is_4.8mm_closed_R10_single_refY_005-kf03.json,ea62532d99a58a646c28e318ec5f494efef94ffc2349431dd50d8f5e295306bd,raw/GP_Is_4.8mm_closed_R10_single_refY_005.mp4,0cd59a3d082a0d746888ea94d43aa9536ad74409930fc17559a1cd62002e7cf1,154.350911982864,708.2779213714288,395.0789919981594,862.6288333542926,395.0789919981594,original_V2_R0,0.0303131697901066,4.678865402194356,True,4.799998598,exact_prior_group_Dxy_gt
GP_Is_4.8mm_closed_R10_single_refY,GP_Is_4.8mm_closed_R10_single_refY_005-kf04,video_keyframe,video:GP_Is_4.8mm_closed_R10_single_refY_005,716.0,R10,legacy_project/experiments/dxy_remeasurement_20260917/01_inputs/reextracted/gp/GP_Is_4.8mm_closed_R10_single_refY_005-kf04.jpg,dba2f8c331f994db13a3c471815a4b6cb2dc646edc6936f2f7696394255b9577,formal_assets/masks/GP_Is_4.8mm_closed_R10_single_refY_005-kf04.png,00355e91e6c1a4b4038c8fd580282d98a2af2265075d3898564cc625776d600f,formal_assets/ring_json/GP_Is_4.8mm_closed_R10_single_refY_005-kf04.json,6b6dd2cc2aa178b2d92a6c45041fd314072b6ac368f398bc50cb4c930ac8d154,raw/GP_Is_4.8mm_closed_R10_single_refY_005.mp4,0cd59a3d082a0d746888ea94d43aa9536ad74409930fc17559a1cd62002e7cf1,135.9941321892049,557.0425126127312,403.3002232900896,693.0366448019357,403.3002232900896,original_V2_R0,0.0358851766338525,4.880173454777104,True,4.799998598,exact_prior_group_Dxy_gt
GP_Is_4.8mm_closed_R10_single_refY,GP_Is_4.8mm_closed_R10_single_refY_005-kf05,video_keyframe,video:GP_Is_4.8mm_closed_R10_single_refY_005,747.0,R10,legacy_project/experiments/dxy_remeasurement_20260917/01_inputs/reextracted/gp/GP_Is_4.8mm_closed_R10_single_refY_005-kf05.jpg,e7efd68c9084815e258696b4c2971a1ffc8c0bd931e7e9d780f909f00051c479,formal_assets/masks/GP_Is_4.8mm_closed_R10_single_refY_005-kf05.png,2290f56e373b10b428e19ba7147e5b2d7caf0861c21ee1eb876ee400541de470,formal_assets/ring_json/GP_Is_4.8mm_closed_R10_single_refY_005-kf05.json,d0cadb0475e68b12c017d33f8964db5f6274cd6f72e96b079886850330f71652,raw/GP_Is_4.8mm_closed_R10_single_refY_005.mp4,0cd59a3d082a0d746888ea94d43aa9536ad74409930fc17559a1cd62002e7cf1,137.38182069671342,544.4995673600308,397.64454447713433,681.8813880567441,397.64454447713433,original_V2_R0,0.0356343059798058,4.895505834769503,True,4.799998598,exact_prior_group_Dxy_gt
GP_Is_4.8mm_closed_R5_single_refY,GP_Is_4.8mm_closed_R5_single_refY_001,photo,photo:GP_Is_4.8mm_closed_R5_single_refY_001,,R5,raw/GP_Is_4.8mm_closed_R5_single_refY_001.jpg,54abadbf44edd5821b4d5abc9d959c0874fa904c8bf8662f7f341b095ed14e4a,formal_assets/masks/GP_Is_4.8mm_closed_R5_single_refY_001.png,49216fe73884e409d4d4150cb2937e9cd3668067ae3732d46505d4e19529d5e5,formal_assets/ring_json/GP_Is_4.8mm_closed_R5_single_refY_001.json,a6005b045fa88d4a55f60d4500d2845a14515b57edfedf650499bee9f4406aae,,,209.5697631835945,,,,,human_approved_R2_contact_rescue,0.024341695962798,5.101283458410636,True,4.799998598,same_paris_nominal_prior_Dxy_gt
GP_Is_4.8mm_closed_R5_single_refY,GP_Is_4.8mm_closed_R5_single_refY_004-kf01,video_keyframe,video:GP_Is_4.8mm_closed_R5_single_refY_004,181.0,R5,legacy_project/experiments/dxy_remeasurement_20260917/01_inputs/reextracted/gp/GP_Is_4.8mm_closed_R5_single_refY_004-kf01.jpg,68dcdbf7f4df930095b5f6427eaf12ba21e847ded95ce512b61b01dd55050c6b,formal_assets/masks/GP_Is_4.8mm_closed_R5_single_refY_004-kf01.png,767a5293ce3bfc5c717cccf56c19ae98d9604b283df54ec428caeb50717b1303,formal_assets/ring_json/GP_Is_4.8mm_closed_R5_single_refY_004-kf01.json,f6fdde56fd0f46f9b7610add3eb31c0a3d694b7c5e163750fd6f242df9a4f174,raw/GP_Is_4.8mm_closed_R5_single_refY_004.mp4,26fb519bdc6dd98b8a35fc4f57ded6aa693ef8fd849ba93ffcf3ac33fa171c6a,153.50764465332043,,,,,human_approved_R2_contact_rescue,0.0333310853566903,5.116576406844306,True,4.799998598,same_paris_nominal_prior_Dxy_gt
GP_Is_4.8mm_closed_R5_single_refY,GP_Is_4.8mm_closed_R5_single_refY_004-kf02,video_keyframe,video:GP_Is_4.8mm_closed_R5_single_refY_004,197.0,R5,legacy_project/experiments/dxy_remeasurement_20260917/01_inputs/reextracted/gp/GP_Is_4.8mm_closed_R5_single_refY_004-kf02.jpg,7f81f47664673da6cf8492c3732968958655da8abffa1f8dfe3b7202de2915f8,formal_assets/masks/GP_Is_4.8mm_closed_R5_single_refY_004-kf02.png,20c48d0b25da3b18712269dcd9f4d0702e7074cb87c9c6d00609b5010336277b,formal_assets/ring_json/GP_Is_4.8mm_closed_R5_single_refY_004-kf02.json,6e54503ff4929087caacd32a0c5382dfb87fe190a3457c5c38b37afdf0172651,raw/GP_Is_4.8mm_closed_R5_single_refY_004.mp4,26fb519bdc6dd98b8a35fc4f57ded6aa693ef8fd849ba93ffcf3ac33fa171c6a,157.9208068847659,,,,,human_approved_R2_contact_rescue,0.03232780520761,5.105233083199308,True,4.799998598,same_paris_nominal_prior_Dxy_gt
GP_Is_4.8mm_closed_R5_single_refY,GP_Is_4.8mm_closed_R5_single_refY_004-kf03,video_keyframe,video:GP_Is_4.8mm_closed_R5_single_refY_004,449.0,R5,legacy_project/experiments/dxy_remeasurement_20260917/01_inputs/reextracted/gp/GP_Is_4.8mm_closed_R5_single_refY_004-kf03.jpg,d9d08efcc3969dcf6fe205ad8bbcd2d6a31ff8963b877c927294d470932e2342,formal_assets/masks/GP_Is_4.8mm_closed_R5_single_refY_004-kf03.png,7d4fa899ddd1bb25fb7de4259889e6106768741318cba11b7184e773bf4d579f,formal_assets/ring_json/GP_Is_4.8mm_closed_R5_single_refY_004-kf03.json,107f77941ee0b2cf6790e0b017d84b6807b4e3f06dd4b951df95b44ab4616e66,raw/GP_Is_4.8mm_closed_R5_single_refY_004.mp4,26fb519bdc6dd98b8a35fc4f57ded6aa693ef8fd849ba93ffcf3ac33fa171c6a,144.99572753906267,,,,,human_approved_R2_contact_rescue,0.0347256111873948,5.035065258354923,True,4.799998598,same_paris_nominal_prior_Dxy_gt
GP_Is_4.8mm_closed_R5_single_refY,GP_Is_4.8mm_closed_R5_single_refY_004-kf04,video_keyframe,video:GP_Is_4.8mm_closed_R5_single_refY_004,638.0,R5,legacy_project/experiments/dxy_remeasurement_20260917/01_inputs/reextracted/gp/GP_Is_4.8mm_closed_R5_single_refY_004-kf04.jpg,11d45a2b7435a39d61d0ccb2a1f11e44b36a4f10a9a68d2db49dd882c16f93e0,formal_assets/masks/GP_Is_4.8mm_closed_R5_single_refY_004-kf04.png,a5f19c2fb77f4a8343b46a9b1779966da6df0c9feef082656fb93b233a4f23cc,formal_assets/ring_json/GP_Is_4.8mm_closed_R5_single_refY_004-kf04.json,0423b5ea0d61e08b6a9ee8b19bb82f6768be1d87625001beb1aa9c08c66306b6,raw/GP_Is_4.8mm_closed_R5_single_refY_004.mp4,26fb519bdc6dd98b8a35fc4f57ded6aa693ef8fd849ba93ffcf3ac33fa171c6a,143.78067016601585,,,,,human_approved_R2_contact_rescue,0.0347710562366231,4.999405768081894,True,4.799998598,same_paris_nominal_prior_Dxy_gt
GP_Is_4.8mm_closed_R5_single_refY,GP_Is_4.8mm_closed_R5_single_refY_004-kf05,video_keyframe,video:GP_Is_4.8mm_closed_R5_single_refY_004,890.0,R5,legacy_project/experiments/dxy_remeasurement_20260917/01_inputs/reextracted/gp/GP_Is_4.8mm_closed_R5_single_refY_004-kf05.jpg,a299dde4c1d7df79733601b1c6774e8e59cf468b27c034da273813775f71fb09,formal_assets/masks/GP_Is_4.8mm_closed_R5_single_refY_004-kf05.png,7e4647d353aa2ff498bcc9ef9900308468199e8d83f2c0f378b2abbf704c00c1,formal_assets/ring_json/GP_Is_4.8mm_closed_R5_single_refY_004-kf05.json,6da31d2d2f345c37a9c1250e194f5565fba7a524372f41f2394834ecc806bfa5,raw/GP_Is_4.8mm_closed_R5_single_refY_004.mp4,26fb519bdc6dd98b8a35fc4f57ded6aa693ef8fd849ba93ffcf3ac33fa171c6a,137.54875183105503,,,,,human_approved_R2_contact_rescue,0.0363864020923957,5.004904191431917,True,4.799998598,same_paris_nominal_prior_Dxy_gt
GP_Is_4.8mm_closed_R5_single_refY,GP_Is_4.8mm_closed_R5_single_refY_005-kf01,video_keyframe,video:GP_Is_4.8mm_closed_R5_single_refY_005,0.0,R5,legacy_project/experiments/dxy_remeasurement_20260917/01_inputs/reextracted/gp/GP_Is_4.8mm_closed_R5_single_refY_005-kf01.jpg,0d7614abedf1c39c975ff413a6d28d457928723ad9c7826d87bd85fb4fd7f555,formal_assets/masks/GP_Is_4.8mm_closed_R5_single_refY_005-kf01.png,68e76c6fbca101ea245d1a63061fa1083d950abb448586c40b55e3cc58e8c78a,formal_assets/ring_json/GP_Is_4.8mm_closed_R5_single_refY_005-kf01.json,2feb23b0c0c88251275054a26072761083b9d8fbefcd1172838bc4a7b274a3ed,raw/GP_Is_4.8mm_closed_R5_single_refY_005.mp4,07cfd5e4b069e8dfbd5b8b594f77b87a99f0890ccc0d3d8d59667e55dc484a4c,168.42149353027355,,,,,human_approved_R2_contact_rescue,0.0301370644137445,5.075729399180906,True,4.799998598,same_paris_nominal_prior_Dxy_gt
GP_Is_4.8mm_closed_R5_single_refY,GP_Is_4.8mm_closed_R5_single_refY_005-kf02,video_keyframe,video:GP_Is_4.8mm_closed_R5_single_refY_005,148.0,R5,legacy_project/experiments/dxy_remeasurement_20260917/01_inputs/reextracted/gp/GP_Is_4.8mm_closed_R5_single_refY_005-kf02.jpg,a42f844221e7ba7c5d562c6f59e956890761560535b6f1f2a3ce4243faae871c,formal_assets/masks/GP_Is_4.8mm_closed_R5_single_refY_005-kf02.png,8b75eab037e5a0f1c203df4c38b34087e6f3f42b52a456d3985dd0da5e78323c,formal_assets/ring_json/GP_Is_4.8mm_closed_R5_single_refY_005-kf02.json,b35cc9313a404aa9100326d4deb4c465b101fef3032d9c5621eaca95345ad5cc,raw/GP_Is_4.8mm_closed_R5_single_refY_005.mp4,07cfd5e4b069e8dfbd5b8b594f77b87a99f0890ccc0d3d8d59667e55dc484a4c,142.8404235839845,,,,,human_approved_R2_contact_rescue,0.035425132946952,5.060140995661588,True,4.799998598,same_paris_nominal_prior_Dxy_gt
GP_Is_4.8mm_closed_R5_single_refY,GP_Is_4.8mm_closed_R5_single_refY_005-kf03,video_keyframe,video:GP_Is_4.8mm_closed_R5_single_refY_005,302.0,R5,legacy_project/experiments/dxy_remeasurement_20260917/01_inputs/reextracted/gp/GP_Is_4.8mm_closed_R5_single_refY_005-kf03.jpg,1af6f0300dbdef716189a454d2c2bc393c81bfa1f5eff3c7e310eec48c096211,formal_assets/masks/GP_Is_4.8mm_closed_R5_single_refY_005-kf03.png,00c1db2d5175161151ef834d198977cd53cc22fd0a51039c38a7a732e687649b,formal_assets/ring_json/GP_Is_4.8mm_closed_R5_single_refY_005-kf03.json,8201ed69cc8642d575a9d2a163edfa5b4520995fe5229a03dc57b259f5ea8c40,raw/GP_Is_4.8mm_closed_R5_single_refY_005.mp4,07cfd5e4b069e8dfbd5b8b594f77b87a99f0890ccc0d3d8d59667e55dc484a4c,149.57916259765636,,,,,human_approved_R2_contact_rescue,0.0336883419193986,5.039073973607167,True,4.799998598,same_paris_nominal_prior_Dxy_gt
GP_Is_4.8mm_closed_R5_single_refY,GP_Is_4.8mm_closed_R5_single_refY_005-kf04,video_keyframe,video:GP_Is_4.8mm_closed_R5_single_refY_005,492.0,R5,legacy_project/experiments/dxy_remeasurement_20260917/01_inputs/reextracted/gp/GP_Is_4.8mm_closed_R5_single_refY_005-kf04.jpg,f38f276d366603b5e360f0598a2615a6eb4b31dc08687889531f1f24a04299c3,formal_assets/masks/GP_Is_4.8mm_closed_R5_single_refY_005-kf04.png,2d0ba3496854c73beb5134678533f8bbf737f1a430ab644e2f9cc7c11a4b3bdc,formal_assets/ring_json/GP_Is_4.8mm_closed_R5_single_refY_005-kf04.json,d1f0dbe419dd7971ace11de515f3cd29d3cc94c83ab99e67a28d739e2a959d99,raw/GP_Is_4.8mm_closed_R5_single_refY_005.mp4,07cfd5e4b069e8dfbd5b8b594f77b87a99f0890ccc0d3d8d59667e55dc484a4c,156.8207029964705,,,,,human_approved_R2_contact_rescue,0.0299465334474849,4.696236427541899,True,4.799998598,same_paris_nominal_prior_Dxy_gt
GP_Is_4.8mm_closed_R5_single_refY,GP_Is_4.8mm_closed_R5_single_refY_005-kf05,video_keyframe,video:GP_Is_4.8mm_closed_R5_single_refY_005,577.0,R5,legacy_project/experiments/dxy_remeasurement_20260917/01_inputs/reextracted/gp/GP_Is_4.8mm_closed_R5_single_refY_005-kf05.jpg,87140eb8fc749682b0282ed9e94a466516db3a2a6def002b53aef85c741d12d0,formal_assets/masks/GP_Is_4.8mm_closed_R5_single_refY_005-kf05.png,d311129aec4d0f6a996b4a419558f497c54112e8bdb2c25026cba3bd304d1989,formal_assets/ring_json/GP_Is_4.8mm_closed_R5_single_refY_005-kf05.json,51d1f96766169fecb0714eaf08165c263e098ae01ad6389d65aaf1fafc11ee8b,raw/GP_Is_4.8mm_closed_R5_single_refY_005.mp4,07cfd5e4b069e8dfbd5b8b594f77b87a99f0890ccc0d3d8d59667e55dc484a4c,158.74425245532632,,,,,human_approved_R2_contact_rescue,0.0306380690162522,4.86361736265965,True,4.799998598,same_paris_nominal_prior_Dxy_gt
GP_Is_6.5mm_closed_R10_single_refY,GP_Is_6.5mm_closed_R10_single_refY_001,photo,photo:GP_Is_6.5mm_closed_R10_single_refY_001,,R10,raw/GP_Is_6.5mm_closed_R10_single_refY_001.jpg,e6687cc2d1bb7ee6ef3e85c12e2c7e93a715dd8695038a495bb40f5c15f23dc5,formal_assets/masks/GP_Is_6.5mm_closed_R10_single_refY_001.png,2ff8ca6dfc1ea554459a468400232a6b280ddcd6c2882e0f4e19d658f3c68c75,formal_assets/ring_json/GP_Is_6.5mm_closed_R10_single_refY_001.json,ca1a9dfada5ea90a713f1e6ae9bef5860791143ae519b5f2cc7f2ba31b939199,,,314.5844116210954,998.6133997650942,602.7870520007968,1301.9328648833434,686.2175866710782,original_V2_R0,0.0179101743104653,5.634261647488985,True,6.5,nominal_unresolved
GP_Is_6.5mm_closed_R10_single_refY,GP_Is_6.5mm_closed_R10_single_refY_002,photo,photo:GP_Is_6.5mm_closed_R10_single_refY_002,,R10,raw/GP_Is_6.5mm_closed_R10_single_refY_002.jpg,28240e5f119bfc629c6760f64300dbfc1b0ee535496d8d547b69401bc9cd5315,formal_assets/masks/GP_Is_6.5mm_closed_R10_single_refY_002.png,0527bdc7ee3717fdac74ae4d9e809a85626e5aac08bb2091be09b98579801684,formal_assets/ring_json/GP_Is_6.5mm_closed_R10_single_refY_002.json,9deeccdbe9feb7b7208fdce12137e12af24a25ffe8b3aab80f013684ee2b7062,,,272.2595520019543,720.5330337855297,717.6935294755283,463.045762601189,806.1557747236905,original_V2_R0,0.0207382941575893,5.646198676630009,True,6.5,nominal_unresolved
GP_Is_6.5mm_closed_R10_single_refY,GP_Is_6.5mm_closed_R10_single_refY_003,photo,photo:GP_Is_6.5mm_closed_R10_single_refY_003,,R10,raw/GP_Is_6.5mm_closed_R10_single_refY_003.jpg,542d5204814adc84aa5de6e0013e7bc2301799cd0ce40e0f7345d47d3372f5e6,formal_assets/masks/GP_Is_6.5mm_closed_R10_single_refY_003.png,263e0a179828d535043941753633270543aaceb2146d278be52e1d34f97e06bb,formal_assets/ring_json/GP_Is_6.5mm_closed_R10_single_refY_003.json,9ad616a108cb81dd71b6aab0fd919d620a22707d2d07350044c51392c1b0d4f2,,,271.5970458984384,1308.986811974115,619.5820569835802,1132.1727339243223,825.7415514148573,original_V2_R0,0.0196048669225725,5.3246239414027,True,6.5,nominal_unresolved
GP_Is_6.5mm_closed_R10_single_refY,GP_Is_6.5mm_closed_R10_single_refY_004-kf01,video_keyframe,video:GP_Is_6.5mm_closed_R10_single_refY_004,72.0,R10,legacy_project/experiments/dxy_remeasurement_20260917/01_inputs/reextracted/gp/GP_Is_6.5mm_closed_R10_single_refY_004-kf01.jpg,a4dce234bf7814a1abb60699e98ee57d959721ad5016e58f5cb5a43dfaa5379a,formal_assets/masks/GP_Is_6.5mm_closed_R10_single_refY_004-kf01.png,bf5a70edd1bb16f4fd4f36200e4b9b1b1a68c401739ee6186133163f1f7ad783,formal_assets/ring_json/GP_Is_6.5mm_closed_R10_single_refY_004-kf01.json,44b922c0b7b131dce5cc3e9cfd27baad848a6b95f7a56431b2cf4d278c57d9c0,raw/GP_Is_6.5mm_closed_R10_single_refY_004.mp4,8f8492ee0a8c1b23bb5de52016c711a0dc2c273b21ded8b6ce5d24a720b4f968,145.59642028808608,504.9273731577296,341.1689845885685,385.4861400258641,424.4282749329158,original_V2_R0,0.0354729546866779,5.164735219421789,True,6.5,nominal_unresolved
GP_Is_6.5mm_closed_R10_single_refY,GP_Is_6.5mm_closed_R10_single_refY_004-kf02,video_keyframe,video:GP_Is_6.5mm_closed_R10_single_refY_004,170.0,R10,legacy_project/experiments/dxy_remeasurement_20260917/01_inputs/reextracted/gp/GP_Is_6.5mm_closed_R10_single_refY_004-kf02.jpg,767dc7525d8686b8e5754d258e1c85f64de8eded130acc68e99e977876f846f4,formal_assets/masks/GP_Is_6.5mm_closed_R10_single_refY_004-kf02.png,1ecfbba50bf1c683a874609c950d3047cc82635b41cae75b5c5c631651bbb6b3,formal_assets/ring_json/GP_Is_6.5mm_closed_R10_single_refY_004-kf02.json,31bdee266181bed10080fba3fcb04039b9f31d0dea3d383b9c39248295c0eaa4,raw/GP_Is_6.5mm_closed_R10_single_refY_004.mp4,8f8492ee0a8c1b23bb5de52016c711a0dc2c273b21ded8b6ce5d24a720b4f968,143.938705444336,615.2534342561389,262.8998373165747,490.6313924040174,334.92551058381594,original_V2_R0,0.0366067033791267,5.2691214949762974,True,6.5,nominal_unresolved
GP_Is_6.5mm_closed_R10_single_refY,GP_Is_6.5mm_closed_R10_single_refY_004-kf03,video_keyframe,video:GP_Is_6.5mm_closed_R10_single_refY_004,445.0,R10,legacy_project/experiments/dxy_remeasurement_20260917/01_inputs/reextracted/gp/GP_Is_6.5mm_closed_R10_single_refY_004-kf03.jpg,f1ba3974603f73dee389b8ffff4897db23cd8eb4391cc63ef260d97c41a8141e,formal_assets/masks/GP_Is_6.5mm_closed_R10_single_refY_004-kf03.png,084ce2814aed6b100cf44201c88158c9dbfcecc1f7a197ae33a8e852ff46c960,formal_assets/ring_json/GP_Is_6.5mm_closed_R10_single_refY_004-kf03.json,a853a65a5359bc2b8bf0a96c115aa1c7970a1ea76b605231cf35e05356f8f27c,raw/GP_Is_6.5mm_closed_R10_single_refY_004.mp4,8f8492ee0a8c1b23bb5de52016c711a0dc2c273b21ded8b6ce5d24a720b4f968,153.64135742187503,783.7566750989455,290.41917931739374,640.1410299791795,345.01050818260626,original_V2_R0,0.0356076379078774,5.470805822752898,True,6.5,nominal_unresolved
GP_Is_6.5mm_closed_R10_single_refY,GP_Is_6.5mm_closed_R10_single_refY_004-kf04,video_keyframe,video:GP_Is_6.5mm_closed_R10_single_refY_004,576.0,R10,legacy_project/experiments/dxy_remeasurement_20260917/01_inputs/reextracted/gp/GP_Is_6.5mm_closed_R10_single_refY_004-kf04.jpg,a2ea20a8b43128df753ef62341fbe512199054acf34de4690cf83e1c45bbe34a,formal_assets/masks/GP_Is_6.5mm_closed_R10_single_refY_004-kf04.png,38a9a2606ebce7a7b4cfb9a982cf5282be49a93bd18a35a52e469c2eef4c9a03,formal_assets/ring_json/GP_Is_6.5mm_closed_R10_single_refY_004-kf04.json,c9edf8cb015d4b9ed0b061f03c7e4b68b9c74b1025b735ab6bc68d07c8f0fca9,raw/GP_Is_6.5mm_closed_R10_single_refY_004.mp4,8f8492ee0a8c1b23bb5de52016c711a0dc2c273b21ded8b6ce5d24a720b4f968,169.69792175293006,984.0547837087432,247.0122339614239,820.0005141428193,290.4124791733417,original_V2_R0,0.033134215921472,5.622807580786644,True,6.5,nominal_unresolved
GP_Is_6.5mm_closed_R10_single_refY,GP_Is_6.5mm_closed_R10_single_refY_004-kf05,video_keyframe,video:GP_Is_6.5mm_closed_R10_single_refY_004,727.0,R10,legacy_project/experiments/dxy_remeasurement_20260917/01_inputs/reextracted/gp/GP_Is_6.5mm_closed_R10_single_refY_004-kf05.jpg,3fd52862ad2195551b47c060f9fdafab5c159c5d5d5b5248e70eab624b83d0c2,formal_assets/masks/GP_Is_6.5mm_closed_R10_single_refY_004-kf05.png,ca5a7d273b1a07f94f0dfed8a487f93dfaf5f65b5d2d0b7b40414220fca5cb2a,formal_assets/ring_json/GP_Is_6.5mm_closed_R10_single_refY_004-kf05.json,eb53bb658fddaaecab149ddd10ecd2ddf96a9703b40e72d12f71f0c8349b0ba2,raw/GP_Is_6.5mm_closed_R10_single_refY_004.mp4,8f8492ee0a8c1b23bb5de52016c711a0dc2c273b21ded8b6ce5d24a720b4f968,171.30055236816452,1003.9305329901864,214.52288925926297,836.7154325859854,251.7114552231589,original_V2_R0,0.0329013194364885,5.636014193111908,True,6.5,nominal_unresolved
GP_Is_6.5mm_closed_R10_single_refY,GP_Is_6.5mm_closed_R10_single_refY_005-kf01,video_keyframe,video:GP_Is_6.5mm_closed_R10_single_refY_005,142.0,R10,legacy_project/experiments/dxy_remeasurement_20260917/01_inputs/reextracted/gp/GP_Is_6.5mm_closed_R10_single_refY_005-kf01.jpg,0483b286ca831d8d0c041f4c470bfa2dad6192c316410f250c17720af86984a5,formal_assets/masks/GP_Is_6.5mm_closed_R10_single_refY_005-kf01.png,c0d14458131eebd52b4726960eb4d7c9cf4b77da25b8faa32373a96e3f290990,formal_assets/ring_json/GP_Is_6.5mm_closed_R10_single_refY_005-kf01.json,e4faea49886571012d200daf177388994a97920d8afb08d407babfef1f942d3b,raw/GP_Is_6.5mm_closed_R10_single_refY_005.mp4,c124051410d3a54ee0b0fd2cebbba9bdb42de4062ec4c6638c8b15128787b456,217.34463500976625,715.0347452032624,414.3438923639669,924.1210165154876,473.6871440129862,original_V2_R0,0.0275829141490214,5.994998408224773,True,6.5,nominal_unresolved
GP_Is_6.5mm_closed_R10_single_refY,GP_Is_6.5mm_closed_R10_single_refY_005-kf02,video_keyframe,video:GP_Is_6.5mm_closed_R10_single_refY_005,252.0,R10,legacy_project/experiments/dxy_remeasurement_20260917/01_inputs/reextracted/gp/GP_Is_6.5mm_closed_R10_single_refY_005-kf02.jpg,a159446b0de8e74de84effb67f90c44aa7e15291dd95e3dfc910ce6c26412194,formal_assets/masks/GP_Is_6.5mm_closed_R10_single_refY_005-kf02.png,afe6dc5bff64e6349f9ea5d43a8d56f63f4ff6f86c67f355195c60af72dcebd1,formal_assets/ring_json/GP_Is_6.5mm_closed_R10_single_refY_005-kf02.json,f69a453f90ffe8b361419e82dedf70ed965c0028cdce8613694aaff251068dbc,raw/GP_Is_6.5mm_closed_R10_single_refY_005.mp4,c124051410d3a54ee0b0fd2cebbba9bdb42de4062ec4c6638c8b15128787b456,215.99440002441412,686.7021467804256,412.6386211508464,894.953004586762,469.9549457436849,original_V2_R0,0.0281633947892047,6.083135560144981,True,6.5,nominal_unresolved
GP_Is_6.5mm_closed_R10_single_refY,GP_Is_6.5mm_closed_R10_single_refY_005-kf03,video_keyframe,video:GP_Is_6.5mm_closed_R10_single_refY_005,342.0,R10,legacy_project/experiments/dxy_remeasurement_20260917/01_inputs/reextracted/gp/GP_Is_6.5mm_closed_R10_single_refY_005-kf03.jpg,53b3592280e89d5c27aaf31299d03382b6b8161329cc212449e4e7f998af93b5,formal_assets/masks/GP_Is_6.5mm_closed_R10_single_refY_005-kf03.png,d277cfa68514636e4216d405a076e5b48ba036e1d14bf0892c3803129be26c5f,formal_assets/ring_json/GP_Is_6.5mm_closed_R10_single_refY_005-kf03.json,f1b6906d3c04f839007927b4398b24b3eaf0c715ea39c494956266aa7137bdba,raw/GP_Is_6.5mm_closed_R10_single_refY_005.mp4,c124051410d3a54ee0b0fd2cebbba9bdb42de4062ec4c6638c8b15128787b456,206.9430694580079,602.2255183400457,354.84010400131405,807.519293671673,380.9149924342328,original_V2_R0,0.0285552422546476,5.90930948129378,True,6.5,nominal_unresolved
GP_Is_6.5mm_closed_R10_single_refY,GP_Is_6.5mm_closed_R10_single_refY_005-kf04,video_keyframe,video:GP_Is_6.5mm_closed_R10_single_refY_005,575.0,R10,legacy_project/experiments/dxy_remeasurement_20260917/01_inputs/reextracted/gp/GP_Is_6.5mm_closed_R10_single_refY_005-kf04.jpg,c16d6e663f34b50f746de4adbc9da7d27c74a7eec22f258775d45370940c644f,formal_assets/masks/GP_Is_6.5mm_closed_R10_single_refY_005-kf04.png,3d126307a769e1d05285dfda28951f9e2f685bedc2bc6bdfd6285cc0d372bbaf,formal_assets/ring_json/GP_Is_6.5mm_closed_R10_single_refY_005-kf04.json,d3ed3f8f1735f3d4d92c37c298f37dec1b9654362db13caff46369713dcbb3fe,raw/GP_Is_6.5mm_closed_R10_single_refY_005.mp4,c124051410d3a54ee0b0fd2cebbba9bdb42de4062ec4c6638c8b15128787b456,191.3945159912113,605.3722869123925,387.9090361461031,414.11123359542,395.05538035780313,original_V2_R0,0.0286041834142001,5.474683839884662,True,6.5,nominal_unresolved
GP_Is_6.5mm_closed_R10_single_refY,GP_Is_6.5mm_closed_R10_single_refY_005-kf05,video_keyframe,video:GP_Is_6.5mm_closed_R10_single_refY_005,640.0,R10,legacy_project/experiments/dxy_remeasurement_20260917/01_inputs/reextracted/gp/GP_Is_6.5mm_closed_R10_single_refY_005-kf05.jpg,af57affd7d7a808b86951da186fd3df31d9583121ff41995564ea56cc4df0f39,formal_assets/masks/GP_Is_6.5mm_closed_R10_single_refY_005-kf05.png,1f5774fcdf90cdf57aee7ae3049916e07c1b9e6233af834a7bbf4c11ba3d3016,formal_assets/ring_json/GP_Is_6.5mm_closed_R10_single_refY_005-kf05.json,a97740896e682ecd96cd64fc0ad25cd8ef0bb9be8dc6a3979231ec8acd95554d,raw/GP_Is_6.5mm_closed_R10_single_refY_005.mp4,c124051410d3a54ee0b0fd2cebbba9bdb42de4062ec4c6638c8b15128787b456,188.0777893066409,519.713741541926,372.8354113885235,332.7519261826834,393.2935253790546,original_V2_R0,0.0291105737176329,5.475052350260399,True,6.5,nominal_unresolved
GP_Is_7.0mm_closed_R5_single_refY,GP_Is_7.0mm_closed_R5_single_refY_001,photo,photo:GP_Is_7.0mm_closed_R5_single_refY_001,,R5,raw/GP_Is_7.0mm_closed_R5_single_refY_001.jpg,e5936b2f7dcb234d2c53a2a3f5b263500149d31ee96ea5fe184cec3431de4737,formal_assets/masks/GP_Is_7.0mm_closed_R5_single_refY_001.png,725890ecd79fc70acf15cb03a2c76e39f32c0b9253db1467d67d2787be995d60,formal_assets/ring_json/GP_Is_7.0mm_closed_R5_single_refY_001.json,2f8c97dcbeb6e6e88b70db4b75d57a5798251a3adfd104b126ddb8f62d5a2014,,,350.3005913995531,652.0771429236111,783.5198926610643,1002.3777343231628,783.5198926610643,original_V2_R0,0.0207366549866883,7.264062505485404,True,6.9999976550000005,exact_prior_group_Dxy_gt
GP_Is_7.0mm_closed_R5_single_refY,GP_Is_7.0mm_closed_R5_single_refY_003,photo,photo:GP_Is_7.0mm_closed_R5_single_refY_003,,R5,raw/GP_Is_7.0mm_closed_R5_single_refY_003.jpg,b2c84e1819592dfd88cccf860a416fcdb8a422b8dc446ed261229913a453eee7,formal_assets/masks/GP_Is_7.0mm_closed_R5_single_refY_003.png,50dbd18d80e27a2ad1fb0fce26f1d4f2b0d1e551f70ae3fa10e5af66216a7776,formal_assets/ring_json/GP_Is_7.0mm_closed_R5_single_refY_003.json,7c063f1dba82a546c0057ef2f19f8ec3708dca671245d8c5130a1be728fe996b,,,369.38363647460994,935.7422006925829,464.3462511085004,1279.2803517976515,600.0879529930621,original_V2_R0,0.0254021903652611,9.383153451540446,True,6.9999976550000005,exact_prior_group_Dxy_gt
GP_Is_7.0mm_closed_R5_single_refY,GP_Is_7.0mm_closed_R5_single_refY_004-kf02,video_keyframe,video:GP_Is_7.0mm_closed_R5_single_refY_004,239.0,R5,legacy_project/experiments/dxy_remeasurement_20260917/01_inputs/reextracted/gp/GP_Is_7.0mm_closed_R5_single_refY_004-kf02.jpg,a5aa8cfe1749e75f0b48512cb8840d1f123819c5a3e71b3e74316806a35ee87e,formal_assets/masks/GP_Is_7.0mm_closed_R5_single_refY_004-kf02.png,b7d17e04c0768fd934302e30fc5dbefabef43640a6b772a27764b3cdc6693475,formal_assets/ring_json/GP_Is_7.0mm_closed_R5_single_refY_004-kf02.json,af06fd366df9af4a3e8970b198149791763d96a7f35fe0f0556696d172f14b5a,raw/GP_Is_7.0mm_closed_R5_single_refY_004.mp4,efd01b381f6cfc357ff8b068126027bd52c64417fcaf7b4228b866e908f8f54a,190.6768472063578,566.0854219684821,478.96519844266936,756.7622691748396,478.96519844266936,original_V2_R0,0.0443625432999501,8.458909890490016,True,6.9999976550000005,exact_prior_group_Dxy_gt
GP_Is_7.0mm_closed_R5_single_refY,GP_Is_7.0mm_closed_R5_single_refY_004-kf03,video_keyframe,video:GP_Is_7.0mm_closed_R5_single_refY_004,310.0,R5,legacy_project/experiments/dxy_remeasurement_20260917/01_inputs/reextracted/gp/GP_Is_7.0mm_closed_R5_single_refY_004-kf03.jpg,7be1192affff5a083d56adec0803c2e0be9d9888fc4c3ed778dd76df17192a2e,formal_assets/masks/GP_Is_7.0mm_closed_R5_single_refY_004-kf03.png,c8c7713d24e3feff1678f149ab466a62d4f3db992c92f6287efa33e401b5ed3a,formal_assets/ring_json/GP_Is_7.0mm_closed_R5_single_refY_004-kf03.json,661e6d7d5597731a49c1ecd7fbd1455fadc7bd8cff71c063610a3ccbd9b1278a,raw/GP_Is_7.0mm_closed_R5_single_refY_004.mp4,efd01b381f6cfc357ff8b068126027bd52c64417fcaf7b4228b866e908f8f54a,190.3407135009768,574.5082235857669,383.4282018653071,385.8825540021237,408.9222009667242,original_V2_R0,0.0450190992511906,8.568967472642909,True,6.9999976550000005,exact_prior_group_Dxy_gt
GP_Is_7.0mm_closed_R5_single_refY,GP_Is_7.0mm_closed_R5_single_refY_004-kf05,video_keyframe,video:GP_Is_7.0mm_closed_R5_single_refY_004,593.0,R5,legacy_project/experiments/dxy_remeasurement_20260917/01_inputs/reextracted/gp/GP_Is_7.0mm_closed_R5_single_refY_004-kf05.jpg,0f401a1307ced9cef87383d1ee145c971896dcb4144128a61dbb9da05cc1f006,formal_assets/masks/GP_Is_7.0mm_closed_R5_single_refY_004-kf05.png,5b9d384517b7c21b65d61ca0e7375c416b7f337edf0dc27a01c48e2a7d2f1a16,formal_assets/ring_json/GP_Is_7.0mm_closed_R5_single_refY_004-kf05.json,f653b7ded4adf4b98f95cc872cce02906ad4f389747adae62f7baf2eb5e48c48,raw/GP_Is_7.0mm_closed_R5_single_refY_004.mp4,efd01b381f6cfc357ff8b068126027bd52c64417fcaf7b4228b866e908f8f54a,252.51084833166345,67.39485298931245,275.58637429329576,319.90570132097537,275.58637429329576,original_V2_R0,0.0376489490568402,9.5067680651383,True,6.9999976550000005,exact_prior_group_Dxy_gt
GP_Is_7.0mm_closed_R5_single_refY,GP_Is_7.0mm_closed_R5_single_refY_005-kf01,video_keyframe,video:GP_Is_7.0mm_closed_R5_single_refY_005,210.0,R5,legacy_project/experiments/dxy_remeasurement_20260917/01_inputs/reextracted/gp/GP_Is_7.0mm_closed_R5_single_refY_005-kf01.jpg,95480d8ee05e8a9bf4a1a36f6eb043f00f8e640511b30b8f15268deb31628b50,formal_assets/masks/GP_Is_7.0mm_closed_R5_single_refY_005-kf01.png,446c37acc10918093c2fb3c76e89948ca6d81eeb4b9ac1a08c41db50f544c983,formal_assets/ring_json/GP_Is_7.0mm_closed_R5_single_refY_005-kf01.json,7d251c7ec4dee0b7132c730725d3e09741dc775fbe425067efc6e81a008275b6,raw/GP_Is_7.0mm_closed_R5_single_refY_005.mp4,2295c42d587f7c1854d2cf437ae2b32bed5ca9c3cb181c626a9c9eaa9f11181c,228.17041887181352,509.93083292167177,351.89150526053265,738.1012517934851,351.89150526053265,original_V2_R0,0.0309137062494121,7.053593303808559,True,6.9999976550000005,exact_prior_group_Dxy_gt
GP_Is_7.0mm_closed_R5_single_refY,GP_Is_7.0mm_closed_R5_single_refY_005-kf02,video_keyframe,video:GP_Is_7.0mm_closed_R5_single_refY_005,219.0,R5,legacy_project/experiments/dxy_remeasurement_20260917/01_inputs/reextracted/gp/GP_Is_7.0mm_closed_R5_single_refY_005-kf02.jpg,e8d424e28a66821db437df6fcbb39af6c067a61d16db99cd9e8b097fdccb6928,formal_assets/masks/GP_Is_7.0mm_closed_R5_single_refY_005-kf02.png,b3da7c7fb27d32bab3be71eef64938609ab1ccfcb4f99a64c6d526854cf84e6c,formal_assets/ring_json/GP_Is_7.0mm_closed_R5_single_refY_005-kf02.json,d9fd7ec5587f07ff13e21ca3a6d6615ad93abb4ca736b97f01a4f4d385dd5fe4,raw/GP_Is_7.0mm_closed_R5_single_refY_005.mp4,2295c42d587f7c1854d2cf437ae2b32bed5ca9c3cb181c626a9c9eaa9f11181c,229.4658739021599,555.7538743247115,353.4289350087753,785.2197482268713,353.4289350087753,original_V2_R0,0.031475919787891,7.222649441002696,True,6.9999976550000005,exact_prior_group_Dxy_gt
GP_Is_7.0mm_closed_R5_single_refY,GP_Is_7.0mm_closed_R5_single_refY_005-kf03,video_keyframe,video:GP_Is_7.0mm_closed_R5_single_refY_005,566.0,R5,legacy_project/experiments/dxy_remeasurement_20260917/01_inputs/reextracted/gp/GP_Is_7.0mm_closed_R5_single_refY_005-kf03.jpg,4a79ad6458ad343c32d12fe8383e2d36b2b0ba12b7dc8e0047fa84936ea62bff,formal_assets/masks/GP_Is_7.0mm_closed_R5_single_refY_005-kf03.png,1b18b946b9ccadf49c7e1c1c8870045d8a944c28d36ef868dcc7c51bf012b9b0,formal_assets/ring_json/GP_Is_7.0mm_closed_R5_single_refY_005-kf03.json,11f2cd3331a32ce46bb1ebebb328c358f83a593008de5b0d04bacd0347857fff,raw/GP_Is_7.0mm_closed_R5_single_refY_005.mp4,2295c42d587f7c1854d2cf437ae2b32bed5ca9c3cb181c626a9c9eaa9f11181c,211.14967055559305,595.0202362548332,423.9627278791321,806.1699068104256,423.9627278791321,original_V2_R0,0.0343757864714788,7.25843598854216,True,6.9999976550000005,exact_prior_group_Dxy_gt
GP_Is_7.0mm_closed_R5_single_refY,GP_Is_7.0mm_closed_R5_single_refY_005-kf04,video_keyframe,video:GP_Is_7.0mm_closed_R5_single_refY_005,657.0,R5,legacy_project/experiments/dxy_remeasurement_20260917/01_inputs/reextracted/gp/GP_Is_7.0mm_closed_R5_single_refY_005-kf04.jpg,7d895a9b55655595dd2e27d6d08842fd1818c9f1fd800ea5d21b424c9d41dada,formal_assets/masks/GP_Is_7.0mm_closed_R5_single_refY_005-kf04.png,c90ba0c270716669a49ef7561f8fb293da6e3e1ea9780fe23cd0f3e81fe762c9,formal_assets/ring_json/GP_Is_7.0mm_closed_R5_single_refY_005-kf04.json,02cac67303f0774c9fafd0194ae3943e3ea03085880fcac4d1073a2faf4c67aa,raw/GP_Is_7.0mm_closed_R5_single_refY_005.mp4,2295c42d587f7c1854d2cf437ae2b32bed5ca9c3cb181c626a9c9eaa9f11181c,210.5213696724872,595.1087443401788,408.6831614594152,805.6301140126658,408.6831614594152,original_V2_R0,0.0364394048660528,7.671273422451731,True,6.9999976550000005,exact_prior_group_Dxy_gt
GP_Is_7.0mm_closed_R5_single_refY,GP_Is_7.0mm_closed_R5_single_refY_005-kf05,video_keyframe,video:GP_Is_7.0mm_closed_R5_single_refY_005,1050.0,R5,legacy_project/experiments/dxy_remeasurement_20260917/01_inputs/reextracted/gp/GP_Is_7.0mm_closed_R5_single_refY_005-kf05.jpg,3df1ffa29af2f1f5c2b64e32d3daaf3ab40570e0ce074e0bba386bcdf7bba607,formal_assets/masks/GP_Is_7.0mm_closed_R5_single_refY_005-kf05.png,3fcdd541d94ba7f2c47d9c97b179c4ec192b5afb79ff8c4fb4f900f8b9514fab,formal_assets/ring_json/GP_Is_7.0mm_closed_R5_single_refY_005-kf05.json,dab8f1d613a85d2aca2f179903c6b596e296f3fcb537b551e0dc277f8f18dca2,raw/GP_Is_7.0mm_closed_R5_single_refY_005.mp4,2295c42d587f7c1854d2cf437ae2b32bed5ca9c3cb181c626a9c9eaa9f11181c,244.5516425270525,569.0583451896545,402.3115315859917,813.6099877167063,402.3115315859917,original_V2_R0,0.0299954981121912,7.335448331753462,True,6.9999976550000005,exact_prior_group_Dxy_gt
GP_Is_7mm_closed_R10_single_refY,GP_Is_7mm_closed_R10_single_refY_001,photo,photo:GP_Is_7mm_closed_R10_single_refY_001,,R10,raw/GP_Is_7mm_closed_R10_single_refY_001.jpg,49c84362e15f4905978d0b536fb05d2dde462543cd533f94dc7f94a86c03a14f,formal_assets/masks/GP_Is_7mm_closed_R10_single_refY_001.png,f9c0dece5da5b747db64a619287f94099b76c5f6dcf593b08b1d984c4b1c1efd,formal_assets/ring_json/GP_Is_7mm_closed_R10_single_refY_001.json,a78b5e00f6a3a03a0dbd3015427b1d04f68d781ef0decff71d1ac58e9ce390de,,,369.1684570312516,868.9802526445311,509.955046756604,1236.8297449140623,541.1335762902711,original_V2_R0,0.0195887580328075,7.23155157813008,True,6.9999976550000005,same_paris_nominal_prior_Dxy_gt
GP_Is_7mm_closed_R10_single_refY,GP_Is_7mm_closed_R10_single_refY_002,photo,photo:GP_Is_7mm_closed_R10_single_refY_002,,R10,raw/GP_Is_7mm_closed_R10_single_refY_002.jpg,49df22c7e0210425cee623e584821ee9dfe64075c47aef2badf5796026b7a409,formal_assets/masks/GP_Is_7mm_closed_R10_single_refY_002.png,d05518aaa2180e13b6f7e17c07756969efdf53cc1558f19c94f27392fcacba0f,formal_assets/ring_json/GP_Is_7mm_closed_R10_single_refY_002.json,05dd33d5adc6a9d663e0562af2085379d39417f689b06ca9092864be0da9cab2,,,318.80825805664125,1247.5612081600964,489.1870256724409,931.303660003966,529.4346173939654,original_V2_R0,0.0221094125790601,7.048663310985742,True,6.9999976550000005,same_paris_nominal_prior_Dxy_gt
GP_Is_7mm_closed_R10_single_refY,GP_Is_7mm_closed_R10_single_refY_003,photo,photo:GP_Is_7mm_closed_R10_single_refY_003,,R10,raw/GP_Is_7mm_closed_R10_single_refY_003.jpg,8a238503badc3b98f8d7e41b47926941c8b2a5323a04fff527b74fe58ea32060,formal_assets/masks/GP_Is_7mm_closed_R10_single_refY_003.png,80748dbfc36a6a8f0b3981d5e8ade997bbe992344feec5f263fc9a830bc9937a,formal_assets/ring_json/GP_Is_7mm_closed_R10_single_refY_003.json,4fb27d983972e58cd6c5b530aba9a2e66b571505cee351015d5081648b55b20f,,,387.2797600209048,432.407441269524,480.4129391950727,819.6872012904287,480.4129391950727,original_V2_R0,0.0178838252131154,6.926043536791139,True,6.9999976550000005,same_paris_nominal_prior_Dxy_gt
GP_Is_7mm_closed_R10_single_refY,GP_Is_7mm_closed_R10_single_refY_004-kf01,video_keyframe,video:GP_Is_7mm_closed_R10_single_refY_004,21.0,R10,legacy_project/experiments/dxy_remeasurement_20260917/01_inputs/reextracted/gp/GP_Is_7mm_closed_R10_single_refY_004-kf01.jpg,aeed1e6257d2dd6cb57feb7e177fbd3c2723074b52fdf04d0143e39574bfd8c6,formal_assets/masks/GP_Is_7mm_closed_R10_single_refY_004-kf01.png,36dd741b4d3716f433fc2d500a4e0a42871fa8e5b7f491024fc4a3c079b10c36,formal_assets/ring_json/GP_Is_7mm_closed_R10_single_refY_004-kf01.json,8f260e4b486feb71751f19635ceada93616f9f82c14c0e02a7fca4d41659e036,raw/GP_Is_7mm_closed_R10_single_refY_004.mp4,b3519a13c5ddc309871c3767589174200a5e4805ca542d949f3c19eebff70e6e,208.76455688476565,363.7159289908264,453.23644479190216,570.638166468158,480.9100395830978,original_V2_R0,0.0350058804281255,7.307987115938712,True,6.9999976550000005,same_paris_nominal_prior_Dxy_gt
GP_Is_7mm_closed_R10_single_refY,GP_Is_7mm_closed_R10_single_refY_004-kf02,video_keyframe,video:GP_Is_7mm_closed_R10_single_refY_004,191.0,R10,legacy_project/experiments/dxy_remeasurement_20260917/01_inputs/reextracted/gp/GP_Is_7mm_closed_R10_single_refY_004-kf02.jpg,a195909a07f3afff41c040b70d0b3f4daaf28a517af967983ddce632b45a6e6a,formal_assets/masks/GP_Is_7mm_closed_R10_single_refY_004-kf02.png,6e81e19cee00256652f0c81a9f7633860e8ae6036f24537f93db87bf15ece8ba,formal_assets/ring_json/GP_Is_7mm_closed_R10_single_refY_004-kf02.json,c33aa4ae3ddb3fb20e11d4fa02c29d047f18429da3393504ac5cf7eacf907ad1,raw/GP_Is_7mm_closed_R10_single_refY_004.mp4,b3519a13c5ddc309871c3767589174200a5e4805ca542d949f3c19eebff70e6e,210.5768947080657,532.8618049334352,399.8310529827205,743.4386996415005,399.8310529827205,original_V2_R0,0.0382619937712164,8.057091833682101,True,6.9999976550000005,same_paris_nominal_prior_Dxy_gt
GP_Is_7mm_closed_R10_single_refY,GP_Is_7mm_closed_R10_single_refY_004-kf03,video_keyframe,video:GP_Is_7mm_closed_R10_single_refY_004,340.0,R10,legacy_project/experiments/dxy_remeasurement_20260917/01_inputs/reextracted/gp/GP_Is_7mm_closed_R10_single_refY_004-kf03.jpg,ae45b5a204fa316fe86f5d4dccceec0f6c0edc161981ef65556580db7c849381,formal_assets/masks/GP_Is_7mm_closed_R10_single_refY_004-kf03.png,b3b5113efc7d2eaec91ed843a29dcd2408b68b1f97159a159e2f729d2f2b5945,formal_assets/ring_json/GP_Is_7mm_closed_R10_single_refY_004-kf03.json,2699a75ab0f7643a327b894a87dc683a455bc9fe25779f688d93454fe8a85d77,raw/GP_Is_7mm_closed_R10_single_refY_004.mp4,b3519a13c5ddc309871c3767589174200a5e4805ca542d949f3c19eebff70e6e,206.22656250000023,624.7762382721302,412.88744781794,826.9812080169323,453.41577483831,original_V2_R0,0.0355528435710687,7.331940716761731,True,6.9999976550000005,same_paris_nominal_prior_Dxy_gt
GP_Is_7mm_closed_R10_single_refY,GP_Is_7mm_closed_R10_single_refY_004-kf04,video_keyframe,video:GP_Is_7mm_closed_R10_single_refY_004,666.0,R10,legacy_project/experiments/dxy_remeasurement_20260917/01_inputs/reextracted/gp/GP_Is_7mm_closed_R10_single_refY_004-kf04.jpg,8cc722d4276dc3bea4d19ebd442634197cf729f3c94ea2029fd36b160bce6f07,formal_assets/masks/GP_Is_7mm_closed_R10_single_refY_004-kf04.png,f37cd7736e1dd42f50e4d7daa4877da1968c198f165395ea4d7650ad32c61137,formal_assets/ring_json/GP_Is_7mm_closed_R10_single_refY_004-kf04.json,1159f2b09d98f1f1b09853ad77c14f4b6fa07487e8ecc83fee6bb7304a60e4f0,raw/GP_Is_7mm_closed_R10_single_refY_004.mp4,b3519a13c5ddc309871c3767589174200a5e4805ca542d949f3c19eebff70e6e,261.327178955079,622.3126157925076,294.5163473698676,883.5185609653049,302.4755349543512,original_V2_R0,0.0276274815874402,7.219811824879134,True,6.9999976550000005,same_paris_nominal_prior_Dxy_gt
GP_Is_7mm_closed_R10_single_refY,GP_Is_7mm_closed_R10_single_refY_004-kf05,video_keyframe,video:GP_Is_7mm_closed_R10_single_refY_004,702.0,R10,legacy_project/experiments/dxy_remeasurement_20260917/01_inputs/reextracted/gp/GP_Is_7mm_closed_R10_single_refY_004-kf05.jpg,a190f60d1113691a1d1db48dfa67629e67e29298876f20fc512a788bd07eda26,formal_assets/masks/GP_Is_7mm_closed_R10_single_refY_004-kf05.png,fe2a52c53f633f7ef01e32ecc2705732558fb22ec82f51da74e7e2f2842eec04,formal_assets/ring_json/GP_Is_7mm_closed_R10_single_refY_004-kf05.json,1f2d7a11537eeaca05ab8c313672400fe2edc09cee6f4e84aa16b8c08e816ac1,raw/GP_Is_7mm_closed_R10_single_refY_004.mp4,b3519a13c5ddc309871c3767589174200a5e4805ca542d949f3c19eebff70e6e,272.5472412109382,840.9348831927495,256.11077157297035,568.4012374127193,258.8330150481234,original_V2_R0,0.0271970602474477,7.412483739489546,True,6.9999976550000005,same_paris_nominal_prior_Dxy_gt
GP_Is_7mm_closed_R10_single_refY,GP_Is_7mm_closed_R10_single_refY_005-kf01,video_keyframe,video:GP_Is_7mm_closed_R10_single_refY_005,45.0,R10,legacy_project/experiments/dxy_remeasurement_20260917/01_inputs/reextracted/gp/GP_Is_7mm_closed_R10_single_refY_005-kf01.jpg,b1038516956a216ad333420d33e57729c33ac63781ef3f6430006f8b3a528d1c,formal_assets/masks/GP_Is_7mm_closed_R10_single_refY_005-kf01.png,ed56f6c6c06a4a0d7a315c00d116b3dd2eeaf70bb68cf03f7ce92687fb1de91a,formal_assets/ring_json/GP_Is_7mm_closed_R10_single_refY_005-kf01.json,7ac965360ed9b248bc0caebe8b3192bd3b060275ca4633abec00ee09abbdf25f,raw/GP_Is_7mm_closed_R10_single_refY_005.mp4,49a2da41d0a8e6d8b6257478b0574f328f800cbdfac1fb99bcdb69047baa242b,237.03225708007824,555.8684150177538,281.289217109196,783.0532158416212,348.90102947283526,original_V2_R0,0.0298062105125471,7.065033352792995,True,6.9999976550000005,same_paris_nominal_prior_Dxy_gt
GP_Is_7mm_closed_R10_single_refY,GP_Is_7mm_closed_R10_single_refY_005-kf02,video_keyframe,video:GP_Is_7mm_closed_R10_single_refY_005,253.0,R10,legacy_project/experiments/dxy_remeasurement_20260917/01_inputs/reextracted/gp/GP_Is_7mm_closed_R10_single_refY_005-kf02.jpg,dcf2889e452bac62e63f3187ec69e0576aae9abe9fdb12e0d8ad8f5d1d5f190a,formal_assets/masks/GP_Is_7mm_closed_R10_single_refY_005-kf02.png,7a01964b10f017359093791cf45c9943b65ed2d294d3d199b1791560cdf836e7,formal_assets/ring_json/GP_Is_7mm_closed_R10_single_refY_005-kf02.json,36a1887776b2b4877152d0cddd78dd1755119a7d95784951c8e8ac4d5624320e,raw/GP_Is_7mm_closed_R10_single_refY_005.mp4,49a2da41d0a8e6d8b6257478b0574f328f800cbdfac1fb99bcdb69047baa242b,236.5137176513673,578.2839701826608,187.60527629031589,343.9781147782767,219.84662800655911,original_V2_R0,0.0300952581783368,7.117941395436152,True,6.9999976550000005,same_paris_nominal_prior_Dxy_gt
GP_Is_7mm_closed_R10_single_refY,GP_Is_7mm_closed_R10_single_refY_005-kf03,video_keyframe,video:GP_Is_7mm_closed_R10_single_refY_005,360.0,R10,legacy_project/experiments/dxy_remeasurement_20260917/01_inputs/reextracted/gp/GP_Is_7mm_closed_R10_single_refY_005-kf03.jpg,2b4ff81c3a4829dee3b820f42149ceb735e4dd7acc240fc6d352fa70b33d4f3a,formal_assets/masks/GP_Is_7mm_closed_R10_single_refY_005-kf03.png,3d1cfffe5bddc879ca20104b70ab11dbf243b352d078344820d33afb9c15c3af,formal_assets/ring_json/GP_Is_7mm_closed_R10_single_refY_005-kf03.json,08e9996032a3d1d1042ed0d4aa4416cefc04626d99a3b3c971a34bce2857040f,raw/GP_Is_7mm_closed_R10_single_refY_005.mp4,49a2da41d0a8e6d8b6257478b0574f328f800cbdfac1fb99bcdb69047baa242b,242.74575805664088,690.2444933392061,214.9041638352961,456.2611218951689,279.5360827467351,original_V2_R0,0.0291788809300768,7.083049570615955,True,6.9999976550000005,same_paris_nominal_prior_Dxy_gt
GP_Is_7mm_closed_R10_single_refY,GP_Is_7mm_closed_R10_single_refY_005-kf04,video_keyframe,video:GP_Is_7mm_closed_R10_single_refY_005,523.0,R10,legacy_project/experiments/dxy_remeasurement_20260917/01_inputs/reextracted/gp/GP_Is_7mm_closed_R10_single_refY_005-kf04.jpg,e0659d2e220d7a3711df84afdb60439465c7a900ccd43986454e95c35b45c34c,formal_assets/masks/GP_Is_7mm_closed_R10_single_refY_005-kf04.png,4aa947c41fc61350c4b73a812b7a84d33ce766d359d0d817c38e37b4116b6816,formal_assets/ring_json/GP_Is_7mm_closed_R10_single_refY_005-kf04.json,76c23fa0a3dbfd32fcad7e854ee442eebda12d3931b63138a0dc86d979bad5e3,raw/GP_Is_7mm_closed_R10_single_refY_005.mp4,49a2da41d0a8e6d8b6257478b0574f328f800cbdfac1fb99bcdb69047baa242b,229.19753406938068,533.425302525395,252.9431742208577,762.6228365947754,252.9431742208577,original_V2_R0,0.0297492782613377,6.818461217842433,True,6.9999976550000005,same_paris_nominal_prior_Dxy_gt
GP_Is_7mm_closed_R10_single_refY,GP_Is_7mm_closed_R10_single_refY_005-kf05,video_keyframe,video:GP_Is_7mm_closed_R10_single_refY_005,569.0,R10,legacy_project/experiments/dxy_remeasurement_20260917/01_inputs/reextracted/gp/GP_Is_7mm_closed_R10_single_refY_005-kf05.jpg,bd807c4093550cdd9cd5394fdb5e3d490796f5c1566c6631a0ab1c508b26b292,formal_assets/masks/GP_Is_7mm_closed_R10_single_refY_005-kf05.png,98a44d23c8ef5fb7210bfd35718cebcc75f98c3aec94f6c5fa901f2ac7d643e8,formal_assets/ring_json/GP_Is_7mm_closed_R10_single_refY_005-kf05.json,e4b440bdab43c963615573a3c0bb6de75da199e8820b98db76ec7db645b2f3f6,raw/GP_Is_7mm_closed_R10_single_refY_005.mp4,49a2da41d0a8e6d8b6257478b0574f328f800cbdfac1fb99bcdb69047baa242b,228.96090670043597,593.2527098666851,253.5885953629682,822.2136165671209,253.5885953629682,original_V2_R0,0.0304278347830229,6.966784640851986,True,6.9999976550000005,same_paris_nominal_prior_Dxy_gt
GP_Is_8.8mm_closed_R10_single_refY,GP_Is_8.8mm_closed_R10_single_refY_001,photo,photo:GP_Is_8.8mm_closed_R10_single_refY_001,,R10,raw/GP_Is_8.8mm_closed_R10_single_refY_001.jpg,c0c49f93160882e0979311cad51ac545480c43b81c9a4ebf4c036ab0fcb69b1d,formal_assets/masks/GP_Is_8.8mm_closed_R10_single_refY_001.png,11cc9255bd512650858ec0fc257cc6e678f4851a70b1cd2fb8a21b856075ecf0,formal_assets/ring_json/GP_Is_8.8mm_closed_R10_single_refY_001.json,49fa375c041a4e0589d4a039b08de7455995a47d2870d7031668639c436c6e8a,,,,,,,,invalid,0.0198921955670902,,False,8.799997158,exact_prior_group_Dxy_gt
GP_Is_8.8mm_closed_R10_single_refY,GP_Is_8.8mm_closed_R10_single_refY_002,photo,photo:GP_Is_8.8mm_closed_R10_single_refY_002,,R10,raw/GP_Is_8.8mm_closed_R10_single_refY_002.jpg,e46a24394526e3ae6334c09e7d67af327720a936a986c2649b9edccee48af0c2,formal_assets/masks/GP_Is_8.8mm_closed_R10_single_refY_002.png,495889dcf34ee5c99573f012390e912da07ca6e156f0e8e1c7654eb0e8876c33,formal_assets/ring_json/GP_Is_8.8mm_closed_R10_single_refY_002.json,353c75644f0819350b5b407c0ff5c41c927ee3b998e012c3b941775d3affb21c,,,,,,,,invalid,0.0296694878092793,,False,8.799997158,exact_prior_group_Dxy_gt
GP_Is_8.8mm_closed_R10_single_refY,GP_Is_8.8mm_closed_R10_single_refY_003,photo,photo:GP_Is_8.8mm_closed_R10_single_refY_003,,R10,raw/GP_Is_8.8mm_closed_R10_single_refY_003.jpg,3cbbd7c1d1ce238f2d352f1a0fc3b784d849cc5c17d7356372ebbcaaeb7f4605,formal_assets/masks/GP_Is_8.8mm_closed_R10_single_refY_003.png,ed7028885d4983904f9e2a48ab6d7fd8f97d5b7088cb0bf8490011d445b2cf46,formal_assets/ring_json/GP_Is_8.8mm_closed_R10_single_refY_003.json,3c4129a95d158317ca5ab23c0986e62d587beadbac24152e53df3c68e1c3b358,,,334.7879757713084,948.3356331540516,594.4174285580455,1283.123608925359,594.4174285580455,original_V2_R0,0.0253019177120913,8.47077781396326,True,8.799997158,exact_prior_group_Dxy_gt
GP_Is_8.8mm_closed_R10_single_refY,GP_Is_8.8mm_closed_R10_single_refY_004-kf01,video_keyframe,video:GP_Is_8.8mm_closed_R10_single_refY_004,96.0,R10,legacy_project/experiments/dxy_remeasurement_20260917/01_inputs/reextracted/gp/GP_Is_8.8mm_closed_R10_single_refY_004-kf01.jpg,05df28bd782918b3a4db683a75d7fc2d321672bf1129180b7b0e3d7ad5532953,formal_assets/masks/GP_Is_8.8mm_closed_R10_single_refY_004-kf01.png,c533dbb5a33f1456fdd4f9c29defb3aa1b708b3b44cccd0bf0ec39e83885e137,formal_assets/ring_json/GP_Is_8.8mm_closed_R10_single_refY_004-kf01.json,c5d67cbb19bb0bf1cb6b40f3c3a145c927bdb7f9848464dc73c0342d20826ef5,raw/GP_Is_8.8mm_closed_R10_single_refY_004.mp4,73e465c737286d3be133cd92db15489b4abc10712a42fef66e010cd1b3bc4741,,,,,,invalid,0.032266879232086,,False,8.799997158,exact_prior_group_Dxy_gt
GP_Is_8.8mm_closed_R10_single_refY,GP_Is_8.8mm_closed_R10_single_refY_004-kf02,video_keyframe,video:GP_Is_8.8mm_closed_R10_single_refY_004,167.0,R10,legacy_project/experiments/dxy_remeasurement_20260917/01_inputs/reextracted/gp/GP_Is_8.8mm_closed_R10_single_refY_004-kf02.jpg,3ad00584e23f0d7ef7b5102bfa223b4d992e38793ccb55994c15ff3801ff47d6,formal_assets/masks/GP_Is_8.8mm_closed_R10_single_refY_004-kf02.png,e9baeb960f2397dbd06d3db7f235e3f7d63e3ee8dcfe5cca1a7adeaeaded697a,formal_assets/ring_json/GP_Is_8.8mm_closed_R10_single_refY_004-kf02.json,849fa231964b6ad88ddd72c154a500e89a05615d73d47c969abb2d4989066d10,raw/GP_Is_8.8mm_closed_R10_single_refY_004.mp4,73e465c737286d3be133cd92db15489b4abc10712a42fef66e010cd1b3bc4741,,,,,,invalid,0.0329569156317845,,False,8.799997158,exact_prior_group_Dxy_gt
GP_Is_8.8mm_closed_R10_single_refY,GP_Is_8.8mm_closed_R10_single_refY_004-kf03,video_keyframe,video:GP_Is_8.8mm_closed_R10_single_refY_004,443.0,R10,legacy_project/experiments/dxy_remeasurement_20260917/01_inputs/reextracted/gp/GP_Is_8.8mm_closed_R10_single_refY_004-kf03.jpg,60da72287f570a383e55ef8aa5800fe07f8cb4c39e57eba78d613462012245cb,formal_assets/masks/GP_Is_8.8mm_closed_R10_single_refY_004-kf03.png,38f296227f0b3e3ec50d35925aa8e21f7f2d26dbc4b4396fc5cfe51bdfe260c2,formal_assets/ring_json/GP_Is_8.8mm_closed_R10_single_refY_004-kf03.json,88c37a64d3df67c516315cec5e2f01263701cdfc7a6e2074c8a8f6b9f63e19d4,raw/GP_Is_8.8mm_closed_R10_single_refY_004.mp4,73e465c737286d3be133cd92db15489b4abc10712a42fef66e010cd1b3bc4741,,,,,,invalid,0.0342925687329592,,False,8.799997158,exact_prior_group_Dxy_gt
GP_Is_8.8mm_closed_R10_single_refY,GP_Is_8.8mm_closed_R10_single_refY_004-kf04,video_keyframe,video:GP_Is_8.8mm_closed_R10_single_refY_004,507.0,R10,legacy_project/experiments/dxy_remeasurement_20260917/01_inputs/reextracted/gp/GP_Is_8.8mm_closed_R10_single_refY_004-kf04.jpg,b2d635a4b3ced4a263b294a6c8a3689ade6b6fa32e1c21b5f832131eee1c2aca,formal_assets/masks/GP_Is_8.8mm_closed_R10_single_refY_004-kf04.png,bcc96595b36736941ae5e14be37eac701f1335d16e9afa8ec893e00814d9505e,formal_assets/ring_json/GP_Is_8.8mm_closed_R10_single_refY_004-kf04.json,67929fc37eccfca690c76450c22784a98a5dfa4544ee977325ee7be82bf451ed,raw/GP_Is_8.8mm_closed_R10_single_refY_004.mp4,73e465c737286d3be133cd92db15489b4abc10712a42fef66e010cd1b3bc4741,,,,,,invalid,0.0372130293754439,,False,8.799997158,exact_prior_group_Dxy_gt
GP_Is_8.8mm_closed_R10_single_refY,GP_Is_8.8mm_closed_R10_single_refY_004-kf05,video_keyframe,video:GP_Is_8.8mm_closed_R10_single_refY_004,636.0,R10,legacy_project/experiments/dxy_remeasurement_20260917/01_inputs/reextracted/gp/GP_Is_8.8mm_closed_R10_single_refY_004-kf05.jpg,306f1cf6ee59a173ef107ee850e550fcd642d191dd567cda71a4c8c94c6f9f84,formal_assets/masks/GP_Is_8.8mm_closed_R10_single_refY_004-kf05.png,a3f7355d2dd5fdbd81e1f9cf0c619f8780557958fe14f7e2295068aa0e2f9f07,formal_assets/ring_json/GP_Is_8.8mm_closed_R10_single_refY_004-kf05.json,12fb949bd24ef2fce432b1bb32518f7c0629ab3d14afed047395e39a1ee83f40,raw/GP_Is_8.8mm_closed_R10_single_refY_004.mp4,73e465c737286d3be133cd92db15489b4abc10712a42fef66e010cd1b3bc4741,,,,,,invalid,0.037424224739048,,False,8.799997158,exact_prior_group_Dxy_gt
GP_Is_8.8mm_closed_R10_single_refY,GP_Is_8.8mm_closed_R10_single_refY_005-kf01,video_keyframe,video:GP_Is_8.8mm_closed_R10_single_refY_005,162.0,R10,legacy_project/experiments/dxy_remeasurement_20260917/01_inputs/reextracted/gp/GP_Is_8.8mm_closed_R10_single_refY_005-kf01.jpg,70f3ec507141d18da2a5e18f47d09ae7a30b275d1e6d16fb32bf68d92a932964,formal_assets/masks/GP_Is_8.8mm_closed_R10_single_refY_005-kf01.png,5fb4acbc92a52f308e3b29ac5fe48f26e939b90e79757144be12ac320c3fce8f,formal_assets/ring_json/GP_Is_8.8mm_closed_R10_single_refY_005-kf01.json,1cebb23656641dd250ed1998a876db3775a15726d86c9f43478368982a9c3502,raw/GP_Is_8.8mm_closed_R10_single_refY_005.mp4,a6d4e17d72e442cf3b29e2d2a89cc0774bc31640f042e65bfa49797e3f57434e,,,,,,invalid,0.0410113205412423,,False,8.799997158,exact_prior_group_Dxy_gt
GP_Is_8.8mm_closed_R10_single_refY,GP_Is_8.8mm_closed_R10_single_refY_005-kf02,video_keyframe,video:GP_Is_8.8mm_closed_R10_single_refY_005,410.0,R10,legacy_project/experiments/dxy_remeasurement_20260917/01_inputs/reextracted/gp/GP_Is_8.8mm_closed_R10_single_refY_005-kf02.jpg,58eb7f2e4a37a4febc4baf1cdbd890a800585131d832e955dada4e774c514a4e,formal_assets/masks/GP_Is_8.8mm_closed_R10_single_refY_005-kf02.png,2d42c4952b6f3d745a43d586f212294f540f0cd78c92c34ba19e9865257ca73f,formal_assets/ring_json/GP_Is_8.8mm_closed_R10_single_refY_005-kf02.json,a9fabf1ca3b8461509e66b6956d23b5139757add81f414c6cf958669158cf316,raw/GP_Is_8.8mm_closed_R10_single_refY_005.mp4,a6d4e17d72e442cf3b29e2d2a89cc0774bc31640f042e65bfa49797e3f57434e,,,,,,invalid,0.0426644001204102,,False,8.799997158,exact_prior_group_Dxy_gt
GP_Is_8.8mm_closed_R10_single_refY,GP_Is_8.8mm_closed_R10_single_refY_005-kf03,video_keyframe,video:GP_Is_8.8mm_closed_R10_single_refY_005,468.0,R10,legacy_project/experiments/dxy_remeasurement_20260917/01_inputs/reextracted/gp/GP_Is_8.8mm_closed_R10_single_refY_005-kf03.jpg,2fd09f20cfd096667e65c79ecce68673cb406a5ef1108e507424db0840c65384,formal_assets/masks/GP_Is_8.8mm_closed_R10_single_refY_005-kf03.png,0af373e311a09b579b17c047e317d6fadfd9b7611dd469a2b3226024f7d74753,formal_assets/ring_json/GP_Is_8.8mm_closed_R10_single_refY_005-kf03.json,cb11658edd4df2900e41889ae7948643726d7ddd7bd12cd193af2ee39b91d594,raw/GP_Is_8.8mm_closed_R10_single_refY_005.mp4,a6d4e17d72e442cf3b29e2d2a89cc0774bc31640f042e65bfa49797e3f57434e,,,,,,invalid,0.0446219779173773,,False,8.799997158,exact_prior_group_Dxy_gt
GP_Is_8.8mm_closed_R10_single_refY,GP_Is_8.8mm_closed_R10_single_refY_005-kf04,video_keyframe,video:GP_Is_8.8mm_closed_R10_single_refY_005,773.0,R10,legacy_project/experiments/dxy_remeasurement_20260917/01_inputs/reextracted/gp/GP_Is_8.8mm_closed_R10_single_refY_005-kf04.jpg,1e49b41466a065b905312478a96b606a5a3f57a6cea549100beb65643c424d1d,formal_assets/masks/GP_Is_8.8mm_closed_R10_single_refY_005-kf04.png,f25d3baf2d13f72a866bbf420680880b3f48034dd408b20768b282cc9baf6d05,formal_assets/ring_json/GP_Is_8.8mm_closed_R10_single_refY_005-kf04.json,3ae9d9e0bd4399b1d9eb5de27790d2602aa7d2d17800e789b203790215d6718b,raw/GP_Is_8.8mm_closed_R10_single_refY_005.mp4,a6d4e17d72e442cf3b29e2d2a89cc0774bc31640f042e65bfa49797e3f57434e,,,,,,invalid,0.0415811548845992,,False,8.799997158,exact_prior_group_Dxy_gt
GP_Is_8.8mm_closed_R10_single_refY,GP_Is_8.8mm_closed_R10_single_refY_005-kf05,video_keyframe,video:GP_Is_8.8mm_closed_R10_single_refY_005,1060.0,R10,legacy_project/experiments/dxy_remeasurement_20260917/01_inputs/reextracted/gp/GP_Is_8.8mm_closed_R10_single_refY_005-kf05.jpg,0bb9abdc81f55ea0d2e783f9bca02fa82fa73c172fad38f53eac97e6a7f96087,formal_assets/masks/GP_Is_8.8mm_closed_R10_single_refY_005-kf05.png,7b483b2151dd14c80a5f45e72f2544b5d91950077c398f41cab5f8f57a7f4207,formal_assets/ring_json/GP_Is_8.8mm_closed_R10_single_refY_005-kf05.json,34072e1c0ad9a107a6770a0260fbf6d0080464dc429b68cf4aa3bc4c76baa081,raw/GP_Is_8.8mm_closed_R10_single_refY_005.mp4,a6d4e17d72e442cf3b29e2d2a89cc0774bc31640f042e65bfa49797e3f57434e,400.09780883789153,713.3711034052611,381.3680941355677,368.6293238408326,584.4231656300573,original_V2_R0,0.0322119825272014,12.887943627457728,True,8.799997158,exact_prior_group_Dxy_gt
GP_Is_8.8mm_closed_R5_single_refY,GP_Is_8.8mm_closed_R5_single_refY_001,photo,photo:GP_Is_8.8mm_closed_R5_single_refY_001,,R5,raw/GP_Is_8.8mm_closed_R5_single_refY_001.jpg,a788aa9138ddb8e3e1399b1a85e322d5dfc0cb4874f750953a05e329a5d4abe9,formal_assets/masks/GP_Is_8.8mm_closed_R5_single_refY_001.png,765e66b76ee2afd02f44b167d56f942e844beb908dbe03bfafcc094ecde7b778,formal_assets/ring_json/GP_Is_8.8mm_closed_R5_single_refY_001.json,86b6324d82542f13f969b434531e3963f0c765a4b205aa28051c06c9ef399b35,,,410.19219970703233,776.970586911587,537.0560704702341,1179.8859804712256,613.9769800668753,original_V2_R0,0.023654799322581,9.70301416775792,True,8.799997158,exact_prior_group_Dxy_gt
GP_Is_8.8mm_closed_R5_single_refY,GP_Is_8.8mm_closed_R5_single_refY_002,photo,photo:GP_Is_8.8mm_closed_R5_single_refY_002,,R5,raw/GP_Is_8.8mm_closed_R5_single_refY_002.jpg,056a9f48e509045c5839ea6df542538e2cae3d3c9e2772c77112acbf5e0a98ab,formal_assets/masks/GP_Is_8.8mm_closed_R5_single_refY_002.png,6b46dcecb944f44d702c3d3e164730d23c9389b0f1b22ba9a2b28ce294cd422c,formal_assets/ring_json/GP_Is_8.8mm_closed_R5_single_refY_002.json,fceed6879a12c84c4a050dae630258b3ee6e5146ace60c520435223b528eb098,,,430.4927062988301,1255.8861496848297,759.0281003813249,825.4498488503266,765.9966798921126,original_V2_R0,0.0203701501459348,8.76920106403698,True,8.799997158,exact_prior_group_Dxy_gt
GP_Is_8.8mm_closed_R5_single_refY,GP_Is_8.8mm_closed_R5_single_refY_003,photo,photo:GP_Is_8.8mm_closed_R5_single_refY_003,,R5,raw/GP_Is_8.8mm_closed_R5_single_refY_003.jpg,83035552dd6fbfa9b35548964aa9b1568c44059929e057708d8c82917c9ec131,formal_assets/masks/GP_Is_8.8mm_closed_R5_single_refY_003.png,83177b2be52c5c68cb0ca9519ab343c6964cf95870e7583c9ac1359c16713d2f,formal_assets/ring_json/GP_Is_8.8mm_closed_R5_single_refY_003.json,e5ca8841e010e223f5649f6ec26606732bc18eef0af6853cb99fc56be29ae713,,,353.1601395830649,801.6002861112838,639.6331393991334,1154.760425694348,639.6331393991334,original_V2_R0,0.0246300568171995,8.698354303500995,True,8.799997158,exact_prior_group_Dxy_gt
GP_Is_8.8mm_closed_R5_single_refY,GP_Is_8.8mm_closed_R5_single_refY_004-kf01,video_keyframe,video:GP_Is_8.8mm_closed_R5_single_refY_004,170.0,R5,legacy_project/experiments/dxy_remeasurement_20260917/01_inputs/reextracted/gp/GP_Is_8.8mm_closed_R5_single_refY_004-kf01.jpg,1541b6999022a00b80f8a8b914503d3643a27ee86b98b6fa48a01086d253f573,formal_assets/masks/GP_Is_8.8mm_closed_R5_single_refY_004-kf01.png,f2a71d0ec33498ea70f144c2b6efb93067d66a84d3470d783af81b4f62a0ca38,formal_assets/ring_json/GP_Is_8.8mm_closed_R5_single_refY_004-kf01.json,75e47bab2e7fc31766b6dadddcf0d5f9e2d1f54c68d0ea0a4178250bc0c4aa72,raw/GP_Is_8.8mm_closed_R5_single_refY_004.mp4,15aa3907f20dceea04308009b33f0ce81d091581925c52a976990fca417490b1,379.2548648735989,353.5755024558607,299.3957887992428,732.8303673294595,299.3957887992428,original_V2_R0,0.0349809173160558,13.26668306985528,True,8.799997158,exact_prior_group_Dxy_gt
GP_Is_8.8mm_closed_R5_single_refY,GP_Is_8.8mm_closed_R5_single_refY_004-kf02,video_keyframe,video:GP_Is_8.8mm_closed_R5_single_refY_004,332.0,R5,legacy_project/experiments/dxy_remeasurement_20260917/01_inputs/reextracted/gp/GP_Is_8.8mm_closed_R5_single_refY_004-kf02.jpg,e28931b4802a045f96dc717d09690da42a89fab0adf7fee462db6bebdb2d1c56,formal_assets/masks/GP_Is_8.8mm_closed_R5_single_refY_004-kf02.png,1d7230aae133a562c093c60271731865c0e3b059de6f20793efcf26c68027745,formal_assets/ring_json/GP_Is_8.8mm_closed_R5_single_refY_004-kf02.json,78a38c453df4c6236f14c48b972ea402997ff7d345c8d140dfc2bdcc2efe515d,raw/GP_Is_8.8mm_closed_R5_single_refY_004.mp4,15aa3907f20dceea04308009b33f0ce81d091581925c52a976990fca417490b1,291.7793273925781,466.0330077901153,333.75707300803697,736.7386291727753,442.6315073142287,original_V2_R0,0.0343310587749654,10.017093238034471,True,8.799997158,exact_prior_group_Dxy_gt
GP_Is_8.8mm_closed_R5_single_refY,GP_Is_8.8mm_closed_R5_single_refY_004-kf03,video_keyframe,video:GP_Is_8.8mm_closed_R5_single_refY_004,416.0,R5,legacy_project/experiments/dxy_remeasurement_20260917/01_inputs/reextracted/gp/GP_Is_8.8mm_closed_R5_single_refY_004-kf03.jpg,a7207ac876b612a323cb42af84b9978dac5b8ae40092f0cb76d452a3c21e64b2,formal_assets/masks/GP_Is_8.8mm_closed_R5_single_refY_004-kf03.png,2efd3ea090312ce2f42139d5d175927969e42be8a1ea45c9cd9d5799ee2f61e5,formal_assets/ring_json/GP_Is_8.8mm_closed_R5_single_refY_004-kf03.json,6853d53a79bbf841a41e057fac1c2f50c3fb7294c88b856bd50223a1fdbedc86,raw/GP_Is_8.8mm_closed_R5_single_refY_004.mp4,15aa3907f20dceea04308009b33f0ce81d091581925c52a976990fca417490b1,294.2551879882812,544.0722410008931,378.5259607865436,819.5964296534038,481.83393301228455,original_V2_R0,0.0326830893339105,9.617168595987623,True,8.799997158,exact_prior_group_Dxy_gt
GP_Is_8.8mm_closed_R5_single_refY,GP_Is_8.8mm_closed_R5_single_refY_004-kf04,video_keyframe,video:GP_Is_8.8mm_closed_R5_single_refY_004,799.0,R5,legacy_project/experiments/dxy_remeasurement_20260917/01_inputs/reextracted/gp/GP_Is_8.8mm_closed_R5_single_refY_004-kf04.jpg,f8554bb9b69aeda7ccb05a66a14d947dc0c245f2770932df5ca8a6de7ed75c3e,formal_assets/masks/GP_Is_8.8mm_closed_R5_single_refY_004-kf04.png,c9b97104a1119698a086f27fc286465e1840e6c29183e5d9b1c845cd5040c7e6,formal_assets/ring_json/GP_Is_8.8mm_closed_R5_single_refY_004-kf04.json,68e8796a987681b358c46b416ab695508128e54181259f459c5c8a0b60d65a2b,raw/GP_Is_8.8mm_closed_R5_single_refY_004.mp4,15aa3907f20dceea04308009b33f0ce81d091581925c52a976990fca417490b1,300.76470947265625,574.7866130362506,398.5629826701492,871.6768269051556,446.6837824665696,original_V2_R0,0.0314426966257634,9.456853515684598,True,8.799997158,exact_prior_group_Dxy_gt
GP_Is_8.8mm_closed_R5_single_refY,GP_Is_8.8mm_closed_R5_single_refY_004-kf05,video_keyframe,video:GP_Is_8.8mm_closed_R5_single_refY_004,833.0,R5,legacy_project/experiments/dxy_remeasurement_20260917/01_inputs/reextracted/gp/GP_Is_8.8mm_closed_R5_single_refY_004-kf05.jpg,8f303b782caea8a5042925f87c64f4e2171b49a8e88701f45488591cbe23a5e5,formal_assets/masks/GP_Is_8.8mm_closed_R5_single_refY_004-kf05.png,7fb3d6489743fd454918364535a1930966a7224885ce8a570dd0d06eb7881e6a,formal_assets/ring_json/GP_Is_8.8mm_closed_R5_single_refY_004-kf05.json,e7a236d4d7693ecf5d1095cf59789d8716962d931c71f6eefae6663bd1654bd9,raw/GP_Is_8.8mm_closed_R5_single_refY_004.mp4,15aa3907f20dceea04308009b33f0ce81d091581925c52a976990fca417490b1,305.62356567382824,536.8872866490555,415.0667110039867,840.5474667689133,449.653686945232,original_V2_R0,0.030902715200754,9.44459800865725,True,8.799997158,exact_prior_group_Dxy_gt
GP_Is_8.8mm_closed_R5_single_refY,GP_Is_8.8mm_closed_R5_single_refY_005-kf01,video_keyframe,video:GP_Is_8.8mm_closed_R5_single_refY_005,142.0,R5,legacy_project/experiments/dxy_remeasurement_20260917/01_inputs/reextracted/gp/GP_Is_8.8mm_closed_R5_single_refY_005-kf01.jpg,a100874cd5f2c28a84eb2e241eb55cf5673d1a6bb9d43c31d88ea9ef5f91c293,formal_assets/masks/GP_Is_8.8mm_closed_R5_single_refY_005-kf01.png,df66ea5aa0a28e2af3e5fd70ffb76e700cd74ecb017c86a8cd277b4ebe6fc917,formal_assets/ring_json/GP_Is_8.8mm_closed_R5_single_refY_005-kf01.json,a37ca7326d6d1551cd3d375c61528b2c4ff6af61cd7f8157c4544c4f09079dda,raw/GP_Is_8.8mm_closed_R5_single_refY_005.mp4,392d7254a9be5cf01802054dda5d63d1f4443516e6960ee4637e31e531635735,274.75991821289097,299.2686300599252,439.3239674549906,573.9037332213248,447.60483503524375,original_V2_R0,0.0324393793553168,8.913041218543787,True,8.799997158,exact_prior_group_Dxy_gt
GP_Is_8.8mm_closed_R5_single_refY,GP_Is_8.8mm_closed_R5_single_refY_005-kf02,video_keyframe,video:GP_Is_8.8mm_closed_R5_single_refY_005,184.0,R5,legacy_project/experiments/dxy_remeasurement_20260917/01_inputs/reextracted/gp/GP_Is_8.8mm_closed_R5_single_refY_005-kf02.jpg,8bdf372552bcfc80f54d90bca59d4a8dacb10110bcb2c64692c42b8f225dcc38,formal_assets/masks/GP_Is_8.8mm_closed_R5_single_refY_005-kf02.png,a39b35d979d031e1ebac20d89f86cfe3e2f5ec044ce1680fd2ace6cb8c1f3cf6,formal_assets/ring_json/GP_Is_8.8mm_closed_R5_single_refY_005-kf02.json,68965f0bf0e606b38f985d737440a262a95e6b8e200a8a714dbef3ac4debd669,raw/GP_Is_8.8mm_closed_R5_single_refY_005.mp4,392d7254a9be5cf01802054dda5d63d1f4443516e6960ee4637e31e531635735,276.33605957031307,375.34902610793387,437.2238932290302,650.7805210112067,459.5646504721417,original_V2_R0,0.0329233951326867,9.097921278643067,True,8.799997158,exact_prior_group_Dxy_gt
GP_Is_8.8mm_closed_R5_single_refY,GP_Is_8.8mm_closed_R5_single_refY_005-kf03,video_keyframe,video:GP_Is_8.8mm_closed_R5_single_refY_005,404.0,R5,legacy_project/experiments/dxy_remeasurement_20260917/01_inputs/reextracted/gp/GP_Is_8.8mm_closed_R5_single_refY_005-kf03.jpg,ccfbd5a355f499282838042f98d5c9a94e3f2a29f5fefc6c537dc273e09d3e39,formal_assets/masks/GP_Is_8.8mm_closed_R5_single_refY_005-kf03.png,ea965f3df3e41d9001fe3b202f91847e727911b486f81a855a8292e30906b4d2,formal_assets/ring_json/GP_Is_8.8mm_closed_R5_single_refY_005-kf03.json,0817f35e1747a41e5087389669399dea73512d416d3a8ae6666f065791abd656,raw/GP_Is_8.8mm_closed_R5_single_refY_005.mp4,392d7254a9be5cf01802054dda5d63d1f4443516e6960ee4637e31e531635735,308.53088378906324,671.4940574088098,391.26013611998417,979.3724587044716,411.3149676397815,original_V2_R0,0.0280849618091487,8.665078088158737,True,8.799997158,exact_prior_group_Dxy_gt
GP_Is_8.8mm_closed_R5_single_refY,GP_Is_8.8mm_closed_R5_single_refY_005-kf04,video_keyframe,video:GP_Is_8.8mm_closed_R5_single_refY_005,645.0,R5,legacy_project/experiments/dxy_remeasurement_20260917/01_inputs/reextracted/gp/GP_Is_8.8mm_closed_R5_single_refY_005-kf04.jpg,1dda886325c918665a536293fb63c7b7bd5dd98a06ce005b11f66d6ab9d120f2,formal_assets/masks/GP_Is_8.8mm_closed_R5_single_refY_005-kf04.png,2fe32b724fdf2ab29dc5b7ab270c1a9d7bb6c1f8a5acf9affd09ba2f307fd130,formal_assets/ring_json/GP_Is_8.8mm_closed_R5_single_refY_005-kf04.json,abfed6b9147ce72f56bfa639bab2f31547a701c248e148a840e7a69faf9a5446,raw/GP_Is_8.8mm_closed_R5_single_refY_005.mp4,392d7254a9be5cf01802054dda5d63d1f4443516e6960ee4637e31e531635735,282.166520719166,524.1463015495167,420.6114545621574,806.3128222686826,420.6114545621574,original_V2_R0,0.0300440694640744,8.477430548922811,True,8.799997158,exact_prior_group_Dxy_gt
GP_Is_8.8mm_closed_R5_single_refY,GP_Is_8.8mm_closed_R5_single_refY_005-kf05,video_keyframe,video:GP_Is_8.8mm_closed_R5_single_refY_005,846.0,R5,legacy_project/experiments/dxy_remeasurement_20260917/01_inputs/reextracted/gp/GP_Is_8.8mm_closed_R5_single_refY_005-kf05.jpg,8c61947812b678122813616b2fea2f9b55a2750a81d67eecdddfab14edf9c97b,formal_assets/masks/GP_Is_8.8mm_closed_R5_single_refY_005-kf05.png,de658de4532e2bb114c037b7112fd488ecab96e37518b717e8083a30fa423e3c,formal_assets/ring_json/GP_Is_8.8mm_closed_R5_single_refY_005-kf05.json,82950cc877f929836140d2731b3c7ca65ecde6ecc56f5e593aa140f8b34c7247,raw/GP_Is_8.8mm_closed_R5_single_refY_005.mp4,392d7254a9be5cf01802054dda5d63d1f4443516e6960ee4637e31e531635735,330.75782966027697,460.7088217443989,511.5761610111423,791.4666514046758,511.5761610111423,original_V2_R0,0.0251765965218372,8.32735642379535,True,8.799997158,exact_prior_group_Dxy_gt
GP_Is_9.79mm_closed_R10_single_refY,GP_Is_9.79mm_closed_R10_single_refY_001,photo,photo:GP_Is_9.79mm_closed_R10_single_refY_001,,R10,raw/GP_Is_9.79mm_closed_R10_single_refY_001.jpg,f273f8a887b1374a1858d90a127acccf31bc9e4667cc023bafe05907b30207f5,formal_assets/masks/GP_Is_9.79mm_closed_R10_single_refY_001.png,2992bc0246f06da34c805d6523a3ef32c556ccc1762da685debefa94a0563343,formal_assets/ring_json/GP_Is_9.79mm_closed_R10_single_refY_001.json,7b7643088eb0fce3d574b9589f75dd3c89ac3aed100d01fabd046b8f29e628f1,,,421.22601318359386,,,,,human_approved_R2_contact_rescue,0.0237292765307983,9.99538854879919,True,9.799996856,same_paris_nominal_prior_Dxy_gt
GP_Is_9.79mm_closed_R10_single_refY,GP_Is_9.79mm_closed_R10_single_refY_002,photo,photo:GP_Is_9.79mm_closed_R10_single_refY_002,,R10,raw/GP_Is_9.79mm_closed_R10_single_refY_002.jpg,d994dfabfc74584b94689a2f730a6ad27d19566d861b6e76655d1aa21074583c,formal_assets/masks/GP_Is_9.79mm_closed_R10_single_refY_002.png,26bbf93eb07f9ac0ee922f3a4315fa71795e2862bd2c60682f674870fb6583b1,formal_assets/ring_json/GP_Is_9.79mm_closed_R10_single_refY_002.json,16c4559bbb3846ce2143cfb5c22e4e92ce5137e72ea8d862c27d2c4159a0accb,,,317.2420651698261,,,,,human_approved_R2_contact_rescue,0.0286804632461981,9.09864939025118,True,9.799996856,same_paris_nominal_prior_Dxy_gt
GP_Is_9.79mm_closed_R10_single_refY,GP_Is_9.79mm_closed_R10_single_refY_003,photo,photo:GP_Is_9.79mm_closed_R10_single_refY_003,,R10,raw/GP_Is_9.79mm_closed_R10_single_refY_003.jpg,1b8bc51e981cf447dc7f80dfd7a9ed929d059d2563c128e31b2fbf7927b1b8ff,formal_assets/masks/GP_Is_9.79mm_closed_R10_single_refY_003.png,cde112e048589cfabfdea07ed1498aded00b17cccace989fe1ce7fcd460b7c34,formal_assets/ring_json/GP_Is_9.79mm_closed_R10_single_refY_003.json,b71bfe592de23ba8edc941c65aa638f630c4aeee990fabd5e337126adfceb35b,,,357.5939025878918,,,,,human_approved_R2_contact_rescue,0.0280863700449537,10.043514673902656,True,9.799996856,same_paris_nominal_prior_Dxy_gt
GP_Is_9.79mm_closed_R10_single_refY,GP_Is_9.79mm_closed_R10_single_refY_004-kf01,video_keyframe,video:GP_Is_9.79mm_closed_R10_single_refY_004,81.0,R10,legacy_project/experiments/dxy_remeasurement_20260917/01_inputs/reextracted/gp/GP_Is_9.79mm_closed_R10_single_refY_004-kf01.jpg,67d0754f30069bb131659869389d3700fd26c25e34d4bf81f3fe113084a537c5,formal_assets/masks/GP_Is_9.79mm_closed_R10_single_refY_004-kf01.png,66e1e11e52b1029311af7a5634041d61961695bee8846e3a74b34fd9e0ffaee5,formal_assets/ring_json/GP_Is_9.79mm_closed_R10_single_refY_004-kf01.json,0e494880bf37a42a1a45944c97a75a9abe5f595010d1fb90e59487e4789bf3cf,raw/GP_Is_9.79mm_closed_R10_single_refY_004.mp4,bae307b910ae89cca7454178692d3fde21ec2038f1e2c297c55b4b61655f00e5,216.04999055088723,,,,,human_approved_R2_contact_rescue,0.0453729441942418,9.802824164431875,True,9.799996856,same_paris_nominal_prior_Dxy_gt
GP_Is_9.79mm_closed_R10_single_refY,GP_Is_9.79mm_closed_R10_single_refY_004-kf02,video_keyframe,video:GP_Is_9.79mm_closed_R10_single_refY_004,183.0,R10,legacy_project/experiments/dxy_remeasurement_20260917/01_inputs/reextracted/gp/GP_Is_9.79mm_closed_R10_single_refY_004-kf02.jpg,e127aa41f595cfb6bf3b2d4fb846e14adcad1b61d3fdf1128bdade280e9c1538,formal_assets/masks/GP_Is_9.79mm_closed_R10_single_refY_004-kf02.png,4e52dc3d3d7be9c768d6ed471339e6992230e4f94eb3c4cb12bd229fad4e0ecb,formal_assets/ring_json/GP_Is_9.79mm_closed_R10_single_refY_004-kf02.json,101e43613472f62866a44208aa57826b467fe9ae633ec2db5b574bcbe155787e,raw/GP_Is_9.79mm_closed_R10_single_refY_004.mp4,bae307b910ae89cca7454178692d3fde21ec2038f1e2c297c55b4b61655f00e5,203.2117933678556,,,,,human_approved_R2_contact_rescue,0.0483159848897537,9.818377937781062,True,9.799996856,same_paris_nominal_prior_Dxy_gt
GP_Is_9.79mm_closed_R10_single_refY,GP_Is_9.79mm_closed_R10_single_refY_004-kf03,video_keyframe,video:GP_Is_9.79mm_closed_R10_single_refY_004,455.0,R10,legacy_project/experiments/dxy_remeasurement_20260917/01_inputs/reextracted/gp/GP_Is_9.79mm_closed_R10_single_refY_004-kf03.jpg,ac01ccd1199f210bcda22a23fc7f09c43fe689cf12c43b0bc2c087bc3296417d,formal_assets/masks/GP_Is_9.79mm_closed_R10_single_refY_004-kf03.png,14123330734855a90d3db0f81a183d2435768d1f214f95e5db5ebdc8d11d0306,formal_assets/ring_json/GP_Is_9.79mm_closed_R10_single_refY_004-kf03.json,fb36781ba9608b1efac78a16bea01c88acb0b80c3b5f86672c790ae396d2a27f,raw/GP_Is_9.79mm_closed_R10_single_refY_004.mp4,bae307b910ae89cca7454178692d3fde21ec2038f1e2c297c55b4b61655f00e5,183.8466949462892,,,,,human_approved_R2_contact_rescue,0.0542284289824871,9.969717440559814,True,9.799996856,same_paris_nominal_prior_Dxy_gt
GP_Is_9.79mm_closed_R10_single_refY,GP_Is_9.79mm_closed_R10_single_refY_004-kf04,video_keyframe,video:GP_Is_9.79mm_closed_R10_single_refY_004,535.0,R10,legacy_project/experiments/dxy_remeasurement_20260917/01_inputs/reextracted/gp/GP_Is_9.79mm_closed_R10_single_refY_004-kf04.jpg,4357ded1aa90f14475cf9c4998dd09fb6f40c5c80cc4b07d8fa440484577fce3,formal_assets/masks/GP_Is_9.79mm_closed_R10_single_refY_004-kf04.png,bb8a705704e49d79c0c045c8f15f9277f3e81aa3341e3db883cb49f91200dabe,formal_assets/ring_json/GP_Is_9.79mm_closed_R10_single_refY_004-kf04.json,8a4fe9200a6f5ee3fc34c81dbff9b02f4ec775d5fb8ec0442276fa11ff337b2e,raw/GP_Is_9.79mm_closed_R10_single_refY_004.mp4,bae307b910ae89cca7454178692d3fde21ec2038f1e2c297c55b4b61655f00e5,163.76169992392727,,,,,human_approved_R2_contact_rescue,0.0529324843480624,8.668313618035372,True,9.799996856,same_paris_nominal_prior_Dxy_gt
GP_Is_9.79mm_closed_R10_single_refY,GP_Is_9.79mm_closed_R10_single_refY_004-kf05,video_keyframe,video:GP_Is_9.79mm_closed_R10_single_refY_004,748.0,R10,legacy_project/experiments/dxy_remeasurement_20260917/01_inputs/reextracted/gp/GP_Is_9.79mm_closed_R10_single_refY_004-kf05.jpg,e9ea25ea631fe8a6909a30aca4c0c39e7baba767059cec3abdf85ea68c94836e,formal_assets/masks/GP_Is_9.79mm_closed_R10_single_refY_004-kf05.png,9d1f75719d3a0c92013d76a2b6c53a972140f974d83bd6f23db221f7dfe58f51,formal_assets/ring_json/GP_Is_9.79mm_closed_R10_single_refY_004-kf05.json,4af011148533e0dd7dacfeddd7d90d74c50004b892314430e0953855a2f23a67,raw/GP_Is_9.79mm_closed_R10_single_refY_004.mp4,bae307b910ae89cca7454178692d3fde21ec2038f1e2c297c55b4b61655f00e5,184.40728595431435,,,,,human_approved_R2_contact_rescue,0.0507632496566455,9.361113095403276,True,9.799996856,same_paris_nominal_prior_Dxy_gt
GP_Is_9.79mm_closed_R10_single_refY,GP_Is_9.79mm_closed_R10_single_refY_005-kf01,video_keyframe,video:GP_Is_9.79mm_closed_R10_single_refY_005,180.0,R10,legacy_project/experiments/dxy_remeasurement_20260917/01_inputs/reextracted/gp/GP_Is_9.79mm_closed_R10_single_refY_005-kf01.jpg,19b8968ce470799f32a5de3fd2802309b0aceda85a1c494be28a4eaee6a8bebe,formal_assets/masks/GP_Is_9.79mm_closed_R10_single_refY_005-kf01.png,a8f9997dbf45879f15fb8aa59a773339fb9b9c2a92a2d48095211ced797be08a,formal_assets/ring_json/GP_Is_9.79mm_closed_R10_single_refY_005-kf01.json,9ab5efdcd8c9760006832c102506a48c353e6610becb082d54dd01939d8612f9,raw/GP_Is_9.79mm_closed_R10_single_refY_005.mp4,0380ca86445cc4fe182ee792b2a1c1779aa368ae643e8fd6f473c2f4ee1e4d9b,239.06515502929716,,,,,human_approved_R2_contact_rescue,0.041804745887349,9.99405805651946,True,9.799996856,same_paris_nominal_prior_Dxy_gt
GP_Is_9.79mm_closed_R10_single_refY,GP_Is_9.79mm_closed_R10_single_refY_005-kf02,video_keyframe,video:GP_Is_9.79mm_closed_R10_single_refY_005,360.0,R10,legacy_project/experiments/dxy_remeasurement_20260917/01_inputs/reextracted/gp/GP_Is_9.79mm_closed_R10_single_refY_005-kf02.jpg,7b3664042484505454c4ad325465fe59b3325013c3d871281e3841dc6b582bd7,formal_assets/masks/GP_Is_9.79mm_closed_R10_single_refY_005-kf02.png,704c1ce506f289e04f7513ff60c1f7f8f9224020f785a46f2b64c670155efc4f,formal_assets/ring_json/GP_Is_9.79mm_closed_R10_single_refY_005-kf02.json,1e6d0ae4683ab53c5aa624b8b51d530a115e40151758fce702b79809178e0cc2,raw/GP_Is_9.79mm_closed_R10_single_refY_005.mp4,0380ca86445cc4fe182ee792b2a1c1779aa368ae643e8fd6f473c2f4ee1e4d9b,265.92929077148483,,,,,human_approved_R2_contact_rescue,0.0378276222681958,10.059472761352934,True,9.799996856,same_paris_nominal_prior_Dxy_gt
GP_Is_9.79mm_closed_R10_single_refY,GP_Is_9.79mm_closed_R10_single_refY_005-kf03,video_keyframe,video:GP_Is_9.79mm_closed_R10_single_refY_005,621.0,R10,legacy_project/experiments/dxy_remeasurement_20260917/01_inputs/reextracted/gp/GP_Is_9.79mm_closed_R10_single_refY_005-kf03.jpg,1212162a46ee120299be2e481d50a3cb230831d3f5c7a99beb6b26c450d0a408,formal_assets/masks/GP_Is_9.79mm_closed_R10_single_refY_005-kf03.png,ac629ac1a91a7a32bfe2d6c596539b4de11be37bd893772f522ddf912cdcb93f,formal_assets/ring_json/GP_Is_9.79mm_closed_R10_single_refY_005-kf03.json,a02a79610cf7b25e591085e0ecda52597609fbe67481b064691a3c5402205522,raw/GP_Is_9.79mm_closed_R10_single_refY_005.mp4,0380ca86445cc4fe182ee792b2a1c1779aa368ae643e8fd6f473c2f4ee1e4d9b,238.52027893066452,,,,,human_approved_R2_contact_rescue,0.0420241782662358,10.023618721894534,True,9.799996856,same_paris_nominal_prior_Dxy_gt
GP_Is_9.79mm_closed_R10_single_refY,GP_Is_9.79mm_closed_R10_single_refY_005-kf04,video_keyframe,video:GP_Is_9.79mm_closed_R10_single_refY_005,819.0,R10,legacy_project/experiments/dxy_remeasurement_20260917/01_inputs/reextracted/gp/GP_Is_9.79mm_closed_R10_single_refY_005-kf04.jpg,efc97dbeefb156628458ffa3fd7c9f2fec80c0514902bf3df543c113b48ae373,formal_assets/masks/GP_Is_9.79mm_closed_R10_single_refY_005-kf04.png,59e3fc5f13e3f2707da83668490cd5b853e22ffd492d497aafa35c0ed9d4dcaf,formal_assets/ring_json/GP_Is_9.79mm_closed_R10_single_refY_005-kf04.json,1adc485c5b526495373c6b214c974cafd73523e214d83882f17708440d147e41,raw/GP_Is_9.79mm_closed_R10_single_refY_005.mp4,0380ca86445cc4fe182ee792b2a1c1779aa368ae643e8fd6f473c2f4ee1e4d9b,225.06973266601568,,,,,human_approved_R2_contact_rescue,0.043837534095897,9.866502079700886,True,9.799996856,same_paris_nominal_prior_Dxy_gt
GP_Is_9.79mm_closed_R10_single_refY,GP_Is_9.79mm_closed_R10_single_refY_005-kf05,video_keyframe,video:GP_Is_9.79mm_closed_R10_single_refY_005,1064.0,R10,legacy_project/experiments/dxy_remeasurement_20260917/01_inputs/reextracted/gp/GP_Is_9.79mm_closed_R10_single_refY_005-kf05.jpg,239338fb96bb4ab9c3f4eafa4b43d9c4156ef09ec2eecece7861283ca05e0f94,formal_assets/masks/GP_Is_9.79mm_closed_R10_single_refY_005-kf05.png,61a1603e5934503064eecca2cde5985bbca8973e278d9c3da86cffc0effc235c,formal_assets/ring_json/GP_Is_9.79mm_closed_R10_single_refY_005-kf05.json,79957a9646b0f5c4102ea90f63698b119c3e0098f0e4577a0817e199e390378c,raw/GP_Is_9.79mm_closed_R10_single_refY_005.mp4,0380ca86445cc4fe182ee792b2a1c1779aa368ae643e8fd6f473c2f4ee1e4d9b,261.2407226562501,,,,,human_approved_R2_contact_rescue,0.0381307862228796,9.96131414831605,True,9.799996856,same_paris_nominal_prior_Dxy_gt
