method,group,capture,segment_id,raw_stem,raw_valid,raw_C,raw_P,raw_Dxy_mm,threshold_C,threshold_P,capture_trigger,individual_extreme,raw_capture_supported_bins,raw_capture_median_C,raw_capture_median_P,stem,valid,selection_outcome,retry_rank,C,P,L_px,ring_px,Dxy_mm
post_capture_relaxed_area_guard,GP_IIa_14.0mm_closed_R10_single_refY,GP_IIa_14.0mm_closed_R10_single_refY_004,1,GP_IIa_14.0mm_closed_R10_single_refY_004-raw01-01,True,0.7215785430802714,0.661648370796306,14.305636250605888,0.08503077259013787,0.3175049108502854,False,False,5.0,0.7215785430802714,0.661648370796306,GP_IIa_14.0mm_closed_R10_single_refY_004-raw01-01,True,raw_kept,,0.7215785430802714,0.661648370796306,309.20584106445364,216.1426696777344,14.305636250605888
post_capture_relaxed_area_guard,GP_IIa_14.0mm_closed_R10_single_refY,GP_IIa_14.0mm_closed_R10_single_refY_004,2,GP_IIa_14.0mm_closed_R10_single_refY_004-raw02-11,True,0.6789004197761194,0.6680658159838818,14.19842244069726,0.08503077259013787,0.3175049108502854,False,False,5.0,0.7215785430802714,0.661648370796306,GP_IIa_14.0mm_closed_R10_single_refY_004-raw02-11,True,raw_kept,,0.6789004197761194,0.6680658159838818,324.37747192382835,228.4602203369141,14.19842244069726
post_capture_relaxed_area_guard,GP_IIa_14.0mm_closed_R10_single_refY,GP_IIa_14.0mm_closed_R10_single_refY_004,3,GP_IIa_14.0mm_closed_R10_single_refY_004-raw03-04,True,0.7177854274239817,0.6654917495866995,13.93185638182798,0.08503077259013787,0.3175049108502854,False,False,5.0,0.7215785430802714,0.661648370796306,GP_IIa_14.0mm_closed_R10_single_refY_004-raw03-04,True,raw_kept,,0.7177854274239817,0.6654917495866995,330.0680541992194,236.9160614013672,13.93185638182798
post_capture_relaxed_area_guard,GP_IIa_14.0mm_closed_R10_single_refY,GP_IIa_14.0mm_closed_R10_single_refY_004,4,GP_IIa_14.0mm_closed_R10_single_refY_004-raw04-22,True,0.994395048287264,0.2482255766875765,19.108907180929386,0.08503077259013787,0.3175049108502854,False,True,5.0,0.7215785430802714,0.661648370796306,GP_IIa_14.0mm_closed_R10_single_refY_004-raw04-22,True,raw_kept,,0.994395048287264,0.2482255766875765,509.9019555865165,266.8399353027344,19.108907180929386
post_capture_relaxed_area_guard,GP_IIa_14.0mm_closed_R10_single_refY,GP_IIa_14.0mm_closed_R10_single_refY_004,5,GP_IIa_14.0mm_closed_R10_single_refY_004-raw05-14,True,0.9938862264962028,0.2556009382076997,19.048794962093748,0.08503077259013787,0.3175049108502854,False,True,5.0,0.7215785430802714,0.661648370796306,GP_IIa_14.0mm_closed_R10_single_refY_004-raw05-14,True,raw_kept,,0.9938862264962028,0.2556009382076997,566.1057358243272,297.1871643066406,19.048794962093748
post_capture_relaxed_area_guard,GP_IIa_14.0mm_closed_R10_single_refY,GP_IIa_14.0mm_closed_R10_single_refY_005,1,GP_IIa_14.0mm_closed_R10_single_refY_005-raw01-16,True,0.030419661488523,0.6149732620320856,3.786502637117268,0.08503077259013787,0.3175049108502854,False,True,5.0,0.8002965983872463,0.4191072583155727,GP_IIa_14.0mm_closed_R10_single_refY_005-raw01-16,True,raw_kept,,0.030419661488523,0.6149732620320856,88.49064636230476,233.70021057128903,3.786502637117268
post_capture_relaxed_area_guard,GP_IIa_14.0mm_closed_R10_single_refY,GP_IIa_14.0mm_closed_R10_single_refY_005,2,GP_IIa_14.0mm_closed_R10_single_refY_005-raw02-23,True,0.9954524783992724,0.4191072583155727,16.905286473646942,0.08503077259013787,0.3175049108502854,False,False,5.0,0.8002965983872463,0.4191072583155727,GP_IIa_14.0mm_closed_R10_single_refY_005-raw02-23,True,raw_kept,,0.9954524783992724,0.4191072583155727,393.0165690769501,232.48146057128903,16.905286473646942
post_capture_relaxed_area_guard,GP_IIa_14.0mm_closed_R10_single_refY,GP_IIa_14.0mm_closed_R10_single_refY_005,3,GP_IIa_14.0mm_closed_R10_single_refY_005-raw03-09,True,0.9962680695128256,0.3654663316894637,17.55857507155076,0.08503077259013787,0.3175049108502854,False,False,5.0,0.8002965983872463,0.4191072583155727,GP_IIa_14.0mm_closed_R10_single_refY_005-raw03-09,True,raw_kept,,0.9962680695128256,0.3654663316894637,417.8025911373125,237.9478912353516,17.55857507155076
post_capture_relaxed_area_guard,GP_IIa_14.0mm_closed_R10_single_refY,GP_IIa_14.0mm_closed_R10_single_refY_005,4,GP_IIa_14.0mm_closed_R10_single_refY_005-raw04-20,True,0.8002965983872463,0.2855818994290561,21.588857494680138,0.08503077259013787,0.3175049108502854,False,True,5.0,0.8002965983872463,0.4191072583155727,GP_IIa_14.0mm_closed_R10_single_refY_005-raw04-20,True,raw_kept,,0.8002965983872463,0.2855818994290561,566.7159423828132,262.50390625,21.588857494680138
post_capture_relaxed_area_guard,GP_IIa_14.0mm_closed_R10_single_refY,GP_IIa_14.0mm_closed_R10_single_refY_005,5,GP_IIa_14.0mm_closed_R10_single_refY_005-raw05-04,True,0.7156303901437372,0.9942507017922696,9.981103365309853,0.08503077259013787,0.3175049108502854,False,False,5.0,0.8002965983872463,0.4191072583155727,GP_IIa_14.0mm_closed_R10_single_refY_005-raw05-04,True,raw_kept,,0.7156303901437372,0.9942507017922696,272.561398665067,273.0774230957031,9.981103365309853
post_capture_relaxed_area_guard,GP_IIa_14.0mm_closed_R5_single_refY,GP_IIa_14.0mm_closed_R5_single_refY_004,1,GP_IIa_14.0mm_closed_R5_single_refY_004-raw01-10,True,0.7149060882214521,0.8899330002271179,14.65970503542025,0.08503077259013787,0.3175049108502854,False,False,5.0,0.7032277463297295,0.7094176911376862,GP_IIa_14.0mm_closed_R5_single_refY_004-raw01-10,True,raw_kept,,0.7149060882214521,0.8899330002271179,331.2182922363285,112.9689483642578,14.65970503542025
post_capture_relaxed_area_guard,GP_IIa_14.0mm_closed_R5_single_refY,GP_IIa_14.0mm_closed_R5_single_refY_004,2,GP_IIa_14.0mm_closed_R5_single_refY_004-raw02-01,True,0.6468443370137452,0.6623754519001852,16.783864962409176,0.08503077259013787,0.3175049108502854,False,False,5.0,0.7032277463297295,0.7094176911376862,GP_IIa_14.0mm_closed_R5_single_refY_004-raw02-01,True,raw_kept,,0.6468443370137452,0.6623754519001852,355.7749633789068,105.98719787597656,16.783864962409176
post_capture_relaxed_area_guard,GP_IIa_14.0mm_closed_R5_single_refY,GP_IIa_14.0mm_closed_R5_single_refY_004,3,GP_IIa_14.0mm_closed_R5_single_refY_004-raw03-01,True,0.6343215548991722,0.6322784569100118,16.607490338687644,0.08503077259013787,0.3175049108502854,False,False,5.0,0.7032277463297295,0.7094176911376862,GP_IIa_14.0mm_closed_R5_single_refY_004-raw03-01,True,raw_kept,,0.6343215548991722,0.6322784569100118,381.02102661132886,114.71360778808594,16.607490338687644
post_capture_relaxed_area_guard,GP_IIa_14.0mm_closed_R5_single_refY,GP_IIa_14.0mm_closed_R5_single_refY_004,4,GP_IIa_14.0mm_closed_R5_single_refY_004-raw04-16,True,0.7340088582170263,0.7299864314789688,15.16156795174112,0.08503077259013787,0.3175049108502854,False,False,5.0,0.7032277463297295,0.7094176911376862,GP_IIa_14.0mm_closed_R5_single_refY_004-raw04-16,True,raw_kept,,0.7340088582170263,0.7299864314789688,420.78741455078136,138.7677764892578,15.16156795174112
post_capture_relaxed_area_guard,GP_IIa_14.0mm_closed_R5_single_refY,GP_IIa_14.0mm_closed_R5_single_refY_004,5,GP_IIa_14.0mm_closed_R5_single_refY_004-raw05-14,True,0.7032277463297295,0.7094176911376862,15.6044550748345,0.08503077259013787,0.3175049108502854,False,False,5.0,0.7032277463297295,0.7094176911376862,GP_IIa_14.0mm_closed_R5_single_refY_004-raw05-14,True,raw_kept,,0.7032277463297295,0.7094176911376862,423.34213256836017,135.64784240722656,15.6044550748345
post_capture_relaxed_area_guard,GP_IIa_14.0mm_closed_R5_single_refY,GP_IIa_14.0mm_closed_R5_single_refY_005,1,GP_IIa_14.0mm_closed_R5_single_refY_005-raw01-12,True,0.8660016000783712,0.8475166410650281,14.648879987808249,0.08503077259013787,0.3175049108502854,False,False,5.0,0.8660016000783712,0.808649230095018,GP_IIa_14.0mm_closed_R5_single_refY_005-raw01-12,True,raw_kept,,0.8660016000783712,0.8475166410650281,340.7199707031256,116.29557037353516,14.648879987808249
post_capture_relaxed_area_guard,GP_IIa_14.0mm_closed_R5_single_refY,GP_IIa_14.0mm_closed_R5_single_refY_005,2,GP_IIa_14.0mm_closed_R5_single_refY_005-raw02-24,True,0.8751106283691367,0.808649230095018,14.5653040379502,0.08503077259013787,0.3175049108502854,False,False,5.0,0.8660016000783712,0.808649230095018,GP_IIa_14.0mm_closed_R5_single_refY_005-raw02-24,True,raw_kept,,0.8751106283691367,0.808649230095018,316.44329833984415,108.62914276123048,14.5653040379502
post_capture_relaxed_area_guard,GP_IIa_14.0mm_closed_R5_single_refY,GP_IIa_14.0mm_closed_R5_single_refY_005,3,GP_IIa_14.0mm_closed_R5_single_refY_005-raw03-20,True,0.839887535843295,0.9941142829909928,12.813622914281,0.08503077259013787,0.3175049108502854,False,False,5.0,0.8660016000783712,0.808649230095018,GP_IIa_14.0mm_closed_R5_single_refY_005-raw03-20,True,raw_kept,,0.839887535843295,0.9941142829909928,274.0683312472296,106.94412231445312,12.813622914281
post_capture_relaxed_area_guard,GP_IIa_14.0mm_closed_R5_single_refY,GP_IIa_14.0mm_closed_R5_single_refY_005,4,GP_IIa_14.0mm_closed_R5_single_refY_005-raw04-08,True,0.987810630790422,0.7193084834780071,14.975667931553188,0.08503077259013787,0.3175049108502854,False,False,5.0,0.8660016000783712,0.808649230095018,GP_IIa_14.0mm_closed_R5_single_refY_005-raw04-08,True,raw_kept,,0.987810630790422,0.7193084834780071,331.83204102438407,110.79039764404295,14.975667931553188
post_capture_relaxed_area_guard,GP_IIa_14.0mm_closed_R5_single_refY,GP_IIa_14.0mm_closed_R5_single_refY_005,5,GP_IIa_14.0mm_closed_R5_single_refY_005-raw05-24,True,0.845037510761284,0.7836686431688953,14.381033701888787,0.08503077259013787,0.3175049108502854,False,False,5.0,0.8660016000783712,0.808649230095018,GP_IIa_14.0mm_closed_R5_single_refY_005-raw05-24,True,raw_kept,,0.845037510761284,0.7836686431688953,343.9058227539065,119.56922912597656,14.381033701888787
post_capture_relaxed_area_guard,GP_IIa_22.0mm_closed_R10_single_refY,GP_IIa_22.0mm_closed_R10_single_refY_005,1,GP_IIa_22.0mm_closed_R10_single_refY_005-raw01-21,True,0.5705258065491489,0.6062101799341875,23.1392783926562,0.08503077259013787,0.3175049108502854,False,False,5.0,0.6226137270964464,0.6486206996999622,GP_IIa_22.0mm_closed_R10_single_refY_005-raw01-21,True,raw_kept,,0.5705258065491489,0.6062101799341875,430.6736755371098,186.12234497070312,23.1392783926562
post_capture_relaxed_area_guard,GP_IIa_22.0mm_closed_R10_single_refY,GP_IIa_22.0mm_closed_R10_single_refY_005,2,GP_IIa_22.0mm_closed_R10_single_refY_005-raw02-06,True,0.5920108736691082,0.6260292812004944,22.94872779708326,0.08503077259013787,0.3175049108502854,False,False,5.0,0.6226137270964464,0.6486206996999622,GP_IIa_22.0mm_closed_R10_single_refY_005-raw02-06,True,raw_kept,,0.5920108736691082,0.6260292812004944,423.026824951172,184.33563232421875,22.94872779708326
post_capture_relaxed_area_guard,GP_IIa_22.0mm_closed_R10_single_refY,GP_IIa_22.0mm_closed_R10_single_refY_005,3,GP_IIa_22.0mm_closed_R10_single_refY_005-raw03-20,True,0.6246233978450697,0.6486206996999622,22.546779885334622,0.08503077259013787,0.3175049108502854,False,False,5.0,0.6226137270964464,0.6486206996999622,GP_IIa_22.0mm_closed_R10_single_refY_005-raw03-20,True,raw_kept,,0.6246233978450697,0.6486206996999622,449.2968139648443,199.27316284179688,22.546779885334622
post_capture_relaxed_area_guard,GP_IIa_22.0mm_closed_R10_single_refY,GP_IIa_22.0mm_closed_R10_single_refY_005,4,GP_IIa_22.0mm_closed_R10_single_refY_005-raw04-06,True,0.6257747543461829,0.6511049087874777,22.59085558436808,0.08503077259013787,0.3175049108502854,False,False,5.0,0.6226137270964464,0.6486206996999622,GP_IIa_22.0mm_closed_R10_single_refY_005-raw04-06,True,raw_kept,,0.6257747543461829,0.6511049087874777,452.75241088867256,200.4140167236328,22.59085558436808
post_capture_relaxed_area_guard,GP_IIa_22.0mm_closed_R10_single_refY,GP_IIa_22.0mm_closed_R10_single_refY_005,5,GP_IIa_22.0mm_closed_R10_single_refY_005-raw05-01,True,0.6226137270964464,0.6514940356678871,22.257499411349187,0.08503077259013787,0.3175049108502854,False,False,5.0,0.6226137270964464,0.6486206996999622,GP_IIa_22.0mm_closed_R10_single_refY_005-raw05-01,True,raw_kept,,0.6226137270964464,0.6514940356678871,497.6199645996104,223.5740661621093,22.257499411349187
post_capture_relaxed_area_guard,GP_IIa_22.0mm_closed_R10_single_refY,GP_IIa_22.0mm_closed_R10_single_refY_006,1,GP_IIa_22.0mm_closed_R10_single_refY_006-raw01-12,True,0.7628253196042212,0.7714655154434921,20.86004738670113,0.08503077259013787,0.3175049108502854,False,False,5.0,0.8116765648026403,0.8048605232592476,GP_IIa_22.0mm_closed_R10_single_refY_006-raw01-12,True,raw_kept,,0.7628253196042212,0.7714655154434921,473.5792236328134,227.02691650390625,20.86004738670113
post_capture_relaxed_area_guard,GP_IIa_22.0mm_closed_R10_single_refY,GP_IIa_22.0mm_closed_R10_single_refY_006,2,GP_IIa_22.0mm_closed_R10_single_refY_006-raw02-14,True,0.7927459791453406,0.7923755667137913,20.774275622946632,0.08503077259013787,0.3175049108502854,False,False,5.0,0.8116765648026403,0.8048605232592476,GP_IIa_22.0mm_closed_R10_single_refY_006-raw02-14,True,raw_kept,,0.7927459791453406,0.7923755667137913,478.2180175781251,230.1972045898437,20.774275622946632
post_capture_relaxed_area_guard,GP_IIa_22.0mm_closed_R10_single_refY,GP_IIa_22.0mm_closed_R10_single_refY_006,3,GP_IIa_22.0mm_closed_R10_single_refY_006-raw03-18,True,0.8116765648026403,0.8048605232592476,21.021967398827503,0.08503077259013787,0.3175049108502854,False,False,5.0,0.8116765648026403,0.8048605232592476,GP_IIa_22.0mm_closed_R10_single_refY_006-raw03-18,True,raw_kept,,0.8116765648026403,0.8048605232592476,473.602478027344,225.2893218994141,21.021967398827503
post_capture_relaxed_area_guard,GP_IIa_22.0mm_closed_R10_single_refY,GP_IIa_22.0mm_closed_R10_single_refY_006,4,GP_IIa_22.0mm_closed_R10_single_refY_006-raw04-23,True,0.845845753325477,0.8527684600688483,20.59269052990641,0.08503077259013787,0.3175049108502854,False,False,5.0,0.8116765648026403,0.8048605232592476,GP_IIa_22.0mm_closed_R10_single_refY_006-raw04-23,True,raw_kept,,0.845845753325477,0.8527684600688483,492.5685729980469,239.19583129882807,20.59269052990641
post_capture_relaxed_area_guard,GP_IIa_22.0mm_closed_R10_single_refY,GP_IIa_22.0mm_closed_R10_single_refY_006,5,GP_IIa_22.0mm_closed_R10_single_refY_006-raw05-21,True,0.8619040183957645,0.8928080774642059,20.45393068598144,0.08503077259013787,0.3175049108502854,False,False,5.0,0.8116765648026403,0.8048605232592476,GP_IIa_22.0mm_closed_R10_single_refY_006-raw05-21,True,raw_kept,,0.8619040183957645,0.8928080774642059,514.6663818359375,251.6222381591797,20.45393068598144
post_capture_relaxed_area_guard,GP_IIa_22.0mm_closed_R5_single_refY,GP_IIa_22.0mm_closed_R5_single_refY_004,1,GP_IIa_22.0mm_closed_R5_single_refY_004-raw01-08,True,0.677314676064198,0.677356347462395,22.31245515812116,0.08503077259013787,0.3175049108502854,False,False,5.0,0.677314676064198,0.677356347462395,GP_IIa_22.0mm_closed_R5_single_refY_004-raw01-08,True,raw_kept,,0.677314676064198,0.677356347462395,468.2661743164065,104.93380737304688,22.31245515812116
post_capture_relaxed_area_guard,GP_IIa_22.0mm_closed_R5_single_refY,GP_IIa_22.0mm_closed_R5_single_refY_004,2,GP_IIa_22.0mm_closed_R5_single_refY_004-raw02-01,True,0.6462695888058391,0.6548096141554133,22.675337773966472,0.08503077259013787,0.3175049108502854,False,False,5.0,0.677314676064198,0.677356347462395,GP_IIa_22.0mm_closed_R5_single_refY_004-raw02-01,True,raw_kept,,0.6462695888058391,0.6548096141554133,495.2263183593751,109.19932556152344,22.675337773966472
post_capture_relaxed_area_guard,GP_IIa_22.0mm_closed_R5_single_refY,GP_IIa_22.0mm_closed_R5_single_refY_004,3,GP_IIa_22.0mm_closed_R5_single_refY_004-raw03-01,True,0.6670206934356585,0.6761940646642983,22.599025065504403,0.08503077259013787,0.3175049108502854,False,False,5.0,0.677314676064198,0.677356347462395,GP_IIa_22.0mm_closed_R5_single_refY_004-raw03-01,True,raw_kept,,0.6670206934356585,0.6761940646642983,520.5323486328134,115.1669921875,22.599025065504403
post_capture_relaxed_area_guard,GP_IIa_22.0mm_closed_R5_single_refY,GP_IIa_22.0mm_closed_R5_single_refY_004,4,GP_IIa_22.0mm_closed_R5_single_refY_004-raw04-17,True,0.7862670770411906,0.7856306712166466,21.055156456764674,0.08503077259013787,0.3175049108502854,False,False,5.0,0.677314676064198,0.677356347462395,GP_IIa_22.0mm_closed_R5_single_refY_004-raw04-17,True,raw_kept,,0.7862670770411906,0.7856306712166466,527.3537597656258,125.23149871826172,21.055156456764674
post_capture_relaxed_area_guard,GP_IIa_22.0mm_closed_R5_single_refY,GP_IIa_22.0mm_closed_R5_single_refY_004,5,GP_IIa_22.0mm_closed_R5_single_refY_004-raw05-15,True,0.7703911909158189,0.7644145493077792,21.29167576276593,0.08503077259013787,0.3175049108502854,False,False,5.0,0.677314676064198,0.677356347462395,GP_IIa_22.0mm_closed_R5_single_refY_004-raw05-15,True,raw_kept,,0.7703911909158189,0.7644145493077792,511.0504455566413,120.01179504394533,21.29167576276593
post_capture_relaxed_area_guard,GP_IIa_22.0mm_closed_R5_single_refY,GP_IIa_22.0mm_closed_R5_single_refY_005,1,GP_IIa_22.0mm_closed_R5_single_refY_005-raw01-02,True,0.817709431702194,0.817642938446721,20.732155472407225,0.08503077259013787,0.3175049108502854,False,False,5.0,0.8484246792692325,0.8439807683331,GP_IIa_22.0mm_closed_R5_single_refY_005-raw01-02,True,raw_kept,,0.817709431702194,0.817642938446721,464.0957031250001,111.92654418945312,20.732155472407225
post_capture_relaxed_area_guard,GP_IIa_22.0mm_closed_R5_single_refY,GP_IIa_22.0mm_closed_R5_single_refY_005,2,GP_IIa_22.0mm_closed_R5_single_refY_005-raw02-06,True,0.8435985341056863,0.8385661588713992,20.579244792771203,0.08503077259013787,0.3175049108502854,False,False,5.0,0.8484246792692325,0.8439807683331,GP_IIa_22.0mm_closed_R5_single_refY_005-raw02-06,True,raw_kept,,0.8435985341056863,0.8385661588713992,440.509857177735,107.02770233154295,20.579244792771203
post_capture_relaxed_area_guard,GP_IIa_22.0mm_closed_R5_single_refY,GP_IIa_22.0mm_closed_R5_single_refY_005,3,GP_IIa_22.0mm_closed_R5_single_refY_005-raw03-11,True,0.8484246792692325,0.8439807683331,20.31647360654752,0.08503077259013787,0.3175049108502854,False,False,5.0,0.8484246792692325,0.8439807683331,GP_IIa_22.0mm_closed_R5_single_refY_005-raw03-11,True,raw_kept,,0.8484246792692325,0.8439807683331,437.3185424804688,107.6265869140625,20.31647360654752
post_capture_relaxed_area_guard,GP_IIa_22.0mm_closed_R5_single_refY,GP_IIa_22.0mm_closed_R5_single_refY_005,4,GP_IIa_22.0mm_closed_R5_single_refY_005-raw04-13,True,0.8688617153066298,0.864718793104944,20.3192963657754,0.08503077259013787,0.3175049108502854,False,False,5.0,0.8484246792692325,0.8439807683331,GP_IIa_22.0mm_closed_R5_single_refY_005-raw04-13,True,raw_kept,,0.8688617153066298,0.864718793104944,447.5188293457035,110.12163543701172,20.3192963657754
post_capture_relaxed_area_guard,GP_IIa_22.0mm_closed_R5_single_refY,GP_IIa_22.0mm_closed_R5_single_refY_005,5,GP_IIa_22.0mm_closed_R5_single_refY_005-raw05-07,True,0.8805303396537215,0.878893117079839,20.542786490004584,0.08503077259013787,0.3175049108502854,False,False,5.0,0.8484246792692325,0.8439807683331,GP_IIa_22.0mm_closed_R5_single_refY_005-raw05-07,True,raw_kept,,0.8805303396537215,0.878893117079839,429.5764160156251,104.55651092529295,20.542786490004584
post_capture_relaxed_area_guard,GP_IIa_4.5mm_closed_R10_single_refY,GP_IIa_4.5mm_closed_R10_single_refY_004,1,GP_IIa_4.5mm_closed_R10_single_refY_004-raw01-10,True,0.7890295358649789,0.7830820770519263,4.711932406462926,0.08503077259013787,0.3175049108502854,False,False,5.0,0.7890295358649789,0.7830820770519263,GP_IIa_4.5mm_closed_R10_single_refY_004-raw01-10,True,raw_kept,,0.7890295358649789,0.7830820770519263,112.52364349365236,238.80572509765625,4.711932406462926
post_capture_relaxed_area_guard,GP_IIa_4.5mm_closed_R10_single_refY,GP_IIa_4.5mm_closed_R10_single_refY_004,2,GP_IIa_4.5mm_closed_R10_single_refY_004-raw02-08,True,0.7811504021854606,0.7676360924683072,4.831350083450473,0.08503077259013787,0.3175049108502854,False,False,5.0,0.7890295358649789,0.7830820770519263,GP_IIa_4.5mm_closed_R10_single_refY_004-raw02-08,True,raw_kept,,0.7811504021854606,0.7676360924683072,109.06516265869143,225.74468994140625,4.831350083450473
post_capture_relaxed_area_guard,GP_IIa_4.5mm_closed_R10_single_refY,GP_IIa_4.5mm_closed_R10_single_refY_004,3,GP_IIa_4.5mm_closed_R10_single_refY_004-raw03-03,True,0.7606837606837606,0.7560856069269727,4.8180092972298345,0.08503077259013787,0.3175049108502854,False,False,5.0,0.7890295358649789,0.7830820770519263,GP_IIa_4.5mm_closed_R10_single_refY_004-raw03-03,True,raw_kept,,0.7606837606837606,0.7560856069269727,106.0762939453126,220.16622924804688,4.8180092972298345
post_capture_relaxed_area_guard,GP_IIa_4.5mm_closed_R10_single_refY,GP_IIa_4.5mm_closed_R10_single_refY_004,4,GP_IIa_4.5mm_closed_R10_single_refY_004-raw04-24,True,0.8417556655379005,0.8555732062483452,4.73501157536862,0.08503077259013787,0.3175049108502854,False,False,5.0,0.7890295358649789,0.7830820770519263,GP_IIa_4.5mm_closed_R10_single_refY_004-raw04-24,True,raw_kept,,0.8417556655379005,0.8555732062483452,110.46022796630862,233.28396606445312,4.73501157536862
post_capture_relaxed_area_guard,GP_IIa_4.5mm_closed_R10_single_refY,GP_IIa_4.5mm_closed_R10_single_refY_004,5,GP_IIa_4.5mm_closed_R10_single_refY_004-raw05-12,True,0.8452101279039416,0.8416948271380297,4.812125701079093,0.08503077259013787,0.3175049108502854,False,False,5.0,0.7890295358649789,0.7830820770519263,GP_IIa_4.5mm_closed_R10_single_refY_004-raw05-12,True,raw_kept,,0.8452101279039416,0.8416948271380297,111.14038848876967,230.9590301513672,4.812125701079093
post_capture_relaxed_area_guard,GP_IIa_4.5mm_closed_R10_single_refY,GP_IIa_4.5mm_closed_R10_single_refY_005,1,GP_IIa_4.5mm_closed_R10_single_refY_005-raw01-13,True,0.8401701854379064,0.8411830895354445,4.636996914539703,0.08503077259013787,0.3175049108502854,False,False,5.0,0.8214511041009463,0.8207928197456993,GP_IIa_4.5mm_closed_R10_single_refY_005-raw01-13,True,raw_kept,,0.8401701854379064,0.8411830895354445,141.6630859375002,305.506103515625,4.636996914539703
post_capture_relaxed_area_guard,GP_IIa_4.5mm_closed_R10_single_refY,GP_IIa_4.5mm_closed_R10_single_refY_005,2,GP_IIa_4.5mm_closed_R10_single_refY_005-raw02-22,True,0.8233793517406963,0.8207928197456993,4.753009353194152,0.08503077259013787,0.3175049108502854,False,False,5.0,0.8214511041009463,0.8207928197456993,GP_IIa_4.5mm_closed_R10_single_refY_005-raw02-22,True,raw_kept,,0.8233793517406963,0.8207928197456993,150.7341461181641,317.1341247558594,4.753009353194152
post_capture_relaxed_area_guard,GP_IIa_4.5mm_closed_R10_single_refY,GP_IIa_4.5mm_closed_R10_single_refY_005,3,GP_IIa_4.5mm_closed_R10_single_refY_005-raw03-18,True,0.783214664444781,0.7797300354422744,4.74913894089636,0.08503077259013787,0.3175049108502854,False,False,5.0,0.8214511041009463,0.8207928197456993,GP_IIa_4.5mm_closed_R10_single_refY_005-raw03-18,True,raw_kept,,0.783214664444781,0.7797300354422744,153.8599853515628,323.9744873046875,4.74913894089636
post_capture_relaxed_area_guard,GP_IIa_4.5mm_closed_R10_single_refY,GP_IIa_4.5mm_closed_R10_single_refY_005,4,GP_IIa_4.5mm_closed_R10_single_refY_005-raw04-04,True,0.7775450356095518,0.7723143075109231,4.908576335878218,0.08503077259013787,0.3175049108502854,False,False,5.0,0.8214511041009463,0.8207928197456993,GP_IIa_4.5mm_closed_R10_single_refY_005-raw04-04,True,raw_kept,,0.7775450356095518,0.7723143075109231,161.2966003417974,328.6015930175781,4.908576335878218
post_capture_relaxed_area_guard,GP_IIa_4.5mm_closed_R10_single_refY,GP_IIa_4.5mm_closed_R10_single_refY_005,5,GP_IIa_4.5mm_closed_R10_single_refY_005-raw05-24,True,0.8214511041009463,0.8279809220985691,4.761688090193608,0.08503077259013787,0.3175049108502854,False,False,5.0,0.8214511041009463,0.8207928197456993,GP_IIa_4.5mm_closed_R10_single_refY_005-raw05-24,True,raw_kept,,0.8214511041009463,0.8279809220985691,162.90890502929696,342.124267578125,4.761688090193608
post_capture_relaxed_area_guard,GP_IIa_5.2mm_closed_R10_single_refY,GP_IIa_5.2mm_closed_R10_single_refY_001,1,GP_IIa_5.2mm_closed_R10_single_refY_001-raw01-22,True,0.9695588348914472,0.9630112807919576,4.76831470271044,0.08503077259013787,0.3175049108502854,False,False,5.0,0.9695588348914472,0.9748148148148148,GP_IIa_5.2mm_closed_R10_single_refY_001-raw01-22,True,raw_kept,,0.9695588348914472,0.9630112807919576,127.73822948658815,267.8896789550781,4.76831470271044
post_capture_relaxed_area_guard,GP_IIa_5.2mm_closed_R10_single_refY,GP_IIa_5.2mm_closed_R10_single_refY_001,2,GP_IIa_5.2mm_closed_R10_single_refY_001-raw02-18,True,0.9792081781166074,0.9850108932461874,5.0078244880756655,0.08503077259013787,0.3175049108502854,False,False,5.0,0.9695588348914472,0.9748148148148148,GP_IIa_5.2mm_closed_R10_single_refY_001-raw02-18,True,raw_kept,,0.9792081781166074,0.9850108932461874,120.3602831819464,240.34445190429688,5.0078244880756655
post_capture_relaxed_area_guard,GP_IIa_5.2mm_closed_R10_single_refY,GP_IIa_5.2mm_closed_R10_single_refY_001,3,GP_IIa_5.2mm_closed_R10_single_refY_001-raw03-09,True,0.9624021337004216,0.9748148148148148,4.990897416972863,0.08503077259013787,0.3175049108502854,False,False,5.0,0.9695588348914472,0.9748148148148148,GP_IIa_5.2mm_closed_R10_single_refY_001-raw03-09,True,raw_kept,,0.9624021337004216,0.9748148148148148,120.71222888461976,241.86477661132807,4.990897416972863
post_capture_relaxed_area_guard,GP_IIa_5.2mm_closed_R10_single_refY,GP_IIa_5.2mm_closed_R10_single_refY_001,4,GP_IIa_5.2mm_closed_R10_single_refY_001-raw04-24,True,0.9702979429941888,0.9798789007918024,5.070005526021675,0.08503077259013787,0.3175049108502854,False,False,5.0,0.9695588348914472,0.9748148148148148,GP_IIa_5.2mm_closed_R10_single_refY_001-raw04-24,True,raw_kept,,0.9702979429941888,0.9798789007918024,116.43881636490444,229.662109375,5.070005526021675
post_capture_relaxed_area_guard,GP_IIa_5.2mm_closed_R10_single_refY,GP_IIa_5.2mm_closed_R10_single_refY_001,5,GP_IIa_5.2mm_closed_R10_single_refY_001-raw05-15,True,0.9628783552255854,0.9740972556571978,5.114596282455848,0.08503077259013787,0.3175049108502854,False,False,5.0,0.9695588348914472,0.9748148148148148,GP_IIa_5.2mm_closed_R10_single_refY_001-raw05-15,True,raw_kept,,0.9628783552255854,0.9740972556571978,114.95846496234094,224.7654724121093,5.114596282455848
post_capture_relaxed_area_guard,GP_IIa_5.2mm_closed_R10_single_refY,GP_IIa_5.2mm_closed_R10_single_refY_004,1,GP_IIa_5.2mm_closed_R10_single_refY_004-raw01-13,True,0.7701778385772914,0.7758520167488206,5.2398004726824245,0.08503077259013787,0.3175049108502854,False,False,5.0,0.8097316168448614,0.806914546640574,GP_IIa_5.2mm_closed_R10_single_refY_004-raw01-13,True,raw_kept,,0.7701778385772914,0.7758520167488206,185.8727111816409,354.732421875,5.2398004726824245
post_capture_relaxed_area_guard,GP_IIa_5.2mm_closed_R10_single_refY,GP_IIa_5.2mm_closed_R10_single_refY_004,2,GP_IIa_5.2mm_closed_R10_single_refY_004-raw02-03,True,0.8329286061194755,0.8256107834877844,5.245063062400725,0.08503077259013787,0.3175049108502854,False,False,5.0,0.8097316168448614,0.806914546640574,GP_IIa_5.2mm_closed_R10_single_refY_004-raw02-03,True,raw_kept,,0.8329286061194755,0.8256107834877844,165.46694946289088,315.4718017578125,5.245063062400725
post_capture_relaxed_area_guard,GP_IIa_5.2mm_closed_R10_single_refY,GP_IIa_5.2mm_closed_R10_single_refY_004,3,GP_IIa_5.2mm_closed_R10_single_refY_004-raw03-23,True,0.8020431328036323,0.8062528525787311,5.354741510340057,0.08503077259013787,0.3175049108502854,False,False,5.0,0.8097316168448614,0.806914546640574,GP_IIa_5.2mm_closed_R10_single_refY_004-raw03-23,True,raw_kept,,0.8020431328036323,0.8062528525787311,149.2817382812501,278.7842102050781,5.354741510340057
post_capture_relaxed_area_guard,GP_IIa_5.2mm_closed_R10_single_refY,GP_IIa_5.2mm_closed_R10_single_refY_004,4,GP_IIa_5.2mm_closed_R10_single_refY_004-raw04-07,True,0.824382056759231,0.8296353166986564,5.401752729776632,0.08503077259013787,0.3175049108502854,False,False,5.0,0.8097316168448614,0.806914546640574,GP_IIa_5.2mm_closed_R10_single_refY_004-raw04-07,True,raw_kept,,0.824382056759231,0.8296353166986564,146.22888183593756,270.70635986328125,5.401752729776632
post_capture_relaxed_area_guard,GP_IIa_5.2mm_closed_R10_single_refY,GP_IIa_5.2mm_closed_R10_single_refY_004,5,GP_IIa_5.2mm_closed_R10_single_refY_004-raw05-09,True,0.8097316168448614,0.806914546640574,5.53131969609348,0.08503077259013787,0.3175049108502854,False,False,5.0,0.8097316168448614,0.806914546640574,GP_IIa_5.2mm_closed_R10_single_refY_004-raw05-09,True,raw_kept,,0.8097316168448614,0.806914546640574,177.87922668457043,321.58551025390625,5.53131969609348
post_capture_relaxed_area_guard,GP_IIa_9.5mm_closed_R10_single_refY,GP_IIa_9.5mm_closed_R10_single_refY_004,1,GP_IIa_9.5mm_closed_R10_single_refY_004-raw01-07,False,,,,0.08503077259013787,0.3175049108502854,False,False,0.0,,,GP_IIa_9.5mm_closed_R10_single_refY_004-raw01-07,False,raw_kept,,,,,271.9020080566406,
post_capture_relaxed_area_guard,GP_IIa_9.5mm_closed_R10_single_refY,GP_IIa_9.5mm_closed_R10_single_refY_004,2,GP_IIa_9.5mm_closed_R10_single_refY_004-raw02-03,False,,,,0.08503077259013787,0.3175049108502854,False,False,0.0,,,GP_IIa_9.5mm_closed_R10_single_refY_004-raw02-03,False,raw_kept,,,,,254.45106506347656,
post_capture_relaxed_area_guard,GP_IIa_9.5mm_closed_R10_single_refY,GP_IIa_9.5mm_closed_R10_single_refY_004,3,GP_IIa_9.5mm_closed_R10_single_refY_004-raw03-16,False,,,,0.08503077259013787,0.3175049108502854,False,False,0.0,,,GP_IIa_9.5mm_closed_R10_single_refY_004-raw03-16,False,raw_kept,,,,,313.1588134765625,
post_capture_relaxed_area_guard,GP_IIa_9.5mm_closed_R10_single_refY,GP_IIa_9.5mm_closed_R10_single_refY_004,4,GP_IIa_9.5mm_closed_R10_single_refY_004-raw04-16,False,,,,0.08503077259013787,0.3175049108502854,False,False,0.0,,,GP_IIa_9.5mm_closed_R10_single_refY_004-raw04-16,False,raw_kept,,,,,268.1309814453125,
post_capture_relaxed_area_guard,GP_IIa_9.5mm_closed_R10_single_refY,GP_IIa_9.5mm_closed_R10_single_refY_004,5,GP_IIa_9.5mm_closed_R10_single_refY_004-raw05-19,False,,,,0.08503077259013787,0.3175049108502854,False,False,0.0,,,GP_IIa_9.5mm_closed_R10_single_refY_004-raw05-19,False,raw_kept,,,,,296.9621887207031,
post_capture_relaxed_area_guard,GP_IIa_9.5mm_closed_R10_single_refY,GP_IIa_9.5mm_closed_R10_single_refY_005,1,GP_IIa_9.5mm_closed_R10_single_refY_005-raw01-03,False,,,,0.08503077259013787,0.3175049108502854,False,False,0.0,,,GP_IIa_9.5mm_closed_R10_single_refY_005-raw01-03,False,raw_kept,,,,,233.60401916503903,
post_capture_relaxed_area_guard,GP_IIa_9.5mm_closed_R10_single_refY,GP_IIa_9.5mm_closed_R10_single_refY_005,2,GP_IIa_9.5mm_closed_R10_single_refY_005-raw02-09,False,,,,0.08503077259013787,0.3175049108502854,False,False,0.0,,,GP_IIa_9.5mm_closed_R10_single_refY_005-raw02-09,False,raw_kept,,,,,239.5057678222656,
post_capture_relaxed_area_guard,GP_IIa_9.5mm_closed_R10_single_refY,GP_IIa_9.5mm_closed_R10_single_refY_005,3,GP_IIa_9.5mm_closed_R10_single_refY_005-raw03-20,False,,,,0.08503077259013787,0.3175049108502854,False,False,0.0,,,GP_IIa_9.5mm_closed_R10_single_refY_005-raw03-20,False,raw_kept,,,,,255.09405517578125,
post_capture_relaxed_area_guard,GP_IIa_9.5mm_closed_R10_single_refY,GP_IIa_9.5mm_closed_R10_single_refY_005,4,GP_IIa_9.5mm_closed_R10_single_refY_005-raw04-11,False,,,,0.08503077259013787,0.3175049108502854,False,False,0.0,,,GP_IIa_9.5mm_closed_R10_single_refY_005-raw04-11,False,raw_kept,,,,,257.9886474609375,
post_capture_relaxed_area_guard,GP_IIa_9.5mm_closed_R10_single_refY,GP_IIa_9.5mm_closed_R10_single_refY_005,5,GP_IIa_9.5mm_closed_R10_single_refY_005-raw05-19,False,,,,0.08503077259013787,0.3175049108502854,False,False,0.0,,,GP_IIa_9.5mm_closed_R10_single_refY_005-raw05-19,False,raw_kept,,,,,286.2943725585937,
post_capture_relaxed_area_guard,GP_IIa_9.5mm_closed_R5_single_refY,GP_IIa_9.5mm_closed_R5_single_refY_004,1,GP_IIa_9.5mm_closed_R5_single_refY_004-raw01-08,True,0.6637595980661674,0.6879927911691822,9.97872957013102,0.08503077259013787,0.3175049108502854,False,False,5.0,0.7744368218751521,0.6879927911691822,GP_IIa_9.5mm_closed_R5_single_refY_004-raw01-08,True,raw_kept,,0.6637595980661674,0.6879927911691822,260.3958129882818,130.47543334960938,9.97872957013102
post_capture_relaxed_area_guard,GP_IIa_9.5mm_closed_R5_single_refY,GP_IIa_9.5mm_closed_R5_single_refY_004,2,GP_IIa_9.5mm_closed_R5_single_refY_004-raw02-24,True,0.7744368218751521,0.7786199095022625,9.42383224794841,0.08503077259013787,0.3175049108502854,False,False,5.0,0.7744368218751521,0.6879927911691822,GP_IIa_9.5mm_closed_R5_single_refY_004-raw02-24,True,raw_kept,,0.7744368218751521,0.7786199095022625,239.0985107421875,126.85842895507812,9.42383224794841
post_capture_relaxed_area_guard,GP_IIa_9.5mm_closed_R5_single_refY,GP_IIa_9.5mm_closed_R5_single_refY_004,3,GP_IIa_9.5mm_closed_R5_single_refY_004-raw03-20,True,0.9888288618258402,0.2804023959453233,12.5478174611439,0.08503077259013787,0.3175049108502854,False,True,5.0,0.7744368218751521,0.6879927911691822,GP_IIa_9.5mm_closed_R5_single_refY_004-raw03-20,True,raw_kept,,0.9888288618258402,0.2804023959453233,333.67739929641,132.9623260498047,12.5478174611439
post_capture_relaxed_area_guard,GP_IIa_9.5mm_closed_R5_single_refY,GP_IIa_9.5mm_closed_R5_single_refY_004,4,GP_IIa_9.5mm_closed_R5_single_refY_004-raw04-01,True,0.7507347289415381,0.7337224728044575,9.762676347403758,0.08503077259013787,0.3175049108502854,False,False,5.0,0.7744368218751521,0.6879927911691822,GP_IIa_9.5mm_closed_R5_single_refY_004-raw04-01,True,raw_kept,,0.7507347289415381,0.7337224728044575,261.5211486816412,133.93927001953125,9.762676347403758
post_capture_relaxed_area_guard,GP_IIa_9.5mm_closed_R5_single_refY,GP_IIa_9.5mm_closed_R5_single_refY_004,5,GP_IIa_9.5mm_closed_R5_single_refY_004-raw05-03,True,0.9840289608177172,0.3765129365902732,11.254472349066686,0.08503077259013787,0.3175049108502854,False,False,5.0,0.7744368218751521,0.6879927911691822,GP_IIa_9.5mm_closed_R5_single_refY_004-raw05-03,True,raw_kept,,0.9840289608177172,0.3765129365902732,344.6555763901661,153.119384765625,11.254472349066686
post_capture_relaxed_area_guard,GP_IIa_9.5mm_closed_R5_single_refY,GP_IIa_9.5mm_closed_R5_single_refY_005,1,GP_IIa_9.5mm_closed_R5_single_refY_005-raw01-16,True,0.7729353423612436,0.4378611756891398,11.305490957447835,0.08503077259013787,0.3175049108502854,False,False,5.0,0.872798985772644,0.5425574389314363,GP_IIa_9.5mm_closed_R5_single_refY_005-raw01-16,True,raw_kept,,0.7729353423612436,0.4378611756891398,222.799819946289,98.5361099243164,11.305490957447835
post_capture_relaxed_area_guard,GP_IIa_9.5mm_closed_R5_single_refY,GP_IIa_9.5mm_closed_R5_single_refY_005,2,GP_IIa_9.5mm_closed_R5_single_refY_005-raw02-07,True,0.7492492492492493,0.3241115316020705,12.570080054471712,0.08503077259013787,0.3175049108502854,False,False,5.0,0.872798985772644,0.5425574389314363,GP_IIa_9.5mm_closed_R5_single_refY_005-raw02-07,True,raw_kept,,0.7492492492492493,0.3241115316020705,257.5806884765628,102.45785522460938,12.570080054471712
post_capture_relaxed_area_guard,GP_IIa_9.5mm_closed_R5_single_refY,GP_IIa_9.5mm_closed_R5_single_refY_005,3,GP_IIa_9.5mm_closed_R5_single_refY_005-raw03-12,True,0.9907565287624518,0.6618388816832397,9.096603814694316,0.08503077259013787,0.3175049108502854,False,False,5.0,0.872798985772644,0.5425574389314363,GP_IIa_9.5mm_closed_R5_single_refY_005-raw03-12,True,raw_kept,,0.9907565287624518,0.6618388816832397,190.0133072413741,104.44189453125,9.096603814694316
post_capture_relaxed_area_guard,GP_IIa_9.5mm_closed_R5_single_refY,GP_IIa_9.5mm_closed_R5_single_refY_005,4,GP_IIa_9.5mm_closed_R5_single_refY_005-raw04-09,True,0.9895099026518966,0.9540849428557168,8.462621849804073,0.08503077259013787,0.3175049108502854,False,False,5.0,0.872798985772644,0.5425574389314363,GP_IIa_9.5mm_closed_R5_single_refY_005-raw04-09,True,raw_kept,,0.9895099026518966,0.9540849428557168,245.013718204938,144.76229858398438,8.462621849804073
post_capture_relaxed_area_guard,GP_IIa_9.5mm_closed_R5_single_refY,GP_IIa_9.5mm_closed_R5_single_refY_005,5,GP_IIa_9.5mm_closed_R5_single_refY_005-raw05-11,True,0.872798985772644,0.5425574389314363,9.972401716772874,0.08503077259013787,0.3175049108502854,False,False,5.0,0.872798985772644,0.5425574389314363,GP_IIa_9.5mm_closed_R5_single_refY_005-raw05-11,True,raw_kept,,0.872798985772644,0.5425574389314363,283.2573242187506,142.02061462402344,9.972401716772874
post_capture_relaxed_area_guard,GP_Ip_10.3mm_closed_R5_single_refY,GP_Ip_10.3mm_closed_R5_single_refY_004,1,GP_Ip_10.3mm_closed_R5_single_refY_004-raw01-05,True,0.9459126210018772,0.9884267915838368,15.20332605596438,0.08503077259013787,0.3175049108502854,False,False,5.0,0.937924991237294,0.9895422963971062,GP_Ip_10.3mm_closed_R5_single_refY_004-raw01-05,True,raw_kept,,0.9459126210018772,0.9884267915838368,271.27506993730105,89.2156982421875,15.20332605596438
post_capture_relaxed_area_guard,GP_Ip_10.3mm_closed_R5_single_refY,GP_Ip_10.3mm_closed_R5_single_refY_004,2,GP_Ip_10.3mm_closed_R5_single_refY_004-raw02-19,True,0.9422728338984496,0.9871892003581514,13.866012731541815,0.08503077259013787,0.3175049108502854,False,False,5.0,0.937924991237294,0.9895422963971062,GP_Ip_10.3mm_closed_R5_single_refY_004-raw02-19,True,raw_kept,,0.9422728338984496,0.9871892003581514,253.35496233211515,91.35826110839844,13.866012731541815
post_capture_relaxed_area_guard,GP_Ip_10.3mm_closed_R5_single_refY,GP_Ip_10.3mm_closed_R5_single_refY_004,3,GP_Ip_10.3mm_closed_R5_single_refY_004-raw03-24,True,0.933109465415405,0.9947853064457572,13.877585929711804,0.08503077259013787,0.3175049108502854,False,False,5.0,0.937924991237294,0.9895422963971062,GP_Ip_10.3mm_closed_R5_single_refY_004-raw03-24,True,raw_kept,,0.933109465415405,0.9947853064457572,212.73640861742413,76.6474838256836,13.877585929711804
post_capture_relaxed_area_guard,GP_Ip_10.3mm_closed_R5_single_refY,GP_Ip_10.3mm_closed_R5_single_refY_004,4,GP_Ip_10.3mm_closed_R5_single_refY_004-raw04-15,True,0.937924991237294,0.9945078158005914,14.51308802499995,0.08503077259013787,0.3175049108502854,False,False,5.0,0.937924991237294,0.9895422963971062,GP_Ip_10.3mm_closed_R5_single_refY_004-raw04-15,True,raw_kept,,0.937924991237294,0.9945078158005914,195.77729671790613,67.44853210449219,14.51308802499995
post_capture_relaxed_area_guard,GP_Ip_10.3mm_closed_R5_single_refY,GP_Ip_10.3mm_closed_R5_single_refY_004,5,GP_Ip_10.3mm_closed_R5_single_refY_004-raw05-07,True,0.9349372316365664,0.9895422963971062,15.24067410997788,0.08503077259013787,0.3175049108502854,False,False,5.0,0.937924991237294,0.9895422963971062,GP_Ip_10.3mm_closed_R5_single_refY_004-raw05-07,True,raw_kept,,0.9349372316365664,0.9895422963971062,203.55848613562355,66.78132629394531,15.24067410997788
post_capture_relaxed_area_guard,GP_Ip_10.3mm_closed_R5_single_refY,GP_Ip_10.3mm_closed_R5_single_refY_005,1,GP_Ip_10.3mm_closed_R5_single_refY_005-raw01-05,True,0.979385473404394,0.9940234013300036,10.08403943545026,0.08503077259013787,0.3175049108502854,False,False,5.0,0.979385473404394,0.9882029157988694,GP_Ip_10.3mm_closed_R5_single_refY_005-raw01-05,True,raw_kept,,0.979385473404394,0.9940234013300036,244.57614690091452,121.26893615722656,10.08403943545026
post_capture_relaxed_area_guard,GP_Ip_10.3mm_closed_R5_single_refY,GP_Ip_10.3mm_closed_R5_single_refY_005,2,GP_Ip_10.3mm_closed_R5_single_refY_005-raw02-02,True,0.9769807609564202,0.9808658678005412,10.578272803499148,0.08503077259013787,0.3175049108502854,False,False,5.0,0.979385473404394,0.9882029157988694,GP_Ip_10.3mm_closed_R5_single_refY_005-raw02-02,True,raw_kept,,0.9769807609564202,0.9808658678005412,223.35701169791577,105.57347869873048,10.578272803499148
post_capture_relaxed_area_guard,GP_Ip_10.3mm_closed_R5_single_refY,GP_Ip_10.3mm_closed_R5_single_refY_005,3,GP_Ip_10.3mm_closed_R5_single_refY_005-raw03-07,True,0.9305245766212308,0.9949175232001451,11.270072705182807,0.08503077259013787,0.3175049108502854,False,False,5.0,0.979385473404394,0.9882029157988694,GP_Ip_10.3mm_closed_R5_single_refY_005-raw03-07,True,raw_kept,,0.9305245766212308,0.9949175232001451,255.5652355179226,113.38224792480467,11.270072705182807
post_capture_relaxed_area_guard,GP_Ip_10.3mm_closed_R5_single_refY,GP_Ip_10.3mm_closed_R5_single_refY_005,4,GP_Ip_10.3mm_closed_R5_single_refY_005-raw04-24,True,0.9909015950641152,0.9810694566398286,9.701004050272797,0.08503077259013787,0.3175049108502854,False,False,5.0,0.979385473404394,0.9882029157988694,GP_Ip_10.3mm_closed_R5_single_refY_005-raw04-24,True,raw_kept,,0.9909015950641152,0.9810694566398286,337.733374466764,174.07135009765625,9.701004050272797
post_capture_relaxed_area_guard,GP_Ip_10.3mm_closed_R5_single_refY,GP_Ip_10.3mm_closed_R5_single_refY_005,5,GP_Ip_10.3mm_closed_R5_single_refY_005-raw05-22,True,0.9919384083238026,0.9882029157988694,9.534647287463946,0.08503077259013787,0.3175049108502854,False,False,5.0,0.979385473404394,0.9882029157988694,GP_Ip_10.3mm_closed_R5_single_refY_005-raw05-22,True,raw_kept,,0.9919384083238026,0.9882029157988694,338.3406892867416,177.4269561767578,9.534647287463946
post_capture_relaxed_area_guard,GP_Ip_12.0mm_closed_R10_single_refY,GP_Ip_12.0mm_closed_R10_single_refY_004,1,GP_Ip_12.0mm_closed_R10_single_refY_004-raw01-01,False,,,,0.08503077259013787,0.3175049108502854,False,False,4.0,0.9166911246438284,0.990033030635447,GP_Ip_12.0mm_closed_R10_single_refY_004-raw01-01,False,raw_kept,,,,,,
post_capture_relaxed_area_guard,GP_Ip_12.0mm_closed_R10_single_refY,GP_Ip_12.0mm_closed_R10_single_refY_004,2,GP_Ip_12.0mm_closed_R10_single_refY_004-raw02-21,True,0.8829749890302765,0.9963601866372384,10.28135946301119,0.08503077259013787,0.3175049108502854,False,False,4.0,0.9166911246438284,0.990033030635447,GP_Ip_12.0mm_closed_R10_single_refY_004-raw02-21,True,raw_kept,,0.8829749890302765,0.9963601866372384,304.3153758553154,295.98748779296875,10.28135946301119
post_capture_relaxed_area_guard,GP_Ip_12.0mm_closed_R10_single_refY,GP_Ip_12.0mm_closed_R10_single_refY_004,3,GP_Ip_12.0mm_closed_R10_single_refY_004-raw03-15,True,0.907080551267506,0.9963858305409288,11.06288716650969,0.08503077259013787,0.3175049108502854,False,False,4.0,0.9166911246438284,0.990033030635447,GP_Ip_12.0mm_closed_R10_single_refY_004-raw03-15,True,raw_kept,,0.907080551267506,0.9963858305409288,276.3303304316105,249.7813873291016,11.06288716650969
post_capture_relaxed_area_guard,GP_Ip_12.0mm_closed_R10_single_refY,GP_Ip_12.0mm_closed_R10_single_refY_004,4,GP_Ip_12.0mm_closed_R10_single_refY_004-raw04-20,True,0.9263016980201508,0.9837058746336556,11.857830079362213,0.08503077259013787,0.3175049108502854,False,False,4.0,0.9166911246438284,0.990033030635447,GP_Ip_12.0mm_closed_R10_single_refY_004-raw04-20,True,raw_kept,,0.9263016980201508,0.9837058746336556,299.73006839083314,252.76974487304688,11.857830079362213
post_capture_relaxed_area_guard,GP_Ip_12.0mm_closed_R10_single_refY,GP_Ip_12.0mm_closed_R10_single_refY_004,5,GP_Ip_12.0mm_closed_R10_single_refY_004-raw05-15,True,0.9625586594429116,0.8152695994694427,13.360805916481851,0.08503077259013787,0.3175049108502854,False,False,4.0,0.9166911246438284,0.990033030635447,GP_Ip_12.0mm_closed_R10_single_refY_004-raw05-15,True,raw_kept,,0.9625586594429116,0.8152695994694427,317.12099953636897,237.3516998291016,13.360805916481851
post_capture_relaxed_area_guard,GP_Ip_12.0mm_closed_R10_single_refY,GP_Ip_12.0mm_closed_R10_single_refY_005,1,GP_Ip_12.0mm_closed_R10_single_refY_005-raw01-11,True,0.110923955466086,0.9443780698260984,4.140556422293852,0.08503077259013787,0.3175049108502854,True,False,5.0,0.079369756638702,0.8631166285527605,GP_Ip_12.0mm_closed_R10_single_refY_005-raw01-11,True,raw_kept,,0.110923955466086,0.9443780698260984,120.89037322998064,291.96649169921875,4.140556422293852
post_capture_relaxed_area_guard,GP_Ip_12.0mm_closed_R10_single_refY,GP_Ip_12.0mm_closed_R10_single_refY_005,2,GP_Ip_12.0mm_closed_R10_single_refY_005-raw02-16,True,0.079369756638702,0.9048525214081828,3.737753099383155,0.08503077259013787,0.3175049108502854,True,True,5.0,0.079369756638702,0.8631166285527605,GP_Ip_12.0mm_closed_R10_single_refY_005-raw02-09,True,post_retry,7.0,0.0927926273436065,0.9853160246861036,97.44265276842305,270.5061950683594,3.602233684289493
post_capture_relaxed_area_guard,GP_Ip_12.0mm_closed_R10_single_refY,GP_Ip_12.0mm_closed_R10_single_refY_005,3,GP_Ip_12.0mm_closed_R10_single_refY_005-raw03-24,True,0.0615487081039785,0.8631166285527605,3.5017324349346213,0.08503077259013787,0.3175049108502854,True,True,5.0,0.079369756638702,0.8631166285527605,GP_Ip_12.0mm_closed_R10_single_refY_005-raw03-23,True,post_retry,2.0,0.314474965906877,0.671252119157181,275.96206665039125,253.1969146728516,10.899108585385145
post_capture_relaxed_area_guard,GP_Ip_12.0mm_closed_R10_single_refY,GP_Ip_12.0mm_closed_R10_single_refY_005,4,GP_Ip_12.0mm_closed_R10_single_refY_005-raw04-02,True,0.2659147125754427,0.6502027065608406,10.438680531361037,0.08503077259013787,0.3175049108502854,True,False,5.0,0.079369756638702,0.8631166285527605,GP_Ip_12.0mm_closed_R10_single_refY_005-raw04-02,True,raw_kept,,0.2659147125754427,0.6502027065608406,262.8321533203129,251.7867584228516,10.438680531361037
post_capture_relaxed_area_guard,GP_Ip_12.0mm_closed_R10_single_refY,GP_Ip_12.0mm_closed_R10_single_refY_005,5,GP_Ip_12.0mm_closed_R10_single_refY_005-raw05-07,True,0.0392015068447075,0.7948609941027801,3.017740449201186,0.08503077259013787,0.3175049108502854,True,True,5.0,0.079369756638702,0.8631166285527605,GP_Ip_12.0mm_closed_R10_single_refY_005-raw05-05,True,post_retry,4.0,0.9983993260320136,0.4268212124681821,455.1146335940205,273.9764404296875,16.611451440140144
post_capture_relaxed_area_guard,GP_Ip_12.0mm_closed_R5_single_refY,GP_Ip_12.0mm_closed_R5_single_refY_004,1,GP_Ip_12.0mm_closed_R5_single_refY_004-raw01-15,True,0.8959668365143795,0.997252528470176,11.21141189390014,0.08503077259013787,0.3175049108502854,False,False,5.0,0.9280723836625988,0.9897281089185136,GP_Ip_12.0mm_closed_R5_single_refY_004-raw01-15,True,raw_kept,,0.8959668365143795,0.997252528470176,272.9891207009265,121.74609375,11.21141189390014
post_capture_relaxed_area_guard,GP_Ip_12.0mm_closed_R5_single_refY,GP_Ip_12.0mm_closed_R5_single_refY_004,2,GP_Ip_12.0mm_closed_R5_single_refY_004-raw02-22,True,0.9161940887069516,0.9953388387536184,11.378790863490966,0.08503077259013787,0.3175049108502854,False,False,5.0,0.9280723836625988,0.9897281089185136,GP_Ip_12.0mm_closed_R5_single_refY_004-raw02-22,True,raw_kept,,0.9161940887069516,0.9953388387536184,266.61637649380435,117.15496826171876,11.378790863490966
post_capture_relaxed_area_guard,GP_Ip_12.0mm_closed_R5_single_refY,GP_Ip_12.0mm_closed_R5_single_refY_004,3,GP_Ip_12.0mm_closed_R5_single_refY_004-raw03-12,True,0.9280723836625988,0.9897281089185136,11.317355768866012,0.08503077259013787,0.3175049108502854,False,False,5.0,0.9280723836625988,0.9897281089185136,GP_Ip_12.0mm_closed_R5_single_refY_004-raw03-12,True,raw_kept,,0.9280723836625988,0.9897281089185136,271.56732204662427,119.97825622558594,11.317355768866012
post_capture_relaxed_area_guard,GP_Ip_12.0mm_closed_R5_single_refY,GP_Ip_12.0mm_closed_R5_single_refY_004,4,GP_Ip_12.0mm_closed_R5_single_refY_004-raw04-23,True,0.9645972911746276,0.979304237824162,11.692584281866552,0.08503077259013787,0.3175049108502854,False,False,5.0,0.9280723836625988,0.9897281089185136,GP_Ip_12.0mm_closed_R5_single_refY_004-raw04-23,True,raw_kept,,0.9645972911746276,0.979304237824162,241.7554023107841,103.37979888916016,11.692584281866552
post_capture_relaxed_area_guard,GP_Ip_12.0mm_closed_R5_single_refY,GP_Ip_12.0mm_closed_R5_single_refY_004,5,GP_Ip_12.0mm_closed_R5_single_refY_004-raw05-02,True,0.9566931026195626,0.9730194017784964,11.750349414123274,0.08503077259013787,0.3175049108502854,False,False,5.0,0.9280723836625988,0.9897281089185136,GP_Ip_12.0mm_closed_R5_single_refY_004-raw05-02,True,raw_kept,,0.9566931026195626,0.9730194017784964,241.46448087324288,102.74778747558594,11.750349414123274
post_capture_relaxed_area_guard,GP_Ip_12.0mm_closed_R5_single_refY,GP_Ip_12.0mm_closed_R5_single_refY_005,1,GP_Ip_12.0mm_closed_R5_single_refY_005-raw01-22,True,0.9687887044835274,0.9933501490483834,10.10580271114584,0.08503077259013787,0.3175049108502854,False,False,5.0,0.9746554337481054,0.9922280345895164,GP_Ip_12.0mm_closed_R5_single_refY_005-raw01-22,True,raw_kept,,0.9687887044835274,0.9933501490483834,340.14414728771925,168.29150390625,10.10580271114584
post_capture_relaxed_area_guard,GP_Ip_12.0mm_closed_R5_single_refY,GP_Ip_12.0mm_closed_R5_single_refY_005,2,GP_Ip_12.0mm_closed_R5_single_refY_005-raw02-19,True,0.9770504360122556,0.9952752837265184,10.120299653441831,0.08503077259013787,0.3175049108502854,False,False,5.0,0.9746554337481054,0.9922280345895164,GP_Ip_12.0mm_closed_R5_single_refY_005-raw02-19,True,raw_kept,,0.9770504360122556,0.9952752837265184,328.01584276252663,162.05836486816406,10.120299653441831
post_capture_relaxed_area_guard,GP_Ip_12.0mm_closed_R5_single_refY,GP_Ip_12.0mm_closed_R5_single_refY_005,3,GP_Ip_12.0mm_closed_R5_single_refY_005-raw03-17,True,0.9746554337481054,0.9872117768796737,10.316705783421307,0.08503077259013787,0.3175049108502854,False,False,5.0,0.9746554337481054,0.9922280345895164,GP_Ip_12.0mm_closed_R5_single_refY_005-raw03-17,True,raw_kept,,0.9746554337481054,0.9872117768796737,305.1760155018362,147.90380859375,10.316705783421307
post_capture_relaxed_area_guard,GP_Ip_12.0mm_closed_R5_single_refY,GP_Ip_12.0mm_closed_R5_single_refY_005,4,GP_Ip_12.0mm_closed_R5_single_refY_005-raw04-06,True,0.9622540796095777,0.9922280345895164,10.240885972028089,0.08503077259013787,0.3175049108502854,False,False,5.0,0.9746554337481054,0.9922280345895164,GP_Ip_12.0mm_closed_R5_single_refY_005-raw04-06,True,raw_kept,,0.9622540796095777,0.9922280345895164,294.57142182242336,143.82125854492188,10.240885972028089
post_capture_relaxed_area_guard,GP_Ip_12.0mm_closed_R5_single_refY,GP_Ip_12.0mm_closed_R5_single_refY_005,5,GP_Ip_12.0mm_closed_R5_single_refY_005-raw05-24,True,0.9929710005761476,0.9873220686123912,10.500264913594366,0.08503077259013787,0.3175049108502854,False,False,5.0,0.9746554337481054,0.9922280345895164,GP_Ip_12.0mm_closed_R5_single_refY_005-raw05-24,True,raw_kept,,0.9929710005761476,0.9873220686123912,289.743062862911,137.9694061279297,10.500264913594366
post_capture_relaxed_area_guard,GP_Ip_2.9mm_closed_R10_single_refY,GP_Ip_2.9mm_closed_R10_single_refY_004,1,GP_Ip_2.9mm_closed_R10_single_refY_004-raw01-06,True,0.9668830088201033,0.9782791715777068,3.1045429211688136,0.08503077259013787,0.3175049108502854,False,False,5.0,0.9649457493740312,0.9728332732299556,GP_Ip_2.9mm_closed_R10_single_refY_004-raw01-06,True,raw_kept,,0.9668830088201033,0.9782791715777068,86.60584256621597,278.9648742675781,3.1045429211688136
post_capture_relaxed_area_guard,GP_Ip_2.9mm_closed_R10_single_refY,GP_Ip_2.9mm_closed_R10_single_refY_004,2,GP_Ip_2.9mm_closed_R10_single_refY_004-raw02-24,True,0.9094710947109472,0.8906287641532161,3.2710249078404083,0.08503077259013787,0.3175049108502854,False,False,5.0,0.9649457493740312,0.9728332732299556,GP_Ip_2.9mm_closed_R10_single_refY_004-raw02-24,True,raw_kept,,0.9094710947109472,0.8906287641532161,77.13466644287124,235.8119201660156,3.2710249078404083
post_capture_relaxed_area_guard,GP_Ip_2.9mm_closed_R10_single_refY,GP_Ip_2.9mm_closed_R10_single_refY_004,3,GP_Ip_2.9mm_closed_R10_single_refY_004-raw03-02,True,0.957099849473156,0.9641142279504676,2.9633208374368825,0.08503077259013787,0.3175049108502854,False,False,5.0,0.9649457493740312,0.9728332732299556,GP_Ip_2.9mm_closed_R10_single_refY_004-raw03-02,True,raw_kept,,0.957099849473156,0.9641142279504676,70.27024584054544,237.1334381103516,2.9633208374368825
post_capture_relaxed_area_guard,GP_Ip_2.9mm_closed_R10_single_refY,GP_Ip_2.9mm_closed_R10_single_refY_004,4,GP_Ip_2.9mm_closed_R10_single_refY_004-raw04-02,True,0.9649457493740312,0.9728332732299556,3.041403499812219,0.08503077259013787,0.3175049108502854,False,False,5.0,0.9649457493740312,0.9728332732299556,GP_Ip_2.9mm_closed_R10_single_refY_004-raw04-02,True,raw_kept,,0.9649457493740312,0.9728332732299556,102.52708751577528,337.1045227050781,3.041403499812219
post_capture_relaxed_area_guard,GP_Ip_2.9mm_closed_R10_single_refY,GP_Ip_2.9mm_closed_R10_single_refY_004,5,GP_Ip_2.9mm_closed_R10_single_refY_004-raw05-21,True,0.971898687372897,0.9794131346064276,3.068894815678699,0.08503077259013787,0.3175049108502854,False,False,5.0,0.9649457493740312,0.9728332732299556,GP_Ip_2.9mm_closed_R10_single_refY_004-raw05-21,True,raw_kept,,0.971898687372897,0.9794131346064276,116.569601969157,379.84228515625,3.068894815678699
post_capture_relaxed_area_guard,GP_Ip_2.9mm_closed_R10_single_refY,GP_Ip_2.9mm_closed_R10_single_refY_005,1,GP_Ip_2.9mm_closed_R10_single_refY_005-raw01-02,True,0.9874272846687934,0.9710278649197268,2.970166347874544,0.08503077259013787,0.3175049108502854,False,False,5.0,0.9874272846687934,0.971997052321297,GP_Ip_2.9mm_closed_R10_single_refY_005-raw01-02,True,raw_kept,,0.9874272846687934,0.9710278649197268,81.57929700824155,274.6623840332031,2.970166347874544
post_capture_relaxed_area_guard,GP_Ip_2.9mm_closed_R10_single_refY,GP_Ip_2.9mm_closed_R10_single_refY_005,2,GP_Ip_2.9mm_closed_R10_single_refY_005-raw02-05,True,0.9747814391392065,0.9762586293988889,3.1096556104344284,0.08503077259013787,0.3175049108502854,False,False,5.0,0.9874272846687934,0.971997052321297,GP_Ip_2.9mm_closed_R10_single_refY_005-raw02-05,True,raw_kept,,0.9747814391392065,0.9762586293988889,86.16812232699436,277.0986022949219,3.1096556104344284
post_capture_relaxed_area_guard,GP_Ip_2.9mm_closed_R10_single_refY,GP_Ip_2.9mm_closed_R10_single_refY_005,3,GP_Ip_2.9mm_closed_R10_single_refY_005-raw03-06,True,0.9876617514294312,0.967428150331614,3.08650369667358,0.08503077259013787,0.3175049108502854,False,False,5.0,0.9874272846687934,0.971997052321297,GP_Ip_2.9mm_closed_R10_single_refY_005-raw03-06,True,raw_kept,,0.9876617514294312,0.967428150331614,91.17108806735078,295.38629150390625,3.08650369667358
post_capture_relaxed_area_guard,GP_Ip_2.9mm_closed_R10_single_refY,GP_Ip_2.9mm_closed_R10_single_refY_005,4,GP_Ip_2.9mm_closed_R10_single_refY_005-raw04-23,True,0.9871125611745514,0.9754957278736096,3.027641192805247,0.08503077259013787,0.3175049108502854,False,False,5.0,0.9874272846687934,0.971997052321297,GP_Ip_2.9mm_closed_R10_single_refY_005-raw04-23,True,raw_kept,,0.9871125611745514,0.9754957278736096,87.45235514492393,288.84649658203125,3.027641192805247
post_capture_relaxed_area_guard,GP_Ip_2.9mm_closed_R10_single_refY,GP_Ip_2.9mm_closed_R10_single_refY_005,5,GP_Ip_2.9mm_closed_R10_single_refY_005-raw05-24,True,0.9893489348934892,0.971997052321297,3.044867211465724,0.08503077259013787,0.3175049108502854,False,False,5.0,0.9874272846687934,0.971997052321297,GP_Ip_2.9mm_closed_R10_single_refY_005-raw05-24,True,raw_kept,,0.9893489348934892,0.971997052321297,91.28289444770888,299.7926940917969,3.044867211465724
post_capture_relaxed_area_guard,GP_Ip_2.9mm_closed_R5_single_refY,GP_Ip_2.9mm_closed_R5_single_refY_004,1,GP_Ip_2.9mm_closed_R5_single_refY_004-raw01-24,False,,,,0.08503077259013787,0.3175049108502854,False,False,2.0,0.26862347448260154,0.8531440352756874,GP_Ip_2.9mm_closed_R5_single_refY_004-raw01-24,False,raw_kept,,,,,,
post_capture_relaxed_area_guard,GP_Ip_2.9mm_closed_R5_single_refY,GP_Ip_2.9mm_closed_R5_single_refY_004,2,GP_Ip_2.9mm_closed_R5_single_refY_004-raw02-10,True,0.3467202141900937,0.9045387994143484,2.6956342245274323,0.08503077259013787,0.3175049108502854,False,False,2.0,0.26862347448260154,0.8531440352756874,GP_Ip_2.9mm_closed_R5_single_refY_004-raw02-10,True,raw_kept,,0.3467202141900937,0.9045387994143484,76.78722381591814,142.42886352539062,2.6956342245274323
post_capture_relaxed_area_guard,GP_Ip_2.9mm_closed_R5_single_refY,GP_Ip_2.9mm_closed_R5_single_refY_004,3,GP_Ip_2.9mm_closed_R5_single_refY_004-raw03-06,False,,,,0.08503077259013787,0.3175049108502854,False,False,2.0,0.26862347448260154,0.8531440352756874,GP_Ip_2.9mm_closed_R5_single_refY_004-raw03-06,False,raw_kept,,,,,157.84503173828125,
post_capture_relaxed_area_guard,GP_Ip_2.9mm_closed_R5_single_refY,GP_Ip_2.9mm_closed_R5_single_refY_004,4,GP_Ip_2.9mm_closed_R5_single_refY_004-raw04-12,False,,,,0.08503077259013787,0.3175049108502854,False,False,2.0,0.26862347448260154,0.8531440352756874,GP_Ip_2.9mm_closed_R5_single_refY_004-raw04-12,False,raw_kept,,,,,160.1263427734375,
post_capture_relaxed_area_guard,GP_Ip_2.9mm_closed_R5_single_refY,GP_Ip_2.9mm_closed_R5_single_refY_004,5,GP_Ip_2.9mm_closed_R5_single_refY_004-raw05-23,True,0.1905267347751094,0.8017492711370262,2.488192787853758,0.08503077259013787,0.3175049108502854,False,False,2.0,0.26862347448260154,0.8531440352756874,GP_Ip_2.9mm_closed_R5_single_refY_004-raw05-23,True,raw_kept,,0.1905267347751094,0.8017492711370262,69.94005584716804,140.54388427734375,2.488192787853758
post_capture_relaxed_area_guard,GP_Ip_2.9mm_closed_R5_single_refY,GP_Ip_2.9mm_closed_R5_single_refY_005,1,GP_Ip_2.9mm_closed_R5_single_refY_005-raw01-19,False,,,,0.08503077259013787,0.3175049108502854,False,False,3.0,0.9180521164956964,0.9873856390352092,GP_Ip_2.9mm_closed_R5_single_refY_005-raw01-19,False,raw_kept,,,,,104.24262237548828,
post_capture_relaxed_area_guard,GP_Ip_2.9mm_closed_R5_single_refY,GP_Ip_2.9mm_closed_R5_single_refY_005,2,GP_Ip_2.9mm_closed_R5_single_refY_005-raw02-09,True,0.7770713292271011,0.9885210891617724,3.3208370461705323,0.08503077259013787,0.3175049108502854,False,False,3.0,0.9180521164956964,0.9873856390352092,GP_Ip_2.9mm_closed_R5_single_refY_005-raw02-09,True,raw_kept,,0.7770713292271011,0.9885210891617724,69.22784853564801,104.23252868652344,3.3208370461705323
post_capture_relaxed_area_guard,GP_Ip_2.9mm_closed_R5_single_refY,GP_Ip_2.9mm_closed_R5_single_refY_005,3,GP_Ip_2.9mm_closed_R5_single_refY_005-raw03-01,False,,,,0.08503077259013787,0.3175049108502854,False,False,3.0,0.9180521164956964,0.9873856390352092,GP_Ip_2.9mm_closed_R5_single_refY_005-raw03-01,False,raw_kept,,,,,107.68077087402344,
post_capture_relaxed_area_guard,GP_Ip_2.9mm_closed_R5_single_refY,GP_Ip_2.9mm_closed_R5_single_refY_005,4,GP_Ip_2.9mm_closed_R5_single_refY_005-raw04-11,True,0.9180521164956964,0.9873856390352092,4.252839466517088,0.08503077259013787,0.3175049108502854,False,False,3.0,0.9180521164956964,0.9873856390352092,GP_Ip_2.9mm_closed_R5_single_refY_005-raw04-11,True,raw_kept,,0.9180521164956964,0.9873856390352092,129.94329833984395,152.77239990234375,4.252839466517088
post_capture_relaxed_area_guard,GP_Ip_2.9mm_closed_R5_single_refY,GP_Ip_2.9mm_closed_R5_single_refY_005,5,GP_Ip_2.9mm_closed_R5_single_refY_005-raw05-24,True,0.9778794813119756,0.9780244173140954,3.473410543704907,0.08503077259013787,0.3175049108502854,False,False,3.0,0.9180521164956964,0.9873856390352092,GP_Ip_2.9mm_closed_R5_single_refY_005-raw05-24,True,raw_kept,,0.9778794813119756,0.9780244173140954,108.80156427934384,156.6206512451172,3.473410543704907
post_capture_relaxed_area_guard,GP_Ip_20.0mm_closed_R10_single_refY,GP_Ip_20.0mm_closed_R10_single_refY_004,1,GP_Ip_20.0mm_closed_R10_single_refY_004-raw01-11,True,0.8777493654403231,0.9906852295941024,18.571759759356446,0.08503077259013787,0.3175049108502854,False,False,5.0,0.8927623579169971,0.9757390163114804,GP_Ip_20.0mm_closed_R10_single_refY_004-raw01-11,True,raw_kept,,0.8777493654403231,0.9906852295941024,363.4660523942712,195.70899963378903,18.571759759356446
post_capture_relaxed_area_guard,GP_Ip_20.0mm_closed_R10_single_refY,GP_Ip_20.0mm_closed_R10_single_refY_004,2,GP_Ip_20.0mm_closed_R10_single_refY_004-raw02-14,True,0.8799740974583131,0.9757390163114804,19.33316484888513,0.08503077259013787,0.3175049108502854,False,False,5.0,0.8927623579169971,0.9757390163114804,GP_Ip_20.0mm_closed_R10_single_refY_004-raw02-14,True,raw_kept,,0.8799740974583131,0.9757390163114804,345.11649209783474,178.5100860595703,19.33316484888513
post_capture_relaxed_area_guard,GP_Ip_20.0mm_closed_R10_single_refY,GP_Ip_20.0mm_closed_R10_single_refY_004,3,GP_Ip_20.0mm_closed_R10_single_refY_004-raw03-04,True,0.8927623579169971,0.9574067940953824,19.31275744840569,0.08503077259013787,0.3175049108502854,False,False,5.0,0.8927623579169971,0.9757390163114804,GP_Ip_20.0mm_closed_R10_single_refY_004-raw03-04,True,raw_kept,,0.8927623579169971,0.9574067940953824,349.0168544450308,180.71829223632807,19.31275744840569
post_capture_relaxed_area_guard,GP_Ip_20.0mm_closed_R10_single_refY,GP_Ip_20.0mm_closed_R10_single_refY_004,4,GP_Ip_20.0mm_closed_R10_single_refY_004-raw04-20,True,0.906683686343194,0.9748742044053452,18.64897725451064,0.08503077259013787,0.3175049108502854,False,False,5.0,0.8927623579169971,0.9757390163114804,GP_Ip_20.0mm_closed_R10_single_refY_004-raw04-20,True,raw_kept,,0.906683686343194,0.9748742044053452,416.06967797783767,223.1058959960937,18.64897725451064
post_capture_relaxed_area_guard,GP_Ip_20.0mm_closed_R10_single_refY,GP_Ip_20.0mm_closed_R10_single_refY_004,5,GP_Ip_20.0mm_closed_R10_single_refY_004-raw05-19,True,0.903768675507806,0.9859485900633032,18.842299085242608,0.08503077259013787,0.3175049108502854,False,False,5.0,0.8927623579169971,0.9757390163114804,GP_Ip_20.0mm_closed_R10_single_refY_004-raw05-19,True,raw_kept,,0.903768675507806,0.9859485900633032,393.86227179167753,209.0308990478516,18.842299085242608
post_capture_relaxed_area_guard,GP_Ip_20.0mm_closed_R10_single_refY,GP_Ip_20.0mm_closed_R10_single_refY_005,1,GP_Ip_20.0mm_closed_R10_single_refY_005-raw01-02,True,0.9428139564176848,0.9892679223798452,17.554744058531742,0.08503077259013787,0.3175049108502854,False,False,5.0,0.9428139564176848,0.9831136738056012,GP_Ip_20.0mm_closed_R10_single_refY_005-raw01-02,True,raw_kept,,0.9428139564176848,0.9892679223798452,405.1974098278935,230.8193206787109,17.554744058531742
post_capture_relaxed_area_guard,GP_Ip_20.0mm_closed_R10_single_refY,GP_Ip_20.0mm_closed_R10_single_refY_005,2,GP_Ip_20.0mm_closed_R10_single_refY_005-raw02-06,True,0.9210764887196622,0.9831136738056012,17.665590065872156,0.08503077259013787,0.3175049108502854,False,False,5.0,0.9428139564176848,0.9831136738056012,GP_Ip_20.0mm_closed_R10_single_refY_005-raw02-06,True,raw_kept,,0.9210764887196622,0.9831136738056012,393.3960538007432,222.69058227539065,17.665590065872156
post_capture_relaxed_area_guard,GP_Ip_20.0mm_closed_R10_single_refY,GP_Ip_20.0mm_closed_R10_single_refY_005,3,GP_Ip_20.0mm_closed_R10_single_refY_005-raw03-01,True,0.9283629395451128,0.9774830602773682,17.626773954254944,0.08503077259013787,0.3175049108502854,False,False,5.0,0.9428139564176848,0.9831136738056012,GP_Ip_20.0mm_closed_R10_single_refY_005-raw03-01,True,raw_kept,,0.9283629395451128,0.9774830602773682,410.03061818041294,232.6180725097656,17.626773954254944
post_capture_relaxed_area_guard,GP_Ip_20.0mm_closed_R10_single_refY,GP_Ip_20.0mm_closed_R10_single_refY_005,4,GP_Ip_20.0mm_closed_R10_single_refY_005-raw04-11,True,0.9715382811584008,0.9840832568105295,17.117677354074345,0.08503077259013787,0.3175049108502854,False,False,5.0,0.9428139564176848,0.9831136738056012,GP_Ip_20.0mm_closed_R10_single_refY_005-raw04-11,True,raw_kept,,0.9715382811584008,0.9840832568105295,443.2021488839158,258.9148864746094,17.117677354074345
post_capture_relaxed_area_guard,GP_Ip_20.0mm_closed_R10_single_refY,GP_Ip_20.0mm_closed_R10_single_refY_005,5,GP_Ip_20.0mm_closed_R10_single_refY_005-raw05-23,True,0.9782786430208028,0.9829376854599406,17.47547372580252,0.08503077259013787,0.3175049108502854,False,False,5.0,0.9428139564176848,0.9831136738056012,GP_Ip_20.0mm_closed_R10_single_refY_005-raw05-23,True,raw_kept,,0.9782786430208028,0.9829376854599406,383.1460549397341,219.2478790283203,17.47547372580252
post_capture_relaxed_area_guard,GP_Ip_4.0mm_closed_R10_single_refY,GP_Ip_4.0mm_closed_R10_single_refY_004,1,GP_Ip_4.0mm_closed_R10_single_refY_004-raw01-05,True,0.922907881451565,0.909404810674782,4.380595148215283,0.08503077259013787,0.3175049108502854,False,False,5.0,0.9620885988057214,0.9697608538111864,GP_Ip_4.0mm_closed_R10_single_refY_004-raw01-05,True,raw_kept,,0.922907881451565,0.909404810674782,157.8210601806644,360.2731018066406,4.380595148215283
post_capture_relaxed_area_guard,GP_Ip_4.0mm_closed_R10_single_refY,GP_Ip_4.0mm_closed_R10_single_refY_004,2,GP_Ip_4.0mm_closed_R10_single_refY_004-raw02-15,True,0.9605220228384992,0.9697608538111864,4.109154028631362,0.08503077259013787,0.3175049108502854,False,False,5.0,0.9620885988057214,0.9697608538111864,GP_Ip_4.0mm_closed_R10_single_refY_004-raw02-15,True,raw_kept,,0.9605220228384992,0.9697608538111864,138.49272382707954,337.0346374511719,4.109154028631362
post_capture_relaxed_area_guard,GP_Ip_4.0mm_closed_R10_single_refY,GP_Ip_4.0mm_closed_R10_single_refY_004,3,GP_Ip_4.0mm_closed_R10_single_refY_004-raw03-05,True,0.9620885988057214,0.971464628759728,4.146587576806991,0.08503077259013787,0.3175049108502854,False,False,5.0,0.9620885988057214,0.9697608538111864,GP_Ip_4.0mm_closed_R10_single_refY_004-raw03-05,True,raw_kept,,0.9620885988057214,0.971464628759728,134.77706698678597,325.0312805175781,4.146587576806991
post_capture_relaxed_area_guard,GP_Ip_4.0mm_closed_R10_single_refY,GP_Ip_4.0mm_closed_R10_single_refY_004,4,GP_Ip_4.0mm_closed_R10_single_refY_004-raw04-23,True,0.9708747614743396,0.9750365626103182,4.119401338169188,0.08503077259013787,0.3175049108502854,False,False,5.0,0.9620885988057214,0.9697608538111864,GP_Ip_4.0mm_closed_R10_single_refY_004-raw04-23,True,raw_kept,,0.9708747614743396,0.9750365626103182,158.32796094812483,384.3470153808594,4.119401338169188
post_capture_relaxed_area_guard,GP_Ip_4.0mm_closed_R10_single_refY,GP_Ip_4.0mm_closed_R10_single_refY_004,5,GP_Ip_4.0mm_closed_R10_single_refY_004-raw05-06,True,0.9652497245684908,0.9613221780277054,4.143135373555505,0.08503077259013787,0.3175049108502854,False,False,5.0,0.9620885988057214,0.9697608538111864,GP_Ip_4.0mm_closed_R10_single_refY_004-raw05-06,True,raw_kept,,0.9652497245684908,0.9613221780277054,165.88228713637218,400.3786315917969,4.143135373555505
post_capture_relaxed_area_guard,GP_Ip_4.0mm_closed_R10_single_refY,GP_Ip_4.0mm_closed_R10_single_refY_005,1,GP_Ip_4.0mm_closed_R10_single_refY_005-raw01-24,True,0.9571004791967748,0.9656204435576702,3.997859702842012,0.08503077259013787,0.3175049108502854,False,False,5.0,0.9619832881412208,0.9656204435576702,GP_Ip_4.0mm_closed_R10_single_refY_005-raw01-24,True,raw_kept,,0.9571004791967748,0.9656204435576702,128.6812433907229,321.8753356933594,3.997859702842012
post_capture_relaxed_area_guard,GP_Ip_4.0mm_closed_R10_single_refY,GP_Ip_4.0mm_closed_R10_single_refY_005,2,GP_Ip_4.0mm_closed_R10_single_refY_005-raw02-16,True,0.9654304958208229,0.969679680495558,3.944238979494605,0.08503077259013787,0.3175049108502854,False,False,5.0,0.9619832881412208,0.9656204435576702,GP_Ip_4.0mm_closed_R10_single_refY_005-raw02-16,True,raw_kept,,0.9654304958208229,0.969679680495558,124.40098204747233,315.3992004394531,3.944238979494605
post_capture_relaxed_area_guard,GP_Ip_4.0mm_closed_R10_single_refY,GP_Ip_4.0mm_closed_R10_single_refY_005,3,GP_Ip_4.0mm_closed_R10_single_refY_005-raw03-19,True,0.9668216664572076,0.9602446483180428,4.009294166588162,0.08503077259013787,0.3175049108502854,False,False,5.0,0.9619832881412208,0.9656204435576702,GP_Ip_4.0mm_closed_R10_single_refY_005-raw03-19,True,raw_kept,,0.9668216664572076,0.9602446483180428,141.41244736435027,352.7115783691406,4.009294166588162
post_capture_relaxed_area_guard,GP_Ip_4.0mm_closed_R10_single_refY,GP_Ip_4.0mm_closed_R10_single_refY_005,4,GP_Ip_4.0mm_closed_R10_single_refY_005-raw04-07,True,0.9619832881412208,0.9723138878013312,4.073466379808567,0.08503077259013787,0.3175049108502854,False,False,5.0,0.9619832881412208,0.9656204435576702,GP_Ip_4.0mm_closed_R10_single_refY_005-raw04-07,True,raw_kept,,0.9619832881412208,0.9723138878013312,150.70896992197916,369.9772033691406,4.073466379808567
post_capture_relaxed_area_guard,GP_Ip_4.0mm_closed_R10_single_refY,GP_Ip_4.0mm_closed_R10_single_refY_005,5,GP_Ip_4.0mm_closed_R10_single_refY_005-raw05-24,True,0.9598890301699226,0.9587807412538968,4.036455380007653,0.08503077259013787,0.3175049108502854,False,False,5.0,0.9619832881412208,0.9656204435576702,GP_Ip_4.0mm_closed_R10_single_refY_005-raw05-24,True,raw_kept,,0.9598890301699226,0.9587807412538968,104.16840044486602,258.0690002441406,4.036455380007653
post_capture_relaxed_area_guard,GP_Ip_4.0mm_closed_R5_single_refY,GP_Ip_4.0mm_closed_R5_single_refY_005,1,GP_Ip_4.0mm_closed_R5_single_refY_005-raw01-24,False,,,,0.08503077259013787,0.3175049108502854,False,False,1.0,0.4563251762754044,0.991260473916569,GP_Ip_4.0mm_closed_R5_single_refY_005-raw01-24,False,raw_kept,,,,,181.8080291748047,
post_capture_relaxed_area_guard,GP_Ip_4.0mm_closed_R5_single_refY,GP_Ip_4.0mm_closed_R5_single_refY_005,2,GP_Ip_4.0mm_closed_R5_single_refY_005-raw02-20,False,,,,0.08503077259013787,0.3175049108502854,False,False,1.0,0.4563251762754044,0.991260473916569,GP_Ip_4.0mm_closed_R5_single_refY_005-raw02-20,False,raw_kept,,,,,173.4949188232422,
post_capture_relaxed_area_guard,GP_Ip_4.0mm_closed_R5_single_refY,GP_Ip_4.0mm_closed_R5_single_refY_005,3,GP_Ip_4.0mm_closed_R5_single_refY_005-raw03-02,False,,,,0.08503077259013787,0.3175049108502854,False,False,1.0,0.4563251762754044,0.991260473916569,GP_Ip_4.0mm_closed_R5_single_refY_005-raw03-02,False,raw_kept,,,,,178.80052185058594,
post_capture_relaxed_area_guard,GP_Ip_4.0mm_closed_R5_single_refY,GP_Ip_4.0mm_closed_R5_single_refY_005,4,GP_Ip_4.0mm_closed_R5_single_refY_005-raw04-20,False,,,,0.08503077259013787,0.3175049108502854,False,False,1.0,0.4563251762754044,0.991260473916569,GP_Ip_4.0mm_closed_R5_single_refY_005-raw04-20,False,raw_kept,,,,,204.3455352783203,
post_capture_relaxed_area_guard,GP_Ip_4.0mm_closed_R5_single_refY,GP_Ip_4.0mm_closed_R5_single_refY_005,5,GP_Ip_4.0mm_closed_R5_single_refY_005-raw05-23,True,0.4563251762754044,0.991260473916569,2.957508945137626,0.08503077259013787,0.3175049108502854,False,False,1.0,0.4563251762754044,0.991260473916569,GP_Ip_4.0mm_closed_R5_single_refY_005-raw05-23,True,raw_kept,,0.4563251762754044,0.991260473916569,117.9392525339417,199.38951110839844,2.957508945137626
post_capture_relaxed_area_guard,GP_Ip_4.0mm_closed_R5_single_refY,GP_Ip_4.0mm_closed_R5_single_refY_006,1,GP_Ip_4.0mm_closed_R5_single_refY_006-raw01-18,False,,,,0.08503077259013787,0.3175049108502854,False,False,1.0,0.4237790846330861,0.9961533838201708,GP_Ip_4.0mm_closed_R5_single_refY_006-raw01-18,False,raw_kept,,,,,197.72238159179688,
post_capture_relaxed_area_guard,GP_Ip_4.0mm_closed_R5_single_refY,GP_Ip_4.0mm_closed_R5_single_refY_006,2,GP_Ip_4.0mm_closed_R5_single_refY_006-raw02-21,False,,,,0.08503077259013787,0.3175049108502854,False,False,1.0,0.4237790846330861,0.9961533838201708,GP_Ip_4.0mm_closed_R5_single_refY_006-raw02-21,False,raw_kept,,,,,199.0535583496093,
post_capture_relaxed_area_guard,GP_Ip_4.0mm_closed_R5_single_refY,GP_Ip_4.0mm_closed_R5_single_refY_006,3,GP_Ip_4.0mm_closed_R5_single_refY_006-raw03-24,True,0.4237790846330861,0.9961533838201708,2.9643886007676583,0.08503077259013787,0.3175049108502854,False,False,1.0,0.4237790846330861,0.9961533838201708,GP_Ip_4.0mm_closed_R5_single_refY_006-raw03-24,True,raw_kept,,0.4237790846330861,0.9961533838201708,102.06944146918428,172.1593475341797,2.9643886007676583
post_capture_relaxed_area_guard,GP_Ip_4.0mm_closed_R5_single_refY,GP_Ip_4.0mm_closed_R5_single_refY_006,4,GP_Ip_4.0mm_closed_R5_single_refY_006-raw04-15,False,,,,0.08503077259013787,0.3175049108502854,False,False,1.0,0.4237790846330861,0.9961533838201708,GP_Ip_4.0mm_closed_R5_single_refY_006-raw04-15,False,raw_kept,,,,,157.75328063964844,
post_capture_relaxed_area_guard,GP_Ip_4.0mm_closed_R5_single_refY,GP_Ip_4.0mm_closed_R5_single_refY_006,5,GP_Ip_4.0mm_closed_R5_single_refY_006-raw05-06,False,,,,0.08503077259013787,0.3175049108502854,False,False,1.0,0.4237790846330861,0.9961533838201708,GP_Ip_4.0mm_closed_R5_single_refY_006-raw05-06,False,raw_kept,,,,,152.7147674560547,
post_capture_relaxed_area_guard,GP_Ip_4.0mm_closed_R5_single_refY,GP_Ip_4.0mm_closed_R5_single_refY_007,1,GP_Ip_4.0mm_closed_R5_single_refY_007-raw01-17,True,0.7323426014701182,0.993680008870163,3.686643930844409,0.08503077259013787,0.3175049108502854,False,False,4.0,0.7774447165732954,0.9906653232758659,GP_Ip_4.0mm_closed_R5_single_refY_007-raw01-17,True,raw_kept,,0.7323426014701182,0.993680008870163,107.59720303710398,145.9283905029297,3.686643930844409
post_capture_relaxed_area_guard,GP_Ip_4.0mm_closed_R5_single_refY,GP_Ip_4.0mm_closed_R5_single_refY_007,2,GP_Ip_4.0mm_closed_R5_single_refY_007-raw02-16,True,0.8225468316764726,0.991228796028134,3.927910098263733,0.08503077259013787,0.3175049108502854,False,False,4.0,0.7774447165732954,0.9906653232758659,GP_Ip_4.0mm_closed_R5_single_refY_007-raw02-16,True,raw_kept,,0.8225468316764726,0.991228796028134,123.6052222017042,157.34222412109375,3.927910098263733
post_capture_relaxed_area_guard,GP_Ip_4.0mm_closed_R5_single_refY,GP_Ip_4.0mm_closed_R5_single_refY_007,3,GP_Ip_4.0mm_closed_R5_single_refY_007-raw03-20,True,0.0061154598825831,0.2766990291262136,1.424816161705044,0.08503077259013787,0.3175049108502854,False,True,4.0,0.7774447165732954,0.9906653232758659,GP_Ip_4.0mm_closed_R5_single_refY_007-raw03-20,True,raw_kept,,0.0061154598825831,0.2766990291262136,39.443962217975134,138.417724609375,1.424816161705044
post_capture_relaxed_area_guard,GP_Ip_4.0mm_closed_R5_single_refY,GP_Ip_4.0mm_closed_R5_single_refY_007,4,GP_Ip_4.0mm_closed_R5_single_refY_007-raw04-24,True,0.8290486909133988,0.9901018505235978,3.9169303335860857,0.08503077259013787,0.3175049108502854,False,False,4.0,0.7774447165732954,0.9906653232758659,GP_Ip_4.0mm_closed_R5_single_refY_007-raw04-24,True,raw_kept,,0.8290486909133988,0.9901018505235978,93.08380293457915,118.8223876953125,3.9169303335860857
post_capture_relaxed_area_guard,GP_Ip_4.0mm_closed_R5_single_refY,GP_Ip_4.0mm_closed_R5_single_refY_007,5,GP_Ip_4.0mm_closed_R5_single_refY_007-raw05-24,False,,,,0.08503077259013787,0.3175049108502854,False,False,4.0,0.7774447165732954,0.9906653232758659,GP_Ip_4.0mm_closed_R5_single_refY_007-raw05-24,False,raw_kept,,,,,97.9869384765625,
post_capture_relaxed_area_guard,GP_Ip_4.7mm_closed_R5_single_refY,GP_Ip_4.7mm_closed_R5_single_refY_004,1,GP_Ip_4.7mm_closed_R5_single_refY_004-raw01-23,True,0.7588857169746211,0.8560392215124053,27.9517843015955,0.08503077259013787,0.3175049108502854,False,False,5.0,0.8531259705200793,0.8672690763052209,GP_Ip_4.7mm_closed_R5_single_refY_004-raw01-23,True,raw_kept,,0.7588857169746211,0.8560392215124053,193.87165832519543,34.679656982421875,27.9517843015955
post_capture_relaxed_area_guard,GP_Ip_4.7mm_closed_R5_single_refY,GP_Ip_4.7mm_closed_R5_single_refY_004,2,GP_Ip_4.7mm_closed_R5_single_refY_004-raw02-12,True,0.8420076538121872,0.8071290411715943,30.60847158860101,0.08503077259013787,0.3175049108502854,False,False,5.0,0.8531259705200793,0.8672690763052209,GP_Ip_4.7mm_closed_R5_single_refY_004-raw02-12,True,raw_kept,,0.8420076538121872,0.8071290411715943,224.4856719970704,36.67051315307617,30.60847158860101
post_capture_relaxed_area_guard,GP_Ip_4.7mm_closed_R5_single_refY,GP_Ip_4.7mm_closed_R5_single_refY_004,3,GP_Ip_4.7mm_closed_R5_single_refY_004-raw03-11,True,0.8831753801291398,0.884658898065392,34.52755995984056,0.08503077259013787,0.3175049108502854,False,False,5.0,0.8531259705200793,0.8672690763052209,GP_Ip_4.7mm_closed_R5_single_refY_004-raw03-11,True,raw_kept,,0.8831753801291398,0.884658898065392,299.1902160644532,43.326290130615234,34.52755995984056
post_capture_relaxed_area_guard,GP_Ip_4.7mm_closed_R5_single_refY,GP_Ip_4.7mm_closed_R5_single_refY_004,4,GP_Ip_4.7mm_closed_R5_single_refY_004-raw04-09,True,0.926576516267238,0.9350833242566168,50.65896993085676,0.08503077259013787,0.3175049108502854,False,False,5.0,0.8531259705200793,0.8672690763052209,GP_Ip_4.7mm_closed_R5_single_refY_004-raw04-09,True,raw_kept,,0.926576516267238,0.9350833242566168,251.2393798828126,24.79712677001953,50.65896993085676
post_capture_relaxed_area_guard,GP_Ip_4.7mm_closed_R5_single_refY,GP_Ip_4.7mm_closed_R5_single_refY_004,5,GP_Ip_4.7mm_closed_R5_single_refY_004-raw05-23,True,0.8531259705200793,0.8672690763052209,25.90250677607992,0.08503077259013787,0.3175049108502854,False,False,5.0,0.8531259705200793,0.8672690763052209,GP_Ip_4.7mm_closed_R5_single_refY_004-raw05-23,True,raw_kept,,0.8531259705200793,0.8672690763052209,248.68501281738284,48.00404357910156,25.90250677607992
post_capture_relaxed_area_guard,GP_Ip_4.7mm_closed_R5_single_refY,GP_Ip_4.7mm_closed_R5_single_refY_005,1,GP_Ip_4.7mm_closed_R5_single_refY_005-raw01-16,True,0.8745925639467432,0.042152466367713,68.51972874259545,0.08503077259013787,0.3175049108502854,False,True,2.0,0.8187748811951615,0.5171642972304359,GP_Ip_4.7mm_closed_R5_single_refY_005-raw01-16,True,raw_kept,,0.8745925639467432,0.042152466367713,301.05761718750006,21.96868133544922,68.51972874259545
post_capture_relaxed_area_guard,GP_Ip_4.7mm_closed_R5_single_refY,GP_Ip_4.7mm_closed_R5_single_refY_005,2,GP_Ip_4.7mm_closed_R5_single_refY_005-raw02-16,False,,,,0.08503077259013787,0.3175049108502854,False,False,2.0,0.8187748811951615,0.5171642972304359,GP_Ip_4.7mm_closed_R5_single_refY_005-raw02-16,False,raw_kept,,,,,,
post_capture_relaxed_area_guard,GP_Ip_4.7mm_closed_R5_single_refY,GP_Ip_4.7mm_closed_R5_single_refY_005,3,GP_Ip_4.7mm_closed_R5_single_refY_005-raw03-24,False,,,,0.08503077259013787,0.3175049108502854,False,False,2.0,0.8187748811951615,0.5171642972304359,GP_Ip_4.7mm_closed_R5_single_refY_005-raw03-24,False,raw_kept,,,,,,
post_capture_relaxed_area_guard,GP_Ip_4.7mm_closed_R5_single_refY,GP_Ip_4.7mm_closed_R5_single_refY_005,4,GP_Ip_4.7mm_closed_R5_single_refY_005-raw04-24,False,,,,0.08503077259013787,0.3175049108502854,False,False,2.0,0.8187748811951615,0.5171642972304359,GP_Ip_4.7mm_closed_R5_single_refY_005-raw04-24,False,raw_kept,,,,,,
post_capture_relaxed_area_guard,GP_Ip_4.7mm_closed_R5_single_refY,GP_Ip_4.7mm_closed_R5_single_refY_005,5,GP_Ip_4.7mm_closed_R5_single_refY_005-raw05-19,True,0.7629571984435798,0.9921761280931588,66.03529175329713,0.08503077259013787,0.3175049108502854,False,False,2.0,0.8187748811951615,0.5171642972304359,GP_Ip_4.7mm_closed_R5_single_refY_005-raw05-19,True,raw_kept,,0.7629571984435798,0.9921761280931588,176.6308277796027,13.373971939086914,66.03529175329713
post_capture_relaxed_area_guard,GP_Ip_5.6mm_closed_R10_single_refY,GP_Ip_5.6mm_closed_R10_single_refY_004,1,GP_Ip_5.6mm_closed_R10_single_refY_004-raw01-24,False,,,,0.08503077259013787,0.3175049108502854,False,False,0.0,,,GP_Ip_5.6mm_closed_R10_single_refY_004-raw01-24,False,raw_kept,,,,,,
post_capture_relaxed_area_guard,GP_Ip_5.6mm_closed_R10_single_refY,GP_Ip_5.6mm_closed_R10_single_refY_004,2,GP_Ip_5.6mm_closed_R10_single_refY_004-raw02-10,False,,,,0.08503077259013787,0.3175049108502854,False,False,0.0,,,GP_Ip_5.6mm_closed_R10_single_refY_004-raw02-10,False,raw_kept,,,,,,
post_capture_relaxed_area_guard,GP_Ip_5.6mm_closed_R10_single_refY,GP_Ip_5.6mm_closed_R10_single_refY_004,3,GP_Ip_5.6mm_closed_R10_single_refY_004-raw03-20,False,,,,0.08503077259013787,0.3175049108502854,False,False,0.0,,,GP_Ip_5.6mm_closed_R10_single_refY_004-raw03-20,False,raw_kept,,,,,,
post_capture_relaxed_area_guard,GP_Ip_5.6mm_closed_R10_single_refY,GP_Ip_5.6mm_closed_R10_single_refY_004,4,GP_Ip_5.6mm_closed_R10_single_refY_004-raw04-03,False,,,,0.08503077259013787,0.3175049108502854,False,False,0.0,,,GP_Ip_5.6mm_closed_R10_single_refY_004-raw04-03,False,raw_kept,,,,,,
post_capture_relaxed_area_guard,GP_Ip_5.6mm_closed_R10_single_refY,GP_Ip_5.6mm_closed_R10_single_refY_004,5,GP_Ip_5.6mm_closed_R10_single_refY_004-raw05-08,False,,,,0.08503077259013787,0.3175049108502854,False,False,0.0,,,GP_Ip_5.6mm_closed_R10_single_refY_004-raw05-08,False,raw_kept,,,,,,
post_capture_relaxed_area_guard,GP_Ip_5.6mm_closed_R10_single_refY,GP_Ip_5.6mm_closed_R10_single_refY_005,1,GP_Ip_5.6mm_closed_R10_single_refY_005-raw01-08,True,0.9890026863666892,0.9705882352941176,6.047043747685962,0.08503077259013787,0.3175049108502854,False,False,5.0,0.9557072683373574,0.9705882352941176,GP_Ip_5.6mm_closed_R10_single_refY_005-raw01-08,True,raw_kept,,0.9890026863666892,0.9705882352941176,125.79833889628614,208.0327911376953,6.047043747685962
post_capture_relaxed_area_guard,GP_Ip_5.6mm_closed_R10_single_refY,GP_Ip_5.6mm_closed_R10_single_refY_005,2,GP_Ip_5.6mm_closed_R10_single_refY_005-raw02-06,True,0.9833431977678194,0.9768385460693152,6.007781805026067,0.08503077259013787,0.3175049108502854,False,False,5.0,0.9557072683373574,0.9705882352941176,GP_Ip_5.6mm_closed_R10_single_refY_005-raw02-06,True,raw_kept,,0.9833431977678194,0.9768385460693152,124.5099578399212,207.247802734375,6.007781805026067
post_capture_relaxed_area_guard,GP_Ip_5.6mm_closed_R10_single_refY,GP_Ip_5.6mm_closed_R10_single_refY_005,3,GP_Ip_5.6mm_closed_R10_single_refY_005-raw03-19,True,0.9557072683373574,0.9669947395214662,5.701550995169882,0.08503077259013787,0.3175049108502854,False,False,5.0,0.9557072683373574,0.9705882352941176,GP_Ip_5.6mm_closed_R10_single_refY_005-raw03-19,True,raw_kept,,0.9557072683373574,0.9669947395214662,121.27200532704109,212.7000274658203,5.701550995169882
post_capture_relaxed_area_guard,GP_Ip_5.6mm_closed_R10_single_refY,GP_Ip_5.6mm_closed_R10_single_refY_005,4,GP_Ip_5.6mm_closed_R10_single_refY_005-raw04-19,True,0.911112700228833,0.9775211223936128,5.545925462084688,0.08503077259013787,0.3175049108502854,False,False,5.0,0.9557072683373574,0.9705882352941176,GP_Ip_5.6mm_closed_R10_single_refY_005-raw04-19,True,raw_kept,,0.911112700228833,0.9775211223936128,127.90555470387066,230.62977600097656,5.545925462084688
post_capture_relaxed_area_guard,GP_Ip_5.6mm_closed_R10_single_refY,GP_Ip_5.6mm_closed_R10_single_refY_005,5,GP_Ip_5.6mm_closed_R10_single_refY_005-raw05-23,True,0.8676580481243461,0.8869174355334752,6.4314643490466565,0.08503077259013787,0.3175049108502854,False,False,5.0,0.9557072683373574,0.9705882352941176,GP_Ip_5.6mm_closed_R10_single_refY_005-raw05-23,True,raw_kept,,0.8676580481243461,0.8869174355334752,144.0246734619141,223.93760681152344,6.4314643490466565
post_capture_relaxed_area_guard,GP_Ip_6.2mm_closed_R10_single_refY,GP_Ip_6.2mm_closed_R10_single_refY_004,1,GP_Ip_6.2mm_closed_R10_single_refY_004-raw01-06,False,,,,0.08503077259013787,0.3175049108502854,False,False,0.0,,,GP_Ip_6.2mm_closed_R10_single_refY_004-raw01-06,False,raw_kept,,,,,,
post_capture_relaxed_area_guard,GP_Ip_6.2mm_closed_R10_single_refY,GP_Ip_6.2mm_closed_R10_single_refY_004,2,GP_Ip_6.2mm_closed_R10_single_refY_004-raw02-10,False,,,,0.08503077259013787,0.3175049108502854,False,False,0.0,,,GP_Ip_6.2mm_closed_R10_single_refY_004-raw02-10,False,raw_kept,,,,,,
post_capture_relaxed_area_guard,GP_Ip_6.2mm_closed_R10_single_refY,GP_Ip_6.2mm_closed_R10_single_refY_004,3,GP_Ip_6.2mm_closed_R10_single_refY_004-raw03-23,False,,,,0.08503077259013787,0.3175049108502854,False,False,0.0,,,GP_Ip_6.2mm_closed_R10_single_refY_004-raw03-23,False,raw_kept,,,,,,
post_capture_relaxed_area_guard,GP_Ip_6.2mm_closed_R10_single_refY,GP_Ip_6.2mm_closed_R10_single_refY_004,4,GP_Ip_6.2mm_closed_R10_single_refY_004-raw04-18,False,,,,0.08503077259013787,0.3175049108502854,False,False,0.0,,,GP_Ip_6.2mm_closed_R10_single_refY_004-raw04-18,False,raw_kept,,,,,,
post_capture_relaxed_area_guard,GP_Ip_6.2mm_closed_R10_single_refY,GP_Ip_6.2mm_closed_R10_single_refY_004,5,GP_Ip_6.2mm_closed_R10_single_refY_004-raw05-21,False,,,,0.08503077259013787,0.3175049108502854,False,False,0.0,,,GP_Ip_6.2mm_closed_R10_single_refY_004-raw05-21,False,raw_kept,,,,,,
post_capture_relaxed_area_guard,GP_Ip_6.2mm_closed_R10_single_refY,GP_Ip_6.2mm_closed_R10_single_refY_005,1,GP_Ip_6.2mm_closed_R10_single_refY_005-raw01-05,False,,,,0.08503077259013787,0.3175049108502854,False,False,1.0,0.9276851066503314,0.9899073640197528,GP_Ip_6.2mm_closed_R10_single_refY_005-raw01-05,False,raw_kept,,,,,,
post_capture_relaxed_area_guard,GP_Ip_6.2mm_closed_R10_single_refY,GP_Ip_6.2mm_closed_R10_single_refY_005,2,GP_Ip_6.2mm_closed_R10_single_refY_005-raw02-23,False,,,,0.08503077259013787,0.3175049108502854,False,False,1.0,0.9276851066503314,0.9899073640197528,GP_Ip_6.2mm_closed_R10_single_refY_005-raw02-23,False,raw_kept,,,,,,
post_capture_relaxed_area_guard,GP_Ip_6.2mm_closed_R10_single_refY,GP_Ip_6.2mm_closed_R10_single_refY_005,3,GP_Ip_6.2mm_closed_R10_single_refY_005-raw03-24,False,,,,0.08503077259013787,0.3175049108502854,False,False,1.0,0.9276851066503314,0.9899073640197528,GP_Ip_6.2mm_closed_R10_single_refY_005-raw03-24,False,raw_kept,,,,,,
post_capture_relaxed_area_guard,GP_Ip_6.2mm_closed_R10_single_refY,GP_Ip_6.2mm_closed_R10_single_refY_005,4,GP_Ip_6.2mm_closed_R10_single_refY_005-raw04-06,False,,,,0.08503077259013787,0.3175049108502854,False,False,1.0,0.9276851066503314,0.9899073640197528,GP_Ip_6.2mm_closed_R10_single_refY_005-raw04-06,False,raw_kept,,,,,,
post_capture_relaxed_area_guard,GP_Ip_6.2mm_closed_R10_single_refY,GP_Ip_6.2mm_closed_R10_single_refY_005,5,GP_Ip_6.2mm_closed_R10_single_refY_005-raw05-04,True,0.9276851066503314,0.9899073640197528,6.545073315595795,0.08503077259013787,0.3175049108502854,False,False,1.0,0.9276851066503314,0.9899073640197528,GP_Ip_6.2mm_closed_R10_single_refY_005-raw05-04,True,raw_kept,,0.9276851066503314,0.9899073640197528,193.7653095743109,296.0475769042969,6.545073315595795
post_capture_relaxed_area_guard,GP_Ip_6.2mm_closed_R5_single_refY,GP_Ip_6.2mm_closed_R5_single_refY_004,1,GP_Ip_6.2mm_closed_R5_single_refY_004-raw01-10,True,0.8901225619399051,0.9901350607561707,5.7298661521515575,0.08503077259013787,0.3175049108502854,False,False,5.0,0.8891067751740367,0.993006993006993,GP_Ip_6.2mm_closed_R5_single_refY_004-raw01-10,True,raw_kept,,0.8901225619399051,0.9901350607561707,217.0473753075275,189.4000396728516,5.7298661521515575
post_capture_relaxed_area_guard,GP_Ip_6.2mm_closed_R5_single_refY,GP_Ip_6.2mm_closed_R5_single_refY_004,2,GP_Ip_6.2mm_closed_R5_single_refY_004-raw02-22,True,0.8891067751740367,0.9886900742741392,6.164922183029788,0.08503077259013787,0.3175049108502854,False,False,5.0,0.8891067751740367,0.993006993006993,GP_Ip_6.2mm_closed_R5_single_refY_004-raw02-22,True,raw_kept,,0.8891067751740367,0.9886900742741392,225.881352798584,183.1988677978516,6.164922183029788
post_capture_relaxed_area_guard,GP_Ip_6.2mm_closed_R5_single_refY,GP_Ip_6.2mm_closed_R5_single_refY_004,3,GP_Ip_6.2mm_closed_R5_single_refY_004-raw03-11,True,0.8774794388001935,0.993006993006993,5.99624543484387,0.08503077259013787,0.3175049108502854,False,False,5.0,0.8891067751740367,0.993006993006993,GP_Ip_6.2mm_closed_R5_single_refY_004-raw03-11,True,raw_kept,,0.8774794388001935,0.993006993006993,230.75720143344563,192.41807556152344,5.99624543484387
post_capture_relaxed_area_guard,GP_Ip_6.2mm_closed_R5_single_refY,GP_Ip_6.2mm_closed_R5_single_refY_004,4,GP_Ip_6.2mm_closed_R5_single_refY_004-raw04-13,True,0.8861406186723155,0.9950433205722344,6.255602849866426,0.08503077259013787,0.3175049108502854,False,False,5.0,0.8891067751740367,0.993006993006993,GP_Ip_6.2mm_closed_R5_single_refY_004-raw04-13,True,raw_kept,,0.8861406186723155,0.9950433205722344,232.94669560478096,186.19044494628903,6.255602849866426
post_capture_relaxed_area_guard,GP_Ip_6.2mm_closed_R5_single_refY,GP_Ip_6.2mm_closed_R5_single_refY_004,5,GP_Ip_6.2mm_closed_R5_single_refY_004-raw05-04,True,0.9025428444246606,0.996347298827483,6.025612378025104,0.08503077259013787,0.3175049108502854,False,False,5.0,0.8891067751740367,0.993006993006993,GP_Ip_6.2mm_closed_R5_single_refY_004-raw05-04,True,raw_kept,,0.9025428444246606,0.996347298827483,241.9801379727913,200.79298400878903,6.025612378025104
post_capture_relaxed_area_guard,GP_Ip_6.2mm_closed_R5_single_refY,GP_Ip_6.2mm_closed_R5_single_refY_005,1,GP_Ip_6.2mm_closed_R5_single_refY_005-raw01-12,True,0.8736357435197817,0.9955167002914144,6.574309981960502,0.08503077259013787,0.3175049108502854,False,False,5.0,0.8997541138641952,0.9955167002914144,GP_Ip_6.2mm_closed_R5_single_refY_005-raw01-12,True,raw_kept,,0.8736357435197817,0.9955167002914144,176.82313723715953,134.48037719726562,6.574309981960502
post_capture_relaxed_area_guard,GP_Ip_6.2mm_closed_R5_single_refY,GP_Ip_6.2mm_closed_R5_single_refY_005,2,GP_Ip_6.2mm_closed_R5_single_refY_005-raw02-02,True,0.8976871468926554,0.9921001390820584,6.50833191390303,0.08503077259013787,0.3175049108502854,False,False,5.0,0.8997541138641952,0.9955167002914144,GP_Ip_6.2mm_closed_R5_single_refY_005-raw02-02,True,raw_kept,,0.8976871468926554,0.9921001390820584,201.7324490605473,154.9801483154297,6.50833191390303
post_capture_relaxed_area_guard,GP_Ip_6.2mm_closed_R5_single_refY,GP_Ip_6.2mm_closed_R5_single_refY_005,3,GP_Ip_6.2mm_closed_R5_single_refY_005-raw03-12,True,0.9044497980585277,0.9875836158709796,6.557629222807004,0.08503077259013787,0.3175049108502854,False,False,5.0,0.8997541138641952,0.9955167002914144,GP_Ip_6.2mm_closed_R5_single_refY_005-raw03-12,True,raw_kept,,0.9044497980585277,0.9875836158709796,239.1507020472347,182.34539794921875,6.557629222807004
post_capture_relaxed_area_guard,GP_Ip_6.2mm_closed_R5_single_refY,GP_Ip_6.2mm_closed_R5_single_refY_005,4,GP_Ip_6.2mm_closed_R5_single_refY_005-raw04-20,True,0.8997541138641952,0.996139562157936,6.016907913472836,0.08503077259013787,0.3175049108502854,False,False,5.0,0.8997541138641952,0.9955167002914144,GP_Ip_6.2mm_closed_R5_single_refY_005-raw04-20,True,raw_kept,,0.8997541138641952,0.996139562157936,211.78239686296007,175.98939514160156,6.016907913472836
post_capture_relaxed_area_guard,GP_Ip_6.2mm_closed_R5_single_refY,GP_Ip_6.2mm_closed_R5_single_refY_005,5,GP_Ip_6.2mm_closed_R5_single_refY_005-raw05-04,True,0.9101123595505618,0.9957325746799432,6.132277913947052,0.08503077259013787,0.3175049108502854,False,False,5.0,0.8997541138641952,0.9955167002914144,GP_Ip_6.2mm_closed_R5_single_refY_005-raw05-04,True,raw_kept,,0.9101123595505618,0.9957325746799432,221.96244770930863,180.97879028320312,6.132277913947052
post_capture_relaxed_area_guard,GP_Ip_6.4mm_closed_R10_single_refY,GP_Ip_6.4mm_closed_R10_single_refY_005,1,GP_Ip_6.4mm_closed_R10_single_refY_005-raw01-24,False,,,,0.08503077259013787,0.3175049108502854,False,False,0.0,,,GP_Ip_6.4mm_closed_R10_single_refY_005-raw01-24,False,raw_kept,,,,,,
post_capture_relaxed_area_guard,GP_Ip_6.4mm_closed_R10_single_refY,GP_Ip_6.4mm_closed_R10_single_refY_005,2,GP_Ip_6.4mm_closed_R10_single_refY_005-raw02-01,False,,,,0.08503077259013787,0.3175049108502854,False,False,0.0,,,GP_Ip_6.4mm_closed_R10_single_refY_005-raw02-01,False,raw_kept,,,,,,
post_capture_relaxed_area_guard,GP_Ip_6.4mm_closed_R10_single_refY,GP_Ip_6.4mm_closed_R10_single_refY_005,3,GP_Ip_6.4mm_closed_R10_single_refY_005-raw03-20,False,,,,0.08503077259013787,0.3175049108502854,False,False,0.0,,,GP_Ip_6.4mm_closed_R10_single_refY_005-raw03-20,False,raw_kept,,,,,,
post_capture_relaxed_area_guard,GP_Ip_6.4mm_closed_R10_single_refY,GP_Ip_6.4mm_closed_R10_single_refY_005,4,GP_Ip_6.4mm_closed_R10_single_refY_005-raw04-24,False,,,,0.08503077259013787,0.3175049108502854,False,False,0.0,,,GP_Ip_6.4mm_closed_R10_single_refY_005-raw04-24,False,raw_kept,,,,,,
post_capture_relaxed_area_guard,GP_Ip_6.4mm_closed_R10_single_refY,GP_Ip_6.4mm_closed_R10_single_refY_005,5,GP_Ip_6.4mm_closed_R10_single_refY_005-raw05-18,False,,,,0.08503077259013787,0.3175049108502854,False,False,0.0,,,GP_Ip_6.4mm_closed_R10_single_refY_005-raw05-18,False,raw_kept,,,,,,
post_capture_relaxed_area_guard,GP_Ip_6.4mm_closed_R10_single_refY,GP_Ip_6.4mm_closed_R10_single_refY_006,1,GP_Ip_6.4mm_closed_R10_single_refY_006-raw01-17,False,,,,0.08503077259013787,0.3175049108502854,False,False,0.0,,,GP_Ip_6.4mm_closed_R10_single_refY_006-raw01-17,False,raw_kept,,,,,,
post_capture_relaxed_area_guard,GP_Ip_6.4mm_closed_R10_single_refY,GP_Ip_6.4mm_closed_R10_single_refY_006,2,GP_Ip_6.4mm_closed_R10_single_refY_006-raw02-19,False,,,,0.08503077259013787,0.3175049108502854,False,False,0.0,,,GP_Ip_6.4mm_closed_R10_single_refY_006-raw02-19,False,raw_kept,,,,,,
post_capture_relaxed_area_guard,GP_Ip_6.4mm_closed_R10_single_refY,GP_Ip_6.4mm_closed_R10_single_refY_006,3,GP_Ip_6.4mm_closed_R10_single_refY_006-raw03-21,False,,,,0.08503077259013787,0.3175049108502854,False,False,0.0,,,GP_Ip_6.4mm_closed_R10_single_refY_006-raw03-21,False,raw_kept,,,,,,
post_capture_relaxed_area_guard,GP_Ip_6.4mm_closed_R10_single_refY,GP_Ip_6.4mm_closed_R10_single_refY_006,4,GP_Ip_6.4mm_closed_R10_single_refY_006-raw04-11,False,,,,0.08503077259013787,0.3175049108502854,False,False,0.0,,,GP_Ip_6.4mm_closed_R10_single_refY_006-raw04-11,False,raw_kept,,,,,,
post_capture_relaxed_area_guard,GP_Ip_6.4mm_closed_R10_single_refY,GP_Ip_6.4mm_closed_R10_single_refY_006,5,GP_Ip_6.4mm_closed_R10_single_refY_006-raw05-09,False,,,,0.08503077259013787,0.3175049108502854,False,False,0.0,,,GP_Ip_6.4mm_closed_R10_single_refY_006-raw05-09,False,raw_kept,,,,,,
post_capture_relaxed_area_guard,GP_Ip_7.1mm_closed_R10_single_refY,GP_Ip_7.1mm_closed_R10_single_refY_004,1,GP_Ip_7.1mm_closed_R10_single_refY_004-raw01-04,False,,,,0.08503077259013787,0.3175049108502854,False,False,0.0,,,GP_Ip_7.1mm_closed_R10_single_refY_004-raw01-04,False,raw_kept,,,,,,
post_capture_relaxed_area_guard,GP_Ip_7.1mm_closed_R10_single_refY,GP_Ip_7.1mm_closed_R10_single_refY_004,2,GP_Ip_7.1mm_closed_R10_single_refY_004-raw02-03,False,,,,0.08503077259013787,0.3175049108502854,False,False,0.0,,,GP_Ip_7.1mm_closed_R10_single_refY_004-raw02-03,False,raw_kept,,,,,,
post_capture_relaxed_area_guard,GP_Ip_7.1mm_closed_R10_single_refY,GP_Ip_7.1mm_closed_R10_single_refY_004,3,GP_Ip_7.1mm_closed_R10_single_refY_004-raw03-07,False,,,,0.08503077259013787,0.3175049108502854,False,False,0.0,,,GP_Ip_7.1mm_closed_R10_single_refY_004-raw03-07,False,raw_kept,,,,,,
post_capture_relaxed_area_guard,GP_Ip_7.1mm_closed_R10_single_refY,GP_Ip_7.1mm_closed_R10_single_refY_004,4,GP_Ip_7.1mm_closed_R10_single_refY_004-raw04-13,False,,,,0.08503077259013787,0.3175049108502854,False,False,0.0,,,GP_Ip_7.1mm_closed_R10_single_refY_004-raw04-13,False,raw_kept,,,,,,
post_capture_relaxed_area_guard,GP_Ip_7.1mm_closed_R10_single_refY,GP_Ip_7.1mm_closed_R10_single_refY_004,5,GP_Ip_7.1mm_closed_R10_single_refY_004-raw05-20,False,,,,0.08503077259013787,0.3175049108502854,False,False,0.0,,,GP_Ip_7.1mm_closed_R10_single_refY_004-raw05-20,False,raw_kept,,,,,,
post_capture_relaxed_area_guard,GP_Ip_7.1mm_closed_R10_single_refY,GP_Ip_7.1mm_closed_R10_single_refY_005,1,GP_Ip_7.1mm_closed_R10_single_refY_005-raw01-14,False,,,,0.08503077259013787,0.3175049108502854,False,False,0.0,,,GP_Ip_7.1mm_closed_R10_single_refY_005-raw01-14,False,raw_kept,,,,,,
post_capture_relaxed_area_guard,GP_Ip_7.1mm_closed_R10_single_refY,GP_Ip_7.1mm_closed_R10_single_refY_005,2,GP_Ip_7.1mm_closed_R10_single_refY_005-raw02-06,False,,,,0.08503077259013787,0.3175049108502854,False,False,0.0,,,GP_Ip_7.1mm_closed_R10_single_refY_005-raw02-06,False,raw_kept,,,,,,
post_capture_relaxed_area_guard,GP_Ip_7.1mm_closed_R10_single_refY,GP_Ip_7.1mm_closed_R10_single_refY_005,3,GP_Ip_7.1mm_closed_R10_single_refY_005-raw03-01,False,,,,0.08503077259013787,0.3175049108502854,False,False,0.0,,,GP_Ip_7.1mm_closed_R10_single_refY_005-raw03-01,False,raw_kept,,,,,,
post_capture_relaxed_area_guard,GP_Ip_7.1mm_closed_R10_single_refY,GP_Ip_7.1mm_closed_R10_single_refY_005,4,GP_Ip_7.1mm_closed_R10_single_refY_005-raw04-18,False,,,,0.08503077259013787,0.3175049108502854,False,False,0.0,,,GP_Ip_7.1mm_closed_R10_single_refY_005-raw04-18,False,raw_kept,,,,,,
post_capture_relaxed_area_guard,GP_Ip_7.1mm_closed_R10_single_refY,GP_Ip_7.1mm_closed_R10_single_refY_005,5,GP_Ip_7.1mm_closed_R10_single_refY_005-raw05-16,False,,,,0.08503077259013787,0.3175049108502854,False,False,0.0,,,GP_Ip_7.1mm_closed_R10_single_refY_005-raw05-16,False,raw_kept,,,,,,
post_capture_relaxed_area_guard,GP_Ip_8.8mm_closed_R10_single_refY,GP_Ip_8.8mm_closed_R10_single_refY_004,1,GP_Ip_8.8mm_closed_R10_single_refY_004-raw01-01,False,,,,0.08503077259013787,0.3175049108502854,False,False,0.0,,,GP_Ip_8.8mm_closed_R10_single_refY_004-raw01-01,False,raw_kept,,,,,,
post_capture_relaxed_area_guard,GP_Ip_8.8mm_closed_R10_single_refY,GP_Ip_8.8mm_closed_R10_single_refY_004,2,GP_Ip_8.8mm_closed_R10_single_refY_004-raw02-14,False,,,,0.08503077259013787,0.3175049108502854,False,False,0.0,,,GP_Ip_8.8mm_closed_R10_single_refY_004-raw02-14,False,raw_kept,,,,,,
post_capture_relaxed_area_guard,GP_Ip_8.8mm_closed_R10_single_refY,GP_Ip_8.8mm_closed_R10_single_refY_004,3,GP_Ip_8.8mm_closed_R10_single_refY_004-raw03-04,False,,,,0.08503077259013787,0.3175049108502854,False,False,0.0,,,GP_Ip_8.8mm_closed_R10_single_refY_004-raw03-04,False,raw_kept,,,,,,
post_capture_relaxed_area_guard,GP_Ip_8.8mm_closed_R10_single_refY,GP_Ip_8.8mm_closed_R10_single_refY_004,4,GP_Ip_8.8mm_closed_R10_single_refY_004-raw04-24,False,,,,0.08503077259013787,0.3175049108502854,False,False,0.0,,,GP_Ip_8.8mm_closed_R10_single_refY_004-raw04-24,False,raw_kept,,,,,,
post_capture_relaxed_area_guard,GP_Ip_8.8mm_closed_R10_single_refY,GP_Ip_8.8mm_closed_R10_single_refY_004,5,GP_Ip_8.8mm_closed_R10_single_refY_004-raw05-09,False,,,,0.08503077259013787,0.3175049108502854,False,False,0.0,,,GP_Ip_8.8mm_closed_R10_single_refY_004-raw05-09,False,raw_kept,,,,,,
post_capture_relaxed_area_guard,GP_Ip_8.8mm_closed_R10_single_refY,GP_Ip_8.8mm_closed_R10_single_refY_005,1,GP_Ip_8.8mm_closed_R10_single_refY_005-raw01-01,False,,,,0.08503077259013787,0.3175049108502854,False,False,0.0,,,GP_Ip_8.8mm_closed_R10_single_refY_005-raw01-01,False,raw_kept,,,,,,
post_capture_relaxed_area_guard,GP_Ip_8.8mm_closed_R10_single_refY,GP_Ip_8.8mm_closed_R10_single_refY_005,2,GP_Ip_8.8mm_closed_R10_single_refY_005-raw02-11,False,,,,0.08503077259013787,0.3175049108502854,False,False,0.0,,,GP_Ip_8.8mm_closed_R10_single_refY_005-raw02-11,False,raw_kept,,,,,,
post_capture_relaxed_area_guard,GP_Ip_8.8mm_closed_R10_single_refY,GP_Ip_8.8mm_closed_R10_single_refY_005,3,GP_Ip_8.8mm_closed_R10_single_refY_005-raw03-11,False,,,,0.08503077259013787,0.3175049108502854,False,False,0.0,,,GP_Ip_8.8mm_closed_R10_single_refY_005-raw03-11,False,raw_kept,,,,,,
post_capture_relaxed_area_guard,GP_Ip_8.8mm_closed_R10_single_refY,GP_Ip_8.8mm_closed_R10_single_refY_005,4,GP_Ip_8.8mm_closed_R10_single_refY_005-raw04-01,False,,,,0.08503077259013787,0.3175049108502854,False,False,0.0,,,GP_Ip_8.8mm_closed_R10_single_refY_005-raw04-01,False,raw_kept,,,,,,
post_capture_relaxed_area_guard,GP_Ip_8.8mm_closed_R10_single_refY,GP_Ip_8.8mm_closed_R10_single_refY_005,5,GP_Ip_8.8mm_closed_R10_single_refY_005-raw05-17,False,,,,0.08503077259013787,0.3175049108502854,False,False,0.0,,,GP_Ip_8.8mm_closed_R10_single_refY_005-raw05-17,False,raw_kept,,,,,,
post_capture_relaxed_area_guard,GP_Ip_8.8mm_closed_R5_single_refY,GP_Ip_8.8mm_closed_R5_single_refY_004,1,GP_Ip_8.8mm_closed_R5_single_refY_004-raw01-23,True,0.9939529992314848,0.9478217862589128,9.46928176981321,0.08503077259013787,0.3175049108502854,False,False,5.0,0.979276707648738,0.9863538424706728,GP_Ip_8.8mm_closed_R5_single_refY_004-raw01-23,True,raw_kept,,0.9939529992314848,0.9478217862589128,286.5019800585854,151.27967834472656,9.46928176981321
post_capture_relaxed_area_guard,GP_Ip_8.8mm_closed_R5_single_refY,GP_Ip_8.8mm_closed_R5_single_refY_004,2,GP_Ip_8.8mm_closed_R5_single_refY_004-raw02-24,True,0.9930833314918348,0.9057856869172805,10.17576983322659,0.08503077259013787,0.3175049108502854,False,False,5.0,0.979276707648738,0.9863538424706728,GP_Ip_8.8mm_closed_R5_single_refY_004-raw02-24,True,raw_kept,,0.9930833314918348,0.9057856869172805,291.64666844870186,143.30447387695312,10.17576983322659
post_capture_relaxed_area_guard,GP_Ip_8.8mm_closed_R5_single_refY,GP_Ip_8.8mm_closed_R5_single_refY_004,3,GP_Ip_8.8mm_closed_R5_single_refY_004-raw03-01,True,0.979276707648738,0.9863538424706728,9.41246380699236,0.08503077259013787,0.3175049108502854,False,False,5.0,0.979276707648738,0.9863538424706728,GP_Ip_8.8mm_closed_R5_single_refY_004-raw03-01,True,raw_kept,,0.979276707648738,0.9863538424706728,265.3891680803669,140.97752380371094,9.41246380699236
post_capture_relaxed_area_guard,GP_Ip_8.8mm_closed_R5_single_refY,GP_Ip_8.8mm_closed_R5_single_refY_004,4,GP_Ip_8.8mm_closed_R5_single_refY_004-raw04-09,True,0.9569722262196,0.9906335411356448,13.142494016713082,0.08503077259013787,0.3175049108502854,False,False,5.0,0.979276707648738,0.9863538424706728,GP_Ip_8.8mm_closed_R5_single_refY_004-raw04-09,True,raw_kept,,0.9569722262196,0.9906335411356448,222.01401608991807,84.46418762207031,13.142494016713082
post_capture_relaxed_area_guard,GP_Ip_8.8mm_closed_R5_single_refY,GP_Ip_8.8mm_closed_R5_single_refY_004,5,GP_Ip_8.8mm_closed_R5_single_refY_004-raw05-02,True,0.9527371029511152,0.992102167702907,13.688296086918406,0.08503077259013787,0.3175049108502854,False,False,5.0,0.979276707648738,0.9863538424706728,GP_Ip_8.8mm_closed_R5_single_refY_004-raw05-02,True,raw_kept,,0.9527371029511152,0.992102167702907,248.01341531714144,90.5932388305664,13.688296086918406
post_capture_relaxed_area_guard,GP_Ip_8.8mm_closed_R5_single_refY,GP_Ip_8.8mm_closed_R5_single_refY_005,1,GP_Ip_8.8mm_closed_R5_single_refY_005-raw01-13,True,0.9610149219728898,0.9863514578408196,8.046955488839131,0.08503077259013787,0.3175049108502854,False,False,5.0,0.9610149219728898,0.9863514578408196,GP_Ip_8.8mm_closed_R5_single_refY_005-raw01-13,True,raw_kept,,0.9610149219728898,0.9863514578408196,236.76518727101524,147.11476135253906,8.046955488839131
post_capture_relaxed_area_guard,GP_Ip_8.8mm_closed_R5_single_refY,GP_Ip_8.8mm_closed_R5_single_refY_005,2,GP_Ip_8.8mm_closed_R5_single_refY_005-raw02-01,True,0.9399591772648768,0.9930438524149308,8.103394733571271,0.08503077259013787,0.3175049108502854,False,False,5.0,0.9610149219728898,0.9863514578408196,GP_Ip_8.8mm_closed_R5_single_refY_005-raw02-01,True,raw_kept,,0.9399591772648768,0.9930438524149308,219.07468805766288,135.1746368408203,8.103394733571271
post_capture_relaxed_area_guard,GP_Ip_8.8mm_closed_R5_single_refY,GP_Ip_8.8mm_closed_R5_single_refY_005,3,GP_Ip_8.8mm_closed_R5_single_refY_005-raw03-14,True,0.8927815510977729,0.8527751492805169,10.412635566891408,0.08503077259013787,0.3175049108502854,False,False,5.0,0.9610149219728898,0.9863514578408196,GP_Ip_8.8mm_closed_R5_single_refY_005-raw03-14,True,raw_kept,,0.8927815510977729,0.8527751492805169,259.81451416015653,124.75924682617188,10.412635566891408
post_capture_relaxed_area_guard,GP_Ip_8.8mm_closed_R5_single_refY,GP_Ip_8.8mm_closed_R5_single_refY_005,4,GP_Ip_8.8mm_closed_R5_single_refY_005-raw04-24,True,0.9616987497519348,0.989675387172981,8.217029302390632,0.08503077259013787,0.3175049108502854,False,False,5.0,0.9610149219728898,0.9863514578408196,GP_Ip_8.8mm_closed_R5_single_refY_005-raw04-24,True,raw_kept,,0.9616987497519348,0.989675387172981,198.9844998838508,121.08055877685548,8.217029302390632
post_capture_relaxed_area_guard,GP_Ip_8.8mm_closed_R5_single_refY,GP_Ip_8.8mm_closed_R5_single_refY_005,5,GP_Ip_8.8mm_closed_R5_single_refY_005-raw05-23,True,0.9886339266566588,0.9754211332312404,8.876495763010585,0.08503077259013787,0.3175049108502854,False,False,5.0,0.9610149219728898,0.9863514578408196,GP_Ip_8.8mm_closed_R5_single_refY_005-raw05-23,True,raw_kept,,0.9886339266566588,0.9754211332312404,222.6579622908575,125.4199676513672,8.876495763010585
post_capture_relaxed_area_guard,GP_Ip_9.7mm_closed_R5_single_refY,GP_Ip_9.7mm_closed_R5_single_refY_004,1,GP_Ip_9.7mm_closed_R5_single_refY_004-raw01-04,True,0.8706636500754148,0.9941006068551372,10.245864075453092,0.08503077259013787,0.3175049108502854,False,False,5.0,0.8711091259317161,0.99072864977801,GP_Ip_9.7mm_closed_R5_single_refY_004-raw01-04,True,raw_kept,,0.8706636500754148,0.9941006068551372,263.4970900843308,128.58705139160156,10.245864075453092
post_capture_relaxed_area_guard,GP_Ip_9.7mm_closed_R5_single_refY,GP_Ip_9.7mm_closed_R5_single_refY_004,2,GP_Ip_9.7mm_closed_R5_single_refY_004-raw02-05,True,0.8625756722511615,0.996456619490665,11.19768334949018,0.08503077259013787,0.3175049108502854,False,False,5.0,0.8711091259317161,0.99072864977801,GP_Ip_9.7mm_closed_R5_single_refY_004-raw02-05,True,raw_kept,,0.8625756722511615,0.996456619490665,264.99590344057367,118.3262176513672,11.19768334949018
post_capture_relaxed_area_guard,GP_Ip_9.7mm_closed_R5_single_refY,GP_Ip_9.7mm_closed_R5_single_refY_004,3,GP_Ip_9.7mm_closed_R5_single_refY_004-raw03-23,True,0.8858454280796447,0.9888462286158632,10.2181194182793,0.08503077259013787,0.3175049108502854,False,False,5.0,0.8711091259317161,0.99072864977801,GP_Ip_9.7mm_closed_R5_single_refY_004-raw03-23,True,raw_kept,,0.8858454280796447,0.9888462286158632,245.6889873555019,120.2222137451172,10.2181194182793
post_capture_relaxed_area_guard,GP_Ip_9.7mm_closed_R5_single_refY,GP_Ip_9.7mm_closed_R5_single_refY_004,4,GP_Ip_9.7mm_closed_R5_single_refY_004-raw04-15,True,0.8711091259317161,0.99072864977801,10.053761510837544,0.08503077259013787,0.3175049108502854,False,False,5.0,0.8711091259317161,0.99072864977801,GP_Ip_9.7mm_closed_R5_single_refY_004-raw04-15,True,raw_kept,,0.8711091259317161,0.99072864977801,211.17834315395032,105.02454376220705,10.053761510837544
post_capture_relaxed_area_guard,GP_Ip_9.7mm_closed_R5_single_refY,GP_Ip_9.7mm_closed_R5_single_refY_004,5,GP_Ip_9.7mm_closed_R5_single_refY_004-raw05-10,True,0.8961765335126379,0.9886592217520982,11.065248839437317,0.08503077259013787,0.3175049108502854,False,False,5.0,0.8711091259317161,0.99072864977801,GP_Ip_9.7mm_closed_R5_single_refY_004-raw05-10,True,raw_kept,,0.8961765335126379,0.9886592217520982,205.2462507554524,92.74362182617188,11.065248839437317
post_capture_relaxed_area_guard,GP_Ip_9.7mm_closed_R5_single_refY,GP_Ip_9.7mm_closed_R5_single_refY_005,1,GP_Ip_9.7mm_closed_R5_single_refY_005-raw01-09,True,0.9180951961798296,0.9905982470444352,9.055301199087264,0.08503077259013787,0.3175049108502854,False,False,5.0,0.8874986266922203,0.9945479327578374,GP_Ip_9.7mm_closed_R5_single_refY_005-raw01-09,True,raw_kept,,0.9180951961798296,0.9905982470444352,253.12228062097992,139.7646942138672,9.055301199087264
post_capture_relaxed_area_guard,GP_Ip_9.7mm_closed_R5_single_refY,GP_Ip_9.7mm_closed_R5_single_refY_005,2,GP_Ip_9.7mm_closed_R5_single_refY_005-raw02-01,True,0.9067318154755796,0.9942125817531644,9.148438139443687,0.08503077259013787,0.3175049108502854,False,False,5.0,0.8874986266922203,0.9945479327578374,GP_Ip_9.7mm_closed_R5_single_refY_005-raw02-01,True,raw_kept,,0.9067318154755796,0.9942125817531644,257.71508716430446,140.85195922851562,9.148438139443687
post_capture_relaxed_area_guard,GP_Ip_9.7mm_closed_R5_single_refY,GP_Ip_9.7mm_closed_R5_single_refY_005,3,GP_Ip_9.7mm_closed_R5_single_refY_005-raw03-01,True,0.8810354996572777,0.9981137413939452,9.307000653139555,0.08503077259013787,0.3175049108502854,False,False,5.0,0.8874986266922203,0.9945479327578374,GP_Ip_9.7mm_closed_R5_single_refY_005-raw03-01,True,raw_kept,,0.8810354996572777,0.9981137413939452,286.67496236353907,154.01039123535156,9.307000653139555
post_capture_relaxed_area_guard,GP_Ip_9.7mm_closed_R5_single_refY,GP_Ip_9.7mm_closed_R5_single_refY_005,4,GP_Ip_9.7mm_closed_R5_single_refY_005-raw04-18,True,0.8874986266922203,0.9945479327578374,9.494922625969885,0.08503077259013787,0.3175049108502854,False,False,5.0,0.8874986266922203,0.9945479327578374,GP_Ip_9.7mm_closed_R5_single_refY_005-raw04-18,True,raw_kept,,0.8874986266922203,0.9945479327578374,327.1629628280001,172.28311157226562,9.494922625969885
post_capture_relaxed_area_guard,GP_Ip_9.7mm_closed_R5_single_refY,GP_Ip_9.7mm_closed_R5_single_refY_005,5,GP_Ip_9.7mm_closed_R5_single_refY_005-raw05-01,True,0.8870931377784106,0.994839030179254,9.365801977743718,0.08503077259013787,0.3175049108502854,False,False,5.0,0.8874986266922203,0.9945479327578374,GP_Ip_9.7mm_closed_R5_single_refY_005-raw05-01,True,raw_kept,,0.8870931377784106,0.994839030179254,331.24278918871727,176.83631896972656,9.365801977743718
post_capture_relaxed_area_guard,GP_Is_10.5mm_closed_R10_single_refY,GP_Is_10.5mm_closed_R10_single_refY_004,1,GP_Is_10.5mm_closed_R10_single_refY_004-raw01-02,False,,,,0.08503077259013787,0.3175049108502854,False,False,0.0,,,GP_Is_10.5mm_closed_R10_single_refY_004-raw01-02,False,raw_kept,,,,,254.26705932617188,
post_capture_relaxed_area_guard,GP_Is_10.5mm_closed_R10_single_refY,GP_Is_10.5mm_closed_R10_single_refY_004,2,GP_Is_10.5mm_closed_R10_single_refY_004-raw02-22,False,,,,0.08503077259013787,0.3175049108502854,False,False,0.0,,,GP_Is_10.5mm_closed_R10_single_refY_004-raw02-22,False,raw_kept,,,,,247.7382202148437,
post_capture_relaxed_area_guard,GP_Is_10.5mm_closed_R10_single_refY,GP_Is_10.5mm_closed_R10_single_refY_004,3,GP_Is_10.5mm_closed_R10_single_refY_004-raw03-12,False,,,,0.08503077259013787,0.3175049108502854,False,False,0.0,,,GP_Is_10.5mm_closed_R10_single_refY_004-raw03-12,False,raw_kept,,,,,245.8598480224609,
post_capture_relaxed_area_guard,GP_Is_10.5mm_closed_R10_single_refY,GP_Is_10.5mm_closed_R10_single_refY_004,4,GP_Is_10.5mm_closed_R10_single_refY_004-raw04-05,False,,,,0.08503077259013787,0.3175049108502854,False,False,0.0,,,GP_Is_10.5mm_closed_R10_single_refY_004-raw04-05,False,raw_kept,,,,,237.6018218994141,
post_capture_relaxed_area_guard,GP_Is_10.5mm_closed_R10_single_refY,GP_Is_10.5mm_closed_R10_single_refY_004,5,GP_Is_10.5mm_closed_R10_single_refY_004-raw05-19,False,,,,0.08503077259013787,0.3175049108502854,False,False,0.0,,,GP_Is_10.5mm_closed_R10_single_refY_004-raw05-19,False,raw_kept,,,,,219.7953186035156,
post_capture_relaxed_area_guard,GP_Is_10.5mm_closed_R10_single_refY,GP_Is_10.5mm_closed_R10_single_refY_005,1,GP_Is_10.5mm_closed_R10_single_refY_005-raw01-03,False,,,,0.08503077259013787,0.3175049108502854,False,False,0.0,,,GP_Is_10.5mm_closed_R10_single_refY_005-raw01-03,False,raw_kept,,,,,248.45594787597656,
post_capture_relaxed_area_guard,GP_Is_10.5mm_closed_R10_single_refY,GP_Is_10.5mm_closed_R10_single_refY_005,2,GP_Is_10.5mm_closed_R10_single_refY_005-raw02-01,False,,,,0.08503077259013787,0.3175049108502854,False,False,0.0,,,GP_Is_10.5mm_closed_R10_single_refY_005-raw02-01,False,raw_kept,,,,,269.07818603515625,
post_capture_relaxed_area_guard,GP_Is_10.5mm_closed_R10_single_refY,GP_Is_10.5mm_closed_R10_single_refY_005,3,GP_Is_10.5mm_closed_R10_single_refY_005-raw03-04,False,,,,0.08503077259013787,0.3175049108502854,False,False,0.0,,,GP_Is_10.5mm_closed_R10_single_refY_005-raw03-04,False,raw_kept,,,,,287.18121337890625,
post_capture_relaxed_area_guard,GP_Is_10.5mm_closed_R10_single_refY,GP_Is_10.5mm_closed_R10_single_refY_005,4,GP_Is_10.5mm_closed_R10_single_refY_005-raw04-15,False,,,,0.08503077259013787,0.3175049108502854,False,False,0.0,,,GP_Is_10.5mm_closed_R10_single_refY_005-raw04-15,False,raw_kept,,,,,276.918212890625,
post_capture_relaxed_area_guard,GP_Is_10.5mm_closed_R10_single_refY,GP_Is_10.5mm_closed_R10_single_refY_005,5,GP_Is_10.5mm_closed_R10_single_refY_005-raw05-21,False,,,,0.08503077259013787,0.3175049108502854,False,False,0.0,,,GP_Is_10.5mm_closed_R10_single_refY_005-raw05-21,False,raw_kept,,,,,310.8389892578125,
post_capture_relaxed_area_guard,GP_Is_10.5mm_closed_R5_single_refY,GP_Is_10.5mm_closed_R5_single_refY_004,1,GP_Is_10.5mm_closed_R5_single_refY_004-raw01-01,True,0.7299905838041432,0.8161855182205395,11.402089445433198,0.08503077259013787,0.3175049108502854,False,False,5.0,0.7386085498742666,0.8136331281664783,GP_Is_10.5mm_closed_R5_single_refY_004-raw01-01,True,raw_kept,,0.7299905838041432,0.8161855182205395,244.83027648925784,107.36202239990234,11.402089445433198
post_capture_relaxed_area_guard,GP_Is_10.5mm_closed_R5_single_refY,GP_Is_10.5mm_closed_R5_single_refY_004,2,GP_Is_10.5mm_closed_R5_single_refY_004-raw02-23,True,0.788324053635555,0.8144504112058283,11.194489071360236,0.08503077259013787,0.3175049108502854,False,False,5.0,0.7386085498742666,0.8136331281664783,GP_Is_10.5mm_closed_R5_single_refY_004-raw02-23,True,raw_kept,,0.788324053635555,0.8144504112058283,267.5710754394531,119.51017761230467,11.194489071360236
post_capture_relaxed_area_guard,GP_Is_10.5mm_closed_R5_single_refY,GP_Is_10.5mm_closed_R5_single_refY_004,3,GP_Is_10.5mm_closed_R5_single_refY_004-raw03-02,True,0.7386085498742666,0.8130250387407226,11.256450024503753,0.08503077259013787,0.3175049108502854,False,False,5.0,0.7386085498742666,0.8136331281664783,GP_Is_10.5mm_closed_R5_single_refY_004-raw03-02,True,raw_kept,,0.7386085498742666,0.8130250387407226,265.52099609375057,117.94171142578124,11.256450024503753
post_capture_relaxed_area_guard,GP_Is_10.5mm_closed_R5_single_refY,GP_Is_10.5mm_closed_R5_single_refY_004,4,GP_Is_10.5mm_closed_R5_single_refY_004-raw04-20,True,0.7321812596006144,0.8024310595065312,11.526278031138412,0.08503077259013787,0.3175049108502854,False,False,5.0,0.7386085498742666,0.8136331281664783,GP_Is_10.5mm_closed_R5_single_refY_004-raw04-20,True,raw_kept,,0.7321812596006144,0.8024310595065312,249.6914978027349,108.31401824951172,11.526278031138412
post_capture_relaxed_area_guard,GP_Is_10.5mm_closed_R5_single_refY,GP_Is_10.5mm_closed_R5_single_refY_004,5,GP_Is_10.5mm_closed_R5_single_refY_004-raw05-04,True,0.748083356565375,0.8136331281664783,11.425289973066,0.08503077259013787,0.3175049108502854,False,False,5.0,0.7386085498742666,0.8136331281664783,GP_Is_10.5mm_closed_R5_single_refY_004-raw05-04,True,raw_kept,,0.748083356565375,0.8136331281664783,259.14160156250034,113.40701293945312,11.425289973066
post_capture_relaxed_area_guard,GP_Is_10.5mm_closed_R5_single_refY,GP_Is_10.5mm_closed_R5_single_refY_005,1,GP_Is_10.5mm_closed_R5_single_refY_005-raw01-09,True,0.818691017720144,0.8730991085474568,10.936512625935425,0.08503077259013787,0.3175049108502854,False,False,5.0,0.818691017720144,0.8483598030376587,GP_Is_10.5mm_closed_R5_single_refY_005-raw01-09,True,raw_kept,,0.818691017720144,0.8730991085474568,257.97021484375,117.93988800048828,10.936512625935425
post_capture_relaxed_area_guard,GP_Is_10.5mm_closed_R5_single_refY,GP_Is_10.5mm_closed_R5_single_refY_005,2,GP_Is_10.5mm_closed_R5_single_refY_005-raw02-19,True,0.7835804168934712,0.845930676439151,11.188934389214667,0.08503077259013787,0.3175049108502854,False,False,5.0,0.818691017720144,0.8483598030376587,GP_Is_10.5mm_closed_R5_single_refY_005-raw02-19,True,raw_kept,,0.7835804168934712,0.845930676439151,270.5096130371094,120.88265228271484,11.188934389214667
post_capture_relaxed_area_guard,GP_Is_10.5mm_closed_R5_single_refY,GP_Is_10.5mm_closed_R5_single_refY_005,3,GP_Is_10.5mm_closed_R5_single_refY_005-raw03-09,True,0.7790276992651215,0.8483598030376587,10.8895987250745,0.08503077259013787,0.3175049108502854,False,False,5.0,0.818691017720144,0.8483598030376587,GP_Is_10.5mm_closed_R5_single_refY_005-raw03-09,True,raw_kept,,0.7790276992651215,0.8483598030376587,286.9363403320316,131.74789428710938,10.8895987250745
post_capture_relaxed_area_guard,GP_Is_10.5mm_closed_R5_single_refY,GP_Is_10.5mm_closed_R5_single_refY_005,4,GP_Is_10.5mm_closed_R5_single_refY_005-raw04-05,True,0.8217636022514071,0.8823987329879472,10.644801747116189,0.08503077259013787,0.3175049108502854,False,False,5.0,0.818691017720144,0.8483598030376587,GP_Is_10.5mm_closed_R5_single_refY_005-raw04-05,True,raw_kept,,0.8217636022514071,0.8823987329879472,318.5919189453125,149.64671325683594,10.644801747116189
post_capture_relaxed_area_guard,GP_Is_10.5mm_closed_R5_single_refY,GP_Is_10.5mm_closed_R5_single_refY_005,5,GP_Is_10.5mm_closed_R5_single_refY_005-raw05-11,True,0.9964901196869188,0.7282024233367032,10.800548286617747,0.08503077259013787,0.3175049108502854,False,False,5.0,0.818691017720144,0.8483598030376587,GP_Is_10.5mm_closed_R5_single_refY_005-raw05-11,True,raw_kept,,0.9964901196869188,0.7282024233367032,375.173169089372,173.68246459960938,10.800548286617747
post_capture_relaxed_area_guard,GP_Is_14.0mm_closed_R10_single_refY,GP_Is_14.0mm_closed_R10_single_refY_004,1,GP_Is_14.0mm_closed_R10_single_refY_004-raw01-19,True,0.912572671620529,0.5805965906908499,15.83394039242152,0.08503077259013787,0.3175049108502854,False,False,5.0,0.9884102544868067,0.7784647040501382,GP_Is_14.0mm_closed_R10_single_refY_004-raw01-19,True,raw_kept,,0.912572671620529,0.5805965906908499,559.9132690429694,353.6158752441406,15.83394039242152
post_capture_relaxed_area_guard,GP_Is_14.0mm_closed_R10_single_refY,GP_Is_14.0mm_closed_R10_single_refY_004,2,GP_Is_14.0mm_closed_R10_single_refY_004-raw02-21,True,0.9898935941067504,0.6737013456807988,14.485932519527912,0.08503077259013787,0.3175049108502854,False,False,5.0,0.9884102544868067,0.7784647040501382,GP_Is_14.0mm_closed_R10_single_refY_004-raw02-21,True,raw_kept,,0.9898935941067504,0.6737013456807988,545.7529985023255,376.7468872070313,14.485932519527912
post_capture_relaxed_area_guard,GP_Is_14.0mm_closed_R10_single_refY,GP_Is_14.0mm_closed_R10_single_refY_004,3,GP_Is_14.0mm_closed_R10_single_refY_004-raw03-01,True,0.992602862408074,0.9964576729144948,12.059962091235173,0.08503077259013787,0.3175049108502854,False,False,5.0,0.9884102544868067,0.7784647040501382,GP_Is_14.0mm_closed_R10_single_refY_004-raw03-01,True,raw_kept,,0.992602862408074,0.9964576729144948,454.60488626118536,376.9538269042969,12.059962091235173
post_capture_relaxed_area_guard,GP_Is_14.0mm_closed_R10_single_refY,GP_Is_14.0mm_closed_R10_single_refY_004,4,GP_Is_14.0mm_closed_R10_single_refY_004-raw04-02,True,0.9873943061050344,0.7784647040501382,13.67902395152388,0.08503077259013787,0.3175049108502854,False,False,5.0,0.9884102544868067,0.7784647040501382,GP_Is_14.0mm_closed_R10_single_refY_004-raw04-02,True,raw_kept,,0.9873943061050344,0.7784647040501382,491.63095865994165,359.4049987792969,13.67902395152388
post_capture_relaxed_area_guard,GP_Is_14.0mm_closed_R10_single_refY,GP_Is_14.0mm_closed_R10_single_refY_004,5,GP_Is_14.0mm_closed_R10_single_refY_004-raw05-03,True,0.9884102544868067,0.798383483909505,13.642159642207549,0.08503077259013787,0.3175049108502854,False,False,5.0,0.9884102544868067,0.7784647040501382,GP_Is_14.0mm_closed_R10_single_refY_004-raw05-03,True,raw_kept,,0.9884102544868067,0.798383483909505,498.9365097825738,365.7313232421875,13.642159642207549
post_capture_relaxed_area_guard,GP_Is_14.0mm_closed_R10_single_refY,GP_Is_14.0mm_closed_R10_single_refY_005,1,GP_Is_14.0mm_closed_R10_single_refY_005-raw01-21,True,0.776585258144138,0.8435804174041585,12.805675510749252,0.08503077259013787,0.3175049108502854,False,False,5.0,0.9911606050074796,0.6467754156081472,GP_Is_14.0mm_closed_R10_single_refY_005-raw01-21,True,raw_kept,,0.776585258144138,0.8435804174041585,507.7839965820316,396.5304260253906,12.805675510749252
post_capture_relaxed_area_guard,GP_Is_14.0mm_closed_R10_single_refY,GP_Is_14.0mm_closed_R10_single_refY_005,2,GP_Is_14.0mm_closed_R10_single_refY_005-raw02-12,True,0.9911606050074796,0.5509565372902995,15.691668155836554,0.08503077259013787,0.3175049108502854,False,False,5.0,0.9911606050074796,0.6467754156081472,GP_Is_14.0mm_closed_R10_single_refY_005-raw02-12,True,raw_kept,,0.9911606050074796,0.5509565372902995,648.386882542499,413.2045593261719,15.691668155836554
post_capture_relaxed_area_guard,GP_Is_14.0mm_closed_R10_single_refY,GP_Is_14.0mm_closed_R10_single_refY_005,3,GP_Is_14.0mm_closed_R10_single_refY_005-raw03-10,True,0.9932532098559572,0.598696559629885,14.575522193839554,0.08503077259013787,0.3175049108502854,False,False,5.0,0.9911606050074796,0.6467754156081472,GP_Is_14.0mm_closed_R10_single_refY_005-raw03-10,True,raw_kept,,0.9932532098559572,0.598696559629885,648.7776746827259,445.1145324707031,14.575522193839554
post_capture_relaxed_area_guard,GP_Is_14.0mm_closed_R10_single_refY,GP_Is_14.0mm_closed_R10_single_refY_005,4,GP_Is_14.0mm_closed_R10_single_refY_005-raw04-17,True,0.9953664456341234,0.6467754156081472,14.018450613496825,0.08503077259013787,0.3175049108502854,False,False,5.0,0.9911606050074796,0.6467754156081472,GP_Is_14.0mm_closed_R10_single_refY_005-raw04-17,True,raw_kept,,0.9953664456341234,0.6467754156081472,665.2560380755917,474.5574645996094,14.018450613496825
post_capture_relaxed_area_guard,GP_Is_14.0mm_closed_R10_single_refY,GP_Is_14.0mm_closed_R10_single_refY_005,5,GP_Is_14.0mm_closed_R10_single_refY_005-raw05-14,True,0.740377404270337,0.9969332859754144,8.971190490783728,0.08503077259013787,0.3175049108502854,False,False,5.0,0.9911606050074796,0.6467754156081472,GP_Is_14.0mm_closed_R10_single_refY_005-raw05-14,True,raw_kept,,0.740377404270337,0.9969332859754144,458.0198486032992,510.5452270507813,8.971190490783728
post_capture_relaxed_area_guard,GP_Is_14.0mm_closed_R5_single_refY,GP_Is_14.0mm_closed_R5_single_refY_004,1,GP_Is_14.0mm_closed_R5_single_refY_004-raw01-01,True,0.7821723118419005,0.8342656080837243,13.733757606709055,0.08503077259013787,0.3175049108502854,False,False,5.0,0.7732290004590063,0.8511084998041519,GP_Is_14.0mm_closed_R5_single_refY_004-raw01-01,True,raw_kept,,0.7821723118419005,0.8342656080837243,280.0571899414064,101.95941925048828,13.733757606709055
post_capture_relaxed_area_guard,GP_Is_14.0mm_closed_R5_single_refY,GP_Is_14.0mm_closed_R5_single_refY_004,2,GP_Is_14.0mm_closed_R5_single_refY_004-raw02-01,True,0.7732290004590063,0.8504054575878491,13.65598070680887,0.08503077259013787,0.3175049108502854,False,False,5.0,0.7732290004590063,0.8511084998041519,GP_Is_14.0mm_closed_R5_single_refY_004-raw02-01,True,raw_kept,,0.7732290004590063,0.8504054575878491,303.8102722167975,111.23707580566406,13.65598070680887
post_capture_relaxed_area_guard,GP_Is_14.0mm_closed_R5_single_refY,GP_Is_14.0mm_closed_R5_single_refY_004,3,GP_Is_14.0mm_closed_R5_single_refY_004-raw03-01,True,0.8204213081461721,0.8589411230189486,13.108630499806887,0.08503077259013787,0.3175049108502854,False,False,5.0,0.7732290004590063,0.8511084998041519,GP_Is_14.0mm_closed_R5_single_refY_004-raw03-01,True,raw_kept,,0.8204213081461721,0.8589411230189486,407.37057495117256,155.38258361816406,13.108630499806887
post_capture_relaxed_area_guard,GP_Is_14.0mm_closed_R5_single_refY,GP_Is_14.0mm_closed_R5_single_refY_004,4,GP_Is_14.0mm_closed_R5_single_refY_004-raw04-01,True,0.7700799744931849,0.8511084998041519,13.33513965573289,0.08503077259013787,0.3175049108502854,False,False,5.0,0.7732290004590063,0.8511084998041519,GP_Is_14.0mm_closed_R5_single_refY_004-raw04-01,True,raw_kept,,0.7700799744931849,0.8511084998041519,390.2116699218757,146.30955505371094,13.33513965573289
post_capture_relaxed_area_guard,GP_Is_14.0mm_closed_R5_single_refY,GP_Is_14.0mm_closed_R5_single_refY_004,5,GP_Is_14.0mm_closed_R5_single_refY_004-raw05-20,True,0.761585078752715,0.8520503597122302,13.539501808685188,0.08503077259013787,0.3175049108502854,False,False,5.0,0.7732290004590063,0.8511084998041519,GP_Is_14.0mm_closed_R5_single_refY_004-raw05-20,True,raw_kept,,0.761585078752715,0.8520503597122302,366.03283691406347,135.1721954345703,13.539501808685188
post_capture_relaxed_area_guard,GP_Is_14.0mm_closed_R5_single_refY,GP_Is_14.0mm_closed_R5_single_refY_005,1,GP_Is_14.0mm_closed_R5_single_refY_005-raw01-01,True,0.7856373883857893,0.8044671375230554,15.604618915108947,0.08503077259013787,0.3175049108502854,False,False,5.0,0.7856373883857893,0.8433652530779754,GP_Is_14.0mm_closed_R5_single_refY_005-raw01-01,True,raw_kept,,0.7856373883857893,0.8044671375230554,316.24609375000045,101.33092498779295,15.604618915108947
post_capture_relaxed_area_guard,GP_Is_14.0mm_closed_R5_single_refY,GP_Is_14.0mm_closed_R5_single_refY_005,2,GP_Is_14.0mm_closed_R5_single_refY_005-raw02-23,True,0.6873758594346829,0.7622800221361372,15.191990118713726,0.08503077259013787,0.3175049108502854,False,False,5.0,0.7856373883857893,0.8433652530779754,GP_Is_14.0mm_closed_R5_single_refY_005-raw02-23,True,raw_kept,,0.6873758594346829,0.7622800221361372,343.29891967773455,112.98681640625,15.191990118713726
post_capture_relaxed_area_guard,GP_Is_14.0mm_closed_R5_single_refY,GP_Is_14.0mm_closed_R5_single_refY_005,3,GP_Is_14.0mm_closed_R5_single_refY_005-raw03-19,True,0.7828884903470831,0.8433652530779754,14.066419242543432,0.08503077259013787,0.3175049108502854,False,False,5.0,0.7856373883857893,0.8433652530779754,GP_Is_14.0mm_closed_R5_single_refY_005-raw03-19,True,raw_kept,,0.7828884903470831,0.8433652530779754,359.89028930664153,127.9253387451172,14.066419242543432
post_capture_relaxed_area_guard,GP_Is_14.0mm_closed_R5_single_refY,GP_Is_14.0mm_closed_R5_single_refY_005,4,GP_Is_14.0mm_closed_R5_single_refY_005-raw04-15,True,0.941270223131052,0.993888168639402,11.895117507534945,0.08503077259013787,0.3175049108502854,False,False,5.0,0.7856373883857893,0.8433652530779754,GP_Is_14.0mm_closed_R5_single_refY_005-raw04-15,True,raw_kept,,0.941270223131052,0.993888168639402,321.7436164373594,135.24188232421875,11.895117507534945
post_capture_relaxed_area_guard,GP_Is_14.0mm_closed_R5_single_refY,GP_Is_14.0mm_closed_R5_single_refY_005,5,GP_Is_14.0mm_closed_R5_single_refY_005-raw05-16,True,0.8636004179964414,0.8846847392905308,13.853527482496336,0.08503077259013787,0.3175049108502854,False,False,5.0,0.7856373883857893,0.8433652530779754,GP_Is_14.0mm_closed_R5_single_refY_005-raw05-16,True,raw_kept,,0.8636004179964414,0.8846847392905308,363.5113525390631,131.1981201171875,13.853527482496336
post_capture_relaxed_area_guard,GP_Is_18.0mm_closed_R10_single_refY,GP_Is_18.0mm_closed_R10_single_refY_004,1,GP_Is_18.0mm_closed_R10_single_refY_004-raw01-02,True,0.7961700158912156,0.8683953868285665,16.95173691264169,0.08503077259013787,0.3175049108502854,False,False,5.0,0.8509477991781795,0.8952029447269992,GP_Is_18.0mm_closed_R10_single_refY_004-raw01-02,True,raw_kept,,0.7961700158912156,0.8683953868285665,431.8280639648443,254.73971557617188,16.95173691264169
post_capture_relaxed_area_guard,GP_Is_18.0mm_closed_R10_single_refY,GP_Is_18.0mm_closed_R10_single_refY_004,2,GP_Is_18.0mm_closed_R10_single_refY_004-raw02-15,True,0.8242416131334761,0.8786898803969803,16.90062587350779,0.08503077259013787,0.3175049108502854,False,False,5.0,0.8509477991781795,0.8952029447269992,GP_Is_18.0mm_closed_R10_single_refY_004-raw02-15,True,raw_kept,,0.8242416131334761,0.8786898803969803,454.57577514648455,268.96978759765625,16.90062587350779
post_capture_relaxed_area_guard,GP_Is_18.0mm_closed_R10_single_refY,GP_Is_18.0mm_closed_R10_single_refY_004,3,GP_Is_18.0mm_closed_R10_single_refY_004-raw03-02,True,0.8509477991781795,0.8952029447269992,16.83133228467346,0.08503077259013787,0.3175049108502854,False,False,5.0,0.8509477991781795,0.8952029447269992,GP_Is_18.0mm_closed_R10_single_refY_004-raw03-02,True,raw_kept,,0.8509477991781795,0.8952029447269992,461.9627990722663,274.4659729003906,16.83133228467346
post_capture_relaxed_area_guard,GP_Is_18.0mm_closed_R10_single_refY,GP_Is_18.0mm_closed_R10_single_refY_004,4,GP_Is_18.0mm_closed_R10_single_refY_004-raw04-15,True,0.8829266942909123,0.9388518285662962,16.95111167125688,0.08503077259013787,0.3175049108502854,False,False,5.0,0.8509477991781795,0.8952029447269992,GP_Is_18.0mm_closed_R10_single_refY_004-raw04-15,True,raw_kept,,0.8829266942909123,0.9388518285662962,500.7540893554697,295.4107666015625,16.95111167125688
post_capture_relaxed_area_guard,GP_Is_18.0mm_closed_R10_single_refY,GP_Is_18.0mm_closed_R10_single_refY_004,5,GP_Is_18.0mm_closed_R10_single_refY_004-raw05-04,True,0.8647680547116757,0.9148920265780732,17.12340795531069,0.08503077259013787,0.3175049108502854,False,False,5.0,0.8509477991781795,0.8952029447269992,GP_Is_18.0mm_closed_R10_single_refY_004-raw05-04,True,raw_kept,,0.8647680547116757,0.9148920265780732,499.6681823730469,291.8041687011719,17.12340795531069
post_capture_relaxed_area_guard,GP_Is_18.0mm_closed_R10_single_refY,GP_Is_18.0mm_closed_R10_single_refY_005,1,GP_Is_18.0mm_closed_R10_single_refY_005-raw01-19,True,0.8657639300161609,0.914265754480632,16.248296215149427,0.08503077259013787,0.3175049108502854,False,False,5.0,0.8657639300161609,0.9831047794414562,GP_Is_18.0mm_closed_R10_single_refY_005-raw01-19,True,raw_kept,,0.8657639300161609,0.914265754480632,423.30838012695415,260.5247802734375,16.248296215149427
post_capture_relaxed_area_guard,GP_Is_18.0mm_closed_R10_single_refY,GP_Is_18.0mm_closed_R10_single_refY_005,2,GP_Is_18.0mm_closed_R10_single_refY_005-raw02-24,True,0.7877436229614385,0.9968327292269344,13.280025935366355,0.08503077259013787,0.3175049108502854,False,False,5.0,0.8657639300161609,0.9831047794414562,GP_Is_18.0mm_closed_R10_single_refY_005-raw02-24,True,raw_kept,,0.7877436229614385,0.9968327292269344,377.7085296420345,284.41851806640625,13.280025935366355
post_capture_relaxed_area_guard,GP_Is_18.0mm_closed_R10_single_refY,GP_Is_18.0mm_closed_R10_single_refY_005,3,GP_Is_18.0mm_closed_R10_single_refY_005-raw03-23,True,0.8235404425553194,0.9977114779477342,13.367096337816566,0.08503077259013787,0.3175049108502854,False,False,5.0,0.8657639300161609,0.9831047794414562,GP_Is_18.0mm_closed_R10_single_refY_005-raw03-23,True,raw_kept,,0.8235404425553194,0.9977114779477342,444.78425642858895,332.74560546875,13.367096337816566
post_capture_relaxed_area_guard,GP_Is_18.0mm_closed_R10_single_refY,GP_Is_18.0mm_closed_R10_single_refY_005,4,GP_Is_18.0mm_closed_R10_single_refY_005-raw04-03,True,0.9056470731262536,0.929501485451108,15.697981438938264,0.08503077259013787,0.3175049108502854,False,False,5.0,0.8657639300161609,0.9831047794414562,GP_Is_18.0mm_closed_R10_single_refY_005-raw04-03,True,raw_kept,,0.9056470731262536,0.929501485451108,533.1918945312506,339.6563415527344,15.697981438938264
post_capture_relaxed_area_guard,GP_Is_18.0mm_closed_R10_single_refY,GP_Is_18.0mm_closed_R10_single_refY_005,5,GP_Is_18.0mm_closed_R10_single_refY_005-raw05-19,True,0.9927448856553104,0.9831047794414562,15.067893554062628,0.08503077259013787,0.3175049108502854,False,False,5.0,0.8657639300161609,0.9831047794414562,GP_Is_18.0mm_closed_R10_single_refY_005-raw05-19,True,raw_kept,,0.9927448856553104,0.9831047794414562,505.24061541135165,335.30938720703125,15.067893554062628
post_capture_relaxed_area_guard,GP_Is_18.0mm_closed_R5_single_refY,GP_Is_18.0mm_closed_R5_single_refY_004,1,GP_Is_18.0mm_closed_R5_single_refY_004-raw01-08,True,0.827015739138207,0.8731578716112307,19.54752489552209,0.08503077259013787,0.3175049108502854,False,False,5.0,0.8702098892024573,0.8997492525798052,GP_Is_18.0mm_closed_R5_single_refY_004-raw01-08,True,raw_kept,,0.827015739138207,0.8731578716112307,467.19345092773455,119.50194549560548,19.54752489552209
post_capture_relaxed_area_guard,GP_Is_18.0mm_closed_R5_single_refY,GP_Is_18.0mm_closed_R5_single_refY_004,2,GP_Is_18.0mm_closed_R5_single_refY_004-raw02-22,True,0.857951431702973,0.8983646364121337,18.85866181696067,0.08503077259013787,0.3175049108502854,False,False,5.0,0.8702098892024573,0.8997492525798052,GP_Is_18.0mm_closed_R5_single_refY_004-raw02-22,True,raw_kept,,0.857951431702973,0.8983646364121337,448.6722717285167,118.95655059814452,18.85866181696067
post_capture_relaxed_area_guard,GP_Is_18.0mm_closed_R5_single_refY,GP_Is_18.0mm_closed_R5_single_refY_004,3,GP_Is_18.0mm_closed_R5_single_refY_004-raw03-11,True,0.8702098892024573,0.8997492525798052,18.469081092094537,0.08503077259013787,0.3175049108502854,False,False,5.0,0.8702098892024573,0.8997492525798052,GP_Is_18.0mm_closed_R5_single_refY_004-raw03-11,True,raw_kept,,0.8702098892024573,0.8997492525798052,433.7564697265634,117.427734375,18.469081092094537
post_capture_relaxed_area_guard,GP_Is_18.0mm_closed_R5_single_refY,GP_Is_18.0mm_closed_R5_single_refY_004,4,GP_Is_18.0mm_closed_R5_single_refY_004-raw04-02,True,0.881826560536238,0.909809915666184,18.17299108415257,0.08503077259013787,0.3175049108502854,False,False,5.0,0.8702098892024573,0.8997492525798052,GP_Is_18.0mm_closed_R5_single_refY_004-raw04-02,True,raw_kept,,0.881826560536238,0.909809915666184,447.5407409667976,123.13348388671876,18.17299108415257
post_capture_relaxed_area_guard,GP_Is_18.0mm_closed_R5_single_refY,GP_Is_18.0mm_closed_R5_single_refY_004,5,GP_Is_18.0mm_closed_R5_single_refY_004-raw05-01,True,0.8825953661355983,0.9129617252595464,17.955351273030214,0.08503077259013787,0.3175049108502854,False,False,5.0,0.8702098892024573,0.8997492525798052,GP_Is_18.0mm_closed_R5_single_refY_004-raw05-01,True,raw_kept,,0.8825953661355983,0.9129617252595464,446.20913696289085,124.25519561767578,17.955351273030214
post_capture_relaxed_area_guard,GP_Is_18.0mm_closed_R5_single_refY,GP_Is_18.0mm_closed_R5_single_refY_005,1,GP_Is_18.0mm_closed_R5_single_refY_005-raw01-07,True,0.9958464119493452,0.965866714370244,15.731925820305468,0.08503077259013787,0.3175049108502854,False,False,5.0,0.991687676843299,0.9726546019762408,GP_Is_18.0mm_closed_R5_single_refY_005-raw01-07,True,raw_kept,,0.9958464119493452,0.965866714370244,471.1376673189352,149.73934936523438,15.731925820305468
post_capture_relaxed_area_guard,GP_Is_18.0mm_closed_R5_single_refY,GP_Is_18.0mm_closed_R5_single_refY_005,2,GP_Is_18.0mm_closed_R5_single_refY_005-raw02-22,True,0.984038701371847,0.9954829408938012,16.151040297859623,0.08503077259013787,0.3175049108502854,False,False,5.0,0.991687676843299,0.9726546019762408,GP_Is_18.0mm_closed_R5_single_refY_005-raw02-22,True,raw_kept,,0.984038701371847,0.9954829408938012,378.7634835945818,117.25668334960938,16.151040297859623
post_capture_relaxed_area_guard,GP_Is_18.0mm_closed_R5_single_refY,GP_Is_18.0mm_closed_R5_single_refY_005,3,GP_Is_18.0mm_closed_R5_single_refY_005-raw03-21,True,0.993437750829772,0.960737441875696,16.51394981426368,0.08503077259013787,0.3175049108502854,False,False,5.0,0.991687676843299,0.9726546019762408,GP_Is_18.0mm_closed_R5_single_refY_005-raw03-21,True,raw_kept,,0.993437750829772,0.960737441875696,371.69560746892654,112.53988647460938,16.51394981426368
post_capture_relaxed_area_guard,GP_Is_18.0mm_closed_R5_single_refY,GP_Is_18.0mm_closed_R5_single_refY_005,4,GP_Is_18.0mm_closed_R5_single_refY_005-raw04-03,True,0.9899902290739332,0.9726546019762408,16.47874659682132,0.08503077259013787,0.3175049108502854,False,False,5.0,0.991687676843299,0.9726546019762408,GP_Is_18.0mm_closed_R5_single_refY_005-raw04-03,True,raw_kept,,0.9899902290739332,0.9726546019762408,370.41446891815406,112.3915786743164,16.47874659682132
post_capture_relaxed_area_guard,GP_Is_18.0mm_closed_R5_single_refY,GP_Is_18.0mm_closed_R5_single_refY_005,5,GP_Is_18.0mm_closed_R5_single_refY_005-raw05-01,True,0.991687676843299,0.9742671083169968,16.513368012965,0.08503077259013787,0.3175049108502854,False,False,5.0,0.991687676843299,0.9726546019762408,GP_Is_18.0mm_closed_R5_single_refY_005-raw05-01,True,raw_kept,,0.991687676843299,0.9742671083169968,368.36786993095,111.53626251220705,16.513368012965
post_capture_relaxed_area_guard,GP_Is_4.8mm_closed_R10_single_refY,GP_Is_4.8mm_closed_R10_single_refY_004,1,GP_Is_4.8mm_closed_R10_single_refY_004-raw01-01,True,0.8037450775536447,0.7995043568630587,4.993969237996396,0.08503077259013787,0.3175049108502854,False,False,5.0,0.8385164874810592,0.8393037700418894,GP_Is_4.8mm_closed_R10_single_refY_004-raw01-01,True,raw_kept,,0.8037450775536447,0.7995043568630587,147.41882324218784,295.1936950683594,4.993969237996396
post_capture_relaxed_area_guard,GP_Is_4.8mm_closed_R10_single_refY,GP_Is_4.8mm_closed_R10_single_refY_004,2,GP_Is_4.8mm_closed_R10_single_refY_004-raw02-12,True,0.8474238026124818,0.841015484335614,4.965631990580729,0.08503077259013787,0.3175049108502854,False,False,5.0,0.8385164874810592,0.8393037700418894,GP_Is_4.8mm_closed_R10_single_refY_004-raw02-12,True,raw_kept,,0.8474238026124818,0.841015484335614,133.2359924316407,268.3162841796875,4.965631990580729
post_capture_relaxed_area_guard,GP_Is_4.8mm_closed_R10_single_refY,GP_Is_4.8mm_closed_R10_single_refY_004,3,GP_Is_4.8mm_closed_R10_single_refY_004-raw03-09,True,0.7942957297641811,0.7976638131050484,5.045948220904618,0.08503077259013787,0.3175049108502854,False,False,5.0,0.8385164874810592,0.8393037700418894,GP_Is_4.8mm_closed_R10_single_refY_004-raw03-09,True,raw_kept,,0.7942957297641811,0.7976638131050484,147.03190612792986,291.3860778808594,5.045948220904618
post_capture_relaxed_area_guard,GP_Is_4.8mm_closed_R10_single_refY,GP_Is_4.8mm_closed_R10_single_refY_004,4,GP_Is_4.8mm_closed_R10_single_refY_004-raw04-08,True,0.8385164874810592,0.8393037700418894,5.073030280034947,0.08503077259013787,0.3175049108502854,False,False,5.0,0.8385164874810592,0.8393037700418894,GP_Is_4.8mm_closed_R10_single_refY_004-raw04-08,True,raw_kept,,0.8385164874810592,0.8393037700418894,150.97157287597682,297.596435546875,5.073030280034947
post_capture_relaxed_area_guard,GP_Is_4.8mm_closed_R10_single_refY,GP_Is_4.8mm_closed_R10_single_refY_004,5,GP_Is_4.8mm_closed_R10_single_refY_004-raw05-17,True,0.8720555595331854,0.8626062322946175,5.008959164071943,0.08503077259013787,0.3175049108502854,False,False,5.0,0.8385164874810592,0.8393037700418894,GP_Is_4.8mm_closed_R10_single_refY_004-raw05-17,True,raw_kept,,0.8720555595331854,0.8626062322946175,147.04035949707054,293.5547180175781,5.008959164071943
post_capture_relaxed_area_guard,GP_Is_4.8mm_closed_R10_single_refY,GP_Is_4.8mm_closed_R10_single_refY_005,1,GP_Is_4.8mm_closed_R10_single_refY_005-raw01-06,True,0.8665729577769368,0.8607098748858938,4.965994547529632,0.08503077259013787,0.3175049108502854,False,False,5.0,0.9656958613034516,0.9716534595543264,GP_Is_4.8mm_closed_R10_single_refY_005-raw01-06,True,raw_kept,,0.8665729577769368,0.8607098748858938,170.39302062988295,343.11962890625,4.965994547529632
post_capture_relaxed_area_guard,GP_Is_4.8mm_closed_R10_single_refY,GP_Is_4.8mm_closed_R10_single_refY_005,2,GP_Is_4.8mm_closed_R10_single_refY_005-raw02-05,True,0.9649548924358085,0.9583596576876688,4.680844463937974,0.08503077259013787,0.3175049108502854,False,False,5.0,0.9656958613034516,0.9716534595543264,GP_Is_4.8mm_closed_R10_single_refY_005-raw02-05,True,raw_kept,,0.9649548924358085,0.9583596576876688,147.7527096717177,315.6539611816406,4.680844463937974
post_capture_relaxed_area_guard,GP_Is_4.8mm_closed_R10_single_refY,GP_Is_4.8mm_closed_R10_single_refY_005,3,GP_Is_4.8mm_closed_R10_single_refY_005-raw03-17,True,0.9656958613034516,0.9716534595543264,4.683933057066223,0.08503077259013787,0.3175049108502854,False,False,5.0,0.9656958613034516,0.9716534595543264,GP_Is_4.8mm_closed_R10_single_refY_005-raw03-17,True,raw_kept,,0.9656958613034516,0.9716534595543264,154.48422562659496,329.8173217773437,4.683933057066223
post_capture_relaxed_area_guard,GP_Is_4.8mm_closed_R10_single_refY,GP_Is_4.8mm_closed_R10_single_refY_005,4,GP_Is_4.8mm_closed_R10_single_refY_005-raw04-24,True,0.9889442037887114,0.9813305960094952,4.845691706061598,0.08503077259013787,0.3175049108502854,False,False,5.0,0.9656958613034516,0.9716534595543264,GP_Is_4.8mm_closed_R10_single_refY_005-raw04-24,True,raw_kept,,0.9889442037887114,0.9813305960094952,139.07683826652843,287.0113220214844,4.845691706061598
post_capture_relaxed_area_guard,GP_Is_4.8mm_closed_R10_single_refY,GP_Is_4.8mm_closed_R10_single_refY_005,5,GP_Is_4.8mm_closed_R10_single_refY_005-raw05-06,True,0.9745522439665306,0.9880810488676997,4.842385488799903,0.08503077259013787,0.3175049108502854,False,False,5.0,0.9656958613034516,0.9716534595543264,GP_Is_4.8mm_closed_R10_single_refY_005-raw05-06,True,raw_kept,,0.9745522439665306,0.9880810488676997,134.67460518216407,278.1162414550781,4.842385488799903
post_capture_relaxed_area_guard,GP_Is_4.8mm_closed_R5_single_refY,GP_Is_4.8mm_closed_R5_single_refY_004,1,GP_Is_4.8mm_closed_R5_single_refY_004-raw01-17,False,,,,0.08503077259013787,0.3175049108502854,False,False,0.0,,,GP_Is_4.8mm_closed_R5_single_refY_004-raw01-17,False,raw_kept,,,,,146.91380310058594,
post_capture_relaxed_area_guard,GP_Is_4.8mm_closed_R5_single_refY,GP_Is_4.8mm_closed_R5_single_refY_004,2,GP_Is_4.8mm_closed_R5_single_refY_004-raw02-07,False,,,,0.08503077259013787,0.3175049108502854,False,False,0.0,,,GP_Is_4.8mm_closed_R5_single_refY_004-raw02-07,False,raw_kept,,,,,159.166259765625,
post_capture_relaxed_area_guard,GP_Is_4.8mm_closed_R5_single_refY,GP_Is_4.8mm_closed_R5_single_refY_004,3,GP_Is_4.8mm_closed_R5_single_refY_004-raw03-10,False,,,,0.08503077259013787,0.3175049108502854,False,False,0.0,,,GP_Is_4.8mm_closed_R5_single_refY_004-raw03-10,False,raw_kept,,,,,142.1036376953125,
post_capture_relaxed_area_guard,GP_Is_4.8mm_closed_R5_single_refY,GP_Is_4.8mm_closed_R5_single_refY_004,4,GP_Is_4.8mm_closed_R5_single_refY_004-raw04-07,False,,,,0.08503077259013787,0.3175049108502854,False,False,0.0,,,GP_Is_4.8mm_closed_R5_single_refY_004-raw04-07,False,raw_kept,,,,,147.306396484375,
post_capture_relaxed_area_guard,GP_Is_4.8mm_closed_R5_single_refY,GP_Is_4.8mm_closed_R5_single_refY_004,5,GP_Is_4.8mm_closed_R5_single_refY_004-raw05-24,False,,,,0.08503077259013787,0.3175049108502854,False,False,0.0,,,GP_Is_4.8mm_closed_R5_single_refY_004-raw05-24,False,raw_kept,,,,,137.4628143310547,
post_capture_relaxed_area_guard,GP_Is_4.8mm_closed_R5_single_refY,GP_Is_4.8mm_closed_R5_single_refY_005,1,GP_Is_4.8mm_closed_R5_single_refY_005-raw01-14,False,,,,0.08503077259013787,0.3175049108502854,False,False,0.0,,,GP_Is_4.8mm_closed_R5_single_refY_005-raw01-14,False,raw_kept,,,,,144.76255798339844,
post_capture_relaxed_area_guard,GP_Is_4.8mm_closed_R5_single_refY,GP_Is_4.8mm_closed_R5_single_refY_005,2,GP_Is_4.8mm_closed_R5_single_refY_005-raw02-04,False,,,,0.08503077259013787,0.3175049108502854,False,False,0.0,,,GP_Is_4.8mm_closed_R5_single_refY_005-raw02-04,False,raw_kept,,,,,137.17068481445312,
post_capture_relaxed_area_guard,GP_Is_4.8mm_closed_R5_single_refY,GP_Is_4.8mm_closed_R5_single_refY_005,3,GP_Is_4.8mm_closed_R5_single_refY_005-raw03-10,False,,,,0.08503077259013787,0.3175049108502854,False,False,0.0,,,GP_Is_4.8mm_closed_R5_single_refY_005-raw03-10,False,raw_kept,,,,,148.41929626464844,
post_capture_relaxed_area_guard,GP_Is_4.8mm_closed_R5_single_refY,GP_Is_4.8mm_closed_R5_single_refY_005,4,GP_Is_4.8mm_closed_R5_single_refY_005-raw04-24,False,,,,0.08503077259013787,0.3175049108502854,False,False,0.0,,,GP_Is_4.8mm_closed_R5_single_refY_005-raw04-24,False,raw_kept,,,,,163.23133850097656,
post_capture_relaxed_area_guard,GP_Is_4.8mm_closed_R5_single_refY,GP_Is_4.8mm_closed_R5_single_refY_005,5,GP_Is_4.8mm_closed_R5_single_refY_005-raw05-20,False,,,,0.08503077259013787,0.3175049108502854,False,False,0.0,,,GP_Is_4.8mm_closed_R5_single_refY_005-raw05-20,False,raw_kept,,,,,163.19125366210938,
post_capture_relaxed_area_guard,GP_Is_6.5mm_closed_R10_single_refY,GP_Is_6.5mm_closed_R10_single_refY_004,1,GP_Is_6.5mm_closed_R10_single_refY_004-raw01-07,True,0.8394209855246381,0.885101524912338,5.165624174939865,0.08503077259013787,0.3175049108502854,False,False,5.0,0.8161340607950117,0.875524109014675,GP_Is_6.5mm_closed_R10_single_refY_004-raw01-07,True,raw_kept,,0.8394209855246381,0.885101524912338,145.62940979003932,281.9202575683594,5.165624174939865
post_capture_relaxed_area_guard,GP_Is_6.5mm_closed_R10_single_refY,GP_Is_6.5mm_closed_R10_single_refY_004,2,GP_Is_6.5mm_closed_R10_single_refY_004-raw02-04,True,0.8161340607950117,0.875524109014675,5.334661991287367,0.08503077259013787,0.3175049108502854,False,False,5.0,0.8161340607950117,0.875524109014675,GP_Is_6.5mm_closed_R10_single_refY_004-raw02-04,True,raw_kept,,0.8161340607950117,0.875524109014675,144.4510650634769,270.7782897949219,5.334661991287367
post_capture_relaxed_area_guard,GP_Is_6.5mm_closed_R10_single_refY,GP_Is_6.5mm_closed_R10_single_refY_004,3,GP_Is_6.5mm_closed_R10_single_refY_004-raw03-23,True,0.8165820642978003,0.8707141297226468,5.493908877633325,0.08503077259013787,0.3175049108502854,False,False,5.0,0.8161340607950117,0.875524109014675,GP_Is_6.5mm_closed_R10_single_refY_004-raw03-23,True,raw_kept,,0.8165820642978003,0.8707141297226468,154.6516571044924,281.49658203125,5.493908877633325
post_capture_relaxed_area_guard,GP_Is_6.5mm_closed_R10_single_refY,GP_Is_6.5mm_closed_R10_single_refY_004,4,GP_Is_6.5mm_closed_R10_single_refY_004-raw04-01,True,0.8064272471331456,0.8893111254851229,5.494697994427924,0.08503077259013787,0.3175049108502854,False,False,5.0,0.8161340607950117,0.875524109014675,GP_Is_6.5mm_closed_R10_single_refY_004-raw04-01,True,raw_kept,,0.8064272471331456,0.8893111254851229,153.67091369628918,279.6712646484375,5.494697994427924
post_capture_relaxed_area_guard,GP_Is_6.5mm_closed_R10_single_refY,GP_Is_6.5mm_closed_R10_single_refY_004,5,GP_Is_6.5mm_closed_R10_single_refY_004-raw05-13,True,0.7822315285671553,0.8126742712294043,5.679222793708891,0.08503077259013787,0.3175049108502854,False,False,5.0,0.8161340607950117,0.875524109014675,GP_Is_6.5mm_closed_R10_single_refY_004-raw05-13,True,raw_kept,,0.7822315285671553,0.8126742712294043,173.06407165527372,304.7319641113281,5.679222793708891
post_capture_relaxed_area_guard,GP_Is_6.5mm_closed_R10_single_refY,GP_Is_6.5mm_closed_R10_single_refY_005,1,GP_Is_6.5mm_closed_R10_single_refY_005-raw01-24,True,0.8154818660168803,0.8379113901084945,5.924016148908411,0.08503077259013787,0.3175049108502854,False,False,5.0,0.8239589574595566,0.8425426000382922,GP_Is_6.5mm_closed_R10_single_refY_005-raw01-24,True,raw_kept,,0.8154818660168803,0.8379113901084945,211.7820587158205,357.4974365234375,5.924016148908411
post_capture_relaxed_area_guard,GP_Is_6.5mm_closed_R10_single_refY,GP_Is_6.5mm_closed_R10_single_refY_005,2,GP_Is_6.5mm_closed_R10_single_refY_005-raw02-06,True,0.8088011063437467,0.8300520397394374,6.003466682778814,0.08503077259013787,0.3175049108502854,False,False,5.0,0.8239589574595566,0.8425426000382922,GP_Is_6.5mm_closed_R10_single_refY_005-raw02-06,True,raw_kept,,0.8088011063437467,0.8300520397394374,213.774841308594,356.0856628417969,6.003466682778814
post_capture_relaxed_area_guard,GP_Is_6.5mm_closed_R10_single_refY,GP_Is_6.5mm_closed_R10_single_refY_005,3,GP_Is_6.5mm_closed_R10_single_refY_005-raw03-05,True,0.8239589574595566,0.8425426000382922,5.910250087604868,0.08503077259013787,0.3175049108502854,False,False,5.0,0.8239589574595566,0.8425426000382922,GP_Is_6.5mm_closed_R10_single_refY_005-raw03-05,True,raw_kept,,0.8239589574595566,0.8425426000382922,206.9673156738286,350.1836853027344,5.910250087604868
post_capture_relaxed_area_guard,GP_Is_6.5mm_closed_R10_single_refY,GP_Is_6.5mm_closed_R10_single_refY_005,4,GP_Is_6.5mm_closed_R10_single_refY_005-raw04-21,True,0.8928006329113924,0.9218916046758768,5.474683839884662,0.08503077259013787,0.3175049108502854,False,False,5.0,0.8239589574595566,0.8425426000382922,GP_Is_6.5mm_closed_R10_single_refY_005-raw04-21,True,raw_kept,,0.8928006329113924,0.9218916046758768,191.3945159912113,349.5992126464844,5.474683839884662
post_capture_relaxed_area_guard,GP_Is_6.5mm_closed_R10_single_refY,GP_Is_6.5mm_closed_R10_single_refY_005,5,GP_Is_6.5mm_closed_R10_single_refY_005-raw05-12,True,0.8914689337224548,0.908648042765994,5.360349497961757,0.08503077259013787,0.3175049108502854,False,False,5.0,0.8239589574595566,0.8425426000382922,GP_Is_6.5mm_closed_R10_single_refY_005-raw05-12,True,raw_kept,,0.8914689337224548,0.908648042765994,185.0584106445315,345.2357177734375,5.360349497961757
post_capture_relaxed_area_guard,GP_Is_7.0mm_closed_R5_single_refY,GP_Is_7.0mm_closed_R5_single_refY_004,1,GP_Is_7.0mm_closed_R5_single_refY_004-raw01-01,True,0.8898931412700655,0.9308879093198992,9.60281742294372,0.08503077259013787,0.3175049108502854,False,False,5.0,0.9156946420104316,0.9327983432565364,GP_Is_7.0mm_closed_R5_single_refY_004-raw01-01,True,raw_kept,,0.8898931412700655,0.9308879093198992,198.48799133300784,103.3488311767578,9.60281742294372
post_capture_relaxed_area_guard,GP_Is_7.0mm_closed_R5_single_refY,GP_Is_7.0mm_closed_R5_single_refY_004,2,GP_Is_7.0mm_closed_R5_single_refY_004-raw02-22,True,0.991520662001328,0.956303150238006,8.44171608714616,0.08503077259013787,0.3175049108502854,False,False,5.0,0.9156946420104316,0.9327983432565364,GP_Is_7.0mm_closed_R5_single_refY_004-raw02-22,True,raw_kept,,0.991520662001328,0.956303150238006,189.95491935301047,112.50965881347656,8.44171608714616
post_capture_relaxed_area_guard,GP_Is_7.0mm_closed_R5_single_refY,GP_Is_7.0mm_closed_R5_single_refY_004,3,GP_Is_7.0mm_closed_R5_single_refY_004-raw03-14,True,0.8828216785002809,0.9322043661079432,8.568967472642909,0.08503077259013787,0.3175049108502854,False,False,5.0,0.9156946420104316,0.9327983432565364,GP_Is_7.0mm_closed_R5_single_refY_004-raw03-14,True,raw_kept,,0.8828216785002809,0.9322043661079432,190.3407135009768,111.06397247314452,8.568967472642909
post_capture_relaxed_area_guard,GP_Is_7.0mm_closed_R5_single_refY,GP_Is_7.0mm_closed_R5_single_refY_004,4,GP_Is_7.0mm_closed_R5_single_refY_004-raw04-10,True,0.9156946420104316,0.9327983432565364,9.18312439534159,0.08503077259013787,0.3175049108502854,False,False,5.0,0.9156946420104316,0.9327983432565364,GP_Is_7.0mm_closed_R5_single_refY_004-raw04-10,True,raw_kept,,0.9156946420104316,0.9327983432565364,204.9303131103516,111.57984161376952,9.18312439534159
post_capture_relaxed_area_guard,GP_Is_7.0mm_closed_R5_single_refY,GP_Is_7.0mm_closed_R5_single_refY_004,5,GP_Is_7.0mm_closed_R5_single_refY_004-raw05-01,True,0.9935499774043794,0.9445650785540938,8.357314967982767,0.08503077259013787,0.3175049108502854,False,False,5.0,0.9156946420104316,0.9327983432565364,GP_Is_7.0mm_closed_R5_single_refY_004-raw05-01,True,raw_kept,,0.9935499774043794,0.9445650785540938,224.1723747925228,134.11746215820312,8.357314967982767
post_capture_relaxed_area_guard,GP_Is_7.0mm_closed_R5_single_refY,GP_Is_7.0mm_closed_R5_single_refY_005,1,GP_Is_7.0mm_closed_R5_single_refY_005-raw01-20,True,0.979978700745474,0.9898516152508794,7.055922394126831,0.08503077259013787,0.3175049108502854,False,False,5.0,0.977580337125301,0.9878087758549838,GP_Is_7.0mm_closed_R5_single_refY_005-raw01-20,True,raw_kept,,0.979978700745474,0.9898516152508794,228.24576054386927,161.7405548095703,7.055922394126831
post_capture_relaxed_area_guard,GP_Is_7.0mm_closed_R5_single_refY,GP_Is_7.0mm_closed_R5_single_refY_005,2,GP_Is_7.0mm_closed_R5_single_refY_005-raw02-12,True,0.9686647963014186,0.9856081922597906,7.01992083904198,0.08503077259013787,0.3175049108502854,False,False,5.0,0.977580337125301,0.9878087758549838,GP_Is_7.0mm_closed_R5_single_refY_005-raw02-12,True,raw_kept,,0.9686647963014186,0.9856081922597906,218.42958854998625,155.57838439941406,7.01992083904198
post_capture_relaxed_area_guard,GP_Is_7.0mm_closed_R5_single_refY,GP_Is_7.0mm_closed_R5_single_refY_005,3,GP_Is_7.0mm_closed_R5_single_refY_005-raw03-09,True,0.97532414910859,0.9878087758549838,7.100807870850842,0.08503077259013787,0.3175049108502854,False,False,5.0,0.977580337125301,0.9878087758549838,GP_Is_7.0mm_closed_R5_single_refY_005-raw03-09,True,raw_kept,,0.97532414910859,0.9878087758549838,209.2435240051285,147.33782958984375,7.100807870850842
post_capture_relaxed_area_guard,GP_Is_7.0mm_closed_R5_single_refY,GP_Is_7.0mm_closed_R5_single_refY_005,4,GP_Is_7.0mm_closed_R5_single_refY_005-raw04-03,True,0.9869014573213046,0.9831949005215376,7.4409705221308355,0.08503077259013787,0.3175049108502854,False,False,5.0,0.977580337125301,0.9878087758549838,GP_Is_7.0mm_closed_R5_single_refY_005-raw04-03,True,raw_kept,,0.9869014573213046,0.9831949005215376,201.20742624711824,135.20240783691406,7.4409705221308355
post_capture_relaxed_area_guard,GP_Is_7.0mm_closed_R5_single_refY,GP_Is_7.0mm_closed_R5_single_refY_005,5,GP_Is_7.0mm_closed_R5_single_refY_005-raw05-03,True,0.977580337125301,0.994284107946027,7.440442039338958,0.08503077259013787,0.3175049108502854,False,False,5.0,0.977580337125301,0.9878087758549838,GP_Is_7.0mm_closed_R5_single_refY_005-raw05-03,True,raw_kept,,0.977580337125301,0.994284107946027,202.56914530151928,136.12709045410156,7.440442039338958
post_capture_relaxed_area_guard,GP_Is_7mm_closed_R10_single_refY,GP_Is_7mm_closed_R10_single_refY_004,1,GP_Is_7mm_closed_R10_single_refY_004-raw01-19,True,0.8643379032920121,0.9602441929720072,7.586418424391591,0.08503077259013787,0.3175049108502854,False,False,5.0,0.8519730435121343,0.9602441929720072,GP_Is_7mm_closed_R10_single_refY_004-raw01-19,True,raw_kept,,0.8643379032920121,0.9602441929720072,209.20217895507807,275.7588195800781,7.586418424391591
post_capture_relaxed_area_guard,GP_Is_7mm_closed_R10_single_refY,GP_Is_7mm_closed_R10_single_refY_004,2,GP_Is_7mm_closed_R10_single_refY_004-raw02-03,True,0.8602423768569195,0.9579841850584208,7.570460522656243,0.08503077259013787,0.3175049108502854,False,False,5.0,0.8519730435121343,0.9602441929720072,GP_Is_7mm_closed_R10_single_refY_004-raw02-03,True,raw_kept,,0.8602423768569195,0.9579841850584208,195.62416076660188,258.4045715332031,7.570460522656243
post_capture_relaxed_area_guard,GP_Is_7mm_closed_R10_single_refY,GP_Is_7mm_closed_R10_single_refY_004,3,GP_Is_7mm_closed_R10_single_refY_004-raw03-01,True,0.8519730435121343,0.955243976043456,7.255310406129098,0.08503077259013787,0.3175049108502854,False,False,5.0,0.8519730435121343,0.9602441929720072,GP_Is_7mm_closed_R10_single_refY_004-raw03-01,True,raw_kept,,0.8519730435121343,0.955243976043456,205.4046173095705,283.1093444824219,7.255310406129098
post_capture_relaxed_area_guard,GP_Is_7mm_closed_R10_single_refY,GP_Is_7mm_closed_R10_single_refY_004,4,GP_Is_7mm_closed_R10_single_refY_004-raw04-09,True,0.807710092725547,0.9788402004276642,7.235879300108722,0.08503077259013787,0.3175049108502854,False,False,5.0,0.8519730435121343,0.9602441929720072,GP_Is_7mm_closed_R10_single_refY_004-raw04-09,True,raw_kept,,0.807710092725547,0.9788402004276642,257.90658569336017,356.42742919921875,7.235879300108722
post_capture_relaxed_area_guard,GP_Is_7mm_closed_R10_single_refY,GP_Is_7mm_closed_R10_single_refY_004,5,GP_Is_7mm_closed_R10_single_refY_004-raw05-08,True,0.7890098268188428,0.9890043316269348,7.403785725309397,0.08503077259013787,0.3175049108502854,False,False,5.0,0.8519730435121343,0.9602441929720072,GP_Is_7mm_closed_R10_single_refY_004-raw05-08,True,raw_kept,,0.7890098268188428,0.9890043316269348,272.0162353515633,367.4015502929688,7.403785725309397
post_capture_relaxed_area_guard,GP_Is_7mm_closed_R10_single_refY,GP_Is_7mm_closed_R10_single_refY_005,1,GP_Is_7mm_closed_R10_single_refY_005-raw01-02,True,0.8582354411397151,0.945704977996228,7.012870214747137,0.08503077259013787,0.3175049108502854,False,False,5.0,0.8582354411397151,0.9442160321128816,GP_Is_7mm_closed_R10_single_refY_005-raw01-02,True,raw_kept,,0.8582354411397151,0.945704977996228,235.49328613281324,335.80157470703125,7.012870214747137
post_capture_relaxed_area_guard,GP_Is_7mm_closed_R10_single_refY,GP_Is_7mm_closed_R10_single_refY_005,2,GP_Is_7mm_closed_R10_single_refY_005-raw02-20,True,0.8512863534675615,0.9230344658407948,7.124604687146806,0.08503077259013787,0.3175049108502854,False,False,5.0,0.8582354411397151,0.9442160321128816,GP_Is_7mm_closed_R10_single_refY_005-raw02-20,True,raw_kept,,0.8512863534675615,0.9230344658407948,236.7170562744148,332.2528991699219,7.124604687146806
post_capture_relaxed_area_guard,GP_Is_7mm_closed_R10_single_refY,GP_Is_7mm_closed_R10_single_refY_005,3,GP_Is_7mm_closed_R10_single_refY_005-raw03-10,True,0.8569600562023284,0.9124274907107917,7.0960955661517,0.08503077259013787,0.3175049108502854,False,False,5.0,0.8582354411397151,0.9442160321128816,GP_Is_7mm_closed_R10_single_refY_005-raw03-10,True,raw_kept,,0.8569600562023284,0.9124274907107917,238.92463684082065,336.69873046875,7.0960955661517
post_capture_relaxed_area_guard,GP_Is_7mm_closed_R10_single_refY,GP_Is_7mm_closed_R10_single_refY_005,4,GP_Is_7mm_closed_R10_single_refY_005-raw04-02,True,0.8925821117090369,0.9869200584750328,6.4230596338750345,0.08503077259013787,0.3175049108502854,False,False,5.0,0.8582354411397151,0.9442160321128816,GP_Is_7mm_closed_R10_single_refY_005-raw04-02,True,raw_kept,,0.8925821117090369,0.9869200584750328,222.91572663852972,347.05535888671875,6.4230596338750345
post_capture_relaxed_area_guard,GP_Is_7mm_closed_R10_single_refY,GP_Is_7mm_closed_R10_single_refY_005,5,GP_Is_7mm_closed_R10_single_refY_005-raw05-07,True,0.9561961074156196,0.9442160321128816,6.918351278706586,0.08503077259013787,0.3175049108502854,False,False,5.0,0.8582354411397151,0.9442160321128816,GP_Is_7mm_closed_R10_single_refY_005-raw05-07,True,raw_kept,,0.9561961074156196,0.9442160321128816,227.4801109403144,328.80682373046875,6.918351278706586
post_capture_relaxed_area_guard,GP_Is_8.8mm_closed_R10_single_refY,GP_Is_8.8mm_closed_R10_single_refY_004,1,GP_Is_8.8mm_closed_R10_single_refY_004-raw01-11,False,,,,0.08503077259013787,0.3175049108502854,False,False,0.0,,,GP_Is_8.8mm_closed_R10_single_refY_004-raw01-11,False,raw_kept,,,,,309.9153137207031,
post_capture_relaxed_area_guard,GP_Is_8.8mm_closed_R10_single_refY,GP_Is_8.8mm_closed_R10_single_refY_004,2,GP_Is_8.8mm_closed_R10_single_refY_004-raw02-19,False,,,,0.08503077259013787,0.3175049108502854,False,False,0.0,,,GP_Is_8.8mm_closed_R10_single_refY_004-raw02-19,False,raw_kept,,,,,262.0577697753906,
post_capture_relaxed_area_guard,GP_Is_8.8mm_closed_R10_single_refY,GP_Is_8.8mm_closed_R10_single_refY_004,3,GP_Is_8.8mm_closed_R10_single_refY_004-raw03-01,False,,,,0.08503077259013787,0.3175049108502854,False,False,0.0,,,GP_Is_8.8mm_closed_R10_single_refY_004-raw03-01,False,raw_kept,,,,,270.19219970703125,
post_capture_relaxed_area_guard,GP_Is_8.8mm_closed_R10_single_refY,GP_Is_8.8mm_closed_R10_single_refY_004,4,GP_Is_8.8mm_closed_R10_single_refY_004-raw04-10,False,,,,0.08503077259013787,0.3175049108502854,False,False,0.0,,,GP_Is_8.8mm_closed_R10_single_refY_004-raw04-10,False,raw_kept,,,,,268.7230834960937,
post_capture_relaxed_area_guard,GP_Is_8.8mm_closed_R10_single_refY,GP_Is_8.8mm_closed_R10_single_refY_004,5,GP_Is_8.8mm_closed_R10_single_refY_004-raw05-14,False,,,,0.08503077259013787,0.3175049108502854,False,False,0.0,,,GP_Is_8.8mm_closed_R10_single_refY_004-raw05-14,False,raw_kept,,,,,268.5443115234375,
post_capture_relaxed_area_guard,GP_Is_8.8mm_closed_R10_single_refY,GP_Is_8.8mm_closed_R10_single_refY_005,1,GP_Is_8.8mm_closed_R10_single_refY_005-raw01-13,False,,,,0.08503077259013787,0.3175049108502854,False,False,1.0,0.8630076769706579,0.9978217857726308,GP_Is_8.8mm_closed_R10_single_refY_005-raw01-13,False,raw_kept,,,,,243.81944274902344,
post_capture_relaxed_area_guard,GP_Is_8.8mm_closed_R10_single_refY,GP_Is_8.8mm_closed_R10_single_refY_005,2,GP_Is_8.8mm_closed_R10_single_refY_005-raw02-24,False,,,,0.08503077259013787,0.3175049108502854,False,False,1.0,0.8630076769706579,0.9978217857726308,GP_Is_8.8mm_closed_R10_single_refY_005-raw02-24,False,raw_kept,,,,,223.8788146972656,
post_capture_relaxed_area_guard,GP_Is_8.8mm_closed_R10_single_refY,GP_Is_8.8mm_closed_R10_single_refY_005,3,GP_Is_8.8mm_closed_R10_single_refY_005-raw03-01,False,,,,0.08503077259013787,0.3175049108502854,False,False,1.0,0.8630076769706579,0.9978217857726308,GP_Is_8.8mm_closed_R10_single_refY_005-raw03-01,False,raw_kept,,,,,224.0464782714844,
post_capture_relaxed_area_guard,GP_Is_8.8mm_closed_R10_single_refY,GP_Is_8.8mm_closed_R10_single_refY_005,4,GP_Is_8.8mm_closed_R10_single_refY_005-raw04-18,False,,,,0.08503077259013787,0.3175049108502854,False,False,1.0,0.8630076769706579,0.9978217857726308,GP_Is_8.8mm_closed_R10_single_refY_005-raw04-18,False,raw_kept,,,,,261.6031188964844,
post_capture_relaxed_area_guard,GP_Is_8.8mm_closed_R10_single_refY,GP_Is_8.8mm_closed_R10_single_refY_005,5,GP_Is_8.8mm_closed_R10_single_refY_005-raw05-24,True,0.8630076769706579,0.9978217857726308,8.452946236238652,0.08503077259013787,0.3175049108502854,False,False,1.0,0.8630076769706579,0.9978217857726308,GP_Is_8.8mm_closed_R10_single_refY_005-raw05-24,True,raw_kept,,0.8630076769706579,0.9978217857726308,263.13994805212485,311.2996826171875,8.452946236238652
post_capture_relaxed_area_guard,GP_Is_8.8mm_closed_R5_single_refY,GP_Is_8.8mm_closed_R5_single_refY_004,1,GP_Is_8.8mm_closed_R5_single_refY_004-raw01-18,True,0.9943639841508404,0.2758821147917077,13.710189952411222,0.08503077259013787,0.3175049108502854,False,True,5.0,0.8095724657165905,0.764935267508969,GP_Is_8.8mm_closed_R5_single_refY_004-raw01-18,True,raw_kept,,0.9943639841508404,0.2758821147917077,392.0158696694447,142.96514892578125,13.710189952411222
post_capture_relaxed_area_guard,GP_Is_8.8mm_closed_R5_single_refY,GP_Is_8.8mm_closed_R5_single_refY_004,2,GP_Is_8.8mm_closed_R5_single_refY_004-raw02-14,True,0.7062859383167799,0.764935267508969,9.898658240673235,0.08503077259013787,0.3175049108502854,False,False,5.0,0.8095724657165905,0.764935267508969,GP_Is_8.8mm_closed_R5_single_refY_004-raw02-14,True,raw_kept,,0.7062859383167799,0.764935267508969,286.5238342285161,144.72862243652344,9.898658240673235
post_capture_relaxed_area_guard,GP_Is_8.8mm_closed_R5_single_refY,GP_Is_8.8mm_closed_R5_single_refY_004,3,GP_Is_8.8mm_closed_R5_single_refY_004-raw03-03,True,0.9943001899936668,0.31782954046029,13.124436960639777,0.08503077259013787,0.3175049108502854,False,False,5.0,0.8095724657165905,0.764935267508969,GP_Is_8.8mm_closed_R5_single_refY_004-raw03-03,True,raw_kept,,0.9943001899936668,0.31782954046029,394.9665287294813,150.4698944091797,13.124436960639777
post_capture_relaxed_area_guard,GP_Is_8.8mm_closed_R5_single_refY,GP_Is_8.8mm_closed_R5_single_refY_004,4,GP_Is_8.8mm_closed_R5_single_refY_004-raw04-05,True,0.744934315504164,0.7989462592202318,9.475713905872457,0.08503077259013787,0.3175049108502854,False,False,5.0,0.8095724657165905,0.764935267508969,GP_Is_8.8mm_closed_R5_single_refY_004-raw04-05,True,raw_kept,,0.744934315504164,0.7989462592202318,338.01983642578216,178.36114501953125,9.475713905872457
post_capture_relaxed_area_guard,GP_Is_8.8mm_closed_R5_single_refY,GP_Is_8.8mm_closed_R5_single_refY_004,5,GP_Is_8.8mm_closed_R5_single_refY_004-raw05-03,True,0.8095724657165905,0.8392823595716701,9.456601646806469,0.08503077259013787,0.3175049108502854,False,False,5.0,0.8095724657165905,0.764935267508969,GP_Is_8.8mm_closed_R5_single_refY_004-raw05-03,True,raw_kept,,0.8095724657165905,0.8392823595716701,300.7814025878911,159.03250122070312,9.456601646806469
post_capture_relaxed_area_guard,GP_Is_8.8mm_closed_R5_single_refY,GP_Is_8.8mm_closed_R5_single_refY_005,1,GP_Is_8.8mm_closed_R5_single_refY_005-raw01-23,True,0.8766102592972812,0.8849716521600256,9.097921278643067,0.08503077259013787,0.3175049108502854,False,False,5.0,0.9909593169261678,0.8849716521600256,GP_Is_8.8mm_closed_R5_single_refY_005-raw01-23,True,raw_kept,,0.8766102592972812,0.8849716521600256,276.33605957031307,151.86769104003906,9.097921278643067
post_capture_relaxed_area_guard,GP_Is_8.8mm_closed_R5_single_refY,GP_Is_8.8mm_closed_R5_single_refY_005,2,GP_Is_8.8mm_closed_R5_single_refY_005-raw02-06,True,0.8551623122253637,0.8574826560951437,9.242617039166346,0.08503077259013787,0.3175049108502854,False,False,5.0,0.9909593169261678,0.8849716521600256,GP_Is_8.8mm_closed_R5_single_refY_005-raw02-06,True,raw_kept,,0.8551623122253637,0.8574826560951437,278.7686462402352,150.80612182617188,9.242617039166346
post_capture_relaxed_area_guard,GP_Is_8.8mm_closed_R5_single_refY,GP_Is_8.8mm_closed_R5_single_refY_005,3,GP_Is_8.8mm_closed_R5_single_refY_005-raw03-08,True,0.9911215563389476,0.7323776223776224,9.224117565506551,0.08503077259013787,0.3175049108502854,False,False,5.0,0.9909593169261678,0.8849716521600256,GP_Is_8.8mm_closed_R5_single_refY_005-raw03-08,True,raw_kept,,0.9911215563389476,0.7323776223776224,325.19431117769847,176.27394104003906,9.224117565506551
post_capture_relaxed_area_guard,GP_Is_8.8mm_closed_R5_single_refY,GP_Is_8.8mm_closed_R5_single_refY_005,4,GP_Is_8.8mm_closed_R5_single_refY_005-raw04-24,True,0.9909593169261678,0.9817181685811356,8.4620658938154,0.08503077259013787,0.3175049108502854,False,False,5.0,0.9909593169261678,0.8849716521600256,GP_Is_8.8mm_closed_R5_single_refY_005-raw04-24,True,raw_kept,,0.9909593169261678,0.9817181685811356,282.1563123941641,166.7183380126953,8.4620658938154
post_capture_relaxed_area_guard,GP_Is_8.8mm_closed_R5_single_refY,GP_Is_8.8mm_closed_R5_single_refY_005,5,GP_Is_8.8mm_closed_R5_single_refY_005-raw05-02,True,0.996118511072017,0.9617369414726245,8.548125597281029,0.08503077259013787,0.3175049108502854,False,False,5.0,0.9909593169261678,0.8849716521600256,GP_Is_8.8mm_closed_R5_single_refY_005-raw05-02,True,raw_kept,,0.996118511072017,0.9617369414726245,285.46278650567035,166.97390747070312,8.548125597281029
post_capture_relaxed_area_guard,GP_Is_9.79mm_closed_R10_single_refY,GP_Is_9.79mm_closed_R10_single_refY_004,1,GP_Is_9.79mm_closed_R10_single_refY_004-raw01-22,False,,,,0.08503077259013787,0.3175049108502854,False,False,0.0,,,GP_Is_9.79mm_closed_R10_single_refY_004-raw01-22,False,raw_kept,,,,,206.98699951171875,
post_capture_relaxed_area_guard,GP_Is_9.79mm_closed_R10_single_refY,GP_Is_9.79mm_closed_R10_single_refY_004,2,GP_Is_9.79mm_closed_R10_single_refY_004-raw02-02,False,,,,0.08503077259013787,0.3175049108502854,False,False,0.0,,,GP_Is_9.79mm_closed_R10_single_refY_004-raw02-02,False,raw_kept,,,,,214.16241455078125,
post_capture_relaxed_area_guard,GP_Is_9.79mm_closed_R10_single_refY,GP_Is_9.79mm_closed_R10_single_refY_004,3,GP_Is_9.79mm_closed_R10_single_refY_004-raw03-15,False,,,,0.08503077259013787,0.3175049108502854,False,False,0.0,,,GP_Is_9.79mm_closed_R10_single_refY_004-raw03-15,False,raw_kept,,,,,184.7167053222656,
post_capture_relaxed_area_guard,GP_Is_9.79mm_closed_R10_single_refY,GP_Is_9.79mm_closed_R10_single_refY_004,4,GP_Is_9.79mm_closed_R10_single_refY_004-raw04-04,False,,,,0.08503077259013787,0.3175049108502854,False,False,0.0,,,GP_Is_9.79mm_closed_R10_single_refY_004-raw04-04,False,raw_kept,,,,,189.69461059570312,
post_capture_relaxed_area_guard,GP_Is_9.79mm_closed_R10_single_refY,GP_Is_9.79mm_closed_R10_single_refY_004,5,GP_Is_9.79mm_closed_R10_single_refY_004-raw05-12,False,,,,0.08503077259013787,0.3175049108502854,False,False,0.0,,,GP_Is_9.79mm_closed_R10_single_refY_004-raw05-12,False,raw_kept,,,,,197.19546508789065,
post_capture_relaxed_area_guard,GP_Is_9.79mm_closed_R10_single_refY,GP_Is_9.79mm_closed_R10_single_refY_005,1,GP_Is_9.79mm_closed_R10_single_refY_005-raw01-03,False,,,,0.08503077259013787,0.3175049108502854,False,False,0.0,,,GP_Is_9.79mm_closed_R10_single_refY_005-raw01-03,False,raw_kept,,,,,233.093017578125,
post_capture_relaxed_area_guard,GP_Is_9.79mm_closed_R10_single_refY,GP_Is_9.79mm_closed_R10_single_refY_005,2,GP_Is_9.79mm_closed_R10_single_refY_005-raw02-10,False,,,,0.08503077259013787,0.3175049108502854,False,False,0.0,,,GP_Is_9.79mm_closed_R10_single_refY_005-raw02-10,False,raw_kept,,,,,260.9122009277344,
post_capture_relaxed_area_guard,GP_Is_9.79mm_closed_R10_single_refY,GP_Is_9.79mm_closed_R10_single_refY_005,3,GP_Is_9.79mm_closed_R10_single_refY_005-raw03-21,False,,,,0.08503077259013787,0.3175049108502854,False,False,0.0,,,GP_Is_9.79mm_closed_R10_single_refY_005-raw03-21,False,raw_kept,,,,,239.21766662597656,
post_capture_relaxed_area_guard,GP_Is_9.79mm_closed_R10_single_refY,GP_Is_9.79mm_closed_R10_single_refY_005,4,GP_Is_9.79mm_closed_R10_single_refY_005-raw04-23,False,,,,0.08503077259013787,0.3175049108502854,False,False,0.0,,,GP_Is_9.79mm_closed_R10_single_refY_005-raw04-23,False,raw_kept,,,,,227.79327392578125,
post_capture_relaxed_area_guard,GP_Is_9.79mm_closed_R10_single_refY,GP_Is_9.79mm_closed_R10_single_refY_005,5,GP_Is_9.79mm_closed_R10_single_refY_005-raw05-22,False,,,,0.08503077259013787,0.3175049108502854,False,False,0.0,,,GP_Is_9.79mm_closed_R10_single_refY_005-raw05-22,False,raw_kept,,,,,261.3434753417969,
