group,capture,video,video_sha256,frame_index,timestamp_sec,fps,video_frame_count,bin_id,ordinal,stem,image_path,decode_valid,decode_failure_reason
GP_Ip_8.8mm_closed_R10_single_refY,GP_Ip_8.8mm_closed_R10_single_refY_004,${DXY_VIDEO_DIR}/GP_Ip_8.8mm_closed_R10_single_refY_004.mp4,dc74e25b7637cb2133f8fd509b8a27c784f6e8e80ef1ce843369f3ad551ca952,43,0.3671628484608271,117.1142455732084,841,1,1,GP_Ip_8.8mm_closed_R10_single_refY_004-reacq01-01,${DXY_OUTPUT_ROOT}/frames/images/GP_Ip_8.8mm_closed_R10_single_refY_004-reacq01-01.jpg,True,
GP_Ip_8.8mm_closed_R10_single_refY,GP_Ip_8.8mm_closed_R10_single_refY_004,${DXY_VIDEO_DIR}/GP_Ip_8.8mm_closed_R10_single_refY_004.mp4,dc74e25b7637cb2133f8fd509b8a27c784f6e8e80ef1ce843369f3ad551ca952,46,0.39277886114414057,117.1142455732084,841,1,2,GP_Ip_8.8mm_closed_R10_single_refY_004-reacq01-02,${DXY_OUTPUT_ROOT}/frames/images/GP_Ip_8.8mm_closed_R10_single_refY_004-reacq01-02.jpg,True,
GP_Ip_8.8mm_closed_R10_single_refY,GP_Ip_8.8mm_closed_R10_single_refY_004,${DXY_VIDEO_DIR}/GP_Ip_8.8mm_closed_R10_single_refY_004.mp4,dc74e25b7637cb2133f8fd509b8a27c784f6e8e80ef1ce843369f3ad551ca952,49,0.4183948738274541,117.1142455732084,841,1,3,GP_Ip_8.8mm_closed_R10_single_refY_004-reacq01-03,${DXY_OUTPUT_ROOT}/frames/images/GP_Ip_8.8mm_closed_R10_single_refY_004-reacq01-03.jpg,True,
GP_Ip_8.8mm_closed_R10_single_refY,GP_Ip_8.8mm_closed_R10_single_refY_004,${DXY_VIDEO_DIR}/GP_Ip_8.8mm_closed_R10_single_refY_004.mp4,dc74e25b7637cb2133f8fd509b8a27c784f6e8e80ef1ce843369f3ad551ca952,52,0.4440108865107676,117.1142455732084,841,1,4,GP_Ip_8.8mm_closed_R10_single_refY_004-reacq01-04,${DXY_OUTPUT_ROOT}/frames/images/GP_Ip_8.8mm_closed_R10_single_refY_004-reacq01-04.jpg,True,
GP_Ip_8.8mm_closed_R10_single_refY,GP_Ip_8.8mm_closed_R10_single_refY_004,${DXY_VIDEO_DIR}/GP_Ip_8.8mm_closed_R10_single_refY_004.mp4,dc74e25b7637cb2133f8fd509b8a27c784f6e8e80ef1ce843369f3ad551ca952,55,0.4696268991940811,117.1142455732084,841,1,5,GP_Ip_8.8mm_closed_R10_single_refY_004-reacq01-05,${DXY_OUTPUT_ROOT}/frames/images/GP_Ip_8.8mm_closed_R10_single_refY_004-reacq01-05.jpg,True,
GP_Ip_8.8mm_closed_R10_single_refY,GP_Ip_8.8mm_closed_R10_single_refY_004,${DXY_VIDEO_DIR}/GP_Ip_8.8mm_closed_R10_single_refY_004.mp4,dc74e25b7637cb2133f8fd509b8a27c784f6e8e80ef1ce843369f3ad551ca952,58,0.49524291187739466,117.1142455732084,841,1,6,GP_Ip_8.8mm_closed_R10_single_refY_004-reacq01-06,${DXY_OUTPUT_ROOT}/frames/images/GP_Ip_8.8mm_closed_R10_single_refY_004-reacq01-06.jpg,True,
GP_Ip_8.8mm_closed_R10_single_refY,GP_Ip_8.8mm_closed_R10_single_refY_004,${DXY_VIDEO_DIR}/GP_Ip_8.8mm_closed_R10_single_refY_004.mp4,dc74e25b7637cb2133f8fd509b8a27c784f6e8e80ef1ce843369f3ad551ca952,61,0.5208589245607081,117.1142455732084,841,1,7,GP_Ip_8.8mm_closed_R10_single_refY_004-reacq01-07,${DXY_OUTPUT_ROOT}/frames/images/GP_Ip_8.8mm_closed_R10_single_refY_004-reacq01-07.jpg,True,
GP_Ip_8.8mm_closed_R10_single_refY,GP_Ip_8.8mm_closed_R10_single_refY_004,${DXY_VIDEO_DIR}/GP_Ip_8.8mm_closed_R10_single_refY_004.mp4,dc74e25b7637cb2133f8fd509b8a27c784f6e8e80ef1ce843369f3ad551ca952,64,0.5464749372440216,117.1142455732084,841,1,8,GP_Ip_8.8mm_closed_R10_single_refY_004-reacq01-08,${DXY_OUTPUT_ROOT}/frames/images/GP_Ip_8.8mm_closed_R10_single_refY_004-reacq01-08.jpg,True,
GP_Ip_8.8mm_closed_R10_single_refY,GP_Ip_8.8mm_closed_R10_single_refY_004,${DXY_VIDEO_DIR}/GP_Ip_8.8mm_closed_R10_single_refY_004.mp4,dc74e25b7637cb2133f8fd509b8a27c784f6e8e80ef1ce843369f3ad551ca952,67,0.5720909499273352,117.1142455732084,841,1,9,GP_Ip_8.8mm_closed_R10_single_refY_004-reacq01-09,${DXY_OUTPUT_ROOT}/frames/images/GP_Ip_8.8mm_closed_R10_single_refY_004-reacq01-09.jpg,True,
GP_Ip_8.8mm_closed_R10_single_refY,GP_Ip_8.8mm_closed_R10_single_refY_004,${DXY_VIDEO_DIR}/GP_Ip_8.8mm_closed_R10_single_refY_004.mp4,dc74e25b7637cb2133f8fd509b8a27c784f6e8e80ef1ce843369f3ad551ca952,71,0.6062456335050865,117.1142455732084,841,1,10,GP_Ip_8.8mm_closed_R10_single_refY_004-reacq01-10,${DXY_OUTPUT_ROOT}/frames/images/GP_Ip_8.8mm_closed_R10_single_refY_004-reacq01-10.jpg,True,
GP_Ip_8.8mm_closed_R10_single_refY,GP_Ip_8.8mm_closed_R10_single_refY_004,${DXY_VIDEO_DIR}/GP_Ip_8.8mm_closed_R10_single_refY_004.mp4,dc74e25b7637cb2133f8fd509b8a27c784f6e8e80ef1ce843369f3ad551ca952,74,0.6318616461884,117.1142455732084,841,1,11,GP_Ip_8.8mm_closed_R10_single_refY_004-reacq01-11,${DXY_OUTPUT_ROOT}/frames/images/GP_Ip_8.8mm_closed_R10_single_refY_004-reacq01-11.jpg,True,
GP_Ip_8.8mm_closed_R10_single_refY,GP_Ip_8.8mm_closed_R10_single_refY_004,${DXY_VIDEO_DIR}/GP_Ip_8.8mm_closed_R10_single_refY_004.mp4,dc74e25b7637cb2133f8fd509b8a27c784f6e8e80ef1ce843369f3ad551ca952,77,0.6574776588717136,117.1142455732084,841,1,12,GP_Ip_8.8mm_closed_R10_single_refY_004-reacq01-12,${DXY_OUTPUT_ROOT}/frames/images/GP_Ip_8.8mm_closed_R10_single_refY_004-reacq01-12.jpg,True,
GP_Ip_8.8mm_closed_R10_single_refY,GP_Ip_8.8mm_closed_R10_single_refY_004,${DXY_VIDEO_DIR}/GP_Ip_8.8mm_closed_R10_single_refY_004.mp4,dc74e25b7637cb2133f8fd509b8a27c784f6e8e80ef1ce843369f3ad551ca952,80,0.6830936715550271,117.1142455732084,841,1,13,GP_Ip_8.8mm_closed_R10_single_refY_004-reacq01-13,${DXY_OUTPUT_ROOT}/frames/images/GP_Ip_8.8mm_closed_R10_single_refY_004-reacq01-13.jpg,True,
GP_Ip_8.8mm_closed_R10_single_refY,GP_Ip_8.8mm_closed_R10_single_refY_004,${DXY_VIDEO_DIR}/GP_Ip_8.8mm_closed_R10_single_refY_004.mp4,dc74e25b7637cb2133f8fd509b8a27c784f6e8e80ef1ce843369f3ad551ca952,83,0.7087096842383406,117.1142455732084,841,1,14,GP_Ip_8.8mm_closed_R10_single_refY_004-reacq01-14,${DXY_OUTPUT_ROOT}/frames/images/GP_Ip_8.8mm_closed_R10_single_refY_004-reacq01-14.jpg,True,
GP_Ip_8.8mm_closed_R10_single_refY,GP_Ip_8.8mm_closed_R10_single_refY_004,${DXY_VIDEO_DIR}/GP_Ip_8.8mm_closed_R10_single_refY_004.mp4,dc74e25b7637cb2133f8fd509b8a27c784f6e8e80ef1ce843369f3ad551ca952,86,0.7343256969216542,117.1142455732084,841,1,15,GP_Ip_8.8mm_closed_R10_single_refY_004-reacq01-15,${DXY_OUTPUT_ROOT}/frames/images/GP_Ip_8.8mm_closed_R10_single_refY_004-reacq01-15.jpg,True,
GP_Ip_8.8mm_closed_R10_single_refY,GP_Ip_8.8mm_closed_R10_single_refY_004,${DXY_VIDEO_DIR}/GP_Ip_8.8mm_closed_R10_single_refY_004.mp4,dc74e25b7637cb2133f8fd509b8a27c784f6e8e80ef1ce843369f3ad551ca952,89,0.7599417096049677,117.1142455732084,841,1,16,GP_Ip_8.8mm_closed_R10_single_refY_004-reacq01-16,${DXY_OUTPUT_ROOT}/frames/images/GP_Ip_8.8mm_closed_R10_single_refY_004-reacq01-16.jpg,True,
GP_Ip_8.8mm_closed_R10_single_refY,GP_Ip_8.8mm_closed_R10_single_refY_004,${DXY_VIDEO_DIR}/GP_Ip_8.8mm_closed_R10_single_refY_004.mp4,dc74e25b7637cb2133f8fd509b8a27c784f6e8e80ef1ce843369f3ad551ca952,92,0.7855577222882811,117.1142455732084,841,1,17,GP_Ip_8.8mm_closed_R10_single_refY_004-reacq01-17,${DXY_OUTPUT_ROOT}/frames/images/GP_Ip_8.8mm_closed_R10_single_refY_004-reacq01-17.jpg,True,
GP_Ip_8.8mm_closed_R10_single_refY,GP_Ip_8.8mm_closed_R10_single_refY_004,${DXY_VIDEO_DIR}/GP_Ip_8.8mm_closed_R10_single_refY_004.mp4,dc74e25b7637cb2133f8fd509b8a27c784f6e8e80ef1ce843369f3ad551ca952,95,0.8111737349715947,117.1142455732084,841,1,18,GP_Ip_8.8mm_closed_R10_single_refY_004-reacq01-18,${DXY_OUTPUT_ROOT}/frames/images/GP_Ip_8.8mm_closed_R10_single_refY_004-reacq01-18.jpg,True,
GP_Ip_8.8mm_closed_R10_single_refY,GP_Ip_8.8mm_closed_R10_single_refY_004,${DXY_VIDEO_DIR}/GP_Ip_8.8mm_closed_R10_single_refY_004.mp4,dc74e25b7637cb2133f8fd509b8a27c784f6e8e80ef1ce843369f3ad551ca952,98,0.8367897476549082,117.1142455732084,841,1,19,GP_Ip_8.8mm_closed_R10_single_refY_004-reacq01-19,${DXY_OUTPUT_ROOT}/frames/images/GP_Ip_8.8mm_closed_R10_single_refY_004-reacq01-19.jpg,True,
GP_Ip_8.8mm_closed_R10_single_refY,GP_Ip_8.8mm_closed_R10_single_refY_004,${DXY_VIDEO_DIR}/GP_Ip_8.8mm_closed_R10_single_refY_004.mp4,dc74e25b7637cb2133f8fd509b8a27c784f6e8e80ef1ce843369f3ad551ca952,101,0.8624057603382217,117.1142455732084,841,1,20,GP_Ip_8.8mm_closed_R10_single_refY_004-reacq01-20,${DXY_OUTPUT_ROOT}/frames/images/GP_Ip_8.8mm_closed_R10_single_refY_004-reacq01-20.jpg,True,
GP_Ip_8.8mm_closed_R10_single_refY,GP_Ip_8.8mm_closed_R10_single_refY_004,${DXY_VIDEO_DIR}/GP_Ip_8.8mm_closed_R10_single_refY_004.mp4,dc74e25b7637cb2133f8fd509b8a27c784f6e8e80ef1ce843369f3ad551ca952,104,0.8880217730215352,117.1142455732084,841,1,21,GP_Ip_8.8mm_closed_R10_single_refY_004-reacq01-21,${DXY_OUTPUT_ROOT}/frames/images/GP_Ip_8.8mm_closed_R10_single_refY_004-reacq01-21.jpg,True,
GP_Ip_8.8mm_closed_R10_single_refY,GP_Ip_8.8mm_closed_R10_single_refY_004,${DXY_VIDEO_DIR}/GP_Ip_8.8mm_closed_R10_single_refY_004.mp4,dc74e25b7637cb2133f8fd509b8a27c784f6e8e80ef1ce843369f3ad551ca952,107,0.9136377857048488,117.1142455732084,841,1,22,GP_Ip_8.8mm_closed_R10_single_refY_004-reacq01-22,${DXY_OUTPUT_ROOT}/frames/images/GP_Ip_8.8mm_closed_R10_single_refY_004-reacq01-22.jpg,True,
GP_Ip_8.8mm_closed_R10_single_refY,GP_Ip_8.8mm_closed_R10_single_refY_004,${DXY_VIDEO_DIR}/GP_Ip_8.8mm_closed_R10_single_refY_004.mp4,dc74e25b7637cb2133f8fd509b8a27c784f6e8e80ef1ce843369f3ad551ca952,110,0.9392537983881623,117.1142455732084,841,1,23,GP_Ip_8.8mm_closed_R10_single_refY_004-reacq01-23,${DXY_OUTPUT_ROOT}/frames/images/GP_Ip_8.8mm_closed_R10_single_refY_004-reacq01-23.jpg,True,
GP_Ip_8.8mm_closed_R10_single_refY,GP_Ip_8.8mm_closed_R10_single_refY_004,${DXY_VIDEO_DIR}/GP_Ip_8.8mm_closed_R10_single_refY_004.mp4,dc74e25b7637cb2133f8fd509b8a27c784f6e8e80ef1ce843369f3ad551ca952,113,0.9648698110714757,117.1142455732084,841,1,24,GP_Ip_8.8mm_closed_R10_single_refY_004-reacq01-24,${DXY_OUTPUT_ROOT}/frames/images/GP_Ip_8.8mm_closed_R10_single_refY_004-reacq01-24.jpg,True,
GP_Ip_8.8mm_closed_R10_single_refY,GP_Ip_8.8mm_closed_R10_single_refY_004,${DXY_VIDEO_DIR}/GP_Ip_8.8mm_closed_R10_single_refY_004.mp4,dc74e25b7637cb2133f8fd509b8a27c784f6e8e80ef1ce843369f3ad551ca952,116,0.9904858237547893,117.1142455732084,841,1,25,GP_Ip_8.8mm_closed_R10_single_refY_004-reacq01-25,${DXY_OUTPUT_ROOT}/frames/images/GP_Ip_8.8mm_closed_R10_single_refY_004-reacq01-25.jpg,True,
GP_Ip_8.8mm_closed_R10_single_refY,GP_Ip_8.8mm_closed_R10_single_refY_004,${DXY_VIDEO_DIR}/GP_Ip_8.8mm_closed_R10_single_refY_004.mp4,dc74e25b7637cb2133f8fd509b8a27c784f6e8e80ef1ce843369f3ad551ca952,120,1.0246405073325406,117.1142455732084,841,1,26,GP_Ip_8.8mm_closed_R10_single_refY_004-reacq01-26,${DXY_OUTPUT_ROOT}/frames/images/GP_Ip_8.8mm_closed_R10_single_refY_004-reacq01-26.jpg,True,
GP_Ip_8.8mm_closed_R10_single_refY,GP_Ip_8.8mm_closed_R10_single_refY_004,${DXY_VIDEO_DIR}/GP_Ip_8.8mm_closed_R10_single_refY_004.mp4,dc74e25b7637cb2133f8fd509b8a27c784f6e8e80ef1ce843369f3ad551ca952,123,1.0502565200158542,117.1142455732084,841,1,27,GP_Ip_8.8mm_closed_R10_single_refY_004-reacq01-27,${DXY_OUTPUT_ROOT}/frames/images/GP_Ip_8.8mm_closed_R10_single_refY_004-reacq01-27.jpg,True,
GP_Ip_8.8mm_closed_R10_single_refY,GP_Ip_8.8mm_closed_R10_single_refY_004,${DXY_VIDEO_DIR}/GP_Ip_8.8mm_closed_R10_single_refY_004.mp4,dc74e25b7637cb2133f8fd509b8a27c784f6e8e80ef1ce843369f3ad551ca952,126,1.0758725326991676,117.1142455732084,841,1,28,GP_Ip_8.8mm_closed_R10_single_refY_004-reacq01-28,${DXY_OUTPUT_ROOT}/frames/images/GP_Ip_8.8mm_closed_R10_single_refY_004-reacq01-28.jpg,True,
GP_Ip_8.8mm_closed_R10_single_refY,GP_Ip_8.8mm_closed_R10_single_refY_004,${DXY_VIDEO_DIR}/GP_Ip_8.8mm_closed_R10_single_refY_004.mp4,dc74e25b7637cb2133f8fd509b8a27c784f6e8e80ef1ce843369f3ad551ca952,129,1.1014885453824812,117.1142455732084,841,1,29,GP_Ip_8.8mm_closed_R10_single_refY_004-reacq01-29,${DXY_OUTPUT_ROOT}/frames/images/GP_Ip_8.8mm_closed_R10_single_refY_004-reacq01-29.jpg,True,
GP_Ip_8.8mm_closed_R10_single_refY,GP_Ip_8.8mm_closed_R10_single_refY_004,${DXY_VIDEO_DIR}/GP_Ip_8.8mm_closed_R10_single_refY_004.mp4,dc74e25b7637cb2133f8fd509b8a27c784f6e8e80ef1ce843369f3ad551ca952,132,1.1271045580657948,117.1142455732084,841,1,30,GP_Ip_8.8mm_closed_R10_single_refY_004-reacq01-30,${DXY_OUTPUT_ROOT}/frames/images/GP_Ip_8.8mm_closed_R10_single_refY_004-reacq01-30.jpg,True,
GP_Ip_8.8mm_closed_R10_single_refY,GP_Ip_8.8mm_closed_R10_single_refY_004,${DXY_VIDEO_DIR}/GP_Ip_8.8mm_closed_R10_single_refY_004.mp4,dc74e25b7637cb2133f8fd509b8a27c784f6e8e80ef1ce843369f3ad551ca952,135,1.1527205707491082,117.1142455732084,841,1,31,GP_Ip_8.8mm_closed_R10_single_refY_004-reacq01-31,${DXY_OUTPUT_ROOT}/frames/images/GP_Ip_8.8mm_closed_R10_single_refY_004-reacq01-31.jpg,True,
GP_Ip_8.8mm_closed_R10_single_refY,GP_Ip_8.8mm_closed_R10_single_refY_004,${DXY_VIDEO_DIR}/GP_Ip_8.8mm_closed_R10_single_refY_004.mp4,dc74e25b7637cb2133f8fd509b8a27c784f6e8e80ef1ce843369f3ad551ca952,138,1.1783365834324218,117.1142455732084,841,1,32,GP_Ip_8.8mm_closed_R10_single_refY_004-reacq01-32,${DXY_OUTPUT_ROOT}/frames/images/GP_Ip_8.8mm_closed_R10_single_refY_004-reacq01-32.jpg,True,
GP_Ip_8.8mm_closed_R10_single_refY,GP_Ip_8.8mm_closed_R10_single_refY_004,${DXY_VIDEO_DIR}/GP_Ip_8.8mm_closed_R10_single_refY_004.mp4,dc74e25b7637cb2133f8fd509b8a27c784f6e8e80ef1ce843369f3ad551ca952,141,1.2039525961157354,117.1142455732084,841,1,33,GP_Ip_8.8mm_closed_R10_single_refY_004-reacq01-33,${DXY_OUTPUT_ROOT}/frames/images/GP_Ip_8.8mm_closed_R10_single_refY_004-reacq01-33.jpg,True,
GP_Ip_8.8mm_closed_R10_single_refY,GP_Ip_8.8mm_closed_R10_single_refY_004,${DXY_VIDEO_DIR}/GP_Ip_8.8mm_closed_R10_single_refY_004.mp4,dc74e25b7637cb2133f8fd509b8a27c784f6e8e80ef1ce843369f3ad551ca952,144,1.2295686087990487,117.1142455732084,841,1,34,GP_Ip_8.8mm_closed_R10_single_refY_004-reacq01-34,${DXY_OUTPUT_ROOT}/frames/images/GP_Ip_8.8mm_closed_R10_single_refY_004-reacq01-34.jpg,True,
GP_Ip_8.8mm_closed_R10_single_refY,GP_Ip_8.8mm_closed_R10_single_refY_004,${DXY_VIDEO_DIR}/GP_Ip_8.8mm_closed_R10_single_refY_004.mp4,dc74e25b7637cb2133f8fd509b8a27c784f6e8e80ef1ce843369f3ad551ca952,147,1.2551846214823623,117.1142455732084,841,1,35,GP_Ip_8.8mm_closed_R10_single_refY_004-reacq01-35,${DXY_OUTPUT_ROOT}/frames/images/GP_Ip_8.8mm_closed_R10_single_refY_004-reacq01-35.jpg,True,
GP_Ip_8.8mm_closed_R10_single_refY,GP_Ip_8.8mm_closed_R10_single_refY_004,${DXY_VIDEO_DIR}/GP_Ip_8.8mm_closed_R10_single_refY_004.mp4,dc74e25b7637cb2133f8fd509b8a27c784f6e8e80ef1ce843369f3ad551ca952,150,1.280800634165676,117.1142455732084,841,1,36,GP_Ip_8.8mm_closed_R10_single_refY_004-reacq01-36,${DXY_OUTPUT_ROOT}/frames/images/GP_Ip_8.8mm_closed_R10_single_refY_004-reacq01-36.jpg,True,
GP_Ip_8.8mm_closed_R10_single_refY,GP_Ip_8.8mm_closed_R10_single_refY_004,${DXY_VIDEO_DIR}/GP_Ip_8.8mm_closed_R10_single_refY_004.mp4,dc74e25b7637cb2133f8fd509b8a27c784f6e8e80ef1ce843369f3ad551ca952,153,1.3064166468489893,117.1142455732084,841,1,37,GP_Ip_8.8mm_closed_R10_single_refY_004-reacq01-37,${DXY_OUTPUT_ROOT}/frames/images/GP_Ip_8.8mm_closed_R10_single_refY_004-reacq01-37.jpg,True,
GP_Ip_8.8mm_closed_R10_single_refY,GP_Ip_8.8mm_closed_R10_single_refY_004,${DXY_VIDEO_DIR}/GP_Ip_8.8mm_closed_R10_single_refY_004.mp4,dc74e25b7637cb2133f8fd509b8a27c784f6e8e80ef1ce843369f3ad551ca952,156,1.3320326595323029,117.1142455732084,841,1,38,GP_Ip_8.8mm_closed_R10_single_refY_004-reacq01-38,${DXY_OUTPUT_ROOT}/frames/images/GP_Ip_8.8mm_closed_R10_single_refY_004-reacq01-38.jpg,True,
GP_Ip_8.8mm_closed_R10_single_refY,GP_Ip_8.8mm_closed_R10_single_refY_004,${DXY_VIDEO_DIR}/GP_Ip_8.8mm_closed_R10_single_refY_004.mp4,dc74e25b7637cb2133f8fd509b8a27c784f6e8e80ef1ce843369f3ad551ca952,159,1.3576486722156162,117.1142455732084,841,1,39,GP_Ip_8.8mm_closed_R10_single_refY_004-reacq01-39,${DXY_OUTPUT_ROOT}/frames/images/GP_Ip_8.8mm_closed_R10_single_refY_004-reacq01-39.jpg,True,
GP_Ip_8.8mm_closed_R10_single_refY,GP_Ip_8.8mm_closed_R10_single_refY_004,${DXY_VIDEO_DIR}/GP_Ip_8.8mm_closed_R10_single_refY_004.mp4,dc74e25b7637cb2133f8fd509b8a27c784f6e8e80ef1ce843369f3ad551ca952,162,1.3832646848989298,117.1142455732084,841,1,40,GP_Ip_8.8mm_closed_R10_single_refY_004-reacq01-40,${DXY_OUTPUT_ROOT}/frames/images/GP_Ip_8.8mm_closed_R10_single_refY_004-reacq01-40.jpg,True,
GP_Ip_8.8mm_closed_R10_single_refY,GP_Ip_8.8mm_closed_R10_single_refY_004,${DXY_VIDEO_DIR}/GP_Ip_8.8mm_closed_R10_single_refY_004.mp4,dc74e25b7637cb2133f8fd509b8a27c784f6e8e80ef1ce843369f3ad551ca952,165,1.4088806975822434,117.1142455732084,841,1,41,GP_Ip_8.8mm_closed_R10_single_refY_004-reacq01-41,${DXY_OUTPUT_ROOT}/frames/images/GP_Ip_8.8mm_closed_R10_single_refY_004-reacq01-41.jpg,True,
GP_Ip_8.8mm_closed_R10_single_refY,GP_Ip_8.8mm_closed_R10_single_refY_004,${DXY_VIDEO_DIR}/GP_Ip_8.8mm_closed_R10_single_refY_004.mp4,dc74e25b7637cb2133f8fd509b8a27c784f6e8e80ef1ce843369f3ad551ca952,169,1.4430353811599947,117.1142455732084,841,1,42,GP_Ip_8.8mm_closed_R10_single_refY_004-reacq01-42,${DXY_OUTPUT_ROOT}/frames/images/GP_Ip_8.8mm_closed_R10_single_refY_004-reacq01-42.jpg,True,
GP_Ip_8.8mm_closed_R10_single_refY,GP_Ip_8.8mm_closed_R10_single_refY_004,${DXY_VIDEO_DIR}/GP_Ip_8.8mm_closed_R10_single_refY_004.mp4,dc74e25b7637cb2133f8fd509b8a27c784f6e8e80ef1ce843369f3ad551ca952,172,1.4686513938433083,117.1142455732084,841,1,43,GP_Ip_8.8mm_closed_R10_single_refY_004-reacq01-43,${DXY_OUTPUT_ROOT}/frames/images/GP_Ip_8.8mm_closed_R10_single_refY_004-reacq01-43.jpg,True,
GP_Ip_8.8mm_closed_R10_single_refY,GP_Ip_8.8mm_closed_R10_single_refY_004,${DXY_VIDEO_DIR}/GP_Ip_8.8mm_closed_R10_single_refY_004.mp4,dc74e25b7637cb2133f8fd509b8a27c784f6e8e80ef1ce843369f3ad551ca952,175,1.4942674065266217,117.1142455732084,841,1,44,GP_Ip_8.8mm_closed_R10_single_refY_004-reacq01-44,${DXY_OUTPUT_ROOT}/frames/images/GP_Ip_8.8mm_closed_R10_single_refY_004-reacq01-44.jpg,True,
GP_Ip_8.8mm_closed_R10_single_refY,GP_Ip_8.8mm_closed_R10_single_refY_004,${DXY_VIDEO_DIR}/GP_Ip_8.8mm_closed_R10_single_refY_004.mp4,dc74e25b7637cb2133f8fd509b8a27c784f6e8e80ef1ce843369f3ad551ca952,178,1.5198834192099353,117.1142455732084,841,1,45,GP_Ip_8.8mm_closed_R10_single_refY_004-reacq01-45,${DXY_OUTPUT_ROOT}/frames/images/GP_Ip_8.8mm_closed_R10_single_refY_004-reacq01-45.jpg,True,
GP_Ip_8.8mm_closed_R10_single_refY,GP_Ip_8.8mm_closed_R10_single_refY_004,${DXY_VIDEO_DIR}/GP_Ip_8.8mm_closed_R10_single_refY_004.mp4,dc74e25b7637cb2133f8fd509b8a27c784f6e8e80ef1ce843369f3ad551ca952,181,1.545499431893249,117.1142455732084,841,1,46,GP_Ip_8.8mm_closed_R10_single_refY_004-reacq01-46,${DXY_OUTPUT_ROOT}/frames/images/GP_Ip_8.8mm_closed_R10_single_refY_004-reacq01-46.jpg,True,
GP_Ip_8.8mm_closed_R10_single_refY,GP_Ip_8.8mm_closed_R10_single_refY_004,${DXY_VIDEO_DIR}/GP_Ip_8.8mm_closed_R10_single_refY_004.mp4,dc74e25b7637cb2133f8fd509b8a27c784f6e8e80ef1ce843369f3ad551ca952,184,1.5711154445765623,117.1142455732084,841,1,47,GP_Ip_8.8mm_closed_R10_single_refY_004-reacq01-47,${DXY_OUTPUT_ROOT}/frames/images/GP_Ip_8.8mm_closed_R10_single_refY_004-reacq01-47.jpg,True,
GP_Ip_8.8mm_closed_R10_single_refY,GP_Ip_8.8mm_closed_R10_single_refY_004,${DXY_VIDEO_DIR}/GP_Ip_8.8mm_closed_R10_single_refY_004.mp4,dc74e25b7637cb2133f8fd509b8a27c784f6e8e80ef1ce843369f3ad551ca952,187,1.5967314572598759,117.1142455732084,841,1,48,GP_Ip_8.8mm_closed_R10_single_refY_004-reacq01-48,${DXY_OUTPUT_ROOT}/frames/images/GP_Ip_8.8mm_closed_R10_single_refY_004-reacq01-48.jpg,True,
GP_Ip_8.8mm_closed_R10_single_refY,GP_Ip_8.8mm_closed_R10_single_refY_004,${DXY_VIDEO_DIR}/GP_Ip_8.8mm_closed_R10_single_refY_004.mp4,dc74e25b7637cb2133f8fd509b8a27c784f6e8e80ef1ce843369f3ad551ca952,190,1.6223474699431895,117.1142455732084,841,1,49,GP_Ip_8.8mm_closed_R10_single_refY_004-reacq01-49,${DXY_OUTPUT_ROOT}/frames/images/GP_Ip_8.8mm_closed_R10_single_refY_004-reacq01-49.jpg,True,
GP_Ip_8.8mm_closed_R10_single_refY,GP_Ip_8.8mm_closed_R10_single_refY_004,${DXY_VIDEO_DIR}/GP_Ip_8.8mm_closed_R10_single_refY_004.mp4,dc74e25b7637cb2133f8fd509b8a27c784f6e8e80ef1ce843369f3ad551ca952,193,1.6479634826265028,117.1142455732084,841,1,50,GP_Ip_8.8mm_closed_R10_single_refY_004-reacq01-50,${DXY_OUTPUT_ROOT}/frames/images/GP_Ip_8.8mm_closed_R10_single_refY_004-reacq01-50.jpg,True,
GP_Ip_8.8mm_closed_R10_single_refY,GP_Ip_8.8mm_closed_R10_single_refY_004,${DXY_VIDEO_DIR}/GP_Ip_8.8mm_closed_R10_single_refY_004.mp4,dc74e25b7637cb2133f8fd509b8a27c784f6e8e80ef1ce843369f3ad551ca952,194,1.6565021535209408,117.1142455732084,841,2,1,GP_Ip_8.8mm_closed_R10_single_refY_004-reacq02-01,${DXY_OUTPUT_ROOT}/frames/images/GP_Ip_8.8mm_closed_R10_single_refY_004-reacq02-01.jpg,True,
GP_Ip_8.8mm_closed_R10_single_refY,GP_Ip_8.8mm_closed_R10_single_refY_004,${DXY_VIDEO_DIR}/GP_Ip_8.8mm_closed_R10_single_refY_004.mp4,dc74e25b7637cb2133f8fd509b8a27c784f6e8e80ef1ce843369f3ad551ca952,197,1.6821181662042541,117.1142455732084,841,2,2,GP_Ip_8.8mm_closed_R10_single_refY_004-reacq02-02,${DXY_OUTPUT_ROOT}/frames/images/GP_Ip_8.8mm_closed_R10_single_refY_004-reacq02-02.jpg,True,
GP_Ip_8.8mm_closed_R10_single_refY,GP_Ip_8.8mm_closed_R10_single_refY_004,${DXY_VIDEO_DIR}/GP_Ip_8.8mm_closed_R10_single_refY_004.mp4,dc74e25b7637cb2133f8fd509b8a27c784f6e8e80ef1ce843369f3ad551ca952,200,1.7077341788875677,117.1142455732084,841,2,3,GP_Ip_8.8mm_closed_R10_single_refY_004-reacq02-03,${DXY_OUTPUT_ROOT}/frames/images/GP_Ip_8.8mm_closed_R10_single_refY_004-reacq02-03.jpg,True,
GP_Ip_8.8mm_closed_R10_single_refY,GP_Ip_8.8mm_closed_R10_single_refY_004,${DXY_VIDEO_DIR}/GP_Ip_8.8mm_closed_R10_single_refY_004.mp4,dc74e25b7637cb2133f8fd509b8a27c784f6e8e80ef1ce843369f3ad551ca952,203,1.7333501915708813,117.1142455732084,841,2,4,GP_Ip_8.8mm_closed_R10_single_refY_004-reacq02-04,${DXY_OUTPUT_ROOT}/frames/images/GP_Ip_8.8mm_closed_R10_single_refY_004-reacq02-04.jpg,True,
GP_Ip_8.8mm_closed_R10_single_refY,GP_Ip_8.8mm_closed_R10_single_refY_004,${DXY_VIDEO_DIR}/GP_Ip_8.8mm_closed_R10_single_refY_004.mp4,dc74e25b7637cb2133f8fd509b8a27c784f6e8e80ef1ce843369f3ad551ca952,206,1.7589662042541947,117.1142455732084,841,2,5,GP_Ip_8.8mm_closed_R10_single_refY_004-reacq02-05,${DXY_OUTPUT_ROOT}/frames/images/GP_Ip_8.8mm_closed_R10_single_refY_004-reacq02-05.jpg,True,
GP_Ip_8.8mm_closed_R10_single_refY,GP_Ip_8.8mm_closed_R10_single_refY_004,${DXY_VIDEO_DIR}/GP_Ip_8.8mm_closed_R10_single_refY_004.mp4,dc74e25b7637cb2133f8fd509b8a27c784f6e8e80ef1ce843369f3ad551ca952,209,1.7845822169375083,117.1142455732084,841,2,6,GP_Ip_8.8mm_closed_R10_single_refY_004-reacq02-06,${DXY_OUTPUT_ROOT}/frames/images/GP_Ip_8.8mm_closed_R10_single_refY_004-reacq02-06.jpg,True,
GP_Ip_8.8mm_closed_R10_single_refY,GP_Ip_8.8mm_closed_R10_single_refY_004,${DXY_VIDEO_DIR}/GP_Ip_8.8mm_closed_R10_single_refY_004.mp4,dc74e25b7637cb2133f8fd509b8a27c784f6e8e80ef1ce843369f3ad551ca952,212,1.8101982296208219,117.1142455732084,841,2,7,GP_Ip_8.8mm_closed_R10_single_refY_004-reacq02-07,${DXY_OUTPUT_ROOT}/frames/images/GP_Ip_8.8mm_closed_R10_single_refY_004-reacq02-07.jpg,True,
GP_Ip_8.8mm_closed_R10_single_refY,GP_Ip_8.8mm_closed_R10_single_refY_004,${DXY_VIDEO_DIR}/GP_Ip_8.8mm_closed_R10_single_refY_004.mp4,dc74e25b7637cb2133f8fd509b8a27c784f6e8e80ef1ce843369f3ad551ca952,215,1.8358142423041353,117.1142455732084,841,2,8,GP_Ip_8.8mm_closed_R10_single_refY_004-reacq02-08,${DXY_OUTPUT_ROOT}/frames/images/GP_Ip_8.8mm_closed_R10_single_refY_004-reacq02-08.jpg,True,
GP_Ip_8.8mm_closed_R10_single_refY,GP_Ip_8.8mm_closed_R10_single_refY_004,${DXY_VIDEO_DIR}/GP_Ip_8.8mm_closed_R10_single_refY_004.mp4,dc74e25b7637cb2133f8fd509b8a27c784f6e8e80ef1ce843369f3ad551ca952,218,1.8614302549874489,117.1142455732084,841,2,9,GP_Ip_8.8mm_closed_R10_single_refY_004-reacq02-09,${DXY_OUTPUT_ROOT}/frames/images/GP_Ip_8.8mm_closed_R10_single_refY_004-reacq02-09.jpg,True,
GP_Ip_8.8mm_closed_R10_single_refY,GP_Ip_8.8mm_closed_R10_single_refY_004,${DXY_VIDEO_DIR}/GP_Ip_8.8mm_closed_R10_single_refY_004.mp4,dc74e25b7637cb2133f8fd509b8a27c784f6e8e80ef1ce843369f3ad551ca952,222,1.8955849385652002,117.1142455732084,841,2,10,GP_Ip_8.8mm_closed_R10_single_refY_004-reacq02-10,${DXY_OUTPUT_ROOT}/frames/images/GP_Ip_8.8mm_closed_R10_single_refY_004-reacq02-10.jpg,True,
GP_Ip_8.8mm_closed_R10_single_refY,GP_Ip_8.8mm_closed_R10_single_refY_004,${DXY_VIDEO_DIR}/GP_Ip_8.8mm_closed_R10_single_refY_004.mp4,dc74e25b7637cb2133f8fd509b8a27c784f6e8e80ef1ce843369f3ad551ca952,225,1.9212009512485138,117.1142455732084,841,2,11,GP_Ip_8.8mm_closed_R10_single_refY_004-reacq02-11,${DXY_OUTPUT_ROOT}/frames/images/GP_Ip_8.8mm_closed_R10_single_refY_004-reacq02-11.jpg,True,
GP_Ip_8.8mm_closed_R10_single_refY,GP_Ip_8.8mm_closed_R10_single_refY_004,${DXY_VIDEO_DIR}/GP_Ip_8.8mm_closed_R10_single_refY_004.mp4,dc74e25b7637cb2133f8fd509b8a27c784f6e8e80ef1ce843369f3ad551ca952,228,1.9468169639318271,117.1142455732084,841,2,12,GP_Ip_8.8mm_closed_R10_single_refY_004-reacq02-12,${DXY_OUTPUT_ROOT}/frames/images/GP_Ip_8.8mm_closed_R10_single_refY_004-reacq02-12.jpg,True,
GP_Ip_8.8mm_closed_R10_single_refY,GP_Ip_8.8mm_closed_R10_single_refY_004,${DXY_VIDEO_DIR}/GP_Ip_8.8mm_closed_R10_single_refY_004.mp4,dc74e25b7637cb2133f8fd509b8a27c784f6e8e80ef1ce843369f3ad551ca952,231,1.9724329766151407,117.1142455732084,841,2,13,GP_Ip_8.8mm_closed_R10_single_refY_004-reacq02-13,${DXY_OUTPUT_ROOT}/frames/images/GP_Ip_8.8mm_closed_R10_single_refY_004-reacq02-13.jpg,True,
GP_Ip_8.8mm_closed_R10_single_refY,GP_Ip_8.8mm_closed_R10_single_refY_004,${DXY_VIDEO_DIR}/GP_Ip_8.8mm_closed_R10_single_refY_004.mp4,dc74e25b7637cb2133f8fd509b8a27c784f6e8e80ef1ce843369f3ad551ca952,234,1.9980489892984543,117.1142455732084,841,2,14,GP_Ip_8.8mm_closed_R10_single_refY_004-reacq02-14,${DXY_OUTPUT_ROOT}/frames/images/GP_Ip_8.8mm_closed_R10_single_refY_004-reacq02-14.jpg,True,
GP_Ip_8.8mm_closed_R10_single_refY,GP_Ip_8.8mm_closed_R10_single_refY_004,${DXY_VIDEO_DIR}/GP_Ip_8.8mm_closed_R10_single_refY_004.mp4,dc74e25b7637cb2133f8fd509b8a27c784f6e8e80ef1ce843369f3ad551ca952,237,2.023665001981768,117.1142455732084,841,2,15,GP_Ip_8.8mm_closed_R10_single_refY_004-reacq02-15,${DXY_OUTPUT_ROOT}/frames/images/GP_Ip_8.8mm_closed_R10_single_refY_004-reacq02-15.jpg,True,
GP_Ip_8.8mm_closed_R10_single_refY,GP_Ip_8.8mm_closed_R10_single_refY_004,${DXY_VIDEO_DIR}/GP_Ip_8.8mm_closed_R10_single_refY_004.mp4,dc74e25b7637cb2133f8fd509b8a27c784f6e8e80ef1ce843369f3ad551ca952,240,2.0492810146650813,117.1142455732084,841,2,16,GP_Ip_8.8mm_closed_R10_single_refY_004-reacq02-16,${DXY_OUTPUT_ROOT}/frames/images/GP_Ip_8.8mm_closed_R10_single_refY_004-reacq02-16.jpg,True,
GP_Ip_8.8mm_closed_R10_single_refY,GP_Ip_8.8mm_closed_R10_single_refY_004,${DXY_VIDEO_DIR}/GP_Ip_8.8mm_closed_R10_single_refY_004.mp4,dc74e25b7637cb2133f8fd509b8a27c784f6e8e80ef1ce843369f3ad551ca952,243,2.0748970273483947,117.1142455732084,841,2,17,GP_Ip_8.8mm_closed_R10_single_refY_004-reacq02-17,${DXY_OUTPUT_ROOT}/frames/images/GP_Ip_8.8mm_closed_R10_single_refY_004-reacq02-17.jpg,True,
GP_Ip_8.8mm_closed_R10_single_refY,GP_Ip_8.8mm_closed_R10_single_refY_004,${DXY_VIDEO_DIR}/GP_Ip_8.8mm_closed_R10_single_refY_004.mp4,dc74e25b7637cb2133f8fd509b8a27c784f6e8e80ef1ce843369f3ad551ca952,246,2.1005130400317085,117.1142455732084,841,2,18,GP_Ip_8.8mm_closed_R10_single_refY_004-reacq02-18,${DXY_OUTPUT_ROOT}/frames/images/GP_Ip_8.8mm_closed_R10_single_refY_004-reacq02-18.jpg,True,
GP_Ip_8.8mm_closed_R10_single_refY,GP_Ip_8.8mm_closed_R10_single_refY_004,${DXY_VIDEO_DIR}/GP_Ip_8.8mm_closed_R10_single_refY_004.mp4,dc74e25b7637cb2133f8fd509b8a27c784f6e8e80ef1ce843369f3ad551ca952,249,2.126129052715022,117.1142455732084,841,2,19,GP_Ip_8.8mm_closed_R10_single_refY_004-reacq02-19,${DXY_OUTPUT_ROOT}/frames/images/GP_Ip_8.8mm_closed_R10_single_refY_004-reacq02-19.jpg,True,
GP_Ip_8.8mm_closed_R10_single_refY,GP_Ip_8.8mm_closed_R10_single_refY_004,${DXY_VIDEO_DIR}/GP_Ip_8.8mm_closed_R10_single_refY_004.mp4,dc74e25b7637cb2133f8fd509b8a27c784f6e8e80ef1ce843369f3ad551ca952,252,2.151745065398335,117.1142455732084,841,2,20,GP_Ip_8.8mm_closed_R10_single_refY_004-reacq02-20,${DXY_OUTPUT_ROOT}/frames/images/GP_Ip_8.8mm_closed_R10_single_refY_004-reacq02-20.jpg,True,
GP_Ip_8.8mm_closed_R10_single_refY,GP_Ip_8.8mm_closed_R10_single_refY_004,${DXY_VIDEO_DIR}/GP_Ip_8.8mm_closed_R10_single_refY_004.mp4,dc74e25b7637cb2133f8fd509b8a27c784f6e8e80ef1ce843369f3ad551ca952,255,2.177361078081649,117.1142455732084,841,2,21,GP_Ip_8.8mm_closed_R10_single_refY_004-reacq02-21,${DXY_OUTPUT_ROOT}/frames/images/GP_Ip_8.8mm_closed_R10_single_refY_004-reacq02-21.jpg,True,
GP_Ip_8.8mm_closed_R10_single_refY,GP_Ip_8.8mm_closed_R10_single_refY_004,${DXY_VIDEO_DIR}/GP_Ip_8.8mm_closed_R10_single_refY_004.mp4,dc74e25b7637cb2133f8fd509b8a27c784f6e8e80ef1ce843369f3ad551ca952,258,2.2029770907649624,117.1142455732084,841,2,22,GP_Ip_8.8mm_closed_R10_single_refY_004-reacq02-22,${DXY_OUTPUT_ROOT}/frames/images/GP_Ip_8.8mm_closed_R10_single_refY_004-reacq02-22.jpg,True,
GP_Ip_8.8mm_closed_R10_single_refY,GP_Ip_8.8mm_closed_R10_single_refY_004,${DXY_VIDEO_DIR}/GP_Ip_8.8mm_closed_R10_single_refY_004.mp4,dc74e25b7637cb2133f8fd509b8a27c784f6e8e80ef1ce843369f3ad551ca952,261,2.2285931034482758,117.1142455732084,841,2,23,GP_Ip_8.8mm_closed_R10_single_refY_004-reacq02-23,${DXY_OUTPUT_ROOT}/frames/images/GP_Ip_8.8mm_closed_R10_single_refY_004-reacq02-23.jpg,True,
GP_Ip_8.8mm_closed_R10_single_refY,GP_Ip_8.8mm_closed_R10_single_refY_004,${DXY_VIDEO_DIR}/GP_Ip_8.8mm_closed_R10_single_refY_004.mp4,dc74e25b7637cb2133f8fd509b8a27c784f6e8e80ef1ce843369f3ad551ca952,264,2.2542091161315896,117.1142455732084,841,2,24,GP_Ip_8.8mm_closed_R10_single_refY_004-reacq02-24,${DXY_OUTPUT_ROOT}/frames/images/GP_Ip_8.8mm_closed_R10_single_refY_004-reacq02-24.jpg,True,
GP_Ip_8.8mm_closed_R10_single_refY,GP_Ip_8.8mm_closed_R10_single_refY_004,${DXY_VIDEO_DIR}/GP_Ip_8.8mm_closed_R10_single_refY_004.mp4,dc74e25b7637cb2133f8fd509b8a27c784f6e8e80ef1ce843369f3ad551ca952,267,2.279825128814903,117.1142455732084,841,2,25,GP_Ip_8.8mm_closed_R10_single_refY_004-reacq02-25,${DXY_OUTPUT_ROOT}/frames/images/GP_Ip_8.8mm_closed_R10_single_refY_004-reacq02-25.jpg,True,
GP_Ip_8.8mm_closed_R10_single_refY,GP_Ip_8.8mm_closed_R10_single_refY_004,${DXY_VIDEO_DIR}/GP_Ip_8.8mm_closed_R10_single_refY_004.mp4,dc74e25b7637cb2133f8fd509b8a27c784f6e8e80ef1ce843369f3ad551ca952,271,2.3139798123926543,117.1142455732084,841,2,26,GP_Ip_8.8mm_closed_R10_single_refY_004-reacq02-26,${DXY_OUTPUT_ROOT}/frames/images/GP_Ip_8.8mm_closed_R10_single_refY_004-reacq02-26.jpg,True,
GP_Ip_8.8mm_closed_R10_single_refY,GP_Ip_8.8mm_closed_R10_single_refY_004,${DXY_VIDEO_DIR}/GP_Ip_8.8mm_closed_R10_single_refY_004.mp4,dc74e25b7637cb2133f8fd509b8a27c784f6e8e80ef1ce843369f3ad551ca952,274,2.3395958250759676,117.1142455732084,841,2,27,GP_Ip_8.8mm_closed_R10_single_refY_004-reacq02-27,${DXY_OUTPUT_ROOT}/frames/images/GP_Ip_8.8mm_closed_R10_single_refY_004-reacq02-27.jpg,True,
GP_Ip_8.8mm_closed_R10_single_refY,GP_Ip_8.8mm_closed_R10_single_refY_004,${DXY_VIDEO_DIR}/GP_Ip_8.8mm_closed_R10_single_refY_004.mp4,dc74e25b7637cb2133f8fd509b8a27c784f6e8e80ef1ce843369f3ad551ca952,277,2.3652118377592815,117.1142455732084,841,2,28,GP_Ip_8.8mm_closed_R10_single_refY_004-reacq02-28,${DXY_OUTPUT_ROOT}/frames/images/GP_Ip_8.8mm_closed_R10_single_refY_004-reacq02-28.jpg,True,
GP_Ip_8.8mm_closed_R10_single_refY,GP_Ip_8.8mm_closed_R10_single_refY_004,${DXY_VIDEO_DIR}/GP_Ip_8.8mm_closed_R10_single_refY_004.mp4,dc74e25b7637cb2133f8fd509b8a27c784f6e8e80ef1ce843369f3ad551ca952,280,2.390827850442595,117.1142455732084,841,2,29,GP_Ip_8.8mm_closed_R10_single_refY_004-reacq02-29,${DXY_OUTPUT_ROOT}/frames/images/GP_Ip_8.8mm_closed_R10_single_refY_004-reacq02-29.jpg,True,
GP_Ip_8.8mm_closed_R10_single_refY,GP_Ip_8.8mm_closed_R10_single_refY_004,${DXY_VIDEO_DIR}/GP_Ip_8.8mm_closed_R10_single_refY_004.mp4,dc74e25b7637cb2133f8fd509b8a27c784f6e8e80ef1ce843369f3ad551ca952,283,2.416443863125908,117.1142455732084,841,2,30,GP_Ip_8.8mm_closed_R10_single_refY_004-reacq02-30,${DXY_OUTPUT_ROOT}/frames/images/GP_Ip_8.8mm_closed_R10_single_refY_004-reacq02-30.jpg,True,
GP_Ip_8.8mm_closed_R10_single_refY,GP_Ip_8.8mm_closed_R10_single_refY_004,${DXY_VIDEO_DIR}/GP_Ip_8.8mm_closed_R10_single_refY_004.mp4,dc74e25b7637cb2133f8fd509b8a27c784f6e8e80ef1ce843369f3ad551ca952,286,2.442059875809222,117.1142455732084,841,2,31,GP_Ip_8.8mm_closed_R10_single_refY_004-reacq02-31,${DXY_OUTPUT_ROOT}/frames/images/GP_Ip_8.8mm_closed_R10_single_refY_004-reacq02-31.jpg,True,
GP_Ip_8.8mm_closed_R10_single_refY,GP_Ip_8.8mm_closed_R10_single_refY_004,${DXY_VIDEO_DIR}/GP_Ip_8.8mm_closed_R10_single_refY_004.mp4,dc74e25b7637cb2133f8fd509b8a27c784f6e8e80ef1ce843369f3ad551ca952,289,2.4676758884925354,117.1142455732084,841,2,32,GP_Ip_8.8mm_closed_R10_single_refY_004-reacq02-32,${DXY_OUTPUT_ROOT}/frames/images/GP_Ip_8.8mm_closed_R10_single_refY_004-reacq02-32.jpg,True,
GP_Ip_8.8mm_closed_R10_single_refY,GP_Ip_8.8mm_closed_R10_single_refY_004,${DXY_VIDEO_DIR}/GP_Ip_8.8mm_closed_R10_single_refY_004.mp4,dc74e25b7637cb2133f8fd509b8a27c784f6e8e80ef1ce843369f3ad551ca952,292,2.4932919011758488,117.1142455732084,841,2,33,GP_Ip_8.8mm_closed_R10_single_refY_004-reacq02-33,${DXY_OUTPUT_ROOT}/frames/images/GP_Ip_8.8mm_closed_R10_single_refY_004-reacq02-33.jpg,True,
GP_Ip_8.8mm_closed_R10_single_refY,GP_Ip_8.8mm_closed_R10_single_refY_004,${DXY_VIDEO_DIR}/GP_Ip_8.8mm_closed_R10_single_refY_004.mp4,dc74e25b7637cb2133f8fd509b8a27c784f6e8e80ef1ce843369f3ad551ca952,295,2.5189079138591626,117.1142455732084,841,2,34,GP_Ip_8.8mm_closed_R10_single_refY_004-reacq02-34,${DXY_OUTPUT_ROOT}/frames/images/GP_Ip_8.8mm_closed_R10_single_refY_004-reacq02-34.jpg,True,
GP_Ip_8.8mm_closed_R10_single_refY,GP_Ip_8.8mm_closed_R10_single_refY_004,${DXY_VIDEO_DIR}/GP_Ip_8.8mm_closed_R10_single_refY_004.mp4,dc74e25b7637cb2133f8fd509b8a27c784f6e8e80ef1ce843369f3ad551ca952,298,2.544523926542476,117.1142455732084,841,2,35,GP_Ip_8.8mm_closed_R10_single_refY_004-reacq02-35,${DXY_OUTPUT_ROOT}/frames/images/GP_Ip_8.8mm_closed_R10_single_refY_004-reacq02-35.jpg,True,
GP_Ip_8.8mm_closed_R10_single_refY,GP_Ip_8.8mm_closed_R10_single_refY_004,${DXY_VIDEO_DIR}/GP_Ip_8.8mm_closed_R10_single_refY_004.mp4,dc74e25b7637cb2133f8fd509b8a27c784f6e8e80ef1ce843369f3ad551ca952,301,2.5701399392257893,117.1142455732084,841,2,36,GP_Ip_8.8mm_closed_R10_single_refY_004-reacq02-36,${DXY_OUTPUT_ROOT}/frames/images/GP_Ip_8.8mm_closed_R10_single_refY_004-reacq02-36.jpg,True,
GP_Ip_8.8mm_closed_R10_single_refY,GP_Ip_8.8mm_closed_R10_single_refY_004,${DXY_VIDEO_DIR}/GP_Ip_8.8mm_closed_R10_single_refY_004.mp4,dc74e25b7637cb2133f8fd509b8a27c784f6e8e80ef1ce843369f3ad551ca952,304,2.595755951909103,117.1142455732084,841,2,37,GP_Ip_8.8mm_closed_R10_single_refY_004-reacq02-37,${DXY_OUTPUT_ROOT}/frames/images/GP_Ip_8.8mm_closed_R10_single_refY_004-reacq02-37.jpg,True,
GP_Ip_8.8mm_closed_R10_single_refY,GP_Ip_8.8mm_closed_R10_single_refY_004,${DXY_VIDEO_DIR}/GP_Ip_8.8mm_closed_R10_single_refY_004.mp4,dc74e25b7637cb2133f8fd509b8a27c784f6e8e80ef1ce843369f3ad551ca952,307,2.6213719645924165,117.1142455732084,841,2,38,GP_Ip_8.8mm_closed_R10_single_refY_004-reacq02-38,${DXY_OUTPUT_ROOT}/frames/images/GP_Ip_8.8mm_closed_R10_single_refY_004-reacq02-38.jpg,True,
GP_Ip_8.8mm_closed_R10_single_refY,GP_Ip_8.8mm_closed_R10_single_refY_004,${DXY_VIDEO_DIR}/GP_Ip_8.8mm_closed_R10_single_refY_004.mp4,dc74e25b7637cb2133f8fd509b8a27c784f6e8e80ef1ce843369f3ad551ca952,310,2.64698797727573,117.1142455732084,841,2,39,GP_Ip_8.8mm_closed_R10_single_refY_004-reacq02-39,${DXY_OUTPUT_ROOT}/frames/images/GP_Ip_8.8mm_closed_R10_single_refY_004-reacq02-39.jpg,True,
GP_Ip_8.8mm_closed_R10_single_refY,GP_Ip_8.8mm_closed_R10_single_refY_004,${DXY_VIDEO_DIR}/GP_Ip_8.8mm_closed_R10_single_refY_004.mp4,dc74e25b7637cb2133f8fd509b8a27c784f6e8e80ef1ce843369f3ad551ca952,313,2.6726039899590437,117.1142455732084,841,2,40,GP_Ip_8.8mm_closed_R10_single_refY_004-reacq02-40,${DXY_OUTPUT_ROOT}/frames/images/GP_Ip_8.8mm_closed_R10_single_refY_004-reacq02-40.jpg,True,
GP_Ip_8.8mm_closed_R10_single_refY,GP_Ip_8.8mm_closed_R10_single_refY_004,${DXY_VIDEO_DIR}/GP_Ip_8.8mm_closed_R10_single_refY_004.mp4,dc74e25b7637cb2133f8fd509b8a27c784f6e8e80ef1ce843369f3ad551ca952,316,2.698220002642357,117.1142455732084,841,2,41,GP_Ip_8.8mm_closed_R10_single_refY_004-reacq02-41,${DXY_OUTPUT_ROOT}/frames/images/GP_Ip_8.8mm_closed_R10_single_refY_004-reacq02-41.jpg,True,
GP_Ip_8.8mm_closed_R10_single_refY,GP_Ip_8.8mm_closed_R10_single_refY_004,${DXY_VIDEO_DIR}/GP_Ip_8.8mm_closed_R10_single_refY_004.mp4,dc74e25b7637cb2133f8fd509b8a27c784f6e8e80ef1ce843369f3ad551ca952,320,2.7323746862201084,117.1142455732084,841,2,42,GP_Ip_8.8mm_closed_R10_single_refY_004-reacq02-42,${DXY_OUTPUT_ROOT}/frames/images/GP_Ip_8.8mm_closed_R10_single_refY_004-reacq02-42.jpg,True,
GP_Ip_8.8mm_closed_R10_single_refY,GP_Ip_8.8mm_closed_R10_single_refY_004,${DXY_VIDEO_DIR}/GP_Ip_8.8mm_closed_R10_single_refY_004.mp4,dc74e25b7637cb2133f8fd509b8a27c784f6e8e80ef1ce843369f3ad551ca952,323,2.7579906989034217,117.1142455732084,841,2,43,GP_Ip_8.8mm_closed_R10_single_refY_004-reacq02-43,${DXY_OUTPUT_ROOT}/frames/images/GP_Ip_8.8mm_closed_R10_single_refY_004-reacq02-43.jpg,True,
GP_Ip_8.8mm_closed_R10_single_refY,GP_Ip_8.8mm_closed_R10_single_refY_004,${DXY_VIDEO_DIR}/GP_Ip_8.8mm_closed_R10_single_refY_004.mp4,dc74e25b7637cb2133f8fd509b8a27c784f6e8e80ef1ce843369f3ad551ca952,326,2.7836067115867356,117.1142455732084,841,2,44,GP_Ip_8.8mm_closed_R10_single_refY_004-reacq02-44,${DXY_OUTPUT_ROOT}/frames/images/GP_Ip_8.8mm_closed_R10_single_refY_004-reacq02-44.jpg,True,
GP_Ip_8.8mm_closed_R10_single_refY,GP_Ip_8.8mm_closed_R10_single_refY_004,${DXY_VIDEO_DIR}/GP_Ip_8.8mm_closed_R10_single_refY_004.mp4,dc74e25b7637cb2133f8fd509b8a27c784f6e8e80ef1ce843369f3ad551ca952,329,2.809222724270049,117.1142455732084,841,2,45,GP_Ip_8.8mm_closed_R10_single_refY_004-reacq02-45,${DXY_OUTPUT_ROOT}/frames/images/GP_Ip_8.8mm_closed_R10_single_refY_004-reacq02-45.jpg,True,
GP_Ip_8.8mm_closed_R10_single_refY,GP_Ip_8.8mm_closed_R10_single_refY_004,${DXY_VIDEO_DIR}/GP_Ip_8.8mm_closed_R10_single_refY_004.mp4,dc74e25b7637cb2133f8fd509b8a27c784f6e8e80ef1ce843369f3ad551ca952,332,2.8348387369533623,117.1142455732084,841,2,46,GP_Ip_8.8mm_closed_R10_single_refY_004-reacq02-46,${DXY_OUTPUT_ROOT}/frames/images/GP_Ip_8.8mm_closed_R10_single_refY_004-reacq02-46.jpg,True,
GP_Ip_8.8mm_closed_R10_single_refY,GP_Ip_8.8mm_closed_R10_single_refY_004,${DXY_VIDEO_DIR}/GP_Ip_8.8mm_closed_R10_single_refY_004.mp4,dc74e25b7637cb2133f8fd509b8a27c784f6e8e80ef1ce843369f3ad551ca952,335,2.860454749636676,117.1142455732084,841,2,47,GP_Ip_8.8mm_closed_R10_single_refY_004-reacq02-47,${DXY_OUTPUT_ROOT}/frames/images/GP_Ip_8.8mm_closed_R10_single_refY_004-reacq02-47.jpg,True,
GP_Ip_8.8mm_closed_R10_single_refY,GP_Ip_8.8mm_closed_R10_single_refY_004,${DXY_VIDEO_DIR}/GP_Ip_8.8mm_closed_R10_single_refY_004.mp4,dc74e25b7637cb2133f8fd509b8a27c784f6e8e80ef1ce843369f3ad551ca952,338,2.8860707623199895,117.1142455732084,841,2,48,GP_Ip_8.8mm_closed_R10_single_refY_004-reacq02-48,${DXY_OUTPUT_ROOT}/frames/images/GP_Ip_8.8mm_closed_R10_single_refY_004-reacq02-48.jpg,True,
GP_Ip_8.8mm_closed_R10_single_refY,GP_Ip_8.8mm_closed_R10_single_refY_004,${DXY_VIDEO_DIR}/GP_Ip_8.8mm_closed_R10_single_refY_004.mp4,dc74e25b7637cb2133f8fd509b8a27c784f6e8e80ef1ce843369f3ad551ca952,341,2.911686775003303,117.1142455732084,841,2,49,GP_Ip_8.8mm_closed_R10_single_refY_004-reacq02-49,${DXY_OUTPUT_ROOT}/frames/images/GP_Ip_8.8mm_closed_R10_single_refY_004-reacq02-49.jpg,True,
GP_Ip_8.8mm_closed_R10_single_refY,GP_Ip_8.8mm_closed_R10_single_refY_004,${DXY_VIDEO_DIR}/GP_Ip_8.8mm_closed_R10_single_refY_004.mp4,dc74e25b7637cb2133f8fd509b8a27c784f6e8e80ef1ce843369f3ad551ca952,344,2.9373027876866167,117.1142455732084,841,2,50,GP_Ip_8.8mm_closed_R10_single_refY_004-reacq02-50,${DXY_OUTPUT_ROOT}/frames/images/GP_Ip_8.8mm_closed_R10_single_refY_004-reacq02-50.jpg,True,
GP_Ip_8.8mm_closed_R10_single_refY,GP_Ip_8.8mm_closed_R10_single_refY_004,${DXY_VIDEO_DIR}/GP_Ip_8.8mm_closed_R10_single_refY_004.mp4,dc74e25b7637cb2133f8fd509b8a27c784f6e8e80ef1ce843369f3ad551ca952,345,2.945841458581054,117.1142455732084,841,3,1,GP_Ip_8.8mm_closed_R10_single_refY_004-reacq03-01,${DXY_OUTPUT_ROOT}/frames/images/GP_Ip_8.8mm_closed_R10_single_refY_004-reacq03-01.jpg,True,
GP_Ip_8.8mm_closed_R10_single_refY,GP_Ip_8.8mm_closed_R10_single_refY_004,${DXY_VIDEO_DIR}/GP_Ip_8.8mm_closed_R10_single_refY_004.mp4,dc74e25b7637cb2133f8fd509b8a27c784f6e8e80ef1ce843369f3ad551ca952,348,2.971457471264368,117.1142455732084,841,3,2,GP_Ip_8.8mm_closed_R10_single_refY_004-reacq03-02,${DXY_OUTPUT_ROOT}/frames/images/GP_Ip_8.8mm_closed_R10_single_refY_004-reacq03-02.jpg,True,
GP_Ip_8.8mm_closed_R10_single_refY,GP_Ip_8.8mm_closed_R10_single_refY_004,${DXY_VIDEO_DIR}/GP_Ip_8.8mm_closed_R10_single_refY_004.mp4,dc74e25b7637cb2133f8fd509b8a27c784f6e8e80ef1ce843369f3ad551ca952,351,2.9970734839476814,117.1142455732084,841,3,3,GP_Ip_8.8mm_closed_R10_single_refY_004-reacq03-03,${DXY_OUTPUT_ROOT}/frames/images/GP_Ip_8.8mm_closed_R10_single_refY_004-reacq03-03.jpg,True,
GP_Ip_8.8mm_closed_R10_single_refY,GP_Ip_8.8mm_closed_R10_single_refY_004,${DXY_VIDEO_DIR}/GP_Ip_8.8mm_closed_R10_single_refY_004.mp4,dc74e25b7637cb2133f8fd509b8a27c784f6e8e80ef1ce843369f3ad551ca952,354,3.0226894966309947,117.1142455732084,841,3,4,GP_Ip_8.8mm_closed_R10_single_refY_004-reacq03-04,${DXY_OUTPUT_ROOT}/frames/images/GP_Ip_8.8mm_closed_R10_single_refY_004-reacq03-04.jpg,True,
GP_Ip_8.8mm_closed_R10_single_refY,GP_Ip_8.8mm_closed_R10_single_refY_004,${DXY_VIDEO_DIR}/GP_Ip_8.8mm_closed_R10_single_refY_004.mp4,dc74e25b7637cb2133f8fd509b8a27c784f6e8e80ef1ce843369f3ad551ca952,357,3.0483055093143085,117.1142455732084,841,3,5,GP_Ip_8.8mm_closed_R10_single_refY_004-reacq03-05,${DXY_OUTPUT_ROOT}/frames/images/GP_Ip_8.8mm_closed_R10_single_refY_004-reacq03-05.jpg,True,
GP_Ip_8.8mm_closed_R10_single_refY,GP_Ip_8.8mm_closed_R10_single_refY_004,${DXY_VIDEO_DIR}/GP_Ip_8.8mm_closed_R10_single_refY_004.mp4,dc74e25b7637cb2133f8fd509b8a27c784f6e8e80ef1ce843369f3ad551ca952,360,3.073921521997622,117.1142455732084,841,3,6,GP_Ip_8.8mm_closed_R10_single_refY_004-reacq03-06,${DXY_OUTPUT_ROOT}/frames/images/GP_Ip_8.8mm_closed_R10_single_refY_004-reacq03-06.jpg,True,
GP_Ip_8.8mm_closed_R10_single_refY,GP_Ip_8.8mm_closed_R10_single_refY_004,${DXY_VIDEO_DIR}/GP_Ip_8.8mm_closed_R10_single_refY_004.mp4,dc74e25b7637cb2133f8fd509b8a27c784f6e8e80ef1ce843369f3ad551ca952,363,3.0995375346809353,117.1142455732084,841,3,7,GP_Ip_8.8mm_closed_R10_single_refY_004-reacq03-07,${DXY_OUTPUT_ROOT}/frames/images/GP_Ip_8.8mm_closed_R10_single_refY_004-reacq03-07.jpg,True,
GP_Ip_8.8mm_closed_R10_single_refY,GP_Ip_8.8mm_closed_R10_single_refY_004,${DXY_VIDEO_DIR}/GP_Ip_8.8mm_closed_R10_single_refY_004.mp4,dc74e25b7637cb2133f8fd509b8a27c784f6e8e80ef1ce843369f3ad551ca952,366,3.125153547364249,117.1142455732084,841,3,8,GP_Ip_8.8mm_closed_R10_single_refY_004-reacq03-08,${DXY_OUTPUT_ROOT}/frames/images/GP_Ip_8.8mm_closed_R10_single_refY_004-reacq03-08.jpg,True,
GP_Ip_8.8mm_closed_R10_single_refY,GP_Ip_8.8mm_closed_R10_single_refY_004,${DXY_VIDEO_DIR}/GP_Ip_8.8mm_closed_R10_single_refY_004.mp4,dc74e25b7637cb2133f8fd509b8a27c784f6e8e80ef1ce843369f3ad551ca952,369,3.1507695600475625,117.1142455732084,841,3,9,GP_Ip_8.8mm_closed_R10_single_refY_004-reacq03-09,${DXY_OUTPUT_ROOT}/frames/images/GP_Ip_8.8mm_closed_R10_single_refY_004-reacq03-09.jpg,True,
GP_Ip_8.8mm_closed_R10_single_refY,GP_Ip_8.8mm_closed_R10_single_refY_004,${DXY_VIDEO_DIR}/GP_Ip_8.8mm_closed_R10_single_refY_004.mp4,dc74e25b7637cb2133f8fd509b8a27c784f6e8e80ef1ce843369f3ad551ca952,373,3.184924243625314,117.1142455732084,841,3,10,GP_Ip_8.8mm_closed_R10_single_refY_004-reacq03-10,${DXY_OUTPUT_ROOT}/frames/images/GP_Ip_8.8mm_closed_R10_single_refY_004-reacq03-10.jpg,True,
GP_Ip_8.8mm_closed_R10_single_refY,GP_Ip_8.8mm_closed_R10_single_refY_004,${DXY_VIDEO_DIR}/GP_Ip_8.8mm_closed_R10_single_refY_004.mp4,dc74e25b7637cb2133f8fd509b8a27c784f6e8e80ef1ce843369f3ad551ca952,376,3.210540256308627,117.1142455732084,841,3,11,GP_Ip_8.8mm_closed_R10_single_refY_004-reacq03-11,${DXY_OUTPUT_ROOT}/frames/images/GP_Ip_8.8mm_closed_R10_single_refY_004-reacq03-11.jpg,True,
GP_Ip_8.8mm_closed_R10_single_refY,GP_Ip_8.8mm_closed_R10_single_refY_004,${DXY_VIDEO_DIR}/GP_Ip_8.8mm_closed_R10_single_refY_004.mp4,dc74e25b7637cb2133f8fd509b8a27c784f6e8e80ef1ce843369f3ad551ca952,379,3.236156268991941,117.1142455732084,841,3,12,GP_Ip_8.8mm_closed_R10_single_refY_004-reacq03-12,${DXY_OUTPUT_ROOT}/frames/images/GP_Ip_8.8mm_closed_R10_single_refY_004-reacq03-12.jpg,True,
GP_Ip_8.8mm_closed_R10_single_refY,GP_Ip_8.8mm_closed_R10_single_refY_004,${DXY_VIDEO_DIR}/GP_Ip_8.8mm_closed_R10_single_refY_004.mp4,dc74e25b7637cb2133f8fd509b8a27c784f6e8e80ef1ce843369f3ad551ca952,382,3.2617722816752543,117.1142455732084,841,3,13,GP_Ip_8.8mm_closed_R10_single_refY_004-reacq03-13,${DXY_OUTPUT_ROOT}/frames/images/GP_Ip_8.8mm_closed_R10_single_refY_004-reacq03-13.jpg,True,
GP_Ip_8.8mm_closed_R10_single_refY,GP_Ip_8.8mm_closed_R10_single_refY_004,${DXY_VIDEO_DIR}/GP_Ip_8.8mm_closed_R10_single_refY_004.mp4,dc74e25b7637cb2133f8fd509b8a27c784f6e8e80ef1ce843369f3ad551ca952,385,3.2873882943585677,117.1142455732084,841,3,14,GP_Ip_8.8mm_closed_R10_single_refY_004-reacq03-14,${DXY_OUTPUT_ROOT}/frames/images/GP_Ip_8.8mm_closed_R10_single_refY_004-reacq03-14.jpg,True,
GP_Ip_8.8mm_closed_R10_single_refY,GP_Ip_8.8mm_closed_R10_single_refY_004,${DXY_VIDEO_DIR}/GP_Ip_8.8mm_closed_R10_single_refY_004.mp4,dc74e25b7637cb2133f8fd509b8a27c784f6e8e80ef1ce843369f3ad551ca952,388,3.3130043070418815,117.1142455732084,841,3,15,GP_Ip_8.8mm_closed_R10_single_refY_004-reacq03-15,${DXY_OUTPUT_ROOT}/frames/images/GP_Ip_8.8mm_closed_R10_single_refY_004-reacq03-15.jpg,True,
GP_Ip_8.8mm_closed_R10_single_refY,GP_Ip_8.8mm_closed_R10_single_refY_004,${DXY_VIDEO_DIR}/GP_Ip_8.8mm_closed_R10_single_refY_004.mp4,dc74e25b7637cb2133f8fd509b8a27c784f6e8e80ef1ce843369f3ad551ca952,391,3.338620319725195,117.1142455732084,841,3,16,GP_Ip_8.8mm_closed_R10_single_refY_004-reacq03-16,${DXY_OUTPUT_ROOT}/frames/images/GP_Ip_8.8mm_closed_R10_single_refY_004-reacq03-16.jpg,True,
GP_Ip_8.8mm_closed_R10_single_refY,GP_Ip_8.8mm_closed_R10_single_refY_004,${DXY_VIDEO_DIR}/GP_Ip_8.8mm_closed_R10_single_refY_004.mp4,dc74e25b7637cb2133f8fd509b8a27c784f6e8e80ef1ce843369f3ad551ca952,394,3.3642363324085083,117.1142455732084,841,3,17,GP_Ip_8.8mm_closed_R10_single_refY_004-reacq03-17,${DXY_OUTPUT_ROOT}/frames/images/GP_Ip_8.8mm_closed_R10_single_refY_004-reacq03-17.jpg,True,
GP_Ip_8.8mm_closed_R10_single_refY,GP_Ip_8.8mm_closed_R10_single_refY_004,${DXY_VIDEO_DIR}/GP_Ip_8.8mm_closed_R10_single_refY_004.mp4,dc74e25b7637cb2133f8fd509b8a27c784f6e8e80ef1ce843369f3ad551ca952,397,3.389852345091822,117.1142455732084,841,3,18,GP_Ip_8.8mm_closed_R10_single_refY_004-reacq03-18,${DXY_OUTPUT_ROOT}/frames/images/GP_Ip_8.8mm_closed_R10_single_refY_004-reacq03-18.jpg,True,
GP_Ip_8.8mm_closed_R10_single_refY,GP_Ip_8.8mm_closed_R10_single_refY_004,${DXY_VIDEO_DIR}/GP_Ip_8.8mm_closed_R10_single_refY_004.mp4,dc74e25b7637cb2133f8fd509b8a27c784f6e8e80ef1ce843369f3ad551ca952,400,3.4154683577751355,117.1142455732084,841,3,19,GP_Ip_8.8mm_closed_R10_single_refY_004-reacq03-19,${DXY_OUTPUT_ROOT}/frames/images/GP_Ip_8.8mm_closed_R10_single_refY_004-reacq03-19.jpg,True,
GP_Ip_8.8mm_closed_R10_single_refY,GP_Ip_8.8mm_closed_R10_single_refY_004,${DXY_VIDEO_DIR}/GP_Ip_8.8mm_closed_R10_single_refY_004.mp4,dc74e25b7637cb2133f8fd509b8a27c784f6e8e80ef1ce843369f3ad551ca952,403,3.441084370458449,117.1142455732084,841,3,20,GP_Ip_8.8mm_closed_R10_single_refY_004-reacq03-20,${DXY_OUTPUT_ROOT}/frames/images/GP_Ip_8.8mm_closed_R10_single_refY_004-reacq03-20.jpg,True,
GP_Ip_8.8mm_closed_R10_single_refY,GP_Ip_8.8mm_closed_R10_single_refY_004,${DXY_VIDEO_DIR}/GP_Ip_8.8mm_closed_R10_single_refY_004.mp4,dc74e25b7637cb2133f8fd509b8a27c784f6e8e80ef1ce843369f3ad551ca952,406,3.4667003831417627,117.1142455732084,841,3,21,GP_Ip_8.8mm_closed_R10_single_refY_004-reacq03-21,${DXY_OUTPUT_ROOT}/frames/images/GP_Ip_8.8mm_closed_R10_single_refY_004-reacq03-21.jpg,True,
GP_Ip_8.8mm_closed_R10_single_refY,GP_Ip_8.8mm_closed_R10_single_refY_004,${DXY_VIDEO_DIR}/GP_Ip_8.8mm_closed_R10_single_refY_004.mp4,dc74e25b7637cb2133f8fd509b8a27c784f6e8e80ef1ce843369f3ad551ca952,409,3.492316395825076,117.1142455732084,841,3,22,GP_Ip_8.8mm_closed_R10_single_refY_004-reacq03-22,${DXY_OUTPUT_ROOT}/frames/images/GP_Ip_8.8mm_closed_R10_single_refY_004-reacq03-22.jpg,True,
GP_Ip_8.8mm_closed_R10_single_refY,GP_Ip_8.8mm_closed_R10_single_refY_004,${DXY_VIDEO_DIR}/GP_Ip_8.8mm_closed_R10_single_refY_004.mp4,dc74e25b7637cb2133f8fd509b8a27c784f6e8e80ef1ce843369f3ad551ca952,412,3.5179324085083894,117.1142455732084,841,3,23,GP_Ip_8.8mm_closed_R10_single_refY_004-reacq03-23,${DXY_OUTPUT_ROOT}/frames/images/GP_Ip_8.8mm_closed_R10_single_refY_004-reacq03-23.jpg,True,
GP_Ip_8.8mm_closed_R10_single_refY,GP_Ip_8.8mm_closed_R10_single_refY_004,${DXY_VIDEO_DIR}/GP_Ip_8.8mm_closed_R10_single_refY_004.mp4,dc74e25b7637cb2133f8fd509b8a27c784f6e8e80ef1ce843369f3ad551ca952,415,3.543548421191703,117.1142455732084,841,3,24,GP_Ip_8.8mm_closed_R10_single_refY_004-reacq03-24,${DXY_OUTPUT_ROOT}/frames/images/GP_Ip_8.8mm_closed_R10_single_refY_004-reacq03-24.jpg,True,
GP_Ip_8.8mm_closed_R10_single_refY,GP_Ip_8.8mm_closed_R10_single_refY_004,${DXY_VIDEO_DIR}/GP_Ip_8.8mm_closed_R10_single_refY_004.mp4,dc74e25b7637cb2133f8fd509b8a27c784f6e8e80ef1ce843369f3ad551ca952,418,3.5691644338750166,117.1142455732084,841,3,25,GP_Ip_8.8mm_closed_R10_single_refY_004-reacq03-25,${DXY_OUTPUT_ROOT}/frames/images/GP_Ip_8.8mm_closed_R10_single_refY_004-reacq03-25.jpg,True,
GP_Ip_8.8mm_closed_R10_single_refY,GP_Ip_8.8mm_closed_R10_single_refY_004,${DXY_VIDEO_DIR}/GP_Ip_8.8mm_closed_R10_single_refY_004.mp4,dc74e25b7637cb2133f8fd509b8a27c784f6e8e80ef1ce843369f3ad551ca952,422,3.603319117452768,117.1142455732084,841,3,26,GP_Ip_8.8mm_closed_R10_single_refY_004-reacq03-26,${DXY_OUTPUT_ROOT}/frames/images/GP_Ip_8.8mm_closed_R10_single_refY_004-reacq03-26.jpg,True,
GP_Ip_8.8mm_closed_R10_single_refY,GP_Ip_8.8mm_closed_R10_single_refY_004,${DXY_VIDEO_DIR}/GP_Ip_8.8mm_closed_R10_single_refY_004.mp4,dc74e25b7637cb2133f8fd509b8a27c784f6e8e80ef1ce843369f3ad551ca952,425,3.6289351301360813,117.1142455732084,841,3,27,GP_Ip_8.8mm_closed_R10_single_refY_004-reacq03-27,${DXY_OUTPUT_ROOT}/frames/images/GP_Ip_8.8mm_closed_R10_single_refY_004-reacq03-27.jpg,True,
GP_Ip_8.8mm_closed_R10_single_refY,GP_Ip_8.8mm_closed_R10_single_refY_004,${DXY_VIDEO_DIR}/GP_Ip_8.8mm_closed_R10_single_refY_004.mp4,dc74e25b7637cb2133f8fd509b8a27c784f6e8e80ef1ce843369f3ad551ca952,428,3.654551142819395,117.1142455732084,841,3,28,GP_Ip_8.8mm_closed_R10_single_refY_004-reacq03-28,${DXY_OUTPUT_ROOT}/frames/images/GP_Ip_8.8mm_closed_R10_single_refY_004-reacq03-28.jpg,True,
GP_Ip_8.8mm_closed_R10_single_refY,GP_Ip_8.8mm_closed_R10_single_refY_004,${DXY_VIDEO_DIR}/GP_Ip_8.8mm_closed_R10_single_refY_004.mp4,dc74e25b7637cb2133f8fd509b8a27c784f6e8e80ef1ce843369f3ad551ca952,431,3.6801671555027085,117.1142455732084,841,3,29,GP_Ip_8.8mm_closed_R10_single_refY_004-reacq03-29,${DXY_OUTPUT_ROOT}/frames/images/GP_Ip_8.8mm_closed_R10_single_refY_004-reacq03-29.jpg,True,
GP_Ip_8.8mm_closed_R10_single_refY,GP_Ip_8.8mm_closed_R10_single_refY_004,${DXY_VIDEO_DIR}/GP_Ip_8.8mm_closed_R10_single_refY_004.mp4,dc74e25b7637cb2133f8fd509b8a27c784f6e8e80ef1ce843369f3ad551ca952,434,3.705783168186022,117.1142455732084,841,3,30,GP_Ip_8.8mm_closed_R10_single_refY_004-reacq03-30,${DXY_OUTPUT_ROOT}/frames/images/GP_Ip_8.8mm_closed_R10_single_refY_004-reacq03-30.jpg,True,
GP_Ip_8.8mm_closed_R10_single_refY,GP_Ip_8.8mm_closed_R10_single_refY_004,${DXY_VIDEO_DIR}/GP_Ip_8.8mm_closed_R10_single_refY_004.mp4,dc74e25b7637cb2133f8fd509b8a27c784f6e8e80ef1ce843369f3ad551ca952,437,3.7313991808693356,117.1142455732084,841,3,31,GP_Ip_8.8mm_closed_R10_single_refY_004-reacq03-31,${DXY_OUTPUT_ROOT}/frames/images/GP_Ip_8.8mm_closed_R10_single_refY_004-reacq03-31.jpg,True,
GP_Ip_8.8mm_closed_R10_single_refY,GP_Ip_8.8mm_closed_R10_single_refY_004,${DXY_VIDEO_DIR}/GP_Ip_8.8mm_closed_R10_single_refY_004.mp4,dc74e25b7637cb2133f8fd509b8a27c784f6e8e80ef1ce843369f3ad551ca952,440,3.757015193552649,117.1142455732084,841,3,32,GP_Ip_8.8mm_closed_R10_single_refY_004-reacq03-32,${DXY_OUTPUT_ROOT}/frames/images/GP_Ip_8.8mm_closed_R10_single_refY_004-reacq03-32.jpg,True,
GP_Ip_8.8mm_closed_R10_single_refY,GP_Ip_8.8mm_closed_R10_single_refY_004,${DXY_VIDEO_DIR}/GP_Ip_8.8mm_closed_R10_single_refY_004.mp4,dc74e25b7637cb2133f8fd509b8a27c784f6e8e80ef1ce843369f3ad551ca952,443,3.7826312062359624,117.1142455732084,841,3,33,GP_Ip_8.8mm_closed_R10_single_refY_004-reacq03-33,${DXY_OUTPUT_ROOT}/frames/images/GP_Ip_8.8mm_closed_R10_single_refY_004-reacq03-33.jpg,True,
GP_Ip_8.8mm_closed_R10_single_refY,GP_Ip_8.8mm_closed_R10_single_refY_004,${DXY_VIDEO_DIR}/GP_Ip_8.8mm_closed_R10_single_refY_004.mp4,dc74e25b7637cb2133f8fd509b8a27c784f6e8e80ef1ce843369f3ad551ca952,446,3.808247218919276,117.1142455732084,841,3,34,GP_Ip_8.8mm_closed_R10_single_refY_004-reacq03-34,${DXY_OUTPUT_ROOT}/frames/images/GP_Ip_8.8mm_closed_R10_single_refY_004-reacq03-34.jpg,True,
GP_Ip_8.8mm_closed_R10_single_refY,GP_Ip_8.8mm_closed_R10_single_refY_004,${DXY_VIDEO_DIR}/GP_Ip_8.8mm_closed_R10_single_refY_004.mp4,dc74e25b7637cb2133f8fd509b8a27c784f6e8e80ef1ce843369f3ad551ca952,449,3.8338632316025896,117.1142455732084,841,3,35,GP_Ip_8.8mm_closed_R10_single_refY_004-reacq03-35,${DXY_OUTPUT_ROOT}/frames/images/GP_Ip_8.8mm_closed_R10_single_refY_004-reacq03-35.jpg,True,
GP_Ip_8.8mm_closed_R10_single_refY,GP_Ip_8.8mm_closed_R10_single_refY_004,${DXY_VIDEO_DIR}/GP_Ip_8.8mm_closed_R10_single_refY_004.mp4,dc74e25b7637cb2133f8fd509b8a27c784f6e8e80ef1ce843369f3ad551ca952,452,3.859479244285903,117.1142455732084,841,3,36,GP_Ip_8.8mm_closed_R10_single_refY_004-reacq03-36,${DXY_OUTPUT_ROOT}/frames/images/GP_Ip_8.8mm_closed_R10_single_refY_004-reacq03-36.jpg,True,
GP_Ip_8.8mm_closed_R10_single_refY,GP_Ip_8.8mm_closed_R10_single_refY_004,${DXY_VIDEO_DIR}/GP_Ip_8.8mm_closed_R10_single_refY_004.mp4,dc74e25b7637cb2133f8fd509b8a27c784f6e8e80ef1ce843369f3ad551ca952,455,3.8850952569692168,117.1142455732084,841,3,37,GP_Ip_8.8mm_closed_R10_single_refY_004-reacq03-37,${DXY_OUTPUT_ROOT}/frames/images/GP_Ip_8.8mm_closed_R10_single_refY_004-reacq03-37.jpg,True,
GP_Ip_8.8mm_closed_R10_single_refY,GP_Ip_8.8mm_closed_R10_single_refY_004,${DXY_VIDEO_DIR}/GP_Ip_8.8mm_closed_R10_single_refY_004.mp4,dc74e25b7637cb2133f8fd509b8a27c784f6e8e80ef1ce843369f3ad551ca952,458,3.91071126965253,117.1142455732084,841,3,38,GP_Ip_8.8mm_closed_R10_single_refY_004-reacq03-38,${DXY_OUTPUT_ROOT}/frames/images/GP_Ip_8.8mm_closed_R10_single_refY_004-reacq03-38.jpg,True,
GP_Ip_8.8mm_closed_R10_single_refY,GP_Ip_8.8mm_closed_R10_single_refY_004,${DXY_VIDEO_DIR}/GP_Ip_8.8mm_closed_R10_single_refY_004.mp4,dc74e25b7637cb2133f8fd509b8a27c784f6e8e80ef1ce843369f3ad551ca952,461,3.9363272823358435,117.1142455732084,841,3,39,GP_Ip_8.8mm_closed_R10_single_refY_004-reacq03-39,${DXY_OUTPUT_ROOT}/frames/images/GP_Ip_8.8mm_closed_R10_single_refY_004-reacq03-39.jpg,True,
GP_Ip_8.8mm_closed_R10_single_refY,GP_Ip_8.8mm_closed_R10_single_refY_004,${DXY_VIDEO_DIR}/GP_Ip_8.8mm_closed_R10_single_refY_004.mp4,dc74e25b7637cb2133f8fd509b8a27c784f6e8e80ef1ce843369f3ad551ca952,464,3.9619432950191573,117.1142455732084,841,3,40,GP_Ip_8.8mm_closed_R10_single_refY_004-reacq03-40,${DXY_OUTPUT_ROOT}/frames/images/GP_Ip_8.8mm_closed_R10_single_refY_004-reacq03-40.jpg,True,
GP_Ip_8.8mm_closed_R10_single_refY,GP_Ip_8.8mm_closed_R10_single_refY_004,${DXY_VIDEO_DIR}/GP_Ip_8.8mm_closed_R10_single_refY_004.mp4,dc74e25b7637cb2133f8fd509b8a27c784f6e8e80ef1ce843369f3ad551ca952,467,3.9875593077024707,117.1142455732084,841,3,41,GP_Ip_8.8mm_closed_R10_single_refY_004-reacq03-41,${DXY_OUTPUT_ROOT}/frames/images/GP_Ip_8.8mm_closed_R10_single_refY_004-reacq03-41.jpg,True,
GP_Ip_8.8mm_closed_R10_single_refY,GP_Ip_8.8mm_closed_R10_single_refY_004,${DXY_VIDEO_DIR}/GP_Ip_8.8mm_closed_R10_single_refY_004.mp4,dc74e25b7637cb2133f8fd509b8a27c784f6e8e80ef1ce843369f3ad551ca952,471,4.0217139912802224,117.1142455732084,841,3,42,GP_Ip_8.8mm_closed_R10_single_refY_004-reacq03-42,${DXY_OUTPUT_ROOT}/frames/images/GP_Ip_8.8mm_closed_R10_single_refY_004-reacq03-42.jpg,True,
GP_Ip_8.8mm_closed_R10_single_refY,GP_Ip_8.8mm_closed_R10_single_refY_004,${DXY_VIDEO_DIR}/GP_Ip_8.8mm_closed_R10_single_refY_004.mp4,dc74e25b7637cb2133f8fd509b8a27c784f6e8e80ef1ce843369f3ad551ca952,474,4.047330003963536,117.1142455732084,841,3,43,GP_Ip_8.8mm_closed_R10_single_refY_004-reacq03-43,${DXY_OUTPUT_ROOT}/frames/images/GP_Ip_8.8mm_closed_R10_single_refY_004-reacq03-43.jpg,True,
GP_Ip_8.8mm_closed_R10_single_refY,GP_Ip_8.8mm_closed_R10_single_refY_004,${DXY_VIDEO_DIR}/GP_Ip_8.8mm_closed_R10_single_refY_004.mp4,dc74e25b7637cb2133f8fd509b8a27c784f6e8e80ef1ce843369f3ad551ca952,477,4.072946016646849,117.1142455732084,841,3,44,GP_Ip_8.8mm_closed_R10_single_refY_004-reacq03-44,${DXY_OUTPUT_ROOT}/frames/images/GP_Ip_8.8mm_closed_R10_single_refY_004-reacq03-44.jpg,True,
GP_Ip_8.8mm_closed_R10_single_refY,GP_Ip_8.8mm_closed_R10_single_refY_004,${DXY_VIDEO_DIR}/GP_Ip_8.8mm_closed_R10_single_refY_004.mp4,dc74e25b7637cb2133f8fd509b8a27c784f6e8e80ef1ce843369f3ad551ca952,480,4.098562029330163,117.1142455732084,841,3,45,GP_Ip_8.8mm_closed_R10_single_refY_004-reacq03-45,${DXY_OUTPUT_ROOT}/frames/images/GP_Ip_8.8mm_closed_R10_single_refY_004-reacq03-45.jpg,True,
GP_Ip_8.8mm_closed_R10_single_refY,GP_Ip_8.8mm_closed_R10_single_refY_004,${DXY_VIDEO_DIR}/GP_Ip_8.8mm_closed_R10_single_refY_004.mp4,dc74e25b7637cb2133f8fd509b8a27c784f6e8e80ef1ce843369f3ad551ca952,483,4.124178042013476,117.1142455732084,841,3,46,GP_Ip_8.8mm_closed_R10_single_refY_004-reacq03-46,${DXY_OUTPUT_ROOT}/frames/images/GP_Ip_8.8mm_closed_R10_single_refY_004-reacq03-46.jpg,True,
GP_Ip_8.8mm_closed_R10_single_refY,GP_Ip_8.8mm_closed_R10_single_refY_004,${DXY_VIDEO_DIR}/GP_Ip_8.8mm_closed_R10_single_refY_004.mp4,dc74e25b7637cb2133f8fd509b8a27c784f6e8e80ef1ce843369f3ad551ca952,486,4.149794054696789,117.1142455732084,841,3,47,GP_Ip_8.8mm_closed_R10_single_refY_004-reacq03-47,${DXY_OUTPUT_ROOT}/frames/images/GP_Ip_8.8mm_closed_R10_single_refY_004-reacq03-47.jpg,True,
GP_Ip_8.8mm_closed_R10_single_refY,GP_Ip_8.8mm_closed_R10_single_refY_004,${DXY_VIDEO_DIR}/GP_Ip_8.8mm_closed_R10_single_refY_004.mp4,dc74e25b7637cb2133f8fd509b8a27c784f6e8e80ef1ce843369f3ad551ca952,489,4.175410067380103,117.1142455732084,841,3,48,GP_Ip_8.8mm_closed_R10_single_refY_004-reacq03-48,${DXY_OUTPUT_ROOT}/frames/images/GP_Ip_8.8mm_closed_R10_single_refY_004-reacq03-48.jpg,True,
GP_Ip_8.8mm_closed_R10_single_refY,GP_Ip_8.8mm_closed_R10_single_refY_004,${DXY_VIDEO_DIR}/GP_Ip_8.8mm_closed_R10_single_refY_004.mp4,dc74e25b7637cb2133f8fd509b8a27c784f6e8e80ef1ce843369f3ad551ca952,492,4.201026080063417,117.1142455732084,841,3,49,GP_Ip_8.8mm_closed_R10_single_refY_004-reacq03-49,${DXY_OUTPUT_ROOT}/frames/images/GP_Ip_8.8mm_closed_R10_single_refY_004-reacq03-49.jpg,True,
GP_Ip_8.8mm_closed_R10_single_refY,GP_Ip_8.8mm_closed_R10_single_refY_004,${DXY_VIDEO_DIR}/GP_Ip_8.8mm_closed_R10_single_refY_004.mp4,dc74e25b7637cb2133f8fd509b8a27c784f6e8e80ef1ce843369f3ad551ca952,495,4.22664209274673,117.1142455732084,841,3,50,GP_Ip_8.8mm_closed_R10_single_refY_004-reacq03-50,${DXY_OUTPUT_ROOT}/frames/images/GP_Ip_8.8mm_closed_R10_single_refY_004-reacq03-50.jpg,True,
GP_Ip_8.8mm_closed_R10_single_refY,GP_Ip_8.8mm_closed_R10_single_refY_004,${DXY_VIDEO_DIR}/GP_Ip_8.8mm_closed_R10_single_refY_004.mp4,dc74e25b7637cb2133f8fd509b8a27c784f6e8e80ef1ce843369f3ad551ca952,496,4.235180763641168,117.1142455732084,841,4,1,GP_Ip_8.8mm_closed_R10_single_refY_004-reacq04-01,${DXY_OUTPUT_ROOT}/frames/images/GP_Ip_8.8mm_closed_R10_single_refY_004-reacq04-01.jpg,True,
GP_Ip_8.8mm_closed_R10_single_refY,GP_Ip_8.8mm_closed_R10_single_refY_004,${DXY_VIDEO_DIR}/GP_Ip_8.8mm_closed_R10_single_refY_004.mp4,dc74e25b7637cb2133f8fd509b8a27c784f6e8e80ef1ce843369f3ad551ca952,499,4.260796776324481,117.1142455732084,841,4,2,GP_Ip_8.8mm_closed_R10_single_refY_004-reacq04-02,${DXY_OUTPUT_ROOT}/frames/images/GP_Ip_8.8mm_closed_R10_single_refY_004-reacq04-02.jpg,True,
GP_Ip_8.8mm_closed_R10_single_refY,GP_Ip_8.8mm_closed_R10_single_refY_004,${DXY_VIDEO_DIR}/GP_Ip_8.8mm_closed_R10_single_refY_004.mp4,dc74e25b7637cb2133f8fd509b8a27c784f6e8e80ef1ce843369f3ad551ca952,502,4.286412789007795,117.1142455732084,841,4,3,GP_Ip_8.8mm_closed_R10_single_refY_004-reacq04-03,${DXY_OUTPUT_ROOT}/frames/images/GP_Ip_8.8mm_closed_R10_single_refY_004-reacq04-03.jpg,True,
GP_Ip_8.8mm_closed_R10_single_refY,GP_Ip_8.8mm_closed_R10_single_refY_004,${DXY_VIDEO_DIR}/GP_Ip_8.8mm_closed_R10_single_refY_004.mp4,dc74e25b7637cb2133f8fd509b8a27c784f6e8e80ef1ce843369f3ad551ca952,505,4.312028801691109,117.1142455732084,841,4,4,GP_Ip_8.8mm_closed_R10_single_refY_004-reacq04-04,${DXY_OUTPUT_ROOT}/frames/images/GP_Ip_8.8mm_closed_R10_single_refY_004-reacq04-04.jpg,True,
GP_Ip_8.8mm_closed_R10_single_refY,GP_Ip_8.8mm_closed_R10_single_refY_004,${DXY_VIDEO_DIR}/GP_Ip_8.8mm_closed_R10_single_refY_004.mp4,dc74e25b7637cb2133f8fd509b8a27c784f6e8e80ef1ce843369f3ad551ca952,508,4.337644814374422,117.1142455732084,841,4,5,GP_Ip_8.8mm_closed_R10_single_refY_004-reacq04-05,${DXY_OUTPUT_ROOT}/frames/images/GP_Ip_8.8mm_closed_R10_single_refY_004-reacq04-05.jpg,True,
GP_Ip_8.8mm_closed_R10_single_refY,GP_Ip_8.8mm_closed_R10_single_refY_004,${DXY_VIDEO_DIR}/GP_Ip_8.8mm_closed_R10_single_refY_004.mp4,dc74e25b7637cb2133f8fd509b8a27c784f6e8e80ef1ce843369f3ad551ca952,511,4.3632608270577355,117.1142455732084,841,4,6,GP_Ip_8.8mm_closed_R10_single_refY_004-reacq04-06,${DXY_OUTPUT_ROOT}/frames/images/GP_Ip_8.8mm_closed_R10_single_refY_004-reacq04-06.jpg,True,
GP_Ip_8.8mm_closed_R10_single_refY,GP_Ip_8.8mm_closed_R10_single_refY_004,${DXY_VIDEO_DIR}/GP_Ip_8.8mm_closed_R10_single_refY_004.mp4,dc74e25b7637cb2133f8fd509b8a27c784f6e8e80ef1ce843369f3ad551ca952,514,4.388876839741049,117.1142455732084,841,4,7,GP_Ip_8.8mm_closed_R10_single_refY_004-reacq04-07,${DXY_OUTPUT_ROOT}/frames/images/GP_Ip_8.8mm_closed_R10_single_refY_004-reacq04-07.jpg,True,
GP_Ip_8.8mm_closed_R10_single_refY,GP_Ip_8.8mm_closed_R10_single_refY_004,${DXY_VIDEO_DIR}/GP_Ip_8.8mm_closed_R10_single_refY_004.mp4,dc74e25b7637cb2133f8fd509b8a27c784f6e8e80ef1ce843369f3ad551ca952,517,4.414492852424362,117.1142455732084,841,4,8,GP_Ip_8.8mm_closed_R10_single_refY_004-reacq04-08,${DXY_OUTPUT_ROOT}/frames/images/GP_Ip_8.8mm_closed_R10_single_refY_004-reacq04-08.jpg,True,
GP_Ip_8.8mm_closed_R10_single_refY,GP_Ip_8.8mm_closed_R10_single_refY_004,${DXY_VIDEO_DIR}/GP_Ip_8.8mm_closed_R10_single_refY_004.mp4,dc74e25b7637cb2133f8fd509b8a27c784f6e8e80ef1ce843369f3ad551ca952,520,4.4401088651076766,117.1142455732084,841,4,9,GP_Ip_8.8mm_closed_R10_single_refY_004-reacq04-09,${DXY_OUTPUT_ROOT}/frames/images/GP_Ip_8.8mm_closed_R10_single_refY_004-reacq04-09.jpg,True,
GP_Ip_8.8mm_closed_R10_single_refY,GP_Ip_8.8mm_closed_R10_single_refY_004,${DXY_VIDEO_DIR}/GP_Ip_8.8mm_closed_R10_single_refY_004.mp4,dc74e25b7637cb2133f8fd509b8a27c784f6e8e80ef1ce843369f3ad551ca952,524,4.474263548685427,117.1142455732084,841,4,10,GP_Ip_8.8mm_closed_R10_single_refY_004-reacq04-10,${DXY_OUTPUT_ROOT}/frames/images/GP_Ip_8.8mm_closed_R10_single_refY_004-reacq04-10.jpg,True,
GP_Ip_8.8mm_closed_R10_single_refY,GP_Ip_8.8mm_closed_R10_single_refY_004,${DXY_VIDEO_DIR}/GP_Ip_8.8mm_closed_R10_single_refY_004.mp4,dc74e25b7637cb2133f8fd509b8a27c784f6e8e80ef1ce843369f3ad551ca952,527,4.499879561368741,117.1142455732084,841,4,11,GP_Ip_8.8mm_closed_R10_single_refY_004-reacq04-11,${DXY_OUTPUT_ROOT}/frames/images/GP_Ip_8.8mm_closed_R10_single_refY_004-reacq04-11.jpg,True,
GP_Ip_8.8mm_closed_R10_single_refY,GP_Ip_8.8mm_closed_R10_single_refY_004,${DXY_VIDEO_DIR}/GP_Ip_8.8mm_closed_R10_single_refY_004.mp4,dc74e25b7637cb2133f8fd509b8a27c784f6e8e80ef1ce843369f3ad551ca952,530,4.525495574052054,117.1142455732084,841,4,12,GP_Ip_8.8mm_closed_R10_single_refY_004-reacq04-12,${DXY_OUTPUT_ROOT}/frames/images/GP_Ip_8.8mm_closed_R10_single_refY_004-reacq04-12.jpg,True,
GP_Ip_8.8mm_closed_R10_single_refY,GP_Ip_8.8mm_closed_R10_single_refY_004,${DXY_VIDEO_DIR}/GP_Ip_8.8mm_closed_R10_single_refY_004.mp4,dc74e25b7637cb2133f8fd509b8a27c784f6e8e80ef1ce843369f3ad551ca952,533,4.551111586735368,117.1142455732084,841,4,13,GP_Ip_8.8mm_closed_R10_single_refY_004-reacq04-13,${DXY_OUTPUT_ROOT}/frames/images/GP_Ip_8.8mm_closed_R10_single_refY_004-reacq04-13.jpg,True,
GP_Ip_8.8mm_closed_R10_single_refY,GP_Ip_8.8mm_closed_R10_single_refY_004,${DXY_VIDEO_DIR}/GP_Ip_8.8mm_closed_R10_single_refY_004.mp4,dc74e25b7637cb2133f8fd509b8a27c784f6e8e80ef1ce843369f3ad551ca952,536,4.576727599418682,117.1142455732084,841,4,14,GP_Ip_8.8mm_closed_R10_single_refY_004-reacq04-14,${DXY_OUTPUT_ROOT}/frames/images/GP_Ip_8.8mm_closed_R10_single_refY_004-reacq04-14.jpg,True,
GP_Ip_8.8mm_closed_R10_single_refY,GP_Ip_8.8mm_closed_R10_single_refY_004,${DXY_VIDEO_DIR}/GP_Ip_8.8mm_closed_R10_single_refY_004.mp4,dc74e25b7637cb2133f8fd509b8a27c784f6e8e80ef1ce843369f3ad551ca952,539,4.602343612101995,117.1142455732084,841,4,15,GP_Ip_8.8mm_closed_R10_single_refY_004-reacq04-15,${DXY_OUTPUT_ROOT}/frames/images/GP_Ip_8.8mm_closed_R10_single_refY_004-reacq04-15.jpg,True,
GP_Ip_8.8mm_closed_R10_single_refY,GP_Ip_8.8mm_closed_R10_single_refY_004,${DXY_VIDEO_DIR}/GP_Ip_8.8mm_closed_R10_single_refY_004.mp4,dc74e25b7637cb2133f8fd509b8a27c784f6e8e80ef1ce843369f3ad551ca952,542,4.6279596247853085,117.1142455732084,841,4,16,GP_Ip_8.8mm_closed_R10_single_refY_004-reacq04-16,${DXY_OUTPUT_ROOT}/frames/images/GP_Ip_8.8mm_closed_R10_single_refY_004-reacq04-16.jpg,True,
GP_Ip_8.8mm_closed_R10_single_refY,GP_Ip_8.8mm_closed_R10_single_refY_004,${DXY_VIDEO_DIR}/GP_Ip_8.8mm_closed_R10_single_refY_004.mp4,dc74e25b7637cb2133f8fd509b8a27c784f6e8e80ef1ce843369f3ad551ca952,545,4.653575637468622,117.1142455732084,841,4,17,GP_Ip_8.8mm_closed_R10_single_refY_004-reacq04-17,${DXY_OUTPUT_ROOT}/frames/images/GP_Ip_8.8mm_closed_R10_single_refY_004-reacq04-17.jpg,True,
GP_Ip_8.8mm_closed_R10_single_refY,GP_Ip_8.8mm_closed_R10_single_refY_004,${DXY_VIDEO_DIR}/GP_Ip_8.8mm_closed_R10_single_refY_004.mp4,dc74e25b7637cb2133f8fd509b8a27c784f6e8e80ef1ce843369f3ad551ca952,548,4.679191650151935,117.1142455732084,841,4,18,GP_Ip_8.8mm_closed_R10_single_refY_004-reacq04-18,${DXY_OUTPUT_ROOT}/frames/images/GP_Ip_8.8mm_closed_R10_single_refY_004-reacq04-18.jpg,True,
GP_Ip_8.8mm_closed_R10_single_refY,GP_Ip_8.8mm_closed_R10_single_refY_004,${DXY_VIDEO_DIR}/GP_Ip_8.8mm_closed_R10_single_refY_004.mp4,dc74e25b7637cb2133f8fd509b8a27c784f6e8e80ef1ce843369f3ad551ca952,551,4.7048076628352495,117.1142455732084,841,4,19,GP_Ip_8.8mm_closed_R10_single_refY_004-reacq04-19,${DXY_OUTPUT_ROOT}/frames/images/GP_Ip_8.8mm_closed_R10_single_refY_004-reacq04-19.jpg,True,
GP_Ip_8.8mm_closed_R10_single_refY,GP_Ip_8.8mm_closed_R10_single_refY_004,${DXY_VIDEO_DIR}/GP_Ip_8.8mm_closed_R10_single_refY_004.mp4,dc74e25b7637cb2133f8fd509b8a27c784f6e8e80ef1ce843369f3ad551ca952,554,4.730423675518563,117.1142455732084,841,4,20,GP_Ip_8.8mm_closed_R10_single_refY_004-reacq04-20,${DXY_OUTPUT_ROOT}/frames/images/GP_Ip_8.8mm_closed_R10_single_refY_004-reacq04-20.jpg,True,
GP_Ip_8.8mm_closed_R10_single_refY,GP_Ip_8.8mm_closed_R10_single_refY_004,${DXY_VIDEO_DIR}/GP_Ip_8.8mm_closed_R10_single_refY_004.mp4,dc74e25b7637cb2133f8fd509b8a27c784f6e8e80ef1ce843369f3ad551ca952,557,4.756039688201876,117.1142455732084,841,4,21,GP_Ip_8.8mm_closed_R10_single_refY_004-reacq04-21,${DXY_OUTPUT_ROOT}/frames/images/GP_Ip_8.8mm_closed_R10_single_refY_004-reacq04-21.jpg,True,
GP_Ip_8.8mm_closed_R10_single_refY,GP_Ip_8.8mm_closed_R10_single_refY_004,${DXY_VIDEO_DIR}/GP_Ip_8.8mm_closed_R10_single_refY_004.mp4,dc74e25b7637cb2133f8fd509b8a27c784f6e8e80ef1ce843369f3ad551ca952,560,4.78165570088519,117.1142455732084,841,4,22,GP_Ip_8.8mm_closed_R10_single_refY_004-reacq04-22,${DXY_OUTPUT_ROOT}/frames/images/GP_Ip_8.8mm_closed_R10_single_refY_004-reacq04-22.jpg,True,
GP_Ip_8.8mm_closed_R10_single_refY,GP_Ip_8.8mm_closed_R10_single_refY_004,${DXY_VIDEO_DIR}/GP_Ip_8.8mm_closed_R10_single_refY_004.mp4,dc74e25b7637cb2133f8fd509b8a27c784f6e8e80ef1ce843369f3ad551ca952,563,4.807271713568503,117.1142455732084,841,4,23,GP_Ip_8.8mm_closed_R10_single_refY_004-reacq04-23,${DXY_OUTPUT_ROOT}/frames/images/GP_Ip_8.8mm_closed_R10_single_refY_004-reacq04-23.jpg,True,
GP_Ip_8.8mm_closed_R10_single_refY,GP_Ip_8.8mm_closed_R10_single_refY_004,${DXY_VIDEO_DIR}/GP_Ip_8.8mm_closed_R10_single_refY_004.mp4,dc74e25b7637cb2133f8fd509b8a27c784f6e8e80ef1ce843369f3ad551ca952,566,4.832887726251816,117.1142455732084,841,4,24,GP_Ip_8.8mm_closed_R10_single_refY_004-reacq04-24,${DXY_OUTPUT_ROOT}/frames/images/GP_Ip_8.8mm_closed_R10_single_refY_004-reacq04-24.jpg,True,
GP_Ip_8.8mm_closed_R10_single_refY,GP_Ip_8.8mm_closed_R10_single_refY_004,${DXY_VIDEO_DIR}/GP_Ip_8.8mm_closed_R10_single_refY_004.mp4,dc74e25b7637cb2133f8fd509b8a27c784f6e8e80ef1ce843369f3ad551ca952,569,4.858503738935131,117.1142455732084,841,4,25,GP_Ip_8.8mm_closed_R10_single_refY_004-reacq04-25,${DXY_OUTPUT_ROOT}/frames/images/GP_Ip_8.8mm_closed_R10_single_refY_004-reacq04-25.jpg,True,
GP_Ip_8.8mm_closed_R10_single_refY,GP_Ip_8.8mm_closed_R10_single_refY_004,${DXY_VIDEO_DIR}/GP_Ip_8.8mm_closed_R10_single_refY_004.mp4,dc74e25b7637cb2133f8fd509b8a27c784f6e8e80ef1ce843369f3ad551ca952,573,4.8926584225128815,117.1142455732084,841,4,26,GP_Ip_8.8mm_closed_R10_single_refY_004-reacq04-26,${DXY_OUTPUT_ROOT}/frames/images/GP_Ip_8.8mm_closed_R10_single_refY_004-reacq04-26.jpg,True,
GP_Ip_8.8mm_closed_R10_single_refY,GP_Ip_8.8mm_closed_R10_single_refY_004,${DXY_VIDEO_DIR}/GP_Ip_8.8mm_closed_R10_single_refY_004.mp4,dc74e25b7637cb2133f8fd509b8a27c784f6e8e80ef1ce843369f3ad551ca952,576,4.918274435196195,117.1142455732084,841,4,27,GP_Ip_8.8mm_closed_R10_single_refY_004-reacq04-27,${DXY_OUTPUT_ROOT}/frames/images/GP_Ip_8.8mm_closed_R10_single_refY_004-reacq04-27.jpg,True,
GP_Ip_8.8mm_closed_R10_single_refY,GP_Ip_8.8mm_closed_R10_single_refY_004,${DXY_VIDEO_DIR}/GP_Ip_8.8mm_closed_R10_single_refY_004.mp4,dc74e25b7637cb2133f8fd509b8a27c784f6e8e80ef1ce843369f3ad551ca952,579,4.943890447879508,117.1142455732084,841,4,28,GP_Ip_8.8mm_closed_R10_single_refY_004-reacq04-28,${DXY_OUTPUT_ROOT}/frames/images/GP_Ip_8.8mm_closed_R10_single_refY_004-reacq04-28.jpg,True,
GP_Ip_8.8mm_closed_R10_single_refY,GP_Ip_8.8mm_closed_R10_single_refY_004,${DXY_VIDEO_DIR}/GP_Ip_8.8mm_closed_R10_single_refY_004.mp4,dc74e25b7637cb2133f8fd509b8a27c784f6e8e80ef1ce843369f3ad551ca952,582,4.9695064605628225,117.1142455732084,841,4,29,GP_Ip_8.8mm_closed_R10_single_refY_004-reacq04-29,${DXY_OUTPUT_ROOT}/frames/images/GP_Ip_8.8mm_closed_R10_single_refY_004-reacq04-29.jpg,True,
GP_Ip_8.8mm_closed_R10_single_refY,GP_Ip_8.8mm_closed_R10_single_refY_004,${DXY_VIDEO_DIR}/GP_Ip_8.8mm_closed_R10_single_refY_004.mp4,dc74e25b7637cb2133f8fd509b8a27c784f6e8e80ef1ce843369f3ad551ca952,585,4.995122473246136,117.1142455732084,841,4,30,GP_Ip_8.8mm_closed_R10_single_refY_004-reacq04-30,${DXY_OUTPUT_ROOT}/frames/images/GP_Ip_8.8mm_closed_R10_single_refY_004-reacq04-30.jpg,True,
GP_Ip_8.8mm_closed_R10_single_refY,GP_Ip_8.8mm_closed_R10_single_refY_004,${DXY_VIDEO_DIR}/GP_Ip_8.8mm_closed_R10_single_refY_004.mp4,dc74e25b7637cb2133f8fd509b8a27c784f6e8e80ef1ce843369f3ad551ca952,588,5.020738485929449,117.1142455732084,841,4,31,GP_Ip_8.8mm_closed_R10_single_refY_004-reacq04-31,${DXY_OUTPUT_ROOT}/frames/images/GP_Ip_8.8mm_closed_R10_single_refY_004-reacq04-31.jpg,True,
GP_Ip_8.8mm_closed_R10_single_refY,GP_Ip_8.8mm_closed_R10_single_refY_004,${DXY_VIDEO_DIR}/GP_Ip_8.8mm_closed_R10_single_refY_004.mp4,dc74e25b7637cb2133f8fd509b8a27c784f6e8e80ef1ce843369f3ad551ca952,591,5.046354498612763,117.1142455732084,841,4,32,GP_Ip_8.8mm_closed_R10_single_refY_004-reacq04-32,${DXY_OUTPUT_ROOT}/frames/images/GP_Ip_8.8mm_closed_R10_single_refY_004-reacq04-32.jpg,True,
GP_Ip_8.8mm_closed_R10_single_refY,GP_Ip_8.8mm_closed_R10_single_refY_004,${DXY_VIDEO_DIR}/GP_Ip_8.8mm_closed_R10_single_refY_004.mp4,dc74e25b7637cb2133f8fd509b8a27c784f6e8e80ef1ce843369f3ad551ca952,594,5.071970511296076,117.1142455732084,841,4,33,GP_Ip_8.8mm_closed_R10_single_refY_004-reacq04-33,${DXY_OUTPUT_ROOT}/frames/images/GP_Ip_8.8mm_closed_R10_single_refY_004-reacq04-33.jpg,True,
GP_Ip_8.8mm_closed_R10_single_refY,GP_Ip_8.8mm_closed_R10_single_refY_004,${DXY_VIDEO_DIR}/GP_Ip_8.8mm_closed_R10_single_refY_004.mp4,dc74e25b7637cb2133f8fd509b8a27c784f6e8e80ef1ce843369f3ad551ca952,597,5.097586523979389,117.1142455732084,841,4,34,GP_Ip_8.8mm_closed_R10_single_refY_004-reacq04-34,${DXY_OUTPUT_ROOT}/frames/images/GP_Ip_8.8mm_closed_R10_single_refY_004-reacq04-34.jpg,True,
GP_Ip_8.8mm_closed_R10_single_refY,GP_Ip_8.8mm_closed_R10_single_refY_004,${DXY_VIDEO_DIR}/GP_Ip_8.8mm_closed_R10_single_refY_004.mp4,dc74e25b7637cb2133f8fd509b8a27c784f6e8e80ef1ce843369f3ad551ca952,600,5.123202536662704,117.1142455732084,841,4,35,GP_Ip_8.8mm_closed_R10_single_refY_004-reacq04-35,${DXY_OUTPUT_ROOT}/frames/images/GP_Ip_8.8mm_closed_R10_single_refY_004-reacq04-35.jpg,True,
GP_Ip_8.8mm_closed_R10_single_refY,GP_Ip_8.8mm_closed_R10_single_refY_004,${DXY_VIDEO_DIR}/GP_Ip_8.8mm_closed_R10_single_refY_004.mp4,dc74e25b7637cb2133f8fd509b8a27c784f6e8e80ef1ce843369f3ad551ca952,603,5.148818549346017,117.1142455732084,841,4,36,GP_Ip_8.8mm_closed_R10_single_refY_004-reacq04-36,${DXY_OUTPUT_ROOT}/frames/images/GP_Ip_8.8mm_closed_R10_single_refY_004-reacq04-36.jpg,True,
GP_Ip_8.8mm_closed_R10_single_refY,GP_Ip_8.8mm_closed_R10_single_refY_004,${DXY_VIDEO_DIR}/GP_Ip_8.8mm_closed_R10_single_refY_004.mp4,dc74e25b7637cb2133f8fd509b8a27c784f6e8e80ef1ce843369f3ad551ca952,606,5.17443456202933,117.1142455732084,841,4,37,GP_Ip_8.8mm_closed_R10_single_refY_004-reacq04-37,${DXY_OUTPUT_ROOT}/frames/images/GP_Ip_8.8mm_closed_R10_single_refY_004-reacq04-37.jpg,True,
GP_Ip_8.8mm_closed_R10_single_refY,GP_Ip_8.8mm_closed_R10_single_refY_004,${DXY_VIDEO_DIR}/GP_Ip_8.8mm_closed_R10_single_refY_004.mp4,dc74e25b7637cb2133f8fd509b8a27c784f6e8e80ef1ce843369f3ad551ca952,609,5.200050574712644,117.1142455732084,841,4,38,GP_Ip_8.8mm_closed_R10_single_refY_004-reacq04-38,${DXY_OUTPUT_ROOT}/frames/images/GP_Ip_8.8mm_closed_R10_single_refY_004-reacq04-38.jpg,True,
GP_Ip_8.8mm_closed_R10_single_refY,GP_Ip_8.8mm_closed_R10_single_refY_004,${DXY_VIDEO_DIR}/GP_Ip_8.8mm_closed_R10_single_refY_004.mp4,dc74e25b7637cb2133f8fd509b8a27c784f6e8e80ef1ce843369f3ad551ca952,612,5.225666587395957,117.1142455732084,841,4,39,GP_Ip_8.8mm_closed_R10_single_refY_004-reacq04-39,${DXY_OUTPUT_ROOT}/frames/images/GP_Ip_8.8mm_closed_R10_single_refY_004-reacq04-39.jpg,True,
GP_Ip_8.8mm_closed_R10_single_refY,GP_Ip_8.8mm_closed_R10_single_refY_004,${DXY_VIDEO_DIR}/GP_Ip_8.8mm_closed_R10_single_refY_004.mp4,dc74e25b7637cb2133f8fd509b8a27c784f6e8e80ef1ce843369f3ad551ca952,615,5.2512826000792705,117.1142455732084,841,4,40,GP_Ip_8.8mm_closed_R10_single_refY_004-reacq04-40,${DXY_OUTPUT_ROOT}/frames/images/GP_Ip_8.8mm_closed_R10_single_refY_004-reacq04-40.jpg,True,
GP_Ip_8.8mm_closed_R10_single_refY,GP_Ip_8.8mm_closed_R10_single_refY_004,${DXY_VIDEO_DIR}/GP_Ip_8.8mm_closed_R10_single_refY_004.mp4,dc74e25b7637cb2133f8fd509b8a27c784f6e8e80ef1ce843369f3ad551ca952,618,5.276898612762584,117.1142455732084,841,4,41,GP_Ip_8.8mm_closed_R10_single_refY_004-reacq04-41,${DXY_OUTPUT_ROOT}/frames/images/GP_Ip_8.8mm_closed_R10_single_refY_004-reacq04-41.jpg,True,
GP_Ip_8.8mm_closed_R10_single_refY,GP_Ip_8.8mm_closed_R10_single_refY_004,${DXY_VIDEO_DIR}/GP_Ip_8.8mm_closed_R10_single_refY_004.mp4,dc74e25b7637cb2133f8fd509b8a27c784f6e8e80ef1ce843369f3ad551ca952,622,5.311053296340336,117.1142455732084,841,4,42,GP_Ip_8.8mm_closed_R10_single_refY_004-reacq04-42,${DXY_OUTPUT_ROOT}/frames/images/GP_Ip_8.8mm_closed_R10_single_refY_004-reacq04-42.jpg,True,
GP_Ip_8.8mm_closed_R10_single_refY,GP_Ip_8.8mm_closed_R10_single_refY_004,${DXY_VIDEO_DIR}/GP_Ip_8.8mm_closed_R10_single_refY_004.mp4,dc74e25b7637cb2133f8fd509b8a27c784f6e8e80ef1ce843369f3ad551ca952,625,5.336669309023649,117.1142455732084,841,4,43,GP_Ip_8.8mm_closed_R10_single_refY_004-reacq04-43,${DXY_OUTPUT_ROOT}/frames/images/GP_Ip_8.8mm_closed_R10_single_refY_004-reacq04-43.jpg,True,
GP_Ip_8.8mm_closed_R10_single_refY,GP_Ip_8.8mm_closed_R10_single_refY_004,${DXY_VIDEO_DIR}/GP_Ip_8.8mm_closed_R10_single_refY_004.mp4,dc74e25b7637cb2133f8fd509b8a27c784f6e8e80ef1ce843369f3ad551ca952,628,5.362285321706962,117.1142455732084,841,4,44,GP_Ip_8.8mm_closed_R10_single_refY_004-reacq04-44,${DXY_OUTPUT_ROOT}/frames/images/GP_Ip_8.8mm_closed_R10_single_refY_004-reacq04-44.jpg,True,
GP_Ip_8.8mm_closed_R10_single_refY,GP_Ip_8.8mm_closed_R10_single_refY_004,${DXY_VIDEO_DIR}/GP_Ip_8.8mm_closed_R10_single_refY_004.mp4,dc74e25b7637cb2133f8fd509b8a27c784f6e8e80ef1ce843369f3ad551ca952,631,5.387901334390277,117.1142455732084,841,4,45,GP_Ip_8.8mm_closed_R10_single_refY_004-reacq04-45,${DXY_OUTPUT_ROOT}/frames/images/GP_Ip_8.8mm_closed_R10_single_refY_004-reacq04-45.jpg,True,
GP_Ip_8.8mm_closed_R10_single_refY,GP_Ip_8.8mm_closed_R10_single_refY_004,${DXY_VIDEO_DIR}/GP_Ip_8.8mm_closed_R10_single_refY_004.mp4,dc74e25b7637cb2133f8fd509b8a27c784f6e8e80ef1ce843369f3ad551ca952,634,5.41351734707359,117.1142455732084,841,4,46,GP_Ip_8.8mm_closed_R10_single_refY_004-reacq04-46,${DXY_OUTPUT_ROOT}/frames/images/GP_Ip_8.8mm_closed_R10_single_refY_004-reacq04-46.jpg,True,
GP_Ip_8.8mm_closed_R10_single_refY,GP_Ip_8.8mm_closed_R10_single_refY_004,${DXY_VIDEO_DIR}/GP_Ip_8.8mm_closed_R10_single_refY_004.mp4,dc74e25b7637cb2133f8fd509b8a27c784f6e8e80ef1ce843369f3ad551ca952,637,5.439133359756903,117.1142455732084,841,4,47,GP_Ip_8.8mm_closed_R10_single_refY_004-reacq04-47,${DXY_OUTPUT_ROOT}/frames/images/GP_Ip_8.8mm_closed_R10_single_refY_004-reacq04-47.jpg,True,
GP_Ip_8.8mm_closed_R10_single_refY,GP_Ip_8.8mm_closed_R10_single_refY_004,${DXY_VIDEO_DIR}/GP_Ip_8.8mm_closed_R10_single_refY_004.mp4,dc74e25b7637cb2133f8fd509b8a27c784f6e8e80ef1ce843369f3ad551ca952,640,5.464749372440217,117.1142455732084,841,4,48,GP_Ip_8.8mm_closed_R10_single_refY_004-reacq04-48,${DXY_OUTPUT_ROOT}/frames/images/GP_Ip_8.8mm_closed_R10_single_refY_004-reacq04-48.jpg,True,
GP_Ip_8.8mm_closed_R10_single_refY,GP_Ip_8.8mm_closed_R10_single_refY_004,${DXY_VIDEO_DIR}/GP_Ip_8.8mm_closed_R10_single_refY_004.mp4,dc74e25b7637cb2133f8fd509b8a27c784f6e8e80ef1ce843369f3ad551ca952,643,5.49036538512353,117.1142455732084,841,4,49,GP_Ip_8.8mm_closed_R10_single_refY_004-reacq04-49,${DXY_OUTPUT_ROOT}/frames/images/GP_Ip_8.8mm_closed_R10_single_refY_004-reacq04-49.jpg,True,
GP_Ip_8.8mm_closed_R10_single_refY,GP_Ip_8.8mm_closed_R10_single_refY_004,${DXY_VIDEO_DIR}/GP_Ip_8.8mm_closed_R10_single_refY_004.mp4,dc74e25b7637cb2133f8fd509b8a27c784f6e8e80ef1ce843369f3ad551ca952,646,5.5159813978068435,117.1142455732084,841,4,50,GP_Ip_8.8mm_closed_R10_single_refY_004-reacq04-50,${DXY_OUTPUT_ROOT}/frames/images/GP_Ip_8.8mm_closed_R10_single_refY_004-reacq04-50.jpg,True,
GP_Ip_8.8mm_closed_R10_single_refY,GP_Ip_8.8mm_closed_R10_single_refY_004,${DXY_VIDEO_DIR}/GP_Ip_8.8mm_closed_R10_single_refY_004.mp4,dc74e25b7637cb2133f8fd509b8a27c784f6e8e80ef1ce843369f3ad551ca952,647,5.524520068701282,117.1142455732084,841,5,1,GP_Ip_8.8mm_closed_R10_single_refY_004-reacq05-01,${DXY_OUTPUT_ROOT}/frames/images/GP_Ip_8.8mm_closed_R10_single_refY_004-reacq05-01.jpg,True,
GP_Ip_8.8mm_closed_R10_single_refY,GP_Ip_8.8mm_closed_R10_single_refY_004,${DXY_VIDEO_DIR}/GP_Ip_8.8mm_closed_R10_single_refY_004.mp4,dc74e25b7637cb2133f8fd509b8a27c784f6e8e80ef1ce843369f3ad551ca952,650,5.550136081384595,117.1142455732084,841,5,2,GP_Ip_8.8mm_closed_R10_single_refY_004-reacq05-02,${DXY_OUTPUT_ROOT}/frames/images/GP_Ip_8.8mm_closed_R10_single_refY_004-reacq05-02.jpg,True,
GP_Ip_8.8mm_closed_R10_single_refY,GP_Ip_8.8mm_closed_R10_single_refY_004,${DXY_VIDEO_DIR}/GP_Ip_8.8mm_closed_R10_single_refY_004.mp4,dc74e25b7637cb2133f8fd509b8a27c784f6e8e80ef1ce843369f3ad551ca952,653,5.575752094067909,117.1142455732084,841,5,3,GP_Ip_8.8mm_closed_R10_single_refY_004-reacq05-03,${DXY_OUTPUT_ROOT}/frames/images/GP_Ip_8.8mm_closed_R10_single_refY_004-reacq05-03.jpg,True,
GP_Ip_8.8mm_closed_R10_single_refY,GP_Ip_8.8mm_closed_R10_single_refY_004,${DXY_VIDEO_DIR}/GP_Ip_8.8mm_closed_R10_single_refY_004.mp4,dc74e25b7637cb2133f8fd509b8a27c784f6e8e80ef1ce843369f3ad551ca952,656,5.601368106751222,117.1142455732084,841,5,4,GP_Ip_8.8mm_closed_R10_single_refY_004-reacq05-04,${DXY_OUTPUT_ROOT}/frames/images/GP_Ip_8.8mm_closed_R10_single_refY_004-reacq05-04.jpg,True,
GP_Ip_8.8mm_closed_R10_single_refY,GP_Ip_8.8mm_closed_R10_single_refY_004,${DXY_VIDEO_DIR}/GP_Ip_8.8mm_closed_R10_single_refY_004.mp4,dc74e25b7637cb2133f8fd509b8a27c784f6e8e80ef1ce843369f3ad551ca952,659,5.626984119434535,117.1142455732084,841,5,5,GP_Ip_8.8mm_closed_R10_single_refY_004-reacq05-05,${DXY_OUTPUT_ROOT}/frames/images/GP_Ip_8.8mm_closed_R10_single_refY_004-reacq05-05.jpg,True,
GP_Ip_8.8mm_closed_R10_single_refY,GP_Ip_8.8mm_closed_R10_single_refY_004,${DXY_VIDEO_DIR}/GP_Ip_8.8mm_closed_R10_single_refY_004.mp4,dc74e25b7637cb2133f8fd509b8a27c784f6e8e80ef1ce843369f3ad551ca952,662,5.65260013211785,117.1142455732084,841,5,6,GP_Ip_8.8mm_closed_R10_single_refY_004-reacq05-06,${DXY_OUTPUT_ROOT}/frames/images/GP_Ip_8.8mm_closed_R10_single_refY_004-reacq05-06.jpg,True,
GP_Ip_8.8mm_closed_R10_single_refY,GP_Ip_8.8mm_closed_R10_single_refY_004,${DXY_VIDEO_DIR}/GP_Ip_8.8mm_closed_R10_single_refY_004.mp4,dc74e25b7637cb2133f8fd509b8a27c784f6e8e80ef1ce843369f3ad551ca952,665,5.678216144801163,117.1142455732084,841,5,7,GP_Ip_8.8mm_closed_R10_single_refY_004-reacq05-07,${DXY_OUTPUT_ROOT}/frames/images/GP_Ip_8.8mm_closed_R10_single_refY_004-reacq05-07.jpg,True,
GP_Ip_8.8mm_closed_R10_single_refY,GP_Ip_8.8mm_closed_R10_single_refY_004,${DXY_VIDEO_DIR}/GP_Ip_8.8mm_closed_R10_single_refY_004.mp4,dc74e25b7637cb2133f8fd509b8a27c784f6e8e80ef1ce843369f3ad551ca952,668,5.703832157484476,117.1142455732084,841,5,8,GP_Ip_8.8mm_closed_R10_single_refY_004-reacq05-08,${DXY_OUTPUT_ROOT}/frames/images/GP_Ip_8.8mm_closed_R10_single_refY_004-reacq05-08.jpg,True,
GP_Ip_8.8mm_closed_R10_single_refY,GP_Ip_8.8mm_closed_R10_single_refY_004,${DXY_VIDEO_DIR}/GP_Ip_8.8mm_closed_R10_single_refY_004.mp4,dc74e25b7637cb2133f8fd509b8a27c784f6e8e80ef1ce843369f3ad551ca952,671,5.72944817016779,117.1142455732084,841,5,9,GP_Ip_8.8mm_closed_R10_single_refY_004-reacq05-09,${DXY_OUTPUT_ROOT}/frames/images/GP_Ip_8.8mm_closed_R10_single_refY_004-reacq05-09.jpg,True,
GP_Ip_8.8mm_closed_R10_single_refY,GP_Ip_8.8mm_closed_R10_single_refY_004,${DXY_VIDEO_DIR}/GP_Ip_8.8mm_closed_R10_single_refY_004.mp4,dc74e25b7637cb2133f8fd509b8a27c784f6e8e80ef1ce843369f3ad551ca952,675,5.7636028537455415,117.1142455732084,841,5,10,GP_Ip_8.8mm_closed_R10_single_refY_004-reacq05-10,${DXY_OUTPUT_ROOT}/frames/images/GP_Ip_8.8mm_closed_R10_single_refY_004-reacq05-10.jpg,True,
GP_Ip_8.8mm_closed_R10_single_refY,GP_Ip_8.8mm_closed_R10_single_refY_004,${DXY_VIDEO_DIR}/GP_Ip_8.8mm_closed_R10_single_refY_004.mp4,dc74e25b7637cb2133f8fd509b8a27c784f6e8e80ef1ce843369f3ad551ca952,678,5.789218866428855,117.1142455732084,841,5,11,GP_Ip_8.8mm_closed_R10_single_refY_004-reacq05-11,${DXY_OUTPUT_ROOT}/frames/images/GP_Ip_8.8mm_closed_R10_single_refY_004-reacq05-11.jpg,True,
GP_Ip_8.8mm_closed_R10_single_refY,GP_Ip_8.8mm_closed_R10_single_refY_004,${DXY_VIDEO_DIR}/GP_Ip_8.8mm_closed_R10_single_refY_004.mp4,dc74e25b7637cb2133f8fd509b8a27c784f6e8e80ef1ce843369f3ad551ca952,681,5.814834879112168,117.1142455732084,841,5,12,GP_Ip_8.8mm_closed_R10_single_refY_004-reacq05-12,${DXY_OUTPUT_ROOT}/frames/images/GP_Ip_8.8mm_closed_R10_single_refY_004-reacq05-12.jpg,True,
GP_Ip_8.8mm_closed_R10_single_refY,GP_Ip_8.8mm_closed_R10_single_refY_004,${DXY_VIDEO_DIR}/GP_Ip_8.8mm_closed_R10_single_refY_004.mp4,dc74e25b7637cb2133f8fd509b8a27c784f6e8e80ef1ce843369f3ad551ca952,684,5.840450891795482,117.1142455732084,841,5,13,GP_Ip_8.8mm_closed_R10_single_refY_004-reacq05-13,${DXY_OUTPUT_ROOT}/frames/images/GP_Ip_8.8mm_closed_R10_single_refY_004-reacq05-13.jpg,True,
GP_Ip_8.8mm_closed_R10_single_refY,GP_Ip_8.8mm_closed_R10_single_refY_004,${DXY_VIDEO_DIR}/GP_Ip_8.8mm_closed_R10_single_refY_004.mp4,dc74e25b7637cb2133f8fd509b8a27c784f6e8e80ef1ce843369f3ad551ca952,687,5.866066904478795,117.1142455732084,841,5,14,GP_Ip_8.8mm_closed_R10_single_refY_004-reacq05-14,${DXY_OUTPUT_ROOT}/frames/images/GP_Ip_8.8mm_closed_R10_single_refY_004-reacq05-14.jpg,True,
GP_Ip_8.8mm_closed_R10_single_refY,GP_Ip_8.8mm_closed_R10_single_refY_004,${DXY_VIDEO_DIR}/GP_Ip_8.8mm_closed_R10_single_refY_004.mp4,dc74e25b7637cb2133f8fd509b8a27c784f6e8e80ef1ce843369f3ad551ca952,690,5.891682917162108,117.1142455732084,841,5,15,GP_Ip_8.8mm_closed_R10_single_refY_004-reacq05-15,${DXY_OUTPUT_ROOT}/frames/images/GP_Ip_8.8mm_closed_R10_single_refY_004-reacq05-15.jpg,True,
GP_Ip_8.8mm_closed_R10_single_refY,GP_Ip_8.8mm_closed_R10_single_refY_004,${DXY_VIDEO_DIR}/GP_Ip_8.8mm_closed_R10_single_refY_004.mp4,dc74e25b7637cb2133f8fd509b8a27c784f6e8e80ef1ce843369f3ad551ca952,693,5.917298929845423,117.1142455732084,841,5,16,GP_Ip_8.8mm_closed_R10_single_refY_004-reacq05-16,${DXY_OUTPUT_ROOT}/frames/images/GP_Ip_8.8mm_closed_R10_single_refY_004-reacq05-16.jpg,True,
GP_Ip_8.8mm_closed_R10_single_refY,GP_Ip_8.8mm_closed_R10_single_refY_004,${DXY_VIDEO_DIR}/GP_Ip_8.8mm_closed_R10_single_refY_004.mp4,dc74e25b7637cb2133f8fd509b8a27c784f6e8e80ef1ce843369f3ad551ca952,696,5.942914942528736,117.1142455732084,841,5,17,GP_Ip_8.8mm_closed_R10_single_refY_004-reacq05-17,${DXY_OUTPUT_ROOT}/frames/images/GP_Ip_8.8mm_closed_R10_single_refY_004-reacq05-17.jpg,True,
GP_Ip_8.8mm_closed_R10_single_refY,GP_Ip_8.8mm_closed_R10_single_refY_004,${DXY_VIDEO_DIR}/GP_Ip_8.8mm_closed_R10_single_refY_004.mp4,dc74e25b7637cb2133f8fd509b8a27c784f6e8e80ef1ce843369f3ad551ca952,699,5.968530955212049,117.1142455732084,841,5,18,GP_Ip_8.8mm_closed_R10_single_refY_004-reacq05-18,${DXY_OUTPUT_ROOT}/frames/images/GP_Ip_8.8mm_closed_R10_single_refY_004-reacq05-18.jpg,True,
GP_Ip_8.8mm_closed_R10_single_refY,GP_Ip_8.8mm_closed_R10_single_refY_004,${DXY_VIDEO_DIR}/GP_Ip_8.8mm_closed_R10_single_refY_004.mp4,dc74e25b7637cb2133f8fd509b8a27c784f6e8e80ef1ce843369f3ad551ca952,702,5.994146967895363,117.1142455732084,841,5,19,GP_Ip_8.8mm_closed_R10_single_refY_004-reacq05-19,${DXY_OUTPUT_ROOT}/frames/images/GP_Ip_8.8mm_closed_R10_single_refY_004-reacq05-19.jpg,True,
GP_Ip_8.8mm_closed_R10_single_refY,GP_Ip_8.8mm_closed_R10_single_refY_004,${DXY_VIDEO_DIR}/GP_Ip_8.8mm_closed_R10_single_refY_004.mp4,dc74e25b7637cb2133f8fd509b8a27c784f6e8e80ef1ce843369f3ad551ca952,705,6.019762980578676,117.1142455732084,841,5,20,GP_Ip_8.8mm_closed_R10_single_refY_004-reacq05-20,${DXY_OUTPUT_ROOT}/frames/images/GP_Ip_8.8mm_closed_R10_single_refY_004-reacq05-20.jpg,True,
GP_Ip_8.8mm_closed_R10_single_refY,GP_Ip_8.8mm_closed_R10_single_refY_004,${DXY_VIDEO_DIR}/GP_Ip_8.8mm_closed_R10_single_refY_004.mp4,dc74e25b7637cb2133f8fd509b8a27c784f6e8e80ef1ce843369f3ad551ca952,708,6.0453789932619895,117.1142455732084,841,5,21,GP_Ip_8.8mm_closed_R10_single_refY_004-reacq05-21,${DXY_OUTPUT_ROOT}/frames/images/GP_Ip_8.8mm_closed_R10_single_refY_004-reacq05-21.jpg,True,
GP_Ip_8.8mm_closed_R10_single_refY,GP_Ip_8.8mm_closed_R10_single_refY_004,${DXY_VIDEO_DIR}/GP_Ip_8.8mm_closed_R10_single_refY_004.mp4,dc74e25b7637cb2133f8fd509b8a27c784f6e8e80ef1ce843369f3ad551ca952,711,6.070995005945304,117.1142455732084,841,5,22,GP_Ip_8.8mm_closed_R10_single_refY_004-reacq05-22,${DXY_OUTPUT_ROOT}/frames/images/GP_Ip_8.8mm_closed_R10_single_refY_004-reacq05-22.jpg,True,
GP_Ip_8.8mm_closed_R10_single_refY,GP_Ip_8.8mm_closed_R10_single_refY_004,${DXY_VIDEO_DIR}/GP_Ip_8.8mm_closed_R10_single_refY_004.mp4,dc74e25b7637cb2133f8fd509b8a27c784f6e8e80ef1ce843369f3ad551ca952,714,6.096611018628617,117.1142455732084,841,5,23,GP_Ip_8.8mm_closed_R10_single_refY_004-reacq05-23,${DXY_OUTPUT_ROOT}/frames/images/GP_Ip_8.8mm_closed_R10_single_refY_004-reacq05-23.jpg,True,
GP_Ip_8.8mm_closed_R10_single_refY,GP_Ip_8.8mm_closed_R10_single_refY_004,${DXY_VIDEO_DIR}/GP_Ip_8.8mm_closed_R10_single_refY_004.mp4,dc74e25b7637cb2133f8fd509b8a27c784f6e8e80ef1ce843369f3ad551ca952,717,6.1222270313119305,117.1142455732084,841,5,24,GP_Ip_8.8mm_closed_R10_single_refY_004-reacq05-24,${DXY_OUTPUT_ROOT}/frames/images/GP_Ip_8.8mm_closed_R10_single_refY_004-reacq05-24.jpg,True,
GP_Ip_8.8mm_closed_R10_single_refY,GP_Ip_8.8mm_closed_R10_single_refY_004,${DXY_VIDEO_DIR}/GP_Ip_8.8mm_closed_R10_single_refY_004.mp4,dc74e25b7637cb2133f8fd509b8a27c784f6e8e80ef1ce843369f3ad551ca952,720,6.147843043995244,117.1142455732084,841,5,25,GP_Ip_8.8mm_closed_R10_single_refY_004-reacq05-25,${DXY_OUTPUT_ROOT}/frames/images/GP_Ip_8.8mm_closed_R10_single_refY_004-reacq05-25.jpg,True,
GP_Ip_8.8mm_closed_R10_single_refY,GP_Ip_8.8mm_closed_R10_single_refY_004,${DXY_VIDEO_DIR}/GP_Ip_8.8mm_closed_R10_single_refY_004.mp4,dc74e25b7637cb2133f8fd509b8a27c784f6e8e80ef1ce843369f3ad551ca952,724,6.181997727572996,117.1142455732084,841,5,26,GP_Ip_8.8mm_closed_R10_single_refY_004-reacq05-26,${DXY_OUTPUT_ROOT}/frames/images/GP_Ip_8.8mm_closed_R10_single_refY_004-reacq05-26.jpg,True,
GP_Ip_8.8mm_closed_R10_single_refY,GP_Ip_8.8mm_closed_R10_single_refY_004,${DXY_VIDEO_DIR}/GP_Ip_8.8mm_closed_R10_single_refY_004.mp4,dc74e25b7637cb2133f8fd509b8a27c784f6e8e80ef1ce843369f3ad551ca952,727,6.207613740256309,117.1142455732084,841,5,27,GP_Ip_8.8mm_closed_R10_single_refY_004-reacq05-27,${DXY_OUTPUT_ROOT}/frames/images/GP_Ip_8.8mm_closed_R10_single_refY_004-reacq05-27.jpg,True,
GP_Ip_8.8mm_closed_R10_single_refY,GP_Ip_8.8mm_closed_R10_single_refY_004,${DXY_VIDEO_DIR}/GP_Ip_8.8mm_closed_R10_single_refY_004.mp4,dc74e25b7637cb2133f8fd509b8a27c784f6e8e80ef1ce843369f3ad551ca952,730,6.233229752939622,117.1142455732084,841,5,28,GP_Ip_8.8mm_closed_R10_single_refY_004-reacq05-28,${DXY_OUTPUT_ROOT}/frames/images/GP_Ip_8.8mm_closed_R10_single_refY_004-reacq05-28.jpg,True,
GP_Ip_8.8mm_closed_R10_single_refY,GP_Ip_8.8mm_closed_R10_single_refY_004,${DXY_VIDEO_DIR}/GP_Ip_8.8mm_closed_R10_single_refY_004.mp4,dc74e25b7637cb2133f8fd509b8a27c784f6e8e80ef1ce843369f3ad551ca952,733,6.258845765622936,117.1142455732084,841,5,29,GP_Ip_8.8mm_closed_R10_single_refY_004-reacq05-29,${DXY_OUTPUT_ROOT}/frames/images/GP_Ip_8.8mm_closed_R10_single_refY_004-reacq05-29.jpg,True,
GP_Ip_8.8mm_closed_R10_single_refY,GP_Ip_8.8mm_closed_R10_single_refY_004,${DXY_VIDEO_DIR}/GP_Ip_8.8mm_closed_R10_single_refY_004.mp4,dc74e25b7637cb2133f8fd509b8a27c784f6e8e80ef1ce843369f3ad551ca952,736,6.284461778306249,117.1142455732084,841,5,30,GP_Ip_8.8mm_closed_R10_single_refY_004-reacq05-30,${DXY_OUTPUT_ROOT}/frames/images/GP_Ip_8.8mm_closed_R10_single_refY_004-reacq05-30.jpg,True,
GP_Ip_8.8mm_closed_R10_single_refY,GP_Ip_8.8mm_closed_R10_single_refY_004,${DXY_VIDEO_DIR}/GP_Ip_8.8mm_closed_R10_single_refY_004.mp4,dc74e25b7637cb2133f8fd509b8a27c784f6e8e80ef1ce843369f3ad551ca952,739,6.3100777909895625,117.1142455732084,841,5,31,GP_Ip_8.8mm_closed_R10_single_refY_004-reacq05-31,${DXY_OUTPUT_ROOT}/frames/images/GP_Ip_8.8mm_closed_R10_single_refY_004-reacq05-31.jpg,True,
GP_Ip_8.8mm_closed_R10_single_refY,GP_Ip_8.8mm_closed_R10_single_refY_004,${DXY_VIDEO_DIR}/GP_Ip_8.8mm_closed_R10_single_refY_004.mp4,dc74e25b7637cb2133f8fd509b8a27c784f6e8e80ef1ce843369f3ad551ca952,742,6.335693803672877,117.1142455732084,841,5,32,GP_Ip_8.8mm_closed_R10_single_refY_004-reacq05-32,${DXY_OUTPUT_ROOT}/frames/images/GP_Ip_8.8mm_closed_R10_single_refY_004-reacq05-32.jpg,True,
GP_Ip_8.8mm_closed_R10_single_refY,GP_Ip_8.8mm_closed_R10_single_refY_004,${DXY_VIDEO_DIR}/GP_Ip_8.8mm_closed_R10_single_refY_004.mp4,dc74e25b7637cb2133f8fd509b8a27c784f6e8e80ef1ce843369f3ad551ca952,745,6.36130981635619,117.1142455732084,841,5,33,GP_Ip_8.8mm_closed_R10_single_refY_004-reacq05-33,${DXY_OUTPUT_ROOT}/frames/images/GP_Ip_8.8mm_closed_R10_single_refY_004-reacq05-33.jpg,True,
GP_Ip_8.8mm_closed_R10_single_refY,GP_Ip_8.8mm_closed_R10_single_refY_004,${DXY_VIDEO_DIR}/GP_Ip_8.8mm_closed_R10_single_refY_004.mp4,dc74e25b7637cb2133f8fd509b8a27c784f6e8e80ef1ce843369f3ad551ca952,748,6.3869258290395035,117.1142455732084,841,5,34,GP_Ip_8.8mm_closed_R10_single_refY_004-reacq05-34,${DXY_OUTPUT_ROOT}/frames/images/GP_Ip_8.8mm_closed_R10_single_refY_004-reacq05-34.jpg,True,
GP_Ip_8.8mm_closed_R10_single_refY,GP_Ip_8.8mm_closed_R10_single_refY_004,${DXY_VIDEO_DIR}/GP_Ip_8.8mm_closed_R10_single_refY_004.mp4,dc74e25b7637cb2133f8fd509b8a27c784f6e8e80ef1ce843369f3ad551ca952,751,6.412541841722817,117.1142455732084,841,5,35,GP_Ip_8.8mm_closed_R10_single_refY_004-reacq05-35,${DXY_OUTPUT_ROOT}/frames/images/GP_Ip_8.8mm_closed_R10_single_refY_004-reacq05-35.jpg,True,
GP_Ip_8.8mm_closed_R10_single_refY,GP_Ip_8.8mm_closed_R10_single_refY_004,${DXY_VIDEO_DIR}/GP_Ip_8.8mm_closed_R10_single_refY_004.mp4,dc74e25b7637cb2133f8fd509b8a27c784f6e8e80ef1ce843369f3ad551ca952,754,6.43815785440613,117.1142455732084,841,5,36,GP_Ip_8.8mm_closed_R10_single_refY_004-reacq05-36,${DXY_OUTPUT_ROOT}/frames/images/GP_Ip_8.8mm_closed_R10_single_refY_004-reacq05-36.jpg,True,
GP_Ip_8.8mm_closed_R10_single_refY,GP_Ip_8.8mm_closed_R10_single_refY_004,${DXY_VIDEO_DIR}/GP_Ip_8.8mm_closed_R10_single_refY_004.mp4,dc74e25b7637cb2133f8fd509b8a27c784f6e8e80ef1ce843369f3ad551ca952,757,6.463773867089444,117.1142455732084,841,5,37,GP_Ip_8.8mm_closed_R10_single_refY_004-reacq05-37,${DXY_OUTPUT_ROOT}/frames/images/GP_Ip_8.8mm_closed_R10_single_refY_004-reacq05-37.jpg,True,
GP_Ip_8.8mm_closed_R10_single_refY,GP_Ip_8.8mm_closed_R10_single_refY_004,${DXY_VIDEO_DIR}/GP_Ip_8.8mm_closed_R10_single_refY_004.mp4,dc74e25b7637cb2133f8fd509b8a27c784f6e8e80ef1ce843369f3ad551ca952,760,6.489389879772758,117.1142455732084,841,5,38,GP_Ip_8.8mm_closed_R10_single_refY_004-reacq05-38,${DXY_OUTPUT_ROOT}/frames/images/GP_Ip_8.8mm_closed_R10_single_refY_004-reacq05-38.jpg,True,
GP_Ip_8.8mm_closed_R10_single_refY,GP_Ip_8.8mm_closed_R10_single_refY_004,${DXY_VIDEO_DIR}/GP_Ip_8.8mm_closed_R10_single_refY_004.mp4,dc74e25b7637cb2133f8fd509b8a27c784f6e8e80ef1ce843369f3ad551ca952,763,6.515005892456071,117.1142455732084,841,5,39,GP_Ip_8.8mm_closed_R10_single_refY_004-reacq05-39,${DXY_OUTPUT_ROOT}/frames/images/GP_Ip_8.8mm_closed_R10_single_refY_004-reacq05-39.jpg,True,
GP_Ip_8.8mm_closed_R10_single_refY,GP_Ip_8.8mm_closed_R10_single_refY_004,${DXY_VIDEO_DIR}/GP_Ip_8.8mm_closed_R10_single_refY_004.mp4,dc74e25b7637cb2133f8fd509b8a27c784f6e8e80ef1ce843369f3ad551ca952,766,6.540621905139385,117.1142455732084,841,5,40,GP_Ip_8.8mm_closed_R10_single_refY_004-reacq05-40,${DXY_OUTPUT_ROOT}/frames/images/GP_Ip_8.8mm_closed_R10_single_refY_004-reacq05-40.jpg,True,
GP_Ip_8.8mm_closed_R10_single_refY,GP_Ip_8.8mm_closed_R10_single_refY_004,${DXY_VIDEO_DIR}/GP_Ip_8.8mm_closed_R10_single_refY_004.mp4,dc74e25b7637cb2133f8fd509b8a27c784f6e8e80ef1ce843369f3ad551ca952,769,6.566237917822698,117.1142455732084,841,5,41,GP_Ip_8.8mm_closed_R10_single_refY_004-reacq05-41,${DXY_OUTPUT_ROOT}/frames/images/GP_Ip_8.8mm_closed_R10_single_refY_004-reacq05-41.jpg,True,
GP_Ip_8.8mm_closed_R10_single_refY,GP_Ip_8.8mm_closed_R10_single_refY_004,${DXY_VIDEO_DIR}/GP_Ip_8.8mm_closed_R10_single_refY_004.mp4,dc74e25b7637cb2133f8fd509b8a27c784f6e8e80ef1ce843369f3ad551ca952,773,6.60039260140045,117.1142455732084,841,5,42,GP_Ip_8.8mm_closed_R10_single_refY_004-reacq05-42,${DXY_OUTPUT_ROOT}/frames/images/GP_Ip_8.8mm_closed_R10_single_refY_004-reacq05-42.jpg,True,
GP_Ip_8.8mm_closed_R10_single_refY,GP_Ip_8.8mm_closed_R10_single_refY_004,${DXY_VIDEO_DIR}/GP_Ip_8.8mm_closed_R10_single_refY_004.mp4,dc74e25b7637cb2133f8fd509b8a27c784f6e8e80ef1ce843369f3ad551ca952,776,6.626008614083763,117.1142455732084,841,5,43,GP_Ip_8.8mm_closed_R10_single_refY_004-reacq05-43,${DXY_OUTPUT_ROOT}/frames/images/GP_Ip_8.8mm_closed_R10_single_refY_004-reacq05-43.jpg,True,
GP_Ip_8.8mm_closed_R10_single_refY,GP_Ip_8.8mm_closed_R10_single_refY_004,${DXY_VIDEO_DIR}/GP_Ip_8.8mm_closed_R10_single_refY_004.mp4,dc74e25b7637cb2133f8fd509b8a27c784f6e8e80ef1ce843369f3ad551ca952,779,6.651624626767076,117.1142455732084,841,5,44,GP_Ip_8.8mm_closed_R10_single_refY_004-reacq05-44,${DXY_OUTPUT_ROOT}/frames/images/GP_Ip_8.8mm_closed_R10_single_refY_004-reacq05-44.jpg,True,
GP_Ip_8.8mm_closed_R10_single_refY,GP_Ip_8.8mm_closed_R10_single_refY_004,${DXY_VIDEO_DIR}/GP_Ip_8.8mm_closed_R10_single_refY_004.mp4,dc74e25b7637cb2133f8fd509b8a27c784f6e8e80ef1ce843369f3ad551ca952,782,6.67724063945039,117.1142455732084,841,5,45,GP_Ip_8.8mm_closed_R10_single_refY_004-reacq05-45,${DXY_OUTPUT_ROOT}/frames/images/GP_Ip_8.8mm_closed_R10_single_refY_004-reacq05-45.jpg,True,
GP_Ip_8.8mm_closed_R10_single_refY,GP_Ip_8.8mm_closed_R10_single_refY_004,${DXY_VIDEO_DIR}/GP_Ip_8.8mm_closed_R10_single_refY_004.mp4,dc74e25b7637cb2133f8fd509b8a27c784f6e8e80ef1ce843369f3ad551ca952,785,6.702856652133703,117.1142455732084,841,5,46,GP_Ip_8.8mm_closed_R10_single_refY_004-reacq05-46,${DXY_OUTPUT_ROOT}/frames/images/GP_Ip_8.8mm_closed_R10_single_refY_004-reacq05-46.jpg,True,
GP_Ip_8.8mm_closed_R10_single_refY,GP_Ip_8.8mm_closed_R10_single_refY_004,${DXY_VIDEO_DIR}/GP_Ip_8.8mm_closed_R10_single_refY_004.mp4,dc74e25b7637cb2133f8fd509b8a27c784f6e8e80ef1ce843369f3ad551ca952,788,6.728472664817017,117.1142455732084,841,5,47,GP_Ip_8.8mm_closed_R10_single_refY_004-reacq05-47,${DXY_OUTPUT_ROOT}/frames/images/GP_Ip_8.8mm_closed_R10_single_refY_004-reacq05-47.jpg,True,
GP_Ip_8.8mm_closed_R10_single_refY,GP_Ip_8.8mm_closed_R10_single_refY_004,${DXY_VIDEO_DIR}/GP_Ip_8.8mm_closed_R10_single_refY_004.mp4,dc74e25b7637cb2133f8fd509b8a27c784f6e8e80ef1ce843369f3ad551ca952,791,6.754088677500331,117.1142455732084,841,5,48,GP_Ip_8.8mm_closed_R10_single_refY_004-reacq05-48,${DXY_OUTPUT_ROOT}/frames/images/GP_Ip_8.8mm_closed_R10_single_refY_004-reacq05-48.jpg,True,
GP_Ip_8.8mm_closed_R10_single_refY,GP_Ip_8.8mm_closed_R10_single_refY_004,${DXY_VIDEO_DIR}/GP_Ip_8.8mm_closed_R10_single_refY_004.mp4,dc74e25b7637cb2133f8fd509b8a27c784f6e8e80ef1ce843369f3ad551ca952,794,6.779704690183644,117.1142455732084,841,5,49,GP_Ip_8.8mm_closed_R10_single_refY_004-reacq05-49,${DXY_OUTPUT_ROOT}/frames/images/GP_Ip_8.8mm_closed_R10_single_refY_004-reacq05-49.jpg,True,
GP_Ip_8.8mm_closed_R10_single_refY,GP_Ip_8.8mm_closed_R10_single_refY_004,${DXY_VIDEO_DIR}/GP_Ip_8.8mm_closed_R10_single_refY_004.mp4,dc74e25b7637cb2133f8fd509b8a27c784f6e8e80ef1ce843369f3ad551ca952,797,6.805320702866958,117.1142455732084,841,5,50,GP_Ip_8.8mm_closed_R10_single_refY_004-reacq05-50,${DXY_OUTPUT_ROOT}/frames/images/GP_Ip_8.8mm_closed_R10_single_refY_004-reacq05-50.jpg,True,
GP_Ip_8.8mm_closed_R10_single_refY,GP_Ip_8.8mm_closed_R10_single_refY_005,${DXY_VIDEO_DIR}/GP_Ip_8.8mm_closed_R10_single_refY_005.mp4,559e88ed2f03fe1620bd59f6b75bf7a662a32bab72dc91b5ca4bdec997eae443,29,0.25266841297255804,114.77493232662069,579,1,1,GP_Ip_8.8mm_closed_R10_single_refY_005-reacq01-01,${DXY_OUTPUT_ROOT}/frames/images/GP_Ip_8.8mm_closed_R10_single_refY_005-reacq01-01.jpg,True,
GP_Ip_8.8mm_closed_R10_single_refY,GP_Ip_8.8mm_closed_R10_single_refY_005,${DXY_VIDEO_DIR}/GP_Ip_8.8mm_closed_R10_single_refY_005.mp4,559e88ed2f03fe1620bd59f6b75bf7a662a32bab72dc91b5ca4bdec997eae443,31,0.270093820763769,114.77493232662069,579,1,2,GP_Ip_8.8mm_closed_R10_single_refY_005-reacq01-02,${DXY_OUTPUT_ROOT}/frames/images/GP_Ip_8.8mm_closed_R10_single_refY_005-reacq01-02.jpg,True,
GP_Ip_8.8mm_closed_R10_single_refY,GP_Ip_8.8mm_closed_R10_single_refY_005,${DXY_VIDEO_DIR}/GP_Ip_8.8mm_closed_R10_single_refY_005.mp4,559e88ed2f03fe1620bd59f6b75bf7a662a32bab72dc91b5ca4bdec997eae443,33,0.28751922855497986,114.77493232662069,579,1,3,GP_Ip_8.8mm_closed_R10_single_refY_005-reacq01-03,${DXY_OUTPUT_ROOT}/frames/images/GP_Ip_8.8mm_closed_R10_single_refY_005-reacq01-03.jpg,True,
GP_Ip_8.8mm_closed_R10_single_refY,GP_Ip_8.8mm_closed_R10_single_refY_005,${DXY_VIDEO_DIR}/GP_Ip_8.8mm_closed_R10_single_refY_005.mp4,559e88ed2f03fe1620bd59f6b75bf7a662a32bab72dc91b5ca4bdec997eae443,35,0.3049446363461908,114.77493232662069,579,1,4,GP_Ip_8.8mm_closed_R10_single_refY_005-reacq01-04,${DXY_OUTPUT_ROOT}/frames/images/GP_Ip_8.8mm_closed_R10_single_refY_005-reacq01-04.jpg,True,
GP_Ip_8.8mm_closed_R10_single_refY,GP_Ip_8.8mm_closed_R10_single_refY_005,${DXY_VIDEO_DIR}/GP_Ip_8.8mm_closed_R10_single_refY_005.mp4,559e88ed2f03fe1620bd59f6b75bf7a662a32bab72dc91b5ca4bdec997eae443,37,0.32237004413740167,114.77493232662069,579,1,5,GP_Ip_8.8mm_closed_R10_single_refY_005-reacq01-05,${DXY_OUTPUT_ROOT}/frames/images/GP_Ip_8.8mm_closed_R10_single_refY_005-reacq01-05.jpg,True,
GP_Ip_8.8mm_closed_R10_single_refY,GP_Ip_8.8mm_closed_R10_single_refY_005,${DXY_VIDEO_DIR}/GP_Ip_8.8mm_closed_R10_single_refY_005.mp4,559e88ed2f03fe1620bd59f6b75bf7a662a32bab72dc91b5ca4bdec997eae443,40,0.348508155824218,114.77493232662069,579,1,6,GP_Ip_8.8mm_closed_R10_single_refY_005-reacq01-06,${DXY_OUTPUT_ROOT}/frames/images/GP_Ip_8.8mm_closed_R10_single_refY_005-reacq01-06.jpg,True,
GP_Ip_8.8mm_closed_R10_single_refY,GP_Ip_8.8mm_closed_R10_single_refY_005,${DXY_VIDEO_DIR}/GP_Ip_8.8mm_closed_R10_single_refY_005.mp4,559e88ed2f03fe1620bd59f6b75bf7a662a32bab72dc91b5ca4bdec997eae443,42,0.36593356361542895,114.77493232662069,579,1,7,GP_Ip_8.8mm_closed_R10_single_refY_005-reacq01-07,${DXY_OUTPUT_ROOT}/frames/images/GP_Ip_8.8mm_closed_R10_single_refY_005-reacq01-07.jpg,True,
GP_Ip_8.8mm_closed_R10_single_refY,GP_Ip_8.8mm_closed_R10_single_refY_005,${DXY_VIDEO_DIR}/GP_Ip_8.8mm_closed_R10_single_refY_005.mp4,559e88ed2f03fe1620bd59f6b75bf7a662a32bab72dc91b5ca4bdec997eae443,44,0.3833589714066398,114.77493232662069,579,1,8,GP_Ip_8.8mm_closed_R10_single_refY_005-reacq01-08,${DXY_OUTPUT_ROOT}/frames/images/GP_Ip_8.8mm_closed_R10_single_refY_005-reacq01-08.jpg,True,
GP_Ip_8.8mm_closed_R10_single_refY,GP_Ip_8.8mm_closed_R10_single_refY_005,${DXY_VIDEO_DIR}/GP_Ip_8.8mm_closed_R10_single_refY_005.mp4,559e88ed2f03fe1620bd59f6b75bf7a662a32bab72dc91b5ca4bdec997eae443,46,0.4007843791978507,114.77493232662069,579,1,9,GP_Ip_8.8mm_closed_R10_single_refY_005-reacq01-09,${DXY_OUTPUT_ROOT}/frames/images/GP_Ip_8.8mm_closed_R10_single_refY_005-reacq01-09.jpg,True,
GP_Ip_8.8mm_closed_R10_single_refY,GP_Ip_8.8mm_closed_R10_single_refY_005,${DXY_VIDEO_DIR}/GP_Ip_8.8mm_closed_R10_single_refY_005.mp4,559e88ed2f03fe1620bd59f6b75bf7a662a32bab72dc91b5ca4bdec997eae443,48,0.41820978698906164,114.77493232662069,579,1,10,GP_Ip_8.8mm_closed_R10_single_refY_005-reacq01-10,${DXY_OUTPUT_ROOT}/frames/images/GP_Ip_8.8mm_closed_R10_single_refY_005-reacq01-10.jpg,True,
GP_Ip_8.8mm_closed_R10_single_refY,GP_Ip_8.8mm_closed_R10_single_refY_005,${DXY_VIDEO_DIR}/GP_Ip_8.8mm_closed_R10_single_refY_005.mp4,559e88ed2f03fe1620bd59f6b75bf7a662a32bab72dc91b5ca4bdec997eae443,50,0.4356351947802725,114.77493232662069,579,1,11,GP_Ip_8.8mm_closed_R10_single_refY_005-reacq01-11,${DXY_OUTPUT_ROOT}/frames/images/GP_Ip_8.8mm_closed_R10_single_refY_005-reacq01-11.jpg,True,
GP_Ip_8.8mm_closed_R10_single_refY,GP_Ip_8.8mm_closed_R10_single_refY_005,${DXY_VIDEO_DIR}/GP_Ip_8.8mm_closed_R10_single_refY_005.mp4,559e88ed2f03fe1620bd59f6b75bf7a662a32bab72dc91b5ca4bdec997eae443,52,0.45306060257148345,114.77493232662069,579,1,12,GP_Ip_8.8mm_closed_R10_single_refY_005-reacq01-12,${DXY_OUTPUT_ROOT}/frames/images/GP_Ip_8.8mm_closed_R10_single_refY_005-reacq01-12.jpg,True,
GP_Ip_8.8mm_closed_R10_single_refY,GP_Ip_8.8mm_closed_R10_single_refY_005,${DXY_VIDEO_DIR}/GP_Ip_8.8mm_closed_R10_single_refY_005.mp4,559e88ed2f03fe1620bd59f6b75bf7a662a32bab72dc91b5ca4bdec997eae443,54,0.47048601036269433,114.77493232662069,579,1,13,GP_Ip_8.8mm_closed_R10_single_refY_005-reacq01-13,${DXY_OUTPUT_ROOT}/frames/images/GP_Ip_8.8mm_closed_R10_single_refY_005-reacq01-13.jpg,True,
GP_Ip_8.8mm_closed_R10_single_refY,GP_Ip_8.8mm_closed_R10_single_refY_005,${DXY_VIDEO_DIR}/GP_Ip_8.8mm_closed_R10_single_refY_005.mp4,559e88ed2f03fe1620bd59f6b75bf7a662a32bab72dc91b5ca4bdec997eae443,57,0.4966241220495107,114.77493232662069,579,1,14,GP_Ip_8.8mm_closed_R10_single_refY_005-reacq01-14,${DXY_OUTPUT_ROOT}/frames/images/GP_Ip_8.8mm_closed_R10_single_refY_005-reacq01-14.jpg,True,
GP_Ip_8.8mm_closed_R10_single_refY,GP_Ip_8.8mm_closed_R10_single_refY_005,${DXY_VIDEO_DIR}/GP_Ip_8.8mm_closed_R10_single_refY_005.mp4,559e88ed2f03fe1620bd59f6b75bf7a662a32bab72dc91b5ca4bdec997eae443,59,0.5140495298407216,114.77493232662069,579,1,15,GP_Ip_8.8mm_closed_R10_single_refY_005-reacq01-15,${DXY_OUTPUT_ROOT}/frames/images/GP_Ip_8.8mm_closed_R10_single_refY_005-reacq01-15.jpg,True,
GP_Ip_8.8mm_closed_R10_single_refY,GP_Ip_8.8mm_closed_R10_single_refY_005,${DXY_VIDEO_DIR}/GP_Ip_8.8mm_closed_R10_single_refY_005.mp4,559e88ed2f03fe1620bd59f6b75bf7a662a32bab72dc91b5ca4bdec997eae443,61,0.5314749376319324,114.77493232662069,579,1,16,GP_Ip_8.8mm_closed_R10_single_refY_005-reacq01-16,${DXY_OUTPUT_ROOT}/frames/images/GP_Ip_8.8mm_closed_R10_single_refY_005-reacq01-16.jpg,True,
GP_Ip_8.8mm_closed_R10_single_refY,GP_Ip_8.8mm_closed_R10_single_refY_005,${DXY_VIDEO_DIR}/GP_Ip_8.8mm_closed_R10_single_refY_005.mp4,559e88ed2f03fe1620bd59f6b75bf7a662a32bab72dc91b5ca4bdec997eae443,63,0.5489003454231434,114.77493232662069,579,1,17,GP_Ip_8.8mm_closed_R10_single_refY_005-reacq01-17,${DXY_OUTPUT_ROOT}/frames/images/GP_Ip_8.8mm_closed_R10_single_refY_005-reacq01-17.jpg,True,
GP_Ip_8.8mm_closed_R10_single_refY,GP_Ip_8.8mm_closed_R10_single_refY_005,${DXY_VIDEO_DIR}/GP_Ip_8.8mm_closed_R10_single_refY_005.mp4,559e88ed2f03fe1620bd59f6b75bf7a662a32bab72dc91b5ca4bdec997eae443,65,0.5663257532143543,114.77493232662069,579,1,18,GP_Ip_8.8mm_closed_R10_single_refY_005-reacq01-18,${DXY_OUTPUT_ROOT}/frames/images/GP_Ip_8.8mm_closed_R10_single_refY_005-reacq01-18.jpg,True,
GP_Ip_8.8mm_closed_R10_single_refY,GP_Ip_8.8mm_closed_R10_single_refY_005,${DXY_VIDEO_DIR}/GP_Ip_8.8mm_closed_R10_single_refY_005.mp4,559e88ed2f03fe1620bd59f6b75bf7a662a32bab72dc91b5ca4bdec997eae443,67,0.5837511610055652,114.77493232662069,579,1,19,GP_Ip_8.8mm_closed_R10_single_refY_005-reacq01-19,${DXY_OUTPUT_ROOT}/frames/images/GP_Ip_8.8mm_closed_R10_single_refY_005-reacq01-19.jpg,True,
GP_Ip_8.8mm_closed_R10_single_refY,GP_Ip_8.8mm_closed_R10_single_refY_005,${DXY_VIDEO_DIR}/GP_Ip_8.8mm_closed_R10_single_refY_005.mp4,559e88ed2f03fe1620bd59f6b75bf7a662a32bab72dc91b5ca4bdec997eae443,69,0.6011765687967761,114.77493232662069,579,1,20,GP_Ip_8.8mm_closed_R10_single_refY_005-reacq01-20,${DXY_OUTPUT_ROOT}/frames/images/GP_Ip_8.8mm_closed_R10_single_refY_005-reacq01-20.jpg,True,
GP_Ip_8.8mm_closed_R10_single_refY,GP_Ip_8.8mm_closed_R10_single_refY_005,${DXY_VIDEO_DIR}/GP_Ip_8.8mm_closed_R10_single_refY_005.mp4,559e88ed2f03fe1620bd59f6b75bf7a662a32bab72dc91b5ca4bdec997eae443,71,0.618601976587987,114.77493232662069,579,1,21,GP_Ip_8.8mm_closed_R10_single_refY_005-reacq01-21,${DXY_OUTPUT_ROOT}/frames/images/GP_Ip_8.8mm_closed_R10_single_refY_005-reacq01-21.jpg,True,
GP_Ip_8.8mm_closed_R10_single_refY,GP_Ip_8.8mm_closed_R10_single_refY_005,${DXY_VIDEO_DIR}/GP_Ip_8.8mm_closed_R10_single_refY_005.mp4,559e88ed2f03fe1620bd59f6b75bf7a662a32bab72dc91b5ca4bdec997eae443,74,0.6447400882748033,114.77493232662069,579,1,22,GP_Ip_8.8mm_closed_R10_single_refY_005-reacq01-22,${DXY_OUTPUT_ROOT}/frames/images/GP_Ip_8.8mm_closed_R10_single_refY_005-reacq01-22.jpg,True,
GP_Ip_8.8mm_closed_R10_single_refY,GP_Ip_8.8mm_closed_R10_single_refY_005,${DXY_VIDEO_DIR}/GP_Ip_8.8mm_closed_R10_single_refY_005.mp4,559e88ed2f03fe1620bd59f6b75bf7a662a32bab72dc91b5ca4bdec997eae443,76,0.6621654960660143,114.77493232662069,579,1,23,GP_Ip_8.8mm_closed_R10_single_refY_005-reacq01-23,${DXY_OUTPUT_ROOT}/frames/images/GP_Ip_8.8mm_closed_R10_single_refY_005-reacq01-23.jpg,True,
GP_Ip_8.8mm_closed_R10_single_refY,GP_Ip_8.8mm_closed_R10_single_refY_005,${DXY_VIDEO_DIR}/GP_Ip_8.8mm_closed_R10_single_refY_005.mp4,559e88ed2f03fe1620bd59f6b75bf7a662a32bab72dc91b5ca4bdec997eae443,78,0.6795909038572251,114.77493232662069,579,1,24,GP_Ip_8.8mm_closed_R10_single_refY_005-reacq01-24,${DXY_OUTPUT_ROOT}/frames/images/GP_Ip_8.8mm_closed_R10_single_refY_005-reacq01-24.jpg,True,
GP_Ip_8.8mm_closed_R10_single_refY,GP_Ip_8.8mm_closed_R10_single_refY_005,${DXY_VIDEO_DIR}/GP_Ip_8.8mm_closed_R10_single_refY_005.mp4,559e88ed2f03fe1620bd59f6b75bf7a662a32bab72dc91b5ca4bdec997eae443,80,0.697016311648436,114.77493232662069,579,1,25,GP_Ip_8.8mm_closed_R10_single_refY_005-reacq01-25,${DXY_OUTPUT_ROOT}/frames/images/GP_Ip_8.8mm_closed_R10_single_refY_005-reacq01-25.jpg,True,
GP_Ip_8.8mm_closed_R10_single_refY,GP_Ip_8.8mm_closed_R10_single_refY_005,${DXY_VIDEO_DIR}/GP_Ip_8.8mm_closed_R10_single_refY_005.mp4,559e88ed2f03fe1620bd59f6b75bf7a662a32bab72dc91b5ca4bdec997eae443,82,0.714441719439647,114.77493232662069,579,1,26,GP_Ip_8.8mm_closed_R10_single_refY_005-reacq01-26,${DXY_OUTPUT_ROOT}/frames/images/GP_Ip_8.8mm_closed_R10_single_refY_005-reacq01-26.jpg,True,
GP_Ip_8.8mm_closed_R10_single_refY,GP_Ip_8.8mm_closed_R10_single_refY_005,${DXY_VIDEO_DIR}/GP_Ip_8.8mm_closed_R10_single_refY_005.mp4,559e88ed2f03fe1620bd59f6b75bf7a662a32bab72dc91b5ca4bdec997eae443,84,0.7318671272308579,114.77493232662069,579,1,27,GP_Ip_8.8mm_closed_R10_single_refY_005-reacq01-27,${DXY_OUTPUT_ROOT}/frames/images/GP_Ip_8.8mm_closed_R10_single_refY_005-reacq01-27.jpg,True,
GP_Ip_8.8mm_closed_R10_single_refY,GP_Ip_8.8mm_closed_R10_single_refY_005,${DXY_VIDEO_DIR}/GP_Ip_8.8mm_closed_R10_single_refY_005.mp4,559e88ed2f03fe1620bd59f6b75bf7a662a32bab72dc91b5ca4bdec997eae443,86,0.7492925350220687,114.77493232662069,579,1,28,GP_Ip_8.8mm_closed_R10_single_refY_005-reacq01-28,${DXY_OUTPUT_ROOT}/frames/images/GP_Ip_8.8mm_closed_R10_single_refY_005-reacq01-28.jpg,True,
GP_Ip_8.8mm_closed_R10_single_refY,GP_Ip_8.8mm_closed_R10_single_refY_005,${DXY_VIDEO_DIR}/GP_Ip_8.8mm_closed_R10_single_refY_005.mp4,559e88ed2f03fe1620bd59f6b75bf7a662a32bab72dc91b5ca4bdec997eae443,88,0.7667179428132797,114.77493232662069,579,1,29,GP_Ip_8.8mm_closed_R10_single_refY_005-reacq01-29,${DXY_OUTPUT_ROOT}/frames/images/GP_Ip_8.8mm_closed_R10_single_refY_005-reacq01-29.jpg,True,
GP_Ip_8.8mm_closed_R10_single_refY,GP_Ip_8.8mm_closed_R10_single_refY_005,${DXY_VIDEO_DIR}/GP_Ip_8.8mm_closed_R10_single_refY_005.mp4,559e88ed2f03fe1620bd59f6b75bf7a662a32bab72dc91b5ca4bdec997eae443,91,0.792856054500096,114.77493232662069,579,1,30,GP_Ip_8.8mm_closed_R10_single_refY_005-reacq01-30,${DXY_OUTPUT_ROOT}/frames/images/GP_Ip_8.8mm_closed_R10_single_refY_005-reacq01-30.jpg,True,
GP_Ip_8.8mm_closed_R10_single_refY,GP_Ip_8.8mm_closed_R10_single_refY_005,${DXY_VIDEO_DIR}/GP_Ip_8.8mm_closed_R10_single_refY_005.mp4,559e88ed2f03fe1620bd59f6b75bf7a662a32bab72dc91b5ca4bdec997eae443,93,0.8102814622913069,114.77493232662069,579,1,31,GP_Ip_8.8mm_closed_R10_single_refY_005-reacq01-31,${DXY_OUTPUT_ROOT}/frames/images/GP_Ip_8.8mm_closed_R10_single_refY_005-reacq01-31.jpg,True,
GP_Ip_8.8mm_closed_R10_single_refY,GP_Ip_8.8mm_closed_R10_single_refY_005,${DXY_VIDEO_DIR}/GP_Ip_8.8mm_closed_R10_single_refY_005.mp4,559e88ed2f03fe1620bd59f6b75bf7a662a32bab72dc91b5ca4bdec997eae443,95,0.8277068700825178,114.77493232662069,579,1,32,GP_Ip_8.8mm_closed_R10_single_refY_005-reacq01-32,${DXY_OUTPUT_ROOT}/frames/images/GP_Ip_8.8mm_closed_R10_single_refY_005-reacq01-32.jpg,True,
GP_Ip_8.8mm_closed_R10_single_refY,GP_Ip_8.8mm_closed_R10_single_refY_005,${DXY_VIDEO_DIR}/GP_Ip_8.8mm_closed_R10_single_refY_005.mp4,559e88ed2f03fe1620bd59f6b75bf7a662a32bab72dc91b5ca4bdec997eae443,97,0.8451322778737287,114.77493232662069,579,1,33,GP_Ip_8.8mm_closed_R10_single_refY_005-reacq01-33,${DXY_OUTPUT_ROOT}/frames/images/GP_Ip_8.8mm_closed_R10_single_refY_005-reacq01-33.jpg,True,
GP_Ip_8.8mm_closed_R10_single_refY,GP_Ip_8.8mm_closed_R10_single_refY_005,${DXY_VIDEO_DIR}/GP_Ip_8.8mm_closed_R10_single_refY_005.mp4,559e88ed2f03fe1620bd59f6b75bf7a662a32bab72dc91b5ca4bdec997eae443,99,0.8625576856649396,114.77493232662069,579,1,34,GP_Ip_8.8mm_closed_R10_single_refY_005-reacq01-34,${DXY_OUTPUT_ROOT}/frames/images/GP_Ip_8.8mm_closed_R10_single_refY_005-reacq01-34.jpg,True,
GP_Ip_8.8mm_closed_R10_single_refY,GP_Ip_8.8mm_closed_R10_single_refY_005,${DXY_VIDEO_DIR}/GP_Ip_8.8mm_closed_R10_single_refY_005.mp4,559e88ed2f03fe1620bd59f6b75bf7a662a32bab72dc91b5ca4bdec997eae443,101,0.8799830934561504,114.77493232662069,579,1,35,GP_Ip_8.8mm_closed_R10_single_refY_005-reacq01-35,${DXY_OUTPUT_ROOT}/frames/images/GP_Ip_8.8mm_closed_R10_single_refY_005-reacq01-35.jpg,True,
GP_Ip_8.8mm_closed_R10_single_refY,GP_Ip_8.8mm_closed_R10_single_refY_005,${DXY_VIDEO_DIR}/GP_Ip_8.8mm_closed_R10_single_refY_005.mp4,559e88ed2f03fe1620bd59f6b75bf7a662a32bab72dc91b5ca4bdec997eae443,103,0.8974085012473614,114.77493232662069,579,1,36,GP_Ip_8.8mm_closed_R10_single_refY_005-reacq01-36,${DXY_OUTPUT_ROOT}/frames/images/GP_Ip_8.8mm_closed_R10_single_refY_005-reacq01-36.jpg,True,
GP_Ip_8.8mm_closed_R10_single_refY,GP_Ip_8.8mm_closed_R10_single_refY_005,${DXY_VIDEO_DIR}/GP_Ip_8.8mm_closed_R10_single_refY_005.mp4,559e88ed2f03fe1620bd59f6b75bf7a662a32bab72dc91b5ca4bdec997eae443,105,0.9148339090385723,114.77493232662069,579,1,37,GP_Ip_8.8mm_closed_R10_single_refY_005-reacq01-37,${DXY_OUTPUT_ROOT}/frames/images/GP_Ip_8.8mm_closed_R10_single_refY_005-reacq01-37.jpg,True,
GP_Ip_8.8mm_closed_R10_single_refY,GP_Ip_8.8mm_closed_R10_single_refY_005,${DXY_VIDEO_DIR}/GP_Ip_8.8mm_closed_R10_single_refY_005.mp4,559e88ed2f03fe1620bd59f6b75bf7a662a32bab72dc91b5ca4bdec997eae443,108,0.9409720207253887,114.77493232662069,579,1,38,GP_Ip_8.8mm_closed_R10_single_refY_005-reacq01-38,${DXY_OUTPUT_ROOT}/frames/images/GP_Ip_8.8mm_closed_R10_single_refY_005-reacq01-38.jpg,True,
GP_Ip_8.8mm_closed_R10_single_refY,GP_Ip_8.8mm_closed_R10_single_refY_005,${DXY_VIDEO_DIR}/GP_Ip_8.8mm_closed_R10_single_refY_005.mp4,559e88ed2f03fe1620bd59f6b75bf7a662a32bab72dc91b5ca4bdec997eae443,110,0.9583974285165996,114.77493232662069,579,1,39,GP_Ip_8.8mm_closed_R10_single_refY_005-reacq01-39,${DXY_OUTPUT_ROOT}/frames/images/GP_Ip_8.8mm_closed_R10_single_refY_005-reacq01-39.jpg,True,
GP_Ip_8.8mm_closed_R10_single_refY,GP_Ip_8.8mm_closed_R10_single_refY_005,${DXY_VIDEO_DIR}/GP_Ip_8.8mm_closed_R10_single_refY_005.mp4,559e88ed2f03fe1620bd59f6b75bf7a662a32bab72dc91b5ca4bdec997eae443,112,0.9758228363078104,114.77493232662069,579,1,40,GP_Ip_8.8mm_closed_R10_single_refY_005-reacq01-40,${DXY_OUTPUT_ROOT}/frames/images/GP_Ip_8.8mm_closed_R10_single_refY_005-reacq01-40.jpg,True,
GP_Ip_8.8mm_closed_R10_single_refY,GP_Ip_8.8mm_closed_R10_single_refY_005,${DXY_VIDEO_DIR}/GP_Ip_8.8mm_closed_R10_single_refY_005.mp4,559e88ed2f03fe1620bd59f6b75bf7a662a32bab72dc91b5ca4bdec997eae443,114,0.9932482440990213,114.77493232662069,579,1,41,GP_Ip_8.8mm_closed_R10_single_refY_005-reacq01-41,${DXY_OUTPUT_ROOT}/frames/images/GP_Ip_8.8mm_closed_R10_single_refY_005-reacq01-41.jpg,True,
GP_Ip_8.8mm_closed_R10_single_refY,GP_Ip_8.8mm_closed_R10_single_refY_005,${DXY_VIDEO_DIR}/GP_Ip_8.8mm_closed_R10_single_refY_005.mp4,559e88ed2f03fe1620bd59f6b75bf7a662a32bab72dc91b5ca4bdec997eae443,116,1.0106736518902322,114.77493232662069,579,1,42,GP_Ip_8.8mm_closed_R10_single_refY_005-reacq01-42,${DXY_OUTPUT_ROOT}/frames/images/GP_Ip_8.8mm_closed_R10_single_refY_005-reacq01-42.jpg,True,
GP_Ip_8.8mm_closed_R10_single_refY,GP_Ip_8.8mm_closed_R10_single_refY_005,${DXY_VIDEO_DIR}/GP_Ip_8.8mm_closed_R10_single_refY_005.mp4,559e88ed2f03fe1620bd59f6b75bf7a662a32bab72dc91b5ca4bdec997eae443,118,1.0280990596814432,114.77493232662069,579,1,43,GP_Ip_8.8mm_closed_R10_single_refY_005-reacq01-43,${DXY_OUTPUT_ROOT}/frames/images/GP_Ip_8.8mm_closed_R10_single_refY_005-reacq01-43.jpg,True,
GP_Ip_8.8mm_closed_R10_single_refY,GP_Ip_8.8mm_closed_R10_single_refY_005,${DXY_VIDEO_DIR}/GP_Ip_8.8mm_closed_R10_single_refY_005.mp4,559e88ed2f03fe1620bd59f6b75bf7a662a32bab72dc91b5ca4bdec997eae443,120,1.045524467472654,114.77493232662069,579,1,44,GP_Ip_8.8mm_closed_R10_single_refY_005-reacq01-44,${DXY_OUTPUT_ROOT}/frames/images/GP_Ip_8.8mm_closed_R10_single_refY_005-reacq01-44.jpg,True,
GP_Ip_8.8mm_closed_R10_single_refY,GP_Ip_8.8mm_closed_R10_single_refY_005,${DXY_VIDEO_DIR}/GP_Ip_8.8mm_closed_R10_single_refY_005.mp4,559e88ed2f03fe1620bd59f6b75bf7a662a32bab72dc91b5ca4bdec997eae443,122,1.0629498752638649,114.77493232662069,579,1,45,GP_Ip_8.8mm_closed_R10_single_refY_005-reacq01-45,${DXY_OUTPUT_ROOT}/frames/images/GP_Ip_8.8mm_closed_R10_single_refY_005-reacq01-45.jpg,True,
GP_Ip_8.8mm_closed_R10_single_refY,GP_Ip_8.8mm_closed_R10_single_refY_005,${DXY_VIDEO_DIR}/GP_Ip_8.8mm_closed_R10_single_refY_005.mp4,559e88ed2f03fe1620bd59f6b75bf7a662a32bab72dc91b5ca4bdec997eae443,125,1.0890879869506813,114.77493232662069,579,1,46,GP_Ip_8.8mm_closed_R10_single_refY_005-reacq01-46,${DXY_OUTPUT_ROOT}/frames/images/GP_Ip_8.8mm_closed_R10_single_refY_005-reacq01-46.jpg,True,
GP_Ip_8.8mm_closed_R10_single_refY,GP_Ip_8.8mm_closed_R10_single_refY_005,${DXY_VIDEO_DIR}/GP_Ip_8.8mm_closed_R10_single_refY_005.mp4,559e88ed2f03fe1620bd59f6b75bf7a662a32bab72dc91b5ca4bdec997eae443,127,1.1065133947418921,114.77493232662069,579,1,47,GP_Ip_8.8mm_closed_R10_single_refY_005-reacq01-47,${DXY_OUTPUT_ROOT}/frames/images/GP_Ip_8.8mm_closed_R10_single_refY_005-reacq01-47.jpg,True,
GP_Ip_8.8mm_closed_R10_single_refY,GP_Ip_8.8mm_closed_R10_single_refY_005,${DXY_VIDEO_DIR}/GP_Ip_8.8mm_closed_R10_single_refY_005.mp4,559e88ed2f03fe1620bd59f6b75bf7a662a32bab72dc91b5ca4bdec997eae443,129,1.1239388025331032,114.77493232662069,579,1,48,GP_Ip_8.8mm_closed_R10_single_refY_005-reacq01-48,${DXY_OUTPUT_ROOT}/frames/images/GP_Ip_8.8mm_closed_R10_single_refY_005-reacq01-48.jpg,True,
GP_Ip_8.8mm_closed_R10_single_refY,GP_Ip_8.8mm_closed_R10_single_refY_005,${DXY_VIDEO_DIR}/GP_Ip_8.8mm_closed_R10_single_refY_005.mp4,559e88ed2f03fe1620bd59f6b75bf7a662a32bab72dc91b5ca4bdec997eae443,131,1.141364210324314,114.77493232662069,579,1,49,GP_Ip_8.8mm_closed_R10_single_refY_005-reacq01-49,${DXY_OUTPUT_ROOT}/frames/images/GP_Ip_8.8mm_closed_R10_single_refY_005-reacq01-49.jpg,True,
GP_Ip_8.8mm_closed_R10_single_refY,GP_Ip_8.8mm_closed_R10_single_refY_005,${DXY_VIDEO_DIR}/GP_Ip_8.8mm_closed_R10_single_refY_005.mp4,559e88ed2f03fe1620bd59f6b75bf7a662a32bab72dc91b5ca4bdec997eae443,133,1.1587896181155248,114.77493232662069,579,1,50,GP_Ip_8.8mm_closed_R10_single_refY_005-reacq01-50,${DXY_OUTPUT_ROOT}/frames/images/GP_Ip_8.8mm_closed_R10_single_refY_005-reacq01-50.jpg,True,
GP_Ip_8.8mm_closed_R10_single_refY,GP_Ip_8.8mm_closed_R10_single_refY_005,${DXY_VIDEO_DIR}/GP_Ip_8.8mm_closed_R10_single_refY_005.mp4,559e88ed2f03fe1620bd59f6b75bf7a662a32bab72dc91b5ca4bdec997eae443,134,1.1675023220111305,114.77493232662069,579,2,1,GP_Ip_8.8mm_closed_R10_single_refY_005-reacq02-01,${DXY_OUTPUT_ROOT}/frames/images/GP_Ip_8.8mm_closed_R10_single_refY_005-reacq02-01.jpg,True,
GP_Ip_8.8mm_closed_R10_single_refY,GP_Ip_8.8mm_closed_R10_single_refY_005,${DXY_VIDEO_DIR}/GP_Ip_8.8mm_closed_R10_single_refY_005.mp4,559e88ed2f03fe1620bd59f6b75bf7a662a32bab72dc91b5ca4bdec997eae443,136,1.1849277298023413,114.77493232662069,579,2,2,GP_Ip_8.8mm_closed_R10_single_refY_005-reacq02-02,${DXY_OUTPUT_ROOT}/frames/images/GP_Ip_8.8mm_closed_R10_single_refY_005-reacq02-02.jpg,True,
GP_Ip_8.8mm_closed_R10_single_refY,GP_Ip_8.8mm_closed_R10_single_refY_005,${DXY_VIDEO_DIR}/GP_Ip_8.8mm_closed_R10_single_refY_005.mp4,559e88ed2f03fe1620bd59f6b75bf7a662a32bab72dc91b5ca4bdec997eae443,138,1.2023531375935521,114.77493232662069,579,2,3,GP_Ip_8.8mm_closed_R10_single_refY_005-reacq02-03,${DXY_OUTPUT_ROOT}/frames/images/GP_Ip_8.8mm_closed_R10_single_refY_005-reacq02-03.jpg,True,
GP_Ip_8.8mm_closed_R10_single_refY,GP_Ip_8.8mm_closed_R10_single_refY_005,${DXY_VIDEO_DIR}/GP_Ip_8.8mm_closed_R10_single_refY_005.mp4,559e88ed2f03fe1620bd59f6b75bf7a662a32bab72dc91b5ca4bdec997eae443,140,1.2197785453847632,114.77493232662069,579,2,4,GP_Ip_8.8mm_closed_R10_single_refY_005-reacq02-04,${DXY_OUTPUT_ROOT}/frames/images/GP_Ip_8.8mm_closed_R10_single_refY_005-reacq02-04.jpg,True,
GP_Ip_8.8mm_closed_R10_single_refY,GP_Ip_8.8mm_closed_R10_single_refY_005,${DXY_VIDEO_DIR}/GP_Ip_8.8mm_closed_R10_single_refY_005.mp4,559e88ed2f03fe1620bd59f6b75bf7a662a32bab72dc91b5ca4bdec997eae443,142,1.237203953175974,114.77493232662069,579,2,5,GP_Ip_8.8mm_closed_R10_single_refY_005-reacq02-05,${DXY_OUTPUT_ROOT}/frames/images/GP_Ip_8.8mm_closed_R10_single_refY_005-reacq02-05.jpg,True,
GP_Ip_8.8mm_closed_R10_single_refY,GP_Ip_8.8mm_closed_R10_single_refY_005,${DXY_VIDEO_DIR}/GP_Ip_8.8mm_closed_R10_single_refY_005.mp4,559e88ed2f03fe1620bd59f6b75bf7a662a32bab72dc91b5ca4bdec997eae443,145,1.2633420648627902,114.77493232662069,579,2,6,GP_Ip_8.8mm_closed_R10_single_refY_005-reacq02-06,${DXY_OUTPUT_ROOT}/frames/images/GP_Ip_8.8mm_closed_R10_single_refY_005-reacq02-06.jpg,True,
GP_Ip_8.8mm_closed_R10_single_refY,GP_Ip_8.8mm_closed_R10_single_refY_005,${DXY_VIDEO_DIR}/GP_Ip_8.8mm_closed_R10_single_refY_005.mp4,559e88ed2f03fe1620bd59f6b75bf7a662a32bab72dc91b5ca4bdec997eae443,147,1.2807674726540013,114.77493232662069,579,2,7,GP_Ip_8.8mm_closed_R10_single_refY_005-reacq02-07,${DXY_OUTPUT_ROOT}/frames/images/GP_Ip_8.8mm_closed_R10_single_refY_005-reacq02-07.jpg,True,
GP_Ip_8.8mm_closed_R10_single_refY,GP_Ip_8.8mm_closed_R10_single_refY_005,${DXY_VIDEO_DIR}/GP_Ip_8.8mm_closed_R10_single_refY_005.mp4,559e88ed2f03fe1620bd59f6b75bf7a662a32bab72dc91b5ca4bdec997eae443,149,1.298192880445212,114.77493232662069,579,2,8,GP_Ip_8.8mm_closed_R10_single_refY_005-reacq02-08,${DXY_OUTPUT_ROOT}/frames/images/GP_Ip_8.8mm_closed_R10_single_refY_005-reacq02-08.jpg,True,
GP_Ip_8.8mm_closed_R10_single_refY,GP_Ip_8.8mm_closed_R10_single_refY_005,${DXY_VIDEO_DIR}/GP_Ip_8.8mm_closed_R10_single_refY_005.mp4,559e88ed2f03fe1620bd59f6b75bf7a662a32bab72dc91b5ca4bdec997eae443,151,1.3156182882364231,114.77493232662069,579,2,9,GP_Ip_8.8mm_closed_R10_single_refY_005-reacq02-09,${DXY_OUTPUT_ROOT}/frames/images/GP_Ip_8.8mm_closed_R10_single_refY_005-reacq02-09.jpg,True,
GP_Ip_8.8mm_closed_R10_single_refY,GP_Ip_8.8mm_closed_R10_single_refY_005,${DXY_VIDEO_DIR}/GP_Ip_8.8mm_closed_R10_single_refY_005.mp4,559e88ed2f03fe1620bd59f6b75bf7a662a32bab72dc91b5ca4bdec997eae443,153,1.333043696027634,114.77493232662069,579,2,10,GP_Ip_8.8mm_closed_R10_single_refY_005-reacq02-10,${DXY_OUTPUT_ROOT}/frames/images/GP_Ip_8.8mm_closed_R10_single_refY_005-reacq02-10.jpg,True,
GP_Ip_8.8mm_closed_R10_single_refY,GP_Ip_8.8mm_closed_R10_single_refY_005,${DXY_VIDEO_DIR}/GP_Ip_8.8mm_closed_R10_single_refY_005.mp4,559e88ed2f03fe1620bd59f6b75bf7a662a32bab72dc91b5ca4bdec997eae443,155,1.3504691038188448,114.77493232662069,579,2,11,GP_Ip_8.8mm_closed_R10_single_refY_005-reacq02-11,${DXY_OUTPUT_ROOT}/frames/images/GP_Ip_8.8mm_closed_R10_single_refY_005-reacq02-11.jpg,True,
GP_Ip_8.8mm_closed_R10_single_refY,GP_Ip_8.8mm_closed_R10_single_refY_005,${DXY_VIDEO_DIR}/GP_Ip_8.8mm_closed_R10_single_refY_005.mp4,559e88ed2f03fe1620bd59f6b75bf7a662a32bab72dc91b5ca4bdec997eae443,157,1.3678945116100558,114.77493232662069,579,2,12,GP_Ip_8.8mm_closed_R10_single_refY_005-reacq02-12,${DXY_OUTPUT_ROOT}/frames/images/GP_Ip_8.8mm_closed_R10_single_refY_005-reacq02-12.jpg,True,
GP_Ip_8.8mm_closed_R10_single_refY,GP_Ip_8.8mm_closed_R10_single_refY_005,${DXY_VIDEO_DIR}/GP_Ip_8.8mm_closed_R10_single_refY_005.mp4,559e88ed2f03fe1620bd59f6b75bf7a662a32bab72dc91b5ca4bdec997eae443,159,1.3853199194012666,114.77493232662069,579,2,13,GP_Ip_8.8mm_closed_R10_single_refY_005-reacq02-13,${DXY_OUTPUT_ROOT}/frames/images/GP_Ip_8.8mm_closed_R10_single_refY_005-reacq02-13.jpg,True,
GP_Ip_8.8mm_closed_R10_single_refY,GP_Ip_8.8mm_closed_R10_single_refY_005,${DXY_VIDEO_DIR}/GP_Ip_8.8mm_closed_R10_single_refY_005.mp4,559e88ed2f03fe1620bd59f6b75bf7a662a32bab72dc91b5ca4bdec997eae443,161,1.4027453271924775,114.77493232662069,579,2,14,GP_Ip_8.8mm_closed_R10_single_refY_005-reacq02-14,${DXY_OUTPUT_ROOT}/frames/images/GP_Ip_8.8mm_closed_R10_single_refY_005-reacq02-14.jpg,True,
GP_Ip_8.8mm_closed_R10_single_refY,GP_Ip_8.8mm_closed_R10_single_refY_005,${DXY_VIDEO_DIR}/GP_Ip_8.8mm_closed_R10_single_refY_005.mp4,559e88ed2f03fe1620bd59f6b75bf7a662a32bab72dc91b5ca4bdec997eae443,163,1.4201707349836885,114.77493232662069,579,2,15,GP_Ip_8.8mm_closed_R10_single_refY_005-reacq02-15,${DXY_OUTPUT_ROOT}/frames/images/GP_Ip_8.8mm_closed_R10_single_refY_005-reacq02-15.jpg,True,
GP_Ip_8.8mm_closed_R10_single_refY,GP_Ip_8.8mm_closed_R10_single_refY_005,${DXY_VIDEO_DIR}/GP_Ip_8.8mm_closed_R10_single_refY_005.mp4,559e88ed2f03fe1620bd59f6b75bf7a662a32bab72dc91b5ca4bdec997eae443,166,1.4463088466705047,114.77493232662069,579,2,16,GP_Ip_8.8mm_closed_R10_single_refY_005-reacq02-16,${DXY_OUTPUT_ROOT}/frames/images/GP_Ip_8.8mm_closed_R10_single_refY_005-reacq02-16.jpg,True,
GP_Ip_8.8mm_closed_R10_single_refY,GP_Ip_8.8mm_closed_R10_single_refY_005,${DXY_VIDEO_DIR}/GP_Ip_8.8mm_closed_R10_single_refY_005.mp4,559e88ed2f03fe1620bd59f6b75bf7a662a32bab72dc91b5ca4bdec997eae443,168,1.4637342544617158,114.77493232662069,579,2,17,GP_Ip_8.8mm_closed_R10_single_refY_005-reacq02-17,${DXY_OUTPUT_ROOT}/frames/images/GP_Ip_8.8mm_closed_R10_single_refY_005-reacq02-17.jpg,True,
GP_Ip_8.8mm_closed_R10_single_refY,GP_Ip_8.8mm_closed_R10_single_refY_005,${DXY_VIDEO_DIR}/GP_Ip_8.8mm_closed_R10_single_refY_005.mp4,559e88ed2f03fe1620bd59f6b75bf7a662a32bab72dc91b5ca4bdec997eae443,170,1.4811596622529266,114.77493232662069,579,2,18,GP_Ip_8.8mm_closed_R10_single_refY_005-reacq02-18,${DXY_OUTPUT_ROOT}/frames/images/GP_Ip_8.8mm_closed_R10_single_refY_005-reacq02-18.jpg,True,
GP_Ip_8.8mm_closed_R10_single_refY,GP_Ip_8.8mm_closed_R10_single_refY_005,${DXY_VIDEO_DIR}/GP_Ip_8.8mm_closed_R10_single_refY_005.mp4,559e88ed2f03fe1620bd59f6b75bf7a662a32bab72dc91b5ca4bdec997eae443,172,1.4985850700441374,114.77493232662069,579,2,19,GP_Ip_8.8mm_closed_R10_single_refY_005-reacq02-19,${DXY_OUTPUT_ROOT}/frames/images/GP_Ip_8.8mm_closed_R10_single_refY_005-reacq02-19.jpg,True,
GP_Ip_8.8mm_closed_R10_single_refY,GP_Ip_8.8mm_closed_R10_single_refY_005,${DXY_VIDEO_DIR}/GP_Ip_8.8mm_closed_R10_single_refY_005.mp4,559e88ed2f03fe1620bd59f6b75bf7a662a32bab72dc91b5ca4bdec997eae443,174,1.5160104778353485,114.77493232662069,579,2,20,GP_Ip_8.8mm_closed_R10_single_refY_005-reacq02-20,${DXY_OUTPUT_ROOT}/frames/images/GP_Ip_8.8mm_closed_R10_single_refY_005-reacq02-20.jpg,True,
GP_Ip_8.8mm_closed_R10_single_refY,GP_Ip_8.8mm_closed_R10_single_refY_005,${DXY_VIDEO_DIR}/GP_Ip_8.8mm_closed_R10_single_refY_005.mp4,559e88ed2f03fe1620bd59f6b75bf7a662a32bab72dc91b5ca4bdec997eae443,176,1.5334358856265593,114.77493232662069,579,2,21,GP_Ip_8.8mm_closed_R10_single_refY_005-reacq02-21,${DXY_OUTPUT_ROOT}/frames/images/GP_Ip_8.8mm_closed_R10_single_refY_005-reacq02-21.jpg,True,
GP_Ip_8.8mm_closed_R10_single_refY,GP_Ip_8.8mm_closed_R10_single_refY_005,${DXY_VIDEO_DIR}/GP_Ip_8.8mm_closed_R10_single_refY_005.mp4,559e88ed2f03fe1620bd59f6b75bf7a662a32bab72dc91b5ca4bdec997eae443,178,1.5508612934177701,114.77493232662069,579,2,22,GP_Ip_8.8mm_closed_R10_single_refY_005-reacq02-22,${DXY_OUTPUT_ROOT}/frames/images/GP_Ip_8.8mm_closed_R10_single_refY_005-reacq02-22.jpg,True,
GP_Ip_8.8mm_closed_R10_single_refY,GP_Ip_8.8mm_closed_R10_single_refY_005,${DXY_VIDEO_DIR}/GP_Ip_8.8mm_closed_R10_single_refY_005.mp4,559e88ed2f03fe1620bd59f6b75bf7a662a32bab72dc91b5ca4bdec997eae443,180,1.5682867012089812,114.77493232662069,579,2,23,GP_Ip_8.8mm_closed_R10_single_refY_005-reacq02-23,${DXY_OUTPUT_ROOT}/frames/images/GP_Ip_8.8mm_closed_R10_single_refY_005-reacq02-23.jpg,True,
GP_Ip_8.8mm_closed_R10_single_refY,GP_Ip_8.8mm_closed_R10_single_refY_005,${DXY_VIDEO_DIR}/GP_Ip_8.8mm_closed_R10_single_refY_005.mp4,559e88ed2f03fe1620bd59f6b75bf7a662a32bab72dc91b5ca4bdec997eae443,182,1.585712109000192,114.77493232662069,579,2,24,GP_Ip_8.8mm_closed_R10_single_refY_005-reacq02-24,${DXY_OUTPUT_ROOT}/frames/images/GP_Ip_8.8mm_closed_R10_single_refY_005-reacq02-24.jpg,True,
GP_Ip_8.8mm_closed_R10_single_refY,GP_Ip_8.8mm_closed_R10_single_refY_005,${DXY_VIDEO_DIR}/GP_Ip_8.8mm_closed_R10_single_refY_005.mp4,559e88ed2f03fe1620bd59f6b75bf7a662a32bab72dc91b5ca4bdec997eae443,184,1.6031375167914028,114.77493232662069,579,2,25,GP_Ip_8.8mm_closed_R10_single_refY_005-reacq02-25,${DXY_OUTPUT_ROOT}/frames/images/GP_Ip_8.8mm_closed_R10_single_refY_005-reacq02-25.jpg,True,
GP_Ip_8.8mm_closed_R10_single_refY,GP_Ip_8.8mm_closed_R10_single_refY_005,${DXY_VIDEO_DIR}/GP_Ip_8.8mm_closed_R10_single_refY_005.mp4,559e88ed2f03fe1620bd59f6b75bf7a662a32bab72dc91b5ca4bdec997eae443,187,1.6292756284782193,114.77493232662069,579,2,26,GP_Ip_8.8mm_closed_R10_single_refY_005-reacq02-26,${DXY_OUTPUT_ROOT}/frames/images/GP_Ip_8.8mm_closed_R10_single_refY_005-reacq02-26.jpg,True,
GP_Ip_8.8mm_closed_R10_single_refY,GP_Ip_8.8mm_closed_R10_single_refY_005,${DXY_VIDEO_DIR}/GP_Ip_8.8mm_closed_R10_single_refY_005.mp4,559e88ed2f03fe1620bd59f6b75bf7a662a32bab72dc91b5ca4bdec997eae443,189,1.64670103626943,114.77493232662069,579,2,27,GP_Ip_8.8mm_closed_R10_single_refY_005-reacq02-27,${DXY_OUTPUT_ROOT}/frames/images/GP_Ip_8.8mm_closed_R10_single_refY_005-reacq02-27.jpg,True,
GP_Ip_8.8mm_closed_R10_single_refY,GP_Ip_8.8mm_closed_R10_single_refY_005,${DXY_VIDEO_DIR}/GP_Ip_8.8mm_closed_R10_single_refY_005.mp4,559e88ed2f03fe1620bd59f6b75bf7a662a32bab72dc91b5ca4bdec997eae443,191,1.6641264440606411,114.77493232662069,579,2,28,GP_Ip_8.8mm_closed_R10_single_refY_005-reacq02-28,${DXY_OUTPUT_ROOT}/frames/images/GP_Ip_8.8mm_closed_R10_single_refY_005-reacq02-28.jpg,True,
GP_Ip_8.8mm_closed_R10_single_refY,GP_Ip_8.8mm_closed_R10_single_refY_005,${DXY_VIDEO_DIR}/GP_Ip_8.8mm_closed_R10_single_refY_005.mp4,559e88ed2f03fe1620bd59f6b75bf7a662a32bab72dc91b5ca4bdec997eae443,193,1.681551851851852,114.77493232662069,579,2,29,GP_Ip_8.8mm_closed_R10_single_refY_005-reacq02-29,${DXY_OUTPUT_ROOT}/frames/images/GP_Ip_8.8mm_closed_R10_single_refY_005-reacq02-29.jpg,True,
GP_Ip_8.8mm_closed_R10_single_refY,GP_Ip_8.8mm_closed_R10_single_refY_005,${DXY_VIDEO_DIR}/GP_Ip_8.8mm_closed_R10_single_refY_005.mp4,559e88ed2f03fe1620bd59f6b75bf7a662a32bab72dc91b5ca4bdec997eae443,195,1.6989772596430628,114.77493232662069,579,2,30,GP_Ip_8.8mm_closed_R10_single_refY_005-reacq02-30,${DXY_OUTPUT_ROOT}/frames/images/GP_Ip_8.8mm_closed_R10_single_refY_005-reacq02-30.jpg,True,
GP_Ip_8.8mm_closed_R10_single_refY,GP_Ip_8.8mm_closed_R10_single_refY_005,${DXY_VIDEO_DIR}/GP_Ip_8.8mm_closed_R10_single_refY_005.mp4,559e88ed2f03fe1620bd59f6b75bf7a662a32bab72dc91b5ca4bdec997eae443,197,1.7164026674342738,114.77493232662069,579,2,31,GP_Ip_8.8mm_closed_R10_single_refY_005-reacq02-31,${DXY_OUTPUT_ROOT}/frames/images/GP_Ip_8.8mm_closed_R10_single_refY_005-reacq02-31.jpg,True,
GP_Ip_8.8mm_closed_R10_single_refY,GP_Ip_8.8mm_closed_R10_single_refY_005,${DXY_VIDEO_DIR}/GP_Ip_8.8mm_closed_R10_single_refY_005.mp4,559e88ed2f03fe1620bd59f6b75bf7a662a32bab72dc91b5ca4bdec997eae443,199,1.7338280752254847,114.77493232662069,579,2,32,GP_Ip_8.8mm_closed_R10_single_refY_005-reacq02-32,${DXY_OUTPUT_ROOT}/frames/images/GP_Ip_8.8mm_closed_R10_single_refY_005-reacq02-32.jpg,True,
GP_Ip_8.8mm_closed_R10_single_refY,GP_Ip_8.8mm_closed_R10_single_refY_005,${DXY_VIDEO_DIR}/GP_Ip_8.8mm_closed_R10_single_refY_005.mp4,559e88ed2f03fe1620bd59f6b75bf7a662a32bab72dc91b5ca4bdec997eae443,201,1.7512534830166955,114.77493232662069,579,2,33,GP_Ip_8.8mm_closed_R10_single_refY_005-reacq02-33,${DXY_OUTPUT_ROOT}/frames/images/GP_Ip_8.8mm_closed_R10_single_refY_005-reacq02-33.jpg,True,
GP_Ip_8.8mm_closed_R10_single_refY,GP_Ip_8.8mm_closed_R10_single_refY_005,${DXY_VIDEO_DIR}/GP_Ip_8.8mm_closed_R10_single_refY_005.mp4,559e88ed2f03fe1620bd59f6b75bf7a662a32bab72dc91b5ca4bdec997eae443,203,1.7686788908079065,114.77493232662069,579,2,34,GP_Ip_8.8mm_closed_R10_single_refY_005-reacq02-34,${DXY_OUTPUT_ROOT}/frames/images/GP_Ip_8.8mm_closed_R10_single_refY_005-reacq02-34.jpg,True,
GP_Ip_8.8mm_closed_R10_single_refY,GP_Ip_8.8mm_closed_R10_single_refY_005,${DXY_VIDEO_DIR}/GP_Ip_8.8mm_closed_R10_single_refY_005.mp4,559e88ed2f03fe1620bd59f6b75bf7a662a32bab72dc91b5ca4bdec997eae443,205,1.7861042985991173,114.77493232662069,579,2,35,GP_Ip_8.8mm_closed_R10_single_refY_005-reacq02-35,${DXY_OUTPUT_ROOT}/frames/images/GP_Ip_8.8mm_closed_R10_single_refY_005-reacq02-35.jpg,True,
GP_Ip_8.8mm_closed_R10_single_refY,GP_Ip_8.8mm_closed_R10_single_refY_005,${DXY_VIDEO_DIR}/GP_Ip_8.8mm_closed_R10_single_refY_005.mp4,559e88ed2f03fe1620bd59f6b75bf7a662a32bab72dc91b5ca4bdec997eae443,208,1.8122424102859338,114.77493232662069,579,2,36,GP_Ip_8.8mm_closed_R10_single_refY_005-reacq02-36,${DXY_OUTPUT_ROOT}/frames/images/GP_Ip_8.8mm_closed_R10_single_refY_005-reacq02-36.jpg,True,
GP_Ip_8.8mm_closed_R10_single_refY,GP_Ip_8.8mm_closed_R10_single_refY_005,${DXY_VIDEO_DIR}/GP_Ip_8.8mm_closed_R10_single_refY_005.mp4,559e88ed2f03fe1620bd59f6b75bf7a662a32bab72dc91b5ca4bdec997eae443,210,1.8296678180771446,114.77493232662069,579,2,37,GP_Ip_8.8mm_closed_R10_single_refY_005-reacq02-37,${DXY_OUTPUT_ROOT}/frames/images/GP_Ip_8.8mm_closed_R10_single_refY_005-reacq02-37.jpg,True,
GP_Ip_8.8mm_closed_R10_single_refY,GP_Ip_8.8mm_closed_R10_single_refY_005,${DXY_VIDEO_DIR}/GP_Ip_8.8mm_closed_R10_single_refY_005.mp4,559e88ed2f03fe1620bd59f6b75bf7a662a32bab72dc91b5ca4bdec997eae443,212,1.8470932258683554,114.77493232662069,579,2,38,GP_Ip_8.8mm_closed_R10_single_refY_005-reacq02-38,${DXY_OUTPUT_ROOT}/frames/images/GP_Ip_8.8mm_closed_R10_single_refY_005-reacq02-38.jpg,True,
GP_Ip_8.8mm_closed_R10_single_refY,GP_Ip_8.8mm_closed_R10_single_refY_005,${DXY_VIDEO_DIR}/GP_Ip_8.8mm_closed_R10_single_refY_005.mp4,559e88ed2f03fe1620bd59f6b75bf7a662a32bab72dc91b5ca4bdec997eae443,214,1.8645186336595665,114.77493232662069,579,2,39,GP_Ip_8.8mm_closed_R10_single_refY_005-reacq02-39,${DXY_OUTPUT_ROOT}/frames/images/GP_Ip_8.8mm_closed_R10_single_refY_005-reacq02-39.jpg,True,
GP_Ip_8.8mm_closed_R10_single_refY,GP_Ip_8.8mm_closed_R10_single_refY_005,${DXY_VIDEO_DIR}/GP_Ip_8.8mm_closed_R10_single_refY_005.mp4,559e88ed2f03fe1620bd59f6b75bf7a662a32bab72dc91b5ca4bdec997eae443,216,1.8819440414507773,114.77493232662069,579,2,40,GP_Ip_8.8mm_closed_R10_single_refY_005-reacq02-40,${DXY_OUTPUT_ROOT}/frames/images/GP_Ip_8.8mm_closed_R10_single_refY_005-reacq02-40.jpg,True,
GP_Ip_8.8mm_closed_R10_single_refY,GP_Ip_8.8mm_closed_R10_single_refY_005,${DXY_VIDEO_DIR}/GP_Ip_8.8mm_closed_R10_single_refY_005.mp4,559e88ed2f03fe1620bd59f6b75bf7a662a32bab72dc91b5ca4bdec997eae443,218,1.8993694492419881,114.77493232662069,579,2,41,GP_Ip_8.8mm_closed_R10_single_refY_005-reacq02-41,${DXY_OUTPUT_ROOT}/frames/images/GP_Ip_8.8mm_closed_R10_single_refY_005-reacq02-41.jpg,True,
GP_Ip_8.8mm_closed_R10_single_refY,GP_Ip_8.8mm_closed_R10_single_refY_005,${DXY_VIDEO_DIR}/GP_Ip_8.8mm_closed_R10_single_refY_005.mp4,559e88ed2f03fe1620bd59f6b75bf7a662a32bab72dc91b5ca4bdec997eae443,220,1.9167948570331992,114.77493232662069,579,2,42,GP_Ip_8.8mm_closed_R10_single_refY_005-reacq02-42,${DXY_OUTPUT_ROOT}/frames/images/GP_Ip_8.8mm_closed_R10_single_refY_005-reacq02-42.jpg,True,
GP_Ip_8.8mm_closed_R10_single_refY,GP_Ip_8.8mm_closed_R10_single_refY_005,${DXY_VIDEO_DIR}/GP_Ip_8.8mm_closed_R10_single_refY_005.mp4,559e88ed2f03fe1620bd59f6b75bf7a662a32bab72dc91b5ca4bdec997eae443,222,1.93422026482441,114.77493232662069,579,2,43,GP_Ip_8.8mm_closed_R10_single_refY_005-reacq02-43,${DXY_OUTPUT_ROOT}/frames/images/GP_Ip_8.8mm_closed_R10_single_refY_005-reacq02-43.jpg,True,
GP_Ip_8.8mm_closed_R10_single_refY,GP_Ip_8.8mm_closed_R10_single_refY_005,${DXY_VIDEO_DIR}/GP_Ip_8.8mm_closed_R10_single_refY_005.mp4,559e88ed2f03fe1620bd59f6b75bf7a662a32bab72dc91b5ca4bdec997eae443,224,1.9516456726156208,114.77493232662069,579,2,44,GP_Ip_8.8mm_closed_R10_single_refY_005-reacq02-44,${DXY_OUTPUT_ROOT}/frames/images/GP_Ip_8.8mm_closed_R10_single_refY_005-reacq02-44.jpg,True,
GP_Ip_8.8mm_closed_R10_single_refY,GP_Ip_8.8mm_closed_R10_single_refY_005,${DXY_VIDEO_DIR}/GP_Ip_8.8mm_closed_R10_single_refY_005.mp4,559e88ed2f03fe1620bd59f6b75bf7a662a32bab72dc91b5ca4bdec997eae443,226,1.9690710804068319,114.77493232662069,579,2,45,GP_Ip_8.8mm_closed_R10_single_refY_005-reacq02-45,${DXY_OUTPUT_ROOT}/frames/images/GP_Ip_8.8mm_closed_R10_single_refY_005-reacq02-45.jpg,True,
GP_Ip_8.8mm_closed_R10_single_refY,GP_Ip_8.8mm_closed_R10_single_refY_005,${DXY_VIDEO_DIR}/GP_Ip_8.8mm_closed_R10_single_refY_005.mp4,559e88ed2f03fe1620bd59f6b75bf7a662a32bab72dc91b5ca4bdec997eae443,229,1.995209192093648,114.77493232662069,579,2,46,GP_Ip_8.8mm_closed_R10_single_refY_005-reacq02-46,${DXY_OUTPUT_ROOT}/frames/images/GP_Ip_8.8mm_closed_R10_single_refY_005-reacq02-46.jpg,True,
GP_Ip_8.8mm_closed_R10_single_refY,GP_Ip_8.8mm_closed_R10_single_refY_005,${DXY_VIDEO_DIR}/GP_Ip_8.8mm_closed_R10_single_refY_005.mp4,559e88ed2f03fe1620bd59f6b75bf7a662a32bab72dc91b5ca4bdec997eae443,231,2.012634599884859,114.77493232662069,579,2,47,GP_Ip_8.8mm_closed_R10_single_refY_005-reacq02-47,${DXY_OUTPUT_ROOT}/frames/images/GP_Ip_8.8mm_closed_R10_single_refY_005-reacq02-47.jpg,True,
GP_Ip_8.8mm_closed_R10_single_refY,GP_Ip_8.8mm_closed_R10_single_refY_005,${DXY_VIDEO_DIR}/GP_Ip_8.8mm_closed_R10_single_refY_005.mp4,559e88ed2f03fe1620bd59f6b75bf7a662a32bab72dc91b5ca4bdec997eae443,233,2.0300600076760698,114.77493232662069,579,2,48,GP_Ip_8.8mm_closed_R10_single_refY_005-reacq02-48,${DXY_OUTPUT_ROOT}/frames/images/GP_Ip_8.8mm_closed_R10_single_refY_005-reacq02-48.jpg,True,
GP_Ip_8.8mm_closed_R10_single_refY,GP_Ip_8.8mm_closed_R10_single_refY_005,${DXY_VIDEO_DIR}/GP_Ip_8.8mm_closed_R10_single_refY_005.mp4,559e88ed2f03fe1620bd59f6b75bf7a662a32bab72dc91b5ca4bdec997eae443,235,2.047485415467281,114.77493232662069,579,2,49,GP_Ip_8.8mm_closed_R10_single_refY_005-reacq02-49,${DXY_OUTPUT_ROOT}/frames/images/GP_Ip_8.8mm_closed_R10_single_refY_005-reacq02-49.jpg,True,
GP_Ip_8.8mm_closed_R10_single_refY,GP_Ip_8.8mm_closed_R10_single_refY_005,${DXY_VIDEO_DIR}/GP_Ip_8.8mm_closed_R10_single_refY_005.mp4,559e88ed2f03fe1620bd59f6b75bf7a662a32bab72dc91b5ca4bdec997eae443,237,2.064910823258492,114.77493232662069,579,2,50,GP_Ip_8.8mm_closed_R10_single_refY_005-reacq02-50,${DXY_OUTPUT_ROOT}/frames/images/GP_Ip_8.8mm_closed_R10_single_refY_005-reacq02-50.jpg,True,
GP_Ip_8.8mm_closed_R10_single_refY,GP_Ip_8.8mm_closed_R10_single_refY_005,${DXY_VIDEO_DIR}/GP_Ip_8.8mm_closed_R10_single_refY_005.mp4,559e88ed2f03fe1620bd59f6b75bf7a662a32bab72dc91b5ca4bdec997eae443,238,2.0736235271540973,114.77493232662069,579,3,1,GP_Ip_8.8mm_closed_R10_single_refY_005-reacq03-01,${DXY_OUTPUT_ROOT}/frames/images/GP_Ip_8.8mm_closed_R10_single_refY_005-reacq03-01.jpg,True,
GP_Ip_8.8mm_closed_R10_single_refY,GP_Ip_8.8mm_closed_R10_single_refY_005,${DXY_VIDEO_DIR}/GP_Ip_8.8mm_closed_R10_single_refY_005.mp4,559e88ed2f03fe1620bd59f6b75bf7a662a32bab72dc91b5ca4bdec997eae443,240,2.091048934945308,114.77493232662069,579,3,2,GP_Ip_8.8mm_closed_R10_single_refY_005-reacq03-02,${DXY_OUTPUT_ROOT}/frames/images/GP_Ip_8.8mm_closed_R10_single_refY_005-reacq03-02.jpg,True,
GP_Ip_8.8mm_closed_R10_single_refY,GP_Ip_8.8mm_closed_R10_single_refY_005,${DXY_VIDEO_DIR}/GP_Ip_8.8mm_closed_R10_single_refY_005.mp4,559e88ed2f03fe1620bd59f6b75bf7a662a32bab72dc91b5ca4bdec997eae443,242,2.108474342736519,114.77493232662069,579,3,3,GP_Ip_8.8mm_closed_R10_single_refY_005-reacq03-03,${DXY_OUTPUT_ROOT}/frames/images/GP_Ip_8.8mm_closed_R10_single_refY_005-reacq03-03.jpg,True,
GP_Ip_8.8mm_closed_R10_single_refY,GP_Ip_8.8mm_closed_R10_single_refY_005,${DXY_VIDEO_DIR}/GP_Ip_8.8mm_closed_R10_single_refY_005.mp4,559e88ed2f03fe1620bd59f6b75bf7a662a32bab72dc91b5ca4bdec997eae443,244,2.1258997505277297,114.77493232662069,579,3,4,GP_Ip_8.8mm_closed_R10_single_refY_005-reacq03-04,${DXY_OUTPUT_ROOT}/frames/images/GP_Ip_8.8mm_closed_R10_single_refY_005-reacq03-04.jpg,True,
GP_Ip_8.8mm_closed_R10_single_refY,GP_Ip_8.8mm_closed_R10_single_refY_005,${DXY_VIDEO_DIR}/GP_Ip_8.8mm_closed_R10_single_refY_005.mp4,559e88ed2f03fe1620bd59f6b75bf7a662a32bab72dc91b5ca4bdec997eae443,246,2.143325158318941,114.77493232662069,579,3,5,GP_Ip_8.8mm_closed_R10_single_refY_005-reacq03-05,${DXY_OUTPUT_ROOT}/frames/images/GP_Ip_8.8mm_closed_R10_single_refY_005-reacq03-05.jpg,True,
GP_Ip_8.8mm_closed_R10_single_refY,GP_Ip_8.8mm_closed_R10_single_refY_005,${DXY_VIDEO_DIR}/GP_Ip_8.8mm_closed_R10_single_refY_005.mp4,559e88ed2f03fe1620bd59f6b75bf7a662a32bab72dc91b5ca4bdec997eae443,249,2.1694632700057572,114.77493232662069,579,3,6,GP_Ip_8.8mm_closed_R10_single_refY_005-reacq03-06,${DXY_OUTPUT_ROOT}/frames/images/GP_Ip_8.8mm_closed_R10_single_refY_005-reacq03-06.jpg,True,
GP_Ip_8.8mm_closed_R10_single_refY,GP_Ip_8.8mm_closed_R10_single_refY_005,${DXY_VIDEO_DIR}/GP_Ip_8.8mm_closed_R10_single_refY_005.mp4,559e88ed2f03fe1620bd59f6b75bf7a662a32bab72dc91b5ca4bdec997eae443,251,2.186888677796968,114.77493232662069,579,3,7,GP_Ip_8.8mm_closed_R10_single_refY_005-reacq03-07,${DXY_OUTPUT_ROOT}/frames/images/GP_Ip_8.8mm_closed_R10_single_refY_005-reacq03-07.jpg,True,
GP_Ip_8.8mm_closed_R10_single_refY,GP_Ip_8.8mm_closed_R10_single_refY_005,${DXY_VIDEO_DIR}/GP_Ip_8.8mm_closed_R10_single_refY_005.mp4,559e88ed2f03fe1620bd59f6b75bf7a662a32bab72dc91b5ca4bdec997eae443,253,2.204314085588179,114.77493232662069,579,3,8,GP_Ip_8.8mm_closed_R10_single_refY_005-reacq03-08,${DXY_OUTPUT_ROOT}/frames/images/GP_Ip_8.8mm_closed_R10_single_refY_005-reacq03-08.jpg,True,
GP_Ip_8.8mm_closed_R10_single_refY,GP_Ip_8.8mm_closed_R10_single_refY_005,${DXY_VIDEO_DIR}/GP_Ip_8.8mm_closed_R10_single_refY_005.mp4,559e88ed2f03fe1620bd59f6b75bf7a662a32bab72dc91b5ca4bdec997eae443,255,2.2217394933793897,114.77493232662069,579,3,9,GP_Ip_8.8mm_closed_R10_single_refY_005-reacq03-09,${DXY_OUTPUT_ROOT}/frames/images/GP_Ip_8.8mm_closed_R10_single_refY_005-reacq03-09.jpg,True,
GP_Ip_8.8mm_closed_R10_single_refY,GP_Ip_8.8mm_closed_R10_single_refY_005,${DXY_VIDEO_DIR}/GP_Ip_8.8mm_closed_R10_single_refY_005.mp4,559e88ed2f03fe1620bd59f6b75bf7a662a32bab72dc91b5ca4bdec997eae443,257,2.239164901170601,114.77493232662069,579,3,10,GP_Ip_8.8mm_closed_R10_single_refY_005-reacq03-10,${DXY_OUTPUT_ROOT}/frames/images/GP_Ip_8.8mm_closed_R10_single_refY_005-reacq03-10.jpg,True,
GP_Ip_8.8mm_closed_R10_single_refY,GP_Ip_8.8mm_closed_R10_single_refY_005,${DXY_VIDEO_DIR}/GP_Ip_8.8mm_closed_R10_single_refY_005.mp4,559e88ed2f03fe1620bd59f6b75bf7a662a32bab72dc91b5ca4bdec997eae443,259,2.256590308961812,114.77493232662069,579,3,11,GP_Ip_8.8mm_closed_R10_single_refY_005-reacq03-11,${DXY_OUTPUT_ROOT}/frames/images/GP_Ip_8.8mm_closed_R10_single_refY_005-reacq03-11.jpg,True,
GP_Ip_8.8mm_closed_R10_single_refY,GP_Ip_8.8mm_closed_R10_single_refY_005,${DXY_VIDEO_DIR}/GP_Ip_8.8mm_closed_R10_single_refY_005.mp4,559e88ed2f03fe1620bd59f6b75bf7a662a32bab72dc91b5ca4bdec997eae443,261,2.2740157167530226,114.77493232662069,579,3,12,GP_Ip_8.8mm_closed_R10_single_refY_005-reacq03-12,${DXY_OUTPUT_ROOT}/frames/images/GP_Ip_8.8mm_closed_R10_single_refY_005-reacq03-12.jpg,True,
GP_Ip_8.8mm_closed_R10_single_refY,GP_Ip_8.8mm_closed_R10_single_refY_005,${DXY_VIDEO_DIR}/GP_Ip_8.8mm_closed_R10_single_refY_005.mp4,559e88ed2f03fe1620bd59f6b75bf7a662a32bab72dc91b5ca4bdec997eae443,263,2.2914411245442334,114.77493232662069,579,3,13,GP_Ip_8.8mm_closed_R10_single_refY_005-reacq03-13,${DXY_OUTPUT_ROOT}/frames/images/GP_Ip_8.8mm_closed_R10_single_refY_005-reacq03-13.jpg,True,
GP_Ip_8.8mm_closed_R10_single_refY,GP_Ip_8.8mm_closed_R10_single_refY_005,${DXY_VIDEO_DIR}/GP_Ip_8.8mm_closed_R10_single_refY_005.mp4,559e88ed2f03fe1620bd59f6b75bf7a662a32bab72dc91b5ca4bdec997eae443,265,2.3088665323354443,114.77493232662069,579,3,14,GP_Ip_8.8mm_closed_R10_single_refY_005-reacq03-14,${DXY_OUTPUT_ROOT}/frames/images/GP_Ip_8.8mm_closed_R10_single_refY_005-reacq03-14.jpg,True,
GP_Ip_8.8mm_closed_R10_single_refY,GP_Ip_8.8mm_closed_R10_single_refY_005,${DXY_VIDEO_DIR}/GP_Ip_8.8mm_closed_R10_single_refY_005.mp4,559e88ed2f03fe1620bd59f6b75bf7a662a32bab72dc91b5ca4bdec997eae443,267,2.326291940126655,114.77493232662069,579,3,15,GP_Ip_8.8mm_closed_R10_single_refY_005-reacq03-15,${DXY_OUTPUT_ROOT}/frames/images/GP_Ip_8.8mm_closed_R10_single_refY_005-reacq03-15.jpg,True,
GP_Ip_8.8mm_closed_R10_single_refY,GP_Ip_8.8mm_closed_R10_single_refY_005,${DXY_VIDEO_DIR}/GP_Ip_8.8mm_closed_R10_single_refY_005.mp4,559e88ed2f03fe1620bd59f6b75bf7a662a32bab72dc91b5ca4bdec997eae443,270,2.3524300518134718,114.77493232662069,579,3,16,GP_Ip_8.8mm_closed_R10_single_refY_005-reacq03-16,${DXY_OUTPUT_ROOT}/frames/images/GP_Ip_8.8mm_closed_R10_single_refY_005-reacq03-16.jpg,True,
GP_Ip_8.8mm_closed_R10_single_refY,GP_Ip_8.8mm_closed_R10_single_refY_005,${DXY_VIDEO_DIR}/GP_Ip_8.8mm_closed_R10_single_refY_005.mp4,559e88ed2f03fe1620bd59f6b75bf7a662a32bab72dc91b5ca4bdec997eae443,272,2.3698554596046826,114.77493232662069,579,3,17,GP_Ip_8.8mm_closed_R10_single_refY_005-reacq03-17,${DXY_OUTPUT_ROOT}/frames/images/GP_Ip_8.8mm_closed_R10_single_refY_005-reacq03-17.jpg,True,
GP_Ip_8.8mm_closed_R10_single_refY,GP_Ip_8.8mm_closed_R10_single_refY_005,${DXY_VIDEO_DIR}/GP_Ip_8.8mm_closed_R10_single_refY_005.mp4,559e88ed2f03fe1620bd59f6b75bf7a662a32bab72dc91b5ca4bdec997eae443,274,2.3872808673958934,114.77493232662069,579,3,18,GP_Ip_8.8mm_closed_R10_single_refY_005-reacq03-18,${DXY_OUTPUT_ROOT}/frames/images/GP_Ip_8.8mm_closed_R10_single_refY_005-reacq03-18.jpg,True,
GP_Ip_8.8mm_closed_R10_single_refY,GP_Ip_8.8mm_closed_R10_single_refY_005,${DXY_VIDEO_DIR}/GP_Ip_8.8mm_closed_R10_single_refY_005.mp4,559e88ed2f03fe1620bd59f6b75bf7a662a32bab72dc91b5ca4bdec997eae443,276,2.4047062751871042,114.77493232662069,579,3,19,GP_Ip_8.8mm_closed_R10_single_refY_005-reacq03-19,${DXY_OUTPUT_ROOT}/frames/images/GP_Ip_8.8mm_closed_R10_single_refY_005-reacq03-19.jpg,True,
GP_Ip_8.8mm_closed_R10_single_refY,GP_Ip_8.8mm_closed_R10_single_refY_005,${DXY_VIDEO_DIR}/GP_Ip_8.8mm_closed_R10_single_refY_005.mp4,559e88ed2f03fe1620bd59f6b75bf7a662a32bab72dc91b5ca4bdec997eae443,278,2.422131682978315,114.77493232662069,579,3,20,GP_Ip_8.8mm_closed_R10_single_refY_005-reacq03-20,${DXY_OUTPUT_ROOT}/frames/images/GP_Ip_8.8mm_closed_R10_single_refY_005-reacq03-20.jpg,True,
GP_Ip_8.8mm_closed_R10_single_refY,GP_Ip_8.8mm_closed_R10_single_refY_005,${DXY_VIDEO_DIR}/GP_Ip_8.8mm_closed_R10_single_refY_005.mp4,559e88ed2f03fe1620bd59f6b75bf7a662a32bab72dc91b5ca4bdec997eae443,280,2.4395570907695263,114.77493232662069,579,3,21,GP_Ip_8.8mm_closed_R10_single_refY_005-reacq03-21,${DXY_OUTPUT_ROOT}/frames/images/GP_Ip_8.8mm_closed_R10_single_refY_005-reacq03-21.jpg,True,
GP_Ip_8.8mm_closed_R10_single_refY,GP_Ip_8.8mm_closed_R10_single_refY_005,${DXY_VIDEO_DIR}/GP_Ip_8.8mm_closed_R10_single_refY_005.mp4,559e88ed2f03fe1620bd59f6b75bf7a662a32bab72dc91b5ca4bdec997eae443,282,2.456982498560737,114.77493232662069,579,3,22,GP_Ip_8.8mm_closed_R10_single_refY_005-reacq03-22,${DXY_OUTPUT_ROOT}/frames/images/GP_Ip_8.8mm_closed_R10_single_refY_005-reacq03-22.jpg,True,
GP_Ip_8.8mm_closed_R10_single_refY,GP_Ip_8.8mm_closed_R10_single_refY_005,${DXY_VIDEO_DIR}/GP_Ip_8.8mm_closed_R10_single_refY_005.mp4,559e88ed2f03fe1620bd59f6b75bf7a662a32bab72dc91b5ca4bdec997eae443,284,2.474407906351948,114.77493232662069,579,3,23,GP_Ip_8.8mm_closed_R10_single_refY_005-reacq03-23,${DXY_OUTPUT_ROOT}/frames/images/GP_Ip_8.8mm_closed_R10_single_refY_005-reacq03-23.jpg,True,
GP_Ip_8.8mm_closed_R10_single_refY,GP_Ip_8.8mm_closed_R10_single_refY_005,${DXY_VIDEO_DIR}/GP_Ip_8.8mm_closed_R10_single_refY_005.mp4,559e88ed2f03fe1620bd59f6b75bf7a662a32bab72dc91b5ca4bdec997eae443,286,2.491833314143159,114.77493232662069,579,3,24,GP_Ip_8.8mm_closed_R10_single_refY_005-reacq03-24,${DXY_OUTPUT_ROOT}/frames/images/GP_Ip_8.8mm_closed_R10_single_refY_005-reacq03-24.jpg,True,
GP_Ip_8.8mm_closed_R10_single_refY,GP_Ip_8.8mm_closed_R10_single_refY_005,${DXY_VIDEO_DIR}/GP_Ip_8.8mm_closed_R10_single_refY_005.mp4,559e88ed2f03fe1620bd59f6b75bf7a662a32bab72dc91b5ca4bdec997eae443,288,2.5092587219343696,114.77493232662069,579,3,25,GP_Ip_8.8mm_closed_R10_single_refY_005-reacq03-25,${DXY_OUTPUT_ROOT}/frames/images/GP_Ip_8.8mm_closed_R10_single_refY_005-reacq03-25.jpg,True,
GP_Ip_8.8mm_closed_R10_single_refY,GP_Ip_8.8mm_closed_R10_single_refY_005,${DXY_VIDEO_DIR}/GP_Ip_8.8mm_closed_R10_single_refY_005.mp4,559e88ed2f03fe1620bd59f6b75bf7a662a32bab72dc91b5ca4bdec997eae443,291,2.5353968336211863,114.77493232662069,579,3,26,GP_Ip_8.8mm_closed_R10_single_refY_005-reacq03-26,${DXY_OUTPUT_ROOT}/frames/images/GP_Ip_8.8mm_closed_R10_single_refY_005-reacq03-26.jpg,True,
GP_Ip_8.8mm_closed_R10_single_refY,GP_Ip_8.8mm_closed_R10_single_refY_005,${DXY_VIDEO_DIR}/GP_Ip_8.8mm_closed_R10_single_refY_005.mp4,559e88ed2f03fe1620bd59f6b75bf7a662a32bab72dc91b5ca4bdec997eae443,293,2.552822241412397,114.77493232662069,579,3,27,GP_Ip_8.8mm_closed_R10_single_refY_005-reacq03-27,${DXY_OUTPUT_ROOT}/frames/images/GP_Ip_8.8mm_closed_R10_single_refY_005-reacq03-27.jpg,True,
GP_Ip_8.8mm_closed_R10_single_refY,GP_Ip_8.8mm_closed_R10_single_refY_005,${DXY_VIDEO_DIR}/GP_Ip_8.8mm_closed_R10_single_refY_005.mp4,559e88ed2f03fe1620bd59f6b75bf7a662a32bab72dc91b5ca4bdec997eae443,295,2.570247649203608,114.77493232662069,579,3,28,GP_Ip_8.8mm_closed_R10_single_refY_005-reacq03-28,${DXY_OUTPUT_ROOT}/frames/images/GP_Ip_8.8mm_closed_R10_single_refY_005-reacq03-28.jpg,True,
GP_Ip_8.8mm_closed_R10_single_refY,GP_Ip_8.8mm_closed_R10_single_refY_005,${DXY_VIDEO_DIR}/GP_Ip_8.8mm_closed_R10_single_refY_005.mp4,559e88ed2f03fe1620bd59f6b75bf7a662a32bab72dc91b5ca4bdec997eae443,297,2.5876730569948188,114.77493232662069,579,3,29,GP_Ip_8.8mm_closed_R10_single_refY_005-reacq03-29,${DXY_OUTPUT_ROOT}/frames/images/GP_Ip_8.8mm_closed_R10_single_refY_005-reacq03-29.jpg,True,
GP_Ip_8.8mm_closed_R10_single_refY,GP_Ip_8.8mm_closed_R10_single_refY_005,${DXY_VIDEO_DIR}/GP_Ip_8.8mm_closed_R10_single_refY_005.mp4,559e88ed2f03fe1620bd59f6b75bf7a662a32bab72dc91b5ca4bdec997eae443,299,2.6050984647860296,114.77493232662069,579,3,30,GP_Ip_8.8mm_closed_R10_single_refY_005-reacq03-30,${DXY_OUTPUT_ROOT}/frames/images/GP_Ip_8.8mm_closed_R10_single_refY_005-reacq03-30.jpg,True,
GP_Ip_8.8mm_closed_R10_single_refY,GP_Ip_8.8mm_closed_R10_single_refY_005,${DXY_VIDEO_DIR}/GP_Ip_8.8mm_closed_R10_single_refY_005.mp4,559e88ed2f03fe1620bd59f6b75bf7a662a32bab72dc91b5ca4bdec997eae443,301,2.6225238725772404,114.77493232662069,579,3,31,GP_Ip_8.8mm_closed_R10_single_refY_005-reacq03-31,${DXY_OUTPUT_ROOT}/frames/images/GP_Ip_8.8mm_closed_R10_single_refY_005-reacq03-31.jpg,True,
GP_Ip_8.8mm_closed_R10_single_refY,GP_Ip_8.8mm_closed_R10_single_refY_005,${DXY_VIDEO_DIR}/GP_Ip_8.8mm_closed_R10_single_refY_005.mp4,559e88ed2f03fe1620bd59f6b75bf7a662a32bab72dc91b5ca4bdec997eae443,303,2.6399492803684517,114.77493232662069,579,3,32,GP_Ip_8.8mm_closed_R10_single_refY_005-reacq03-32,${DXY_OUTPUT_ROOT}/frames/images/GP_Ip_8.8mm_closed_R10_single_refY_005-reacq03-32.jpg,True,
GP_Ip_8.8mm_closed_R10_single_refY,GP_Ip_8.8mm_closed_R10_single_refY_005,${DXY_VIDEO_DIR}/GP_Ip_8.8mm_closed_R10_single_refY_005.mp4,559e88ed2f03fe1620bd59f6b75bf7a662a32bab72dc91b5ca4bdec997eae443,305,2.6573746881596625,114.77493232662069,579,3,33,GP_Ip_8.8mm_closed_R10_single_refY_005-reacq03-33,${DXY_OUTPUT_ROOT}/frames/images/GP_Ip_8.8mm_closed_R10_single_refY_005-reacq03-33.jpg,True,
GP_Ip_8.8mm_closed_R10_single_refY,GP_Ip_8.8mm_closed_R10_single_refY_005,${DXY_VIDEO_DIR}/GP_Ip_8.8mm_closed_R10_single_refY_005.mp4,559e88ed2f03fe1620bd59f6b75bf7a662a32bab72dc91b5ca4bdec997eae443,307,2.6748000959508733,114.77493232662069,579,3,34,GP_Ip_8.8mm_closed_R10_single_refY_005-reacq03-34,${DXY_OUTPUT_ROOT}/frames/images/GP_Ip_8.8mm_closed_R10_single_refY_005-reacq03-34.jpg,True,
GP_Ip_8.8mm_closed_R10_single_refY,GP_Ip_8.8mm_closed_R10_single_refY_005,${DXY_VIDEO_DIR}/GP_Ip_8.8mm_closed_R10_single_refY_005.mp4,559e88ed2f03fe1620bd59f6b75bf7a662a32bab72dc91b5ca4bdec997eae443,309,2.692225503742084,114.77493232662069,579,3,35,GP_Ip_8.8mm_closed_R10_single_refY_005-reacq03-35,${DXY_OUTPUT_ROOT}/frames/images/GP_Ip_8.8mm_closed_R10_single_refY_005-reacq03-35.jpg,True,
GP_Ip_8.8mm_closed_R10_single_refY,GP_Ip_8.8mm_closed_R10_single_refY_005,${DXY_VIDEO_DIR}/GP_Ip_8.8mm_closed_R10_single_refY_005.mp4,559e88ed2f03fe1620bd59f6b75bf7a662a32bab72dc91b5ca4bdec997eae443,312,2.7183636154289004,114.77493232662069,579,3,36,GP_Ip_8.8mm_closed_R10_single_refY_005-reacq03-36,${DXY_OUTPUT_ROOT}/frames/images/GP_Ip_8.8mm_closed_R10_single_refY_005-reacq03-36.jpg,True,
GP_Ip_8.8mm_closed_R10_single_refY,GP_Ip_8.8mm_closed_R10_single_refY_005,${DXY_VIDEO_DIR}/GP_Ip_8.8mm_closed_R10_single_refY_005.mp4,559e88ed2f03fe1620bd59f6b75bf7a662a32bab72dc91b5ca4bdec997eae443,314,2.7357890232201116,114.77493232662069,579,3,37,GP_Ip_8.8mm_closed_R10_single_refY_005-reacq03-37,${DXY_OUTPUT_ROOT}/frames/images/GP_Ip_8.8mm_closed_R10_single_refY_005-reacq03-37.jpg,True,
GP_Ip_8.8mm_closed_R10_single_refY,GP_Ip_8.8mm_closed_R10_single_refY_005,${DXY_VIDEO_DIR}/GP_Ip_8.8mm_closed_R10_single_refY_005.mp4,559e88ed2f03fe1620bd59f6b75bf7a662a32bab72dc91b5ca4bdec997eae443,316,2.7532144310113225,114.77493232662069,579,3,38,GP_Ip_8.8mm_closed_R10_single_refY_005-reacq03-38,${DXY_OUTPUT_ROOT}/frames/images/GP_Ip_8.8mm_closed_R10_single_refY_005-reacq03-38.jpg,True,
GP_Ip_8.8mm_closed_R10_single_refY,GP_Ip_8.8mm_closed_R10_single_refY_005,${DXY_VIDEO_DIR}/GP_Ip_8.8mm_closed_R10_single_refY_005.mp4,559e88ed2f03fe1620bd59f6b75bf7a662a32bab72dc91b5ca4bdec997eae443,318,2.7706398388025333,114.77493232662069,579,3,39,GP_Ip_8.8mm_closed_R10_single_refY_005-reacq03-39,${DXY_OUTPUT_ROOT}/frames/images/GP_Ip_8.8mm_closed_R10_single_refY_005-reacq03-39.jpg,True,
GP_Ip_8.8mm_closed_R10_single_refY,GP_Ip_8.8mm_closed_R10_single_refY_005,${DXY_VIDEO_DIR}/GP_Ip_8.8mm_closed_R10_single_refY_005.mp4,559e88ed2f03fe1620bd59f6b75bf7a662a32bab72dc91b5ca4bdec997eae443,320,2.788065246593744,114.77493232662069,579,3,40,GP_Ip_8.8mm_closed_R10_single_refY_005-reacq03-40,${DXY_OUTPUT_ROOT}/frames/images/GP_Ip_8.8mm_closed_R10_single_refY_005-reacq03-40.jpg,True,
GP_Ip_8.8mm_closed_R10_single_refY,GP_Ip_8.8mm_closed_R10_single_refY_005,${DXY_VIDEO_DIR}/GP_Ip_8.8mm_closed_R10_single_refY_005.mp4,559e88ed2f03fe1620bd59f6b75bf7a662a32bab72dc91b5ca4bdec997eae443,322,2.805490654384955,114.77493232662069,579,3,41,GP_Ip_8.8mm_closed_R10_single_refY_005-reacq03-41,${DXY_OUTPUT_ROOT}/frames/images/GP_Ip_8.8mm_closed_R10_single_refY_005-reacq03-41.jpg,True,
GP_Ip_8.8mm_closed_R10_single_refY,GP_Ip_8.8mm_closed_R10_single_refY_005,${DXY_VIDEO_DIR}/GP_Ip_8.8mm_closed_R10_single_refY_005.mp4,559e88ed2f03fe1620bd59f6b75bf7a662a32bab72dc91b5ca4bdec997eae443,324,2.8229160621761658,114.77493232662069,579,3,42,GP_Ip_8.8mm_closed_R10_single_refY_005-reacq03-42,${DXY_OUTPUT_ROOT}/frames/images/GP_Ip_8.8mm_closed_R10_single_refY_005-reacq03-42.jpg,True,
GP_Ip_8.8mm_closed_R10_single_refY,GP_Ip_8.8mm_closed_R10_single_refY_005,${DXY_VIDEO_DIR}/GP_Ip_8.8mm_closed_R10_single_refY_005.mp4,559e88ed2f03fe1620bd59f6b75bf7a662a32bab72dc91b5ca4bdec997eae443,326,2.840341469967377,114.77493232662069,579,3,43,GP_Ip_8.8mm_closed_R10_single_refY_005-reacq03-43,${DXY_OUTPUT_ROOT}/frames/images/GP_Ip_8.8mm_closed_R10_single_refY_005-reacq03-43.jpg,True,
GP_Ip_8.8mm_closed_R10_single_refY,GP_Ip_8.8mm_closed_R10_single_refY_005,${DXY_VIDEO_DIR}/GP_Ip_8.8mm_closed_R10_single_refY_005.mp4,559e88ed2f03fe1620bd59f6b75bf7a662a32bab72dc91b5ca4bdec997eae443,328,2.857766877758588,114.77493232662069,579,3,44,GP_Ip_8.8mm_closed_R10_single_refY_005-reacq03-44,${DXY_OUTPUT_ROOT}/frames/images/GP_Ip_8.8mm_closed_R10_single_refY_005-reacq03-44.jpg,True,
GP_Ip_8.8mm_closed_R10_single_refY,GP_Ip_8.8mm_closed_R10_single_refY_005,${DXY_VIDEO_DIR}/GP_Ip_8.8mm_closed_R10_single_refY_005.mp4,559e88ed2f03fe1620bd59f6b75bf7a662a32bab72dc91b5ca4bdec997eae443,330,2.8751922855497987,114.77493232662069,579,3,45,GP_Ip_8.8mm_closed_R10_single_refY_005-reacq03-45,${DXY_OUTPUT_ROOT}/frames/images/GP_Ip_8.8mm_closed_R10_single_refY_005-reacq03-45.jpg,True,
GP_Ip_8.8mm_closed_R10_single_refY,GP_Ip_8.8mm_closed_R10_single_refY_005,${DXY_VIDEO_DIR}/GP_Ip_8.8mm_closed_R10_single_refY_005.mp4,559e88ed2f03fe1620bd59f6b75bf7a662a32bab72dc91b5ca4bdec997eae443,333,2.901330397236615,114.77493232662069,579,3,46,GP_Ip_8.8mm_closed_R10_single_refY_005-reacq03-46,${DXY_OUTPUT_ROOT}/frames/images/GP_Ip_8.8mm_closed_R10_single_refY_005-reacq03-46.jpg,True,
GP_Ip_8.8mm_closed_R10_single_refY,GP_Ip_8.8mm_closed_R10_single_refY_005,${DXY_VIDEO_DIR}/GP_Ip_8.8mm_closed_R10_single_refY_005.mp4,559e88ed2f03fe1620bd59f6b75bf7a662a32bab72dc91b5ca4bdec997eae443,335,2.9187558050278257,114.77493232662069,579,3,47,GP_Ip_8.8mm_closed_R10_single_refY_005-reacq03-47,${DXY_OUTPUT_ROOT}/frames/images/GP_Ip_8.8mm_closed_R10_single_refY_005-reacq03-47.jpg,True,
GP_Ip_8.8mm_closed_R10_single_refY,GP_Ip_8.8mm_closed_R10_single_refY_005,${DXY_VIDEO_DIR}/GP_Ip_8.8mm_closed_R10_single_refY_005.mp4,559e88ed2f03fe1620bd59f6b75bf7a662a32bab72dc91b5ca4bdec997eae443,337,2.936181212819037,114.77493232662069,579,3,48,GP_Ip_8.8mm_closed_R10_single_refY_005-reacq03-48,${DXY_OUTPUT_ROOT}/frames/images/GP_Ip_8.8mm_closed_R10_single_refY_005-reacq03-48.jpg,True,
GP_Ip_8.8mm_closed_R10_single_refY,GP_Ip_8.8mm_closed_R10_single_refY_005,${DXY_VIDEO_DIR}/GP_Ip_8.8mm_closed_R10_single_refY_005.mp4,559e88ed2f03fe1620bd59f6b75bf7a662a32bab72dc91b5ca4bdec997eae443,339,2.953606620610248,114.77493232662069,579,3,49,GP_Ip_8.8mm_closed_R10_single_refY_005-reacq03-49,${DXY_OUTPUT_ROOT}/frames/images/GP_Ip_8.8mm_closed_R10_single_refY_005-reacq03-49.jpg,True,
GP_Ip_8.8mm_closed_R10_single_refY,GP_Ip_8.8mm_closed_R10_single_refY_005,${DXY_VIDEO_DIR}/GP_Ip_8.8mm_closed_R10_single_refY_005.mp4,559e88ed2f03fe1620bd59f6b75bf7a662a32bab72dc91b5ca4bdec997eae443,341,2.9710320284014586,114.77493232662069,579,3,50,GP_Ip_8.8mm_closed_R10_single_refY_005-reacq03-50,${DXY_OUTPUT_ROOT}/frames/images/GP_Ip_8.8mm_closed_R10_single_refY_005-reacq03-50.jpg,True,
GP_Ip_8.8mm_closed_R10_single_refY,GP_Ip_8.8mm_closed_R10_single_refY_005,${DXY_VIDEO_DIR}/GP_Ip_8.8mm_closed_R10_single_refY_005.mp4,559e88ed2f03fe1620bd59f6b75bf7a662a32bab72dc91b5ca4bdec997eae443,342,2.979744732297064,114.77493232662069,579,4,1,GP_Ip_8.8mm_closed_R10_single_refY_005-reacq04-01,${DXY_OUTPUT_ROOT}/frames/images/GP_Ip_8.8mm_closed_R10_single_refY_005-reacq04-01.jpg,True,
GP_Ip_8.8mm_closed_R10_single_refY,GP_Ip_8.8mm_closed_R10_single_refY_005,${DXY_VIDEO_DIR}/GP_Ip_8.8mm_closed_R10_single_refY_005.mp4,559e88ed2f03fe1620bd59f6b75bf7a662a32bab72dc91b5ca4bdec997eae443,344,2.997170140088275,114.77493232662069,579,4,2,GP_Ip_8.8mm_closed_R10_single_refY_005-reacq04-02,${DXY_OUTPUT_ROOT}/frames/images/GP_Ip_8.8mm_closed_R10_single_refY_005-reacq04-02.jpg,True,
GP_Ip_8.8mm_closed_R10_single_refY,GP_Ip_8.8mm_closed_R10_single_refY_005,${DXY_VIDEO_DIR}/GP_Ip_8.8mm_closed_R10_single_refY_005.mp4,559e88ed2f03fe1620bd59f6b75bf7a662a32bab72dc91b5ca4bdec997eae443,346,3.0145955478794857,114.77493232662069,579,4,3,GP_Ip_8.8mm_closed_R10_single_refY_005-reacq04-03,${DXY_OUTPUT_ROOT}/frames/images/GP_Ip_8.8mm_closed_R10_single_refY_005-reacq04-03.jpg,True,
GP_Ip_8.8mm_closed_R10_single_refY,GP_Ip_8.8mm_closed_R10_single_refY_005,${DXY_VIDEO_DIR}/GP_Ip_8.8mm_closed_R10_single_refY_005.mp4,559e88ed2f03fe1620bd59f6b75bf7a662a32bab72dc91b5ca4bdec997eae443,348,3.032020955670697,114.77493232662069,579,4,4,GP_Ip_8.8mm_closed_R10_single_refY_005-reacq04-04,${DXY_OUTPUT_ROOT}/frames/images/GP_Ip_8.8mm_closed_R10_single_refY_005-reacq04-04.jpg,True,
GP_Ip_8.8mm_closed_R10_single_refY,GP_Ip_8.8mm_closed_R10_single_refY_005,${DXY_VIDEO_DIR}/GP_Ip_8.8mm_closed_R10_single_refY_005.mp4,559e88ed2f03fe1620bd59f6b75bf7a662a32bab72dc91b5ca4bdec997eae443,350,3.049446363461908,114.77493232662069,579,4,5,GP_Ip_8.8mm_closed_R10_single_refY_005-reacq04-05,${DXY_OUTPUT_ROOT}/frames/images/GP_Ip_8.8mm_closed_R10_single_refY_005-reacq04-05.jpg,True,
GP_Ip_8.8mm_closed_R10_single_refY,GP_Ip_8.8mm_closed_R10_single_refY_005,${DXY_VIDEO_DIR}/GP_Ip_8.8mm_closed_R10_single_refY_005.mp4,559e88ed2f03fe1620bd59f6b75bf7a662a32bab72dc91b5ca4bdec997eae443,353,3.075584475148724,114.77493232662069,579,4,6,GP_Ip_8.8mm_closed_R10_single_refY_005-reacq04-06,${DXY_OUTPUT_ROOT}/frames/images/GP_Ip_8.8mm_closed_R10_single_refY_005-reacq04-06.jpg,True,
GP_Ip_8.8mm_closed_R10_single_refY,GP_Ip_8.8mm_closed_R10_single_refY_005,${DXY_VIDEO_DIR}/GP_Ip_8.8mm_closed_R10_single_refY_005.mp4,559e88ed2f03fe1620bd59f6b75bf7a662a32bab72dc91b5ca4bdec997eae443,355,3.093009882939935,114.77493232662069,579,4,7,GP_Ip_8.8mm_closed_R10_single_refY_005-reacq04-07,${DXY_OUTPUT_ROOT}/frames/images/GP_Ip_8.8mm_closed_R10_single_refY_005-reacq04-07.jpg,True,
GP_Ip_8.8mm_closed_R10_single_refY,GP_Ip_8.8mm_closed_R10_single_refY_005,${DXY_VIDEO_DIR}/GP_Ip_8.8mm_closed_R10_single_refY_005.mp4,559e88ed2f03fe1620bd59f6b75bf7a662a32bab72dc91b5ca4bdec997eae443,357,3.1104352907311457,114.77493232662069,579,4,8,GP_Ip_8.8mm_closed_R10_single_refY_005-reacq04-08,${DXY_OUTPUT_ROOT}/frames/images/GP_Ip_8.8mm_closed_R10_single_refY_005-reacq04-08.jpg,True,
GP_Ip_8.8mm_closed_R10_single_refY,GP_Ip_8.8mm_closed_R10_single_refY_005,${DXY_VIDEO_DIR}/GP_Ip_8.8mm_closed_R10_single_refY_005.mp4,559e88ed2f03fe1620bd59f6b75bf7a662a32bab72dc91b5ca4bdec997eae443,359,3.127860698522357,114.77493232662069,579,4,9,GP_Ip_8.8mm_closed_R10_single_refY_005-reacq04-09,${DXY_OUTPUT_ROOT}/frames/images/GP_Ip_8.8mm_closed_R10_single_refY_005-reacq04-09.jpg,True,
GP_Ip_8.8mm_closed_R10_single_refY,GP_Ip_8.8mm_closed_R10_single_refY_005,${DXY_VIDEO_DIR}/GP_Ip_8.8mm_closed_R10_single_refY_005.mp4,559e88ed2f03fe1620bd59f6b75bf7a662a32bab72dc91b5ca4bdec997eae443,361,3.1452861063135678,114.77493232662069,579,4,10,GP_Ip_8.8mm_closed_R10_single_refY_005-reacq04-10,${DXY_OUTPUT_ROOT}/frames/images/GP_Ip_8.8mm_closed_R10_single_refY_005-reacq04-10.jpg,True,
GP_Ip_8.8mm_closed_R10_single_refY,GP_Ip_8.8mm_closed_R10_single_refY_005,${DXY_VIDEO_DIR}/GP_Ip_8.8mm_closed_R10_single_refY_005.mp4,559e88ed2f03fe1620bd59f6b75bf7a662a32bab72dc91b5ca4bdec997eae443,363,3.1627115141047786,114.77493232662069,579,4,11,GP_Ip_8.8mm_closed_R10_single_refY_005-reacq04-11,${DXY_OUTPUT_ROOT}/frames/images/GP_Ip_8.8mm_closed_R10_single_refY_005-reacq04-11.jpg,True,
GP_Ip_8.8mm_closed_R10_single_refY,GP_Ip_8.8mm_closed_R10_single_refY_005,${DXY_VIDEO_DIR}/GP_Ip_8.8mm_closed_R10_single_refY_005.mp4,559e88ed2f03fe1620bd59f6b75bf7a662a32bab72dc91b5ca4bdec997eae443,365,3.1801369218959894,114.77493232662069,579,4,12,GP_Ip_8.8mm_closed_R10_single_refY_005-reacq04-12,${DXY_OUTPUT_ROOT}/frames/images/GP_Ip_8.8mm_closed_R10_single_refY_005-reacq04-12.jpg,True,
GP_Ip_8.8mm_closed_R10_single_refY,GP_Ip_8.8mm_closed_R10_single_refY_005,${DXY_VIDEO_DIR}/GP_Ip_8.8mm_closed_R10_single_refY_005.mp4,559e88ed2f03fe1620bd59f6b75bf7a662a32bab72dc91b5ca4bdec997eae443,367,3.1975623296872002,114.77493232662069,579,4,13,GP_Ip_8.8mm_closed_R10_single_refY_005-reacq04-13,${DXY_OUTPUT_ROOT}/frames/images/GP_Ip_8.8mm_closed_R10_single_refY_005-reacq04-13.jpg,True,
GP_Ip_8.8mm_closed_R10_single_refY,GP_Ip_8.8mm_closed_R10_single_refY_005,${DXY_VIDEO_DIR}/GP_Ip_8.8mm_closed_R10_single_refY_005.mp4,559e88ed2f03fe1620bd59f6b75bf7a662a32bab72dc91b5ca4bdec997eae443,369,3.214987737478411,114.77493232662069,579,4,14,GP_Ip_8.8mm_closed_R10_single_refY_005-reacq04-14,${DXY_OUTPUT_ROOT}/frames/images/GP_Ip_8.8mm_closed_R10_single_refY_005-reacq04-14.jpg,True,
GP_Ip_8.8mm_closed_R10_single_refY,GP_Ip_8.8mm_closed_R10_single_refY_005,${DXY_VIDEO_DIR}/GP_Ip_8.8mm_closed_R10_single_refY_005.mp4,559e88ed2f03fe1620bd59f6b75bf7a662a32bab72dc91b5ca4bdec997eae443,371,3.2324131452696223,114.77493232662069,579,4,15,GP_Ip_8.8mm_closed_R10_single_refY_005-reacq04-15,${DXY_OUTPUT_ROOT}/frames/images/GP_Ip_8.8mm_closed_R10_single_refY_005-reacq04-15.jpg,True,
GP_Ip_8.8mm_closed_R10_single_refY,GP_Ip_8.8mm_closed_R10_single_refY_005,${DXY_VIDEO_DIR}/GP_Ip_8.8mm_closed_R10_single_refY_005.mp4,559e88ed2f03fe1620bd59f6b75bf7a662a32bab72dc91b5ca4bdec997eae443,374,3.2585512569564385,114.77493232662069,579,4,16,GP_Ip_8.8mm_closed_R10_single_refY_005-reacq04-16,${DXY_OUTPUT_ROOT}/frames/images/GP_Ip_8.8mm_closed_R10_single_refY_005-reacq04-16.jpg,True,
GP_Ip_8.8mm_closed_R10_single_refY,GP_Ip_8.8mm_closed_R10_single_refY_005,${DXY_VIDEO_DIR}/GP_Ip_8.8mm_closed_R10_single_refY_005.mp4,559e88ed2f03fe1620bd59f6b75bf7a662a32bab72dc91b5ca4bdec997eae443,376,3.2759766647476494,114.77493232662069,579,4,17,GP_Ip_8.8mm_closed_R10_single_refY_005-reacq04-17,${DXY_OUTPUT_ROOT}/frames/images/GP_Ip_8.8mm_closed_R10_single_refY_005-reacq04-17.jpg,True,
GP_Ip_8.8mm_closed_R10_single_refY,GP_Ip_8.8mm_closed_R10_single_refY_005,${DXY_VIDEO_DIR}/GP_Ip_8.8mm_closed_R10_single_refY_005.mp4,559e88ed2f03fe1620bd59f6b75bf7a662a32bab72dc91b5ca4bdec997eae443,378,3.29340207253886,114.77493232662069,579,4,18,GP_Ip_8.8mm_closed_R10_single_refY_005-reacq04-18,${DXY_OUTPUT_ROOT}/frames/images/GP_Ip_8.8mm_closed_R10_single_refY_005-reacq04-18.jpg,True,
GP_Ip_8.8mm_closed_R10_single_refY,GP_Ip_8.8mm_closed_R10_single_refY_005,${DXY_VIDEO_DIR}/GP_Ip_8.8mm_closed_R10_single_refY_005.mp4,559e88ed2f03fe1620bd59f6b75bf7a662a32bab72dc91b5ca4bdec997eae443,380,3.310827480330071,114.77493232662069,579,4,19,GP_Ip_8.8mm_closed_R10_single_refY_005-reacq04-19,${DXY_OUTPUT_ROOT}/frames/images/GP_Ip_8.8mm_closed_R10_single_refY_005-reacq04-19.jpg,True,
GP_Ip_8.8mm_closed_R10_single_refY,GP_Ip_8.8mm_closed_R10_single_refY_005,${DXY_VIDEO_DIR}/GP_Ip_8.8mm_closed_R10_single_refY_005.mp4,559e88ed2f03fe1620bd59f6b75bf7a662a32bab72dc91b5ca4bdec997eae443,382,3.3282528881212823,114.77493232662069,579,4,20,GP_Ip_8.8mm_closed_R10_single_refY_005-reacq04-20,${DXY_OUTPUT_ROOT}/frames/images/GP_Ip_8.8mm_closed_R10_single_refY_005-reacq04-20.jpg,True,
GP_Ip_8.8mm_closed_R10_single_refY,GP_Ip_8.8mm_closed_R10_single_refY_005,${DXY_VIDEO_DIR}/GP_Ip_8.8mm_closed_R10_single_refY_005.mp4,559e88ed2f03fe1620bd59f6b75bf7a662a32bab72dc91b5ca4bdec997eae443,384,3.345678295912493,114.77493232662069,579,4,21,GP_Ip_8.8mm_closed_R10_single_refY_005-reacq04-21,${DXY_OUTPUT_ROOT}/frames/images/GP_Ip_8.8mm_closed_R10_single_refY_005-reacq04-21.jpg,True,
GP_Ip_8.8mm_closed_R10_single_refY,GP_Ip_8.8mm_closed_R10_single_refY_005,${DXY_VIDEO_DIR}/GP_Ip_8.8mm_closed_R10_single_refY_005.mp4,559e88ed2f03fe1620bd59f6b75bf7a662a32bab72dc91b5ca4bdec997eae443,386,3.363103703703704,114.77493232662069,579,4,22,GP_Ip_8.8mm_closed_R10_single_refY_005-reacq04-22,${DXY_OUTPUT_ROOT}/frames/images/GP_Ip_8.8mm_closed_R10_single_refY_005-reacq04-22.jpg,True,
GP_Ip_8.8mm_closed_R10_single_refY,GP_Ip_8.8mm_closed_R10_single_refY_005,${DXY_VIDEO_DIR}/GP_Ip_8.8mm_closed_R10_single_refY_005.mp4,559e88ed2f03fe1620bd59f6b75bf7a662a32bab72dc91b5ca4bdec997eae443,388,3.3805291114949148,114.77493232662069,579,4,23,GP_Ip_8.8mm_closed_R10_single_refY_005-reacq04-23,${DXY_OUTPUT_ROOT}/frames/images/GP_Ip_8.8mm_closed_R10_single_refY_005-reacq04-23.jpg,True,
GP_Ip_8.8mm_closed_R10_single_refY,GP_Ip_8.8mm_closed_R10_single_refY_005,${DXY_VIDEO_DIR}/GP_Ip_8.8mm_closed_R10_single_refY_005.mp4,559e88ed2f03fe1620bd59f6b75bf7a662a32bab72dc91b5ca4bdec997eae443,390,3.3979545192861256,114.77493232662069,579,4,24,GP_Ip_8.8mm_closed_R10_single_refY_005-reacq04-24,${DXY_OUTPUT_ROOT}/frames/images/GP_Ip_8.8mm_closed_R10_single_refY_005-reacq04-24.jpg,True,
GP_Ip_8.8mm_closed_R10_single_refY,GP_Ip_8.8mm_closed_R10_single_refY_005,${DXY_VIDEO_DIR}/GP_Ip_8.8mm_closed_R10_single_refY_005.mp4,559e88ed2f03fe1620bd59f6b75bf7a662a32bab72dc91b5ca4bdec997eae443,392,3.4153799270773364,114.77493232662069,579,4,25,GP_Ip_8.8mm_closed_R10_single_refY_005-reacq04-25,${DXY_OUTPUT_ROOT}/frames/images/GP_Ip_8.8mm_closed_R10_single_refY_005-reacq04-25.jpg,True,
GP_Ip_8.8mm_closed_R10_single_refY,GP_Ip_8.8mm_closed_R10_single_refY_005,${DXY_VIDEO_DIR}/GP_Ip_8.8mm_closed_R10_single_refY_005.mp4,559e88ed2f03fe1620bd59f6b75bf7a662a32bab72dc91b5ca4bdec997eae443,395,3.441518038764153,114.77493232662069,579,4,26,GP_Ip_8.8mm_closed_R10_single_refY_005-reacq04-26,${DXY_OUTPUT_ROOT}/frames/images/GP_Ip_8.8mm_closed_R10_single_refY_005-reacq04-26.jpg,True,
GP_Ip_8.8mm_closed_R10_single_refY,GP_Ip_8.8mm_closed_R10_single_refY_005,${DXY_VIDEO_DIR}/GP_Ip_8.8mm_closed_R10_single_refY_005.mp4,559e88ed2f03fe1620bd59f6b75bf7a662a32bab72dc91b5ca4bdec997eae443,397,3.458943446555364,114.77493232662069,579,4,27,GP_Ip_8.8mm_closed_R10_single_refY_005-reacq04-27,${DXY_OUTPUT_ROOT}/frames/images/GP_Ip_8.8mm_closed_R10_single_refY_005-reacq04-27.jpg,True,
GP_Ip_8.8mm_closed_R10_single_refY,GP_Ip_8.8mm_closed_R10_single_refY_005,${DXY_VIDEO_DIR}/GP_Ip_8.8mm_closed_R10_single_refY_005.mp4,559e88ed2f03fe1620bd59f6b75bf7a662a32bab72dc91b5ca4bdec997eae443,399,3.4763688543465747,114.77493232662069,579,4,28,GP_Ip_8.8mm_closed_R10_single_refY_005-reacq04-28,${DXY_OUTPUT_ROOT}/frames/images/GP_Ip_8.8mm_closed_R10_single_refY_005-reacq04-28.jpg,True,
GP_Ip_8.8mm_closed_R10_single_refY,GP_Ip_8.8mm_closed_R10_single_refY_005,${DXY_VIDEO_DIR}/GP_Ip_8.8mm_closed_R10_single_refY_005.mp4,559e88ed2f03fe1620bd59f6b75bf7a662a32bab72dc91b5ca4bdec997eae443,401,3.4937942621377855,114.77493232662069,579,4,29,GP_Ip_8.8mm_closed_R10_single_refY_005-reacq04-29,${DXY_OUTPUT_ROOT}/frames/images/GP_Ip_8.8mm_closed_R10_single_refY_005-reacq04-29.jpg,True,
GP_Ip_8.8mm_closed_R10_single_refY,GP_Ip_8.8mm_closed_R10_single_refY_005,${DXY_VIDEO_DIR}/GP_Ip_8.8mm_closed_R10_single_refY_005.mp4,559e88ed2f03fe1620bd59f6b75bf7a662a32bab72dc91b5ca4bdec997eae443,403,3.5112196699289964,114.77493232662069,579,4,30,GP_Ip_8.8mm_closed_R10_single_refY_005-reacq04-30,${DXY_OUTPUT_ROOT}/frames/images/GP_Ip_8.8mm_closed_R10_single_refY_005-reacq04-30.jpg,True,
GP_Ip_8.8mm_closed_R10_single_refY,GP_Ip_8.8mm_closed_R10_single_refY_005,${DXY_VIDEO_DIR}/GP_Ip_8.8mm_closed_R10_single_refY_005.mp4,559e88ed2f03fe1620bd59f6b75bf7a662a32bab72dc91b5ca4bdec997eae443,405,3.5286450777202076,114.77493232662069,579,4,31,GP_Ip_8.8mm_closed_R10_single_refY_005-reacq04-31,${DXY_OUTPUT_ROOT}/frames/images/GP_Ip_8.8mm_closed_R10_single_refY_005-reacq04-31.jpg,True,
GP_Ip_8.8mm_closed_R10_single_refY,GP_Ip_8.8mm_closed_R10_single_refY_005,${DXY_VIDEO_DIR}/GP_Ip_8.8mm_closed_R10_single_refY_005.mp4,559e88ed2f03fe1620bd59f6b75bf7a662a32bab72dc91b5ca4bdec997eae443,407,3.5460704855114185,114.77493232662069,579,4,32,GP_Ip_8.8mm_closed_R10_single_refY_005-reacq04-32,${DXY_OUTPUT_ROOT}/frames/images/GP_Ip_8.8mm_closed_R10_single_refY_005-reacq04-32.jpg,True,
GP_Ip_8.8mm_closed_R10_single_refY,GP_Ip_8.8mm_closed_R10_single_refY_005,${DXY_VIDEO_DIR}/GP_Ip_8.8mm_closed_R10_single_refY_005.mp4,559e88ed2f03fe1620bd59f6b75bf7a662a32bab72dc91b5ca4bdec997eae443,409,3.5634958933026293,114.77493232662069,579,4,33,GP_Ip_8.8mm_closed_R10_single_refY_005-reacq04-33,${DXY_OUTPUT_ROOT}/frames/images/GP_Ip_8.8mm_closed_R10_single_refY_005-reacq04-33.jpg,True,
GP_Ip_8.8mm_closed_R10_single_refY,GP_Ip_8.8mm_closed_R10_single_refY_005,${DXY_VIDEO_DIR}/GP_Ip_8.8mm_closed_R10_single_refY_005.mp4,559e88ed2f03fe1620bd59f6b75bf7a662a32bab72dc91b5ca4bdec997eae443,411,3.58092130109384,114.77493232662069,579,4,34,GP_Ip_8.8mm_closed_R10_single_refY_005-reacq04-34,${DXY_OUTPUT_ROOT}/frames/images/GP_Ip_8.8mm_closed_R10_single_refY_005-reacq04-34.jpg,True,
GP_Ip_8.8mm_closed_R10_single_refY,GP_Ip_8.8mm_closed_R10_single_refY_005,${DXY_VIDEO_DIR}/GP_Ip_8.8mm_closed_R10_single_refY_005.mp4,559e88ed2f03fe1620bd59f6b75bf7a662a32bab72dc91b5ca4bdec997eae443,413,3.598346708885051,114.77493232662069,579,4,35,GP_Ip_8.8mm_closed_R10_single_refY_005-reacq04-35,${DXY_OUTPUT_ROOT}/frames/images/GP_Ip_8.8mm_closed_R10_single_refY_005-reacq04-35.jpg,True,
GP_Ip_8.8mm_closed_R10_single_refY,GP_Ip_8.8mm_closed_R10_single_refY_005,${DXY_VIDEO_DIR}/GP_Ip_8.8mm_closed_R10_single_refY_005.mp4,559e88ed2f03fe1620bd59f6b75bf7a662a32bab72dc91b5ca4bdec997eae443,416,3.6244848205718676,114.77493232662069,579,4,36,GP_Ip_8.8mm_closed_R10_single_refY_005-reacq04-36,${DXY_OUTPUT_ROOT}/frames/images/GP_Ip_8.8mm_closed_R10_single_refY_005-reacq04-36.jpg,True,
GP_Ip_8.8mm_closed_R10_single_refY,GP_Ip_8.8mm_closed_R10_single_refY_005,${DXY_VIDEO_DIR}/GP_Ip_8.8mm_closed_R10_single_refY_005.mp4,559e88ed2f03fe1620bd59f6b75bf7a662a32bab72dc91b5ca4bdec997eae443,418,3.6419102283630784,114.77493232662069,579,4,37,GP_Ip_8.8mm_closed_R10_single_refY_005-reacq04-37,${DXY_OUTPUT_ROOT}/frames/images/GP_Ip_8.8mm_closed_R10_single_refY_005-reacq04-37.jpg,True,
GP_Ip_8.8mm_closed_R10_single_refY,GP_Ip_8.8mm_closed_R10_single_refY_005,${DXY_VIDEO_DIR}/GP_Ip_8.8mm_closed_R10_single_refY_005.mp4,559e88ed2f03fe1620bd59f6b75bf7a662a32bab72dc91b5ca4bdec997eae443,420,3.6593356361542893,114.77493232662069,579,4,38,GP_Ip_8.8mm_closed_R10_single_refY_005-reacq04-38,${DXY_OUTPUT_ROOT}/frames/images/GP_Ip_8.8mm_closed_R10_single_refY_005-reacq04-38.jpg,True,
GP_Ip_8.8mm_closed_R10_single_refY,GP_Ip_8.8mm_closed_R10_single_refY_005,${DXY_VIDEO_DIR}/GP_Ip_8.8mm_closed_R10_single_refY_005.mp4,559e88ed2f03fe1620bd59f6b75bf7a662a32bab72dc91b5ca4bdec997eae443,422,3.6767610439455,114.77493232662069,579,4,39,GP_Ip_8.8mm_closed_R10_single_refY_005-reacq04-39,${DXY_OUTPUT_ROOT}/frames/images/GP_Ip_8.8mm_closed_R10_single_refY_005-reacq04-39.jpg,True,
GP_Ip_8.8mm_closed_R10_single_refY,GP_Ip_8.8mm_closed_R10_single_refY_005,${DXY_VIDEO_DIR}/GP_Ip_8.8mm_closed_R10_single_refY_005.mp4,559e88ed2f03fe1620bd59f6b75bf7a662a32bab72dc91b5ca4bdec997eae443,424,3.694186451736711,114.77493232662069,579,4,40,GP_Ip_8.8mm_closed_R10_single_refY_005-reacq04-40,${DXY_OUTPUT_ROOT}/frames/images/GP_Ip_8.8mm_closed_R10_single_refY_005-reacq04-40.jpg,True,
GP_Ip_8.8mm_closed_R10_single_refY,GP_Ip_8.8mm_closed_R10_single_refY_005,${DXY_VIDEO_DIR}/GP_Ip_8.8mm_closed_R10_single_refY_005.mp4,559e88ed2f03fe1620bd59f6b75bf7a662a32bab72dc91b5ca4bdec997eae443,426,3.7116118595279217,114.77493232662069,579,4,41,GP_Ip_8.8mm_closed_R10_single_refY_005-reacq04-41,${DXY_OUTPUT_ROOT}/frames/images/GP_Ip_8.8mm_closed_R10_single_refY_005-reacq04-41.jpg,True,
GP_Ip_8.8mm_closed_R10_single_refY,GP_Ip_8.8mm_closed_R10_single_refY_005,${DXY_VIDEO_DIR}/GP_Ip_8.8mm_closed_R10_single_refY_005.mp4,559e88ed2f03fe1620bd59f6b75bf7a662a32bab72dc91b5ca4bdec997eae443,428,3.729037267319133,114.77493232662069,579,4,42,GP_Ip_8.8mm_closed_R10_single_refY_005-reacq04-42,${DXY_OUTPUT_ROOT}/frames/images/GP_Ip_8.8mm_closed_R10_single_refY_005-reacq04-42.jpg,True,
GP_Ip_8.8mm_closed_R10_single_refY,GP_Ip_8.8mm_closed_R10_single_refY_005,${DXY_VIDEO_DIR}/GP_Ip_8.8mm_closed_R10_single_refY_005.mp4,559e88ed2f03fe1620bd59f6b75bf7a662a32bab72dc91b5ca4bdec997eae443,430,3.746462675110344,114.77493232662069,579,4,43,GP_Ip_8.8mm_closed_R10_single_refY_005-reacq04-43,${DXY_OUTPUT_ROOT}/frames/images/GP_Ip_8.8mm_closed_R10_single_refY_005-reacq04-43.jpg,True,
GP_Ip_8.8mm_closed_R10_single_refY,GP_Ip_8.8mm_closed_R10_single_refY_005,${DXY_VIDEO_DIR}/GP_Ip_8.8mm_closed_R10_single_refY_005.mp4,559e88ed2f03fe1620bd59f6b75bf7a662a32bab72dc91b5ca4bdec997eae443,432,3.7638880829015546,114.77493232662069,579,4,44,GP_Ip_8.8mm_closed_R10_single_refY_005-reacq04-44,${DXY_OUTPUT_ROOT}/frames/images/GP_Ip_8.8mm_closed_R10_single_refY_005-reacq04-44.jpg,True,
GP_Ip_8.8mm_closed_R10_single_refY,GP_Ip_8.8mm_closed_R10_single_refY_005,${DXY_VIDEO_DIR}/GP_Ip_8.8mm_closed_R10_single_refY_005.mp4,559e88ed2f03fe1620bd59f6b75bf7a662a32bab72dc91b5ca4bdec997eae443,434,3.7813134906927655,114.77493232662069,579,4,45,GP_Ip_8.8mm_closed_R10_single_refY_005-reacq04-45,${DXY_OUTPUT_ROOT}/frames/images/GP_Ip_8.8mm_closed_R10_single_refY_005-reacq04-45.jpg,True,
GP_Ip_8.8mm_closed_R10_single_refY,GP_Ip_8.8mm_closed_R10_single_refY_005,${DXY_VIDEO_DIR}/GP_Ip_8.8mm_closed_R10_single_refY_005.mp4,559e88ed2f03fe1620bd59f6b75bf7a662a32bab72dc91b5ca4bdec997eae443,437,3.8074516023795817,114.77493232662069,579,4,46,GP_Ip_8.8mm_closed_R10_single_refY_005-reacq04-46,${DXY_OUTPUT_ROOT}/frames/images/GP_Ip_8.8mm_closed_R10_single_refY_005-reacq04-46.jpg,True,
GP_Ip_8.8mm_closed_R10_single_refY,GP_Ip_8.8mm_closed_R10_single_refY_005,${DXY_VIDEO_DIR}/GP_Ip_8.8mm_closed_R10_single_refY_005.mp4,559e88ed2f03fe1620bd59f6b75bf7a662a32bab72dc91b5ca4bdec997eae443,439,3.824877010170793,114.77493232662069,579,4,47,GP_Ip_8.8mm_closed_R10_single_refY_005-reacq04-47,${DXY_OUTPUT_ROOT}/frames/images/GP_Ip_8.8mm_closed_R10_single_refY_005-reacq04-47.jpg,True,
GP_Ip_8.8mm_closed_R10_single_refY,GP_Ip_8.8mm_closed_R10_single_refY_005,${DXY_VIDEO_DIR}/GP_Ip_8.8mm_closed_R10_single_refY_005.mp4,559e88ed2f03fe1620bd59f6b75bf7a662a32bab72dc91b5ca4bdec997eae443,441,3.842302417962004,114.77493232662069,579,4,48,GP_Ip_8.8mm_closed_R10_single_refY_005-reacq04-48,${DXY_OUTPUT_ROOT}/frames/images/GP_Ip_8.8mm_closed_R10_single_refY_005-reacq04-48.jpg,True,
GP_Ip_8.8mm_closed_R10_single_refY,GP_Ip_8.8mm_closed_R10_single_refY_005,${DXY_VIDEO_DIR}/GP_Ip_8.8mm_closed_R10_single_refY_005.mp4,559e88ed2f03fe1620bd59f6b75bf7a662a32bab72dc91b5ca4bdec997eae443,443,3.8597278257532146,114.77493232662069,579,4,49,GP_Ip_8.8mm_closed_R10_single_refY_005-reacq04-49,${DXY_OUTPUT_ROOT}/frames/images/GP_Ip_8.8mm_closed_R10_single_refY_005-reacq04-49.jpg,True,
GP_Ip_8.8mm_closed_R10_single_refY,GP_Ip_8.8mm_closed_R10_single_refY_005,${DXY_VIDEO_DIR}/GP_Ip_8.8mm_closed_R10_single_refY_005.mp4,559e88ed2f03fe1620bd59f6b75bf7a662a32bab72dc91b5ca4bdec997eae443,445,3.8771532335444254,114.77493232662069,579,4,50,GP_Ip_8.8mm_closed_R10_single_refY_005-reacq04-50,${DXY_OUTPUT_ROOT}/frames/images/GP_Ip_8.8mm_closed_R10_single_refY_005-reacq04-50.jpg,True,
GP_Ip_8.8mm_closed_R10_single_refY,GP_Ip_8.8mm_closed_R10_single_refY_005,${DXY_VIDEO_DIR}/GP_Ip_8.8mm_closed_R10_single_refY_005.mp4,559e88ed2f03fe1620bd59f6b75bf7a662a32bab72dc91b5ca4bdec997eae443,446,3.885865937440031,114.77493232662069,579,5,1,GP_Ip_8.8mm_closed_R10_single_refY_005-reacq05-01,${DXY_OUTPUT_ROOT}/frames/images/GP_Ip_8.8mm_closed_R10_single_refY_005-reacq05-01.jpg,True,
GP_Ip_8.8mm_closed_R10_single_refY,GP_Ip_8.8mm_closed_R10_single_refY_005,${DXY_VIDEO_DIR}/GP_Ip_8.8mm_closed_R10_single_refY_005.mp4,559e88ed2f03fe1620bd59f6b75bf7a662a32bab72dc91b5ca4bdec997eae443,448,3.9032913452312417,114.77493232662069,579,5,2,GP_Ip_8.8mm_closed_R10_single_refY_005-reacq05-02,${DXY_OUTPUT_ROOT}/frames/images/GP_Ip_8.8mm_closed_R10_single_refY_005-reacq05-02.jpg,True,
GP_Ip_8.8mm_closed_R10_single_refY,GP_Ip_8.8mm_closed_R10_single_refY_005,${DXY_VIDEO_DIR}/GP_Ip_8.8mm_closed_R10_single_refY_005.mp4,559e88ed2f03fe1620bd59f6b75bf7a662a32bab72dc91b5ca4bdec997eae443,450,3.920716753022453,114.77493232662069,579,5,3,GP_Ip_8.8mm_closed_R10_single_refY_005-reacq05-03,${DXY_OUTPUT_ROOT}/frames/images/GP_Ip_8.8mm_closed_R10_single_refY_005-reacq05-03.jpg,True,
GP_Ip_8.8mm_closed_R10_single_refY,GP_Ip_8.8mm_closed_R10_single_refY_005,${DXY_VIDEO_DIR}/GP_Ip_8.8mm_closed_R10_single_refY_005.mp4,559e88ed2f03fe1620bd59f6b75bf7a662a32bab72dc91b5ca4bdec997eae443,452,3.9381421608136638,114.77493232662069,579,5,4,GP_Ip_8.8mm_closed_R10_single_refY_005-reacq05-04,${DXY_OUTPUT_ROOT}/frames/images/GP_Ip_8.8mm_closed_R10_single_refY_005-reacq05-04.jpg,True,
GP_Ip_8.8mm_closed_R10_single_refY,GP_Ip_8.8mm_closed_R10_single_refY_005,${DXY_VIDEO_DIR}/GP_Ip_8.8mm_closed_R10_single_refY_005.mp4,559e88ed2f03fe1620bd59f6b75bf7a662a32bab72dc91b5ca4bdec997eae443,454,3.9555675686048746,114.77493232662069,579,5,5,GP_Ip_8.8mm_closed_R10_single_refY_005-reacq05-05,${DXY_OUTPUT_ROOT}/frames/images/GP_Ip_8.8mm_closed_R10_single_refY_005-reacq05-05.jpg,True,
GP_Ip_8.8mm_closed_R10_single_refY,GP_Ip_8.8mm_closed_R10_single_refY_005,${DXY_VIDEO_DIR}/GP_Ip_8.8mm_closed_R10_single_refY_005.mp4,559e88ed2f03fe1620bd59f6b75bf7a662a32bab72dc91b5ca4bdec997eae443,457,3.981705680291691,114.77493232662069,579,5,6,GP_Ip_8.8mm_closed_R10_single_refY_005-reacq05-06,${DXY_OUTPUT_ROOT}/frames/images/GP_Ip_8.8mm_closed_R10_single_refY_005-reacq05-06.jpg,True,
GP_Ip_8.8mm_closed_R10_single_refY,GP_Ip_8.8mm_closed_R10_single_refY_005,${DXY_VIDEO_DIR}/GP_Ip_8.8mm_closed_R10_single_refY_005.mp4,559e88ed2f03fe1620bd59f6b75bf7a662a32bab72dc91b5ca4bdec997eae443,459,3.9991310880829016,114.77493232662069,579,5,7,GP_Ip_8.8mm_closed_R10_single_refY_005-reacq05-07,${DXY_OUTPUT_ROOT}/frames/images/GP_Ip_8.8mm_closed_R10_single_refY_005-reacq05-07.jpg,True,
GP_Ip_8.8mm_closed_R10_single_refY,GP_Ip_8.8mm_closed_R10_single_refY_005,${DXY_VIDEO_DIR}/GP_Ip_8.8mm_closed_R10_single_refY_005.mp4,559e88ed2f03fe1620bd59f6b75bf7a662a32bab72dc91b5ca4bdec997eae443,461,4.016556495874113,114.77493232662069,579,5,8,GP_Ip_8.8mm_closed_R10_single_refY_005-reacq05-08,${DXY_OUTPUT_ROOT}/frames/images/GP_Ip_8.8mm_closed_R10_single_refY_005-reacq05-08.jpg,True,
GP_Ip_8.8mm_closed_R10_single_refY,GP_Ip_8.8mm_closed_R10_single_refY_005,${DXY_VIDEO_DIR}/GP_Ip_8.8mm_closed_R10_single_refY_005.mp4,559e88ed2f03fe1620bd59f6b75bf7a662a32bab72dc91b5ca4bdec997eae443,463,4.033981903665324,114.77493232662069,579,5,9,GP_Ip_8.8mm_closed_R10_single_refY_005-reacq05-09,${DXY_OUTPUT_ROOT}/frames/images/GP_Ip_8.8mm_closed_R10_single_refY_005-reacq05-09.jpg,True,
GP_Ip_8.8mm_closed_R10_single_refY,GP_Ip_8.8mm_closed_R10_single_refY_005,${DXY_VIDEO_DIR}/GP_Ip_8.8mm_closed_R10_single_refY_005.mp4,559e88ed2f03fe1620bd59f6b75bf7a662a32bab72dc91b5ca4bdec997eae443,465,4.0514073114565345,114.77493232662069,579,5,10,GP_Ip_8.8mm_closed_R10_single_refY_005-reacq05-10,${DXY_OUTPUT_ROOT}/frames/images/GP_Ip_8.8mm_closed_R10_single_refY_005-reacq05-10.jpg,True,
GP_Ip_8.8mm_closed_R10_single_refY,GP_Ip_8.8mm_closed_R10_single_refY_005,${DXY_VIDEO_DIR}/GP_Ip_8.8mm_closed_R10_single_refY_005.mp4,559e88ed2f03fe1620bd59f6b75bf7a662a32bab72dc91b5ca4bdec997eae443,467,4.068832719247745,114.77493232662069,579,5,11,GP_Ip_8.8mm_closed_R10_single_refY_005-reacq05-11,${DXY_OUTPUT_ROOT}/frames/images/GP_Ip_8.8mm_closed_R10_single_refY_005-reacq05-11.jpg,True,
GP_Ip_8.8mm_closed_R10_single_refY,GP_Ip_8.8mm_closed_R10_single_refY_005,${DXY_VIDEO_DIR}/GP_Ip_8.8mm_closed_R10_single_refY_005.mp4,559e88ed2f03fe1620bd59f6b75bf7a662a32bab72dc91b5ca4bdec997eae443,469,4.086258127038956,114.77493232662069,579,5,12,GP_Ip_8.8mm_closed_R10_single_refY_005-reacq05-12,${DXY_OUTPUT_ROOT}/frames/images/GP_Ip_8.8mm_closed_R10_single_refY_005-reacq05-12.jpg,True,
GP_Ip_8.8mm_closed_R10_single_refY,GP_Ip_8.8mm_closed_R10_single_refY_005,${DXY_VIDEO_DIR}/GP_Ip_8.8mm_closed_R10_single_refY_005.mp4,559e88ed2f03fe1620bd59f6b75bf7a662a32bab72dc91b5ca4bdec997eae443,471,4.103683534830167,114.77493232662069,579,5,13,GP_Ip_8.8mm_closed_R10_single_refY_005-reacq05-13,${DXY_OUTPUT_ROOT}/frames/images/GP_Ip_8.8mm_closed_R10_single_refY_005-reacq05-13.jpg,True,
GP_Ip_8.8mm_closed_R10_single_refY,GP_Ip_8.8mm_closed_R10_single_refY_005,${DXY_VIDEO_DIR}/GP_Ip_8.8mm_closed_R10_single_refY_005.mp4,559e88ed2f03fe1620bd59f6b75bf7a662a32bab72dc91b5ca4bdec997eae443,473,4.121108942621378,114.77493232662069,579,5,14,GP_Ip_8.8mm_closed_R10_single_refY_005-reacq05-14,${DXY_OUTPUT_ROOT}/frames/images/GP_Ip_8.8mm_closed_R10_single_refY_005-reacq05-14.jpg,True,
GP_Ip_8.8mm_closed_R10_single_refY,GP_Ip_8.8mm_closed_R10_single_refY_005,${DXY_VIDEO_DIR}/GP_Ip_8.8mm_closed_R10_single_refY_005.mp4,559e88ed2f03fe1620bd59f6b75bf7a662a32bab72dc91b5ca4bdec997eae443,475,4.138534350412589,114.77493232662069,579,5,15,GP_Ip_8.8mm_closed_R10_single_refY_005-reacq05-15,${DXY_OUTPUT_ROOT}/frames/images/GP_Ip_8.8mm_closed_R10_single_refY_005-reacq05-15.jpg,True,
GP_Ip_8.8mm_closed_R10_single_refY,GP_Ip_8.8mm_closed_R10_single_refY_005,${DXY_VIDEO_DIR}/GP_Ip_8.8mm_closed_R10_single_refY_005.mp4,559e88ed2f03fe1620bd59f6b75bf7a662a32bab72dc91b5ca4bdec997eae443,478,4.164672462099405,114.77493232662069,579,5,16,GP_Ip_8.8mm_closed_R10_single_refY_005-reacq05-16,${DXY_OUTPUT_ROOT}/frames/images/GP_Ip_8.8mm_closed_R10_single_refY_005-reacq05-16.jpg,True,
GP_Ip_8.8mm_closed_R10_single_refY,GP_Ip_8.8mm_closed_R10_single_refY_005,${DXY_VIDEO_DIR}/GP_Ip_8.8mm_closed_R10_single_refY_005.mp4,559e88ed2f03fe1620bd59f6b75bf7a662a32bab72dc91b5ca4bdec997eae443,480,4.182097869890616,114.77493232662069,579,5,17,GP_Ip_8.8mm_closed_R10_single_refY_005-reacq05-17,${DXY_OUTPUT_ROOT}/frames/images/GP_Ip_8.8mm_closed_R10_single_refY_005-reacq05-17.jpg,True,
GP_Ip_8.8mm_closed_R10_single_refY,GP_Ip_8.8mm_closed_R10_single_refY_005,${DXY_VIDEO_DIR}/GP_Ip_8.8mm_closed_R10_single_refY_005.mp4,559e88ed2f03fe1620bd59f6b75bf7a662a32bab72dc91b5ca4bdec997eae443,482,4.199523277681827,114.77493232662069,579,5,18,GP_Ip_8.8mm_closed_R10_single_refY_005-reacq05-18,${DXY_OUTPUT_ROOT}/frames/images/GP_Ip_8.8mm_closed_R10_single_refY_005-reacq05-18.jpg,True,
GP_Ip_8.8mm_closed_R10_single_refY,GP_Ip_8.8mm_closed_R10_single_refY_005,${DXY_VIDEO_DIR}/GP_Ip_8.8mm_closed_R10_single_refY_005.mp4,559e88ed2f03fe1620bd59f6b75bf7a662a32bab72dc91b5ca4bdec997eae443,484,4.216948685473038,114.77493232662069,579,5,19,GP_Ip_8.8mm_closed_R10_single_refY_005-reacq05-19,${DXY_OUTPUT_ROOT}/frames/images/GP_Ip_8.8mm_closed_R10_single_refY_005-reacq05-19.jpg,True,
GP_Ip_8.8mm_closed_R10_single_refY,GP_Ip_8.8mm_closed_R10_single_refY_005,${DXY_VIDEO_DIR}/GP_Ip_8.8mm_closed_R10_single_refY_005.mp4,559e88ed2f03fe1620bd59f6b75bf7a662a32bab72dc91b5ca4bdec997eae443,486,4.234374093264249,114.77493232662069,579,5,20,GP_Ip_8.8mm_closed_R10_single_refY_005-reacq05-20,${DXY_OUTPUT_ROOT}/frames/images/GP_Ip_8.8mm_closed_R10_single_refY_005-reacq05-20.jpg,True,
GP_Ip_8.8mm_closed_R10_single_refY,GP_Ip_8.8mm_closed_R10_single_refY_005,${DXY_VIDEO_DIR}/GP_Ip_8.8mm_closed_R10_single_refY_005.mp4,559e88ed2f03fe1620bd59f6b75bf7a662a32bab72dc91b5ca4bdec997eae443,488,4.2517995010554595,114.77493232662069,579,5,21,GP_Ip_8.8mm_closed_R10_single_refY_005-reacq05-21,${DXY_OUTPUT_ROOT}/frames/images/GP_Ip_8.8mm_closed_R10_single_refY_005-reacq05-21.jpg,True,
GP_Ip_8.8mm_closed_R10_single_refY,GP_Ip_8.8mm_closed_R10_single_refY_005,${DXY_VIDEO_DIR}/GP_Ip_8.8mm_closed_R10_single_refY_005.mp4,559e88ed2f03fe1620bd59f6b75bf7a662a32bab72dc91b5ca4bdec997eae443,490,4.269224908846671,114.77493232662069,579,5,22,GP_Ip_8.8mm_closed_R10_single_refY_005-reacq05-22,${DXY_OUTPUT_ROOT}/frames/images/GP_Ip_8.8mm_closed_R10_single_refY_005-reacq05-22.jpg,True,
GP_Ip_8.8mm_closed_R10_single_refY,GP_Ip_8.8mm_closed_R10_single_refY_005,${DXY_VIDEO_DIR}/GP_Ip_8.8mm_closed_R10_single_refY_005.mp4,559e88ed2f03fe1620bd59f6b75bf7a662a32bab72dc91b5ca4bdec997eae443,492,4.286650316637882,114.77493232662069,579,5,23,GP_Ip_8.8mm_closed_R10_single_refY_005-reacq05-23,${DXY_OUTPUT_ROOT}/frames/images/GP_Ip_8.8mm_closed_R10_single_refY_005-reacq05-23.jpg,True,
GP_Ip_8.8mm_closed_R10_single_refY,GP_Ip_8.8mm_closed_R10_single_refY_005,${DXY_VIDEO_DIR}/GP_Ip_8.8mm_closed_R10_single_refY_005.mp4,559e88ed2f03fe1620bd59f6b75bf7a662a32bab72dc91b5ca4bdec997eae443,494,4.304075724429093,114.77493232662069,579,5,24,GP_Ip_8.8mm_closed_R10_single_refY_005-reacq05-24,${DXY_OUTPUT_ROOT}/frames/images/GP_Ip_8.8mm_closed_R10_single_refY_005-reacq05-24.jpg,True,
GP_Ip_8.8mm_closed_R10_single_refY,GP_Ip_8.8mm_closed_R10_single_refY_005,${DXY_VIDEO_DIR}/GP_Ip_8.8mm_closed_R10_single_refY_005.mp4,559e88ed2f03fe1620bd59f6b75bf7a662a32bab72dc91b5ca4bdec997eae443,496,4.321501132220304,114.77493232662069,579,5,25,GP_Ip_8.8mm_closed_R10_single_refY_005-reacq05-25,${DXY_OUTPUT_ROOT}/frames/images/GP_Ip_8.8mm_closed_R10_single_refY_005-reacq05-25.jpg,True,
GP_Ip_8.8mm_closed_R10_single_refY,GP_Ip_8.8mm_closed_R10_single_refY_005,${DXY_VIDEO_DIR}/GP_Ip_8.8mm_closed_R10_single_refY_005.mp4,559e88ed2f03fe1620bd59f6b75bf7a662a32bab72dc91b5ca4bdec997eae443,499,4.347639243907119,114.77493232662069,579,5,26,GP_Ip_8.8mm_closed_R10_single_refY_005-reacq05-26,${DXY_OUTPUT_ROOT}/frames/images/GP_Ip_8.8mm_closed_R10_single_refY_005-reacq05-26.jpg,True,
GP_Ip_8.8mm_closed_R10_single_refY,GP_Ip_8.8mm_closed_R10_single_refY_005,${DXY_VIDEO_DIR}/GP_Ip_8.8mm_closed_R10_single_refY_005.mp4,559e88ed2f03fe1620bd59f6b75bf7a662a32bab72dc91b5ca4bdec997eae443,501,4.365064651698331,114.77493232662069,579,5,27,GP_Ip_8.8mm_closed_R10_single_refY_005-reacq05-27,${DXY_OUTPUT_ROOT}/frames/images/GP_Ip_8.8mm_closed_R10_single_refY_005-reacq05-27.jpg,True,
GP_Ip_8.8mm_closed_R10_single_refY,GP_Ip_8.8mm_closed_R10_single_refY_005,${DXY_VIDEO_DIR}/GP_Ip_8.8mm_closed_R10_single_refY_005.mp4,559e88ed2f03fe1620bd59f6b75bf7a662a32bab72dc91b5ca4bdec997eae443,503,4.382490059489542,114.77493232662069,579,5,28,GP_Ip_8.8mm_closed_R10_single_refY_005-reacq05-28,${DXY_OUTPUT_ROOT}/frames/images/GP_Ip_8.8mm_closed_R10_single_refY_005-reacq05-28.jpg,True,
GP_Ip_8.8mm_closed_R10_single_refY,GP_Ip_8.8mm_closed_R10_single_refY_005,${DXY_VIDEO_DIR}/GP_Ip_8.8mm_closed_R10_single_refY_005.mp4,559e88ed2f03fe1620bd59f6b75bf7a662a32bab72dc91b5ca4bdec997eae443,505,4.399915467280753,114.77493232662069,579,5,29,GP_Ip_8.8mm_closed_R10_single_refY_005-reacq05-29,${DXY_OUTPUT_ROOT}/frames/images/GP_Ip_8.8mm_closed_R10_single_refY_005-reacq05-29.jpg,True,
GP_Ip_8.8mm_closed_R10_single_refY,GP_Ip_8.8mm_closed_R10_single_refY_005,${DXY_VIDEO_DIR}/GP_Ip_8.8mm_closed_R10_single_refY_005.mp4,559e88ed2f03fe1620bd59f6b75bf7a662a32bab72dc91b5ca4bdec997eae443,507,4.417340875071964,114.77493232662069,579,5,30,GP_Ip_8.8mm_closed_R10_single_refY_005-reacq05-30,${DXY_OUTPUT_ROOT}/frames/images/GP_Ip_8.8mm_closed_R10_single_refY_005-reacq05-30.jpg,True,
GP_Ip_8.8mm_closed_R10_single_refY,GP_Ip_8.8mm_closed_R10_single_refY_005,${DXY_VIDEO_DIR}/GP_Ip_8.8mm_closed_R10_single_refY_005.mp4,559e88ed2f03fe1620bd59f6b75bf7a662a32bab72dc91b5ca4bdec997eae443,509,4.434766282863174,114.77493232662069,579,5,31,GP_Ip_8.8mm_closed_R10_single_refY_005-reacq05-31,${DXY_OUTPUT_ROOT}/frames/images/GP_Ip_8.8mm_closed_R10_single_refY_005-reacq05-31.jpg,True,
GP_Ip_8.8mm_closed_R10_single_refY,GP_Ip_8.8mm_closed_R10_single_refY_005,${DXY_VIDEO_DIR}/GP_Ip_8.8mm_closed_R10_single_refY_005.mp4,559e88ed2f03fe1620bd59f6b75bf7a662a32bab72dc91b5ca4bdec997eae443,511,4.452191690654385,114.77493232662069,579,5,32,GP_Ip_8.8mm_closed_R10_single_refY_005-reacq05-32,${DXY_OUTPUT_ROOT}/frames/images/GP_Ip_8.8mm_closed_R10_single_refY_005-reacq05-32.jpg,True,
GP_Ip_8.8mm_closed_R10_single_refY,GP_Ip_8.8mm_closed_R10_single_refY_005,${DXY_VIDEO_DIR}/GP_Ip_8.8mm_closed_R10_single_refY_005.mp4,559e88ed2f03fe1620bd59f6b75bf7a662a32bab72dc91b5ca4bdec997eae443,513,4.469617098445596,114.77493232662069,579,5,33,GP_Ip_8.8mm_closed_R10_single_refY_005-reacq05-33,${DXY_OUTPUT_ROOT}/frames/images/GP_Ip_8.8mm_closed_R10_single_refY_005-reacq05-33.jpg,True,
GP_Ip_8.8mm_closed_R10_single_refY,GP_Ip_8.8mm_closed_R10_single_refY_005,${DXY_VIDEO_DIR}/GP_Ip_8.8mm_closed_R10_single_refY_005.mp4,559e88ed2f03fe1620bd59f6b75bf7a662a32bab72dc91b5ca4bdec997eae443,515,4.487042506236807,114.77493232662069,579,5,34,GP_Ip_8.8mm_closed_R10_single_refY_005-reacq05-34,${DXY_OUTPUT_ROOT}/frames/images/GP_Ip_8.8mm_closed_R10_single_refY_005-reacq05-34.jpg,True,
GP_Ip_8.8mm_closed_R10_single_refY,GP_Ip_8.8mm_closed_R10_single_refY_005,${DXY_VIDEO_DIR}/GP_Ip_8.8mm_closed_R10_single_refY_005.mp4,559e88ed2f03fe1620bd59f6b75bf7a662a32bab72dc91b5ca4bdec997eae443,517,4.504467914028018,114.77493232662069,579,5,35,GP_Ip_8.8mm_closed_R10_single_refY_005-reacq05-35,${DXY_OUTPUT_ROOT}/frames/images/GP_Ip_8.8mm_closed_R10_single_refY_005-reacq05-35.jpg,True,
GP_Ip_8.8mm_closed_R10_single_refY,GP_Ip_8.8mm_closed_R10_single_refY_005,${DXY_VIDEO_DIR}/GP_Ip_8.8mm_closed_R10_single_refY_005.mp4,559e88ed2f03fe1620bd59f6b75bf7a662a32bab72dc91b5ca4bdec997eae443,520,4.530606025714834,114.77493232662069,579,5,36,GP_Ip_8.8mm_closed_R10_single_refY_005-reacq05-36,${DXY_OUTPUT_ROOT}/frames/images/GP_Ip_8.8mm_closed_R10_single_refY_005-reacq05-36.jpg,True,
GP_Ip_8.8mm_closed_R10_single_refY,GP_Ip_8.8mm_closed_R10_single_refY_005,${DXY_VIDEO_DIR}/GP_Ip_8.8mm_closed_R10_single_refY_005.mp4,559e88ed2f03fe1620bd59f6b75bf7a662a32bab72dc91b5ca4bdec997eae443,522,4.548031433506045,114.77493232662069,579,5,37,GP_Ip_8.8mm_closed_R10_single_refY_005-reacq05-37,${DXY_OUTPUT_ROOT}/frames/images/GP_Ip_8.8mm_closed_R10_single_refY_005-reacq05-37.jpg,True,
GP_Ip_8.8mm_closed_R10_single_refY,GP_Ip_8.8mm_closed_R10_single_refY_005,${DXY_VIDEO_DIR}/GP_Ip_8.8mm_closed_R10_single_refY_005.mp4,559e88ed2f03fe1620bd59f6b75bf7a662a32bab72dc91b5ca4bdec997eae443,524,4.565456841297256,114.77493232662069,579,5,38,GP_Ip_8.8mm_closed_R10_single_refY_005-reacq05-38,${DXY_OUTPUT_ROOT}/frames/images/GP_Ip_8.8mm_closed_R10_single_refY_005-reacq05-38.jpg,True,
GP_Ip_8.8mm_closed_R10_single_refY,GP_Ip_8.8mm_closed_R10_single_refY_005,${DXY_VIDEO_DIR}/GP_Ip_8.8mm_closed_R10_single_refY_005.mp4,559e88ed2f03fe1620bd59f6b75bf7a662a32bab72dc91b5ca4bdec997eae443,526,4.582882249088467,114.77493232662069,579,5,39,GP_Ip_8.8mm_closed_R10_single_refY_005-reacq05-39,${DXY_OUTPUT_ROOT}/frames/images/GP_Ip_8.8mm_closed_R10_single_refY_005-reacq05-39.jpg,True,
GP_Ip_8.8mm_closed_R10_single_refY,GP_Ip_8.8mm_closed_R10_single_refY_005,${DXY_VIDEO_DIR}/GP_Ip_8.8mm_closed_R10_single_refY_005.mp4,559e88ed2f03fe1620bd59f6b75bf7a662a32bab72dc91b5ca4bdec997eae443,528,4.600307656879678,114.77493232662069,579,5,40,GP_Ip_8.8mm_closed_R10_single_refY_005-reacq05-40,${DXY_OUTPUT_ROOT}/frames/images/GP_Ip_8.8mm_closed_R10_single_refY_005-reacq05-40.jpg,True,
GP_Ip_8.8mm_closed_R10_single_refY,GP_Ip_8.8mm_closed_R10_single_refY_005,${DXY_VIDEO_DIR}/GP_Ip_8.8mm_closed_R10_single_refY_005.mp4,559e88ed2f03fe1620bd59f6b75bf7a662a32bab72dc91b5ca4bdec997eae443,530,4.6177330646708885,114.77493232662069,579,5,41,GP_Ip_8.8mm_closed_R10_single_refY_005-reacq05-41,${DXY_OUTPUT_ROOT}/frames/images/GP_Ip_8.8mm_closed_R10_single_refY_005-reacq05-41.jpg,True,
GP_Ip_8.8mm_closed_R10_single_refY,GP_Ip_8.8mm_closed_R10_single_refY_005,${DXY_VIDEO_DIR}/GP_Ip_8.8mm_closed_R10_single_refY_005.mp4,559e88ed2f03fe1620bd59f6b75bf7a662a32bab72dc91b5ca4bdec997eae443,532,4.635158472462099,114.77493232662069,579,5,42,GP_Ip_8.8mm_closed_R10_single_refY_005-reacq05-42,${DXY_OUTPUT_ROOT}/frames/images/GP_Ip_8.8mm_closed_R10_single_refY_005-reacq05-42.jpg,True,
GP_Ip_8.8mm_closed_R10_single_refY,GP_Ip_8.8mm_closed_R10_single_refY_005,${DXY_VIDEO_DIR}/GP_Ip_8.8mm_closed_R10_single_refY_005.mp4,559e88ed2f03fe1620bd59f6b75bf7a662a32bab72dc91b5ca4bdec997eae443,534,4.65258388025331,114.77493232662069,579,5,43,GP_Ip_8.8mm_closed_R10_single_refY_005-reacq05-43,${DXY_OUTPUT_ROOT}/frames/images/GP_Ip_8.8mm_closed_R10_single_refY_005-reacq05-43.jpg,True,
GP_Ip_8.8mm_closed_R10_single_refY,GP_Ip_8.8mm_closed_R10_single_refY_005,${DXY_VIDEO_DIR}/GP_Ip_8.8mm_closed_R10_single_refY_005.mp4,559e88ed2f03fe1620bd59f6b75bf7a662a32bab72dc91b5ca4bdec997eae443,536,4.670009288044522,114.77493232662069,579,5,44,GP_Ip_8.8mm_closed_R10_single_refY_005-reacq05-44,${DXY_OUTPUT_ROOT}/frames/images/GP_Ip_8.8mm_closed_R10_single_refY_005-reacq05-44.jpg,True,
GP_Ip_8.8mm_closed_R10_single_refY,GP_Ip_8.8mm_closed_R10_single_refY_005,${DXY_VIDEO_DIR}/GP_Ip_8.8mm_closed_R10_single_refY_005.mp4,559e88ed2f03fe1620bd59f6b75bf7a662a32bab72dc91b5ca4bdec997eae443,538,4.687434695835733,114.77493232662069,579,5,45,GP_Ip_8.8mm_closed_R10_single_refY_005-reacq05-45,${DXY_OUTPUT_ROOT}/frames/images/GP_Ip_8.8mm_closed_R10_single_refY_005-reacq05-45.jpg,True,
GP_Ip_8.8mm_closed_R10_single_refY,GP_Ip_8.8mm_closed_R10_single_refY_005,${DXY_VIDEO_DIR}/GP_Ip_8.8mm_closed_R10_single_refY_005.mp4,559e88ed2f03fe1620bd59f6b75bf7a662a32bab72dc91b5ca4bdec997eae443,541,4.7135728075225485,114.77493232662069,579,5,46,GP_Ip_8.8mm_closed_R10_single_refY_005-reacq05-46,${DXY_OUTPUT_ROOT}/frames/images/GP_Ip_8.8mm_closed_R10_single_refY_005-reacq05-46.jpg,True,
GP_Ip_8.8mm_closed_R10_single_refY,GP_Ip_8.8mm_closed_R10_single_refY_005,${DXY_VIDEO_DIR}/GP_Ip_8.8mm_closed_R10_single_refY_005.mp4,559e88ed2f03fe1620bd59f6b75bf7a662a32bab72dc91b5ca4bdec997eae443,543,4.730998215313759,114.77493232662069,579,5,47,GP_Ip_8.8mm_closed_R10_single_refY_005-reacq05-47,${DXY_OUTPUT_ROOT}/frames/images/GP_Ip_8.8mm_closed_R10_single_refY_005-reacq05-47.jpg,True,
GP_Ip_8.8mm_closed_R10_single_refY,GP_Ip_8.8mm_closed_R10_single_refY_005,${DXY_VIDEO_DIR}/GP_Ip_8.8mm_closed_R10_single_refY_005.mp4,559e88ed2f03fe1620bd59f6b75bf7a662a32bab72dc91b5ca4bdec997eae443,545,4.74842362310497,114.77493232662069,579,5,48,GP_Ip_8.8mm_closed_R10_single_refY_005-reacq05-48,${DXY_OUTPUT_ROOT}/frames/images/GP_Ip_8.8mm_closed_R10_single_refY_005-reacq05-48.jpg,True,
GP_Ip_8.8mm_closed_R10_single_refY,GP_Ip_8.8mm_closed_R10_single_refY_005,${DXY_VIDEO_DIR}/GP_Ip_8.8mm_closed_R10_single_refY_005.mp4,559e88ed2f03fe1620bd59f6b75bf7a662a32bab72dc91b5ca4bdec997eae443,547,4.765849030896182,114.77493232662069,579,5,49,GP_Ip_8.8mm_closed_R10_single_refY_005-reacq05-49,${DXY_OUTPUT_ROOT}/frames/images/GP_Ip_8.8mm_closed_R10_single_refY_005-reacq05-49.jpg,True,
GP_Ip_8.8mm_closed_R10_single_refY,GP_Ip_8.8mm_closed_R10_single_refY_005,${DXY_VIDEO_DIR}/GP_Ip_8.8mm_closed_R10_single_refY_005.mp4,559e88ed2f03fe1620bd59f6b75bf7a662a32bab72dc91b5ca4bdec997eae443,549,4.783274438687393,114.77493232662069,579,5,50,GP_Ip_8.8mm_closed_R10_single_refY_005-reacq05-50,${DXY_OUTPUT_ROOT}/frames/images/GP_Ip_8.8mm_closed_R10_single_refY_005-reacq05-50.jpg,True,
